variant_A,variant_B,ces_A0,ces_B0,ces_A_on_B,ces_B_on_A,p_A_change,p_B_change,p_epistasis,expected_nAB_epistasis,expected_nAB_null,AB_epistatic_ratio,ces_A_null,ces_B_null,nA0,nB0,nAB,n00,n_total,ci_low_95_ces_A0,ci_high_95_ces_A0,ci_low_95_ces_B0,ci_high_95_ces_B0,ci_low_95_ces_A_on_B,ci_high_95_ces_A_on_B,ci_low_95_ces_B_on_A,ci_high_95_ces_B_on_A
pw.2698.tgs,pw.2310.tgs,7982.49417515009,1161.84487718539,6596.49850606337,0.001,0.929401013150326,0.609227176491105,0.0835804438860845,4.01399432323774,8.88962928012811,0.451536751055595,7941.43143791101,1054.10017481361,165,51,4,819,1039,6823.70968246647,9266.14896172326,881.055848241718,1496.85474639191,2029.73982643624,15600.4885344029,,1028.44305275526
pw.2698.tgs,pw.2753.tgs,7372.95692176528,1075.91090215494,21449.4870311796,0.001,0.221945170752458,0.384356914567601,0.167990988779015,18.8595899750854,14.3510170446157,1.31416400081283,7941.43143701624,983.203916344765,151,71,18,799,1039,6256.79039597997,8614.95048989735,867.356275721668,1315.53498037123,12780.7306507903,33774.590520137,,955.424424184845
pw.2698.tgs,pw.2227.tgs,6356.47609846081,771.280950161739,27447.5273933313,0.001,0.0189963288417529,0.208948447703297,0.000261925759959778,44.9478525135437,27.6577096896332,1.62514731038598,7941.43143872139,711.625808481682,126,128,43,742,1039,5308.5699469842,7534.73083949263,661.100547756402,893.105255762745,19730.316113002,37226.4508766669,,504.005681633419
pw.2698.tgs,pw.164.tgs,8081.99347484892,682.770250989563,5103.7296213118,0.001,0.561742377203792,0.444113083966073,0.00630383401288569,4.70725793220325,13.2091175363474,0.356364300586344,7941.43143774523,616.501813675063,164,76,5,794,1039,6904.90213204,9386.16200166332,544.521615301441,842.714373121613,1818.08638675913,11105.5561351003,,441.479858789764
pw.2698.tgs,pw.2499.tgs,7797.00522021854,649.101127077148,12377.5464180891,0.001,0.935474789545862,0.882032074221955,0.690583214539755,7.54299910559267,9.31567167615816,0.809710707698906,7941.43143859241,590.269408501306,161,50,8,820,1039,6651.93094865013,9067.04661428843,495.966673664427,830.943950354044,5574.79745747032,23611.0024207943,,751.369936148878
pw.2698.tgs,pw.3294.tgs,7832.79367067344,646.815004181773,10930.231197571,0.001,0.755270361728352,0.351630531111124,0.196271753936503,8.49990605252413,11.6981491972651,0.726602636809533,7941.43143787493,586.23571870608,161,64,8,806,1039,6682.42621269475,9108.76787766316,508.567685577502,808.170327549864,4935.83137273302,20751.1753717675,,497.173651979534
pw.2698.tgs,pw.1900.tgs,7707.7193447648,564.659174139397,13767.8037427996,0.001,0.651733853714758,0.530082941251453,0.480719226999044,11.0255428451603,12.3273441395249,0.894397261921918,7941.43143767179,513.049945412953,158,65,11,805,1039,6565.56738172285,8975.78863067897,446.933727759795,701.489247944146,7051.36321477303,24090.5784248466,,503.444133797165
pw.2698.tgs,pw.1779.tgs,7169.26299774157,539.431373801302,36582.459035038,0.001,0.0906050505272797,0.452324126627949,0.00215292542244539,20.3954145388047,10.1413984261093,2.01110474925196,7941.43143698853,492.810827814785,149,43,20,827,1039,6077.35975475627,8385.16037078145,416.874670970919,683.979917536646,22107.5955663412,57599.0781708517,,657.065595994321
pw.2698.tgs,pw.1364.tgs,7617.22925374263,483.115146979998,19564.0088436458,0.001,0.542611556895845,0.63816514996255,0.503429676605375,11.1589194592532,9.22644313312895,1.20944976284365,7941.43143550168,440.580405465599,158,46,11,824,1039,6488.68006866737,8870.10760309082,368.240412363446,619.746062968014,9952.27502716443,34618.8604512598,,597.995478055829
pw.2698.tgs,pw.2808.tgs,7750.77400668199,484.554596883803,12075.4202294951,0.001,0.741840052519011,0.527373709579844,0.35184954323351,10.7962721193599,13.5367344020774,0.79755366388093,7941.43143860724,439.047230849701,158,72,11,798,1039,6602.12354142636,9026.09788203307,387.542953849345,596.591094503966,6193.51595651579,21079.9554783416,,390.919876381023
pw.2698.tgs,pw.457.tgs,7786.10263490149,441.679500049528,14324.9042069633,0.001,0.592037450721388,0.442003306075894,0.429972511774352,7.50348458343765,8.10636980583607,0.925628211290783,7941.43143727168,400.052610185646,162,43,7,827,1039,6646.14972715408,9049.99445483186,330.234346781622,575.793935639938,6057.16682366369,28486.9267282655,,459.949849840467
pw.2698.tgs,pw.2179.tgs,7501.91946957832,457.092692823152,25121.3636319964,0.001,0.408073729468567,0.628117001902364,0.191819186958906,12.8607759607882,8.60726468322868,1.49417688825668,7941.43143776784,416.077225189459,156,40,13,830,1039,6383.89575454217,8744.13113025398,344.759208738465,591.559774101352,13480.2629611873,42991.2016808834,,616.572284747277
pw.2698.tgs,pw.1052.tgs,7468.95171303526,441.796163258524,17483.5279842137,0.001,0.327819965816019,0.366943434969464,0.32739602202982,16.9476469743452,15.2473936793921,1.1115110772834,7941.43143837881,401.010614242588,152,78,17,792,1039,6341.81379011585,8723.15033511561,358.70152428762,536.873683667098,10276.454661782,27761.8275358121,,346.06321326849
pw.2698.tgs,pw.11.tgs,7589.01020544048,435.678128927709,19318.9481857764,0.001,0.710094419382343,0.787077689151648,0.620180802231093,11.7804083423041,9.85051313763874,1.19591824077583,7941.43143626439,397.862592289839,157,49,12,821,1039,6461.22879651329,8841.45588159636,335.233636080583,554.457854385467,10146.6298988051,33393.9465186685,,563.886162078292
pw.2698.tgs,pw.2237.tgs,7878.72979310652,429.096521289099,9737.81362020919,0.001,0.872706425044502,0.314709350324227,0.123039290892709,7.45990737553401,11.3947203182529,0.654681042375753,7941.43143798582,387.925521542479,162,63,7,807,1039,6724.86468097894,9157.82343730242,336.176888213304,537.770370712924,4140.32568700047,19176.2708263015,,310.481965793952
pw.2698.tgs,pw.2146.tgs,7728.73655477678,411.551002207996,13794.9216495025,0.001,0.850549630586719,0.805242645311529,0.735626016081613,9.36190057280169,10.447375236655,0.896100729679464,7941.43143857623,373.218115523475,159,54,10,816,1039,6586.90438645939,8996.07316187535,318.712247969432,520.916021100515,6807.58734578387,24792.5468034781,,443.538769626207
pw.2698.tgs,pw.1438.tgs,7660.54948029712,363.694294601873,14903.5414132389,0.001,0.496405463549569,0.409011283648919,0.402601580883711,11.9214298157502,12.3545794220021,0.964940157697272,7941.43143642175,329.062811785052,157,64,12,806,1039,6522.04879187064,8925.17258729492,287.851939468286,451.848107491494,7863.60624214136,25562.428628463,,301.983266156421
pw.2698.tgs,pw.1750.tgs,7617.14199010055,374.343020621985,19604.9620630325,0.001,0.447394157700245,0.547295629461233,0.42787973689926,11.2409239751913,9.25420578091382,1.21468273359286,7941.43143844589,340.542752329187,158,46,11,824,1039,6488.56436514518,8869.9058927385,285.327517134728,480.210457562892,9982.02690268448,34647.0060985057,,433.104358223026
pw.2698.tgs,pw.1455.tgs,7828.86443862143,284.898154461258,11060.8780603768,0.001,0.766141944927932,0.422448589958007,0.243313224185778,8.10080373882146,11.0042169969826,0.73615448886938,7941.43143746032,257.613926580179,161,60,8,810,1039,6679.06772888624,9104.15256523879,222.384409937471,358.186608620313,4994.41142901136,21002.8512844357,,231.752955835276
pw.2698.tgs,pw.1320,8629.50258584525,1143.36659141575,15806.1017882091,0.001,0.578068529146859,0.395649825122485,0.38396012645808,6.57210517068954,7.14457623250938,0.919873335633963,8839.26456001639,1025.11435265017,111,35,6,513,665,7119.25789908974,10340.6480872561,827.922346587529,1530.44547365618,6168.95896638136,33113.935675673,,1183.00709683855
pw.2698.tgs,pw.167,8516.74427929333,1049.29867744016,21010.5043526431,0.001,0.551204186718782,0.613211698670727,0.550288635979467,7.65381448926696,6.59154419829212,1.1611565149256,8839.26456007659,950.071713531529,110,30,7,518,665,7020.00340929044,10213.3793661786,746.337536847496,1425.03300960374,8811.57663699227,42430.6859807013,,1509.88759610841
pw.2698.tgs,pw.3070,8625.38510325383,985.566459843979,15757.9405436558,0.001,0.709395967603423,0.597456860789322,0.580079326371058,5.75557097550483,6.23290763135931,0.923416696654883,8839.26455976294,878.780039459107,111,30,6,518,665,7115.65449147143,10335.4037688228,697.439000696361,1343.98180385643,6138.0392683607,33146.2550273572,,1221.9951407921
pw.2698.tgs,pw.1121,8514.52988580087,962.754301002578,21321.8411801242,0.001,0.455686457683943,0.515096474470851,0.455528162020518,7.4401743717933,6.27751933788822,1.18520931140551,8839.26456000703,866.505129188804,110,29,7,519,665,7018.18399025848,10210.8096198576,681.35968862565,1312.79620249039,8941.09723920247,43079.9208289354,,1264.37053916369
pw.2698.tgs,pw.1563,8931.12892482426,939.614113372256,6867.87910283898,0.001,0.869335111476244,0.543034132312398,0.054695873853919,3.85318350649235,8.93709062627176,0.431145175496532,8839.26456061094,838.722259311804,113,47,4,501,665,7380.68414864537,10686.497537763,704.502067527602,1222.19401386806,2110.84712065738,16265.923769495,,767.18087536612
pw.2698.tgs,pw.2642,8783.16081406356,935.433798583132,10817.8533086745,0.001,0.92717310189396,0.504149318266217,0.291693285346742,4.14389006374332,6.31579144552509,0.656115721914691,8839.26456048738,835.341691111636,113,32,4,516,665,7258.67395945503,10508.5221659513,661.994285429741,1275.61927296576,3308.2109010473,25920.7568052801,,992.069292901175
pw.2698.tgs,pw.1866,8700.88449913055,916.952437676392,13465.7739597391,0.001,0.772654086472851,0.513269687672556,0.429948569944712,5.12008410739647,6.40080445654097,0.799912595699478,8839.26456052749,820.115294491845,112,32,5,516,665,7184.68437341956,10418.3285865824,652.164547953889,1245.40926245682,4741.66065163752,29955.7971281625,,1037.67171420986
pw.2698.tgs,pw.735,8616.23564956737,915.018014564073,13394.0663027563,0.001,0.70184170043469,0.427036465863997,0.317717192773954,7.80186728720836,9.72345818138523,0.802375774304702,8839.26456004038,816.069090538253,109,48,8,500,665,7094.98877407237,10341.9596943004,695.501923829992,1176.66577915432,6025.53403762903,25600.1238104245,,784.062946290425
pw.2698.tgs,pw.686,8367.26792337255,929.360614512179,21363.1964087854,0.001,0.486568436261541,0.569650153284248,0.47334775742298,9.7056856346222,8.11461909261652,1.19607408848721,8839.26456019635,833.917088126081,107,36,10,512,665,6877.4697188611,10059.2272433628,685.742620468029,1224.999352571,10445.2100635426,39017.6774613928,,1105.77639353954
pw.2698.tgs,pw.1211,8618.85124202062,891.186684813797,13343.9061396034,0.001,0.671095994880437,0.361341906651337,0.266476608086911,8.02345783837304,10.0361948356104,0.799452179814631,8839.26455987592,795.58843140755,109,50,8,498,665,7097.37540109048,10345.3733840409,680.777288066946,1141.281209443,6006.1107664479,25474.834582235,,721.849658801622
pw.2698.tgs,pw.444,8824.94265380986,876.041165187827,9173.17321872845,0.001,0.997253576240924,0.750891669546693,0.272262562446366,3.83105880251422,6.82101764785342,0.561655019866407,8839.26456020114,785.018880602966,113,35,4,513,665,7293.04246415573,10558.6719246105,628.904696025526,1180.85995605065,2808.98443751131,21913.1685646362,,983.868909873714
pw.2698.tgs,pw.1622,8924.8323400872,864.404009391531,6533.64146250589,0.001,0.858956714108539,0.600891617938563,0.0873043758162976,2.96553730223489,7.27216570319207,0.407792867114288,8839.26456073982,775.994889445029,114,39,3,509,665,7381.96401608348,10670.2944671559,628.465936057437,1153.14269193057,1608.74279468407,17317.0732372208,,823.363030003637
pw.2698.tgs,pw.1114,8208.90984590181,858.222044880704,31307.3662364525,0.001,0.328578744801634,0.611182084055381,0.137798677881616,10.9018123795905,6.72472589876022,1.62115341855054,8839.26456039006,772.346404303708,106,27,11,521,665,6741.16888247259,9876.60379037271,613.289361361619,1161.17406978917,15687.2120641695,56890.9328907811,,1290.61130325729
pw.2698.tgs,pw.185,8619.61959803481,857.352581233749,16351.0443351324,0.001,0.714874189088742,0.63967251450976,0.630113153486123,5.86127938158038,6.17915970724008,0.948556059283069,8839.26456062859,767.246223318755,111,29,6,519,665,7111.0280506918,10328.8781821364,603.591114343367,1174.03164009258,6355.45212225202,34536.3229092503,,1125.71018565766
pw.2698.tgs,pw.2062,8992.44393291139,844.722119343059,4557.04753035094,0.001,0.574904791386839,0.333240371594659,0.0285626455794535,1.97326740600337,6.74764461240103,0.29243795714683,8839.26456023917,749.766282132791,115,36,2,512,665,7444.16449899117,10742.9944448988,603.600678242518,1143.00573058677,751.881479125878,14359.7978086387,,690.270875145628
pw.2698.tgs,pw.1716,8550.16340268859,834.131628513939,18225.2748625608,0.001,0.588125591463232,0.563725521648849,0.560255907790854,6.7588913934505,6.44884795099095,1.0480773379704,8839.26455995805,744.498289792197,110,30,7,518,665,7047.40385037928,10253.7244302671,593.194886956426,1133.04077476565,7657.97662807002,36682.4198746118,,1033.67442185349
pw.2698.tgs,pw.3365,8739.43511541888,822.669872480918,11101.2006558897,0.001,0.864167415854587,0.267917137152373,0.136637749888951,6.39759862399602,9.45247888629011,0.676817023445047,8839.26455994331,733.637752211099,111,49,6,499,665,7209.60071847313,10472.7399907762,623.691127999666,1060.2047541496,4355.40199076554,23024.4550862281,,612.838080457892
pw.2698.tgs,pw.195,8713.55230544893,811.547254413681,12759.7058219355,0.001,0.911337114762509,0.782541422998109,0.600603350782665,4.6037630087719,6.03051814557359,0.763410854198502,8839.26456045533,723.803655310981,112,29,5,519,665,7194.89716948178,10433.4994792797,568.230903237343,1116.20010650656,4489.129281049,28447.7834893209,,1071.24191699393
pw.2698.tgs,pw.3059,8699.30728023596,799.086531515182,12471.8540655892,0.001,0.78962898052926,0.478732459646006,0.324915486538996,5.78223863259014,7.68090929826744,0.752806524338782,8839.26456004615,710.188543113283,111,38,6,510,665,7176.54707916869,10424.7452330413,585.38501414599,1059.55438973854,4878.83519571012,26014.4626683674,,760.068158200884
pw.2698.tgs,pw.1551,8516.047613079,792.334284278715,15689.9101675305,0.001,0.676083801344912,0.566016190678547,0.541346094829726,8.51316914704338,9.23316357518731,0.922020830424926,8839.26455951704,708.277466433131,108,44,9,504,665,7006.03899208395,10229.8430254737,597.433014962854,1025.79786213829,7403.10786635332,29149.3872737576,,800.053264339729
pw.2310.tgs,pw.2753.tgs,942.834315209444,1010.54485989331,3355.6492785944,0.001,0.923316760531523,0.967850932694722,0.407392228418016,7.95385525819391,5.05322715255827,1.57401498449702,1054.10017479126,983.203916342612,47,81,8,903,1039,698.274312256124,1238.79702086034,814.77254529529,1235.4608284545,1519.09348750043,6343.85955413845,,2675.62767049141
pw.2310.tgs,pw.2227.tgs,853.169212080433,729.353506554931,3315.45516591436,0.001,0.485609215234453,0.770143813880973,0.139770076171622,14.8167640994842,9.38349448360037,1.57902411786777,1054.10017477174,711.625808489682,41,157,14,827,1039,617.880155838665,1141.79120890601,625.272180942268,844.432292435731,1855.19009042008,5420.86621968791,,1255.09015787375
pw.2310.tgs,pw.164.tgs,1027.47576255489,573.64828083511,1692.17874597231,2198.84470851258,1,1,0.0226783037298715,10.7560033776112,4.59053052946745,2.34308503310596,1054.10017478846,616.501813696382,44,70,11,914,1039,765.435392460377,1341.33762592589,450.291222875352,717.481313742215,,5423.30427527762,688.159100105677,4571.13525422764
pw.2310.tgs,pw.2499.tgs,924.585504229523,606.124652327424,5699.03964759637,0.001,0.628801289716219,0.914674361757645,0.0401832906474933,8.35349964702536,3.29433195586444,2.53571885254453,1054.10017478114,590.269408506129,47,50,8,934,1039,684.777143719553,1214.77945744392,463.186037598824,775.839913548931,2562.95370939397,10897.6409953907,,2403.46800421334
pw.2310.tgs,pw.3294.tgs,951.76638909873,602.788810435897,3921.12859167816,0.001,0.605394684419754,0.822452550803855,0.243822170716011,7.39827691914379,4.07932328575978,1.81360397323005,1054.10017479059,586.235718710807,48,65,7,919,1039,707.226523380162,1247.10400311223,474.008258578418,753.042486928753,1665.29131778617,7736.38466042567,,1685.08349688683
pw.2310.tgs,pw.1900.tgs,852.017880444146,525.433182715466,6606.04195365894,0.001,0.621325183109606,0.976028178159351,0.00209909083489814,12.4377632386342,4.29601145690135,2.895188563488,1054.10017478414,513.049945426329,43,64,12,920,1039,622.031401406268,1132.76231041116,415.945424075291,652.650053525874,3478.49670319807,11369.5066389653,,2102.30361990041
pw.2310.tgs,pw.1779.tgs,1008.26512999448,507.736551530222,2488.7178992572,0.001,0.782653245154013,0.823481101231933,0.774591447253922,4.2925847582652,3.6280890757558,1.18315307828294,1054.10017479248,492.810827815125,51,59,4,925,1039,756.161662302107,1310.90659762231,392.42681351865,643.725635399414,766.170982809583,5878.10660647128,,1286.29096301345
pw.2310.tgs,pw.1364.tgs,1010.73405997989,434.558028754365,2541.26817561888,657.607722465866,0.954322229115231,0.994311553664738,0.327623827089889,6.0349946720028,3.23824385958964,1.86366281653895,1054.10017478497,440.580405463222,49,51,6,933,1039,755.255523648769,1317.57741999095,327.916498770179,561.74953602461,140.523081128284,6781.39487642115,,2390.60466953353
pw.2310.tgs,pw.2808.tgs,1002.5972515957,439.167792806563,2236.07701241496,437.37992265338,0.945923108317571,0.999998328681418,0.529044317468572,7.13325960001786,4.71114124369286,1.51412560800797,1054.10017478051,439.047230850466,48,76,7,908,1039,746.413161403927,1311.01676710666,349.339515755721,543.005873905335,416.080799074665,5292.50181685128,,1699.48854609961
pw.2310.tgs,pw.457.tgs,980.817073513105,411.737603520813,4069.11195719941,0.001,0.666596067628987,0.860487822529419,0.339168734471034,5.38090772971944,2.88218467217817,1.86695452989585,1054.10017479819,400.052610181739,50,45,5,939,1039,733.417438432621,1278.45158873245,307.883459712653,536.692251814502,1440.70092912812,8960.56725594515,,1450.36322981331
pw.2310.tgs,pw.2179.tgs,1080.15887187575,422.951844254044,180.850170246181,193.002659878296,0.87509924940987,0.882653737937013,0.362673139636953,0.983082168104016,2.98911474728593,0.32888739684438,1054.10017478381,416.077225192874,54,52,1,932,1039,818.122606517348,1392.80648118771,318.201321488945,548.502182441528,,2465.39247749076,,1101.92690204793
pw.2310.tgs,pw.1052.tgs,899.169078877874,411.387695200435,4498.61570858919,0.001,0.416102391921967,0.829461287905477,0.0602280534939671,11.1338897276824,5.39802733663439,2.06258490988381,1054.10017477886,401.010614240346,45,85,10,899,1039,661.333496100744,1188.16453896937,334.069133230453,499.823116687647,2229.91052977245,8027.11102758755,,1086.602306351
pw.2310.tgs,pw.11.tgs,1001.61880439665,375.991460275632,2816.54285264297,1223.47487048546,0.976233554877988,0.96421800284044,0.0241709643454787,9.05551032685869,3.4603549462235,2.61693105695458,1054.10017480024,397.862592297329,46,52,9,932,1039,745.035931320668,1309.75588121421,284.224936093737,485.264672933022,,7604.16079579309,83.0494446427079,3069.79567345398
pw.2310.tgs,pw.2237.tgs,1037.34247474388,362.267996582213,1529.69812237117,1324.94469017701,0.996500637353349,0.909379616634499,0.0622448118792513,8.94767010157628,3.98742798694281,2.24397033147087,1054.10017478168,387.925521541929,46,61,9,923,1039,775.983340885994,1350.06981190731,279.215266389382,460.207256823562,,5482.61331427906,363.889595953017,2884.85258512123
pw.2310.tgs,pw.2146.tgs,969.45640464966,383.902099969418,3597.01389147302,0.001,0.806228948751555,0.915932853620045,0.414795575814987,6.12720106618446,3.66639409448042,1.67117906812273,1054.10017478221,373.218115518643,49,58,6,926,1039,722.678089436458,1266.92164228139,297.336695006827,485.847163696134,1413.78234684513,7435.36666350934,,1197.91351682165
pw.2310.tgs,pw.1438.tgs,914.460042559848,337.855362716288,4625.24299712934,0.001,0.734681610763263,0.952015716210361,0.0834217259477646,9.21036494061293,4.36672300353602,2.10921666731659,1054.10017477794,329.062811785446,46,67,9,917,1039,674.908592801454,1204.78389544691,267.451843702672,419.68265809526,2194.75840038443,8516.3288643128,,1104.80536570919
pw.2310.tgs,pw.1750.tgs,1057.68231255019,328.349833664205,932.01426640861,753.185481310385,1,1,0.653856389459725,4.88637216505452,3.23858447413412,1.50879873725108,1054.10017477866,340.542752326982,50,52,5,932,1039,796.55645972522,1369.64254184331,247.225022343996,425.444009667252,,4724.13275248388,85.9090160614076,1988.24186091388
pw.2310.tgs,pw.1455.tgs,990.303275635211,265.073068844061,2885.09785257475,0.001,0.804889402961688,0.891314745362792,0.689048400147827,5.27376042202974,3.87497985146199,1.36097750806111,1054.10017478423,257.613926581984,50,63,5,921,1039,740.564195535472,1290.94573408601,206.940767101719,333.209296372356,1024.4442979542,6312.78188360608,,724.770716797183
pw.2310.tgs,pw.1320,1067.17691815676,1056.56649533259,4240.9076996002,0.001,0.689468406826737,0.882734781938651,0.455262983426052,4.5124780344686,2.55259607559477,1.7677994875931,1159.81064801493,1025.11435265417,34,37,4,590,665,747.407760886983,1467.33256798248,765.20021439939,1413.95712266497,1297.90685515198,10141.6332581888,,4065.46171137374
pw.2310.tgs,pw.167,1096.72363017831,979.866926038986,3365.82295295754,0.001,0.852437549482453,0.935763156183566,0.757245819606344,3.13848213196011,2.19493601557309,1.42987408730484,1159.81064803415,950.071713538612,35,34,3,593,665,772.258242733786,1501.38271492917,697.031338982205,1330.53198472003,826.108499741024,8986.67057426661,,3895.88195300862
pw.2310.tgs,pw.3070,1065.38360665044,905.478832507026,4506.68050087344,0.001,0.84825712989754,0.968868188922672,0.447155918958952,4.29826407464707,2.30691754340606,1.86320663559604,1159.81064802158,878.780039449285,34,32,4,595,665,746.147747842808,1464.87702987732,640.916993215562,1234.47459090153,1374.35999611344,10861.0942194221,,4190.85204583849
pw.2310.tgs,pw.1121,1096.85834424732,894.641516842751,3395.31296563333,0.001,0.807052787486823,0.905793808323969,0.726725991553686,3.2553164550109,2.26098779011652,1.43977622048244,1159.81064801176,866.505129192167,35,33,3,594,665,772.374275295069,1501.6184935095,633.246443773984,1219.6990188694,833.582597323608,9061.71741908761,,3434.75334939996
pw.2310.tgs,pw.1563,1046.92382615347,865.109371253009,3900.27008195986,0.001,0.718941732876765,0.883749677633508,0.460670606733943,5.28554136406205,3.21512528715953,1.64396124318119,1159.81064801604,838.722259312464,33,46,5,581,665,729.053088870532,1446.06925127236,648.77410544081,1124.96972787759,1379.3978388559,8605.68029680241,,2813.45192023036
pw.2310.tgs,pw.2642,1032.30090867167,861.123602660461,5939.39651742742,0.001,0.594940244091204,0.90026722445275,0.15416038394725,5.5086275236435,2.31212594446042,2.38249457683805,1159.81064801081,835.341691116884,33,31,5,596,665,718.891759067553,1425.81833670475,609.520095944657,1174.00662335055,2085.68956047323,13292.9534926257,,3974.27939588325
pw.2310.tgs,pw.1866,1093.73391028038,846.69056383371,3837.91067964732,0.001,0.590750908740826,0.772826038334411,0.54197018351519,3.80614065926945,2.36251034121221,1.61105777734565,1159.81064803023,820.115294488069,35,34,3,593,665,770.181639466549,1497.34380877045,602.280869982756,1149.69285951847,941.843862942298,10254.7597651552,,2882.94179034296
pw.2310.tgs,pw.735,952.221758707741,839.312527957275,6063.21647284258,0.001,0.444759949931342,0.853418223767177,0.0385669202358536,8.76565865148579,3.58942474803688,2.44207895883035,1159.81064802028,816.069090541471,30,48,8,579,665,650.777927465675,1334.95689554152,638.129408225222,1078.96674130599,2721.27541333946,11636.0474590883,,3022.76815659383
pw.2310.tgs,pw.686,1049.63335862998,857.560588118295,3943.01523505443,80.6932933899538,0.882113388125225,0.982331834194697,0.471268877397141,4.98506307490264,2.93460275704256,1.69871818696392,1159.81064802207,833.917088122412,33,41,5,586,665,730.95187747557,1449.79926811299,632.257113528918,1130.84856715861,1328.82778827774,8847.53895883083,,3333.08066989753
pw.2310.tgs,pw.1211,954.928615988872,818.691895119766,5668.252600904,0.001,0.501949342655454,0.853654222949098,0.0549586624371946,8.45727198057706,3.66523476891556,2.30742981385591,1159.81064800969,795.588431400463,30,50,8,577,665,652.623239196989,1338.76344817668,625.544561607561,1048.08584731557,2544.40002931586,10874.7445727861,,2813.65987638272
pw.2310.tgs,pw.444,1010.76268695832,799.74823966478,6681.37889086439,253.393422965449,0.644536584671053,0.991009102882095,0.0585713360170283,6.78610072344869,2.45896983141398,2.75973321703849,1159.81064801267,785.018880601401,32,33,6,594,665,699.777042106406,1402.52682706968,572.39089346591,1080.09889141723,2403.8676060992,14459.6537278502,,4667.78584545406
pw.2310.tgs,pw.1622,1098.55015130086,799.776233019745,3234.78361041129,0.001,0.741926152650156,0.838992079463347,0.707584221063729,3.53485199922223,2.56638526485208,1.37736607501367,1159.81064802062,775.994889439722,35,39,3,588,665,773.56130914448,1503.93052384588,581.586551607894,1066.74254046335,795.689976053941,8594.41024813717,,2702.96562485123
pw.2310.tgs,pw.1114,1172.43313064276,775.284246234052,799.580891049799,688.121071385157,0.998341577002886,0.999929367253324,0.940418487096587,1.9316100854856,2.41429639991578,0.800071642219647,1159.81064802885,772.346404302436,36,36,2,591,665,832.224416248294,1594.02954561399,549.662455811058,1055.20520507108,,4663.26372148763,,3268.70704091795
pw.2310.tgs,pw.185,1119.4292744172,754.407014590217,2515.7225938451,1162.19217041266,0.981125219798841,0.996235736988789,0.533507277794836,3.9554485697726,2.24949359960399,1.75837289355655,1159.81064802833,767.246223320047,34,31,4,596,665,786.52390676731,1534.12524824886,522.999803267974,1044.44911342365,,8305.39759395727,,4876.25564098637
pw.2310.tgs,pw.2062,1067.17290335237,773.64116627304,4190.67424858067,0.001,0.799999955147782,0.963024200326059,0.501779863516872,4.37092615598016,2.50538762446299,1.74461073939288,1159.81064801444,749.76628212542,34,34,4,593,665,747.404562058077,1467.32802106346,552.940775871815,1046.5176228937,1280.74625774082,10050.9369162187,,3265.43193125902
pw.2310.tgs,pw.1716,1158.46773023852,732.911414249996,1201.54467946653,1083.95679911641,0.999968494890421,0.994899793616685,0.93244404932931,2.96641710739446,2.41622567557542,1.22770697182002,1159.81064801792,744.498289787591,35,34,3,593,665,819.631347671794,1578.75161973835,514.545388877888,1005.2269570339,,5792.23192062276,,4077.24161932351
pw.2310.tgs,pw.3365,984.354613761561,754.880254085239,5243.03894996853,0.001,0.619940268055013,0.906745488377621,0.118279611768681,7.54244259809052,3.50804394102844,2.1500422243512,1159.81064802569,733.637752218939,31,48,7,579,665,677.170133698846,1372.86625367037,572.442708768531,972.548871444902,2213.98904497015,10452.0240382169,,2753.04519824128
pw.2310.tgs,pw.195,967.799519819209,744.023949001029,8827.00596085663,0.001,0.60679507247289,0.983850038573639,0.0113297649278219,7.4657698061254,2.24680245475417,3.32284210849424,1159.81064804155,723.803655310342,31,27,7,600,665,665.804227032426,1349.72943751588,521.065713358043,1023.05312025774,3687.62924926353,17961.4329472104,,4649.47384145339
pw.2310.tgs,pw.3059,1017.1870575482,708.091861716878,5397.39713118008,791.476851884909,0.747444483594274,0.999701257151335,0.0493457895572823,7.49589851254311,2.86984474636443,2.61195262288632,1159.81064802003,710.188543124913,31,37,7,590,665,700.661844527146,1416.59211370246,513.735050231813,945.209493834541,1655.77896120587,11908.1907298664,,4439.33157265468
pw.2310.tgs,pw.1551,1018.78542565756,730.803573344691,4262.36689688264,0.001,0.743127348925833,0.911674181258438,0.320170152760709,6.130091534071,3.43284658417484,1.78571671752832,1159.81064801552,708.277466431539,32,47,6,580,665,705.24692096739,1413.89032897092,551.166958909436,945.873982241653,1668.95691570644,8873.33681189097,,2437.82875272294
pw.2753.tgs,pw.2227.tgs,790.979986574967,740.153916144987,3125.39554005149,0.001,0.620582235003111,0.844762995955501,0.0496964488941889,23.6528935311066,15.0921174362537,1.56723492452348,983.203916359945,711.625808492643,66,148,23,802,1039,615.063409648958,997.673602065192,634.507984432942,856.971684672933,1996.49901252539,4642.64334352042,,1010.57775922927
pw.2753.tgs,pw.164.tgs,1027.83771601382,590.497902794134,0.001,1140.7313860203,0.870239785415802,0.890095430765731,0.857998094567033,6.97542764201245,7.4006192328307,0.942546484633068,983.203916335275,616.50181369013,82,74,7,876,1039,828.6875726135,1256.65037664563,465.905750796897,735.573004132727,,1581.1127627072,486.054762805752,2237.71901926617
pw.2753.tgs,pw.2499.tgs,954.592042012142,618.955395811839,1946.75115378634,0.001,0.857086436792319,0.846623971916065,0.846574017961127,5.27974642400476,5.29552110976243,0.997021126829503,983.203916321681,590.269408512661,84,53,5,897,1039,764.643140174123,1173.70235668957,472.977158023419,792.290908285006,690.721013468292,4268.26211247172,,1191.06681262237
pw.2753.tgs,pw.3294.tgs,869.345473788569,572.865299715803,4456.8252143246,909.491484320807,0.733151427101038,0.992009150732604,0.000427283782298834,17.4074432525822,6.56844169497638,2.6501633204563,983.203916332115,586.235718704504,72,55,17,895,1039,684.798202781129,1084.08759766678,443.645065969394,724.101218661634,2076.27591940931,7925.03086500996,,2744.05308837239
pw.2753.tgs,pw.1900.tgs,860.276499466611,533.496897024229,4230.7717429884,36.7371464323716,0.943480260646082,0.994496329911614,0.0267714997606383,14.0821944557638,6.91996457505119,2.03500961645597,983.203916369571,513.049945411923,75,62,14,888,1039,679.916599292739,1070.11362921554,422.002632059394,663.079672807362,2313.65318364752,7080.17873341226,,1377.83649601367
pw.2753.tgs,pw.1779.tgs,934.756289045825,516.784683487849,2450.16435294352,0.001,0.814493645600538,0.86979902204136,0.728021186490968,7.21388149638405,5.84293288295895,1.23463364048276,983.203916338002,492.810827820048,82,56,7,894,1039,746.657985636028,1152.09464310873,399.404554582812,655.207496252629,1039.4256898145,4843.89206379854,,1029.34769360714
pw.2753.tgs,pw.1364.tgs,987.298342211583,405.089434715779,843.037740576652,1183.09104349566,0.999588925608136,0.938760329430654,0.266178061466969,8.90211881151125,5.22221820991711,1.70466235872831,983.203916333192,440.580405473485,80,48,9,902,1039,792.043809668465,1211.88411056484,301.411005047128,530.015251311714,,3638.14775138836,390.518603706286,2439.33151657015
pw.2753.tgs,pw.2808.tgs,988.23720402046,427.687321931801,869.696266460973,676.684205365674,0.99954260134115,0.990736361914787,0.845872002337271,9.02199893034096,7.55403338242121,1.19432870806949,983.203916334364,439.04723085669,80,74,9,876,1039,790.984324186591,1215.34192524671,338.037405974274,531.794152772493,,2765.423987641,136.301551252919,1534.29844664219
pw.2753.tgs,pw.457.tgs,903.94274086154,418.371270201533,4221.71214582902,0.001,0.819276750448857,0.949862126583688,0.111446590400984,9.22083520239406,4.62335213135977,1.99440469607538,983.203916371999,400.05261019231,80,41,9,909,1039,719.977081887747,1116.89374486828,312.837169804877,545.350637092751,1987.10496393769,7876.34974461581,,1247.9421261744
pw.2753.tgs,pw.2179.tgs,1010.63338122742,377.801785028212,0.001,1216.72696574695,0.885929349824536,0.767852373259473,0.519128441465779,7.0158821017653,4.81386046284181,1.45743362441037,983.20391633405,416.077225192218,82,46,7,904,1039,814.846945881046,1235.57675678258,278.858985306669,497.803733227412,,2463.38278899033,518.443005621312,2386.76136530169
pw.2753.tgs,pw.1052.tgs,888.911020633233,419.255285586137,2967.43437209655,0.001,0.560074819461357,0.777022764292167,0.274339515918814,12.8044143487708,8.67300561336352,1.47635259558019,983.203916336686,401.010614243141,77,83,12,867,1039,704.763005571715,1102.6874963951,340.44262343192,509.402306256741,1569.61852161485,5070.55411088516,,700.466474226826
pw.2753.tgs,pw.11.tgs,1013.83232970911,361.862171812585,0.001,1142.64799995524,0.97322756232255,0.944270448045188,0.562189342005472,7.9663062880373,5.57993287732705,1.42767063030575,983.203916372985,397.86259229302,81,53,8,897,1039,817.416616295956,1239.48004409734,272.95153855182,468.268867723181,,2413.17695274999,517.445371561011,2159.11952222377
pw.2753.tgs,pw.2237.tgs,1016.80134037555,317.586749850901,0.001,1955.42849436394,0.818739258689048,0.416124976988206,0.00362051350751608,15.0213864130947,6.38263169607183,2.35347849106498,983.203916366697,387.925521542044,74,55,15,895,1039,819.805174726683,1243.1295879899,240.851995106918,409.126190714084,,2496.93398434572,1107.77764954262,3191.29402589935
pw.2753.tgs,pw.2146.tgs,981.421910443734,340.24078925936,1043.36546724533,1079.80796610467,1,0.940811376118925,0.111667247173591,10.9673407794174,5.87610619941899,1.86642998053742,983.203916369803,373.218115522863,78,53,11,897,1039,785.916809031765,1206.31268361083,257.090813806094,439.464443076218,,3804.74649241447,388.708979003955,2137.83957332271
pw.2753.tgs,pw.1438.tgs,984.865900899616,308.727829221463,941.626361510758,756.715119355511,0.999788556252565,0.963268608084308,0.306010084733298,10.9529927713197,7.02276714327055,1.55964060147077,983.203916334695,329.062811783143,78,65,11,885,1039,788.115565313693,1211.30708569543,239.985541348606,389.370042505422,,3197.82154011612,253.17652975208,1527.26004119911
pw.2753.tgs,pw.1750.tgs,1010.48348594876,286.967076915352,0.001,1490.23373347972,0.932094245396043,0.670203488877085,0.0448609452612563,11.0088814337461,5.21786039644826,2.10984591332489,983.20391633841,340.542752334615,78,46,11,904,1039,814.725118543494,1235.38234636008,211.808674197442,378.107913207926,,2915.53186796838,764.819830312426,2598.76072088807
pw.2753.tgs,pw.1455.tgs,938.431363911717,256.076496487613,2308.70928046202,292.356186541294,0.938532371199083,0.999313493430015,0.264503288781879,10.2939802507657,6.22384559970028,1.65395816555305,983.203916374291,257.613926581712,79,58,10,892,1039,747.392382263219,1159.26138676534,197.588042802396,324.811712699239,634.955596525045,4944.86581663731,,943.957615197235
pw.2753.tgs,pw.1320,830.350877556595,1067.97209134423,8235.12574431191,0.001,0.386943929739157,0.909283284325271,0.000296529463135421,12.7043283560634,3.86852138453897,3.28402691706392,1023.05338316018,1025.11435265506,46,29,12,578,665,612.848367129767,1094.13537541727,773.449789548777,1429.24694265296,4249.95842923682,14665.8720450549,,4366.17593535217
pw.2753.tgs,pw.167,1038.53813028104,848.735836634605,456.739616037184,3172.26836736537,0.994550709118124,0.900931875558012,0.325873468587384,6.12783920665122,3.34470782928356,1.83209999779377,1023.05338317818,950.071713540391,52,31,6,576,665,790.890960247178,1332.72212125169,584.101421980064,1183.15605634811,,4433.96125233174,1025.89009170898,6950.2230300663
pw.2753.tgs,pw.3070,1052.18264901588,767.166622393763,0.001,3145.4812090297,0.946419817704728,0.889492342517226,0.360319993104198,6.08111128968895,3.49831462879369,1.73829741888764,1023.05338316465,878.780039457051,52,30,6,577,665,803.95896702543,1346.98104097382,524.29637173436,1075.54462807827,,3676.21104182164,1233.48840384145,6529.82633027941
pw.2753.tgs,pw.1121,941.361548011842,908.799114779097,3914.51254807202,0.001,0.747945000585765,0.93093139351684,0.311180656762823,6.18962770726668,3.44270522473316,1.79789650963986,1023.0533831568,866.505129193152,52,30,6,577,665,708.025101175997,1221.14172209155,643.251570558515,1239.038681994,1521.89566841411,8262.8684610099,,2980.31764295284
pw.2753.tgs,pw.1563,1016.60602951624,880.895506690018,1161.63262395077,38.2802732656429,0.99955352054159,0.979306183812561,0.601914785406497,2.9928976857224,4.87167356003145,0.614346927979115,1023.05338317011,838.722259318044,55,48,3,559,665,770.902090674518,1309.79021885938,660.100981062145,1146.14861750302,253.149129249174,3144.41865705582,,1610.31061506056
pw.2753.tgs,pw.2642,903.860693843949,873.44016882363,5429.29628911643,0.001,0.81669126269987,0.947416972524629,0.0518871500888154,8.23232144372531,3.49418869009518,2.35600368894247,1023.05338315865,835.341691109486,50,28,8,579,665,675.852192911712,1178.34745342075,618.205813872172,1190.80429412226,2405.60502915389,10671.7570921848,,3367.80265387202
pw.2753.tgs,pw.1866,939.741251915916,860.238360492169,4257.67183553176,0.001,0.44648526828102,0.741984879238581,0.198074770378228,6.92306920048124,3.59077672971807,1.92801438841473,1023.05338315279,820.115294481992,52,31,6,576,665,706.805688579303,1219.03851685792,611.908355542665,1168.15722101317,1652.30699711453,9020.39160354441,,2393.48459511239
pw.2753.tgs,pw.735,923.421972285151,802.13266789309,3284.54629158419,1122.40591307894,0.925311126790742,0.9977425721956,0.0473946755109504,11.217524453595,5.4147572196653,2.07165787837269,1023.05338316933,816.069090550296,47,45,11,562,665,685.722714259722,1209.83420603261,599.923756078424,1043.87986669831,1089.71221512045,6743.39735669688,,3720.3087452016
pw.2753.tgs,pw.686,1062.50121679258,721.539716063547,0.001,3066.65774066125,0.932851605501149,0.773806292224442,0.227389553085407,7.87183056784225,4.45276122365332,1.76785373669413,1023.05338316525,833.917088128846,50,38,8,569,665,811.823076356194,1360.23067860495,515.665304043086,976.127362675196,,3050.99003102076,1379.23090709129,5863.13457589725
pw.2753.tgs,pw.1211,921.882624824543,833.665763960919,3121.78288330186,0.001,0.785994747764319,0.923894071267551,0.44765284233932,8.34200108642096,5.62891557283822,1.48199079884489,1023.05338317021,795.588431402966,50,50,8,557,665,689.254801084447,1201.83707074213,636.959818303305,1067.30763333956,1402.010511733,5984.50309167879,,1935.82332516482
pw.2753.tgs,pw.444,923.44218465409,820.789623099182,4503.94010361756,0.001,0.723425768359282,0.910558255852606,0.154802062454589,7.44703088426942,3.67890453474436,2.0242522778012,1023.05338317508,785.018880597665,51,32,7,575,665,692.527843758914,1200.80944424713,589.32842681327,1106.18735240796,1885.93702424674,9122.45874407912,,2766.86694099877
pw.2753.tgs,pw.1622,962.172765460043,812.77223634663,3018.61942268604,0.001,0.679003857003584,0.809817325442785,0.564623608079717,5.58678553198251,3.90106803328986,1.43211691883032,1023.05338316031,775.994889431252,53,37,5,570,665,725.72054987251,1245.20644412881,591.019762781372,1084.11507049205,1064.90624094779,6694.53827594687,,2099.30085619549
pw.2753.tgs,pw.1114,1056.42203622221,681.386195177777,0.001,2581.59251520349,0.906468142046081,0.728737391552596,0.406848690633318,5.97692885955369,3.64084510249187,1.64163228352202,1023.05338316136,772.346404306069,52,32,6,575,665,807.190691254699,1352.42363935969,471.67586356716,945.65875609937,,3201.52886707028,1013.29460024184,5349.65641278225
pw.2753.tgs,pw.185,1035.36706659524,735.018030801376,613.461982298524,1404.49611817014,0.991778761525546,0.964243113836182,0.908597701160494,4.11279090251502,3.41520971166282,1.20425720519299,1023.05338316329,767.246223313277,54,31,4,576,665,787.547839938714,1329.9257234023,506.266916669125,1023.7299874997,,3851.22610840676,145.790956641813,3888.79598146658
pw.2753.tgs,pw.2062,924.706342732712,784.965333858973,4306.30460993674,0.001,0.875188087809184,0.962549536668226,0.192996998511205,7.28526732921511,3.75248626978103,1.94145076236088,1023.05338316683,749.766282127339,51,31,7,576,665,693.472069954821,1202.46061418723,561.014320827572,1061.88315774067,1804.83060818937,8708.1042698404,,2718.98336879769
pw.2753.tgs,pw.1716,1058.047455218,675.8621745642,0.001,2080.17192568241,0.822478030928139,0.706342783913549,0.607326128846517,5.06180936013528,3.6532750267197,1.38555387237854,1023.05338314826,744.498289799019,53,32,5,575,665,808.426719075461,1354.52004390646,467.833580613109,938.03791113092,,2763.372655196,737.248490021983,4570.58603061425
pw.2753.tgs,pw.3365,963.487366507987,718.451598892766,2394.03496659749,1065.46321817182,0.921976973238754,0.99067533889088,0.210405357313604,9.46567812488507,5.36412557070772,1.76462649878575,1023.0533831694,733.637752211755,49,46,9,561,665,720.716446102007,1254.58386844357,535.775759518683,937.464548604688,457.576238886789,5549.7634981064,,3231.7441376391
pw.2753.tgs,pw.195,1047.05652182162,533.127885937032,0.001,4843.52293666154,0.906217506978687,0.597338265613611,0.00278722387996193,10.092750804142,3.35948482121649,3.00425551572736,1023.05338316459,723.803655314564,48,24,10,583,665,800.057463122566,1340.38873400883,347.232057383699,775.904235503646,,4778.52110905691,2373.06863863951,8809.74105553908
pw.2753.tgs,pw.3059,977.338264971511,662.183166553005,2402.76074906656,1758.72378313783,0.937150172965452,0.920226662145122,0.0649308513576137,9.3765274973816,4.31083546619216,2.17510679099615,1023.05338316889,710.188543124425,49,35,9,572,665,733.415723113958,1268.88508717193,470.579325590293,898.283083000495,,6416.26447505582,111.692603381669,4429.78473515722
pw.2753.tgs,pw.1551,1017.73486942792,622.278480244894,1149.10027257054,2516.38636146286,0.999637083410571,0.855100508667851,0.0392415807277382,11.0500646744302,5.25301486707495,2.10356622892698,1023.05338316401,708.27746643633,47,42,11,565,665,767.948407846834,1315.22457017994,453.370031967682,828.279569986358,,4466.06386409249,960.913640013283,4955.02402085815
pw.2227.tgs,pw.164.tgs,744.511884294852,581.89785833629,0.001,986.583087336555,0.433023795246284,0.636167091836959,0.337213805284905,11.5126722916865,13.7927698965516,0.834688926012236,711.625808479585,616.501813687639,160,70,11,798,1039,638.224525887266,862.045617297905,455.914997203306,729.239652047956,,617.179158439256,509.377439538558,1704.33361101552
pw.2227.tgs,pw.2499.tgs,730.569435104977,497.933923238157,0.001,1617.84600016065,0.833606136041253,0.696171181507934,0.364707195613786,13.6442806749022,9.84282391259383,1.38621606929739,711.625808460999,590.269408492187,158,45,13,823,1039,626.310951234521,845.845405428347,366.212466252917,658.023072197165,,1191.94443129205,884.26784905427,2688.76975196604
pw.2227.tgs,pw.3294.tgs,651.50553711627,637.262688624469,2542.63703710534,0.001,0.544459959894191,0.758271700464146,0.0507156648655374,19.9516177998684,12.2391600979351,1.63014599369727,711.625808462238,586.235718717317,152,53,19,815,1039,553.209669574888,760.847989773528,501.072224970051,796.192542313372,1525.99344327056,4003.94131806386,,876.232837700775
pw.2227.tgs,pw.1900.tgs,737.396005411942,433.550835613233,0.001,1391.50358356736,0.685234318616741,0.560152055669334,0.259330946738725,17.5797363729335,12.8794409305303,1.36494561120749,711.625808471112,513.049945421108,154,59,17,809,1039,632.153336095177,853.790757304529,332.053784231462,553.875629307138,,927.970139897745,823.707556644723,2184.31733344134
pw.2227.tgs,pw.1779.tgs,731.085388963458,391.597735603356,0.001,1603.94045617296,0.885902853497249,0.848523558521664,0.0907869503579028,17.4507971496388,10.7860117716055,1.6179100782718,711.625808474664,492.810827809178,154,46,17,822,1039,626.750283857695,846.447275642367,289.01563329406,516.014504154641,,1274.83364366932,949.291090654185,2521.12095478468
pw.2227.tgs,pw.1364.tgs,728.809061998517,335.693777466941,0.001,1616.73790873166,0.826479447317175,0.559882208871291,0.0266757194836454,17.5895628986085,9.65442041053471,1.82191805936016,711.625808484408,440.58040546282,154,40,17,828,1039,624.804640852156,843.803027821458,242.089483310173,450.807437948592,,1388.77807015805,957.447452455301,2538.98606039714
pw.2227.tgs,pw.2808.tgs,738.919071257326,355.450506606215,0.001,1387.55447925383,0.662775631088862,0.357480765119652,0.0527116799447791,22.1386180915327,14.1746305786926,1.56184797682217,711.625808459203,439.047230849729,150,62,21,806,1039,633.446522251333,855.532358410841,274.10983067934,451.511362595948,,947.267691941111,867.102525440537,2093.53572450291
pw.2227.tgs,pw.457.tgs,724.661133294101,268.573913172298,0.001,1929.39896450536,0.800085974025044,0.457211064995945,0.000502418824541743,20.1636135578791,8.60398418200086,2.34352052855472,711.625808470091,400.052610196952,152,31,19,837,1039,621.258368470198,838.985892501657,184.764311759915,374.570047445614,,1722.345521382,1176.18675104203,2968.12926076888
pw.2227.tgs,pw.2179.tgs,728.814352198095,324.239351263187,0.001,1444.85902882654,0.642640431284231,0.351850108743643,0.0507005852941,15.6759211866137,9.02643131820311,1.73666874914352,711.625808472337,416.077225187709,156,38,15,830,1039,624.806290517129,843.813495384361,231.743419705265,438.600258740054,,1205.54228377465,825.599811657905,2327.77059128986
pw.2227.tgs,pw.1052.tgs,698.118325378968,349.282144308209,1041.70476138196,1009.8186059845,1,1,0.0031308559967979,29.0844540859739,16.1292572592817,1.80321099840088,711.625808471216,401.010614240977,143,67,28,801,1039,593.649382197606,813.877983202531,273.608610324243,437.348174363985,140.672435593206,2253.11611635299,519.597533256134,1655.1391893079
pw.2227.tgs,pw.11.tgs,732.791763171417,333.722166633388,0.001,1101.91640797207,0.649190004029058,0.46667117923819,0.255657863094568,14.4707183791922,10.3237465223295,1.40169252973164,711.625808480134,397.862592291426,157,47,14,821,1039,628.205099840117,848.427063854316,247.144522170965,438.503395062559,,1019.72524921239,616.629318372889,1801.37169131095
pw.2227.tgs,pw.2237.tgs,734.203745506708,300.145251462835,0.001,1391.60329554434,0.614730989626499,0.232909009451767,0.0144822912879049,21.1132941928942,11.9580857082603,1.76560820084352,711.625808485225,387.925521547927,151,50,20,818,1039,629.417006653209,850.067665340696,224.417914822723,391.270922815677,,1051.26253735821,859.585584214454,2119.84300157587
pw.2227.tgs,pw.2146.tgs,730.453476057193,271.803985913007,0.001,1525.62937506728,0.753147050826942,0.383862967096202,0.00273430234179861,21.9050082715605,10.9965824434061,1.99198327155683,711.625808489451,373.218115523907,150,43,21,825,1039,626.211092424964,845.712132040717,198.419753525228,361.394067142841,,1306.58527013475,953.581780345183,2304.02338628366
pw.2227.tgs,pw.1438.tgs,732.497329851253,219.705478686086,0.001,1617.1357689803,0.681102223859719,0.189550068335985,7.17902962164529e-06,30.1538404430945,13.0588792764137,2.30906801455442,711.625808450174,329.062811785609,142,47,29,821,1039,627.960640002299,848.083852187134,162.703933228676,288.697729777882,,1245.98256577528,1083.79893883781,2318.01755295023
pw.2227.tgs,pw.1750.tgs,729.950374375058,279.083673776053,0.001,1027.36437052296,0.825318972760822,0.59938492086324,0.196274221730989,14.7166284390317,9.69494043858853,1.51796996920739,711.625808481463,340.542752329145,157,43,14,825,1039,625.782380177086,845.127594874053,203.73663166194,371.068409526189,,1253.77633417901,574.840888648157,1679.86845036344
pw.2227.tgs,pw.1455.tgs,730.609596774309,180.013603599491,0.001,1178.94579985892,0.697437473576305,0.227345506819371,0.000184753279285562,25.5016435180148,11.6331670466254,2.19214968854182,711.625808462377,257.613926579591,147,44,24,824,1039,626.345204824663,845.891577440606,131.909822961222,238.605696569151,,1295.07318405457,759.795761165249,1740.47984617047
pw.2227.tgs,pw.1320,729.849422484287,1120.53099661047,5216.46355169421,0.001,0.831547215204488,0.976338215258912,0.000381474494862261,18.4401947204674,7.87074015358828,2.3428793684747,837.955720133003,1025.1143526583,105,23,18,519,665,598.811788356681,878.809311912873,811.442763837619,1499.7473023864,2992.51637892625,8741.16538684924,,2653.73148088107
pw.2227.tgs,pw.167,780.131343755193,1043.52676954911,3105.88176988309,0.001,0.808881489966278,0.955822959806865,0.17378529699278,11.4939326632334,6.9936671692296,1.64347721804719,837.955720140684,950.071713535289,112,26,11,516,665,644.195623032588,934.010911978155,742.24892423263,1417.15659184953,1554.9329971707,5651.98186157872,,2157.37842773754
pw.2227.tgs,pw.3070,856.811720121627,614.934013167409,0.001,3547.00852177043,0.790438725614303,0.426113765537269,0.0233137489309537,14.0293241022763,7.09332842611726,1.97781961577037,837.955720130377,878.780039465616,110,23,13,519,665,713.912225373705,1017.70514698316,396.558056645815,901.79067092041,,2038.4104362159,1930.74503538112,5931.92439606071
pw.2227.tgs,pw.1121,772.69222807127,951.588986787028,3471.34250755691,0.001,0.927148325520437,0.966113423624671,0.0832913705237017,12.3435666803227,6.95063325824189,1.77589094715737,837.955720135234,866.50512919596,111,24,12,518,665,637.49836353149,925.849369169971,673.48104619137,1297.50778065025,1784.74220469357,6228.94117730602,,2074.2363046963
pw.2227.tgs,pw.1563,867.609120096865,651.348516911855,0.001,2623.4255217677,0.911508494076094,0.770305139739704,0.145450909881031,15.4048531642938,9.91495765509247,1.55369833136722,837.955720129896,838.722259323318,108,36,15,506,665,722.876691619009,1030.58272891313,460.969646980228,888.175835744235,,1571.3828355203,1493.61257898879,4249.41028345768
pw.2227.tgs,pw.2642,857.739923026857,638.192901032851,0.001,2743.52048771718,0.914642737378115,0.834285286553085,0.182479933664376,11.6400576749307,7.08918478389739,1.64194586962528,837.955720135273,835.34169110979,112,25,11,517,665,714.680886394153,1018.81483168646,419.511765824921,922.281883508384,,2023.35975945697,1412.21670206531,4761.96135191442
pw.2227.tgs,pw.1866,772.462043886229,902.922011999037,3560.15411349177,0.001,0.440354290487811,0.713620084506844,0.0538527827013658,13.0376817797077,7.22325998844058,1.80495812148144,837.955720132554,820.115294486075,111,25,12,517,665,637.306977643932,925.5696961403,642.203540350217,1226.24148325951,1830.57631585719,6385.92250231199,,1635.42941802701
pw.2227.tgs,pw.735,866.504173862511,556.850049176659,0.001,3475.66708486404,0.760119718488932,0.465469638970296,0.00143049055010545,22.061238464728,10.9689880335698,2.01123735363838,837.955720140907,816.069090535605,102,35,21,507,665,721.950900869875,1029.25048477794,392.061591717203,762.488403115892,,1615.826213096,2160.85015357714,5289.16680223524
pw.2227.tgs,pw.686,865.186912020918,618.83587483906,0.001,2856.44837464544,0.789648499242381,0.518214730291946,0.0610514261410951,15.1879833272126,8.97898902505157,1.69150260511932,837.955720151763,833.917088131427,108,31,15,511,665,720.861195543261,1027.69720086575,425.653993660863,863.250180311118,,1592.96443105613,1625.51006879035,4630.3003251711
pw.2227.tgs,pw.1211,866.671435169119,493.847224208315,0.001,3891.95140970777,0.631535349835635,0.278912912508341,2.71052808029358e-05,25.4972612197856,11.2866775397333,2.25905817987851,837.955720132358,795.588431404324,98,33,25,509,665,722.092904147257,1029.47107253326,343.859040904469,682.239936451581,,1520.42479605375,2515.46917817998,5756.13449589688
pw.2227.tgs,pw.444,856.798997664629,528.26892863426,0.001,3406.45859894281,0.87563232739016,0.572637526128951,0.00696797524340492,15.9711374720717,7.54386601894778,2.11710248193133,837.95572013557,785.018880600605,108,24,15,518,665,713.905247216112,1017.68401423197,344.064162841702,768.842264172129,,2222.59173371731,1940.19962198471,5514.41302878507
pw.2227.tgs,pw.1622,730.349617968194,847.335464500367,5111.13897125668,0.001,0.822909571475801,0.909821808192614,0.000456151581913365,18.4916367783227,7.9643226829016,2.32180908717096,837.955720136657,775.994889437287,105,24,18,518,665,599.21808514487,879.416555130472,616.111386127376,1130.3171355077,2936.97872886589,8539.49980785339,,1908.94973974964
pw.2227.tgs,pw.1114,859.238897519495,512.692343236868,0.001,3362.7928985081,0.573918472930661,0.180207071038809,0.00444978271145515,15.7275483722766,7.39144736151739,2.12780360909556,837.955720135854,772.346404303325,108,23,15,519,665,715.916612530329,1020.6174462157,330.618669778079,751.872968430848,,1617.83097970717,1913.88117369467,5449.92737772803
pw.2227.tgs,pw.185,861.543995199178,629.779203882996,0.001,2061.03503714164,0.628679984257361,0.485487716853641,0.374384783928028,9.36238166484258,6.85113831714214,1.36654395685124,837.955720142893,767.246223315024,114,26,9,516,665,717.828064508847,1023.37495243471,417.580835697759,904.080391160941,,1423.90676543755,982.828181859138,3760.95237252664
pw.2227.tgs,pw.2062,858.212664643127,540.754593664494,0.001,2821.78695387992,0.84883545773962,0.575016589437381,0.0457888258880533,13.9362047715719,7.55839780138618,1.84380408887927,837.955720134126,749.766282130454,110,25,13,517,665,715.0757569871,1019.37343959637,355.457970843614,781.481981611162,,1992.53505151831,1535.30515066037,4722.15856987036
pw.2227.tgs,pw.1716,861.752856080909,575.932257611613,0.001,2352.80735845379,0.652100228170469,0.356829147954414,0.155746817372865,11.6115855103791,7.33991584575986,1.58197801642194,837.955720137606,744.498289797506,112,26,11,516,665,718.004234612065,1023.6046349778,381.849320333766,826.739826859089,,1521.54516075661,1210.21417387857,4088.55182488576
pw.2227.tgs,pw.3365,829.703999845964,704.081444516368,1034.75575960682,1015.15815894277,1,1,0.634389456151727,13.5115996427374,10.7098158742453,1.26160895774405,837.955720129578,733.637752215395,110,42,13,500,665,686.069322967968,991.891242834352,516.516462034621,930.887072844446,69.4692241314315,2510.01200395901,196.425522359186,2221.27387193539
pw.2227.tgs,pw.195,859.018102950578,585.496634877502,0.001,2054.51749616877,0.794155671998311,0.598571700639275,0.379814280625725,9.70751259569388,6.78377986355852,1.43098873945501,837.955720134853,723.803655315833,114,25,9,517,665,715.742190621869,1020.33773279954,384.859200255873,846.17608967569,,1727.00939979378,978.838057778547,3754.3986793703
pw.2227.tgs,pw.3059,860.557525896802,459.395804011074,0.001,3206.37266547165,0.763664174136476,0.30022239681625,0.0013483424055324,18.7021676992458,8.68446694978445,2.15351935903331,837.955720133027,710.188543122461,105,26,18,516,665,717.025704743424,1022.16612578782,304.609884407069,659.475686754953,,1874.68531683392,1917.96361086104,5018.7268077357
pw.2227.tgs,pw.1551,866.717984912282,482.414317832272,0.001,2955.97222568872,0.743053107553027,0.292540988801306,0.00224807748720868,20.5223640253838,10.3520241184922,1.98244940221149,837.955720132369,708.277466433843,103,33,20,509,665,722.141158171285,1029.51774557204,335.887480404079,666.478728803325,,1590.33756396313,1814.62826490329,4543.1259690917
pw.164.tgs,pw.2499.tgs,554.873270842342,615.263670630868,2792.76510621201,0.001,0.57315548666094,0.825540924465736,0.0548486838409956,10.1764507533277,4.81822161409852,2.11207610782172,616.501813688396,590.269408503202,71,48,10,910,1039,435.562503473236,694.221569718261,470.157996760032,787.561945922912,1373.09256204696,5050.77950951344,,1633.40913863102
pw.164.tgs,pw.3294.tgs,566.822503363921,611.988116663653,2002.81506605838,0.001,0.495531183685068,0.725918655206035,0.268331016941039,9.48652621305479,6.00627989893689,1.57943458724491,616.501813691018,586.235718709459,72,63,9,895,1039,445.720157176621,708.121862499458,481.229948378865,764.558078803688,948.835252530712,3694.6302697497,,1188.77118049457
pw.164.tgs,pw.1900.tgs,544.316792105677,534.314777880743,2484.54501561628,0.001,0.637476202053036,0.861260812726444,0.0656905860007475,12.1224867373825,6.34049947858792,1.9119135295761,616.501813695235,513.049945420145,69,64,12,894,1039,425.727136384762,683.143552997202,422.962443488665,663.706533950206,1308.99841728192,4272.6433316219,,1224.68875894408
pw.164.tgs,pw.1779.tgs,588.724111868201,515.779387779506,1465.60517324188,0.001,0.687547088388769,0.754888781530418,0.6779952525981,6.34225726574111,5.34675210597899,1.18618876282835,616.501813693839,492.810827815547,75,57,6,901,1039,465.286832826444,732.298261470721,398.627428691938,653.929371645018,576.072684146686,3029.21472168183,,974.346499292929
pw.164.tgs,pw.1364.tgs,563.41157339557,459.277621213216,2405.19976798174,0.001,0.913074977145607,0.957452828588617,0.17325989440985,8.77449786959962,4.7335603785429,1.85367823961308,616.501813701901,440.580405473029,72,48,9,910,1039,443.041503045412,703.8542912332,350.09777366023,589.113296110823,1135.03399487023,4466.82025639233,,1293.23383504783
pw.164.tgs,pw.2808.tgs,555.636272937227,458.2477663802,1974.58517728749,0.001,0.699105573485397,0.839243555522272,0.258843928806176,10.8340474660143,6.93299410271935,1.56267945789322,616.501813688897,439.047230860527,70,72,11,886,1039,435.371882917333,696.269029264146,366.545896139517,564.125848076965,1012.04523393744,3450.94043271763,,887.924307330922
pw.164.tgs,pw.457.tgs,584.814401332046,418.205263466102,1864.9914762277,0.001,0.694850749511694,0.822466622767735,0.512254443839606,6.25203952137477,4.24270790095031,1.47359650188843,616.501813685632,400.052610194864,75,44,6,914,1039,462.199847905879,727.428918641399,312.710971385276,545.133308674257,730.483856293885,3880.25713093827,,1022.50709546266
pw.164.tgs,pw.2179.tgs,596.244868057863,406.713257568523,1357.33739275473,630.863286781076,0.979188678128016,0.995912877667732,0.275066926727935,7.78276769178427,4.4164015260955,1.76224187175865,616.50181368646,416.077225180668,73,45,8,913,1039,470.646018453365,742.163898696457,301.728208879618,533.025527839966,141.571104461141,3378.74541114029,,1924.67777897791
pw.164.tgs,pw.1052.tgs,556.929437852803,418.578940531441,1881.66022752856,0.001,0.356469827769598,0.592193071194382,0.219022853378642,11.8806125279682,7.92365481613098,1.49938542297194,616.501813699879,401.010614241065,70,84,11,874,1039,436.38537905688,697.8888271166,339.89343020293,508.585358860244,965.844947018114,3280.6969071215,,633.699835500632
pw.164.tgs,pw.11.tgs,572.376262673345,414.997259874263,2004.12040146515,0.001,0.840994490174275,0.936348755912253,0.389387767317684,7.99143695799353,5.06942859273073,1.57639797302852,616.50181368511,397.862592294662,73,53,8,905,1039,450.863496040208,713.997589254437,319.342721447621,528.089572192967,903.112300925201,3819.42592989134,,1034.31057891046
pw.164.tgs,pw.2237.tgs,611.433959056536,379.411773701153,749.18634138194,577.173367136971,0.999922939972638,0.994074409383474,0.712390443011881,7.7540068629762,5.87760420138923,1.31924617536231,616.501813680112,387.925521550033,73,62,8,896,1039,483.430634573682,759.928897435976,293.505102987891,480.39502793403,,2183.25603885912,25.1601881830749,1478.56053789002
pw.164.tgs,pw.2146.tgs,565.533256736975,389.680414347186,2129.12743317958,0.001,0.708601594286552,0.880741707987922,0.258895905561947,8.97742609473332,5.39152715935205,1.66509892826214,616.501813685942,373.218115523327,72,55,9,903,1039,444.707807424305,706.507747523928,301.805682678451,493.175295266141,1007.41153491927,3936.02178229877,,913.682692007199
pw.164.tgs,pw.1438.tgs,561.506097139456,343.672121932906,1953.73544358501,0.001,0.693751799753763,0.865443775195661,0.308600470989797,9.99291703295328,6.46467680123083,1.54577209970508,616.501813689271,329.062811784796,71,66,10,892,1039,440.76342998432,702.540458591853,272.04107524755,426.913593038555,965.707509778002,3501.6368844001,,701.189295724484
pw.164.tgs,pw.1750.tgs,590.370483039451,347.289723438419,1461.65744004532,189.586410330922,0.980610757122723,0.997848526241792,0.623152440190156,6.78290607423265,4.76405508010547,1.42376734949137,616.501813683452,340.542752333358,74,50,7,908,1039,466.007166498826,735.117890460367,262.942850925783,447.607268283841,439.431535172828,3203.82063240271,,1098.71299232213
pw.164.tgs,pw.1455.tgs,549.65547152309,268.426730846326,2588.88983843393,0.001,0.555365374192796,0.871731949114829,0.0650761801269007,11.3244634412407,5.72538887399958,1.97793786421529,616.501813696618,257.613926582467,70,57,11,901,1039,430.695066475106,688.757557820308,209.55146560366,337.424868890366,1320.72665026383,4558.58542817067,,661.241183898477
pw.164.tgs,pw.1320,459.958040239079,1061.79395034978,2055.09121632568,0.001,0.550487026165486,0.81386068744267,0.27780083153755,5.48404099097131,2.83762420861857,1.93261707251965,507.316631038803,1025.1143526567,37,36,5,587,665,327.183590839716,624.587099558339,768.976349492898,1420.97774429911,724.593454568041,4562.25000372559,,3582.74791760639
pw.164.tgs,pw.167,485.19809096935,985.808456156189,1224.58933145064,0.001,0.8627248005299,0.897741565165181,0.847084668510403,2.93732768722464,2.43932629705979,1.20415529925829,507.316631037139,950.071713533779,39,34,3,589,665,348.369431357085,653.915541397886,701.249010078529,1338.62688853102,300.631740977142,3269.05881813505,,3199.32025793689
pw.164.tgs,pw.3070,459.053979457432,910.795830509032,2180.45744573748,0.001,0.677831382051961,0.898296725604636,0.26357784976424,5.26836585737748,2.59432407261784,2.03072773867505,507.316631039484,878.780039450489,37,31,5,592,665,326.539710878999,623.360848164828,644.668045446916,1241.75398490688,765.379725256605,4884.6680480965,,3621.03785552435
pw.164.tgs,pw.1121,497.994156434582,901.087221916777,811.772903162947,0.001,0.923762975874321,0.86602497030189,0.820778180433876,2.03066839793189,2.48891479151726,0.815885061574961,507.316631039214,866.505129203525,40,34,2,589,665,359.129371176204,668.773842499443,637.793236722387,1228.52401171289,133.776395034468,2566.38035209568,,2494.82948384516
pw.164.tgs,pw.1563,465.690129428878,871.03777384478,1456.98299344916,0.001,0.689453691057856,0.824961582375144,0.584781393620463,5.10452503624531,3.59266830359825,1.42081723245446,507.316631041406,838.72225930913,37,46,5,577,665,331.251638077907,632.393293749053,653.207008833208,1132.70690927551,515.505388851865,3211.9564730863,,2288.54803212475
pw.164.tgs,pw.2642,471.205597057038,867.505899316551,1775.00327675362,0.001,0.632415613243446,0.852933738090787,0.475915721880165,4.34666946682688,2.57004825608298,1.69127931996563,507.316631042218,835.341691107045,38,32,4,591,665,336.785559857361,637.400154715261,614.036479300893,1182.74377504494,541.735978050636,4270.19643485963,,2991.31234407599
pw.164.tgs,pw.1866,457.719584256098,852.437267890166,2473.43536012792,0.001,0.279251505387999,0.669687127246733,0.136461483498309,6.00643028301778,2.64042835563831,2.27479388720841,507.316631043198,820.115294487583,37,32,5,591,665,325.595897875526,621.542464922168,606.365714200848,1157.55107184625,869.505685387217,5524.07968504356,,2513.46482539588
pw.164.tgs,pw.735,402.004470550803,843.469530301763,2946.68734571547,0.001,0.257107773311559,0.780535389917542,0.00770315165715651,10.605816005897,3.99549544375323,2.65444327373186,507.316631040808,816.069090541835,32,46,10,577,665,278.28220956654,557.911199006138,641.280993207662,1084.32790267028,1444.54936536665,5355.04242285013,,2634.48783513404
pw.164.tgs,pw.686,413.561449688233,859.982081924835,3002.56729581751,62.9736991197604,0.462766121648733,0.971482492917843,0.0132721582575333,8.93973138066399,3.29112449372432,2.71631516756985,507.316631041779,833.917088126824,33,37,9,586,665,287.995678033554,571.234556043642,634.153047552578,1133.90746685751,1390.59554899022,5674.55054568548,,3660.81286109078
pw.164.tgs,pw.1211,376.688569965785,819.835809479431,3515.07549457031,0.001,0.220091537258123,0.843472749666866,0.000621002190225355,12.5976242287318,4.09288502381055,3.07793259655343,507.316631041483,795.58843140254,30,46,12,577,665,257.438004797688,528.103125354059,626.424151406998,1049.54613260532,1834.67765713968,6137.68940012649,,2951.38769894056
pw.164.tgs,pw.444,433.635417864631,811.610100366011,3153.03922558258,0.001,0.404325622519559,0.845262446162613,0.0286885994646563,7.51268093623863,2.68061296095486,2.80259815410373,507.316631042414,785.018880601175,35,32,7,591,665,305.346740862105,593.66629100278,582.748434932343,1093.79233159206,1319.968324295,6387.92511516157,,3350.32670696982
pw.164.tgs,pw.1622,472.1722545504,802.78272170825,1683.09142770074,0.001,0.636064104446516,0.811965734077562,0.504757533866223,4.58915727547524,2.84431038324578,1.61345164807166,507.316631038816,775.994889436119,38,38,4,585,665,337.475843078915,638.708887618394,583.76995434081,1070.76854047549,515.451509050728,4019.32719010522,,2584.82056789045
pw.164.tgs,pw.1114,435.298680966219,800.405656073726,2773.54434750868,0.001,0.630983075707869,0.898714209781256,0.0569101393996295,6.7804695777424,2.69800937035198,2.51313789056924,507.316631040593,772.346404300691,35,31,7,592,665,306.513253829099,595.956793732999,572.05798430475,1082.75665002158,1159.84132161402,5632.25282443624,,3297.32659695628
pw.164.tgs,pw.185,472.529750905906,798.797805588312,1645.1343560041,0.001,0.695906695672649,0.841769484615381,0.548245390023438,3.94997169099776,2.49525966945073,1.58299023518753,507.316631040166,767.246223312335,38,31,4,592,665,337.724760412988,639.208526569748,562.451148027515,1093.65399083251,501.190070247102,3974.16744563859,,2616.72183570287
pw.164.tgs,pw.2062,446.708892710446,779.123118720758,2569.68098134874,0.001,0.35052301965829,0.796277027307386,0.0970595253674976,6.51462317249709,2.77384040603415,2.34859336475355,507.316631039714,749.766282131124,36,32,6,591,665,316.192725209175,609.0373624825,556.838333527444,1053.96129825103,998.698177205218,5426.78597021112,,2681.9350666014
pw.164.tgs,pw.1716,432.155898119947,753.151010206693,3005.48283466498,507.412510450233,0.574059189571431,0.997469461031221,0.0148415604223791,7.92265261995569,2.72022469287394,2.91249933901061,507.316631038943,744.498289795481,34,29,8,594,665,302.762074122521,593.940334802454,531.07690035515,1028.72191405721,1177.32640082313,6163.4941664279,,4291.01246866025
pw.164.tgs,pw.3365,414.872219025176,758.67102971964,2611.34941363812,0.001,0.385582361417967,0.836283189284822,0.0282681984375921,9.39837821681101,3.9276307779677,2.39288740416534,507.31663103983,733.637752221564,33,46,9,577,665,288.903008166989,573.055630248772,575.312293666957,977.447585765044,1229.00972421586,4871.84230314451,,2434.05484671034
pw.164.tgs,pw.195,420.251705175757,750.235434784145,3866.10759428835,0.001,0.297420338056126,0.885790235423912,0.0053895847907157,8.19047071024662,2.48504227268092,3.2959080013599,507.316631041112,723.803655314601,34,26,8,597,665,294.324882149992,577.83845161176,525.40373921227,1031.62475196217,1712.11772621708,7603.36108485714,,3487.0371352107
pw.164.tgs,pw.3059,411.407878812227,734.658588237461,3246.67936280957,0.001,0.396144754551224,0.873647697894313,0.00828350491740137,9.15275930967351,3.19457765644947,2.86509213234969,507.316631041042,710.188543126985,33,35,9,588,665,286.494448884619,568.260485691554,538.321280316766,973.829815338003,1518.363531563,6126.50270939456,,2905.73200986828
pw.164.tgs,pw.1551,415.830329322222,734.073609577152,2488.02271278561,0.001,0.442285613067823,0.843918933700348,0.0377304271561037,8.81986687086625,3.83747229027289,2.29835323976738,507.316631040917,708.277466438531,33,44,9,579,665,289.567384497476,574.385843552583,553.626606183225,950.111222438531,1171.22089238067,4640.43184937876,,2301.88783158004
pw.2499.tgs,pw.3294.tgs,611.675784308026,544.203183386505,0.001,2025.31607374623,0.947658648813499,0.929167802471982,0.375256019450038,7.17524328724042,4.30361472986934,1.66725967300011,590.26940850584,586.235718712666,51,65,7,916,1039,467.42021387881,782.961819143156,422.358337660197,687.515677974687,,1804.8821130615,858.088867812891,4013.24469737502
pw.2499.tgs,pw.1900.tgs,611.883411098346,449.997620710075,0.001,2824.83001373911,0.912214568733906,0.702684968020912,0.0118162592770141,11.2944836732009,4.506580534685,2.50622031189116,590.269408504099,513.049945430804,47,65,11,916,1039,467.579880676576,783.225856333556,349.248992284741,568.494407472076,,2026.59511152695,1437.21423617351,4997.09275836187
pw.2499.tgs,pw.1779.tgs,608.397975037433,449.89671097928,0.001,2005.3978891168,0.965002776178744,0.868402594186018,0.213442446149722,7.40718723890939,3.82183882636993,1.93812130113946,590.269408504397,492.810827820311,51,56,7,925,1039,464.920698684488,778.755475532845,342.08978050879,578.291665473125,,2126.04748118609,849.074408652136,3978.47495501781
pw.2499.tgs,pw.1364.tgs,607.427070695539,405.103273253104,0.001,1662.16364672799,0.942400750972112,0.789583529753657,0.32111581413521,6.19241488360621,3.37986836878843,1.83214676074086,590.269408507803,440.580405459759,52,51,6,930,1039,464.186905293091,777.522228957084,303.821723498415,526.709741969973,,2099.86994027485,652.449319681988,3444.46749589698
pw.2499.tgs,pw.2808.tgs,595.692770330808,405.755787414586,459.987637836201,1637.06545152171,0.999159991960084,0.886362009465349,0.0702017728044719,10.3381329850057,4.97033201839929,2.07996828918787,590.269408509452,439.047230849111,48,73,10,908,1039,451.25767132916,767.376407000892,319.762536560757,505.894803884387,,2359.35099253171,652.76941560766,3199.61942480397
pw.2499.tgs,pw.457.tgs,604.0316163518,353.316895642372,0.001,2055.19889383735,0.979264105555363,0.890044519560675,0.0806475218780491,7.33412652445908,3.02289507568328,2.42619288491226,590.269408500291,400.05261019219,51,43,7,938,1039,461.588662839581,773.156750670782,257.946727225021,469.727861974542,,2756.47329877351,869.840774187529,4079.98274125385
pw.2499.tgs,pw.2179.tgs,607.816778446438,404.26023116702,0.001,808.794624781063,0.858579899319045,0.873963797157655,0.85784630647074,3.10479870344012,3.15985557282778,0.982576143713306,590.269408506315,416.077225193442,55,50,3,931,1039,464.474113020474,778.015634054391,302.289378003081,526.944216759828,,1586.54120185241,199.704488287468,2130.43081051483
pw.2499.tgs,pw.1052.tgs,510.425966789612,411.396238193248,2296.18372851442,0.001,0.897495517771286,0.979135282758029,0.125761107835933,10.7197751038819,5.67248400204925,1.8897849866142,590.269408512554,401.010614242352,48,85,10,896,1039,379.278904108552,668.818723525696,334.075002631289,499.834055828742,1137.98868966279,4097.53278620036,,1179.30879612521
pw.2499.tgs,pw.11.tgs,610.205726710167,396.379525411044,0.001,448.002682001898,0.888046846926157,0.9882301930355,0.589861075642741,2.09200288863149,3.60887376609988,0.579683032496955,590.269408503663,397.862592294888,56,59,2,922,1039,466.293188534208,781.064066802721,303.635999116768,506.369595914851,,1266.3439467161,74.1089393236359,1402.04657381204
pw.2499.tgs,pw.2237.tgs,613.446505091063,364.620303086259,0.001,1187.72259193594,0.783798566515128,0.615232644668985,0.466801273225199,6.29447783201099,4.20024490568971,1.49859781354283,590.269408503802,387.925521546507,52,64,6,917,1039,468.766709093067,785.2265761479,282.403918265515,461.450262014005,,1465.82839348963,466.183528421356,2461.45209754587
pw.2499.tgs,pw.2146.tgs,609.435931411617,341.72115177207,0.001,1451.46090328834,0.933564493405233,0.836537272866447,0.245047709902052,7.1847682959545,3.85457000281659,1.8639610360441,590.26940848899,373.218115521254,51,57,7,924,1039,465.712067312574,780.088757869529,260.490200639657,438.317420247126,,1979.74110367027,614.852870154164,2876.92493499263
pw.2499.tgs,pw.1438.tgs,613.329105392411,288.670623713101,0.001,1793.91357013238,0.833966225740426,0.46051590439096,0.0116306231426493,11.3869343069488,4.61185059853644,2.46905966783973,590.269408498636,329.062811787433,47,65,11,916,1039,468.68131079618,785.080359243214,224.035309900436,364.69372720768,,1812.03576452123,911.799149220928,3178.45974091043
pw.2499.tgs,pw.1750.tgs,608.258019247085,319.516605888583,0.001,1058.4714594716,0.867789213438449,0.752309585884221,0.549162107447528,5.21586599907706,3.40668866892321,1.53106623644763,590.269408503997,340.542752333404,53,52,5,929,1039,464.812284176448,778.578652206106,240.337596963681,414.438179035647,,1811.66127381514,375.48860698908,2321.4748073061
pw.2499.tgs,pw.1455.tgs,610.050059474292,233.36202155183,0.001,1124.91991364445,0.922208566433114,0.746865156087336,0.121075590948068,8.40556281369304,4.08817137636407,2.05606909296664,590.269408510557,257.613926581249,50,60,8,921,1039,466.180486904388,780.874257838659,179.169556748182,297.523758061291,,1995.03021775712,505.890642563635,2151.21429576377
pw.2499.tgs,pw.1320,507.356444029952,1006.81684427835,2471.7006514712,1780.94399957948,0.903610227937426,0.99556298181688,0.0622890389949175,6.51786406467282,2.3476827204966,2.7762968171841,563.222865398867,1025.11435265169,29,35,6,595,665,345.302541947737,712.983546352574,719.346127424237,1360.3997159572,458.341059386413,6102.77625751051,,8152.599249805
pw.2499.tgs,pw.167,521.900978129882,933.187176358615,2027.68584706358,1592.73622402647,0.973047341780294,1,0.165909028054347,4.93120537141428,2.01810552014387,2.44348242556848,563.222865394979,950.07171353452,30,32,5,598,665,357.682674441684,729.440671484994,654.170791414564,1280.27668434389,174.83498639812,5555.58706511778,,7315.61901379301
pw.2499.tgs,pw.3070,579.183281053082,800.711016449071,0.001,3886.61176133518,0.913722016994289,0.758870102933515,0.32392300238128,4.44988737295877,2.13409195203347,2.08514322389843,563.222865397233,878.780039458861,31,32,4,598,665,407.840716473618,792.909806483647,554.303799221786,1111.19274969293,,2834.15897708053,1185.11975151342,9370.40717358087
pw.2499.tgs,pw.1121,542.892093321322,792.238927015263,1326.96972837497,3731.28108112909,0.991610222153987,0.954192473245537,0.0450429020718644,6.20690723593723,2.08178173640118,2.98153602147901,563.222865391055,866.505129195588,29,30,6,600,665,374.174499494825,754.499925388946,543.706000727959,1105.62248067924,,5143.60579395833,377.385161941059,9848.01621949942
pw.2499.tgs,pw.1563,585.878885748251,758.953728673352,0.001,3765.63774498598,0.984289709656046,0.954847016894779,0.20025140586966,6.128251800403,2.94799836429865,2.0787839893734,563.222865399178,838.722259309919,29,45,6,585,665,412.544493391698,802.089183423678,558.179279904237,1002.98534412561,,2473.62079654673,1462.00889637723,7974.95451797008
pw.2499.tgs,pw.2642,552.336255453845,799.229183963236,963.613322757253,2189.67508257933,0.993643725578118,0.967592218309075,0.38282105741068,4.33654383399174,2.12378808298607,2.0418910289272,563.222865393205,835.341691100505,31,32,4,598,665,383.116932871092,764.340009129748,555.05620656813,1105.40948179528,,4172.69359898491,,7052.5824515337
pw.2499.tgs,pw.1866,460.45781480667,838.774413000496,4933.05074963071,0.001,0.523577239924672,0.919640008464326,0.00491997016080273,8.26209688626421,2.18058415962656,3.7889374045894,563.22286539409,820.115294489408,28,30,7,600,665,310.259629349546,652.746343809036,596.67291584562,1138.9313422441,2061.43287816309,10030.650632456,,5473.39214566288
pw.2499.tgs,pw.735,487.247693613694,836.883012755881,2238.22025732074,0.001,0.975594867036207,0.967617882115561,0.270377930207309,6.34788050912384,3.30229485983589,1.92226338911459,563.222865396775,816.069090539961,29,50,6,580,665,330.702976327049,686.820507773304,636.285034772419,1075.83867608502,876.781422726599,4655.90215930607,,3359.86968824033
pw.2499.tgs,pw.686,586.281988622131,782.435819160621,0.001,2611.39947264228,0.911703181860791,0.81655177728301,0.626532279459859,4.07737510565263,2.68387818221837,1.5192101983863,563.222865396398,833.917088130466,31,42,4,588,665,412.829135633856,802.654343295256,568.931306406694,1043.72703850275,,2048.48971654718,796.762549824611,6287.16363530099
pw.2499.tgs,pw.1211,586.873896597841,672.488852967779,0.001,5919.21691887358,0.993326385461037,0.895724436119343,0.00262394095917722,10.2967899751478,3.38169898282741,3.04485704595112,563.222865391563,795.588431402663,25,48,10,582,665,413.248083231055,803.45549964334,499.67468012875,881.260814631314,,2819.27087335195,2846.47574372668,11135.9395227725
pw.2499.tgs,pw.444,515.771234416869,758.018766799832,2265.45350445103,1876.22062980149,1,1,0.0531113302482812,6.46825234911241,2.24574003687273,2.88023201390651,563.222865396498,785.018880595178,29,33,6,597,665,351.768046373034,723.296598385529,534.288756766747,1035.24903303823,160.102979631164,6094.92307144825,,7165.95916568806
pw.2499.tgs,pw.1622,496.066903954145,794.380888522314,2875.53367594386,0.001,0.851437890582099,0.969037514864698,0.165081300491038,5.64143082500528,2.34939526572835,2.40122677835411,563.222865399695,775.994889440037,30,37,5,593,665,339.038812557003,695.420302405456,577.677445701869,1059.54000198746,1014.03216006784,6381.99926446957,,4333.68773981912
pw.2499.tgs,pw.1114,582.399456080081,710.064170606403,0.001,2974.93865724875,0.859162177982658,0.697745019558773,0.411609922680331,4.11593239879362,2.21859065648458,1.85520135801682,563.222865397731,772.346404298172,31,34,4,596,665,410.098676180405,797.331970808279,497.286708956077,976.347462813538,,2309.92669777647,907.966289922424,7158.15272749576
pw.2499.tgs,pw.185,571.45438698314,684.236667543738,266.625018434852,3798.00899844665,0.997136722778759,0.851567019208839,0.143046741302001,5.17210730504212,2.06778171838961,2.50128302182213,563.222865395882,767.2462233188,30,30,5,600,665,400.402616671939,784.882759055927,467.724610567416,959.025828530119,,3651.59409693835,1132.23561610086,8879.06994254288
pw.2499.tgs,pw.2062,558.911103911562,713.446886108381,713.092362808137,2102.53112860361,0.998865097688088,0.949997838331738,0.435565705268635,4.40480749641008,2.29504775271767,1.91926616393674,563.222865398149,749.76628212358,31,34,4,596,665,388.640669151923,771.921124842816,500.572275566884,979.049785350677,,3673.01513217749,51.4846514484413,6265.76784731191
pw.2499.tgs,pw.1716,581.988443924423,660.42704701776,0.001,3890.23647588162,0.807674642663248,0.468047432775463,0.132816111047773,5.36923566276986,2.22699293829856,2.4109801025557,563.222865400763,744.498289796604,30,32,5,598,665,409.810829513772,796.764051974619,457.168572891985,916.5654718375,,2356.71760084458,1364.42349214502,8730.98829652043
pw.2499.tgs,pw.3365,586.239528407457,626.733315048853,0.001,5312.25847963853,0.879797529667487,0.526569810070589,0.00500352484495108,9.74053614183422,3.25600601891734,2.99155962404304,563.222865396478,733.637752213286,26,46,9,584,665,412.801492564391,802.58579008468,462.55844273342,825.85229157465,,2497.3030839467,2457.74627880835,10227.1605373039
pw.2499.tgs,pw.195,577.783117463964,609.965856309156,0.001,5149.57155953808,0.966162667713213,0.646404065624694,0.0287750617507449,6.47139130974771,2.06666925111551,3.13131445985114,563.222865398114,723.803655311065,29,28,6,602,665,406.858862491756,790.984926630811,410.981808990938,864.728556156225,,3650.057349338,1992.85576582872,10963.3633027428
pw.2499.tgs,pw.3059,582.429463634231,611.378020463934,0.001,4553.32921489269,0.933254180028714,0.672255274380851,0.0284474025605498,7.31280009607835,2.6044285188084,2.80783290586303,563.222865396723,710.188543123271,28,37,7,593,665,410.124093415815,797.366773231521,434.884917669095,830.209922787412,,2879.36306723127,1899.88631731321,9284.84352598312
pw.2499.tgs,pw.1551,587.805774669258,614.893960722899,0.001,4474.28823325999,0.855892631905038,0.425904186056705,0.0183730097368175,8.51784504445103,3.14848298954204,2.70538067785146,563.222865395214,708.277466429635,27,45,8,585,665,413.871443988965,804.676570623286,452.253431094532,812.729546499328,,2253.56359088476,1974.41831276557,8862.45145556734
pw.3294.tgs,pw.1900.tgs,605.830553079813,417.001255549985,0.001,3480.84659383333,0.943324864767864,0.445445480120687,0.000128200601238673,16.7707387693159,5.61740150664382,2.98549760943397,586.235718717411,513.049945432219,56,60,16,907,1039,476.402013777247,756.843994035105,320.162295433992,531.651617198717,,2024.90950722799,1995.24817464546,5665.32200065196
pw.3294.tgs,pw.1779.tgs,511.173951975336,510.138146134421,2996.65894085009,0.001,0.79990620446247,0.951062670046787,0.0198730445370858,11.2234381891643,4.75910983308546,2.35830619229223,586.235718704406,492.810827818438,61,52,11,915,1039,393.355039904151,650.476160008688,394.273761300091,646.765947673167,1526.54422148487,5289.7075699568,,1664.87959106236
pw.3294.tgs,pw.1364.tgs,601.444866248202,367.274682209737,0.001,2528.04716730446,0.963621002177599,0.691866046186657,0.00733727572475395,11.2199972795392,4.18450439815575,2.68132046521069,586.235718710231,440.580405463177,61,46,11,921,1039,472.951964309424,751.347398655029,271.100189717393,483.939815406607,,2288.00303485774,1292.5099322998,4440.82053166609
pw.3294.tgs,pw.2808.tgs,610.434268803746,393.462312596988,0.001,1718.11965736839,0.949479498307673,0.717087071797211,0.106722620278213,11.4582609833935,6.18621426065245,1.85222504436583,586.235718702275,439.047230856914,61,72,11,895,1039,479.98659464063,762.564951077818,309.426532374305,491.58503925911,,1512.02870206446,876.83003151172,3023.80945620447
pw.3294.tgs,pw.457.tgs,598.921268049632,322.008050635474,0.001,2705.3805272615,0.927663216431138,0.532397489518275,0.00185425385094231,11.7014689351704,3.77084977542132,3.10313845209147,586.235718707148,400.052610184095,61,39,11,928,1039,470.974685328675,748.197284961989,231.216684401446,433.940660271807,,2569.01550104297,1379.36638736634,4768.26393531483
pw.3294.tgs,pw.2179.tgs,601.864629793735,373.46138782328,0.001,1603.72149180249,0.909631757254876,0.640650727527598,0.227910829302055,7.39096110980178,3.93638087784268,1.87760314338595,586.235718704312,416.077225181456,65,46,7,921,1039,473.285312831435,751.88128497381,275.653763243206,492.06509251629,,1879.05546776685,681.219947176077,3162.99022706464
pw.3294.tgs,pw.1052.tgs,440.285127761279,413.236615198027,3954.55210341391,0.001,0.279241102704829,0.793441426168544,7.98210513120455e-06,21.2544594659918,7.08790167854329,2.99869558438346,586.235718706981,401.010614237274,52,75,20,892,1039,331.168638193101,571.101836538545,335.564638598473,502.080061253345,2415.95989398654,6121.04070647708,,1111.06340287563
pw.3294.tgs,pw.11.tgs,603.700985330897,357.501053808167,0.001,1533.15171871816,0.90366583373597,0.726737886550119,0.194043487481341,8.33584650455619,4.46345161527342,1.86757855199592,586.235718708782,397.862592291265,64,53,8,914,1039,474.733357397156,754.191085919097,269.670187976664,462.622272032156,,1762.36814756164,692.013220205308,2913.12305605556
pw.3294.tgs,pw.2237.tgs,604.805391313874,290.642836434321,0.001,3458.97429193602,0.784712279626569,0.112461473821175,3.06820071023324e-07,19.7263763304437,5.25623070648093,3.75295100843293,586.235718710359,387.925521539703,53,51,19,916,1039,475.593239691539,755.563294103667,217.979964095774,377.908532613998,,1918.61455991924,2067.30510663089,5479.26539297732
pw.3294.tgs,pw.2146.tgs,586.699562579451,325.407758190241,573.57244892239,1734.89318726372,0.99998836504436,0.726992097314281,0.00703315222180165,12.3267463688969,4.82199817776215,2.55635649672054,586.235718706528,373.218115528546,60,52,12,915,1039,458.075101280302,736.91539655942,244.965152771286,421.694627964668,,2711.55174339577,769.401850450581,3212.87747268677
pw.3294.tgs,pw.1438.tgs,596.655046414465,268.271120440346,296.839556895436,2183.51551850906,0.990043254767783,0.312427112653787,4.41544667014683e-05,17.668062789343,5.75575517764138,3.06963417380499,586.235718706609,329.062811787968,55,59,17,908,1039,467.086936086393,747.84088426544,205.537099758073,342.671043832865,,2332.11680638995,1214.99670611852,3603.29596538291
pw.3294.tgs,pw.1750.tgs,601.056085757404,264.798575852263,0.001,2621.23894310329,0.864863603583333,0.297684855791174,7.55087371300596e-05,14.5764827350466,4.22173959986271,3.45271952242639,586.235718710562,340.542752327184,58,43,14,924,1039,472.651007994107,750.871320584461,193.318570400636,352.045728387171,,2289.71228587248,1446.97226956872,4376.34094965455
pw.3294.tgs,pw.1455.tgs,586.54501957493,223.089080565298,577.980909467994,1282.96845950806,0.99999484408021,0.698591376531459,0.00282894551681888,13.6713561180156,5.11686217860223,2.6718241845924,586.23571870327,257.613926580475,59,55,13,912,1039,457.811738290713,736.874924913174,169.317254599613,287.142987261975,,2722.53033676827,595.469862786205,2325.19540277546
pw.3294.tgs,pw.1320,595.490032106472,1064.95835456879,4146.88031285875,0.001,0.850867866082128,0.95407578835675,0.0171684669505205,9.49867122675803,3.63894004697066,2.61028516660105,695.95520857833,1025.11435265202,45,32,9,579,665,437.951541321009,786.967498563391,771.265745930192,1425.21434925366,1934.7398547269,7859.55136403495,,4424.09400817947
pw.3294.tgs,pw.167,714.530619623496,773.839596390577,0.001,5219.17719062402,0.897175202589466,0.618874033772817,0.0309737493220675,8.06708597663785,3.10446691149523,2.59854145868556,695.955208578464,950.071713543335,46,29,8,582,665,540.407919998178,922.614564746031,525.228473708661,1090.76627931282,,2948.8878910942,2346.08628413918,9988.96070228646
pw.3294.tgs,pw.3070,712.416531205365,657.07794217038,0.001,6676.0142601001,0.909418237483353,0.341961920950905,0.001120779816363,11.1223782710224,3.33157291171258,3.33847661923298,695.955208581127,878.780039455887,44,26,10,585,665,538.818453276469,919.866535559226,435.738729427455,943.106504942226,,3426.40895220703,3261.68712729045,12200.8069265671
pw.3294.tgs,pw.1121,636.608497680587,793.971720344306,3053.66818844728,2629.3001134501,0.994535134843903,1,0.00263670390745088,9.99149188054679,3.19531185610551,3.12692229444063,695.955208577032,866.505129205252,44,26,10,585,665,469.210160366829,838.830214768517,538.57405276564,1115.49381578752,543.09588742797,7250.47667933732,,7244.5392920408
pw.3294.tgs,pw.1563,720.661655760559,648.092450322105,0.001,5492.80704387414,0.977527456244223,0.705820738420278,0.000860302023810677,13.1304082217525,4.58705696133559,2.86249077184543,695.955208569567,838.722259314522,41,38,13,573,665,545.082926837091,930.620649571012,463.193710453357,876.70103926168,,2794.01936500903,2937.18437614092,9462.20455090873
pw.3294.tgs,pw.2642,677.650225276084,714.182117992674,1442.11255196732,3788.43135661292,0.989905696955786,0.894671785281757,0.009062351078549,9.48699544086077,3.27469712549772,2.89706042338766,695.955208578503,835.341691105714,45,27,9,584,665,505.50733133012,883.973784307494,479.852517281291,1013.09177896174,,5261.85836400784,1063.78891704339,8254.53082032924
pw.3294.tgs,pw.1866,605.804747595074,853.78525405091,4389.96934898271,0.001,0.422787631516381,0.896165947865458,0.0185621376325442,9.18837812673104,3.37901970357531,2.71924372533516,695.955208571114,820.115294490954,46,29,8,582,665,447.118309340565,798.259251710357,607.328042265133,1159.3697294594,1943.0213919019,8640.07037450015,,3435.5766635681
pw.3294.tgs,pw.735,721.726081869087,617.01361401915,0.001,6192.69458812662,0.963711905394575,0.421317521097301,6.11105052956151e-05,15.9322494368471,5.11560950282133,3.11443815796735,695.955208574241,816.069090529617,39,41,15,570,665,545.843774110149,931.919518003711,446.838994322415,825.775239712527,,2772.66664246036,3435.93851757008,10442.3431948874
pw.3294.tgs,pw.686,721.34710811742,660.060951453201,0.001,4732.35590700299,0.956479580907747,0.523908987505683,0.00734100461712807,10.7658912991709,4.19371528561337,2.56714883246927,695.955208574434,833.917088129771,43,35,11,576,665,545.555046771046,931.44649425639,464.740676815812,903.70072557301,,2585.11087004139,2394.11090538347,8452.99817738698
pw.3294.tgs,pw.1211,650.274499916478,703.366524281413,1779.95453751017,3157.66056416595,0.979570531504017,0.943741350441484,0.000856816375784535,14.4484561066583,5.28385395645965,2.73445409841327,695.955208580967,795.588431402231,40,44,14,567,665,477.809553812023,858.0293132546,518.891873967854,925.865235457111,,4547.80934093636,987.614697652724,6493.19394474083
pw.3294.tgs,pw.444,668.525525674868,763.662514877141,1677.47794677901,1308.52142096638,0.951502232153757,0.988490413177586,0.288962446080088,6.56671554911035,3.44872574500201,1.90409908895395,695.955208573286,785.018880601114,48,33,6,578,665,498.216523433683,873.357100181852,537.208149636602,1044.64796777978,24.5476444452197,4683.3125657511,,4478.93577326937
pw.3294.tgs,pw.1622,622.307139718112,805.84620916813,3211.04893573804,0.001,0.850403751730486,0.955596139422022,0.13175089653704,7.65538923063307,3.61601446143766,2.11707926289361,695.955208569257,775.994889432144,47,35,7,576,665,460.858518771551,817.716300936973,585.997459571094,1074.85842887597,1348.48318086683,6467.1316222324,,3068.2721321489
pw.3294.tgs,pw.1114,698.26066975695,524.945111695518,629.606618548412,7571.92839151802,0.999751827373527,0.172508224791361,1.44454031537991e-06,14.9835345498815,3.44285326561191,4.35206887831697,695.955208578067,772.346404295493,40,24,14,587,665,524.951957515067,905.428886977831,342.102849203617,763.430657739095,,4929.84657632882,3932.48642941636,13168.4145473199
pw.3294.tgs,pw.185,684.091933882691,593.145059132062,1215.67976947415,5016.65103686435,0.994117893048373,0.729760227863936,0.000389185197120571,11.2899495598042,3.21858640678679,3.50773542571294,695.955208575211,767.2462233181,43,24,11,587,665,511.45181958364,890.723424122167,387.457538751059,860.267078115242,,5486.43828736815,2067.24884810909,9699.84711523923
pw.3294.tgs,pw.2062,595.088047585059,781.429853070554,4208.46720973503,0.001,0.768157572567812,0.962239456879584,0.0159121070683004,9.3698322175032,3.56619897418116,2.62740028959114,695.955208574348,749.766282125616,45,29,9,582,665,437.655417208009,786.436206208317,558.483739592993,1057.10561969543,1956.89580684835,8025.24655357651,,3257.01700271755
pw.3294.tgs,pw.1716,717.14387514703,608.089136192509,0.001,3766.70799933577,0.885118579999653,0.493868524913553,0.0476692942916312,8.16748409169322,3.46903994978096,2.35439320674555,695.955208574806,744.498289790124,46,29,8,582,665,542.379139817228,926.000574171616,412.699303834246,857.211001132575,,2597.62100679189,1684.06948810158,7277.30331883283
pw.3294.tgs,pw.3365,633.056493234754,643.14054568446,2335.70995106885,3131.51778660354,0.937213764949084,0.898641386690402,9.40067862344136e-05,15.612776120107,5.06143252553783,3.08465558739183,695.955208572911,733.637752205809,39,40,15,571,665,462.629587434712,838.884938707304,468.667890132891,854.639441557716,279.7483839034,5474.33764350109,897.319465117125,6559.08299943462
pw.3294.tgs,pw.195,712.581388244928,531.766943821838,0.001,5053.61111717122,0.949348151125377,0.648737897867889,0.00230477456571731,9.93838908032532,3.19612129677074,3.10951561518231,695.955208581355,723.803655315411,44,24,10,587,665,538.928790627018,920.071146031402,346.378221117226,774.011389475558,,3513.25696567271,2456.42500244398,9303.15154137645
pw.3294.tgs,pw.3059,718.501836679844,553.602027543404,0.001,4360.85437145295,0.933388822489085,0.606435384177195,0.00405344387600221,11.1427775067608,4.08976055508258,2.72455498474429,695.955208572452,710.188543120427,43,33,11,578,665,543.402788242565,927.756014861937,385.501355888191,764.710461935425,,2782.85959957524,2200.64442129079,7819.79309037883
pw.3294.tgs,pw.1551,683.414286556912,597.030770624943,998.922767177785,3320.30075927319,0.995317372835099,0.726656625123035,0.00234402000952014,12.6797778070307,4.84376103046335,2.61775461821613,695.955208576765,708.277466431093,41,40,13,571,665,508.281325716014,893.322115289224,431.609585080356,799.698197728603,,3607.26049047581,1400.98912842708,6328.52797037861
pw.1900.tgs,pw.1779.tgs,444.092322761398,511.070926571716,2821.9481664287,0.001,0.540088791741606,0.884318144505761,0.00729146829634914,12.4709867230907,4.98181555022191,2.50330157697934,513.049945420349,492.810827817252,64,51,12,912,1039,343.955527146594,562.012774338097,394.99428415093,647.94677723432,1481.73856704519,4879.83340997958,,1558.84065590186
pw.1900.tgs,pw.1364.tgs,514.052308564832,399.512780422699,479.40863149328,1515.17819351281,0.999891901446197,0.861801803357843,0.100182368305934,9.18537272615934,4.44137759757921,2.06813596105088,513.049945416326,440.58040546667,67,48,9,915,1039,404.558725377621,641.397324030582,297.167673378784,522.848488364189,,2245.46355030741,533.404366406747,3084.42678610286
pw.1900.tgs,pw.2808.tgs,535.58666143701,412.400223367617,0.001,1086.70279835851,0.990629886330054,0.981166022705744,0.811439968613366,7.94667325106742,6.46695698516006,1.22881183055692,513.049945417985,439.047230848035,68,75,8,888,1039,423.960707343332,665.276680442212,325.924111381245,512.979489754221,,1079.75319558443,490.800579860414,2062.95282676706
pw.1900.tgs,pw.457.tgs,448.378163731324,415.067212212079,3306.46196437723,0.001,0.633031332373253,0.838826651621281,0.00366713854018844,11.2686480725083,3.95353802200286,2.85026930556737,513.049945428836,400.052610182832,65,39,11,924,1039,347.992624891955,566.446168786998,310.366906676043,541.037991599216,1675.11753992177,5892.46567298265,,1440.624138593
pw.1900.tgs,pw.2179.tgs,525.301074216875,325.022873042297,0.001,2858.74162833364,0.885309207191855,0.52306995045987,0.000445053565227476,13.0285745219226,4.1248873552543,3.15852856086525,513.049945420381,416.077225184976,63,40,13,923,1039,415.839131597557,652.488262884046,234.407243861572,436.446932133706,,2013.1063747048,1545.91182608742,4830.29824358843
pw.1900.tgs,pw.1052.tgs,422.069272305172,415.217892614163,2550.4811696809,0.001,0.298592551525959,0.735029330765712,0.00267363159444422,17.1213757663619,7.40878661039615,2.31095544611001,513.04994541994,401.010614237652,60,79,16,884,1039,324.04873761479,538.12640118273,337.170152003409,504.491470433358,1473.09725176032,4103.34119303669,,898.408688938389
pw.1900.tgs,pw.11.tgs,528.093496959823,351.462089660212,0.001,1616.94468779317,0.947824237542037,0.791059709168288,0.127111516959556,9.29933587739623,4.74392690501179,1.96026120629553,513.049945430164,397.862592297679,67,52,9,911,1039,418.04750336445,655.961479236805,264.364615484872,455.878460566831,,1588.93508873267,767.256273985504,2974.74740251011
pw.1900.tgs,pw.2237.tgs,529.765750090876,315.034551084351,0.001,2376.41612529029,0.93281097452581,0.521436860080533,0.000615035544547296,15.2030565688018,5.496617220995,2.76589326808712,513.04994543197,387.925521543073,61,55,15,908,1039,419.368357398786,658.042916965569,238.919853134083,405.831939256843,,1689.62240839595,1340.22808228207,3905.28370791449
pw.1900.tgs,pw.2146.tgs,481.777391598323,360.877544323996,1515.90980551737,704.019285340222,0.932314854190883,0.984799323419206,0.0348050956251889,11.1231980080419,5.01501221584227,2.21798024198308,513.049945417966,373.218115528423,65,53,11,910,1039,375.038255956312,606.759167719916,274.945199210781,462.567085652919,360.210854459906,3309.67734133647,,1957.1346367495
pw.1900.tgs,pw.1438.tgs,479.527448867018,310.776575595743,1431.00611078183,837.574399161172,0.889301483261768,0.915122488943585,0.00590624903197147,14.4835350035849,6.06395387356834,2.38846391406703,513.049945419054,329.062811786368,62,62,14,901,1039,372.054530752188,605.402683944989,241.468097706484,391.850992987954,305.815257922401,3098.00605440481,118.702730729461,1906.94881112375
pw.1900.tgs,pw.1750.tgs,526.748969540977,284.673746048645,0.001,1811.45934802334,0.938811755150677,0.686472519116585,0.0125205758401962,11.1602158072537,4.45364975534458,2.50585843528915,513.049945426229,340.542752331885,65,46,11,917,1039,416.987061693579,654.292226351862,210.11647120754,375.080396649197,,1825.44695339764,926.587535927263,3176.33206414522
pw.1900.tgs,pw.1455.tgs,464.925590559426,255.615651229686,2004.84247371368,314.284387186077,0.834722563242379,0.998907504310843,0.0159419543669104,12.3907096807144,5.30724486836256,2.33467834781426,513.049945424318,257.613926583481,64,56,12,907,1039,360.519144662621,587.602737740942,197.436310751025,323.931626750987,801.46696818624,3846.65575465213,,1170.15527276617
pw.1900.tgs,pw.1320,451.510046267365,1062.20503277966,4053.51640853026,0.001,0.503440624512867,0.880032348985424,0.00199929800289427,10.7232102262745,3.41204244706568,3.14275405204773,547.840793445054,1025.11435265644,41,31,10,583,665,326.992134338028,604.252418725656,769.271403587317,1421.50993753473,1970.17072215606,7479.54611884519,,4515.10489153042
pw.1900.tgs,pw.167,473.363337501085,985.781920958035,3305.64375961919,0.001,0.902287315610762,0.982581921673072,0.0260065396617186,7.92419861722508,2.95275204977566,2.68366543605553,547.84079344591,950.07171352201,43,29,8,585,665,345.565012946058,629.378981470484,701.234677799056,1338.57968492183,1466.58915596248,6479.0827017521,,4577.35081619584
pw.1900.tgs,pw.3070,559.420966297412,605.279380647995,0.001,8440.78910898493,0.946030445598359,0.730753736235437,2.87277255281012e-05,12.4769883161064,3.09980487150079,4.02508829856301,547.840793446058,878.780039461862,39,24,12,590,665,419.547293709453,727.428617385429,394.242059158088,880.846986924875,,3396.81948133724,4383.48232597088,14866.3401298919
pw.1900.tgs,pw.1121,495.765583654543,901.332242063524,2446.08008220728,0.001,0.805582181397783,0.973207494589243,0.196275848575082,6.2406989783415,3.0158420892258,2.06930561803505,547.840793444382,866.50512919325,45,30,6,584,665,364.6201009825,655.159045439404,637.972534837025,1228.83361603597,951.172246896418,5161.15355400882,,3644.57515904345
pw.1900.tgs,pw.1563,445.143324166482,869.391362310309,3171.74291346996,0.001,0.814505920718847,0.986138769970834,0.00736703458941712,11.1624179011425,4.32163654242042,2.58291454905432,547.840793447137,838.722259307734,40,40,11,574,665,321.013951483606,597.801367979367,651.980916400897,1130.5439420844,1604.04336558499,5667.82922855484,,3316.16864713111
pw.1900.tgs,pw.2642,450.133588990552,866.994329928519,4535.48933672706,0.001,0.478322128063225,0.891402117930264,0.000943095977497038,10.525477421839,3.09361279029291,3.40232541540612,547.840793448241,835.341691107136,41,26,10,588,665,325.996523253473,602.406470643437,613.667004256434,1182.03081516586,2187.1227952018,8487.94449857022,,3990.31544382039
pw.1900.tgs,pw.1866,460.690666983056,852.540875059744,4345.32079334744,0.001,0.188170033071419,0.745414846467995,0.00210028182374953,10.4818195813843,3.17950697711675,3.29668079259555,547.840793444048,820.115294496966,42,28,9,586,665,335.002980186835,614.489241720024,606.443403164785,1157.6806910561,2019.44300867135,8293.68069352059,,3066.56197136079
pw.1900.tgs,pw.735,423.437008293755,843.905920994749,3580.84023179075,0.001,0.680068844541495,0.979404246074879,0.00085427964307018,13.6235011986927,4.79017900840991,2.8440484530483,547.840793444269,816.069090537223,38,43,13,571,665,302.638493784039,572.795591266976,641.619450913275,1084.87731194684,1917.35292418491,6147.96947526393,,3279.71772171961
pw.1900.tgs,pw.686,484.4903914931,795.692729710302,2347.367779453,1830.59573175977,0.86885662776628,0.97261294799558,0.00409195271366427,10.9974390100101,3.95819597117582,2.77839679745397,547.840793445413,833.91708812878,40,35,11,579,665,350.9398077965,647.589541270845,572.611947861081,1067.86159826925,703.643628975089,4979.05840385921,,5569.80252006872
pw.1900.tgs,pw.1211,458.879467237406,825.61102843091,2517.25475791134,0.001,0.690661912146833,0.962162502413056,0.0479463245043659,10.5477371497639,4.95742522500406,2.12766439654272,547.84079344371,795.588431410962,41,48,10,566,665,332.316432247854,614.132350590418,630.828676683877,1056.95722349149,1235.47322837844,4565.28720782375,,2594.74868311246
pw.1900.tgs,pw.444,461.986551864714,813.119217505846,3776.26165360816,0.001,0.724253188878585,0.977522238257601,0.00680099205250437,9.59928889425685,3.23864985930657,2.96397860567495,547.840793445919,785.018880612628,42,30,9,584,665,335.944521853,616.222314357445,583.83211637046,1095.81908825097,1757.61063518856,7184.5726033986,,3895.65900357713
pw.1900.tgs,pw.1622,508.419016235466,806.036752507868,1870.27227567332,0.001,0.750827479039627,0.869934299251144,0.460166300592625,5.60084928836769,3.42025222931322,1.63755445881029,547.840793445637,775.994889434222,46,37,5,577,665,375.244437418172,669.939756391298,586.133043201153,1075.11511288702,660.099730471213,4143.75452558975,,2584.35800665227
pw.1900.tgs,pw.1114,547.236841240324,640.709897980006,574.583405159326,4082.92387731053,0.999956716518489,0.709794969038696,0.0104682499479439,9.1492417203363,3.23456725403552,2.82858292988699,547.840793445914,772.34640430748,42,29,9,585,665,406.889159680819,716.055751198451,435.428360469565,901.889195699817,,3314.66017337493,1588.92309893957,8197.83097054175
pw.1900.tgs,pw.185,518.368404595188,631.044259989616,1802.46446670183,4320.72444488875,0.97705221847253,0.893885224611904,0.000259376397559539,11.021490114133,3.0093744197072,3.66238579086658,547.840793444502,767.246223318764,40,24,11,590,665,380.37791813835,685.003942882696,415.154480027426,908.613342566182,,5507.60975475324,1269.5909782686,9179.7881703077
pw.1900.tgs,pw.2062,508.385938278868,782.821809709897,1845.13633383527,0.001,0.739522517813917,0.891570608294336,0.477782650832071,5.33466469797821,3.30010652792321,1.61651287703593,547.840793443011,749.766282128488,46,33,5,581,665,375.215954022015,669.895821267574,559.47808164177,1058.99319156143,649.343825808102,4112.10824811915,,2491.17346681136
pw.1900.tgs,pw.1716,550.197644140016,630.846114626275,469.272370783522,3483.8643408427,0.999566973049371,0.743649337590449,0.037621599052741,8.10785140248643,3.2320036215302,2.50861457842295,547.840793447432,744.498289792491,43,29,8,585,665,409.61217867534,719.195917750735,428.575408435299,888.231316781271,,3007.94302611394,1275.69848807332,7209.53234151023
pw.1900.tgs,pw.3365,464.630019821336,737.687059762301,2530.72220196625,621.036183017909,0.844771926737565,0.999647035124563,0.0127249826918464,11.4433664711546,4.70200459816029,2.43372081678354,547.840793445801,733.637752217109,40,44,11,570,665,335.352736208041,623.373705273553,554.405019606484,956.578569664791,1100.35047149608,4791.77330481154,,3407.52631447715
pw.1900.tgs,pw.195,461.829969767588,752.668808411195,3907.63453644795,0.001,0.691515985628814,0.915915332655079,0.00538331022373421,9.02637733444982,2.98424982042571,3.0246721546798,547.840793447546,723.803655317753,42,25,9,589,665,335.826768564978,616.018502963006,527.098865064115,1034.99366476442,1812.27329574492,7491.51121363964,,3436.46738873795
pw.1900.tgs,pw.3059,454.580707345443,737.457273227304,3242.93187352424,0.001,0.843964258208661,0.955865474954639,0.010615824462662,9.92749274803397,3.78890699366756,2.6201468562374,547.840793442667,710.188543123036,41,34,10,580,665,329.207529326852,608.379986395774,540.366921213033,977.551122239209,1577.31551206505,5976.87027036573,,2916.81962877331
pw.1900.tgs,pw.1551,496.380422655736,674.780698342269,1729.40997881544,1535.8075174603,0.990494278551197,0.99463070059811,0.0176226348715259,10.7348426299284,4.57175204075946,2.34808067765309,547.840793442966,708.277466433131,40,42,11,572,665,360.238833360997,662.26714532447,497.385792676177,888.571751966527,393.601744073272,3836.55406752469,,4265.48575942278
pw.1779.tgs,pw.1364.tgs,507.248646635231,398.229789122469,0.001,1779.60167150137,0.882938626700881,0.67862778760493,0.195811085992022,7.2842149983,3.7296757651972,1.95304242429633,492.810827816936,440.580405469386,56,50,7,926,1039,392.04458460225,643.096093563528,297.779468567236,519.086475882242,,1620.05869933203,755.03557155057,3517.48373016257
pw.1779.tgs,pw.2808.tgs,514.680778956251,420.167857293136,0.001,1010.10115223082,0.940416880100239,0.906985131691895,0.872790346001856,6.30065779386399,5.50278772431544,1.14499379396791,492.810827816784,439.047230848327,57,77,6,899,1039,397.78145378191,652.531336123971,333.133044642544,521.202013749291,,1102.0241099057,396.911877349185,2088.89604930592
pw.1779.tgs,pw.457.tgs,505.544017567778,363.143027710686,0.001,1542.06546468605,0.88864879345561,0.754285930121478,0.285951273849881,6.27254036715856,3.35212660800368,1.87121224842223,492.810827804033,400.052610182009,57,44,6,932,1039,390.722282863991,640.919540539937,266.123744552782,481.302910896557,,1728.12466617678,605.73896620061,3191.625030511
pw.1779.tgs,pw.2179.tgs,507.425085488421,388.611263374697,0.001,1264.14107184164,0.824277345939087,0.664679424494703,0.533630165633852,5.24913657537769,3.48856511429151,1.504669227435,492.810827820277,416.077225191682,58,48,5,928,1039,392.174798142331,643.310681401577,288.771370492106,509.202286550918,,1402.34951179776,448.940661136906,2766.74045500113
pw.1779.tgs,pw.1052.tgs,433.802703274848,413.315459738236,1717.48603435221,0.001,0.698078995787688,0.869318323587281,0.198292532744692,10.6495362885732,6.27166371702942,1.69804006864343,492.810827813698,401.010614241689,53,85,10,891,1039,327.215766746245,561.376376883129,335.631627638917,502.17721344483,850.569276896524,3068.31894211504,,957.787279858336
pw.1779.tgs,pw.11.tgs,509.823436675374,397.623166156017,0.001,404.95983308698,0.871178471814145,0.999682258087889,0.490368440463449,2.09412537940194,3.97795420608158,0.526432751840228,492.810827811552,397.862592291361,61,59,2,917,1039,394.031451890524,646.365353150264,304.576576324076,507.942857793947,,956.680190370559,67.0160843222862,1265.85005228276
pw.1779.tgs,pw.2237.tgs,512.760426882143,354.207921449025,0.001,1434.12745250199,0.714232356283128,0.427012229972759,0.186151243100419,8.27333243467548,4.64143508294213,1.78249448432039,492.810827800537,387.92552154561,55,62,8,914,1039,396.299060064713,650.105838176648,273.169961504861,449.896787957778,,1146.6139593909,645.951991550528,2734.99718779355
pw.1779.tgs,pw.2146.tgs,507.636151692192,305.405654025458,0.001,2677.23920072286,0.918631275528846,0.422217676689389,0.000388168635759275,13.5301208333474,4.26611632236129,3.17153115643562,492.810827816096,373.218115530326,50,51,13,925,1039,392.344777191532,643.584619917067,229.054935097613,397.099261134923,,1955.62101782799,1439.98815540856,4562.44499669158
pw.1779.tgs,pw.1438.tgs,510.893920680315,266.310640826485,0.001,2538.90269025497,0.909620866541314,0.233981487439053,2.86244894191389e-05,16.7847712875812,5.14130595350352,3.26469022450284,492.810827813012,329.06281178206,47,60,16,916,1039,394.85910689902,647.721700844377,204.465547687657,339.536974237202,,1756.57516549799,1448.59886258934,4162.52258509454
pw.1779.tgs,pw.1750.tgs,507.763107526237,295.31115966787,0.001,1787.95575594129,0.787246291133685,0.383176562147802,0.0271721782498708,9.30336955926331,3.75760474996992,2.47587763437274,492.810827818018,340.542752324584,54,48,9,928,1039,392.44042512959,643.749926978809,219.437698065089,386.945523090872,,1562.31094277895,845.737679917462,3307.06485539217
pw.1779.tgs,pw.1455.tgs,509.777447435188,230.197082889265,0.001,1126.83808187407,0.914830520933966,0.712602054603617,0.090176537421038,9.32575996550945,4.52651088535631,2.06025351572205,492.810827803654,257.61392658173,54,59,9,917,1039,393.995310755882,646.307989945676,176.32778395606,294.067751701065,,1553.86920027374,532.541694591445,2087.28678013282
pw.1779.tgs,pw.1320,441.335656176644,1055.56513944784,2550.50700618904,0.001,0.862906162076154,0.964231552297182,0.121874818336432,6.41771141905945,2.7533676205026,2.33085889848881,504.54211042962,1025.1143526597,34,35,6,590,665,309.087415093947,606.836820644234,764.476906756981,1412.61451779231,992.337115772615,5374.4529265259,,5006.13014510122
pw.1779.tgs,pw.167,518.984795099072,846.04663501678,0.001,4308.70961666892,0.947904761166285,0.79129676536608,0.231060367390917,5.07442420592245,2.3304025527172,2.17748826270628,504.542110432253,950.071713537042,35,32,5,593,665,374.268802416834,696.958496962959,585.693851890438,1174.0925985816,,2428.8032356553,1520.72584705799,9547.02334273223
pw.1779.tgs,pw.3070,518.452624354507,727.865082642628,0.001,5913.32876827623,0.905233100748995,0.528176454760019,0.0191107066353462,7.5316929656706,2.5082277892104,3.00279464172654,504.54211042953,878.780039456093,33,29,7,596,665,373.884578408754,696.244724588206,494.024518243579,1025.96203073772,,2647.83867640438,2480.86416575178,11932.6918928662
pw.1779.tgs,pw.1121,518.793064451922,768.798272875248,0.001,3954.08645079832,0.938811542280909,0.812678155751655,0.227227758976083,5.2627096520363,2.41911392265626,2.17546995317099,504.542110430818,866.505129202478,35,31,5,594,665,374.131430245912,696.698572056177,528.894116978095,1072.2068848939,,2430.08989457261,1393.8402470326,8782.32571302229
pw.1779.tgs,pw.1563,524.969802216622,727.230599716579,0.001,4461.27235349978,0.951739540490602,0.700607741691721,0.0466440337336793,8.35374847146188,3.48334607146874,2.39819653289274,504.542110428303,838.722259313298,32,43,8,582,665,378.579860055875,705.021463418277,530.869974730092,966.902964877902,,2060.91373956796,1986.51181786857,8682.92084876621
pw.1779.tgs,pw.2642,485.196313321372,749.852705143398,1277.83945878995,3801.64637534582,0.958040212680166,0.795624856585607,0.0192521766730387,7.79416715382758,2.5157304158606,3.09817264389249,504.542110431734,835.341691102904,33,29,7,596,665,342.910849988636,661.074945625489,511.544188580385,1051.2490471851,,4548.5376642111,609.520000285369,9382.63803328349
pw.1779.tgs,pw.1866,385.635220772357,842.011124292933,5943.50747073431,0.001,0.200860837030263,0.900746689936886,4.69687611906423e-05,11.7865492471157,2.58985375859236,4.55104818486815,504.542110432074,820.115294483315,30,27,10,598,665,263.563080707323,540.618777750682,598.972877012986,1143.33687513592,2847.25246867302,11240.1702002701,,5099.23895604816
pw.1779.tgs,pw.735,526.909493243409,703.026341336321,0.001,4666.42718364717,0.949078713612863,0.527641373351596,0.0209749584493135,9.59331511384547,3.85139373351083,2.49086844338308,504.542110430261,816.069090547354,31,47,9,578,665,379.972161940932,707.627053517479,520.638953891488,923.775206318883,,1974.23699737591,2175.46700823982,8854.13479295343
pw.1779.tgs,pw.686,526.577476431991,747.782216739789,0.001,3395.50408822596,0.839622020681124,0.526385970765221,0.222870297402038,6.13802001006205,3.18961577827759,1.92437598655742,504.542110429781,833.917088127197,34,40,6,585,665,379.725321422496,707.186751680823,539.241604975509,1004.26292163572,,1644.65505316354,1320.5605817752,7160.32645263575
pw.1779.tgs,pw.1211,527.706862244061,690.77249531845,0.001,4233.37093150206,0.977707091335212,0.75654653309457,0.0340493662306155,9.34342466419116,3.989746249672,2.34185937638497,504.542110429582,795.588431399691,31,49,9,576,665,380.545146585062,708.704770454731,514.887980018537,902.825561506951,,1953.11908653355,1974.97939412493,8023.12951799077
pw.1779.tgs,pw.444,487.310527718657,776.760730387301,1081.38757964218,1052.48848571797,0.977668172730326,0.998082827310791,0.589662107284946,4.38985073316791,2.62992267702402,1.66919384038142,504.542110428905,785.018880597544,36,35,4,590,665,345.82850564959,662.592911817087,550.844816025105,1056.36872424523,,3467.85963995104,,4622.81547942486
pw.1779.tgs,pw.1622,481.590582584788,800.739606383137,1226.92867362135,0.001,0.877542989790357,0.898672243630843,0.851491657264301,3.28629252241459,2.72568829530759,1.20567437152374,504.542110429725,775.994889435253,37,39,3,586,665,342.569298031994,653.97678529525,582.289013561945,1068.04087927787,301.388999818899,3270.64269895455,,2687.26863472389
pw.1779.tgs,pw.1114,519.539873344073,583.310426248719,0.001,7460.84623729856,0.88275593863102,0.17331525775104,0.000183937299979526,10.6064285364104,2.61518505046836,4.05570861400837,504.542110432371,772.346404308497,30,28,10,597,665,374.668573365908,697.7103382636,393.027277241682,826.926310783473,,2675.87761604851,3617.15408177547,13821.0941925353
pw.1779.tgs,pw.185,504.553196440045,605.121506467688,515.599371694923,6534.04717501176,0.999988757831245,0.496823546838084,0.000610379267053926,9.73016378359264,2.4428815443689,3.98306819502636,504.542110432078,767.246223318448,31,26,9,599,665,360.726778614406,681.527114613636,401.533345630557,867.884409706785,,4153.89009661665,2729.98454580207,12947.8531671869
pw.1779.tgs,pw.2062,481.445919624045,729.883085374566,1282.84474749227,1386.35747097045,0.943646086355805,0.98238398914399,0.290347866080607,5.53474755325074,2.70720177593299,2.04445328104267,504.542110430472,749.766282125596,35,33,5,592,665,340.372761310923,656.383604904827,512.588422273124,1000.03744279956,,3861.54455723881,,5119.80133874778
pw.1779.tgs,pw.1716,521.172011701293,621.317502509045,0.001,4595.29781223236,0.861406825488887,0.362121124896144,0.0280217014121025,7.34340564219874,2.64402782518891,2.77735565875675,504.542110430291,744.498289789959,33,30,7,595,665,375.838734348086,699.910618311619,424.619287684211,871.073028586656,,2191.00503951478,1923.40018529553,9311.16771354439
pw.1779.tgs,pw.3365,506.92634157737,665.914604221861,451.156819480511,2891.39150411305,0.999850249581853,0.90708796143143,0.0864370009052209,8.27133774493621,3.80900817858722,2.17152008006559,504.542110431724,733.637752213955,32,47,8,578,665,360.635382987758,687.128190016789,493.520678595054,874.240069385215,,2449.75670613711,974.678283826572,6173.93858718932
pw.1779.tgs,pw.195,508.670526127547,652.74856553788,369.072227115864,2932.62733172878,0.99715156740962,0.704723500361992,0.208524212199488,5.4193371233298,2.44221371846992,2.21902656689893,504.542110428352,723.803655312371,35,29,5,596,665,364.280001283278,686.378554923876,443.325237628299,919.361569316049,,2880.27609350017,740.374302786129,7113.03061058871
pw.1779.tgs,pw.3059,522.774669520016,563.987815651084,0.001,5560.76565171211,0.80642824984141,0.32494523904892,0.00113308551684301,10.243966554303,3.1119094915584,3.2918587709866,504.542110431072,710.188543120845,30,34,10,591,665,376.99186600756,702.071275413652,394.977361959197,775.50556566755,,2071.75412642849,2690.73858840016,10340.4226953836
pw.1779.tgs,pw.1551,528.610626729562,633.467335285459,0.001,2947.93460874248,0.929282435740957,0.648215301934072,0.185871227891507,7.22881326748508,3.76682386194733,1.91907387560936,504.542110430479,708.277466437136,33,46,7,579,665,381.193922413735,709.923378068859,467.502930156152,834.779126759919,,1693.48109555168,1233.68013753387,5974.99696234425
pw.1364.tgs,pw.2808.tgs,423.66933405455,384.791693258362,883.552099125538,2659.31764336428,0.984193284691589,0.705165825957289,2.81079766121369e-05,16.1725590512011,4.82265502529642,3.35345550663911,440.580405473176,439.047230848856,41,67,16,915,1039,316.115647992892,552.054109210938,300.372038301053,483.530745338035,,2719.09413836303,1201.36572404644,4850.54420680505
pw.1364.tgs,pw.457.tgs,379.051023404667,410.964215707118,3073.08332909376,0.001,0.625336696551507,0.950907210874909,0.0058032855038379,9.33222884759948,2.95138083441418,3.16198734462943,440.580405475524,400.052610192235,48,41,9,941,1039,281.665690066815,496.663305541501,307.305456905933,535.678228332353,1446.74870594742,5730.90693942325,,1985.89087409795
pw.1364.tgs,pw.2179.tgs,451.099677338754,337.913359192542,0.001,3310.55894906923,0.979128648530542,0.639306834655635,0.000550926129746898,11.0084456892984,3.08116432455598,3.57282005427764,440.580405476496,416.077225183262,46,42,11,940,1039,343.876824100242,578.607910664128,245.743094713995,450.705088117101,,2342.29473668197,1682.9520114032,5863.55889079536
pw.1364.tgs,pw.1052.tgs,329.986988004412,410.513853962096,2937.13417205741,0.001,0.35238023585883,0.865594006383522,8.43060587889293e-05,16.9326702906562,5.51879368432164,3.06818324061657,440.580405472072,401.010614242288,41,79,16,903,1039,238.993015745189,441.59442709472,333.359755736231,498.76231775593,1696.06832377677,4726.58438980673,,1357.78980498478
pw.1364.tgs,pw.11.tgs,414.86178458681,410.063111346062,1219.97485096153,0.001,0.917612710221538,0.950046225681849,0.729164183940372,4.91383396736299,3.57203802296946,1.37563876301577,440.58040547777,397.862592294043,52,56,5,926,1039,312.053269175906,538.113193881704,315.552606793754,521.804011809443,433.29523510157,2669.52422025104,,1211.10796995518
pw.1364.tgs,pw.2237.tgs,444.695847079248,336.731442239807,322.405466290829,2319.89166678549,0.998389234842459,0.596359383062579,0.00169157098891991,12.0867779918814,4.07555711479414,2.96567503569187,440.580405473611,387.92552154872,45,58,12,924,1039,336.619952083504,573.272424129922,257.391175808154,430.878507748144,,2137.02765153567,1101.15114460706,4208.98048504284
pw.1364.tgs,pw.2146.tgs,400.563313619587,343.650298127724,1820.64933722455,1568.09026587155,0.862695608459011,0.860724566178439,0.00013599147666002,13.3446397188777,3.75360515679273,3.55515275620519,440.580405464963,373.21811552396,44,51,13,931,1039,296.529437989939,525.610597322943,259.946929964093,443.078153753128,298.247969450712,4123.22145520826,251.501252990468,3586.63029702201
pw.1364.tgs,pw.1438.tgs,401.298406186466,300.307184748514,1549.20306639253,1492.32474607665,0.888254148568974,0.812553996050418,5.25692176759035e-05,15.2414253252631,4.49844163838686,3.38815673303449,440.580405470325,329.062811786612,42,61,15,921,1039,296.280406106257,527.467913004943,232.487625618777,379.828983148839,197.686070397433,3534.63198956639,412.656369282017,3122.55300143936
pw.1364.tgs,pw.1750.tgs,452.689511396721,288.10928475051,0.001,2205.97138337422,0.968234610674797,0.684740378422156,0.00538334561149104,9.93830338495427,3.34341448723484,2.97250114303767,440.580405473641,340.542752326416,47,47,10,935,1039,345.086281672331,580.650325068846,213.381934572077,378.535813431942,,1992.76889589201,1084.13860353387,3991.88216302388
pw.1364.tgs,pw.1455.tgs,408.789726516199,247.549709071528,1421.69907282037,639.121822398628,0.91125630684862,0.961218514128755,0.0165277793011621,10.2942100483602,3.97355654767605,2.59067913715254,440.580405473281,257.613926580804,47,58,10,924,1039,304.377064991431,534.182344758724,190.505682072725,314.723135337835,232.083850091308,3295.69251483239,,1744.03602415128
pw.1364.tgs,pw.1320,291.344051169755,1046.69114643309,6438.46114124588,0.001,0.4084930380877,0.957780154111819,1.36517706148708e-07,13.5023689105982,2.39580393206455,5.63584053347919,446.137469909398,1025.11435266391,23,28,13,601,665,187.901148394584,427.193022185734,758.063194687974,1400.70909679814,3396.09146530803,11337.1736530925,,8341.64464215836
pw.1364.tgs,pw.167,431.415056659504,900.215382987603,964.613962112696,2727.56410839787,0.990682057536589,0.976481711855875,0.193868693298624,4.84831721545434,2.07276842333189,2.33905397287984,446.137469910588,950.071713537824,31,32,5,597,665,299.506171874207,596.433510416962,626.110373848022,1243.21828599281,,3553.21318342819,,8286.73900509006
pw.1364.tgs,pw.3070,393.332352638989,743.992339158968,2909.5014247762,7092.407905683,0.825360364004476,0.747510309661198,3.16482785011494e-06,11.898077214698,2.17590657265517,5.46810114194346,446.137469912525,878.780039460164,25,25,11,604,665,265.046290892848,555.199749373266,496.860399604036,1058.11782435299,130.907311318061,7522.00722116669,1441.54840548324,16522.969546807
pw.1364.tgs,pw.1121,355.391209089955,889.403926902465,3829.06724370517,0.001,0.60630167491427,0.982911892160613,0.00263847050922498,8.00553405577321,2.13408283531514,3.75127615634049,446.137469909707,866.50512919168,28,28,8,601,665,239.470548035593,503.833535270802,629.559005051593,1212.56304537902,1698.86323673873,7499.72848754061,,5838.28873697175
pw.1364.tgs,pw.1563,320.688833960997,858.236754034094,3737.18334498835,0.001,0.546017396585091,0.93612710404618,0.000237360494700861,11.1866728089139,3.03477622658451,3.68616068325536,446.137469910442,838.72225930409,25,40,11,589,665,210.821865506258,463.395322240025,643.630728097252,1116.00055606007,1890.42188471566,6676.36361707099,,4652.914892035
pw.1364.tgs,pw.2642,359.414486978749,847.760118337197,3872.82854743638,346.210923919968,0.613451590653647,0.997189312657669,0.00196332670255741,8.4457966162284,2.16403316430334,3.90280368875369,446.137469910229,835.34169110329,28,28,8,601,665,242.191610154998,509.452678007373,597.617121626198,1158.84593948502,1634.34310586762,7757.59069215727,,6396.42476920433
pw.1364.tgs,pw.1866,367.105346416452,842.107177301438,3815.9919741527,0.001,0.257814287948401,0.845659092374257,0.00509143302620209,8.27492138142203,2.21733652671638,3.73191948164776,446.137469911432,820.115294488181,29,30,7,599,665,249.168145918939,517.44735357533,599.035980223604,1143.47647852531,1595.83468075839,7746.87549919054,,4390.63153427918
pw.1364.tgs,pw.735,351.58825207956,832.267062073102,2616.99312890985,164.175095636431,0.687716018560883,0.990178454842982,0.0114059957336042,9.34863023997757,3.34662250558876,2.79345227146642,446.137469911103,816.069090535923,27,47,9,582,665,235.085374193436,501.434828876643,631.849002831583,1070.99843631216,1197.26453041614,4927.8579617207,,4127.27788648767
pw.1364.tgs,pw.686,402.037755921003,792.618080848004,1653.10487910352,2409.64385120527,0.844951128171227,0.924002984343282,0.016683961320381,8.00481931929664,2.76435504711228,2.89572764094058,446.137469910098,833.917088131135,28,38,8,591,665,273.257996109708,564.878742638746,572.696897930211,1061.09611551393,180.206195670856,4132.7910043665,,7192.92513720727
pw.1364.tgs,pw.1211,334.559867329097,754.16196662877,3259.94077173006,2893.34698854975,0.430669787155494,0.884237590651438,2.0755055172271e-06,14.845415404126,3.4627939683488,4.28712061411062,446.137469909262,795.588431403607,22,44,14,585,665,215.65066685841,489.089206784076,565.027058631072,979.664490315055,1322.41862735421,6213.87980936883,,8479.60432523571
pw.1364.tgs,pw.444,420.88389632013,807.313003027344,1270.20955245554,0.001,0.944901519555711,0.97862894629397,0.811579688583808,3.21171134654528,2.28421945644798,1.40604324925048,446.137469910426,785.018880600667,33,36,3,593,665,293.099057882351,581.335113288741,579.668657068503,1087.98717224898,311.871885331625,3389.38781112606,,3445.30581128232
pw.1364.tgs,pw.1622,329.675226423375,793.825763973031,4922.89235939791,0.001,0.269400639327873,0.906818272699457,5.86650404022024e-05,11.149260864243,2.41650833250736,4.61378953850929,446.137469909525,775.994889435683,26,32,10,597,665,218.626994820358,473.172146881851,577.270772679554,1058.78942325408,2394.86487300276,9067.16968644117,,5005.96839144403
pw.1364.tgs,pw.1114,444.79083077446,669.772666698938,492.448794833094,4454.53341153723,0.999876822276627,0.779127547720598,0.0214392208208967,6.88568783870832,2.25969746117668,3.04717244543116,446.137469910502,772.346404303824,29,31,7,598,665,311.017883504739,611.376939985421,461.203524372671,933.106230315808,,3195.4516336435,1455.32848627387,9765.42239241114
pw.1364.tgs,pw.185,402.667836397531,702.211452175358,2170.92281188433,3246.70657715701,0.8739502523863,0.909319180700419,0.00244816062122494,8.02291138339062,2.09767875197752,3.82466160551385,446.13746991023,767.246223314325,28,27,8,602,665,274.299230573931,564.648252671763,476.665662204556,987.159933218854,120.533758090991,5738.54131595476,,9240.97743893949
pw.1364.tgs,pw.2062,395.229841584778,771.766543839929,2112.26520865667,0.001,0.790994865021621,0.951159436117025,0.205203424038516,5.14699723210617,2.29087951007964,2.24673415142957,446.137469911012,749.766282124898,31,33,5,596,665,271.89156008948,551.19983961467,551.591402614142,1043.98926917855,743.248087917841,4708.21562270565,,3765.49660643415
pw.1364.tgs,pw.1716,434.354414102629,658.22561033815,856.764293179684,3931.25981393764,0.984760165000194,0.729075053832658,0.0176378342986558,7.09111717726135,2.26146935182708,3.13562382418861,446.137469909406,744.498289788425,29,30,7,599,665,301.476576873532,600.222943699917,451.153947929788,919.856408561197,,3650.31083475294,963.884368326549,9221.4640426139
pw.1364.tgs,pw.3365,376.525071684559,721.927090519431,2048.31714184438,1183.86105351704,0.920148812573573,0.99779065283752,0.0128376947437907,9.08032374358525,3.27845591882388,2.76969523715382,446.137469910914,733.637752215324,27,46,9,583,665,252.595260701462,534.968013483305,541.252354069089,937.94117245812,666.477072221432,4299.79833885923,,4977.28675393988
pw.1364.tgs,pw.195,422.728887661646,648.0797597874,1356.95161502884,3581.6925565236,0.963426423914105,0.866976867821935,0.0106017575836522,7.11894743029893,2.07470317015285,3.43130888924918,446.137469910593,723.80365531311,29,27,7,602,665,291.511242114877,587.064624850692,436.272824126682,917.718448512309,,4607.64815446563,441.57820152767,9255.91984458703
pw.1364.tgs,pw.3059,400.730079002743,690.39170414073,1757.14760153036,1449.16642788884,0.926507576215714,0.987399817814891,0.0442989598449121,7.14714834061555,2.65922379988251,2.68768215030691,446.137469909128,710.188543120833,29,37,7,592,665,273.185044726783,562.162065130051,497.695065336683,926.033712444296,302.321871412654,4280.05164623274,,5491.84409425015
pw.1364.tgs,pw.1551,365.641886466295,693.573753635364,2309.17387900309,1273.55335504143,0.816192929596427,0.993182161513922,0.00326783218882479,9.88266978641027,3.24797538772627,3.04271695646333,446.137469906804,708.277466433711,26,43,10,586,665,243.376960359596,522.598051153932,516.233978598789,906.350851382025,825.298168494143,4685.0017614358,,5132.96899636282
pw.2808.tgs,pw.457.tgs,400.64544619574,417.375899393896,1986.40993601733,0.001,0.796114993365595,0.9015116001198,0.0825473183595531,9.12490609579423,4.3661242739402,2.08993274659117,439.047230851395,400.052610193566,74,41,9,915,1039,316.124894881346,499.05168576447,312.092257133907,544.050138764005,934.848973901625,3706.90045601517,,1265.64483328135
pw.2808.tgs,pw.2179.tgs,451.52037250696,385.160251779709,0.001,1104.8857647595,0.887111540275323,0.821549110791456,0.683138901624029,6.04996846458132,4.55150324854768,1.32922424399275,439.047230854622,416.077225184091,77,47,6,909,1039,361.173809971235,555.827545930491,285.254952045472,506.062698924888,,1099.71118361029,435.56111647346,2271.46484673902
pw.2808.tgs,pw.1052.tgs,363.231202077848,416.042049945017,2160.26247370843,0.001,0.3786995234325,0.900839942675836,0.00254527211351589,18.5540423432951,8.21371504539668,2.25890991357116,439.047230847989,401.010614236849,66,78,17,878,1039,282.469182965512,458.110765709793,337.842894864131,505.486375006054,1267.62469880907,3438.69303660071,,975.126567230511
pw.2808.tgs,pw.11.tgs,420.141285235806,415.560765448483,1017.21757802614,0.001,0.971484413023592,0.980002519073766,0.910525457464576,5.92093073459066,5.13122773356792,1.15390137449106,439.047230854124,397.862592291897,77,55,6,901,1039,333.111201955299,521.170503710968,319.777204333537,528.811275142455,399.720671474564,2103.54662800378,,925.602993868385
pw.2808.tgs,pw.2237.tgs,454.960554713097,340.138341423037,0.001,1497.70622435673,0.895954900370711,0.564100009689895,0.098292714525383,11.2861808465554,6.08535811868083,1.8546453021243,439.047230849547,387.925521540436,72,59,11,897,1039,363.923182736177,560.066846301513,260.536803977899,434.521779523916,,1086.33500762519,767.386234977909,2618.70386498762
pw.2808.tgs,pw.2146.tgs,429.408567274631,360.23879640944,739.824416681187,675.134001402112,0.980628965910416,0.961131006725578,0.299841210385816,9.27822837279237,5.57828515358556,1.66327609961434,439.047230862948,373.218115523792,74,55,9,901,1039,340.069454844847,532.929951730475,274.496528543183,461.857949694792,,1961.88201955836,32.7261941679752,1701.66487093271
pw.2808.tgs,pw.1438.tgs,443.758443243297,288.535480908635,318.793496446008,1295.13689589192,0.996102270872939,0.637885957601185,0.0154255741005477,14.271742749922,6.65543853147655,2.14437300899475,439.047230846732,329.0628117846,69,62,14,894,1039,352.805897620529,548.839273689026,222.65206534688,366.242308065595,,1509.53907973167,629.966653695466,2279.02811414227
pw.2808.tgs,pw.1750.tgs,438.044799812305,320.104242466861,477.517109474793,814.482036889531,0.999761675414631,0.938266457399991,0.337464590534092,8.18745347473715,4.8948653125602,1.67266164683391,439.047230858708,340.542752332874,75,49,8,907,1039,348.195040557719,541.890031531862,239.104469508232,417.450819708245,,1784.9827322027,189.987871712882,1832.41909379634
pw.2808.tgs,pw.1455.tgs,437.165422910615,244.715090961442,495.593282195447,559.41272828328,0.999394357656088,0.949784342147266,0.365271927835079,9.32355792403395,5.88827197035912,1.58341156301334,439.047230852131,257.613926580955,74,59,9,897,1039,347.009275533741,541.466516589298,187.840233349484,311.928484531954,,1645.10624883398,130.623552815326,1242.65460997734
pw.2808.tgs,pw.1320,361.035788305731,1064.49439463159,3235.49249562024,0.001,0.323982852618915,0.882423896989879,0.00193566250771132,10.9941222774459,3.52612056650393,3.117908781079,436.566253089235,1025.11435265506,42,31,10,582,665,262.534896088363,481.571329816108,770.944346025325,1424.60600109373,1572.60605555126,5997.72158991762,,4341.36698185128
pw.2808.tgs,pw.167,390.092116204886,949.621966211772,2235.50607384239,969.411721699095,0.740303651294573,0.999990620550183,0.0250677412204992,8.17085746033668,3.03091395183924,2.69583946960235,436.5662530877,950.071713542593,44,29,8,584,665,286.065554001154,516.616877613289,665.880311879339,1302.0802451456,782.757008198005,4744.93811662827,,5498.20777529146
pw.2808.tgs,pw.3070,406.379632793637,775.283685452985,1717.69974745102,3594.0182428996,0.894060414921074,0.866385860729837,0.00142006058601268,10.7768159357411,3.22816953474743,3.33836739977298,436.566253086357,878.780039444395,42,26,10,587,665,298.417298298409,536.859042910341,521.938098242134,1096.47723984262,62.2403567514646,4513.70338740929,433.694332211073,8677.14555886347
pw.2808.tgs,pw.1121,396.153253411184,873.549201596967,2010.4406398615,705.675570444273,0.663055174155674,0.998784142791467,0.0689313537005106,7.47548064766085,3.08563522153244,2.42267154441809,436.566253086031,866.505129199722,45,29,7,584,665,291.524920316252,523.229551757011,610.930219710444,1200.60684377949,666.328138395244,4381.24947097982,,4566.96269642353
pw.2808.tgs,pw.1563,364.766969236705,854.542398249832,2280.89007743802,430.324783958998,0.692768708037371,0.994693315840688,0.00869246793093856,11.2023623870209,4.42130884563372,2.53372084560069,436.56625308925,838.722259308249,41,40,11,573,665,264.22716890132,488.016797380482,636.998346267224,1116.0472340016,1064.0405489303,4224.32398081142,,3628.3263643784
pw.2808.tgs,pw.2642,394.901418749485,847.466934944836,1998.53570128226,547.576438534025,0.745074919143301,0.996962128213008,0.0820065955619235,7.45535618254527,3.18291061691519,2.34230774276999,436.566253089216,835.341691110024,45,29,7,584,665,290.536918931385,521.6565973356,593.867442678424,1163.12805930982,692.114890554631,4318.77092127715,,4218.15172411052
pw.2808.tgs,pw.1866,359.807313305263,852.464455816232,3816.00603859764,0.001,0.182005751664691,0.781676349342219,0.000552051224238907,11.4708911427958,3.27226106518475,3.50549388153666,436.566253089302,820.115294497231,42,27,10,586,665,261.641413874007,479.929942492096,606.391165968192,1157.56775241152,1838.72651072534,7148.86389983103,,3281.98396162427
pw.2808.tgs,pw.735,339.82403116386,846.245067999447,2759.50827680201,0.001,0.485424109820094,0.888403635059635,0.0011537671097669,13.5250608724413,4.91180573578177,2.75358220580942,436.566253087991,816.069090537034,39,43,13,570,665,243.98651300683,458.002508260491,643.389555993107,1087.90468636422,1473.4957039298,4759.64872467786,,2842.00278113179
pw.2808.tgs,pw.686,434.631893247916,757.902670789394,488.784729185781,2546.23135490325,0.999509163114788,0.862733616416094,0.162295741756279,7.86135739380318,4.05652977097452,1.93795136179035,436.566253089348,833.917088131187,44,38,8,575,665,322.997776801518,568.813903609956,542.851124928517,1022.82885550167,,2012.01438474984,709.449647086562,5621.46721487385
pw.2808.tgs,pw.1211,361.712401405384,789.407806347203,2176.15098070288,970.63020786171,0.61841709005355,0.998500251556393,0.00186091484404194,13.5711577578006,5.07687736928203,2.67313089733341,436.566253087697,795.588431399169,39,45,13,568,665,260.138229009621,486.564149044212,595.754428723979,1019.63711410791,975.547221680892,4032.11199103061,,3986.61334339434
pw.2808.tgs,pw.444,376.864478903262,795.976381250016,2726.28753758342,492.733336887308,0.659026014463083,0.997530564702232,0.00745886913805389,9.866409330603,3.37256481833043,2.92549138773478,436.566253089286,785.018880600205,43,30,9,583,665,275.189463529424,500.925041464745,566.719671234183,1078.79656572389,1147.01831162307,5400.57659912747,,4332.56654345939
pw.2808.tgs,pw.1622,406.014227650818,807.991141388339,1435.69584668629,0.001,0.723074636456503,0.867700180333949,0.491488102942493,5.51290859820441,3.48836406357663,1.58037076914272,436.566253087146,775.994889440104,47,37,5,576,665,300.685786536468,533.506097911385,587.567357651656,1077.75757794341,506.279172535402,3186.47559377528,,2458.80677633405
pw.2808.tgs,pw.1114,440.598903201308,610.154357176285,296.681813425334,4689.90661108019,0.998286181607771,0.640273000883207,0.00352055897202961,10.0514635063256,3.34937086557442,3.00100045941068,436.566253088678,772.346404298446,42,28,10,585,665,329.522466186826,573.834830512361,411.302823317863,864.492173927156,,2489.26582987395,2095.79904948259,8861.577130303
pw.2808.tgs,pw.185,429.346285483118,689.402728086055,701.621622543956,2548.57255617664,0.995345061037172,0.928776384278853,0.104381823576614,7.03788822530986,3.11484609328905,2.25946580168857,436.566253088847,767.246223313553,45,28,7,585,665,319.10165146426,561.89882666327,466.444221171809,972.909887279335,,2769.53155659523,486.556979048793,6094.52558563975
pw.2808.tgs,pw.2062,387.808009475674,781.605539460774,2105.74543785045,0.001,0.676971229017027,0.964188194519052,0.10646417497331,7.59519911394175,3.47705042394683,2.18437991627409,436.566253089398,749.766282126342,45,31,7,582,665,285.217634042704,512.495379766476,558.620016328217,1057.3246865609,882.004301429166,4261.2965948401,,2999.27623087743
pw.2808.tgs,pw.1716,450.312089260183,608.141408998006,0.001,3792.41171159199,0.853077006137896,0.529768802650742,0.0454742361534238,7.8963686879237,3.3296237539605,2.37154984208987,436.566253088833,744.498289793348,44,29,8,584,665,338.683323232931,584.167811202089,412.733685315564,857.287643436733,,1603.02402248868,1696.64774558268,7319.38604643065
pw.2808.tgs,pw.3365,376.167802446575,763.979901667916,1796.36905992206,0.001,0.700374385990032,0.864660572028787,0.113133693857212,9.35212620044382,4.85090681982963,1.92791297540782,436.566253087035,733.637752222087,43,46,9,567,665,274.595092641307,500.18411577401,579.321875495732,984.32055877038,844.277037161663,3360.03479817732,,2111.07665445688
pw.2808.tgs,pw.195,414.317164178978,613.627582401942,1350.34444259457,3399.34113817037,0.984802859760878,0.945527666804685,0.00165510550143177,10.211748047525,3.13561465117449,3.25669738904301,436.566253088561,723.803655312186,42,24,10,589,665,305.361479355804,545.685653827766,404.010850628981,882.96772001244,,4061.52503014318,789.270687513599,7636.10477546079
pw.2808.tgs,pw.3059,426.627499324353,617.009156421005,733.690881328028,2953.53760941363,0.991625400740235,0.832093176196231,0.0129555474727775,10.1644863501915,3.96783350558333,2.56172199158269,436.566253088755,710.188543121033,42,34,10,579,665,315.817622174846,559.918776144344,433.639146712801,845.082551593207,,2631.78586728536,960.515355895207,6162.07436567188
pw.2808.tgs,pw.1551,425.8840198867,627.571020480922,696.012714880504,2709.1047927372,0.982282333480095,0.678063313566935,0.0150890052624796,11.2631365048893,4.7450027385435,2.37368387870449,436.566253085676,708.277466433402,41,42,11,571,665,314.402554696312,560.095819376544,457.812300366519,834.217632252277,,2267.1713053238,925.507832282568,5552.65657314103
pw.457.tgs,pw.2179.tgs,410.801050566392,361.506933993829,0.001,2644.93598611298,0.884285249667061,0.626798833898395,0.0166433893321805,8.10615079206025,2.76125011264201,2.93568147084805,400.052610183107,416.077225183132,42,45,8,944,1039,307.181534777942,535.467440676922,265.893699897331,477.69381558587,,1820.2740308798,1186.45974678958,5081.00587079727
pw.457.tgs,pw.1052.tgs,300.382859733743,409.553233598335,2615.71638382886,0.001,0.309520867952994,0.784631446836202,0.000303262207921216,15.1327238315811,5.00113030429144,3.0258607376408,400.052610190258,401.010614243186,36,81,14,908,1039,212.624907190496,409.50546929431,332.580137593801,497.591814165713,1451.40618491361,4331.68853197544,,1306.41615528848
pw.457.tgs,pw.11.tgs,412.767219057078,374.026667911106,0.001,1354.99506974049,0.914851708532507,0.808156513877603,0.484675742610703,5.23870279544643,3.15465944225335,1.66062387758232,400.052610190666,397.862592293046,45,56,5,933,1039,308.65160739824,538.030631465955,284.403511579851,480.76244937839,,1396.80716715285,479.777096110172,2982.82202985554
pw.457.tgs,pw.2237.tgs,414.225113416305,328.061296270204,0.001,2998.54979196127,0.888070636818363,0.381478884088226,0.000430284892611757,12.3036071740619,3.69350161461919,3.33114980249722,400.052610192471,387.925521540878,38,58,12,931,1039,309.738899295828,539.937663288093,250.690559588996,419.921823657834,,1636.0395538441,1561.71369618822,5255.74806798303
pw.457.tgs,pw.2146.tgs,406.296496126478,344.985312977373,207.795401361067,1510.62957939132,0.997171820697771,0.894039819898407,0.145589884485021,7.24213665726863,3.38577967276263,2.13898639522501,400.052610193644,373.218115524054,43,57,7,932,1039,302.248121690367,531.529442253473,263.027686338928,442.397984823471,,1839.81810221893,538.572533547249,3181.42775013498
pw.457.tgs,pw.1438.tgs,415.607730577219,287.823092773164,0.001,2006.47827404141,0.939342215164257,0.807501044508871,0.00618513873392355,10.9615528735923,4.06508829991617,2.69651039900371,400.052610184513,329.062811785817,39,65,11,924,1039,310.770931831789,541.742973639,223.378465793037,363.623426782278,,1529.91258286822,1014.70701589305,3586.06251155318
pw.457.tgs,pw.1750.tgs,411.573638269851,305.737480040565,0.001,1748.7062401659,0.932959256970639,0.759535835012911,0.0803035425106716,7.19718083757603,2.9789910698069,2.41597932619602,400.05261018287,340.542752333604,43,50,7,939,1039,307.759418438129,536.474563794853,228.619441384447,398.518917940504,,1719.82868915612,738.725282748942,3483.7335288237
pw.457.tgs,pw.1455.tgs,413.135728169111,224.601194976992,0.001,1639.25293731787,0.971026453607985,0.914958793767202,0.00722369041527611,10.1952441879726,3.59718327044349,2.83422984637524,400.052610183481,257.613926580609,40,58,10,931,1039,308.926493193339,538.517348631275,171.633767239786,287.49601626587,,1778.71354095914,801.74615650078,2991.12231323378
pw.457.tgs,pw.1320,405.055414059367,1052.84108828844,1746.29138899565,0.001,0.757699559124598,0.915053759711949,0.412140429231891,4.52712432459008,2.40193288609805,1.88478385503285,444.419043277521,1025.11435265792,31,37,4,593,665,278.65973467382,564.905984405622,762.507890869413,1408.95962438307,533.851367485473,4186.39413880395,,4627.41410621134
pw.457.tgs,pw.167,456.923647341836,842.484974006002,0.001,4966.30503654709,0.965911027834514,0.903257438016459,0.155968018236312,5.02556919095902,2.0350348698641,2.46952485452726,444.419043276576,950.071713535058,30,32,5,598,665,321.748465452646,625.539255019347,583.231785485442,1169.13749046286,,2545.1000777539,1748.33666392601,11060.9682840847
pw.457.tgs,pw.3070,338.100506387059,899.279618589645,4511.39612759913,0.001,0.925304243326989,0.932389341343922,0.000388637156663306,9.32685255143624,2.21860272230091,4.20393090555815,444.419043276518,878.780039458695,26,27,9,603,665,224.212707956916,485.269030618958,636.534339794816,1226.00868088718,2079.57449970954,8738.43805805089,,6260.44576111113
pw.457.tgs,pw.1121,350.670652200154,886.828920623081,4161.47958342401,0.001,0.653311922442327,0.982420373557735,0.00154348160151074,8.40526040374297,2.11284866118468,3.9781649098474,444.419043279028,866.505129201856,27,28,8,602,665,234.465395869294,500.119693251416,627.725522721842,1209.01920851899,1841.28834293678,8196.26345828145,,6429.04780679875
pw.457.tgs,pw.1563,315.751654277342,856.519174708378,3765.02340833008,0.001,0.939752207169609,0.963499772802559,0.00023170847298621,11.0644359685633,3.01001905427678,3.67586907891578,444.419043276844,838.722259315139,24,40,11,590,665,205.661265408866,459.513494917079,642.350041421768,1113.76285942403,1897.59595445115,6768.03817264375,,5081.50583100468
pw.457.tgs,pw.2642,364.45018520838,856.054138262036,3415.86355071571,0.001,0.851074427539866,0.968749565445489,0.0108771923573643,7.38830813810644,2.19902322327175,3.35981360265671,444.419043277168,835.341691107239,28,29,7,601,665,245.564305070192,516.654170373819,605.940394785994,1167.07475147786,1423.03894524392,6986.40050773791,,5600.89758236147
pw.457.tgs,pw.1866,350.112770711492,841.318100483476,4609.87863811236,0.001,0.164640812361584,0.765595582420599,0.000651943555526696,9.60979195921253,2.23995290583586,4.29017589350903,444.419043276836,820.115294484083,27,29,8,601,665,234.090702544779,499.319861509637,598.474701703334,1142.4044546028,2036.53694971929,9106.68427881792,,4015.77353772104
pw.457.tgs,pw.735,330.274809766373,834.68761926495,3120.38215418225,0.001,0.65633828170078,0.883825765203273,0.00205285425795394,10.6528519028498,3.39106805573309,3.14144444398266,444.419043278336,816.069090549444,25,46,10,584,665,217.120955540561,477.246382971039,634.620642021641,1073.00668854069,1525.95849841281,5695.20870352967,,3854.41146979795
pw.457.tgs,pw.686,461.827464444615,725.862292992073,0.001,4532.92392842244,0.987558661228948,0.892697198583223,0.0657685157086684,6.81824784727336,2.77584376016668,2.45627940056105,444.419043275975,833.917088126615,28,39,7,591,665,325.201216448361,632.288902076034,521.154478107223,978.313519502866,,2122.60535625591,1893.34220885169,9220.03669087126
pw.457.tgs,pw.1211,344.428167762375,814.261168380153,2618.67669245817,0.001,0.786157199215544,0.972210095804998,0.0134037758519259,9.43904706045581,3.48298171793771,2.71004783397046,444.419043276172,795.588431405605,26,49,9,581,665,228.403955465964,494.37425466372,622.179933996246,1042.39611242434,1231.193586611,4894.6467317652,,3765.9145644562
pw.457.tgs,pw.444,405.217002331179,805.896533176714,1738.01386574353,0.001,0.937137995370161,0.96763225079404,0.447838388414892,4.27033883234789,2.27916265955145,1.87364373246985,444.419043279953,785.018880601374,31,35,4,595,665,278.768120526001,565.139141714356,578.654373817703,1086.07148346893,529.963726377213,4190.03227202439,,3920.55591686401
pw.457.tgs,pw.1622,364.259184794016,793.913944972431,3440.46603298,0.001,0.481168356237806,0.924940594083512,0.00917816777187081,8.19419862144727,2.39709311626816,3.41838978462553,444.419043280672,775.994889433813,28,35,7,595,665,245.442961504987,516.379776213689,577.339706810638,1058.91530506929,1444.63508411481,6927.81052058167,,4653.36050504157
pw.457.tgs,pw.1114,458.688525577116,667.271242707872,0.001,4585.47270399109,0.891823345030442,0.610759694873293,0.0598817761527744,6.1659592337504,2.27167597042597,2.71427761442323,444.419043276301,772.346404303262,29,32,6,598,665,322.985706105815,627.968384210401,461.918960638414,926.033857560573,,2212.73177893393,1779.18500946969,9717.16577945615
pw.457.tgs,pw.185,457.932903403083,675.598154396632,0.001,3981.65564631098,0.887994211865904,0.683227547095069,0.147557156363983,5.15649016199482,2.13543000850521,2.4147315254806,444.419043277362,767.246223317231,30,30,5,600,665,322.452826276302,626.93256920885,461.725402298042,947.149075582735,,2204.73242825476,1398.26828783252,8911.80046321618
pw.457.tgs,pw.2062,378.728289994898,770.134107038973,2633.35221904786,0.001,0.743784617909109,0.94054506483283,0.0623457509368245,6.39376734463852,2.36843575575055,2.69957389771476,444.419043277792,749.766282129301,29,32,6,598,665,257.053924337425,533.838148955471,550.437601245596,1041.77068054985,1021.26649765847,5585.21635043634,,4113.44924534537
pw.457.tgs,pw.1716,458.674638683735,640.164689579552,0.001,4405.47227497597,0.928868900922225,0.621934531929295,0.0620419312654374,6.16723636237379,2.30870991715608,2.67129114686298,444.419043278721,744.498289785416,29,31,6,599,665,322.977391335678,627.946265911011,440.385072453933,892.848829661513,,2297.10484834142,1707.05523594948,9358.1227396302
pw.457.tgs,pw.3365,370.922202623924,752.799157921676,2070.49885716383,0.001,0.811062695117182,0.939677323376675,0.108702558072786,7.35333591691872,3.33241498593022,2.20660870508782,444.41904327724,733.637752213223,28,48,7,582,665,249.898247907161,525.818408301813,570.857184773368,969.847474460997,873.59273733949,4142.66138060452,,3062.93781914681
pw.457.tgs,pw.195,377.796897087084,743.145957129821,2860.10848551948,0.001,0.87326531113739,0.990914649056176,0.0464750251514015,6.19759241593668,2.14693500066285,2.88671637195501,444.419043278432,723.803655321004,29,28,6,602,665,256.423431382972,532.51987546812,520.449075291501,1021.84907103254,1107.43382839913,6086.40830725611,,4630.19875732319
pw.457.tgs,pw.3059,354.570292222739,728.164966506265,2931.82175833574,0.001,0.908386389781289,0.950474535696209,0.0126823316695437,8.02521243945554,2.70355749102028,2.96838978498177,444.419043276705,710.188543122091,27,36,8,594,665,237.063380339648,505.698301578602,533.573045858848,965.200540855139,1304.41155955492,5717.58866705041,,3867.49792473475
pw.457.tgs,pw.1551,458.066212525338,623.109724254538,146.586437010513,3765.35886266353,0.992324579636569,0.757205211187013,0.0384673716290431,7.99742665251478,3.24538236058782,2.46424789560582,444.419043277808,708.277466443955,27,45,8,585,665,320.643333806962,629.486326782849,458.321921920865,823.486565346132,,2085.62488695016,1556.14664024658,7612.29705688088
pw.2179.tgs,pw.1052.tgs,335.847040293317,411.230495504649,2177.8859032034,0.001,0.231831380409156,0.722716232170447,0.00631711989798564,12.9906286941873,5.21038538971389,2.49321839413891,416.077225184251,401.010614239483,41,83,12,903,1039,243.23775019491,449.437868850949,333.938476014985,499.636393813291,1151.97798129441,3721.75115851848,,1059.65390086601
pw.2179.tgs,pw.11.tgs,363.634015305115,408.205297618994,2111.70897397501,0.001,0.809865201420861,0.960976065066616,0.057145985721541,7.90993401290842,3.28022514985808,2.41139972152541,416.077225182423,397.862592294286,45,53,8,933,1039,267.456884518692,480.50738050982,314.125544737043,519.434874533031,951.445222652587,4024.93955303506,,1653.46674107834
pw.2179.tgs,pw.2237.tgs,412.568658408933,341.168393397165,519.620673396481,2252.50985957057,0.999084309551263,0.741954130876189,0.00120565693394029,11.8749040058955,3.86022177318945,3.07622325959889,416.077225177402,387.925521544732,41,58,12,928,1039,307.295037922458,538.760598882775,260.919621684679,436.311172844682,,2345.24649458552,981.673381250856,4240.24040787081
pw.2179.tgs,pw.2146.tgs,377.657752926782,366.02932051679,1657.408748786,671.756949597733,0.740655246814156,0.978888966189429,0.0219548400027825,9.3646411244465,3.53832744811366,2.64662930770834,416.077225178571,373.218115528149,44,55,9,931,1039,277.486494412954,499.129261787352,280.461172309365,467.046941557264,457.719218074937,3587.28013388765,,2336.71070708831
pw.2179.tgs,pw.1438.tgs,357.705505063972,314.452169817984,1957.1727551794,951.62764610011,0.801337841969973,0.947360085197223,0.000163309065763408,13.8341088316913,4.22466214805111,3.27460713943083,416.077225182409,329.062811783854,39,62,14,924,1039,258.583608321584,478.711007080698,245.223585207233,395.193821156417,670.296542280772,3864.92898639673,,2529.84150314264
pw.2179.tgs,pw.1750.tgs,366.558066519695,333.378880422913,2228.18794790158,635.011247156187,0.835214316131576,0.992853984346107,0.00294674357585233,10.035172033671,3.11673652675192,3.21976912309913,416.077225195621,340.542752332466,43,47,10,939,1039,268.176987560382,486.250752545516,250.974632278611,431.536963540651,768.655093870023,4547.64654048872,,2441.28828060271
pw.2179.tgs,pw.1455.tgs,351.227672567295,258.310489970144,2392.35623732479,232.368890875241,0.65318904088439,0.999806394620287,0.00266436970969107,11.3296103857883,3.75441466277753,3.01767689597894,416.077225182954,257.613926580726,42,57,11,929,1039,255.566079254172,468.132584980161,200.553066476698,326.037187442939,1073.68138271647,4436.41489792773,,1412.70814353027
pw.2179.tgs,pw.1320,320.437449483901,1049.10604135302,4237.67303744702,0.001,0.309097222537464,0.886309227766793,0.0003322030306762,9.79246615977011,2.29423285907983,4.26829653363856,425.133990829003,1025.11435265049,25,32,9,599,665,210.660917883261,463.014373683309,759.80670985433,1403.95078063513,1980.09469426942,8008.70156860747,,6256.8001322175
pw.2179.tgs,pw.167,359.275445890526,974.439772407859,2788.23268181343,0.001,0.695209094775256,0.947072261562021,0.0399057899809254,5.95406258901669,1.97366376297144,3.01675629898204,425.133990831475,950.071713532306,28,31,6,600,665,242.077400806457,509.320707423843,693.179316720119,1323.15223269845,1083.41941740305,5890.9756218749,,5697.81968162547
pw.2179.tgs,pw.3070,359.146140609844,901.543667748291,2805.0824062239,0.001,0.744527074286141,0.963681809298129,0.0399006322247389,6.31457134410741,2.10116787513711,3.00526741286455,425.133990828269,878.780039459909,28,30,6,601,665,241.989729229688,509.136993608414,638.13357963896,1229.10502431553,1087.59434523681,5951.77162531813,,5465.37825862472
pw.2179.tgs,pw.1121,385.206464266861,891.259960239412,1834.15924667761,0.001,0.712301414502869,0.919538231846659,0.335418331844444,4.17091922409483,2.01437081200953,2.07058164228161,425.13399083048,866.505129190756,30,32,4,599,665,263.268364919431,540.017923846451,630.854419007413,1215.08563954609,560.495370341312,4400.70072715558,,4211.20041021836
pw.2179.tgs,pw.1563,363.990393978635,862.616731509347,1894.90178464592,0.001,0.548560095715625,0.851443965009468,0.157298931272531,6.16112877635349,2.87412352575997,2.14365482942295,425.133990829668,838.722259308251,28,45,6,586,665,245.247895939059,516.017465603186,646.908312367832,1121.72614408448,741.436668447103,3950.08185735462,,3138.38212470984
pw.2179.tgs,pw.2642,345.871438549377,858.209660044405,3426.09201636769,0.001,0.365808662326359,0.867204978074921,0.00711693339348361,7.38463027106543,2.06742209172102,3.57190256437578,425.133990830408,835.341691099844,27,29,7,602,665,231.251604530737,493.27613816449,607.458716005932,1170.0312722641,1432.16406964631,6961.84672376691,,4601.4254801245
pw.2179.tgs,pw.1866,358.380276697247,844.306416913704,3095.81543167202,0.001,0.219316399348546,0.748840638620484,0.0200572960825711,6.97492461794641,2.12362443696571,3.28444356569581,425.133990830185,820.115294482069,28,31,6,600,665,241.475159750024,508.047071413817,600.591544095093,1146.48394418835,1202.41159350241,6546.80952820042,,3481.0917781315
pw.2179.tgs,pw.735,324.776841296771,835.275796248344,2792.26266939596,0.001,0.427167372800603,0.967855823191212,0.00593551718400874,9.68319163931326,3.21238307833778,3.0143327875839,425.13399082972,816.069090536493,25,47,9,584,665,213.512221874941,469.298694415689,635.080007347047,1073.75193401762,1315.52938647635,5199.49091789077,,4041.27177468074
pw.2179.tgs,pw.686,338.805515479362,811.7608384388,2829.46825532702,1799.31429384121,0.553728038859486,0.980578299248086,0.000526633847790901,9.88786874578826,2.6557780099818,3.72315333157534,425.13399082885,833.917088132007,24,36,10,595,665,221.504360595834,490.947012855562,589.655623370913,1081.79506340961,1044.99709112597,5731.30252723103,,7226.00349691756
pw.2179.tgs,pw.1211,352.372601013484,816.323688836234,1983.38633719166,0.001,0.572774662195883,0.94074966965784,0.0994229879672707,7.40053538341355,3.31302162168281,2.23377213567793,425.133990828769,795.588431408415,27,51,7,580,665,235.593349342993,502.565744003928,623.746907860264,1045.03004826745,839.189790404485,3939.41129152063,,3186.93708456807
pw.2179.tgs,pw.444,412.61467622132,808.946196686863,828.548469615987,0.001,0.881841039168538,0.863382831543713,0.862799615934859,2.14867588660183,2.18221340421948,0.984631421678189,425.133990828515,785.018880600077,32,37,2,594,665,285.635825169034,572.621908310417,580.834127272828,1090.20121090122,136.55006682603,2618.63468443091,,2678.03511092903
pw.2179.tgs,pw.1622,359.912882767528,795.332056834979,2652.89614101419,0.001,0.55399960447756,0.865963375315293,0.0451014141386615,6.58188583238074,2.28280164536677,2.88324911879204,425.133990829183,775.994889435676,28,36,6,595,665,242.506491466671,510.224379182502,578.362250798546,1060.8109821231,1034.63970907863,5565.21982055932,,3927.8408665485
pw.2179.tgs,pw.1114,366.322881004745,693.516845809117,2626.65129022963,4251.06295600151,0.794244785450038,0.843053568476845,6.76309390617816e-05,10.072449087029,2.17604626022511,4.6287844478026,425.133990828327,772.346404305346,24,28,10,603,665,242.517589507579,524.512233996925,475.872000566671,966.125414288957,386.391333295867,6366.08658773497,150.030673747532,11195.3031718125
pw.2179.tgs,pw.185,375.711014810627,757.459549037797,2267.65774222818,1163.24410177274,0.69011073719266,0.99444300785192,0.0379622638822366,6.20780070989329,2.02602029855013,3.06403677906671,425.133990830549,767.246223316421,28,29,6,602,665,253.594770242391,531.55789232116,525.781701232118,1047.10952162789,557.117819554629,5408.76623691749,,6170.13070673268
pw.2179.tgs,pw.2062,386.077586191312,773.405511739801,1709.86786913121,0.001,0.570076128731909,0.82868259717501,0.351460169613942,4.33169457562078,2.22757202446221,1.94458115295579,425.133990830882,749.766282128426,30,34,4,597,665,263.863356304452,541.245665728292,552.763364505191,1046.22633133352,522.704043476933,4099.6686093106,,2977.71024276961
pw.2179.tgs,pw.1716,370.514024875391,703.925669510742,2309.80258994424,2363.58004989798,0.721806804240707,0.923705211758155,0.00331422747582257,7.9912606632827,2.19199248104468,3.64566061808485,425.133990830054,744.498289794486,26,29,8,602,665,247.435260299609,527.877634566595,487.343978644643,974.290021918003,454.22344634619,5502.17152762506,,7791.12384145163
pw.2179.tgs,pw.3365,347.102604633909,726.212182610807,2352.42976075341,1103.81270308146,0.46060765119462,0.990920736955043,0.00506752483868686,9.83663060201051,3.16310689782546,3.10980024379602,425.133990830256,733.637752214925,25,46,9,585,665,228.721132766458,500.109534735637,545.605734114559,941.996913060284,859.392431713059,4789.35452186011,,5069.37551597689
pw.2179.tgs,pw.195,358.847079939061,744.206630767231,2871.29994132979,0.001,0.52910032961566,0.955623008554866,0.0344558304199491,6.23456174049876,2.03647970363889,3.06144064650314,425.133990829066,723.803655316279,28,28,6,603,665,241.788960290903,508.709879471552,521.186933397797,1023.32032124505,1113.63624792032,6088.85076392579,,4333.9307042434
pw.2179.tgs,pw.3059,322.514586887787,727.287124951591,3393.83135743011,2.76247693557339,0.546778815889747,0.987374482697807,0.00175511197141144,9.08698518108886,2.56361061670217,3.5446042865817,425.133990829988,710.188543123064,25,35,9,596,665,212.023078692002,466.022936430228,532.916145248072,964.050049459855,1586.9870307903,6401.8226854393,,4386.14512497063
pw.2179.tgs,pw.1551,339.510915845066,728.516040623995,2259.24661487799,0.001,0.485000504970389,0.859745943319772,0.0338313234191109,7.70822695771259,3.06522534670842,2.51473418291743,425.133990828953,708.277466432961,26,45,8,586,665,225.138139881546,487.310393898694,549.449167282875,942.909010340111,1013.71411832032,4337.77798647285,,2753.2621707601
pw.1052.tgs,pw.11.tgs,413.886252154974,375.849434707,0.001,851.033457781614,0.79600803093417,0.778480136849368,0.778394097017399,6.38160171466034,5.88861414784441,1.08371877566412,401.010614237045,397.862592293366,89,55,6,889,1039,336.091961361645,502.867992186523,285.04085022319,484.175083262649,,762.58776098827,335.821836204016,1746.44829153478
pw.1052.tgs,pw.2237.tgs,414.103399886342,293.609759182646,0.001,2599.95276248965,0.667225286445916,0.0503426813726565,1.20141239461347e-05,20.7682954576705,6.941405038211,2.99194404351069,401.010614242184,387.925521545043,76,51,19,893,1039,336.26837667055,503.131645479234,220.203807766153,381.771104225419,,943.603733952254,1568.95699192189,4059.21558469232
pw.1052.tgs,pw.2146.tgs,411.27815298712,272.523327632299,0.001,2744.66110612301,0.930240314216521,0.222801920438331,3.77797133580309e-06,20.6356106944074,6.33924633380037,3.25521514827085,401.0106142386,373.218115531092,76,45,19,899,1039,333.980271344055,499.688621405257,200.440264072632,360.121508422428,,1403.55282335307,1655.22844983901,4289.05974127237
pw.1052.tgs,pw.1438.tgs,416.39667918226,270.570701832851,0.001,1637.72832449826,0.619613008082107,0.121542329299298,0.0021930192705501,17.4865024250353,7.59911200966196,2.30112444754096,401.01061424331,329.062811785322,79,60,16,884,1039,338.125170183453,505.927320260633,207.729779627684,344.977983127337,,781.199124244717,944.239103472536,2641.74542141525
pw.1052.tgs,pw.1750.tgs,410.314956812701,242.183880096361,0.001,2640.68007223225,0.819958632603792,0.137795245740118,2.52990511431954e-06,19.5292777554924,5.60985339993348,3.48124565175339,401.01061424142,340.542752332177,77,39,18,905,1039,333.199130732089,498.516527722317,173.897927752584,326.37176745925,,1357.18980502196,1573.22208827978,4158.16800943565
pw.1052.tgs,pw.1455.tgs,413.216222346499,209.165095270092,0.001,1342.80654621758,0.851273851289406,0.377822624399879,0.00260487709953631,16.3322947643002,6.76937174227403,2.41267511758982,401.010614242237,257.613926580893,80,53,15,891,1039,335.554906304106,502.059479907192,157.772696280934,270.672911569637,,1077.91708875261,760.338905290284,2192.96427337068
pw.1052.tgs,pw.1320,407.450229063513,943.671047711767,2737.98133552122,2811.13465252965,0.771707562824703,0.957372473821037,4.95808024290239e-05,15.691328121282,4.65858886783823,3.36825776354963,460.16297835369,1025.11435265443,55,27,14,569,665,310.171530955686,522.825044350678,655.11781432452,1300.95283942363,1001.8121743683,5501.95315271422,,7665.4117876202
pw.1052.tgs,pw.167,435.258365916,897.011576667446,1477.48749368724,1951.83182883858,0.824926119962056,0.950196376913503,0.041462373932796,9.22609645506552,3.96437795622626,2.32724945929423,460.162978354034,950.071713537066,60,28,9,568,665,335.23695046694,553.138526011835,615.858109768443,1249.249857591,256.39390369453,3545.22408429011,,5577.83648709716
pw.1052.tgs,pw.3070,468.903262818187,507.708301901981,0.001,9378.292145716,0.776589556743782,0.0696901279922537,6.65119997884756e-08,18.6448003537243,4.24875163336418,4.38830083813613,460.1629783525,878.780039448671,53,20,16,576,665,366.720262004143,588.539909375973,316.421113392085,763.92745939594,,2036.10426733544,5354.31003526841,15360.5279240799
pw.1052.tgs,pw.1121,440.520635829061,684.760708273949,1424.17565209559,4589.43705742217,0.943441728140497,0.734671724554717,9.52868485526553e-05,14.1454241016401,4.10018775201162,3.44994545547339,460.162978351806,866.50512920013,56,23,13,573,665,339.426796668076,559.301563283104,446.462028688307,992.241310119983,,4123.40930528634,1630.85606711021,9066.16937984116
pw.1052.tgs,pw.1563,474.125390670085,547.879136068335,0.001,7156.10452292636,0.802163925251159,0.173859547633428,2.69499757649591e-07,20.5046361871114,5.81066772760514,3.52879172383213,460.162978356418,838.722259311895,50,32,19,564,665,370.793375279678,595.114721351937,379.261284295234,760.36247622961,,1596.49959392579,4272.20397751337,11357.5982858343
pw.1052.tgs,pw.2642,464.131758997338,629.088058448229,282.518402529547,4900.43371658609,0.997555252131308,0.642271326060912,0.00230471958397861,12.3112863897913,4.23911228434873,2.90421332674907,460.162978352926,835.34169110612,58,25,11,571,665,361.721607309864,584.014174067349,413.709732562626,908.380336028052,,2497.53003969177,2318.26184501808,8919.25393218383
pw.1052.tgs,pw.1866,394.521471068733,860.052895124661,3399.18821509646,0.001,0.447534658519266,0.855063071166554,0.00154903090605128,12.5047016537169,4.33836169748186,2.88235571989654,460.162978353296,820.115294491392,58,26,11,570,665,301.454241566696,505.046686405032,611.781175127898,1167.89361723288,1684.06840119307,6296.15831191052,,3098.95760541954
pw.1052.tgs,pw.735,474.843076002361,544.722561547513,0.001,7007.20463012184,0.932176363775715,0.186067735123813,1.57670041012029e-07,22.2419040918371,6.51201688954254,3.41551695413364,460.162978355651,816.069090538007,49,36,20,560,665,371.357458297257,596.011653720031,385.552879878598,742.673455238411,,1766.59488196572,4225.60126371297,11059.6536497841
pw.1052.tgs,pw.686,473.888603660083,509.586400991612,0.001,7739.51645938886,0.72218221514957,0.0351879534614513,4.63948578270935e-08,20.428876405598,5.36334992016908,3.80897698447278,460.162978351736,833.917088138392,50,27,19,569,665,370.607572826255,594.819406174829,340.692668811173,726.823922432135,,1481.15263380981,4609.90338592925,12321.0714087364
pw.1052.tgs,pw.1211,478.100520521804,601.763474754656,0.001,4756.35598236418,0.838020826686257,0.353212034104646,0.000362003335041756,17.3528273103719,6.68764513085835,2.59475898777911,460.162978353563,795.588431404558,53,42,16,554,665,373.891278145783,600.124863051286,437.556931937645,802.726450134472,,1321.44539472692,2718.50220477912,7776.98690243604
pw.1052.tgs,pw.444,453.453777433489,597.586051606201,764.721000340325,4682.59473987352,0.998289819037113,0.933300644544086,0.000195290877734413,14.486932794473,4.44598207006356,3.25843257264101,460.162978353594,785.018880603883,56,26,13,570,665,351.431037085163,573.049433103773,397.459684334322,854.760764422378,,3256.93438335021,2103.76768972811,8578.20550647519
pw.1052.tgs,pw.1622,396.115307603252,812.870266594305,2872.09223041807,0.001,0.663052044009102,0.891060041347978,0.00526392708746911,11.9609211764792,4.60871860409394,2.59528129269041,460.162978349891,775.994889435997,58,31,11,565,665,302.670220600408,507.09053647513,591.096450519933,1084.24510414218,1438.92995159865,5216.02006885282,,2781.57921623724
pw.1052.tgs,pw.1114,474.018141219596,596.99746179615,0.001,4126.68487312497,0.705246297202017,0.182250783539172,0.0106336860519053,11.0548054985996,4.40885269400792,2.50741094471679,460.162978353512,772.346404306167,59,28,10,568,665,370.702800786716,594.993333256114,402.233015123928,846.373360243583,,1295.64035707771,2032.56412718515,7439.6147487525
pw.1052.tgs,pw.185,470.970663044488,551.297147272344,0.001,4949.43139550563,0.866090474926823,0.318698269333193,0.00169363757317635,12.0837130521893,4.10169966802529,2.94602580154456,460.162978354627,767.246223308899,58,24,11,572,665,368.328697229658,591.150438919891,359.071644577681,802.32862618577,,1860.19117358935,2520.50535599944,8740.29236263318
pw.1052.tgs,pw.2062,447.388946744241,561.019759378821,1059.08810741488,4683.46259499438,0.97925934028186,0.688993870053125,3.2314462610334e-05,15.868993511449,4.57446711668995,3.46903652527109,460.162978352783,749.766282128244,55,24,14,572,665,345.723266110333,566.664547933654,367.445922160045,811.305983867878,,3665.84591507268,2048.35977520543,8691.25470984798
pw.1052.tgs,pw.1716,472.631142051771,526.354735349635,0.001,5051.69819181759,0.744123601442516,0.104605983237325,0.000514988022764839,13.5091584657872,4.44811457099449,3.03705272204059,460.162978352063,744.498289792373,57,25,12,571,665,369.624804747282,593.240405385101,346.009967436185,760.616848393837,,1494.15818500498,2645.40313041916,8771.25557410855
pw.1052.tgs,pw.3365,478.141177253416,586.634197352205,0.001,3629.6080979966,0.831827928640029,0.420062271947379,0.00866237342696484,14.3791727872815,6.43974116083567,2.23288055034428,460.162978353459,733.637752213165,56,42,13,554,665,373.921750212217,600.178437539335,426.552070239443,782.553489094976,,1244.04333894584,1952.13249553795,6186.29531104862
pw.1052.tgs,pw.195,470.400399906082,512.893286102496,0.001,4782.37037590114,0.906138466291346,0.327280639071817,0.00146741125224325,12.3066789005531,4.14127684206768,2.97171123058958,460.162978352536,723.803655313529,58,23,11,573,665,367.884851802555,590.41861185406,330.767912413305,752.116286400751,,1967.04978984024,2426.4757423247,8496.0710347477
pw.1052.tgs,pw.3059,474.331213161314,539.71488450542,0.001,4133.03487478333,0.900481753258723,0.230523610405449,0.00278933114440378,13.7761558630057,5.27904428685919,2.60959278127252,460.162978351488,710.188543124233,57,32,12,564,665,370.958295724137,595.365801781511,373.606343112225,749.034198091436,,1563.61572142491,2167.86108830831,7156.51709490261
pw.1052.tgs,pw.1551,477.039831170575,487.298888879212,0.001,5356.60471717797,0.736400837170984,0.0653480250912419,4.01801225599874e-06,19.6327056178392,6.27218152416786,3.13012395164119,460.162978352392,708.277466432206,51,35,18,561,665,373.065679715248,598.78647578734,343.1090355463,667.194170288147,,1298.02328379896,3141.77649826678,8635.12475982356
pw.11.tgs,pw.2237.tgs,411.275426108361,336.124032788408,1.00283214443302,2109.83099476037,0.991596699529026,0.85532090329611,0.0130091671807774,10.8517461577768,4.3399236360171,2.50044633682446,397.862592293829,387.925521545518,50,59,11,919,1039,316.477709908633,523.357668875102,257.465184928621,429.386164571995,,1480.46714522221,1074.67169109408,3723.40777925885
pw.11.tgs,pw.2146.tgs,370.420478521535,384.846972519829,1214.92862203563,0.001,0.948117082018267,0.974273174808162,0.581601759308832,5.99585346493399,3.98261165288018,1.50550793989614,397.862592294029,373.218115530591,55,58,6,920,1039,280.928734457617,477.171021470813,298.068098683377,487.043485426381,477.629961807993,2510.30197765465,,1144.40786161961
pw.11.tgs,pw.1438.tgs,365.761705375818,339.402633464563,1204.62433577678,0.001,0.820172355425891,0.913094730717875,0.502025743597469,7.15637261289644,4.7784737655536,1.49762726845636,397.862592294096,329.062811782428,54,69,7,909,1039,276.654403559096,472.225658183632,268.668054376182,421.598902992,512.356429186509,2370.60941475585,,865.496624407789
pw.11.tgs,pw.1750.tgs,409.946683412642,314.232209785467,0.001,1152.24231236537,0.930297104071997,0.834822743780976,0.431652921054503,5.90517062220283,3.55892884805596,1.65925503833225,397.862592291007,340.542752326853,55,51,6,927,1039,315.463386105057,521.655249734301,235.675158888552,408.575375617533,,1281.64273715748,452.85638342117,2382.01700146745
pw.11.tgs,pw.1455.tgs,349.870495411214,265.074431132651,1837.7006103153,0.001,0.752661951855808,0.961747043720503,0.067637995851944,9.26440799664335,4.21204976519515,2.19950107740812,397.862592294369,257.613926580598,52,59,9,919,1039,263.169513837697,453.811839417296,206.939855476357,333.203291240696,870.192400089027,3392.10484335542,,902.112838715504
pw.11.tgs,pw.1320,435.401239792635,1061.96419823153,0.001,0.001,0.26283143043185,0.240887706377285,0.0633855493605188,4.73607701074758e-06,2.66468088300371,1.7773524180535e-06,420.818224200859,1025.11435265563,40,41,0,584,665,313.996457285611,584.705506334502,769.100437374455,1421.19831824156,,616.870688676616,,1410.78629136496
pw.11.tgs,pw.167,344.841614905272,977.652139618983,3307.17402381208,0.001,0.600028606436907,0.920944618679524,0.00471246584495567,7.97352625903965,2.30223859140701,3.46337963788828,420.818224201046,950.071713533085,32,29,8,596,665,238.721822405968,478.555998084021,695.460256823249,1327.51998082103,1467.68253974549,6480.68100677394,,5380.75044510858
pw.11.tgs,pw.3070,423.188669441182,910.305596486597,348.132874720172,0.001,0.980661061001521,0.951659918134439,0.561167691565129,1.01776273119638,2.36709844074877,0.429962148458193,420.818224199367,878.780039454426,39,35,1,590,665,303.851557495733,570.334825385311,644.318646377063,1241.07254243006,19.7635178521319,1562.29605032722,,2414.9534722406
pw.11.tgs,pw.1121,400.215137351931,896.336816473246,1126.55533159842,0.001,0.864312083870471,0.917349101941806,0.805176034815429,3.12959749999825,2.35987708820666,1.32616970419274,420.818224199424,866.505129200156,37,33,3,592,665,284.691845996934,543.448914504151,634.442614666632,1222.01899563346,276.767049190702,3002.21914227412,,3281.54246722397
pw.11.tgs,pw.1563,417.588942980774,868.371995573921,492.903614529817,0.001,0.995112449974668,0.962967261756858,0.68606149686738,2.02384493623486,3.34231005064455,0.605522798773432,420.81822420194,838.722259316486,38,49,2,576,665,298.456439897019,564.88833880617,651.216856386995,1129.22379832436,81.4508467737688,1546.79911836866,,2007.29382337201
pw.11.tgs,pw.2642,400.079351341305,863.735703896847,1142.79536336499,0.001,0.85565778464536,0.912797634767845,0.792567137429555,3.20913380243541,2.38851027185494,1.34357127965925,420.818224200603,835.341691107363,37,33,3,592,665,284.598467585331,543.272522358196,611.395189559887,1177.63029437383,280.527934107681,3049.29613997568,,3185.68333409541
pw.11.tgs,pw.1866,410.290858698416,848.778732917892,815.120053203455,0.001,0.841642576965168,0.79762217393372,0.797284945359087,2.40058299154962,2.45488106109636,0.977881588478063,420.818224200359,820.115294489682,38,35,2,590,665,293.253343190119,554.990296286846,603.774781284216,1152.55508656555,134.287803249542,2579.06111720462,,2506.87176597849
pw.11.tgs,pw.735,373.392119134348,842.120579237394,1453.06184413456,0.001,0.784287395270272,0.919558806970706,0.388181162767348,6.25861789342864,3.70750181112095,1.68809570764212,420.818224201728,816.069090548475,34,50,6,575,665,261.504014851796,513.428962211163,640.268790826799,1082.59832837091,569.770132144654,3016.56464460844,,2671.68984969881
pw.11.tgs,pw.686,401.467752732334,806.946224160311,932.919374271162,1684.42928696524,0.970196666316167,0.979020379076682,0.253562849000768,6.03534740214181,3.05155253554571,1.97779567346118,420.818224199415,833.917088131208,34,40,6,585,665,282.924102074492,548.568896492872,585.637195947136,1076.9555528089,,2750.78612912192,,5323.01350992222
pw.11.tgs,pw.1211,362.787694142421,820.244441889781,1654.56421373482,0.001,0.732473028683845,0.903473622039486,0.20836755539885,7.24403340937951,3.81107747611437,1.90078355918528,420.818224201433,795.588431402508,33,51,7,574,665,252.634235680305,501.107549503233,626.722651507672,1050.0625786849,700.267017094409,3285.31696094731,,2667.5669618559
pw.11.tgs,pw.444,389.570426503123,810.098699019215,1468.67125120933,0.001,0.815912459011867,0.922298735490943,0.527384491206608,4.28622647445068,2.53089474595981,1.69356172606269,420.818224201534,785.018880606698,36,35,4,590,665,275.746686788533,531.115571760023,581.667168253123,1091.7456990316,449.018350030841,3520.44810937718,,3222.67096145162
pw.11.tgs,pw.1622,412.170547982324,802.749646122285,695.311936413583,0.001,0.899107044798965,0.820495845461113,0.792088177308266,2.2655892383404,2.69576377002243,0.840425731488167,420.818224200449,775.994889433457,38,40,2,585,665,294.59455664763,557.536499007395,583.755783419206,1070.7420603466,114.731752010994,2190.05440376287,,2166.9479806346
pw.11.tgs,pw.1114,434.84208721534,735.695820598216,0.001,1817.88919872261,0.968632580776622,0.956292751781987,0.925448911341421,2.93072650571389,2.49053398991331,1.17674623899267,420.818224200143,772.346404302765,37,35,3,590,665,313.587378749728,583.953463358074,518.032084083766,1007.22406244004,,1534.23234011614,447.163305154362,4830.46240047318
pw.11.tgs,pw.185,400.65791905599,793.718055106684,1092.54701631815,0.001,0.947948281870437,0.966207122578175,0.871838618091147,2.98231361152719,2.31283272469397,1.28946360006291,420.818224201299,767.246223312794,37,32,3,593,665,285.003517021046,544.057901364236,558.887013115453,1086.66548458601,267.980886058947,2922.91383140103,,3045.21172792594
pw.11.tgs,pw.2062,401.329972985156,776.06617795685,1040.15854291299,0.001,0.873581462456759,0.905041483193366,0.844549806714226,3.11728834937531,2.52649777939741,1.23383775548729,420.818224201416,749.766282130097,37,35,3,590,665,285.464461697512,544.936523810027,554.656355651059,1049.80465658738,255.593607877842,2770.7560203865,,2640.55851088366
pw.11.tgs,pw.1716,430.9859600292,714.267924779956,112.619553125244,1596.31580038188,0.986239649598193,0.966688992540311,0.928531958049698,2.97032323485617,2.48500173796867,1.19530026457214,420.818224201381,744.49828979138,37,34,3,591,665,309.87299417124,579.994924007302,500.302855262215,981.98457467991,,1685.49538189664,254.050748262079,4552.60113747573
pw.11.tgs,pw.3365,384.855394413955,757.62490516981,1193.41900081452,0.001,0.898351489863455,0.945008636626931,0.687962777819863,5.09805128922549,3.61944448528744,1.40851760814357,420.818224199966,733.637752217849,35,50,5,575,665,270.991282521573,526.897047356761,574.525043655145,976.103254585399,422.873023342149,2623.30473611839,,2294.52191027811
pw.11.tgs,pw.195,405.842229539659,642.277438429558,1019.53371162704,3442.1349551471,0.97733892625487,0.848787779708274,0.0177681094263642,7.14351596291808,2.27962601396483,3.1336350432735,420.81822420121,723.803655310095,33,27,7,598,665,287.052404880199,552.60793822846,431.616144201427,911.030098950763,,3793.86912803967,617.359197126371,8384.88567368765
pw.11.tgs,pw.3059,400.941322481008,701.444290760614,980.249230947188,989.236044775805,0.958497210435375,0.999476314049754,0.440790678693729,5.19025647232544,2.93021713928388,1.7712873229572,420.81822420302,710.188543127508,35,39,5,586,665,283.211578550693,547.164063260541,507.599405679466,938.382429697774,11.05948743875,2806.08899596515,,3989.08148126601
pw.11.tgs,pw.1551,373.544649617684,731.443194877414,1450.41431883814,0.001,0.880230095158631,0.943537414240853,0.404879835700205,5.97296423129305,3.5431922034508,1.68575789523239,420.818224201234,708.277466425719,34,47,6,578,665,261.605382469981,513.634666090005,551.650955331662,946.695000045879,568.543960514444,3013.36724505733,,2409.42864959208
pw.2237.tgs,pw.2146.tgs,326.764777415482,377.384309255699,2412.52498972924,256.480150924108,0.428346669606939,0.996527002325092,0.000384472484292869,14.3238025611577,4.73797286553649,3.02319218950102,387.925521544032,373.218115520496,56,50,14,919,1039,248.528735392544,419.873620488343,290.481464820232,479.730954290579,1232.54473425865,4187.70440983509,,1684.5001914577
pw.2237.tgs,pw.1438.tgs,324.259218020728,313.863399518595,2175.50711518168,817.550802973922,0.470010545911321,0.923899796060675,2.75410648117297e-06,19.0217748488357,5.65224474016837,3.36534876376727,387.925521549318,329.062811781193,51,57,19,912,1039,244.226934426743,419.724805004319,244.024158965166,395.330364876267,1019.78898099587,3832.15195869876,,2125.15870737241
pw.2237.tgs,pw.1750.tgs,317.720311809729,351.764410535831,3034.60141266188,0.001,0.564710110740144,0.973145326645382,0.000103216467037344,14.0051747061525,4.15015349562639,3.37461607646845,387.925521540082,340.542752329361,56,43,14,926,1039,241.584625229304,408.396166421459,268.146776021803,451.196108730583,1663.23636904254,5126.88473256858,,1468.8797967943
pw.2237.tgs,pw.1455.tgs,303.894789662454,259.918190386935,3225.16435991667,188.99294920077,0.218592788262771,0.997716738739577,8.22230180069066e-07,18.893777245281,5.038336421771,3.7500031088912,387.925521545002,257.613926581173,52,50,18,919,1039,228.646178799851,394.057099942158,201.730753322684,328.132899143864,1814.63137128973,5285.81454235272,,1276.40867849995
pw.2237.tgs,pw.1320,322.23970693759,1061.17382393507,2987.69185733421,0.001,0.217298862636007,0.779779204586948,0.00261046872551149,9.97657596214874,3.05729947977831,3.26319878969533,392.975103267277,1025.11435265999,36,32,9,588,665,228.083192825896,439.335203273858,768.529546901035,1420.14797152199,1392.81077534221,5669.85865722013,,4021.92565231114
pw.2237.tgs,pw.167,312.405688626138,980.812177966952,3595.51361195868,0.001,0.50855342007585,0.952038305074066,0.000413698245321554,9.99244273354,2.62970145092051,3.79983922891407,392.975103266609,950.071713546014,35,27,10,593,665,219.98274272149,427.703784596945,697.707421170444,1331.82452320971,1732.70635831713,6733.00872249231,,5439.42213934852
pw.2237.tgs,pw.3070,321.685237628473,909.604831300202,3116.8735337941,0.001,0.506450903892419,0.962360389522821,0.00256468191421711,9.44278410205655,2.82502124854126,3.34255330183179,392.975103267649,878.780039464383,36,27,9,593,665,227.67323193334,438.541186930157,643.753175602647,1239.96125035853,1440.76133696829,6002.24481948587,,4692.88307307812
pw.2237.tgs,pw.1121,321.25848079957,897.492829908356,3288.77902986072,0.001,0.25968236577541,0.892004794797376,0.00152732678250932,9.47176629946523,2.69113383240753,3.51961919745613,392.975103265911,866.505129189501,36,27,9,593,665,227.391899169912,437.99273335881,635.259337272618,1223.59230587126,1527.7439457708,6281.82977190302,,4240.02721023273
pw.2237.tgs,pw.1563,316.85252534751,868.923996899342,2300.93798192797,0.001,0.36785622952126,0.847575676201946,0.00871147361687852,10.2265441448168,3.87322928209894,2.64031468317181,392.975103266631,838.722259318094,35,41,10,579,665,223.104435472371,433.80483466644,651.628761469941,1129.94437554619,1123.48420447279,4210.26215428084,,2940.95290465075
pw.2237.tgs,pw.2642,312.097582284392,865.286783984033,3717.09848706272,0.001,0.203527548689285,0.863873064651998,0.000290503171835642,10.6425558031622,2.77630869105588,3.83334743627327,392.97510326772,835.341691112339,35,26,10,594,665,219.790762268041,427.328306001192,612.471814024478,1179.72257962695,1786.77502738133,6993.35658510018,,4051.73881231906
pw.2237.tgs,pw.1866,348.505491330343,854.005860181078,2191.05100578273,0.001,0.212970907012963,0.671488567600919,0.059967280681798,7.14125030433163,2.82691767319285,2.52616139905694,392.975103266954,820.115294479913,39,31,6,589,665,250.224707374696,469.688474055279,607.47702795016,1159.69145400782,849.205815772675,4652.63946116023,,2528.84678580688
pw.2237.tgs,pw.735,270.620943336884,840.234138899611,3604.13382851513,0.001,0.126864543713886,0.921837684983618,3.77907524992812e-06,16.1895783613803,4.30302771944998,3.76236906125479,392.975103268027,816.069090540671,30,41,15,579,665,184.949628573752,379.397273657666,638.835760045693,1080.13985881914,2003.12122352084,6061.34992244323,,3658.26006451169
pw.2237.tgs,pw.686,321.506915600723,832.084533261198,2346.04038867788,899.542290206331,0.486544267550737,0.999798734967473,0.00172247238037709,10.7565724236158,3.55934466139873,3.02206542127583,392.975103267777,833.917088134041,34,35,11,585,665,225.403421627372,441.529570501195,606.705042102389,1105.78731293431,1021.76671544059,4480.98756030277,,4703.39308320903
pw.2237.tgs,pw.1211,280.35696790023,820.180643901991,3142.73459442206,0.001,0.138301656416632,0.939802015504186,4.09148340182195e-05,15.045968321097,4.43278879171316,3.39424435227425,392.975103267046,795.588431402378,31,44,14,576,665,192.865821395363,391.015428435256,626.691417235498,1049.97346377506,1716.79772297838,5334.40335239403,,3332.56603495266
pw.2237.tgs,pw.444,330.70921108445,813.091612643798,2749.41063620558,0.001,0.291374184751812,0.859887529965513,0.0090563689979293,8.87148461674748,2.91274707395603,3.0457449244635,392.975103269153,785.018880602733,37,31,8,589,665,235.245325399172,449.078908257758,583.821597587067,1095.81093280356,1218.29566407824,5398.60682542197,,3385.5633401335
pw.2237.tgs,pw.1622,340.485289815672,802.581251084107,2258.70066486471,0.001,0.410624579422089,0.831368582752077,0.0412128507171065,7.90347147801256,3.03985843049032,2.59994722081112,392.975103267028,775.994889435722,38,35,7,585,665,243.352557260677,460.582474186636,583.62494682622,1070.49935183421,948.408301813276,4549.86629447052,,3059.4547048816
pw.2237.tgs,pw.1114,343.935197195573,726.28477925298,2172.44956824939,2111.65301112194,0.652314469051856,0.932705349594696,0.00116135554034329,10.040741057937,2.92912294927246,3.42790017074255,392.975103266115,772.346404303254,35,28,10,592,665,243.427652587793,468.289757863808,502.697587126647,1004.93268244548,613.927083043385,4798.76800193063,,6523.25125927631
pw.2237.tgs,pw.185,332.121276473528,766.744704501027,2822.36891885959,798.056808119613,0.431425429458448,0.999949355476848,0.00224192232890943,9.32614846318689,2.72129590592893,3.42709825964456,392.975103267569,767.246223316845,36,26,9,594,665,235.232606105539,452.454491373357,532.388347324499,1059.44303775024,1127.86574466985,5762.33819666014,,5052.45485461556
pw.2237.tgs,pw.2062,321.560672328216,778.477552013935,3090.63934159483,0.001,0.16434836982683,0.880524793058206,0.00215833091384319,10.08065043507,3.04118313286804,3.31471338444631,392.975103266043,749.766282127476,36,29,9,591,665,227.606103386113,438.399798424702,556.38863533961,1053.08146242269,1437.95993166715,5881.99507095453,,3318.04295268536
pw.2237.tgs,pw.1716,343.91335099811,722.609641703909,2061.59456642481,1342.03058271578,0.628400785606026,0.981578762191087,0.00646147653382359,8.86773307207372,2.94393481605753,3.01220428648935,392.975103268292,744.498289792631,36,28,9,592,665,244.047064678348,467.548048429537,501.958283459166,997.368168483766,656.387685484554,4454.15773967211,,5161.54897449764
pw.2237.tgs,pw.3365,317.427868293224,761.398237643846,2188.86876056762,0.001,0.198797813713376,0.73996117245742,0.0102609919969909,10.7880635587239,4.25753599185369,2.53387489368631,392.975103267907,733.637752211677,35,45,10,575,665,223.509824838932,434.592872733744,577.371842449205,980.978791690524,1070.43008349961,3994.02001476249,,2126.47907932243
pw.2237.tgs,pw.195,339.958092692268,753.753017884447,2344.10948149264,0.001,0.386094126875463,0.888737402226899,0.036695736869391,7.21173251004224,2.70909360671895,2.66204626232039,392.975103267451,723.803655310637,38,27,7,593,665,242.975483858417,459.869885347706,527.855424150042,1036.48902510886,977.703206245497,4783.32832221689,,3064.11940855946
pw.2237.tgs,pw.3059,296.393131731883,734.658239719691,3358.79636996322,0.001,0.232955566914889,0.923059326923784,0.000128289326648028,12.3037297737811,3.46496244865789,3.55089844582493,392.975103266205,710.188543120697,33,32,12,588,665,206.40020836387,409.397662153947,538.322295981816,973.81560478675,1730.85140839206,5994.23096511938,,3270.43237464611
pw.2237.tgs,pw.1551,309.358336391092,735.436124650263,2224.21292431539,0.001,0.3555963049807,0.835250750794812,0.00650227414154041,10.5960289956257,4.1194811186024,2.57217564313551,392.975103266552,708.277466430316,34,42,11,578,665,216.647140557284,425.395854735097,554.645020461292,951.887010612455,1125.53488769044,3970.91609151534,,2306.76650719115
pw.2146.tgs,pw.1438.tgs,365.48948599936,301.11350619838,580.522402013636,1237.20549451275,0.981729802181573,0.652941668563625,0.0123875219183279,12.4262320652842,5.19468179925272,2.39210649381293,373.218115531573,329.062811780285,52,64,12,911,1039,278.980027268222,467.699686036271,233.671960936801,380.282497354515,,1812.53117345713,446.475346638237,2453.34960985364
pw.2146.tgs,pw.1750.tgs,362.651485842405,297.18580320655,784.736254551543,1760.38802974578,0.981786313329289,0.765279294495491,0.00085137065387479,12.144481700663,3.79528332032015,3.19988803882987,373.218115531293,340.542752334893,52,45,12,930,1039,277.062479224902,463.723562256864,219.219884357334,391.514460603994,,2572.2915806272,649.914152337509,3460.49715661433
pw.2146.tgs,pw.1455.tgs,350.479998617821,244.48272901284,1078.7385947442,695.208907969095,0.872851306879447,0.896647018004143,0.0129026790221452,11.5812770396026,4.59657085530237,2.51954715899638,373.218115532144,257.613926580881,53,57,11,918,1039,266.005985680487,450.727779029694,187.589311035104,311.589694042228,140.106539661367,2537.66044938208,48.5602957833544,1702.36468049399
pw.2146.tgs,pw.1320,323.150997840405,1056.46180605273,1940.43235973389,0.001,0.630173359319523,0.921574664926655,0.0992849450652392,6.59439925398888,2.72722169565903,2.41799163760149,369.937773018972,1025.11435265852,34,35,6,590,665,226.315827167271,444.327889365457,765.112501880287,1413.7952748688,755.14228458784,4086.94774369881,,4716.98931077726
pw.2146.tgs,pw.167,341.41251270405,955.799323020733,1344.29877364092,775.902995635349,0.91509833212864,0.999558534548306,0.272709559841722,4.85096018390723,2.32331656267711,2.08794628413339,369.937773019978,950.07171353149,35,32,5,593,665,240.580721426531,467.0194162028,673.662914631339,1306.03980407389,299.884286480442,3338.60346533379,,5448.12640990532
pw.2146.tgs,pw.3070,363.020157500284,718.550135131682,652.359659589887,6382.2879812349,0.995601252879727,0.774815834646972,0.00102813187587949,9.46156228384883,2.51075010615207,3.76842054518498,369.937773019337,878.780039461175,31,27,9,598,665,257.861776643302,492.588748033705,481.363023229037,1022.46710446144,,3300.61477151864,2342.10495571385,13175.9182714252
pw.2146.tgs,pw.1121,314.241980618593,861.516610416215,2541.26221249899,1040.94579538955,0.734429081339369,0.999603049498355,0.00472356421667074,8.25192160038028,2.39279066860658,3.44866005566033,369.937773020454,866.505129197875,32,28,8,597,665,217.727321378145,435.644154618725,601.838906277875,1184.80359115639,927.072165802172,5333.23500631246,,6634.27299923477
pw.2146.tgs,pw.1563,325.73375601403,831.432846713851,1454.02716357416,1084.76320819275,0.777612056422063,0.997504053379512,0.0546788523329005,8.12587005459885,3.42205539530626,2.37455830368626,369.937773018211,838.72225930785,32,43,8,582,665,225.997410136396,450.889415497768,616.536152600338,1090.09622285456,436.341395035386,3164.83713533312,,4735.01430325568
pw.2146.tgs,pw.2642,292.359287419362,835.761591430872,3553.52050116677,831.385765887569,0.515663565727341,0.999997287229219,0.000134551662005368,10.5354042750026,2.48825670861609,4.23405038496296,369.937773021277,835.341691102447,30,26,10,599,665,199.904383128562,409.628204179695,585.309484108396,1147.41174638406,1562.01745152893,6945.70590775606,,6752.08783518342
pw.2146.tgs,pw.1866,302.349183122966,845.910767968067,3214.58664660194,0.001,0.18736853609779,0.802194844472567,0.00223474533175204,9.23138251178836,2.51766465862414,3.66664499188432,369.937773020465,820.115294482569,32,29,8,596,665,209.303997935448,419.591663800286,601.734593000476,1148.65803977449,1420.65214387608,6344.39274717473,,3779.82989302736
pw.2146.tgs,pw.735,300.620705643431,737.359242540849,2274.75351078443,4317.9731467068,0.486999412165009,0.651371707604359,6.7320054221511e-07,16.4146818413859,3.83795549561816,4.27693386755701,369.937773019558,816.069090536982,25,41,15,584,665,201.564127724714,425.830085924445,543.173417150217,970.877503343855,715.415407802339,4659.46694563746,720.032486813705,10049.0131928284
pw.2146.tgs,pw.686,320.221527830381,732.048288894391,1877.44584402538,4679.39300453782,0.630370828730487,0.573714908018212,1.00726276646499e-05,13.1995086476509,3.20407922798533,4.11959496268465,369.937773019048,833.917088130535,27,33,13,592,665,218.750756375691,447.338271456301,517.590260973578,996.019737455182,346.607534577207,4302.92766121381,1043.39128178518,10533.6464912194
pw.2146.tgs,pw.1211,301.046157663904,753.676925595589,2028.43979758969,2454.63169664732,0.580720153607499,0.898609531254656,8.51386745137838e-05,13.8627919452497,3.98547238199395,3.47833095215529,369.93777302053,795.588431403401,27,45,13,580,665,203.157169028734,425.124550510071,564.259364711452,979.970336136701,715.943690747735,4057.67032442905,,6890.23103366249
pw.2146.tgs,pw.444,342.834612822289,810.145515862603,1243.17216700635,0.001,0.912798647977336,0.968331220563359,0.592838872341883,4.22001066139128,2.59687352672867,1.62503511162799,369.937773019293,785.018880597434,36,35,4,590,665,242.658897337503,467.415734812028,581.698442677104,1091.81335104961,379.240800107496,2994.11862900412,,3320.14311336207
pw.2146.tgs,pw.1622,342.574813196619,799.564302199133,1271.0492212802,0.001,0.80339459211207,0.922580709519405,0.539278280943916,4.48316720141579,2.6987872600879,1.66117843659518,369.937773019603,775.994889439798,36,38,4,587,665,242.47964089432,467.055564734301,581.436252837522,1066.46190987285,388.861026072085,3041.87153440221,,3124.69814259773
pw.2146.tgs,pw.1114,335.955347530861,613.303602618762,1799.96652097971,6903.57495784603,0.819363607309173,0.425066935890053,5.2876360987642e-07,13.400744166198,2.6161957811791,5.12222527939343,369.937773019436,772.346404301788,27,25,13,600,665,232.685907408971,464.099687007987,407.705324063955,875.766590601114,,5014.89603265381,2461.23237089134,14032.006070487
pw.2146.tgs,pw.185,315.890903133338,686.476032261483,2782.01373085585,3736.77229771103,0.541211904588896,0.782076346662433,1.5967919551452e-05,11.5427981175894,2.43819435483029,4.73415833102969,369.937773019086,767.246223314961,29,24,11,601,665,216.68623481314,440.421197276015,460.627830800784,971.849776632514,716.894930847781,6315.10703849624,,9969.01536032647
pw.2146.tgs,pw.2062,284.05396911202,772.184122963145,3549.05544686872,0.001,0.329662901204333,0.941329304824547,0.000238833281503386,10.6620099477447,2.71434950716115,3.92801660936279,369.937773020765,749.766282122961,30,28,10,597,665,194.133265513959,398.21743727549,551.900120716152,1044.55267993865,1712.01713513472,6631.50883399155,,4422.94904552009
pw.2146.tgs,pw.1716,341.629615298699,597.2842160191,1476.16738734837,5959.4665028539,0.886758188130204,0.529894481247876,6.97072185335799e-06,12.0438994441401,2.63725935856078,4.5668240421802,369.937773019756,744.498289785817,28,25,12,600,665,237.85903458391,470.226211357376,396.2988982506,854.404782916981,,4375.06386412174,2054.22538193835,12354.3801294099
pw.2146.tgs,pw.3365,307.931693080652,711.023240937173,1872.28885776931,1569.91457304486,0.683870535584025,0.971056091299137,0.00155116255895849,11.6411014413603,3.79674232386618,3.06607624335863,369.937773021749,733.637752211064,29,44,11,581,665,210.021054867587,431.711590848097,530.65551385629,926.908019193058,655.802114913799,3808.43785416431,,5318.6151250998
pw.2146.tgs,pw.195,329.623420886072,683.537958751572,1961.71680959439,2052.40128687344,0.641128376636341,0.915669378446417,0.00487780044731314,8.40311920432206,2.45306656142497,3.42555694837761,369.937773019714,723.803655316587,32,26,8,599,665,229.351622101222,454.99964019129,463.99452758772,960.276821755288,413.593287898491,4658.59149993266,,6767.90924640123
pw.2146.tgs,pw.3059,342.786305861326,649.032602744526,1168.67121619633,2741.37594288688,0.898652211945491,0.834948172819807,0.00686237597332748,9.29518095380764,3.09967874727372,2.99875622981352,369.937773020075,710.188543117398,31,35,9,590,665,239.216973418546,471.515117785105,460.864734821486,881.085355719764,,3202.54216688593,319.137705967707,6829.19699663192
pw.2146.tgs,pw.1551,328.290644684963,643.973191487473,1323.79842243756,2874.73042995368,0.907172354713446,0.884659485723872,0.000615459018235943,11.5460475840568,3.68646188590179,3.13201328032513,369.937773020456,708.277466430686,28,41,12,584,665,225.423697633042,456.902173533988,471.150000287793,853.192838175766,155.477518482877,3156.78150419558,479.319540934937,6816.09404488278
pw.1438.tgs,pw.1750.tgs,316.61622442193,307.897525076641,795.944688174941,1194.06294437021,0.954357492727495,0.858001132324629,0.0051806146801586,12.0563477900214,4.54373798626848,2.65339855124934,329.062811784772,340.542752330142,64,45,12,918,1039,247.238273165547,397.566737676374,227.749268326056,404.478849265895,,2119.52547349858,312.050057615036,2532.75449770262
pw.1438.tgs,pw.1455.tgs,246.941730679098,259.386499271153,3207.00696436653,205.77027209381,0.249865871661529,0.999019310515383,2.74561966109316e-09,22.6641484732474,5.50993727876179,4.11332240760834,329.062811783939,257.61392658171,54,46,22,917,1039,186.833277122522,318.725787034252,201.129221679352,327.692207321352,1901.68224329951,5098.05832826533,,1321.94174762694
pw.1438.tgs,pw.1320,298.226851541334,1065.76496776284,2606.8541506316,0.001,0.332399923639125,0.853103420819046,0.00237792876846754,10.8506026270213,3.57955594542771,3.03127058005089,360.318065539339,1025.11435265468,42,31,10,582,665,216.852006537861,397.812666185926,771.850777235917,1426.29760956686,1261.75830831075,4843.4129874338,,4094.8787364882
pw.1438.tgs,pw.167,312.434694457619,989.732296996116,2089.308969552,0.001,0.672891645569455,0.967942323267939,0.0321405947048892,7.80160360197309,3.03984241535304,2.56645001154345,360.318065539536,950.071713532663,44,29,8,584,665,228.935320417191,414.145763831049,704.039185399506,1343.96214636585,923.117766802545,4125.68648958469,,4142.27867442444
pw.1438.tgs,pw.3070,309.552714241566,787.848265579088,2675.24793304,3316.92840016249,0.761918986004026,0.929002081800469,7.47756825910838e-06,13.8707575364847,3.32434831275965,4.17247419087987,360.318065538826,878.78003945417,39,23,13,590,665,223.752363176262,414.277912745395,529.391961216258,1113.17295149468,874.005552497827,5729.06810184103,,8964.85976718567
pw.1438.tgs,pw.1121,297.187054520169,902.256607713522,2909.03123379902,0.001,0.322787323503505,0.959005414668256,0.00117225433677823,10.4204920619729,3.15830222934612,3.29939673446966,360.318065538822,866.505129190382,42,26,10,587,665,216.099284002978,396.419272824918,638.627658875966,1230.10097161252,1401.07312286409,5452.00507502121,,4166.04754438364
pw.1438.tgs,pw.1563,279.74243557523,870.02955748346,2467.46531726108,25.6358271893946,0.458250115389133,0.973878948514055,0.000600825999051426,13.2066285885521,4.52870880749089,2.91620175859115,360.318065539039,838.722259308797,39,38,13,575,665,200.845559456362,377.036483937151,652.217434969406,1131.66019561998,1306.32318538224,4300.51586170086,,3327.90682094507
pw.1438.tgs,pw.2642,287.256249604041,823.998431180485,3854.92186812995,1161.69224730706,0.200174134180035,0.996415053837414,3.13703940026494e-06,14.2286457536515,3.2774902219913,4.34132363177781,360.318065540189,835.341691111115,39,23,13,590,665,206.413365165773,386.755123505018,571.900145532384,1138.33535869862,1820.02412505667,7276.97003898447,,6117.29987275099
pw.1438.tgs,pw.1866,267.355356798644,851.77147173553,5319.42380812509,0.001,0.0182120525417565,0.7526947701392,8.06159474170126e-08,16.3935448855361,3.33194916022062,4.92010654942005,360.318065540476,820.11529449118,38,23,14,590,665,191.084410401627,361.657576668745,605.896610040459,1156.6313586672,2804.34870598585,9568.04435180731,,3424.47638708613
pw.1438.tgs,pw.735,288.450225299525,795.508681908852,2221.65908329534,1402.6157196073,0.406653718854693,0.981093054908935,5.22442751086099e-05,16.2218465158278,5.09694421778001,3.18266118338906,360.318065539805,816.069090547688,37,41,15,572,665,205.74606256758,390.491856347866,594.453163115197,1035.60336436097,1034.69635844779,4047.96701319781,,4879.03853681791
pw.1438.tgs,pw.686,331.798275409088,769.162908927808,1124.77761989872,2326.07779873843,0.815174581441232,0.858019667563695,0.00841445348524361,10.6557885094012,4.1732509520026,2.5533543589771,360.318065539498,833.917088131976,41,35,11,578,665,242.433789344129,440.177858226088,548.879887022844,1039.45306831055,174.881966998346,2656.71449093636,194.295176666369,5707.48253897751
pw.1438.tgs,pw.1211,275.819773881319,772.080751204592,2555.13497398773,1512.19342688564,0.260567808083158,0.968331226761285,2.23096702897213e-06,18.3432179435212,5.23712312188964,3.50253708316536,360.318065540297,795.588431409328,35,41,17,572,665,194.809561290206,376.306619404833,579.494524111687,1001.35769453117,1267.54500991635,4509.72835184413,,5058.93993290075
pw.1438.tgs,pw.444,304.931403283044,816.282380768523,2462.33662681382,0.001,0.404190396470711,0.894456658898294,0.00698013100352216,9.87578225297942,3.41517556829281,2.89173486267242,360.318065540469,785.018880600557,43,30,9,583,665,222.597496926616,405.453842990049,586.098190914678,1100.09926435386,1139.10706626389,4734.79960679995,,3298.13795362449
pw.1438.tgs,pw.1622,305.301374681365,804.463934649696,2381.81956026544,0.001,0.494051489942942,0.895444996425103,0.00826604833158051,10.0383870597896,3.54198106249555,2.83411652481194,360.318065538252,775.994889433905,43,33,9,580,665,222.863915673419,405.938912023878,585.001709623283,1073.02502361019,1109.26033164218,4525.96808466155,,3284.88962414517
pw.1438.tgs,pw.1114,322.290945267197,639.813712119861,2057.74008860147,4377.91621409735,0.575440750497269,0.516716672076171,2.02083814911146e-06,14.5778933290476,3.39922202504571,4.28859698532094,360.318065537557,772.346404308429,38,24,14,589,665,234.047914399213,429.307956247225,426.214296300538,910.58187542349,406.886922707139,4801.78932059881,1152.63588451857,9333.28010239428
pw.1438.tgs,pw.185,310.680094198919,729.233749670914,2591.7704608176,1734.77608569127,0.347909093042347,0.939631830499773,0.00021303523038749,11.7558770603959,3.18572298440005,3.69017554820757,360.31806554072,767.246223310466,41,24,11,589,665,225.620104244042,414.526119854772,496.409816143874,1021.35227752752,955.6387055453,5412.98324721448,,5915.60837945309
pw.1438.tgs,pw.2062,319.946709304167,785.7925472459,1740.09918444299,0.001,0.373091041236836,0.838766340565806,0.0905529468815656,7.70168387257181,3.52921044860002,2.18226823952279,360.318065539018,749.766282124226,45,31,7,582,665,235.299541502486,422.833663674942,561.597997038162,1063.01917220271,727.322920026934,3534.69091923443,,2484.69315071512
pw.1438.tgs,pw.1716,340.950284146619,675.067489236881,1007.37239044797,2271.66749139839,0.909467748693613,0.87258317147998,0.0214447790833041,8.7692830809122,3.42900051822529,2.55738750528122,360.318065539557,744.498289793118,43,28,9,585,665,251.062467527553,449.528807199583,460.270928944264,945.686908811925,,2757.24067758296,215.776667957146,5650.32521734168
pw.1438.tgs,pw.3365,250.251678254219,759.31764357474,3318.8311067107,0.001,0.150443607094999,0.884104216783647,9.83865208875358e-07,18.1211181459942,5.02508020205338,3.60613510976192,360.318065539179,733.63775221067,35,38,17,575,665,176.210131014276,342.628671457372,575.803216989786,978.266433714554,1894.51231538493,5511.81013835586,,2870.35883666286
pw.1438.tgs,pw.195,301.190854285985,720.083265319855,2769.17332977503,824.917382768035,0.370015970624751,0.999393847628439,0.000347783334635968,11.0968580731223,3.19833039001473,3.46957841121324,360.318065539658,723.80365531216,41,23,11,590,665,218.28092167379,402.751428592985,494.645742575072,1002.77929198528,1207.45612350576,5425.09144690875,,4532.08542759399
pw.1438.tgs,pw.3059,286.406286774608,718.791596103521,2580.73220321337,492.213249684371,0.545161644069089,0.998038996126227,0.000219769192266846,12.957307625894,4.06129948243051,3.19043391947534,360.318065539666,710.188543126471,39,31,13,582,665,205.703376642946,385.854084686246,521.734256613613,958.995862844514,1269.27144703497,4712.9715145821,,3665.16969096205
pw.1438.tgs,pw.1551,251.371279105491,734.653965031641,2955.43158911509,0.001,0.546142080516232,0.960712957794081,5.04860508112613e-06,16.2737021498391,4.89735834110208,3.32295515589676,360.318065539298,708.277466433333,35,36,17,577,665,176.99363251554,344.167867878971,554.06269552666,950.850172303821,1689.69779577973,4900.97068647882,,2881.40975325987
pw.1750.tgs,pw.1455.tgs,294.84641192634,248.477126623013,1809.89460680536,631.864112986768,0.731916264599374,0.965298524487475,0.000246464640359993,13.6249134736577,4.04310420189834,3.36991400500153,340.542752331249,257.613926580679,44,55,13,927,1039,216.883446081995,389.1962347668,191.193650879716,315.826516655602,671.54996277374,3529.8825255316,,1898.18614053607
pw.1750.tgs,pw.1320,255.173693763131,1049.32906388501,3301.37594231768,0.001,0.328748697807536,0.934388890601868,0.000388835820589192,9.90738639968608,2.3560928613299,4.20500675601294,335.412283268044,1025.11435265905,26,32,9,598,665,169.223042553719,366.245649836355,759.97651930659,1404.25389878283,1541.8722286225,6243.97398692643,,6647.62198512061
pw.1750.tgs,pw.167,296.604850685,942.315564163213,1790.41096129447,1276.99198268003,0.787595178747934,0.999875134453183,0.0421946480661967,6.13011866225198,2.03284520131601,3.01553638136514,335.412283267227,950.071713534702,29,31,6,599,665,201.588761704126,417.410555438945,662.319727069422,1290.03825480195,466.15439083904,4203.73555669925,,7436.24123575828
pw.1750.tgs,pw.3070,279.116618628853,836.391273636089,2634.01430065246,2707.93959273937,0.794407262767592,0.977181767962599,0.000277782020892023,9.56161980550425,2.14867060180082,4.45001658117842,335.412283266816,878.780039455151,26,27,9,603,665,185.969565258892,398.555004191081,576.754332028181,1160.72375218973,796.327339035414,5777.96000312525,,10232.5372008487
pw.1750.tgs,pw.1121,254.794938539745,887.832464362312,3538.30335251479,0.001,0.41718689434204,0.934198274066733,0.00024890799155206,9.27844855392888,2.0891460909981,4.44126363106376,335.412283267865,866.505129196171,26,27,9,603,665,168.969562151689,365.698938708944,628.434956847386,1210.39652728295,1645.37408990801,6746.81970987874,,6011.80489427158
pw.1750.tgs,pw.1563,278.844887307167,862.581654316919,1703.1152915796,0.001,0.501827875242674,0.864105227186181,0.0669801995750147,7.14070998845704,2.96922468396007,2.40490725644024,335.412283267368,838.72225931423,28,44,7,586,665,187.879043096387,395.311699796144,646.88157640386,1121.67553048489,718.640923037227,3399.91778802446,,3290.79271120054
pw.1750.tgs,pw.2642,295.041691694019,859.706772567416,1783.63637064416,0.001,0.609691082795828,0.901890721286025,0.13583376343687,5.28980956993557,2.124441692695,2.48997634913909,335.412283267873,835.341691103985,30,31,5,599,665,201.644923784782,413.619073907603,608.516275780702,1172.07927851194,626.369946427843,3992.45869289737,,4183.11248742178
pw.1750.tgs,pw.1866,304.30517508649,846.496893834578,1562.7571371603,0.001,0.375236667888281,0.730971275582841,0.226060301576742,4.84005315536275,2.18151167257346,2.21866938243475,335.412283266233,820.115294487485,31,33,4,597,665,209.348169349586,424.395235200345,602.142776427717,1149.45327381474,476.82653571144,3762.04950124535,,2966.47768023973
pw.1750.tgs,pw.735,252.698090488715,812.523252370006,2378.62772234984,1004.03382437098,0.423659956836177,0.998846785505162,0.000318978766109733,11.8800971058076,3.31670391846736,3.58189859506584,335.412283266812,816.069090547703,24,45,11,585,665,164.816331693157,367.139627106407,613.061347882938,1050.28156144477,1063.61447341513,4457.49826993054,,5731.34798796754
pw.1750.tgs,pw.686,274.474934132282,781.943752445363,2145.63790591897,3196.41542559661,0.445909764720657,0.810214565416457,7.71297173912927e-05,11.2988976606986,2.73969532402296,4.12414386432843,335.412283267984,833.917088121602,24,35,11,595,665,180.558344597702,395.231692371994,562.375296050212,1049.89477558797,654.716868145554,4538.59443000568,,9139.34041255323
pw.1750.tgs,pw.1211,280.137261258118,817.595970048432,1521.06727259803,0.001,0.517574824315337,0.880216715763713,0.107985274623272,7.43663481705051,3.41923943171886,2.17493830588871,335.412283266786,795.588431407808,28,51,7,579,665,188.749006874342,397.145499298649,624.716485211661,1046.67143107296,643.255605846621,3024.02479329804,,2887.63606829604
pw.1750.tgs,pw.444,325.72926152571,808.180930677302,651.032305539471,0.001,0.922581257258365,0.911218473288441,0.910946972164951,2.2012693422686,2.24832164448949,0.97907225492571,335.412283268275,785.018880597387,33,37,2,593,665,226.833967218294,449.905578849067,580.289697493484,1089.16042464991,107.266062209959,2059.26299129462,,2832.56915994001
pw.1750.tgs,pw.1622,305.762571583564,797.135778132015,1314.90690221663,0.001,0.704918554559471,0.879718856824331,0.399430236364236,4.47474650097025,2.36058776133257,1.89560692225407,335.412283267877,775.994889429693,31,38,4,592,665,210.346724241913,426.426737474131,579.666016401746,1063.208552369,402.472794858274,3143.83425893484,,3324.94475653016
pw.1750.tgs,pw.1114,302.853035830513,712.632298764748,1475.09549499661,3114.85149340514,0.850760133122101,0.879636373182941,0.00391546153710442,8.02077367106405,2.23794683474224,3.58398758475772,335.412283266729,772.346404312159,27,30,8,600,665,204.870595487462,426.921415689244,493.272038142241,986.759806039766,66.9448976317621,3901.92344185376,,8717.70643198647
pw.1750.tgs,pw.185,286.14962499518,785.203723952537,2135.49110435304,105.68084556715,0.699037865770908,0.989749861077505,0.0440520851998564,6.13674226383213,2.0742124727532,2.95858902809823,335.4122832675,767.246223318978,29,29,6,601,665,194.224052713766,403.341974327873,552.091469361116,1076.01773877768,802.72099530535,4593.64967421407,,4837.9004038638
pw.1750.tgs,pw.2062,295.708163934679,772.829563368302,1656.85209437356,0.001,0.541015610978628,0.853026480871445,0.1610135196484,5.34789052288868,2.29064795763535,2.3346627774306,335.412283265297,749.766282129802,30,33,5,597,665,202.099773576834,414.55531737038,552.350042298933,1045.44470549866,583.137655345669,3691.82207836384,,3292.68037214414
pw.1750.tgs,pw.1716,300.532786953023,690.488277310632,1538.40338034253,2817.83242847898,0.778775619664837,0.859813582917112,0.00406057616681775,8.00239566844564,2.25777859684955,3.54436687441895,335.412283266705,744.498289792395,27,29,8,601,665,202.990677145672,424.202603564183,475.71618330638,959.453271138712,146.071443415914,3932.0708202607,,8132.6815434428
pw.1750.tgs,pw.3365,258.961874347803,751.581761764421,2136.60812698925,2.29135707089091,0.477342531241505,0.970549039714519,0.00754629909184978,9.55598475670169,3.26200492120578,2.92948201720351,335.4122832668,733.637752212167,26,46,9,584,665,171.728032384915,371.689864313486,569.949213188146,968.300953133309,1005.5676363116,3985.48397378291,,3561.29419062213
pw.1750.tgs,pw.195,284.190579120368,698.311909868555,2363.48646169522,1740.70230174859,0.664983468906308,0.977211302749681,0.00176603180454089,8.21864745089694,2.07450415559122,3.96174065438529,335.412283266237,723.803655311736,27,26,8,604,665,190.64831171563,403.936678766748,477.952105037187,975.20391211776,699.823244208723,5255.67181137685,,7420.27193216723
pw.1750.tgs,pw.3059,246.943275609731,727.500593798085,2960.22822323174,0.001,0.490136105858202,0.928567072043294,0.000375449339870401,10.1398447217996,2.64397509712708,3.83507572851856,335.412283267133,710.188543121873,25,34,10,596,665,162.340580136739,356.824515563887,533.104126519485,964.350435011956,1437.9269700148,5467.06839058818,,4158.38543225915
pw.1750.tgs,pw.1551,246.261097751234,715.607445963335,2396.45870431553,419.273071289204,0.432233613423626,0.99650389957006,0.00051742471716966,10.8132994372198,3.17107953469476,3.40997421190847,335.412283266619,708.277466433633,24,42,11,588,665,160.452268796926,358.235545744893,537.402014710273,928.980366730231,1145.87319035734,4377.3330612578,,4264.0286140806
pw.1455.tgs,pw.1320,227.043598433136,1057.44113968112,1810.5984286691,0.001,0.554649996666671,0.92640916041122,0.0123025364140286,8.9262138717506,3.0471113975607,2.92940188497746,269.354052551349,1025.11435265471,37,33,8,587,665,161.505208663579,308.30645335608,765.835971159884,1415.12875376414,805.065345242348,3533.6879434107,,4993.49422841587
pw.1455.tgs,pw.167,220.161202507865,981.418391048418,2270.30865148346,0.001,0.39349834629859,0.922063950389037,0.00161921604473445,9.31542652890106,2.62623252949401,3.54706844282972,269.354052552247,950.07171353402,36,28,9,592,665,155.83407159998,300.155907406562,698.13551521679,1332.64371578123,1050.18217976389,4366.79717876613,,5015.90760268308
pw.1455.tgs,pw.3070,276.339121312783,705.079259516641,0.001,6056.4338752943,0.896151607488027,0.583583100092939,0.00914346149188564,8.67901577329125,2.83187430837684,3.06476023586861,269.354052551487,878.780039462698,37,28,8,592,665,203.233502553234,365.193117892335,475.071737664508,999.555457197592,,1364.51601635284,2699.01862710456,11771.9234516829
pw.1455.tgs,pw.1121,213.816999136667,893.200130773525,2636.43374920246,0.001,0.460574746561874,0.974428884966188,0.000241868917560774,10.6389937503433,2.70911530400471,3.92710998111315,269.354052551748,866.505129195598,35,26,10,594,665,150.561728978033,292.7209451659,632.230082656162,1217.7250060689,1270.42979191963,4938.30565567849,,5400.74779172311
pw.1455.tgs,pw.1563,236.331524442216,831.016507597988,1100.58303602355,1065.83627064385,0.929282701277737,0.998360436353175,0.0340064627640239,9.18448529015059,3.82152233434172,2.4033577424408,269.354052551295,838.722259319196,36,42,9,578,665,167.600026600517,321.510586779752,615.627938223133,1090.25277807658,366.701679149404,2312.50782621973,,4649.9453044841
pw.1455.tgs,pw.2642,232.958173258984,864.043934793013,1642.2375573374,0.001,0.708127212360197,0.973504119977735,0.0379158507900914,7.44144905471234,2.7663805927054,2.68995852354318,269.354052552698,835.341691102662,38,29,7,591,665,166.502550732335,315.125107713129,611.591265070987,1178.01070679818,684.136518036354,3357.90682546891,,4252.27678965667
pw.1455.tgs,pw.1866,251.438700719304,851.39298225924,971.812700684969,0.001,0.551614845604544,0.77315400110646,0.420482854017819,4.86078369772831,2.82839340997763,1.71856704254121,269.354052551645,820.115294494088,41,33,4,587,665,182.093049296366,336.498750315777,605.620505715507,1156.11926301224,296.090065612701,2346.9305427065,,2719.49196406926
pw.1455.tgs,pw.735,225.60366141945,755.094827162666,1482.96863971222,3083.53451022021,0.583815836138312,0.822064949361688,1.92493169775099e-05,15.804335772321,4.31770448419354,3.66035605960952,269.354052551472,816.069090538663,31,42,14,578,665,156.952928690388,311.012807044235,558.77335068647,990.640254235531,483.90607341907,3025.76289268689,123.815911590013,7753.64420203935
pw.1455.tgs,pw.686,247.981685454709,723.423833208744,935.174804037875,4472.13781057755,0.795770354281029,0.504946144152315,0.000152702351225016,12.7199596705679,3.5674086546412,3.56560206636804,269.354052552017,833.917088134183,33,34,12,586,665,176.307316673643,335.91826945683,511.199407268168,985.602336370323,,2435.60678707276,1298.57667355136,9549.91059897638
pw.1455.tgs,pw.1211,210.404973118085,760.675381676017,1770.4996543976,2069.38739440184,0.609824734280639,0.957623774356469,8.30913855466073e-06,16.1790831204195,4.45045940850865,3.63537370759687,269.354052551811,795.588431406365,30,43,15,577,665,144.611534969298,293.155904245326,570.073351326587,988.011985517729,769.752323665556,3300.96652281463,,6395.42999175066
pw.1455.tgs,pw.444,239.55276182708,811.130218125322,1323.90701929711,0.001,0.812322323469874,0.970971508452596,0.140715161629674,6.59962523540513,2.93564255227957,2.24810245725605,269.354052551235,785.018880604915,39,33,6,587,665,171.998275592963,322.850825267846,582.405867305881,1093.13987060525,512.816334111641,2814.18088955729,,3644.80703953305
pw.1455.tgs,pw.1622,246.134038706854,801.189069505937,1056.30433254953,0.001,0.823630918261794,0.944507468801843,0.354741498330491,5.62553695719646,3.03406209615727,1.85412716645495,269.354052551368,775.994889434068,40,37,5,583,665,177.501510201556,330.538813592158,582.616711946913,1068.63397841609,372.038349539214,2349.94510347218,,3189.27186459342
pw.1455.tgs,pw.1114,270.033523566613,630.919977873622,251.853510146897,4919.60670271406,0.999892482467448,0.54257145206777,0.00408420798550627,9.32109670419346,2.9150263659258,3.19760288042304,269.354052551291,772.34640430453,36,29,9,591,665,196.923558459527,358.955294376184,428.543290292453,888.532047535982,,1734.56785452147,2006.83324901258,9763.37677825216
pw.1455.tgs,pw.185,241.610030050977,688.209342378024,1481.68612810444,3249.75387021297,0.715815771857885,0.816257037592816,0.000328056466519741,10.7376867676157,2.74618417925781,3.91003882722742,269.35405255219,767.246223319009,35,25,10,595,665,171.696136653254,327.735553794822,462.444118702958,973.885904320061,250.575617924723,3607.10173849067,36.8580100243007,8522.28863472646
pw.1455.tgs,pw.2062,239.667835788292,777.274284136673,1286.44671035997,0.001,0.661366692276046,0.960371517483448,0.147696730504496,6.65332426685585,3.04028581978791,2.18838775734578,269.354052551079,749.766282123312,39,32,6,588,665,172.081976061584,323.002978775761,555.525207699538,1051.46055406239,499.413497943249,2722.25169579223,,3262.28935094305
pw.1455.tgs,pw.1716,261.604769879199,630.899768857352,565.869716368395,4187.42039676561,0.955015316693407,0.454306395641185,0.00318313645679807,9.67998957840324,2.94880125305101,3.28268633512948,269.354052551495,744.498289788741,36,28,9,592,665,189.054141187131,350.077882409973,426.799915945338,890.449913172519,,2091.41514081585,1336.51133004165,8957.04932059357
pw.1455.tgs,pw.3365,199.873655035363,750.583254848541,2065.53567543032,131.03748333374,0.55929451801102,0.987534500110431,0.000141500197608163,14.116654630982,4.28540223552656,3.29412593150605,269.354052550838,733.63775221147,32,42,13,578,665,138.360714481789,277.375264920354,568.319254205283,968.060052656008,1082.92318581551,3607.19010034766,,3648.59153858632
pw.1455.tgs,pw.195,251.648795049942,681.364533912935,959.670342157178,1932.93535729472,0.842497124776373,0.924368171552879,0.0380342540331202,7.50941963550634,2.74234716189256,2.7383183791814,269.354052551328,723.803655314057,38,27,7,593,665,180.818658137253,338.56750924755,462.369783753698,958.11285271111,56.4430382205964,2569.00572643692,,5987.81672574856
pw.1455.tgs,pw.3059,250.583683073228,620.822405559118,868.917950765554,3481.57002805768,0.913018160322342,0.762177886795031,0.000658528861868533,11.5705895097484,3.46154786607236,3.34260566585113,269.354052551693,710.188543117839,34,33,11,587,665,178.811621210258,338.557123325951,435.934268492379,850.182853614384,,2405.15638166832,874.561753454455,7716.3228606678
pw.1455.tgs,pw.1551,272.54090841548,566.140317588485,187.116089124269,5045.23251734506,0.998320012544121,0.59936255355765,0.000245512945523212,13.1402841585288,4.14517837089655,3.17001657896973,269.354052552094,708.277466431664,32,40,13,580,665,198.582766083983,362.482454354263,408.395800148274,760.018526254836,,1391.44686293421,2472.55370673298,9233.48407064156
pw.1320,pw.167,997.157580086795,819.823571867528,2153.62344924551,5419.96428689921,0.9947387042845,0.907669615507035,0.00577684727687329,8.04050428322931,2.35104025749207,3.41997728775872,1025.11435265971,950.07171353617,33,29,8,595,665,709.787430006435,1350.85722701613,558.175679341618,1151.5390333895,,9013.42166644192,1527.9392577387,11991.4617052419
pw.1320,pw.3070,1048.45892088006,673.997366787184,0.001,9078.04756553661,0.904520749858952,0.304193166184835,0.000279615903132002,10.5733152657975,2.48411965059464,4.25636311973396,1025.11435266412,878.780039463391,32,27,9,597,665,759.341096809536,1403.08007027364,450.643990374738,961.236654209294,,6553.03861305125,4233.65969098357,17213.1753113855
pw.1320,pw.1121,995.039547470488,797.092022460831,2176.36335654778,3183.38384988421,0.985586855207363,0.918645766545264,0.0796077993372604,6.30925294778969,2.39097381416003,2.63877960955678,1025.11435265492,866.505129200365,35,30,6,594,665,708.541279226103,1348.05700899037,547.282682014698,1112.18461910262,,8201.01428114184,285.896973007971,8405.19431235482
pw.1320,pw.1563,1063.12315468449,691.698002889636,0.001,5985.31297876881,0.917586673161187,0.607524856499394,0.00271552669942843,10.4659156183632,3.41978883893709,3.06039820330431,1025.11435266058,838.722259316048,31,41,10,583,665,769.938541334411,1422.75376094308,500.935907125528,925.705196966625,,4616.51302598086,2908.1693843896,11048.9874681029
pw.1320,pw.2642,1048.16533591988,642.30767136387,0.001,7823.3893971675,0.980135251579087,0.720843482984769,0.000624107919812225,9.75352804954096,2.4535790068349,3.97522477261611,1025.11435265705,835.34169110138,32,27,9,597,665,759.13037769306,1402.68242763522,429.454012866974,916.046802622355,,7321.59654603955,3652.20044889634,14808.966022851
pw.1320,pw.1866,843.492990376651,842.032727085448,8588.93918245485,0.001,0.672094326733305,0.928125188364261,0.00323753455655641,9.05173971982818,2.51501128179125,3.5990851354676,1025.11435266062,820.115294487783,33,29,8,595,665,587.41697881396,1165.00582578981,598.986905025699,1143.36938951051,3814.86631348331,16803.8084104286,,5042.48985799163
pw.1320,pw.735,1064.87025258251,671.132655121662,0.001,6318.398697701,0.925397722538305,0.489735882184797,0.000819125703000431,12.0457998223894,3.81198273294437,3.15998278750997,1025.11435264705,816.069090537065,30,45,11,579,665,771.20653876609,1425.09183584059,493.591273188195,886.913388331078,,4595.4153443737,3169.03826783007,11453.6456642003
pw.1320,pw.686,1040.20293873965,721.771853477427,604.412234003105,4668.61751057104,0.995754392223004,0.596135058629613,0.0214491609275497,8.59368747685531,3.14416967905203,2.73321364750465,1025.11435265812,833.917088133542,33,38,8,586,665,747.96837888363,1398.8434145693,516.007313748793,976.039336964769,,5477.97482948321,1854.72282565658,9465.38716253703
pw.1320,pw.1211,1061.98773558945,662.534700798909,110.072821304364,5694.24348137336,0.991512926495785,0.701680507862392,0.00152955153741778,11.7741391122491,3.92750534660832,2.99786711236863,1025.11435264741,795.588431405205,30,47,11,577,665,767.915799745518,1422.69119116107,490.65744050623,870.576084163978,,4846.22764326658,2821.55492108099,10379.4140406463
pw.1320,pw.444,1050.00869285303,619.088223209861,0.001,6933.64719334838,0.931330505576837,0.768368768414269,0.000978736803232732,9.79872462133263,2.58264072756159,3.79407190352184,1025.1143526637,785.018880601865,32,30,9,594,665,760.463537740236,1405.16223803669,423.112673183206,867.863595560129,,6456.12266025576,3242.85318036359,13085.9695487252
pw.1320,pw.1622,741.491056617091,793.835928622915,12297.3832938969,0.001,0.678373617129067,0.926581820448981,4.09139845536186e-06,13.1248201969843,2.73182675441995,4.80441161788501,1025.11435265063,775.994889441052,29,30,12,594,665,503.285745524234,1045.13592360982,577.279345427102,1058.80228450338,6359.74793325015,21823.439182425,,5349.61114025029
pw.1320,pw.1114,1054.08938531483,646.926814779188,0.001,5087.07329396901,0.915078395488863,0.522344463161105,0.021910210430988,7.62577031716031,2.56477991442329,2.97326498631561,1025.11435264959,772.346404307309,34,31,7,593,665,763.404654631111,1410.63658731452,445.048349743736,902.249898550549,,5254.92386011848,2134.77364489521,10258.7065878075
pw.1320,pw.185,1052.60433816147,676.970427329403,0.001,3672.1500355976,0.948910813155076,0.767155680353304,0.196665438768227,5.35611055103537,2.37581941267957,2.25442662958733,1025.11435264296,767.246223319494,36,30,5,594,665,762.333611153605,1408.64987887486,462.663300806043,949.069348724024,,5151.58365804861,1293.56150930314,8166.75931009465
pw.1320,pw.2062,1051.5780885194,692.479999250454,96.2279250847908,2617.47004538025,0.985508894532335,0.89594400811563,0.53195224047445,4.51807017916818,2.63573399196525,1.71416015157107,1025.11435266695,749.766282126365,37,34,4,590,665,760.86830332969,1408.16453335283,484.980663956323,952.149023158204,,4744.9506829383,755.307037350028,6381.45118475483
pw.1320,pw.1716,1053.18421292048,598.610773297068,0.001,5896.76952317886,0.884587566520214,0.375838066275953,0.0039958172901578,8.81124901845151,2.57378555355369,3.42345888385518,1025.11435264452,744.498289788754,33,29,8,595,665,762.753172893831,1409.42678465123,406.282353369116,843.807579708754,,5384.68839240104,2619.85003817245,11522.589936918
pw.1320,pw.3365,1063.21172341758,586.033146414005,0.001,6620.65819877178,0.937756113189773,0.342412472459324,0.00010185307531464,13.2236833580806,3.7320728766568,3.54325432410271,1025.11435264443,733.637752211002,29,43,12,581,665,770.038245283411,1422.91946830444,427.8150290294,779.192343096175,,4954.50615112739,3410.22884678784,11820.6840266214
pw.1320,pw.195,1047.76595607238,544.378420709048,0.001,7580.33876821804,0.962563938501795,0.334146273092172,0.000265087030338934,10.2049324639534,2.37493530488685,4.29693071763045,1025.11435264505,723.803655316549,32,25,9,599,665,758.849213774065,1402.162660663,357.872591079634,786.610188766435,,7283.86436807237,3516.38593868076,14495.2416051713
pw.1320,pw.3059,1055.82089057778,545.226403476323,0.001,6930.44553881415,0.89616361183631,0.362065260937866,8.93610576036459e-05,11.8571313408677,3.02880440701418,3.91478938468548,1025.1143526552,710.188543122339,30,33,11,591,665,764.661077386461,1412.95922572624,379.683518387624,753.095704261201,,5489.06275418818,3468.96974370075,12605.1804279517
pw.1320,pw.1551,1065.20681891687,560.225712442901,0.001,6355.35689824593,0.904377388850306,0.237575149363956,0.000102360484151086,12.8913698315263,3.63757047374378,3.54395053637504,1025.11435265911,708.277466431802,29,41,12,583,665,771.447496468559,1425.54582987805,405.708883686494,749.784004536593,,4606.67799907771,3266.46780449819,11383.1620286939
pw.167,pw.3070,975.763680461204,750.541820213911,0.001,5697.68020047312,0.926188214101986,0.602164085129546,0.0419396216005528,6.11852620503397,2.07982557733404,2.94184583155133,950.071713540249,878.780039454357,31,30,6,598,665,694.119169367676,1324.95087215621,512.958132295411,1052.17624477926,,5320.16571428552,2210.88187103722,12069.2299311126
pw.167,pw.1121,777.964366940036,846.737819957899,8069.97471261987,1716.42159576927,0.65235901369157,0.992382213439637,0.000347273230502423,9.12363368534901,2.07949192981354,4.38743404316413,950.07171353915,866.505129196106,28,27,9,601,665,525.139672652509,1100.52969128006,588.756309542383,1168.25984257047,2994.30182335543,16598.5410539987,,8590.45562849831
pw.167,pw.1563,718.636027880529,859.585955081528,6854.89080245498,0.001,0.760402473900653,0.941409689426689,0.00176847957458494,9.70434852493062,2.94674898976449,3.29323894184357,950.071713526068,838.722259305887,27,41,10,587,665,480.485470521779,1024.91815916596,644.640461518727,1117.76485585426,3362.181743413,12448.7290608799,,4370.29537778939
pw.167,pw.2642,974.229765108439,690.510299666712,0.001,6077.03278943885,0.956025840742163,0.937596954868123,0.0144199636561528,6.83095477317245,2.09765875221531,3.25646617494784,950.071713535053,835.341691106933,30,29,7,599,665,693.028760439479,1322.86621218933,468.670126202717,973.311064865269,,6046.41714683928,2539.36739813429,12357.4331680044
pw.167,pw.1866,816.351324808045,842.728279380521,5885.65743491719,0.001,0.732035673858064,0.927797785700427,0.0510431374903378,6.13791849665019,2.13599802166851,2.87356001006762,950.071713526038,820.115294480532,31,31,6,597,665,561.621747936152,1138.49689356449,599.475654731528,1144.32477705502,2291.94969330521,12384.4277934853,,4600.10178010058
pw.167,pw.735,988.973938534708,685.838396957795,0.001,5880.28793476019,0.963928127435671,0.766692341051692,0.00310576319494039,9.81730471405595,3.23501506992689,3.03470138526366,950.071713533447,816.069090536714,27,46,10,582,665,703.501147373272,1342.92108091307,506.183570512543,903.731041557065,,4464.8009710398,2833.45796451422,11015.7245743274
pw.167,pw.686,757.863995628481,844.583654307249,6315.42162516487,413.238846627063,0.780266991898444,0.997901822880741,0.00434489525600359,8.65995076649978,2.68367333377072,3.22690196959704,950.071713533072,833.917088134057,28,37,9,591,665,510.748786266023,1074.09894997754,620.677145011865,1116.21033071208,2776.05876097562,12132.1012861754,,5185.05720830869
pw.167,pw.1211,908.557268965376,777.878372701924,1825.67793321124,1418.411790364,0.981080178242559,0.98713402261208,0.381228136725776,5.84627180629851,3.33426015511147,1.75339401676143,950.07171353558,795.588431403404,31,52,6,576,665,629.43548769891,1257.94121025049,587.627206744576,1004.85721034158,,5349.08383599698,,4526.42245162237
pw.167,pw.444,977.102812472432,680.699419473678,0.001,4773.24540626914,0.923872045450377,0.66469562889629,0.0558824492679922,6.26110788060935,2.24285291855815,2.79158201984747,950.071713541066,785.01888059597,31,33,6,595,665,695.071304531988,1326.77068088899,474.044131335328,940.167280965786,,5065.12949020763,1856.0773993232,10071.1933507017
pw.167,pw.1622,979.722591670354,701.347345676046,0.001,3554.85194800534,0.92524603163606,0.807145211867768,0.228233833875862,5.19338766232304,2.38826407673138,2.17454498140373,950.071713536083,775.99488943564,32,37,5,591,665,696.930405337175,1330.33533269801,498.913843599018,952.322017259478,,4450.55631638715,1252.71925854262,7901.42159069513
pw.167,pw.1114,978.515865892879,667.797842263387,0.001,4428.78632336416,0.948416214816188,0.724454747044168,0.0728534395715097,5.83720964619876,2.20073717663758,2.65238834885191,950.071713530084,772.34640430647,31,32,6,596,665,696.071879973597,1328.69883747772,462.281779366341,926.768979843581,,4984.97818305094,1718.05654967102,9387.58906690718
pw.167,pw.185,936.192333786922,661.521955513337,1505.32126905772,4647.80375412586,0.997205418219159,0.807010411012291,0.012485881101421,6.89453743746921,2.05587391442464,3.35357990054498,950.071713532633,767.246223315782,30,28,7,600,665,656.394768164935,1283.81107926782,446.510218200955,935.908759615314,,8002.44557688118,1366.85323520512,10475.7312948609
pw.167,pw.2062,921.585189722479,710.684690081653,1945.60278979538,2170.39204674887,0.985534821141809,0.959286931235453,0.206307443011116,5.10101869266813,2.2298193378875,2.2876376601437,950.071713528979,749.766282127181,32,33,5,595,665,643.742979639808,1268.00687856921,497.044367262274,977.275099480927,,7253.4555680803,,6559.66750021912
pw.167,pw.1716,976.853000108895,685.411403584711,104.66900413604,2672.3112640681,0.982116660765752,0.860401394311305,0.497489662814785,3.89550027722875,2.19070675025132,1.77819339662045,950.071713534639,744.498289792109,33,33,4,595,665,693.928524409211,1327.50596302923,477.302862897274,946.74050776751,,4448.07703676612,763.738581674511,6553.88544261389
pw.167,pw.3365,911.304377245955,637.857489264814,1937.31901225459,4743.62678633155,0.992502814047725,0.843644140672444,0.000502169805436506,10.9355364698109,3.16961413180958,3.45011601256573,950.071713538039,733.63775221893,26,44,11,584,665,629.67877130035,1262.1923070888,468.458057967291,843.411193718706,,7118.96163484243,1744.21183929529,9762.42718950205
pw.167,pw.195,975.82022967095,634.266259785958,0.001,3775.58155590526,0.97147266136595,0.801054506115886,0.157607446709356,4.86776076095898,2.0054996040529,2.42720604438004,950.071713531606,723.803655311012,32,29,5,599,665,694.157780231488,1325.03045585129,430.481288228802,894.079743753258,,5270.78277218755,1320.3769339339,8521.87660128127
pw.167,pw.3059,928.514761635669,681.007495978624,1555.97276642893,1728.81956853796,0.985665669487036,0.945984520902226,0.355657104736109,4.90864054276473,2.56156108656576,1.91626917214989,950.071713526655,710.188543117247,32,39,5,589,665,648.669874020156,1277.41238322817,490.579880123746,914.736173739222,,5846.0070309568,,5114.18284092158
pw.167,pw.1551,986.197250149784,531.541514900565,0.001,8122.90771843355,0.967184669529679,0.557702925614592,2.19039134867564e-06,13.2780587972648,3.10501475981357,4.27632711094168,950.071713532459,708.277466439452,23,39,14,589,665,701.502129736738,1339.09424639764,381.631970773244,716.398936937655,,5285.89315461436,4289.17293958998,14585.8790868683
pw.3070,pw.1121,724.820126422217,888.997557033354,6881.72634215923,0.001,0.611864720213581,0.929242275321838,0.00920180272730459,7.35369556721402,2.14903813263032,3.42185438943954,878.780039464628,866.505129200355,29,29,7,600,665,491.952154730192,1021.64260646401,629.256333445223,1211.99475323108,2878.51565385035,13968.2699475226,,5386.21163573816
pw.3070,pw.1563,580.431867830759,856.02045825744,8951.40204219501,0.001,0.735016732653231,0.941509861475795,5.92858556100267e-06,13.0452939000883,3.08343165796357,4.23077121440207,878.780039457213,838.722259309361,23,38,13,591,665,374.359671861084,851.156388959619,641.981237934807,1113.12479856773,4756.69547735822,15583.1872145439,,5292.83366543431
pw.3070,pw.2642,571.437797286142,852.965482146661,15770.3993358523,0.001,0.17852021891685,0.88446437376139,1.42640067673769e-08,14.1151578777106,2.24996731311203,6.27349463943421,878.780039454294,835.34169110529,23,23,13,606,665,368.553400402377,837.894715836832,603.763151252061,1162.87610945268,8188.2313029763,28548.1346514761,,6424.56261642361
pw.3070,pw.1866,672.155010194254,841.327779126445,10457.3905839271,0.001,0.10823563119035,0.778781733186991,9.15069628047781e-05,10.8957081279806,2.30865106737596,4.719512741423,878.780039462963,820.115294491722,27,28,9,601,665,449.412476325523,958.60807304664,598.479436074246,1142.42334261233,4844.54187451187,20074.8115633665,,4223.19028503393
pw.3070,pw.735,581.014757713395,832.645572611683,8676.34829020682,0.001,0.371506293804974,0.90558654393779,7.27336170736968e-06,14.2988671404259,3.48053849108298,4.1082341646441,878.780039460566,816.069090545375,23,43,13,586,665,374.715498244902,851.95436461871,633.073601453097,1070.37046005519,4625.73146743481,15003.1278413341,,4605.4957133459
pw.3070,pw.686,724.207640964617,803.503387522677,5198.66750063274,2054.98533661364,0.74545129364453,0.973170706909652,0.000885572281451242,10.0560066122497,2.86415727969813,3.51098268364283,878.78003945403,833.917088133451,26,36,10,593,665,482.646742203466,1033.74672923725,581.868143415528,1073.29396091206,1707.36059554726,10909.7007090404,,7411.79027902402
pw.3070,pw.1211,673.748558106335,789.838217234243,5983.72928875111,1080.99136419816,0.442215566677498,0.997003303034897,0.000404234921695367,12.5190925478665,3.60949151603963,3.46838120888633,878.780039459666,795.588431397088,25,47,11,582,665,443.658339378273,971.617329429983,598.611821105511,1017.10523917547,2614.1466017649,11322.2299874694,,5627.53952886563
pw.3070,pw.444,698.57141912961,803.171438117918,8247.59367101303,0.001,0.433259335501896,0.958724289751165,0.00147299857221791,9.23609008021422,2.34199541401533,3.94368410157518,878.780039455481,785.018880601409,28,31,8,598,665,470.69824850331,990.299506127803,576.703904850291,1082.38456966156,3653.94895020043,16199.5060770315,,5388.93572853192
pw.3070,pw.1622,572.514009585692,790.4799272305,14464.993374838,0.001,0.204045941851589,0.907331149426949,2.91643219685788e-08,14.8475405282062,2.45955024646284,6.03668924819039,878.780039459288,775.994889438377,23,29,13,600,665,369.243086647275,839.459554418541,574.840592308519,1054.31067631265,7621.67505060796,25515.5142742411,,6136.21301589136
pw.3070,pw.1114,784.737958684408,699.302759548211,4479.92141487692,3812.10213627691,0.834402916712688,0.845139685015494,0.000572005302130007,9.69208486699925,2.36794361610005,4.09303870290709,878.780039451747,772.346404306156,27,29,9,600,665,531.830879426627,1103.56031251399,481.252242061632,971.85717017785,305.011489344955,11625.2774868379,128.580949379122,10097.619215019
pw.3070,pw.185,724.991940518667,788.147693246072,6789.99212945143,0.001,0.559356456777682,0.923795585904169,0.0103832734450019,7.31251451934424,2.17083466585253,3.36852669361278,878.780039457475,767.246223319118,29,28,7,601,665,492.073844276897,1021.91482631719,554.969563876149,1079.02747111277,2818.00216932863,13989.3743518012,,4572.85324087401
pw.3070,pw.2062,725.709725919394,771.571645107988,6518.24315118763,0.001,0.311167930959649,0.852960557248033,0.0109362446571825,8.01181615514729,2.470072399968,3.24355519103451,878.780039451837,749.766282128019,29,31,7,598,665,492.565111396432,1022.91649767334,551.455782195112,1043.73014254263,2726.50780760964,13226.1111826248,,3727.01476327441
pw.3070,pw.1716,832.042751861052,700.674610955327,2416.88111878609,2260.55228208833,0.951388244275844,0.935344723339333,0.0821910329659572,6.15540978107304,2.3679227839728,2.5994976790357,878.780039452981,744.498289791805,30,31,6,598,665,573.93938473191,1155.90453047826,485.661032786966,969.903118443665,,7611.66583455501,,6787.87998126737
pw.3070,pw.3365,632.773007009763,750.405045059599,7055.27230315411,0.001,0.432965652266197,0.905643711138194,0.000336903113328989,11.9133592113621,3.41220803927622,3.49139298490403,878.780039461324,733.637752215518,25,44,11,585,665,415.98396131982,914.349284794187,569.058090531959,966.769793716237,3564.4852235029,12627.0943139359,,3725.3674545744
pw.3070,pw.195,698.682440425633,743.402365849739,8227.26219915242,0.001,0.373010332322871,0.93319323684579,0.00150320548235944,8.58314959559261,2.1964674212967,3.90770630712359,878.780039445817,723.803655306678,28,26,8,603,665,470.769274646249,990.468454520014,520.620500673647,1022.22201238044,3629.49055565555,16302.74831387,,4729.96888189439
pw.3070,pw.3059,705.653486473152,728.720715181525,5875.13121538921,0.001,0.727842085990595,0.958571687491928,0.0115989867037119,8.30567982954463,2.77993699749181,2.98772232501614,878.780039458046,710.188543125789,28,36,8,593,665,475.45670905071,1000.37539249576,533.976993182736,965.944316861689,2615.88211179308,11440.3577123915,,3861.69304767338
pw.3070,pw.1551,588.948811220297,719.694490304665,7992.87274257304,165.898890615814,0.736785196417482,0.995051969159269,1.5377820802276e-05,13.0253348016608,3.32481812965137,3.91760821005467,878.780039457659,708.277466432025,23,40,13,589,665,379.836518718259,863.54454731862,541.950300697967,932.468720579864,4200.4240774437,13913.0746250614,,4698.15586592035
pw.1121,pw.1563,684.702238803484,851.917017234176,5430.39857535917,295.754242734413,0.859933534382403,0.997410631048293,0.00696684350561462,9.01485351320109,2.9951400605153,3.00982703014233,866.505129187142,838.722259311082,27,42,9,587,665,457.842493794166,976.393013241466,637.166352581055,1109.88431594077,2430.96594891044,10343.4423582101,,4833.8229462587
pw.1121,pw.2642,853.350554539243,747.316487312049,1387.73432709766,4195.39855538265,0.995593697854714,0.82518206481952,0.0445985202324091,6.41329021110437,2.16612469539967,2.96072069383848,866.505129197547,835.34169110726,30,30,6,599,665,595.19948157431,1175.18877819013,511.724219361785,1045.45042013897,,7053.21839342198,945.806580097161,10104.0290189821
pw.1121,pw.1866,739.113601542425,841.531491307055,5905.13933988609,0.001,0.544804266647917,0.914109686823083,0.0331823789831108,6.80090845489431,2.20122959859694,3.0895952240644,866.505129191658,820.115294482638,30,31,6,598,665,505.147828105983,1036.1436612447,598.631335644447,1142.68915301709,2293.11552293463,12492.6794293234,,4683.03121837749
pw.1121,pw.735,829.375033362764,759.32724561283,1745.81945897766,3072.93377986716,0.982037859040715,0.885261219308609,0.0359933612995809,8.47327231211991,3.32892482738341,2.54534804824056,866.505129197004,816.069090542844,28,48,8,581,665,570.332819343606,1153.89145442704,565.867276575502,991.942006250255,,5789.11602775501,578.107783956783,7360.27221928031
pw.1121,pw.686,848.679731249562,781.370452868331,1341.23408788091,2730.43521493888,0.989317122080065,0.837088164923908,0.161986528867174,6.09691344037941,2.7553518311786,2.21275314875903,866.505129194642,833.917088133951,30,40,6,589,665,588.996167301459,1173.16270597089,564.873207411125,1046.58723019455,,5326.73971100365,386.778864072652,6995.26200888497
pw.1121,pw.1211,601.198500867965,812.481116685514,6876.45875171374,0.001,0.932710593454724,0.986185633101772,0.000170885048876075,12.2069898387496,3.45166215552075,3.53655406837113,866.505129188702,795.58843140121,24,46,12,583,665,391.579078339758,874.912818234987,620.815169983495,1040.09689836441,3593.41139113592,11984.9404114183,,4506.30497314026
pw.1121,pw.444,890.668732429714,701.515455861887,0.001,3978.4136314105,0.978507320775006,0.870834900048927,0.174036995388369,5.38710199845179,2.27651614725206,2.36637987609026,866.505129197215,785.018880606044,31,34,5,595,665,630.437029662188,1214.2623963423,491.322390079599,964.544815769979,,4815.26444985746,1400.4757888571,8862.27406601586
pw.1121,pw.1622,792.998308455134,796.111508935207,3261.93595175158,0.001,0.91556750009749,0.969921638035016,0.477413147128788,4.38587043295749,2.4038673923518,1.82450598020161,866.505129196199,775.994889443399,32,38,4,591,665,548.959101131645,1100.47664259795,578.935061893096,1061.85354493759,999.239138067047,7788.47304632754,,3723.19949857874
pw.1121,pw.1114,892.626672016512,666.599994002729,0.001,4610.8517630883,0.978064663564224,0.66499435066952,0.0615923244912272,6.17049032530419,2.25721325115437,2.73367628076281,866.505129196123,772.346404307837,30,32,6,597,665,631.758041398305,1216.83254175556,461.514459900346,925.203036768238,,4799.15250348037,1790.83262565573,9744.04854386889
pw.1121,pw.185,858.230500092551,632.014159691924,1227.00186992418,6108.2573525797,0.998226102480121,0.630340565657644,0.00171679535798408,8.28028958931744,2.09165609192269,3.95872420006965,866.505129199428,767.24622331804,28,27,8,602,665,599.700059620201,1180.17093089311,423.041711030348,900.239146671157,,7782.83962102242,2239.07889955482,12789.3594122014
pw.1121,pw.2062,867.833769169035,687.176287498282,829.204099412942,3037.45658810981,0.999974944053309,0.886329482204193,0.192331444487361,5.33189598573871,2.31437033558103,2.30382143417861,866.505129194916,749.766282123534,31,33,5,596,665,608.224704951983,1191.09169920036,478.950163536258,948.238907243205,,5615.65123744785,660.076972555312,7593.12021159643
pw.1121,pw.1716,893.739707797395,661.221639328494,0.001,3638.16476457986,0.924049405222454,0.683645277110808,0.182870723055527,5.14034633741381,2.25848211388938,2.27601817424248,866.505129197785,744.498289791668,31,32,5,597,665,632.604609967037,1218.47820683813,457.720115696874,917.664886633103,,4160.52981358066,1277.44144381543,8143.94557049605
pw.1121,pw.3365,898.911930696231,644.047053531677,95.2875678738111,4148.16623543695,0.988750598488828,0.770798837870694,0.0341048223266732,8.25028249418805,3.27594332133171,2.51844482182134,866.505129190752,733.637752208612,28,47,8,582,665,635.131118343623,1226.95618760703,476.960482050503,846.279175875437,,3987.09132066973,1799.95413898025,8218.2978460158
pw.1121,pw.195,887.498183637253,565.63281637221,2.68201819706579,7032.93097599541,0.990326457607233,0.44280383392708,0.00119584771556458,8.48401767122111,2.09244638635416,4.05459261778435,866.505129193241,723.80365531278,28,26,8,603,665,628.183765601626,1209.96850128103,375.096201696972,811.857058283906,,6390.67115598293,3101.6873330933,13915.8208719803
pw.1121,pw.3059,847.063597233535,644.322082930498,1439.41471887573,3149.22101450321,0.996799088736798,0.924615316573035,0.0416180406718522,7.1484357914124,2.65069836664463,2.69681223686768,866.505129196036,710.188543117781,29,37,7,592,665,587.799649503422,1170.68537925659,459.350753332369,872.925283416024,,6192.95412011704,730.783216949697,7426.98784510402
pw.1121,pw.1551,860.165726457027,610.398121548765,1031.69386155899,4596.76253353667,0.999112439624931,0.537163116682078,0.00201943634442146,10.1566672778935,3.21462247062068,3.1595210232984,866.50512920817,708.27746643135,26,43,10,586,665,597.64518295845,1187.30701687722,445.980881255792,810.802522244511,,5312.21165284475,1863.26388325432,9202.22268476119
pw.1563,pw.2642,748.09644305205,780.468073746792,4684.49665826058,2339.54166867908,0.695943170180996,0.937146193114311,0.00105169087488303,10.6429070022936,3.08103388093483,3.45432975214943,838.72225931394,835.341691107398,41,26,10,588,665,544.165763900107,996.557633217696,532.675972943316,1091.22413725675,1286.09644577834,10364.9147496033,,7143.86035135727
pw.1563,pw.1866,688.34800036587,852.109878722523,7268.29312906217,0.001,0.215103266625045,0.812507323539042,0.000592786599434727,11.1814159528888,3.15958935797695,3.53888264772739,838.722259311736,820.11529449114,41,27,10,587,665,498.514660107182,921.209035909841,606.13537332762,1157.09139251403,3505.31833826467,13595.1935162903,,3456.22940537753
pw.1563,pw.735,870.544696774619,617.171257342524,0.001,6193.28626802376,0.978768308954586,0.824315764885436,6.87643375273866e-05,14.9543877675283,4.7910463332044,3.12131979686499,838.722259311848,816.06909053475,36,41,15,573,665,652.846486094288,1132.05119723548,446.949062164226,825.992728967132,,3470.55183264405,3427.86052411608,10490.5024529451
pw.1563,pw.686,805.267582329099,747.341604750216,1757.44361250814,2954.43878562192,0.958597798669465,0.79229445313984,0.0173233080760785,9.82906286237684,3.95144119253669,2.48746277204923,838.722259314445,833.917088128135,41,36,10,578,665,591.477923570241,1063.52498256036,532.050725187769,1012.74181413099,,5216.10393778456,733.999312970346,6543.48305666444
pw.1563,pw.1211,688.029553525458,760.267124515214,4509.26455933762,1834.07873867734,0.674486138007678,0.964908496779731,7.25129527194986e-05,15.5162384673113,4.91891015830762,3.15440574597722,838.722259315176,795.588431405503,36,43,15,571,665,489.529257945129,932.773981878225,568.731032676942,988.743875243133,1893.06860969188,8471.92595151936,,5387.68137670673
pw.1563,pw.444,690.485254847887,813.054946319235,6412.09354098998,0.001,0.738366773033317,0.946199388022576,0.00178736939206113,10.4412810113308,3.2348471501569,3.22775096524247,838.722259307104,785.018880602545,41,29,10,585,665,500.056988974546,924.082166680508,583.784451081085,1095.74070665658,3100.6976587066,11936.2387790514,,3909.59733358389
pw.1563,pw.1622,690.810816422402,803.079333265522,6243.93696790945,0.001,0.571087905408711,0.927378387766615,0.00198577112944664,10.8188554898882,3.4046042595896,3.17771308057765,838.722259312812,775.994889434667,41,32,10,582,665,500.316676183822,924.549416588137,583.971538021846,1071.1311776482,3034.84580796915,11518.2088283707,,3654.13599569689
pw.1563,pw.1114,831.41246569658,581.345434775153,1150.58580217712,5870.6892429841,0.997605547707802,0.455833508984526,8.20680646036428e-05,12.1159401915193,3.22183158145601,3.76057527688764,838.722259310333,772.346404306205,39,26,12,588,665,617.027417796551,1089.19336767936,386.092715369478,832.887495583412,,6083.13745794995,2698.42881834189,10868.2314579922
pw.1563,pw.185,792.798866784165,705.837260792954,2572.4711861998,2255.03237965913,0.964663781561989,0.964447741091827,0.0288040916638163,7.93306385031984,2.99160227622465,2.65177758198902,838.722259304757,767.246223316056,43,27,8,587,665,582.69418867302,1047.07626923395,478.077671721659,993.852687236677,,7138.68674030514,,6128.74962548943
pw.1563,pw.2062,778.77964288084,783.481106447765,2741.81846161056,0.001,0.784403498975161,0.932365554610361,0.52412504420783,5.20200922121927,3.29791256560656,1.57736420166813,838.722259314609,749.766282127259,46,33,5,581,665,574.776196205489,1026.20084800039,559.950682870844,1059.88195029286,965.453785680751,6103.12455195139,,2519.36933128285
pw.1563,pw.1716,862.316318192943,585.688308340742,13.2077167578876,4491.21939648301,0.981194412109454,0.603168076843668,0.0120080559574957,8.89396420835038,3.24341889641634,2.74215711642346,838.72225930943,744.498289786948,42,28,9,586,665,646.580968965714,1121.42020097855,394.571765517712,830.284943888611,,3900.84013133964,2097.83469406405,8458.90259422159
pw.1563,pw.3365,871.52922175169,566.386186092238,0.001,5052.50805158937,0.877511423859263,0.893490352494406,0.000354161206151833,13.5775345389856,4.66989789885283,2.90745854257776,838.722259306816,733.637752214661,37,41,14,573,665,653.594184323297,1133.38263785202,410.140804684633,758.012793917748,,3027.13067887705,2740.54649260641,8681.12328733237
pw.1563,pw.195,778.526812713556,611.168602789228,3379.19450124528,3566.09745136206,0.90374060418805,0.821766915323124,0.000276044337548098,10.8493005163464,2.99265876629469,3.62530490897874,838.722259313753,723.803655313183,40,23,11,591,665,568.984480359409,1032.17242969364,400.619268692441,881.525944507875,7.02956514118034,8977.54333273137,752.46724943927,8117.25983263236
pw.1563,pw.3059,803.814651129882,593.688633187214,1958.84884629658,3789.39095933022,0.968470932713239,0.713550795538455,0.000516782134404422,12.1505806838838,3.80817884220228,3.19065390239318,838.722259314405,710.188543115886,39,32,12,582,665,590.270646656326,1061.42901621951,413.11073443528,819.248816459362,,6215.14129102533,1367.95988722111,7628.02940612393
pw.1563,pw.1551,848.161259611857,558.125733897896,596.857652996368,4556.59154716636,0.998439537117717,0.66152683875472,0.000282171081389637,13.6759161767907,4.60555088761017,2.96944198653446,838.722259312005,708.277466434849,37,39,14,575,665,630.532331990082,1109.7770368881,400.909623412528,751.884917222859,,3992.03484869013,2297.22091268547,8109.60642049993
pw.2642,pw.1866,566.447997449802,836.663195015085,14043.2232344914,0.001,0.19894884669836,0.979528485338116,1.15667075382514e-07,13.8931487024679,2.2884232520783,6.07105730543963,835.341691107617,820.115294482943,24,25,12,604,665,368.968015714754,824.31468793358,595.175730475085,1136.05051221319,7169.82434326789,25440.2764723484,,7687.83199452518
pw.2642,pw.735,824.046582663646,712.305631415671,1120.33203842243,5210.53852462644,0.997297501641042,0.59564427706478,0.00201206863189374,10.854591983071,3.44386771177242,3.15186089929238,835.341691107576,816.069090539726,26,46,10,583,665,571.46095781485,1139.01430060673,526.237420798598,937.504155034451,,5328.98497401335,2046.99579018301,10552.2559422701
pw.2642,pw.686,849.551661571937,719.786694481212,469.522124796421,4901.96079396233,0.996291121998063,0.66552318431371,0.0181487118429035,8.01615263858573,2.84816731980377,2.81449498519561,835.341691104298,833.917088131796,28,38,8,591,665,596.444208576273,1164.47059167583,514.558544090052,973.421998361495,,4612.69892225208,1953.2214377491,10035.9296224414
pw.2642,pw.1211,755.597108986663,723.752745723614,2739.12874894371,4000.84381775137,0.877226522081135,0.71067168661931,0.000584127214162262,11.9702163756637,3.5582921124199,3.36403420446645,835.341691102757,795.588431403208,25,47,11,582,665,509.917791206325,1065.46828130512,539.124232548883,945.391358017282,,7202.62118658749,936.5895742622,9076.98172450426
pw.2642,pw.444,793.440194993921,713.40075715569,2447.44727255603,3753.61388089,0.972205012862382,0.901282170692624,0.0126954740386021,7.8430513981117,2.34227644326468,3.34847384076493,835.341691103415,785.018880612667,29,32,7,597,665,547.39271039687,1101.48697130499,496.391736703369,984.66696078753,,8379.95044347029,453.815096624699,9567.8624714642
pw.2642,pw.1622,642.034339379868,792.651001811528,7958.14560002949,0.001,0.781042974449173,0.978893799942855,0.000553033132184668,9.86384588060452,2.43208806659656,4.0557108174162,835.341691116225,775.994889439272,27,33,9,596,665,429.269763896184,915.650360866219,576.415894316876,1057.21161561982,3716.21434215888,15054.1088528083,,5673.02431253879
pw.2642,pw.1114,851.230317686826,652.601254037182,320.12519023286,5355.37259889749,0.990694604354646,0.45124596221504,0.0140242493836179,7.49445734487576,2.32421362841324,3.22451312274263,835.341691111459,772.3464043121,29,31,7,598,665,599.937953002988,1163.77405654497,449.001205696537,910.041455369285,,5224.91135087297,2097.18122923767,11142.8047237809
pw.2642,pw.185,818.110253998489,641.350339048506,1534.38111913069,5670.30189421994,0.991932061595356,0.628703910228469,0.00202010656526591,8.39194145330023,2.16693650340322,3.87272143882411,835.341691107841,767.246223306008,28,27,8,602,665,569.351771771496,1128.34366800004,429.666095639549,912.581260166989,,7776.12678188532,1896.20461615386,12253.0627453259
pw.2642,pw.2062,767.163578796403,724.34701116073,3272.11430495382,1731.77526547172,0.843425979374282,0.966356614474196,0.0597566570057753,6.73970403606065,2.42234243914009,2.78230853208896,835.3416911089,749.766282131398,30,32,6,597,665,526.705013009504,1070.28845174347,507.801329274503,993.410543490487,300.60730169596,8665.99677737664,,6451.6683027755
pw.2642,pw.1716,860.978697813989,618.345265299051,0.001,5360.7002443864,0.942172640761051,0.435799833839505,0.0145860108404794,7.37857416131758,2.34404200709334,3.14779945879347,835.341691111225,744.498289791913,29,30,7,599,665,609.414380718708,1173.81603383431,422.590913917689,866.892009890377,,4598.2843055849,2230.86797268271,10977.9956518139
pw.2642,pw.3365,866.01286815064,571.060996562825,0.001,7919.95596447881,0.984624795052319,0.81169489596289,1.08821373793297e-05,13.3928992975915,3.36835059410674,3.97610014854859,835.341691101772,733.637752212264,23,42,13,587,665,612.973769026066,1180.68927021182,415.251153780995,761.728537837549,,4866.0702743034,4106.74993769975,14368.6820628493
pw.2642,pw.195,782.109309979663,609.788527071302,3132.42200537261,5503.65717745889,0.9036214958456,0.570711077608213,0.000222289051579841,9.82738411698424,2.18837934686663,4.49071324450913,835.341691115172,723.80365530999,27,25,9,604,665,536.650614862889,1089.34191985729,403.849038964807,874.122463089471,,10234.293304369,1453.72191129925,12562.6101587395
pw.2642,pw.3059,863.681266803133,577.899691508938,0.001,5794.02585924579,0.961693518133384,0.498315680100821,0.00207461576986684,9.40120477563321,2.77968522799792,3.38211128401918,835.341691103688,710.188543124427,27,35,9,594,665,611.325982818408,1177.50387054839,406.925717277408,791.180562337216,,4604.1459741842,2678.91981931028,11157.4207880758
pw.2642,pw.1551,870.499234928674,573.328581096456,0.001,6101.21693653471,0.940309866205983,0.392738940222019,0.000404490060138311,11.2471516054498,3.29988130618469,3.40835035016873,835.341691110324,708.27746643506,25,42,11,587,665,616.142186286707,1186.82269965403,416.884872184587,764.78729882647,,3957.38840040193,3008.49817307028,11386.6655902026
pw.1866,pw.735,856.329073095158,684.068781897603,0.001,6712.6904000231,0.698015724590934,0.139897725918969,0.000863633778260372,11.6003760746778,3.52079403714917,3.29481814394083,820.115294488499,816.069090546835,27,46,10,582,665,609.128080259377,1162.84648091619,504.880724533569,901.388676740698,,2736.88376847234,3229.35742674958,12610.0686847719
pw.1866,pw.686,853.349845580659,705.268689479413,0.001,5773.2966845773,0.755747494944725,0.223400929173081,0.00904348683796372,8.72950048859816,2.90551393334527,3.00446003318505,820.115294491452,833.917088129062,29,38,8,590,665,607.009729318126,1158.79890283483,504.058297042723,954.063948131343,,2998.31804865009,2550.88559856207,11398.762171085
pw.1866,pw.1211,855.071643995863,657.450558790622,0.001,6942.51618767409,0.840850963366835,0.24823483072206,0.00031230918414219,12.4211739558333,3.64704388684525,3.40581971076246,820.115294483916,795.5884314002,26,47,11,581,665,608.239902097974,1161.1260906378,486.889621422903,863.881596696206,,3426.1520717627,3453.13879255839,12768.7150973525
pw.1866,pw.444,842.631962654593,679.582440165978,0.001,5132.25722580301,0.880069511241963,0.573798889074673,0.0397928326053652,7.05160631113817,2.39718786828959,2.94161605121485,820.115294493518,785.018880606995,31,33,6,595,665,599.407179063847,1144.18875396494,473.267944786003,938.620987054303,,4347.59101078681,1994.6498628723,10839.97414051
pw.1866,pw.1622,843.094300070096,680.14687039943,0.001,4814.06429819835,0.91583675854171,0.68298437735086,0.052079076517557,7.03555579908745,2.4945277686208,2.82039586313258,820.115294480496,775.994889438033,31,36,6,592,665,599.740222661139,1144.81153028089,481.440929285058,927.227650334187,,4429.31575825662,1873.58501667981,10141.2591245765
pw.1866,pw.1114,844.561661966745,580.417837319683,0.001,9394.91751034315,0.753695018825149,0.0627252669731848,2.6347719408878e-05,11.4963143651731,2.37216581691938,4.84633674559178,820.115294493618,772.346404307709,27,28,10,600,665,600.77281538913,1146.83105165383,391.080284585096,822.820128043934,,3800.0741209978,4525.58962321003,17605.7578323966
pw.1866,pw.185,842.814866822448,651.148306929477,0.001,5265.68496588809,0.849603842200062,0.419688569683892,0.0302607574085655,6.76628403300599,2.20019764174856,3.07530737449051,820.11529448635,767.246223320838,31,29,6,599,665,599.5326653126,1144.45313250918,441.949390249673,917.840922480875,,4183.65634220124,2040.49907723807,11183.6601398261
pw.1866,pw.2062,843.610158779348,667.175380561287,0.001,3890.73195074384,0.92442798755515,0.682675392219094,0.155748013843615,5.84900479383256,2.47270258134358,2.36542997041497,820.115294488475,749.766282126916,32,33,5,595,665,600.103202852067,1145.52202906899,464.610768167562,921.525136289084,,4158.68412375884,1360.75126357538,8781.62257292198
pw.1866,pw.1716,845.401639686448,575.214854525208,0.001,7998.43611135767,0.742189026742285,0.0786840516559336,0.000201534043230705,10.3893129479757,2.39592652946464,4.33624020612066,820.115294481336,744.49828978567,28,28,9,600,665,601.292619123542,1147.83138704491,387.590437926228,815.530480317066,,3585.63750698777,3689.40078157987,15455.7576436784
pw.1866,pw.3365,855.800808344611,627.184032418495,0.001,5210.79462050423,0.726330144881225,0.249171294665682,0.00481840860523218,10.1992053458009,3.45525425114939,2.95179590399409,820.115294488771,733.637752216241,28,46,9,582,665,608.750079996582,1162.13033879874,462.891710274981,826.458168800788,,2799.00408203481,2409.40997594591,10039.7455015029
pw.1866,pw.195,839.003250912685,498.663420431818,0.001,11131.994073967,0.859289798627634,0.0905900372721277,1.11531648239344e-06,12.6000692509456,2.23820561305928,5.62954054686836,820.115294484829,723.803655308109,26,23,11,605,665,596.832039513378,1139.25103204714,321.604696745003,731.199732963602,,5426.53182975082,5468.10640177096,20870.4445422565
pw.1866,pw.3059,849.100493399247,560.359181517734,0.001,7156.89738753143,0.721848365382569,0.110616237356221,0.000153202819321813,11.2907387499004,2.83462158783727,3.98315556416648,820.11529448613,710.188543121292,27,34,10,594,665,603.978686484442,1152.98209075371,392.431616895658,770.483909814406,,3243.08580895949,3436.61734706134,13487.7892136365
pw.1866,pw.1551,855.672247659931,585.926466139522,0.001,6106.06305107783,0.783370994492895,0.113741549013222,0.000644526340034181,11.6202902124711,3.41074495276011,3.40696544989899,820.115294488648,708.277466437769,27,43,10,585,665,608.665186162367,1161.94110181243,427.723351563655,779.081048973241,,3102.08269174127,2923.42368278756,11556.6092856597
pw.735,pw.686,684.372638211449,695.732386219506,5645.22274714692,4748.15643183921,0.509360994550261,0.582347837579011,3.5540293651765e-09,19.5882333800483,4.42745139576678,4.4242684174415,816.069090545926,833.91708812728,37,27,19,582,665,494.868346516663,914.294399984089,481.099877861762,961.07371450853,1976.19198098157,11364.8151870537,1326.91304970899,9890.07355350525
pw.735,pw.1211,588.728332181492,823.811062558501,6429.18777504555,0.001,0.578334281502291,0.96468049247324,9.01231063656294e-06,17.6344582006466,5.5079336241621,3.20164682509755,816.069090541688,795.588431399224,39,41,17,568,665,422.696195076562,793.463254149292,629.456162259141,1054.63950742422,3696.02587790671,10566.9413781032,,3137.74197469598
pw.735,pw.444,639.618469050667,813.452887816711,8278.06713845848,0.001,0.618651278411888,0.924420684985216,1.83798446448494e-05,13.8656503717902,3.61801763162874,3.83238883375706,816.069090533562,785.018880600872,43,26,13,583,665,466.942586927439,850.464352257355,584.023375814062,1096.17704608312,4319.32925677167,14836.3974171466,,4020.40603416839
pw.735,pw.1622,702.126007180895,805.754813417949,5005.65369971683,0.001,0.642695175308352,0.899648637575464,0.013702135728391,10.0242434354821,3.77641390809014,2.65443451895125,816.069090546606,775.994889433905,47,33,9,576,665,519.968963957985,922.585522632311,585.923467404675,1074.72113374696,2337.15540575825,9473.48038080189,,3166.38756296755
pw.735,pw.1114,832.656237306156,440.990790875418,0.001,9447.98908821551,0.96014851590586,0.302050728936856,5.48237510429062e-09,17.6250054656101,3.6210762141346,4.86733899629403,816.069090544685,772.346404303953,39,21,17,588,665,633.090153824057,1070.38314008623,278.228665753715,657.472360341504,,5320.39854582867,5426.80565145788,15547.5742981283
pw.735,pw.185,750.442334764529,673.67430328392,3741.81372739286,3044.94790821945,0.785936193365396,0.810092642685033,0.00044563531369777,11.6266539296798,3.35207167172623,3.46849801206438,816.069090538317,767.246223319037,45,24,11,585,665,556.4345909699,983.438853750411,448.257948676979,959.660658923888,545.425902358561,9183.66784609305,322.950020001895,7365.73180299053
pw.735,pw.2062,640.102699441117,780.58412280509,7921.49416835612,0.001,0.352558159029883,0.894278069147142,2.56010093380445e-05,13.6286430764593,3.7070471974472,3.67641477180124,816.069090547746,749.76628212686,43,25,13,584,665,467.284698756335,851.084070136422,557.884565293117,1055.95286952708,4143.82956697645,14148.7045775624,,3461.63714826256
pw.735,pw.1716,783.93460299729,594.633263654395,2135.97185478213,4334.4814025368,0.931225910508899,0.497548670462469,0.000189852395196722,12.6343730315609,3.64805930701675,3.46331349582494,816.06909053954,744.498289788515,44,25,12,584,665,585.648738018041,1020.98434725011,393.700609025245,852.540490824894,,6784.26791419947,1609.46676332149,8629.57514434653
pw.735,pw.3365,693.524019264862,675.159027203839,4221.66546749204,2344.38529318395,0.660742940868354,0.881606218714068,1.58053484290425e-05,17.3507206627349,5.25336971600148,3.30277928276885,816.069090545419,733.637752214727,40,39,16,570,665,504.305383008411,923.378514288505,495.951215739048,890.751398267986,1556.2858250086,8277.51426694185,109.374605733966,5747.80684252538
pw.735,pw.195,723.869818470655,647.470238305091,5106.09203252866,2606.71104870354,0.592490754989162,0.846128138967099,6.02600822477355e-05,12.7166149465271,3.35247467692947,3.79320238689296,816.069090543673,723.803655313711,44,22,12,587,665,533.591387400806,953.622294025319,429.052739210349,924.62088349827,1492.45710074843,11112.7571913695,,6914.31790918619
pw.735,pw.3059,756.047986010899,594.005810697558,2882.61764263339,3640.0729300878,0.887417458017317,0.704749495339612,4.14234494367392e-05,14.770317033018,4.28694496103055,3.44541792985076,816.069090547243,710.188543120402,42,30,14,579,665,559.402113721704,992.0119380573,410.797313490724,822.594121606701,75.4227508544274,7333.02162272059,1172.57142287337,7447.29843679816
pw.735,pw.1551,832.052595013796,480.244772434792,336.101424260922,6463.2587022662,0.996083580670804,0.669090184086187,1.61361682278412e-07,18.7866307177143,5.11449758643932,3.67321137613312,816.069090538174,708.277466434569,37,34,19,575,665,629.89734447536,1072.89575138982,336.352030315632,660.298219727692,,4033.86000004148,3695.7496936869,10732.694514248
pw.686,pw.1211,619.874074420598,793.053954081851,5760.07232411523,883.361351302388,0.438157669287891,0.999696203034302,3.05985828512272e-05,15.0746104862822,4.53416710818735,3.32467024849215,833.917088140429,795.588431402463,31,43,15,576,665,426.943507290466,863.318753806937,599.986264844763,1022.55309705198,2924.51936022783,10088.5685314399,,4478.70051489685
pw.686,pw.444,745.588409669089,814.615899342075,3769.61382842119,0.001,0.704719388598566,0.909426851576642,0.177928984396878,6.23417145330713,2.96172569831554,2.10491182787547,833.91708812636,785.018880600742,40,33,6,586,665,537.663356440739,1001.31964496682,584.900497425816,1097.85428612875,1462.30601213664,7988.46835143124,,3114.30321460446
pw.686,pw.1622,745.99927919356,802.599261440276,3679.75135745656,0.001,0.859457351045143,0.970182196717395,0.202588671067631,6.40361560776658,3.10474604635232,2.0625247643974,833.917088132378,775.994889435314,40,36,6,583,665,537.962577142554,1001.86124024904,583.639092455982,1070.52198267867,1432.63580891353,7742.97510147458,,3295.8294214055
pw.686,pw.1114,790.569702936022,573.529164939671,2606.22945439471,6638.20622867318,0.945013391302334,0.502581887963486,9.72856698325236e-07,13.3882962207361,2.96153780799949,4.52072439682268,833.917088128536,772.346404308714,32,24,14,595,665,569.120032309539,1060.20540347044,375.869513944859,828.864978674402,,8682.51921055865,2875.37660090339,12561.3119140616
pw.686,pw.185,735.590080945028,734.343491527498,4697.02359502978,1671.48915051125,0.594658237415783,0.961005724089541,0.00343925203598313,9.11653777158292,2.78451398004857,3.27401400635953,833.917088128043,767.246223318426,37,26,9,593,665,524.912679251453,995.452111110737,502.247269943045,1025.5285811082,1392.33503371241,10424.4807495698,,5932.58390496817
pw.686,pw.2062,707.250462774989,781.465981950852,5116.98825755356,0.001,0.296207987772018,0.829138217370844,0.0182997518180509,8.36777509183577,3.07612346563373,2.72023382199059,833.917088131525,749.766282127993,38,30,8,589,665,505.473874497777,956.746284430807,558.508550352196,1057.16046273861,2269.13107272771,10033.7782258817,,2817.93421580577
pw.686,pw.1716,745.443106429471,618.816732063386,4383.86975320506,4428.43306431577,0.640480871488458,0.516387870388203,5.91275514147069e-06,12.8320004609851,3.00789687160223,4.26610386218124,833.917088133688,744.498289795508,33,24,13,595,665,529.10454416617,1010.96967229618,411.107726429869,882.898567499746,639.712662940958,10551.0434921592,1159.25021527523,9642.24426916324
pw.686,pw.3365,690.339613270464,706.569404198406,4295.16715709382,1559.43722341069,0.526739921340293,0.954814095063901,0.000434510394498618,13.19981193158,4.33652017814297,3.04387190404647,833.917088126316,733.637752217343,33,42,13,577,665,483.123223571023,948.396184933153,525.442447529516,923.517632266512,1692.7919017121,8334.31175797383,,4854.9898789265
pw.686,pw.195,690.852721331286,627.842011246236,7662.2697836725,3595.42648012105,0.326319252139222,0.722001222276644,1.68183307057946e-07,13.9183042680295,2.79141677102041,4.98610756105104,833.917088130367,723.803655315916,32,20,14,599,665,483.287048618781,948.328875957439,411.486348545165,902.750965919528,2720.75082176304,15908.8577039654,142.014775591344,9125.11476514594
pw.686,pw.3059,750.574734470762,666.723776586386,3257.03735138826,1888.33359066561,0.693884530955864,0.884146831847937,0.00628317160152428,10.0158674912916,3.55894808722089,2.81427749037857,833.917088133001,710.188543120835,36,34,10,585,665,535.109229003817,1015.76589928436,474.551803152813,902.813416722245,705.772355622582,7453.21909836645,,5215.94216557976
pw.686,pw.1551,642.925643481151,689.308595602857,5126.45376539515,1245.36835558787,0.736950098241446,0.992422355821159,4.43455947586413e-05,13.7539561399349,4.24765385019401,3.23801247112136,833.917088126515,708.277466435874,31,38,15,581,665,443.72012992337,893.398824105359,510.491844293072,903.932656616106,2395.45405083103,9315.93274276747,,4569.46026801863
pw.1211,pw.444,687.913294030211,795.816508002929,4944.23258407213,519.736328573855,0.809022819465848,0.998896600620137,0.0046614480840481,10.7126028571752,3.72424445669241,2.87644997038924,795.588431401976,785.018880599168,48,29,10,578,665,511.260576828106,901.185977182849,565.768988540147,1079.64743534281,2162.37602400126,9606.26498138341,,4186.68895603383
pw.1211,pw.1622,678.41892571235,799.588598058245,5275.90906256708,173.986946312161,0.571167148188132,0.988875042902243,0.0041262655021568,11.2691303264631,3.90689140593985,2.88442374142523,795.588431407553,775.994889435564,48,32,10,575,665,504.101729018728,888.99305998038,579.659361835748,1068.75102228219,2489.46751124388,9850.32903605372,,3680.54018062223
pw.1211,pw.1114,813.706117114184,484.759351511445,0.001,7684.45717687872,0.931391120693752,0.238763103411958,8.76478451724707e-07,15.5989113019123,3.741348889094,4.16932816594118,795.588431403804,772.34640430455,43,23,15,584,665,621.752706176727,1041.66812050392,312.633957228869,710.823713756823,,4270.08476647987,4282.80095403645,12867.7494631202
pw.1211,pw.185,805.939642734026,561.553752542129,345.231900136243,5191.95345337906,0.996560937004006,0.770138510640297,0.00096786960665139,11.0774780201752,3.47460069544587,3.18812979997798,795.588431402029,767.246223314264,47,24,11,583,665,614.066864951516,1034.01519460613,365.841071815113,817.074738348181,,4590.68552476636,2514.68584190095,9421.20368211241
pw.1211,pw.2062,711.655806239135,773.340870822985,3721.59296041994,254.512468333764,0.697783024473026,0.987055092018334,0.068535537456965,8.54810761237448,3.83785939730193,2.22731130233273,795.588431399654,749.766282128092,50,30,8,577,665,532.148618511492,927.62458197564,549.486400424528,1050.22266364187,1525.19675727561,7501.84494396354,,3155.74799821253
pw.1211,pw.1716,791.028477633637,581.061881223733,992.993134367595,4433.04173729885,0.997949126651759,0.42719952575689,0.00121907494261002,11.5848031815905,3.72934091761474,3.10639424968422,795.588431398423,744.498289786744,47,26,11,581,665,599.102314449817,1019.18345623922,386.022154298694,832.204284953489,,4899.33456901613,1914.02010414766,8438.84390070277
pw.1211,pw.3365,825.783506422762,568.601082719949,0.001,4525.01518255461,0.955451146177265,0.715851905484003,0.000970780439288209,14.4537746040459,5.43803448138669,2.65790418459433,795.588431398127,733.637752216569,44,41,14,566,665,630.954211258342,1057.18271312341,411.762587964418,761.00281750202,,2808.35269079375,2470.41746232658,7690.922566733
pw.1211,pw.195,781.825373817957,560.017249712769,1380.456750059,4252.94134572272,0.995600734118068,0.829876351063144,0.000840264357522002,11.1792758635751,3.46401048957031,3.22726385997805,795.588431399982,723.803655307375,47,23,11,584,665,590.878875191098,1008.9459402271,362.446414952439,817.824796039665,,5898.04175107778,1702.59399725411,8340.40447473439
pw.1211,pw.3059,818.843563402538,503.640989305419,0.001,5371.60995226037,0.921477917979921,0.544807554763978,8.27721265458904e-05,14.1518938085444,4.38975834302005,3.22384347900306,795.588431400491,710.188543121035,44,30,14,577,665,625.662491127679,1048.27637260846,344.190797473802,706.108133285618,,3382.97855888304,2930.20374636344,9140.33994280739
pw.1211,pw.1551,810.051575073777,572.83724281302,437.937054739913,3722.34232942125,0.991652741730666,0.506011501965903,0.00312552422803533,13.3812119147361,5.30862000250119,2.52065732872789,795.588431402085,708.277466433946,45,40,13,567,665,615.080304943289,1041.7081209332,413.224210678907,769.013686167613,,3154.11349593808,1844.90736738821,6657.55432106335
pw.444,pw.1622,661.106448043636,795.805502958958,5176.82607303976,0.001,0.799337667540206,0.956878292604756,0.0231376235374492,7.73882375546106,2.59322964583508,2.98424158766278,785.018880597149,775.994889436648,32,35,7,591,665,457.668361729475,917.436143019019,578.708289122656,1061.43793488096,2177.69371650239,10394.1378336031,,4436.11373909264
pw.444,pw.1114,810.285461207529,710.76110952342,0.001,2810.2876999617,0.896493499100044,0.714038296197167,0.468271838672684,4.28611180426412,2.43330239809564,1.76143820333163,785.018880603099,772.346404306441,35,34,4,592,665,581.797805960742,1092.00840851565,497.776376639966,977.302417331397,,3160.16903548887,858.086332815567,6753.97744497569
pw.444,pw.185,807.993892954415,723.057178961154,0.001,2151.3807080339,0.953576329899121,0.912338755378532,0.804246478641158,3.12768426239508,2.2621976169594,1.38258666658794,785.018880600308,767.246223319407,36,32,3,594,665,580.153673140908,1088.91331796363,500.529380008439,1003.47279842056,,3294.34805472109,527.724609971875,5754.15028558658
pw.444,pw.2062,734.377917252688,717.896111428465,2649.78350014793,1917.96621958504,0.930686236045968,0.969526603594123,0.0737912014789331,6.73817158131514,2.52199233201351,2.67176529277372,785.018880599291,749.76628212329,33,32,6,594,665,514.168586641408,1008.71358703988,502.188962753735,986.516748777063,,7449.7511156514,,6519.14942748119
pw.444,pw.1716,811.856093591738,727.027783584353,0.001,1283.75842372868,0.871186047278537,0.914582080283468,0.852380067940635,2.11657223554803,2.42459383002086,0.87295950741977,785.018880602429,744.498289797251,37,35,2,591,665,582.919770655355,1094.13377804539,511.910475260191,995.404260650917,,2424.44777797583,211.208479999169,4077.10682169815
pw.444,pw.3365,648.164572045192,752.534775299616,4157.74939433574,0.001,0.863568490772164,0.952610912506001,0.0420332546773644,8.78394749251775,3.55782970389903,2.46890610950024,785.01888060119,733.637752210088,31,47,8,579,665,445.902221642645,903.970485874194,570.667679254451,969.524403151934,1865.21746344042,7986.00558437671,,3277.55132436002
pw.444,pw.195,805.203855726809,634.91242504697,0.001,3665.47890035821,0.979957209799818,0.889208687666198,0.17591996495217,5.30729611186088,2.26336973831122,2.34486483671944,785.018880596288,723.803655309034,34,29,5,597,665,578.157934026052,1085.1366664228,430.916827540236,894.987987657758,,4378.89517810379,1282.27311440729,8267.24566644812
pw.444,pw.3059,810.269768694804,630.413776614422,44.2646962035675,3501.8302551246,0.977192572627095,0.692441825633142,0.129599743151283,6.58166491520531,2.89304189082048,2.27499813814958,785.018880597771,710.188543118685,33,38,6,588,665,581.386370708115,1092.50756880623,450.565078519785,852.763529697886,,3645.67616859589,1337.2161988627,7458.32431094749
pw.444,pw.1551,816.776954645455,602.346673962451,0.001,4618.46002903537,0.907857039459204,0.541186172549992,0.0101056140073133,9.55847599374223,3.4403929098632,2.77830940946867,785.018880604344,708.277466430886,30,44,9,582,665,586.446823072269,1100.76292422112,441.35887265715,798.452586983666,,3283.50408539077,2131.32287027864,8918.92493100824
pw.1622,pw.1114,798.123701715144,711.038973572458,0.001,2791.51586937045,0.934430619051417,0.817285808369809,0.496892891332873,4.48037438343797,2.56237975526484,1.7485208327268,775.994889441031,772.346404297204,38,34,4,589,665,580.389635834704,1064.54128740625,497.972144419208,977.679602328364,,3345.62650820941,854.304125830014,6676.31853511483
pw.1622,pw.185,796.949719020764,723.432044332262,0.001,2139.31286632816,0.950529413350893,0.91752770582295,0.807450034560959,3.2363964379654,2.35262435867833,1.37565371455372,775.994889440133,767.246223302634,39,32,3,591,665,579.536991973899,1062.97399408316,500.774392727215,1003.94976428583,,3253.23844692155,525.877393542043,5691.64097444433
pw.1622,pw.2062,798.17195297319,691.272978718143,0.001,2610.97255852418,0.947655816652808,0.895418616665189,0.54802603530169,4.34373934603086,2.59309606999359,1.67511701409566,775.994889439124,749.766282126224,38,34,4,589,665,580.425123753691,1064.60358978282,484.126985031931,950.508820356904,,3347.71944846845,797.354782323513,6273.44739219604
pw.1622,pw.1716,796.748062822021,619.384252612183,0.001,5183.10126348085,0.880035090621745,0.450437420811812,0.0160631128027556,7.80849582708033,2.52069903176313,3.09775015925586,775.994889437032,744.498289792645,35,30,7,593,665,579.389800341183,1062.70047335406,423.301122213555,868.352261168061,,3922.96524753753,2172.36764979898,10474.206776015
pw.1622,pw.3365,806.677308156056,657.266051103286,0.001,3431.77243066928,0.902524323580825,0.673590865887046,0.118188267659725,7.88404128957521,3.71028307653388,2.12491638156634,775.994889439712,733.63775221663,35,48,7,575,665,586.624233832605,1076.01184153871,488.317786109226,861.248219526708,,2872.46940485068,1439.56014524427,6925.22087013961
pw.1622,pw.195,781.053138610175,649.8886809453,566.521966002694,3225.03625092525,0.998988214151561,0.841562459385589,0.167120209103995,5.57573418187256,2.32534883873947,2.39780547717523,775.994889437946,723.803655311125,37,29,5,594,665,564.660902562123,1046.06589550626,441.336582220094,915.465296991328,,4988.47895144545,838.859581700754,7765.83968854515
pw.1622,pw.3059,798.566734813512,578.950086581904,0.001,5530.18649582824,0.926745139749332,0.612292036401947,0.0026279558536703,9.85656026206202,2.97487285777635,3.31327109872843,775.994889432361,710.188543118445,33,35,9,588,665,580.712032980871,1065.1299376585,407.664755441315,792.622547483112,,4123.07676515835,2578.38394565118,10489.0099957024
pw.1622,pw.1551,805.601734056333,588.307429130132,0.001,5203.56237336658,0.865128981476752,0.355135700761686,0.00219605209725109,11.0954415571662,3.61402965350845,3.07010252292616,775.99488944043,708.27746643562,32,43,10,580,665,585.818628509903,1074.53473190962,429.456223947891,782.254545606557,,3185.78804877661,2517.91613457275,9667.83328893432
pw.1114,pw.185,565.358989113098,733.482132942558,10406.7021025141,2209.05505192491,0.268903906455611,0.959472969023586,7.55529341259301e-08,13.2741357397067,2.26346148721139,5.86452909170574,772.346404309043,767.246223315314,25,22,13,605,665,372.752316973895,814.143716500313,502.542224481673,1022.3700420292,4687.69295559242,20072.283328668,,9174.06985445454
pw.1114,pw.2062,647.15974740806,775.772960013567,5041.64517850921,0.001,0.282678395986659,0.803666337566807,0.0201489685009276,7.40272729138027,2.51148849160188,2.94754577460105,772.346404310149,749.766282127986,31,31,7,596,665,445.204602335208,902.574107167862,554.446331036298,1049.44729150891,2111.33589042464,10207.868089419,,3098.02662040635
pw.1114,pw.1716,654.090807151868,695.931599807124,4856.64435255256,2414.65859642762,0.754337871824484,0.945873135868646,0.000354289197070982,9.52243126703877,2.4501720711645,3.8864336832119,772.346404297118,744.498289790533,28,27,10,600,665,443.750700916019,920.486603292177,478.881902654245,967.106656819472,1370.05692179903,10693.9235508654,,7708.16924809063
pw.1114,pw.3365,590.607513118882,723.54818972084,5350.8004079299,1183.87030399729,0.354942755996317,0.989351750488104,0.000134388934466152,12.7309613975269,3.5457954887069,3.59043871483114,772.346404300004,733.63775222004,26,43,12,584,665,392.561413301661,845.406651786666,542.566417539718,939.759358146562,2376.51810802026,10009.5777897,,5284.17172929506
pw.1114,pw.195,603.002812680759,746.455006918918,7263.41521315944,0.001,0.32045364609862,0.945397687916021,0.000639435950139212,8.93313668900447,2.25642637533645,3.95897547850302,772.346404306726,723.803655316009,29,25,9,602,665,409.274086832948,849.970025398782,522.754571321136,1026.43057823966,3361.8215149818,13966.4346688589,,4423.42734789655
pw.1114,pw.3059,565.823257076614,729.648458668198,6778.69329865422,0.001,0.505865156727937,0.945496697674512,0.00019046017700719,10.8648799800742,2.89046977041458,3.75886303717195,772.346404303458,710.188543119363,27,33,11,594,665,378.303038060877,807.002756733743,534.653555193749,967.178294950875,3400.89483216505,12283.2724148814,,3988.63869546251
pw.1114,pw.1551,587.657831557886,702.284212272614,5041.25731155467,950.577321313777,0.469860141511461,0.997285942199329,0.000281485519225181,11.5999742146346,3.44988786051431,3.36242065935016,772.346404307068,708.277466429967,26,41,12,586,665,390.397484675943,841.682280862541,524.046051842349,915.899441642424,2282.20153381212,9365.19504236509,,4728.0718589477
pw.185,pw.2062,699.540467208853,772.76558207905,2914.19857836208,0.001,0.756416607368007,0.949146584338271,0.446415848302108,4.29345967923989,2.34815922151614,1.82843635129125,767.246223317495,749.76628212699,31,34,4,596,665,481.241018288708,975.637056323659,552.305871524243,1045.35460185061,889.937749399842,7001.34579199989,,3381.08893597984
pw.185,pw.1716,746.332199380348,657.652742818623,1489.86826720028,4063.14838298054,0.970122752209783,0.542529041371324,0.0155116209931123,7.38728465871009,2.31448350987237,3.19176378971802,767.246223319463,744.498289789816,28,30,7,600,665,514.779083292937,1036.32513578417,450.767872932548,919.020470605089,,6153.16664055965,1023.2156017116,9579.74253246677
pw.185,pw.3365,688.351461600944,692.414662712404,2692.84609118316,2509.43404028882,0.769129835278187,0.810020915480702,0.00745378865865188,9.82365383715557,3.31427273404745,2.96404509388663,767.246223311158,733.637752219603,26,46,9,584,665,462.761620669267,974.600330728284,514.980435562135,905.542541839455,259.571183112488,6682.61337525756,59.0875911653273,6755.40462403566
pw.185,pw.195,679.777344341246,671.178564826119,4051.60004232069,2676.96606962911,0.850665288333882,0.936759002369224,0.00265301214396145,7.97216255277096,2.13413424780007,3.73554876455823,767.246223315473,723.803655314973,27,26,8,604,665,458.47294720555,960.820657530853,453.903823270499,945.794867373046,552.282893306823,10145.5614867515,,8412.68096151459
pw.185,pw.3059,790.680780864346,527.345493172521,0.001,8211.59176439616,0.968451255806167,0.70566445574978,1.16477498080746e-05,11.8240755322231,2.69598347552825,4.38581157471907,767.246223314269,710.188543125052,23,32,12,598,665,556.749613476754,1082.49170947379,365.050660168274,731.857927698105,,4967.71514453701,4122.45683738789,15322.9384662482
pw.185,pw.1551,798.970316792516,619.149773505586,90.2830084155548,3822.64524052197,0.980477746516162,0.669432686521675,0.0455337070781476,7.76404302052712,3.1976994922407,2.42800896061896,767.246223316232,708.277466434123,27,45,8,585,665,561.343554484002,1095.41464039411,455.332709132423,818.286771299706,,3240.82896040698,1633.47803383299,7764.32448891773
pw.2062,pw.1716,776.480321928302,640.988792122041,0.001,4208.87074148081,0.79121454069611,0.301096838272986,0.0619318547010275,6.56635546838673,2.54902310247802,2.57602822901185,749.766282122786,744.498289791981,32,31,6,596,665,554.95229432999,1050.40304277208,440.950830251392,894.001156284874,,2881.32505958998,1631.76532382689,8928.24246078918
pw.2062,pw.3365,748.737043628178,679.026432055481,781.064179207508,2677.0371511922,0.999940370906579,0.799524692817119,0.133029387850033,7.74319127830614,3.65332133414171,2.11949362514132,749.76628212743,733.637752209032,31,48,7,579,665,526.968506412189,1023.68214284548,505.013523990805,888.790940148273,,3824.14274103736,739.461960047064,6094.32248850033
pw.2062,pw.195,771.23075428348,612.372435831113,0.001,4403.92784572592,0.959585099118121,0.520265255999174,0.0539054997101569,6.57764727531236,2.40562088296032,2.7342825803948,749.766282119191,723.80365530844,32,28,6,599,665,551.214898658752,1043.24862878035,412.603431581456,868.154769537315,,4039.37243781459,1705.63209767305,9357.34104164418
pw.2062,pw.3059,778.480776828328,629.530713739944,0.001,3451.58522373324,0.93898831676882,0.50143009045806,0.13047318335044,6.68775482985749,3.01444376055048,2.21857011146767,749.766282131755,710.188543120292,32,38,6,589,665,556.390345006618,1053.08669191372,449.940519804517,851.576786544796,,3096.08570794691,1340.19496388818,7298.69558763029
pw.2062,pw.1551,785.382645385745,603.45520057663,0.001,4325.26386464585,0.790794693917361,0.325472082193716,0.01274247273415,9.38533132089371,3.58010108389551,2.62152690691111,749.766282129423,708.277466431952,29,44,9,583,665,561.297973512569,1062.48242516084,442.170962611757,799.937203426291,,2536.48191404983,2002.3193352624,8311.10580845871
pw.1716,pw.3365,565.254486131494,754.242143563767,4780.41527841196,0.001,0.405045831662506,0.923523778971441,0.00416015868186723,10.3170532894701,3.57749784416674,2.88387407592502,744.498289788246,733.637752213844,27,45,10,583,665,377.909135039065,806.22730787333,571.961614836562,971.725938096135,2332.38097540305,8755.4857019994,,3144.44832772719
pw.1716,pw.195,586.140204028114,735.788043132836,6663.83302580198,346.782331618265,0.362185203658693,0.994857253624453,0.000706676442316028,8.94002404532632,2.30984295648736,3.87040340565908,744.49828979026,723.803655317541,28,25,9,603,665,394.977441418403,830.833921934655,512.313871716127,1015.55306327449,2926.11798594455,13161.0442781284,,5033.90577870573
pw.1716,pw.3059,651.245793409508,675.134731256368,3322.47837953341,1909.09109172305,0.793809519911406,0.947839812458866,0.00584534814075751,8.906988089562,2.9174385589403,3.05301651075637,744.498289794371,710.18854312242,28,35,9,593,665,442.080607596261,916.028332482495,483.182260146505,910.415120355905,725.571691221381,7691.41420871713,,5994.80371553704
pw.1716,pw.1551,580.875508625972,705.325033192448,4220.30238001193,814.233221528926,0.646419018019032,0.999559789652756,0.00195221473233504,10.3190329046256,3.48770010182179,2.95869272109592,744.498289784567,708.277466431496,26,42,11,586,665,385.823394694905,832.147675245057,526.786610974304,919.292830725437,1826.82689199677,8040.46912398679,,4280.46597689066
pw.3365,pw.195,699.559132656605,587.707907602072,2285.12399146884,4096.99173684584,0.921821478443406,0.640306695748607,0.000302325242824027,11.8175222014291,3.29885434090048,3.58231100261411,733.637752222518,723.803655317757,44,23,11,587,665,520.821320881151,913.674303058951,382.64276102275,852.841899004962,,7002.2275901515,1278.84897230376,8656.98760596055
pw.3365,pw.3059,754.067428612506,538.905832159951,67.7362752943952,4733.08405613782,0.985223222427892,0.626588790870749,0.00108293886238166,12.4376417301725,4.24093998395996,2.9327558930836,733.637752214773,710.188543126311,43,32,12,578,665,571.336847061495,972.099307035642,373.048910653413,747.931082044902,,3290.95996758804,2434.86134787142,8368.70990851902
pw.3365,pw.1551,762.574542746479,541.323175245398,0.001,4574.89940290821,0.908796921886072,0.602104350941301,0.000636278151819773,13.9280385020507,5.03674414788213,2.76528608424694,733.63775221802,708.277466437346,41,39,14,571,665,578.258026135258,982.505030797654,388.633199042572,729.635417088183,,2544.01746419477,2480.76340507098,7860.75484215605
pw.195,pw.3059,686.85112077007,588.790602674538,1859.35692333056,5895.66652028295,0.954587086638212,0.439695284532956,5.22913799351508e-05,11.3823152141368,2.73832448188237,4.15667145710663,723.803655314546,710.188543118714,23,33,11,598,665,465.418280543889,965.410661405833,411.358606636246,810.328951542532,,6786.19261060756,2233.83382215962,12090.1421662976
pw.195,pw.1551,678.847794821624,651.951531585154,1647.94679740567,2688.57216199956,0.972048969130442,0.891301742562741,0.0178830412801391,8.45042786960641,3.2379594086282,2.60980043390554,723.803655311094,708.277466432324,25,44,9,587,665,457.236697550523,959.11113835713,479.826024207037,860.273589329864,,4969.88844604882,515.958081789216,6445.28510771243
pw.3059,pw.1551,664.436480758248,657.542601803941,1699.72188802725,2095.44101591854,0.957221592133861,0.924077537840873,0.0255653615208391,9.65483329306599,4.10752302794272,2.35052444682256,710.188543123046,708.277466429974,34,43,10,578,665,471.794889184139,901.611642384853,483.31473825884,868.335156353812,,4490.39152601653,291.075064882027,5091.68379853938
