variant_A,variant_B,ces_A0,ces_B0,ces_A_on_B,ces_B_on_A,p_A_change,p_B_change,p_epistasis,expected_nAB_epistasis,expected_nAB_null,AB_epistatic_ratio,ces_A_null,ces_B_null,nA0,nB0,nAB,n00,n_total,ci_low_95_ces_A0,ci_high_95_ces_A0,ci_low_95_ces_B0,ci_high_95_ces_B0,ci_low_95_ces_A_on_B,ci_high_95_ces_A_on_B,ci_low_95_ces_B_on_A,ci_high_95_ces_B_on_A
ADGRG4,AKAP6,318.178236838843,396.327393385899,17861.4039790124,6941.14939449466,0.950457641497095,0.986812132605353,0.000881344655335343,2.90814017055829,0.201304279722964,14.4464895359427,449.994941163077,480.065633951049,4,2,3,177,186,101.561983357484,714.428074463344,98.8342565753435,950.257068625638,446.238407457682,109939.598557248,,46755.5427191978
ADGRG4,ANK2,,,,,,,,,,,,,3,0,0,122,125,,,,,,,,
ADGRG4,ANK3,259.700176485791,598.866876064609,15985.0992449697,0.001,0.650814199066993,0.971996479256391,0.0026143609336855,2.91053528791468,0.266647184176721,10.9153047946148,449.994941164137,590.212840840834,4,3,3,176,186,80.6195523643393,603.364314631546,237.99894496147,1213.75253982755,3371.89672653073,68525.3283377934,,24103.826440732
ADGRG4,APC,262.54914862049,1483.15793842924,8267.23285424396,0.001,0.640123272321367,0.978298289253118,0.011590367107674,3.0733693398537,0.429925447343846,7.14860997142995,449.994941163974,1461.22095005612,4,7,3,172,186,81.5030963967978,609.993966325971,743.082614614878,2601.84340291948,1937.58052660713,25095.3233554816,,43187.6486814354
ADGRG4,APOB,457.520425454573,234.178372197091,0.001,5254.99250719509,0.986600923863292,0.951816107658349,0.0740682537311466,1.92039841703644,0.287076004912213,6.68951212980582,449.994941163005,322.59247649809,5,5,2,174,186,196.577643120082,885.010586196786,83.9726669402704,503.379441223216,,15939.8991478351,825.825077136848,19580.347402553
ADGRG4,ARID1A,329.472039564912,663.667674202893,4979.24891375531,0.001,0.857733818788258,0.98134439903501,0.13753618594197,2.12938122748829,0.437542076344377,4.86668904000975,449.994941164173,653.660759391572,5,9,2,170,186,118.139370396814,708.228930882183,344.572415012314,1136.84555666317,802.918231205259,16823.3208533638,,15710.4806703606
ADGRG4,ARID1B,458.05444591027,570.242133555649,0.001,5395.39959239757,0.98856186612567,0.958422024936847,0.502011293131177,0.936787373915795,0.250177760089461,3.74448701427661,449.994941165126,670.591842624791,6,5,1,174,186,196.802193480087,886.035569294099,204.473941500108,1225.76946567314,,13117.3163066903,299.599459067368,26742.6274841769
ADGRG4,ARID2,324.792169893199,842.717497207024,10936.8628871261,0.001,0.799762175534267,0.987917016664822,0.0364862841811751,2.12527418384558,0.237268691544257,8.9572466135894,449.994941164277,830.373433527241,5,4,2,175,186,116.464163754436,698.140197768224,334.928704776645,1707.80427495761,1698.40736372033,42970.668161991,,36973.9571588662
ADGRG4,ASTN1,259.970712532989,290.004713514822,15023.7912523692,0.001,0.331610636433273,0.945212536288384,0.002377340726024,3.27476493815755,0.30843463942867,10.6173708122524,449.994941162755,284.738088250136,4,4,3,175,186,80.7038333843683,603.988062575752,124.598669926388,560.942342355662,3397.01886717262,52499.4711668113,,8307.48031424386
ADGRG4,ATM,325.662663339044,798.413061511747,8976.428407193,0.001,0.648279335468011,0.970935026859701,0.0501996455028127,2.22366546579499,0.290390439965511,7.65750231329615,449.994941166419,784.83796130679,5,5,2,174,186,116.767238696751,699.964397295096,343.042670404749,1544.27280594112,1412.93458450872,33219.2760035581,,25204.3396639303
ADGRG4,BAP1,449.978947543317,0.001,2683.31622297013,11929.515932536,0.99999905464817,0.805717142967557,0.00129968834274178,1.92387307679618,0.0808661158948515,23.7908431177498,449.994941164897,202.577861874828,5,0,2,179,186,193.339103286495,870.311918385841,,222.279562209546,,,1873.43222489866,44469.7582700343
ADGRG4,BRAF,449.838709419373,0.001,3273.06226058742,17831.2496152194,0.999999226457881,1,0.036467919868442,1.01217002990249,0.0399216122688139,25.3539366869003,449.99494116372,317.975022130102,6,0,1,179,186,193.277775132323,870.046030894314,,703.578723494701,,,990.788271125166,88086.8260222504
ADGRG4,BRCA2,449.503419794178,0.001,129761.893397059,72865.3997723428,0.999991576261844,0.994624421368619,5.99042361078862e-07,3.968819590287,0.159568289391523,24.8722324806588,449.994941164182,823.569755961228,3,0,4,179,186,193.135898121977,869.381650960287,,1009.35951716137,,,19310.5059654674,283035.976981133
ADGRG4,CDH8,324.156112877911,185.472460788156,13194.972407073,0.001,0.517088629005821,0.961489335816017,0.0263838271985475,2.16979663552359,0.223155742618062,9.72323907091768,449.994941165383,181.643079953115,5,3,2,176,186,116.236234061538,696.770909014646,66.5056348327897,398.685501170006,1998.90133797573,58758.7715836997,,6322.05870022401
ADGRG4,CSMD3,261.283274701218,478.039490773442,10749.7751222019,0.001,0.589758497864927,0.970994861888966,0.0056810294394545,3.18720909474229,0.361345171251963,8.82040040468639,449.994941166419,471.551127241529,4,6,3,173,186,81.1112010593864,607.049156869834,229.683868730109,861.867270911628,2504.92823484282,33386.0731212132,,15746.4660601171
ADGRG4,CTNNA2,325.630997677274,263.113171891084,9016.68221708657,0.001,0.469037345992043,0.945057922306454,0.0486084762195797,2.3218123970016,0.305705976725181,7.59491986997962,449.994941164277,257.633851875094,5,5,2,174,186,116.764456384295,699.948273159361,113.045231800715,508.924899350231,1417.36538031757,33519.9148932281,,6388.25187282943
ADGRG4,CUBN,453.36188527663,121.860545182995,0.001,10465.8509734543,0.98220367678355,1,0.00159568030572876,2.64594241892948,0.216710608944666,12.2095657052262,449.994941166419,300.001390540078,4,2,3,177,186,194.777549164432,876.857718531696,20.2592116670626,376.268309554396,,40138.4420827281,2329.81791110927,38724.7850516935
ADGRG4,DMXL1,258.45063243978,1816.36359539449,28408.4550072235,0.001,0.564952248207657,0.985411437226439,0.000530359488077251,3.10419388429073,0.200472569451047,15.4843821914935,449.994941162718,1792.79182802307,4,2,3,177,186,80.232710017856,600.447007809864,651.325260857351,3904.12829068744,5893.80676716527,156330.553922109,,113821.731527296
ADGRG4,DMXL2,259.217852540913,1159.24034238434,19499.5076164314,0.001,0.389697179467257,0.960985351838206,0.00126845219798847,3.21234665162784,0.26052045256746,12.3304969723865,449.994941164839,1139.83502446133,4,3,3,176,186,80.4705336271238,602.234512721812,460.721095109036,2349.30590801372,4279.34794255063,78332.6004431472,,43658.7925945819
ADGRG4,DNAH5,185.263755466702,330.585230470038,5099.59890958117,0.001,0.571103612581521,0.970872739563096,0.222748425940433,1.15458587993381,0.147834132082205,7.81000885026864,273.397747328889,325.220922394369,2,4,1,118,125,30.8041284795483,572.131264509418,118.534888669277,710.663062998211,279.422613707751,27092.7238979914,,14766.6068114026
ADGRG4,EPHA2,389.533990658542,745.179240649061,6116.79081897458,0.001,0.785322835819761,0.977409879678768,0.328299383737402,1.16261735618142,0.203098949135968,5.72438883178603,449.994941163918,730.871375529043,6,4,1,175,186,154.815587365302,789.432764686536,267.200827605438,1601.70715803624,335.388247341008,32506.3518384502,,25001.6274434064
ADGRG4,ERBB2,455.218312620958,1144.47736962318,0.001,0.001,0.923496061516364,0.890497859633864,0.822386199525282,3.39336945220448e-07,0.210460181733025,1.61235699041117e-06,449.994941164143,1118.0917522584,7,5,0,174,186,195.585306732896,880.480379851498,410.38682284073,2460.05683356032,,11688.5075758019,,19669.2842464114
ADGRG4,ERBB3,275.964168063103,1238.16458701752,0.001,0.001,0.972626641964516,0.967574158850902,0.941091738743033,1.23344260817213e-07,0.0537743673791573,2.29373708755187e-06,273.397747329302,1217.82820391089,3,2,0,120,125,68.624901276375,715.693842639727,205.872900472269,3823.6413173984,,23314.3234761177,,81041.2760226071
ADGRG4,ERBB4,258.326941096819,289.174484792232,30852.4909652129,0.001,0.299063858807326,0.969077670512306,0.00040650549025381,3.2959042680329,0.215168553360484,15.3177786277676,449.994941163793,284.405642524853,4,2,3,177,186,80.195465000069,600.166066173843,103.692555347721,621.561596899728,6416.76853660127,166496.811953415,,13679.2434154778
ADGRG4,FAT2,327.697714269273,694.850445229245,6264.66110005101,0.001,0.764564149460465,0.964341671520281,0.0965522421149516,2.00203317232356,0.346448790527034,5.77872755531338,449.994941164839,681.924457879238,5,6,2,173,186,117.502375458649,704.425005123735,317.49317146501,1293.695404184,980.932564319883,23334.1300381109,,17088.2535886615
ADGRG4,FBN2,325.282777069598,289.383514410249,9747.75618241947,0.001,0.567626887335869,0.955550728682126,0.0449200864797229,2.15113922351831,0.270897771084955,7.94077860036618,449.994941164839,283.485337804827,5,4,2,175,186,116.636626499424,699.190402619405,115.015088242108,586.548033554999,1495.31435717151,39927.8746902323,,8188.47878596018
ADGRG4,FBXW7,449.669774475023,0.001,84232.8951112025,48533.0212877338,0.999994570600495,1,5.16351447697915e-05,2.73281036784823,0.13077832845095,20.896507855835,449.994941165141,791.304900175331,4,0,3,179,186,193.206822899174,869.708887825112,,1264.25328476894,,,10822.0540562661,175942.030578219
ADGRG4,FGFR2,,,,,,,,,,,,,7,0,0,179,186,,,,,,,,
ADGRG4,GLI3,455.136858485249,105.622305432705,0.001,1527.5350132719,0.992725455586308,0.993022490602138,0.376759381684759,0.89333441993031,0.175293638365162,5.09621700058141,449.994941163698,137.755155238884,6,3,1,176,186,195.547007945125,880.337461569202,26.2656790406465,273.92369577687,,21516.6760445728,84.6414816378297,7651.13673457093
ADGRG4,GNAS,469.046821087829,1795.27896719216,0.001,8120.48175204109,0.947848576767694,0.877586950722396,0.760299790816457,0.870722934305922,0.436049026674902,1.99684641184876,449.994941164104,1947.74647115592,6,9,1,170,186,201.499348655768,907.406222256276,862.421849836501,3237.78584911199,,5286.83760247519,450.530381360071,40457.9800963539
ADGRG4,HMCN1,330.856144139707,464.857335692744,4308.31709951531,0.001,0.728308856765207,0.947103709586057,0.173052447411045,1.99830919760467,0.467348743870913,4.27584159326772,449.994941164839,455.945564713416,5,9,2,170,186,118.63302184764,711.250782838686,241.326782966489,796.415976307381,687.943453927835,15024.8985542254,,7967.944668397
ADGRG4,HYDIN,187.82417622949,552.725087561055,2931.4298940002,0.001,0.748166763754698,0.968974369628976,0.363229787359588,0.899689035928767,0.18341508452233,4.90520743303004,273.39774732905,543.342517182799,2,5,1,117,125,31.2286929102748,580.099054859255,219.624780882218,1120.54983555455,161.686821677306,15055.7865879595,,19551.5404048724
ADGRG4,IDH2,,,,,,,,,,,,,7,0,0,179,186,,,,,,,,
ADGRG4,KMT2C,259.883545385922,689.511474195492,15377.561719792,0.001,0.567180319860329,0.97520790269636,0.00228013112320365,3.19158615410857,0.2892790896389,11.0328961491567,449.994941164839,680.321750875422,4,4,3,175,186,80.6766958906727,603.783078534754,296.251572715537,1333.64246272821,3482.57929566775,53469.3146884841,,28819.6258308414
ADGRG4,KRAS,409.275264488816,12291.0829624151,1109.64351944738,0.001,0.947886843671714,0.962482562484904,0.936905398360789,0.971016562924904,0.776834363350069,1.24996602716882,449.994941163847,12046.859604152,6,20,1,159,186,162.641964879716,829.585175833145,7751.94128789392,18333.549312471,62.7871164712228,5045.16156882044,,100570.919820107
ADGRG4,LAMA1,260.077720160072,217.345292808723,14523.919593128,0.001,0.413737326395731,0.953160300406043,0.00267994710739498,3.17509228031919,0.30361374558863,10.4576697414127,449.994941164173,213.698155932576,4,4,3,175,186,80.737747991843,604.245284811443,93.3845917437809,420.415567740443,3271.33446127584,51265.8719650816,,6755.33736782605
ADGRG4,LAMA2,455.466030713726,254.417934064639,0.001,8179.99960668793,0.982358726234274,1,0.0469988661299072,1.74271041196451,0.217382393291282,8.01679651042097,449.994941162718,416.001609887322,5,3,2,176,186,195.686645575209,880.992950210844,63.2665442011577,659.820893142045,,23573.4587590728,1276.86333987869,31292.0726732143
ADGRG4,LRP1B,267.463709623925,308.497148235288,4632.40337105765,0.001,0.745525139313005,0.971583986945154,0.0497261114800154,3.02238673929104,0.660717904451008,4.57439811897083,449.994941164453,304.030486266273,4,13,3,166,186,83.0442007207219,621.58500275281,180.872063365418,485.354422729308,1116.16684913449,12963.920945309,,5772.68702873997
ADGRG4,LRP2,260.572107582051,395.244993926425,12693.4016085051,0.001,0.786056030313753,0.96952099963645,0.00432079423081459,2.89063102092933,0.2995620754705,9.64952261193019,449.994941165709,389.503246901861,4,4,3,175,186,80.8882757856602,605.390382644606,169.815358714177,764.502595296504,2801.17603125669,46795.440886932,,14483.359633837
ADGRG4,LRRIQ1,322.214905349952,506.24956159324,36853.4837441918,0.001,0.457696244036128,0.978604136155199,0.00529167280292926,2.10571149937405,0.128509177699349,16.3856896221095,449.994941162718,496.300481104107,5,1,2,178,186,115.54370143259,692.599370209343,125.896872491441,1312.88650345536,4750.76110455034,563618.604113392,,30768.5785616203
ADGRG4,MACF1,278.284864964393,558.557246618881,0.001,0.001,0.948725471436194,0.956116438095731,0.9071041536578,1.6990197005979e-07,0.0599910060894655,2.83212403216596e-06,273.397747329302,546.029779636635,3,2,0,120,125,69.1990877574609,721.777617297762,92.8661179098275,1725.20694793273,,12282.0040777671,,26716.6632048553
ADGRG4,MED12,260.408612932094,876.592206623319,13288.4339940595,0.001,0.572695181194938,0.957814694879554,0.00377914712404944,2.99196948300946,0.301514967388537,9.92312092803658,449.994941166419,862.991427749681,4,4,3,175,186,80.835180224959,604.988899831865,376.626445357007,1695.62837968886,2924.77965875183,48940.3268817672,,28136.204279627
ADGRG4,NF1,460.636333447262,859.110022890438,0.001,15038.3129668079,0.981908488387825,0.808840078861025,0.108564768423249,1.86263243138784,0.339289105333788,5.48980913948125,449.994941165808,1126.30141113201,5,6,2,173,186,197.90461640194,891.022952806419,341.425661650517,1741.18238254523,,11142.507992581,2353.02824303214,56739.6348521705
ADGRG4,NRAS,452.936032055409,2950.06511037374,0.001,0.001,0.95586694136783,0.963512682908942,0.920992637541856,9.5150214991682e-08,0.0722220305231044,1.31746801221883e-06,449.99494116381,2895.62915645837,7,2,0,177,186,194.605437036887,876.061056074661,490.530566236961,9109.75297377252,,23754.3106983604,,158531.653628856
ADGRG4,PBRM1,323.250448497477,697.482080755728,18601.0785388003,0.001,0.616515117016589,0.977218820006279,0.0154776307182633,2.0852876293311,0.173772684949005,12.0000886787417,449.994941163215,684.572099409142,5,2,2,177,186,115.911991537208,694.818776078682,216.52238982095,1620.44973596876,2687.61959799218,110673.707857683,,34034.9926273102
ADGRG4,PEG3,323.072510020702,191.247472191506,20313.0844589726,0.001,0.471287881381851,0.970345791778944,0.0128114163355459,2.19420212397492,0.175061257421812,12.5339104510598,449.994941163215,187.428292991076,5,2,2,177,186,115.848454368692,694.433651329566,59.3697990622965,444.324425054508,2952.22311820166,117968.16885946,,8498.79900711524
ADGRG4,PIK3CA,326.774849257194,1254.18912734741,7236.67191914974,0.001,0.732783517698158,0.972822267662194,0.0731108642716739,2.16107934141755,0.331313094040618,6.52277069723241,449.99494116323,1233.51236681546,5,6,2,173,186,117.173669849267,702.41449864867,573.090149554878,2334.95130847864,1148.77307206055,25878.8452103435,,35928.2258995176
ADGRG4,PLEC,452.879283956738,54.6221131479926,0.001,2401.39305877766,0.977837614615965,0.73125935978984,0.170030638144147,0.880687316222422,0.0853756738131383,10.3154361996601,449.99494116372,106.895190297333,6,1,1,178,186,194.578400043484,875.97065267148,3.11660129405086,240.520261370914,,67279.066062531,133.229887449414,11955.1456308088
ADGRG4,POLE,452.587229652899,133.602909735485,0.001,14999.7860972079,0.975917022477301,0.650751644154008,0.00882133789974769,1.89245739597188,0.121993770324689,15.5127379942031,449.994941166419,394.372924241964,5,1,2,178,186,194.4536910161,875.400149213564,7.62312291686055,588.285364257918,,73167.6455680535,2353.29793555049,56251.7143733274
ADGRG4,PREX2,259.198288363438,419.522281881754,19005.6588281468,0.001,0.539708181245319,0.98405505437133,0.00140165782001703,3.11449608887078,0.252280103666034,12.3453892860046,449.994941166937,413.460400024581,4,3,3,176,186,80.4646265098316,602.185225196578,166.730488872039,850.173138662123,4163.76785341786,75435.7823383608,,20705.1859055584
ADGRG4,PTPRT,456.554533012997,147.394012342931,0.001,3695.53403152398,0.987110784085487,1,0.0659766367920963,1.80218628653981,0.259181418698798,6.95337765950799,449.994941166419,217.07804656302,5,4,2,175,186,196.154208774929,883.102251279363,45.7552758767048,342.452754241667,,18991.7137370646,577.928388773947,14033.7719841878
ADGRG4,RASA1,324.85802060194,503.921773326816,10782.3703759622,0.001,0.811665912947147,0.973953659504782,0.0404490372241259,1.88597710315999,0.220199211423556,8.56486765310112,449.99494116205,494.314011217809,5,3,2,176,186,116.485261254334,698.286962251912,180.695779892011,1083.275970632,1607.08372458344,50695.1296830416,,18888.1422624358
ADGRG4,ROBO2,454.047890235416,107.088504793897,0.000999999999976353,5076.86290622451,0.980079750346867,0.978664760643359,0.0281643006821056,1.70587600323451,0.174097989691793,9.79836703602628,449.994941164839,210.046271448717,5,2,2,177,186,195.079021572551,878.241878607302,17.8057715111264,330.711006776885,,35584.7976354551,790.876679713956,19567.0555427283
ADGRG4,ROS1,325.889180417884,724.809364278155,8505.90434521523,0.000999999999976353,1,0.991694192320545,0.0607041491063988,1.82989960051842,0.248807199899755,7.35468909764543,449.994941164839,713.137975251788,5,4,2,175,186,116.85529038289,700.52226852355,288.061326603814,1468.91091097908,1296.63149259338,35454.4068224805,,29012.9402235752
ADGRG4,RYR1,234.909987341582,253.402110032426,1539.81922328154,1909.16588643266,0.99296224849941,0.987958005559202,0.361955831516927,0.749595715122782,0.147806262550253,5.07147466006677,273.397747329302,278.027544666221,2,4,1,118,125,42.0055226452748,675.967934456968,80.8081159900995,573.268884849038,,13884.4729256032,,20208.3800763965
ADGRG4,SACS,266.942186801561,751.132900067496,4972.39213113997,0.001,0.636887728461455,0.935650299795471,0.0405397854184171,3.04907194658963,0.629653020420175,4.8424637819651,449.99494116323,739.177887649932,4,12,3,167,186,82.8641805959593,620.242286996108,432.146043990037,1198.28023659022,1195.87717539538,13999.233226117,,12529.9037861034
ADGRG4,SF3B1,260.323541856864,2212.69484054634,13533.6473891598,0.001,0.740755640968842,0.970745456635163,0.00366176234810696,2.97921291203069,0.294155379145803,10.1280245857887,449.99494116451,2181.50410597585,4,4,3,175,186,80.8126868687716,604.819222557466,950.683312022477,4279.81646615553,2973.46601944174,49926.2769723637,,84464.2707682946
ADGRG4,SMAD4,401.827992767014,2649.90376428023,1566.00645877009,0.001,0.9809295558299,0.993778921831295,0.857195832746708,1.03188354282906,0.599887919107213,1.72012722704063,449.994941163784,2601.0134448132,6,14,1,165,186,159.690750625252,814.42136785328,1524.59419182203,4227.24365194435,88.3626505175807,7201.89872134898,,33229.3290099835
ADGRG4,SPHKAP,326.034088960823,862.990124002195,8277.27937326602,0.001,0.741810380484171,0.975923387456524,0.0595570829165701,2.09336217590157,0.289906201059619,7.22082579900066,449.994941162755,848.404460451505,5,5,2,174,186,116.908149966644,700.823597200999,370.784819935412,1669.1926066542,1292.28791648296,31443.3678423611,,27400.266850487
ADGRG4,SPTA1,260.6646378234,414.486652598768,12045.6743086796,0.001,0.61995974215886,0.985567273430714,0.00435186629313643,3.14708388448149,0.335336760544195,9.38484608539279,449.9949411641,408.808891374432,4,5,3,174,186,80.9219248999601,605.621827878072,189.397267777623,771.62741162664,2770.45039221174,39071.3008672353,,16317.4185797184
ADGRG4,SYNE1,132.07908129304,466.341406035577,10553.3353633341,0.001,0.307939756204766,0.947219854909783,6.86167558285372e-05,5.40862084903411,0.627218905101461,8.62317893329314,449.994941163545,462.234631721086,2,10,5,169,186,21.9610658195628,407.882898429826,268.31426959654,743.888163506736,3543.79152266234,26084.399930811,,14898.4965783639
ADGRG4,SYNE2,278.166350325324,993.076959680473,0.001,0.001,0.897564818503494,0.945784142021433,0.898462169721183,2.05671218878739e-07,0.0852491923794089,2.41258847313628e-06,273.397747328922,974.626173993884,3,3,0,119,125,69.1705271077684,721.449316413276,246.945310902112,2575.61615704092,,11989.2790581743,,38288.7687115352
ADGRG4,TENM1,260.244328442092,367.106115812572,13857.2364768058,0.001,0.508700698570349,0.95356224134438,0.00339485633126786,3.08322028017103,0.303778852169141,10.1495553694907,449.994941166419,361.294397587417,4,4,3,175,186,80.7882127449542,604.634591543935,157.723009529278,710.088482262436,3036.01303957386,51351.9609316999,,11384.9377801696
ADGRG4,TP53,214.836786977864,1353.99025731739,2417.10465272774,0.001,0.75600534882868,0.986614477321851,0.106023716441983,4.17012619974429,1.57686015081332,2.64457580311951,449.994941163571,1339.34191421618,3,36,4,143,186,53.4196238547121,557.280986612351,975.833707679648,1819.65121957826,740.987877219812,5759.54285970057,,15054.6957725098
ADGRG4,TTN,277.242292076236,445.443268223373,0.001,0.001,0.959420882320363,0.956741574936107,0.917927219697438,1.87675962148902e-07,0.0611904173285665,3.06708093100856e-06,273.397747329394,435.615072819865,3,2,0,120,125,68.9406194587771,719.051833962361,74.0609403903667,1375.77956378873,,16641.7180153766,,21632.3917514795
ADGRG4,XIRP2,456.848838735605,189.994617066998,0.001,12809.5320638923,0.948702026145505,0.416884953312677,0.00194711974614295,2.92121260029216,0.239975371557743,12.17296833975,449.994941162755,375.215368909808,4,3,3,176,186,196.277309667077,883.697880695832,47.2476533853984,492.714029294539,,16240.3106776922,2893.38008129007,45061.4943608497
ADGRG4,ZFHX3,280.037944240002,317.325043725866,0.001,0.001,0.931199337844935,0.939421058940318,0.874806966851248,3.10204559060556e-07,0.0872100360193271,3.55698235225829e-06,273.397747329394,310.699805727763,3,3,0,119,125,69.6335514910085,726.352514445335,78.9048800121781,823.066376586462,,8488.16785403274,,10896.0085406326
ADGRG4,ZNF521,324.72903704596,445.795684240599,11163.8669887576,0.001,0.515445092329641,0.961177778917408,0.0341710114490804,2.2691134919554,0.256126704133594,8.85933975385809,449.994941163418,437.194808267751,5,4,2,175,186,116.441331941044,698.001896007701,177.172967862015,903.440474299241,1733.61379083531,43843.6450498404,,14003.207097705
ADGRG4,ZNF536,279.432780419161,261.77165250434,0.001,0.001,0.93732628904634,0.906357326410529,0.849573039298887,5.45947852153769e-07,0.139501376693475,3.91356605285249e-06,273.397747329147,256.61855738802,3,5,0,117,125,69.4857924600041,724.725831713748,93.8593603434612,562.751657118012,,8838.86304423355,,5697.07441433222
AKAP6,ANK2,,,,,,,,,,,,,2,0,0,123,125,,,,,,,,
AKAP6,ANK3,486.595840472392,396.948809636395,0.001,19481.7188306461,0.98325363643976,0.818270939527118,0.0231263831395311,1.93925052123895,0.176454250216557,10.9901037739752,480.065633951562,590.212840843343,3,4,2,177,186,174.484332108568,1045.93098434094,123.222911860202,922.282888075001,,26352.2496056901,2790.69430147327,99304.7798563107
AKAP6,APC,294.923904477328,1475.02322760349,7708.46659351829,0.001,0.967790943217935,0.989739555735807,0.0645348162388723,2.01763233578887,0.286325348052501,7.04664239304065,480.065633955436,1461.22095004751,3,8,2,173,186,73.3409389315362,764.843347613374,739.015764513072,2587.53800074648,1237.44492014299,26448.0106448454,,68024.7253071058
AKAP6,APOB,292.59065460011,325.890869051194,11228.8022498749,0.001,0.907958104212764,0.989280549435316,0.0339829677919573,1.90339553657658,0.198117984772249,9.60738389684646,480.065633951063,322.592476497322,3,5,2,176,186,72.7610574531636,758.780513102452,140.020702534503,630.328482673354,1756.59670538533,42403.3071927227,,18572.8924367384
AKAP6,ARID1A,295.973209214979,660.090100999473,6768.65485972576,0.001,0.951277557806975,0.989270941942267,0.0808067056026635,1.94048363779096,0.306022047320733,6.3409929277324,480.065633956679,653.660759395038,3,9,2,172,186,73.6011704224406,767.567395586717,342.719281416172,1130.69536309831,1091.60358132892,22861.2743408199,,26129.2689742428
AKAP6,ARID1B,488.180062103718,565.23594580987,0.001,9261.56876544139,0.985290760229525,0.860882889369157,0.323629566754818,1.01570110014455,0.168766780441521,6.01837101760969,480.065633954017,670.591842624791,4,5,1,176,186,175.051098171898,1049.35168767339,202.68338135845,1214.96353664317,,19698.3651706052,507.437578465304,49445.5670329513
AKAP6,ARID2,389.356452793709,841.015701088464,6672.303849583,0.001,0.888302313153188,0.989182444475859,0.315733925009032,1.04187303030585,0.167075076566256,6.23595722185818,480.065633955698,830.373433543987,4,5,1,176,186,120.870703554557,904.575658934543,334.252288716284,1704.35671196672,369.148461458867,33726.4122976178,,38682.2132586578
AKAP6,ASTN1,388.809138541789,204.169695510601,8119.35255021916,11327.5416226265,1,1,0.000866146481572368,2.97392153948748,0.202101158302073,14.71501481967,480.065633951616,284.738088250136,2,4,3,177,186,94.2942303531628,940.908349447338,65.4714900270433,456.434998968935,,52399.4598021907,,79943.1211353809
AKAP6,ATM,292.122195760186,792.334129928059,12377.0611501993,0.001,0.89862539818036,0.992308778837697,0.0279949429726942,2.04364800323106,0.197348351592704,10.3555362218015,480.065633952594,784.837961308142,3,5,2,176,186,72.6449248543646,757.554943438766,340.437022686842,1532.45884015854,1947.8339259306,45836.0021076389,,50669.2108389625
AKAP6,BAP1,480.180324598845,0.001,6299.59841104871,20897.318414476,0.999998395573322,0.666769871435991,0.000461797982231331,2.02190084033131,0.0558484671442877,36.203336344176,480.065633953164,202.577861874828,3,0,2,181,186,172.188843068425,1032.08638367052,,230.750635535227,,,3168.17843730697,91866.6857269142
AKAP6,BRAF,479.946461554813,0.001,3249.59584520738,26161.2001335159,0.999999610838772,1,0.0252562929439346,0.986812811398869,0.0278490972213466,35.4342836881071,480.065633956522,317.975022141215,4,0,1,181,186,172.104537830766,1031.58919803559,,673.021785177945,,,1433.6586904633,139548.14414594
AKAP6,BRCA2,192.600843098815,829.658438645955,62664.7020055992,0.001,0.898034698201547,0.996363986577123,7.626895640633e-05,2.91876332611768,0.111569871486343,26.1608558586085,480.065633953164,823.569755960809,2,1,3,180,186,32.0250993828927,594.740970525788,257.561640429199,1927.44221007328,11029.1704283173,968068.043280529,,151215.613547142
AKAP6,CDH8,483.710555068068,109.899107896677,0.001,7537.06610572056,0.997791788548746,1,0.0134025692194669,1.99091924929858,0.145541308344427,13.6794101409822,480.065633951562,181.643079952491,3,3,2,178,186,173.452542690039,1039.69695299944,27.3298608062633,284.995458509165,,48062.3754252104,1100.492016935,36880.8887394603
AKAP6,CSMD3,293.852607027895,475.929781667126,8993.27660236412,0.001,0.93583360437482,0.993237025194717,0.049223370776228,2.01909566943361,0.250911346682469,8.04704807546546,480.065633951562,471.551127242376,3,7,2,174,186,73.0749808819371,762.056823403879,228.674045959586,858.05035094806,1436.99582073471,31371.2259580824,,24173.3005057846
AKAP6,CTNNA2,390.284019174947,260.653118031116,5737.37244789177,0.001,0.957222579827532,0.994478470267394,0.360121426114447,1.08676960419575,0.199746174133647,5.44075304024904,480.065633956522,257.633851873541,4,6,1,175,186,121.158268777406,906.735370046385,111.992307307113,504.136923184389,318.966747821115,28263.7200998793,,12051.7012108015
AKAP6,CUBN,484.901744055513,181.633735487389,0.001,11622.6863466353,0.988463004968904,0.834553431129017,0.0146119391473103,1.93141798690823,0.143670800894167,13.4433578353264,480.065633951562,300.00139053998,3,3,2,178,186,173.873338390772,1042.25027219742,45.16714057933,471.019721513139,,37702.4844548955,1724.9543660792,54652.8923506601
AKAP6,DMXL1,290.399619104948,1810.97515590832,20050.7566000394,0.001,0.750355497880602,0.990384973066305,0.0120299583492115,2.06229067243611,0.140222334194986,14.7072909909515,480.065633951562,1792.79182807872,3,3,2,178,186,72.2170686653873,753.076860328306,649.395466064457,3892.52629589044,3044.13192083138,88362.8974890036,,146608.930586356
AKAP6,DMXL2,291.371174093223,1151.62619372743,14835.9827756637,0.001,0.866075186122733,0.989961836184743,0.0204316972409037,2.03572296360031,0.172514099759311,11.800328010525,480.065633953174,1139.83502444126,3,4,2,177,186,72.4578762578875,755.598670709831,457.605455906803,2333.28129081813,2302.53065128117,58580.3797617373,,82416.9265782749
AKAP6,DNAH5,201.517063724629,300.136689812739,4399.72641990041,6369.93641648149,0.906235565994004,0.914059330926016,0.14377515348894,1.03499615359895,0.088847581195322,11.6491202087271,281.613809687815,325.220922393514,1,4,1,119,125,12.7605876929729,782.440007632971,97.0700348365534,672.628103679859,,33458.6248739183,,145656.036682523
AKAP6,EPHA2,487.067494766055,743.235135711923,0.001,0.001,0.930764545926364,0.920075687298633,0.856384384379907,2.48738740282924e-07,0.140484025780489,1.77058380054959e-06,480.065633953576,730.87137553592,5,5,0,176,186,174.653730326683,1046.9414489901,266.511274170403,1597.56618303674,,13864.85186833,,18221.5763029874
AKAP6,ERBB2,486.300496433235,1134.31276711836,0.001,0.001,0.938025591489678,0.930903385941948,0.873218672725579,2.14422484726032e-07,0.14058319304449,1.52523555684337e-06,480.065633951278,1118.09175223799,5,5,0,176,186,174.379507233063,1045.2835345029,406.750947420773,2438.11298375765,,15534.2394228737,,32390.4867754722
AKAP6,ERBB3,284.210358704691,1227.69870524785,0.001,0.001,0.981900986943779,0.984064785671723,0.966255246002119,7.50095834655198e-08,0.0338230458529884,2.21770634707319e-06,281.613809687452,1217.82820391089,2,2,0,121,125,47.2569082233001,877.665126059302,204.13656086356,3791.1746216816,,36598.9331471514,,181809.074352755
AKAP6,ERBB4,290.171697363731,287.107864199661,21874.1505105894,0.001,0.754110492138103,0.992589490166176,0.010202219785234,2.20521467090993,0.143201892416532,15.3993402859204,480.065633956655,284.405642526536,3,3,2,178,186,72.1605138710321,752.483191703926,102.954470836671,617.103611877094,3319.25909981268,96188.0732380556,,26116.7862612735
AKAP6,FAT2,488.690768110379,515.676294654883,0.001,17805.962326355,0.98754821681204,0.844456198290814,0.0364308622564666,2.02936459770885,0.227561323963923,8.91788007891261,480.065633951562,681.924457879088,3,6,2,175,186,175.235064215882,1050.43895617301,204.944747989851,1045.08539230654,,20548.9412015506,2645.21340940965,83827.6085209512
AKAP6,FBN2,485.693396810168,190.458055586714,0.001,10437.2589407571,0.988630247519496,0.801109448368253,0.018240766764377,2.04994927807545,0.173715389714672,11.8006198612713,480.065633956655,283.48533780464,3,4,2,177,186,174.165406534242,1043.99678179828,59.1265070953931,442.49912025138,,30432.0374676203,1518.47975429925,52288.4172245576
AKAP6,FBXW7,480.096672711481,0.001,189310.239525038,109077.293772563,0.999996724575343,0.692919129894897,6.38775043311226e-06,2.96352796116249,0.0858970132983693,34.5009430172906,480.065633953164,791.304900181838,2,0,3,181,186,172.158940785685,1031.90458614698,,1169.10726403371,,,22255.2161892059,595285.504042098
AKAP6,FGFR2,,,,,,,,,,,,,5,0,0,181,186,,,,,,,,
AKAP6,GLI3,484.609787610211,104.458258770093,0.001,2956.66418029283,0.992398604980736,0.882447634386888,0.212146646186973,1.04007012876026,0.114744061943248,9.06426102707322,480.065633956522,137.755155239051,4,3,1,178,186,173.771346111608,1041.62947349229,25.9762463541272,270.886199080071,,36128.0492779695,161.190060719754,16193.1821438472
AKAP6,GNAS,497.591363535588,1774.05805074901,0.001,15665.0293813036,0.9503693245547,0.766786180288324,0.500057979716339,1.008678170638,0.285435213653734,3.53382526888096,480.065633952237,1947.74647114228,4,9,1,172,186,178.422484599911,1069.71220622278,852.221032079307,3199.06696641751,,8675.97455976163,852.949622678423,86529.5537266937
AKAP6,HMCN1,307.857753023809,411.790178390691,6542.42302324285,5836.65017245618,1,1,0.00595105658416101,2.69985541545274,0.313380972243436,8.6152499819149,480.06563395266,455.945564714648,2,8,3,173,186,56.9918065292457,844.779747931195,197.4165295893,735.42379815503,,25662.0471385412,,56166.6488354869
AKAP6,HYDIN,290.798504433708,548.997865525967,0.001,0.001,0.938177588035564,0.941082236500228,0.882917878434043,2.99160148428852e-07,0.107273315587917,2.78876575026407e-06,281.613809687452,543.342517183108,2,6,0,117,125,48.3503349328604,898.099787160904,218.151938611009,1112.92795750003,,9138.52171702964,,23344.1548342852
AKAP6,IDH2,,,,,,,,,,,,,5,0,0,181,186,,,,,,,,
AKAP6,KMT2C,292.286459505754,687.08523690225,11939.7573526619,0.001,0.858524804925269,0.988839507516207,0.0298846250760364,2.00006211628316,0.198612866601508,10.0701538148384,480.065633951562,680.321750876606,3,5,2,176,186,72.6867332902111,757.994430476217,295.215500497048,1328.95250157324,1878.34698563926,44284.9141814162,,40479.3270147095
AKAP6,KRAS,406.999783442855,12197.2739799537,1685.14597329847,0.001,0.976246143677381,0.989539507914308,0.842177296835757,0.993921773798771,0.562535209395967,1.76686144653241,480.065633951996,12046.8596031705,4,20,1,161,186,126.340198599849,945.691681105601,7693.09373927176,18192.7193255782,95.4024989604439,7645.3128108587,,170703.212942663
AKAP6,LAMA1,486.965691346878,154.02781305289,0.001,5887.72521362613,0.995445337679931,1,0.0321027124726171,1.92874413766371,0.201344574935451,9.57932011966075,480.065633951562,213.698155932952,3,5,2,176,186,174.620669570125,1046.73682374867,55.2308934690001,331.073256139015,,26357.3865431822,873.855729045839,27688.8558945564
AKAP6,LAMA2,484.240751328813,251.806830344833,0.001,16404.4395621695,0.994646759673404,0.967453579847163,0.0142336903663904,1.94525417318476,0.143558700570885,13.550235307572,480.06563395157,416.001609886553,3,3,2,178,186,173.642053711967,1040.84498332708,62.6186384013868,653.021018497605,,43241.0019142849,2432.77785337946,77294.5724525346
AKAP6,LRP1B,499.26725819909,248.623039191012,0.001,6910.94791057812,0.981631023282336,1,0.0156617500638485,2.90861095701401,0.452387388383152,6.42946959111634,480.06563395157,304.030486265707,2,13,3,168,186,179.01234328184,1073.1899301507,136.741675346708,409.38830635564,,10621.6822297517,1394.77971362662,40119.5703642556
AKAP6,LRP2,486.243637016536,223.929950768565,0.001,21123.6061033061,0.988366051784908,0.82238370196278,0.000934239501814261,2.89235557474784,0.20060044350388,14.4184904291694,480.065633951758,389.503246901224,2,4,3,177,186,174.359464430275,1045.163454952,69.5158256737881,520.247539321931,,30323.0430547279,4236.39897963684,123049.189917597
AKAP6,LRRIQ1,481.126412872686,166.73809219771,0.001,36019.4087973383,0.998055005148395,0.94386651854014,0.00298500520528267,2.05530595643892,0.0853060310099812,24.0933253148121,480.065633951562,496.300481100168,3,1,2,180,186,172.527706618371,1034.13069204119,9.51381295954572,734.167750398618,,227923.837055344,5258.12064413961,178311.588839971
AKAP6,MACF1,285.842838105818,551.427492105075,0.001,0.001,0.970779905059754,0.980767330355626,0.952112274751762,9.67465154152331e-08,0.0352831341328773,2.74200458074055e-06,281.613809687452,546.029779636635,2,2,0,121,125,47.5273528571659,882.746734833685,91.6837406150365,1703.06310522688,,22491.8111191472,,75248.94725083
AKAP6,MED12,292.619100692008,871.525131482652,11167.9878870176,0.001,0.940647141480769,0.988695187683921,0.0343025577162775,1.90815866885714,0.199949200883075,9.54321727933782,480.065633951562,862.991427754074,3,5,2,176,186,72.7680476838871,758.853843543959,374.446459397852,1685.74144149796,1747.52434635738,42151.3983856398,,52712.6040708185
AKAP6,NF1,489.268802463008,707.773629808549,0.001,57171.1343337728,0.983541860122097,0.451000091892423,0.00115365588888949,2.98433517977836,0.226019253572993,13.2038980423169,480.065633951799,1126.30141113193,2,5,3,176,186,175.441716173469,1051.68858948574,253.791469242621,1521.38321315373,,21278.7821799943,11709.9175460292,314295.576109271
AKAP6,NRAS,483.545074011095,2927.3722613969,0.001,0.001,0.964747037017536,0.978503217287438,0.944009332965772,6.410217837365e-08,0.051910825346058,1.23485184345114e-06,480.065633951317,2895.62915645837,5,2,0,179,186,173.392315259048,1039.3535196289,486.755288268186,9039.43026163316,,31612.3153777251,,278590.564483974
AKAP6,PBRM1,289.628411131037,690.617992350664,28053.8266007775,0.001,0.924210655305601,0.996232317351979,0.00696522993280123,2.04850332366159,0.11462998876523,17.8705707444242,480.065633951562,684.572099396016,3,2,2,179,186,72.0252891813671,751.070583543106,214.39661433871,1604.43831840387,4075.07736130099,163450.220606728,,83733.0470655835
AKAP6,PEG3,289.605293263333,189.175107025281,28394.5836364517,0.001,0.900519348069608,0.995383669991146,0.00679585500359052,2.07256781494472,0.115566786728367,17.9339399633579,480.065633951562,187.428292991076,3,2,2,179,186,72.019742331519,751.012301128783,58.7279577673353,439.488351116861,4125.19335990537,165173.64542598,,23078.6071342756
AKAP6,PIK3CA,194.739018734944,1241.16965329207,17824.2895267137,0.001,0.874480344083719,0.990393752230079,0.00117129768922597,3.07895859615594,0.227700996836979,13.5219372726783,480.065633956655,1233.51236681377,2,5,3,176,186,32.3803196599222,601.358020584724,567.158085101645,2310.60150955742,4114.68169097319,57429.0837496067,,112575.454350793
AKAP6,PLEC,482.733888006199,54.1034395312234,0.001,4146.43344651253,0.986074399283976,0.681725460571124,0.10312307457027,0.956985627771714,0.0574022763286793,16.6715623312936,480.065633956522,106.895190297168,4,1,1,180,186,173.101019521897,1037.61392864287,3.08702458886846,238.229903753664,,106702.700591753,226.366222533608,22531.3425259251
AKAP6,POLE,482.287080054003,132.661197618314,0.001,25085.9390133498,0.988088367981312,0.67126452373407,0.00354984810270944,1.92267766161637,0.0840872491110736,22.8652700848453,480.065633951562,394.372924241964,3,1,2,180,186,172.941190199131,1036.64006846272,7.56944115071244,584.131024497468,,130125.577786511,3787.93523179318,113261.517846524
AKAP6,PREX2,446.681791398239,234.399761863556,4454.53027016969,27743.600372968,0.992568608962688,0.695141309767536,0.000293216189008802,3.1512863333596,0.169081652055623,18.6376599414992,480.065633949347,413.460400023765,2,3,3,178,186,138.358164879552,1002.28677391917,58.6755363342814,601.088658805263,,60161.1856705659,4167.94228009076,154704.753765746
AKAP6,PTPRT,486.246259922384,146.089807608268,0.001,6713.76467918032,0.990784215908428,0.935149166441015,0.0237957292956282,1.89007280490328,0.172524856217876,10.9553651939658,480.065633951562,217.078046562869,3,4,2,177,186,174.359145301363,1045.17528569624,45.3513473038257,339.409183899248,,29744.5431591122,1007.68466115164,30789.2719159483
AKAP6,RASA1,484.698121000648,298.922517361387,0.001,21694.7757395906,0.986323850629459,0.715773986954722,0.0120387405449992,2.05716941167573,0.143033634070447,14.382417289786,480.065633956655,494.314011225175,3,3,2,178,186,173.805535120747,1041.83654770514,74.3353630294297,775.199942557601,,37039.2548735263,3149.32398291355,108858.524114452
AKAP6,ROBO2,482.92740123111,105.885738449422,0.001,11055.8792002977,0.992754355663937,0.830999087887057,0.00732529771480267,2.01500014395843,0.115646912032614,17.4237263109124,480.065633951562,210.046271448717,3,2,2,179,186,173.171804831709,1038.01407992812,17.6061004259082,326.98233369773,,63776.3021427006,1615.6517716586,54211.661782001
AKAP6,ROS1,486.594199008183,479.855737110337,0.001,22306.9823077648,0.987563908624655,0.836718129213246,0.022888316967076,1.91664756395448,0.169537172781345,11.3051759240224,480.065633952684,713.137975255919,3,4,2,177,186,174.483674277663,1045.92830365263,148.964750038382,1114.832491529,,27812.4656027126,3369.11563323158,100464.053937852
AKAP6,RYR1,258.003265420916,235.433781927219,1178.17017898444,7067.19616479109,0.996331232849528,0.860308690507966,0.180800612613167,0.859947096841072,0.0900316846701202,9.55160508205476,281.613809687452,278.027544666504,1,4,1,119,125,25.860028726408,860.031623037616,73.3911024843021,543.769265286001,,21677.7143065987,,119350.788079371
AKAP6,SACS,199.145503303329,744.304925191556,7557.39388123454,0.001,0.938306029224378,0.978609541629796,0.0115546735774254,2.95430883113596,0.423493274486214,6.97604663195693,480.065633951616,739.177887653158,2,12,3,169,186,33.1122711577974,614.998744187912,428.237503410794,1187.31047484726,1820.85893364226,21174.3364485607,,34133.651198465
AKAP6,SF3B1,194.263910420677,2195.01668367907,21066.2054440042,0.001,0.883353528419612,0.98790513580521,0.00082326985001503,3.00825993950484,0.199064344828326,15.1119977919661,480.065633951562,2181.5041059468,2,4,3,177,186,32.3009113624418,599.883905049837,943.111679245687,4245.46939375886,4685.43806160884,76398.9472582751,,208908.667098135
AKAP6,SMAD4,502.482998713991,2647.73121611052,0.001,0.001,0.797621810625664,0.770261701719611,0.614456180761092,5.42341041950833e-07,0.421293311919687,1.28732411981471e-06,480.06563395214,2601.01344487202,5,15,0,166,186,180.17175580861,1080.18258282812,1523.32500484182,4223.85488979833,,4252.12761240428,,20627.7423963045
AKAP6,SPHKAP,194.295425600862,854.452988846992,20796.4748774576,0.001,0.786532299039378,0.988662152672665,0.000806103509567466,2.96913526863173,0.197547367553745,15.0299915680929,480.065633951562,848.40446044802,2,4,3,177,186,32.3065983886382,599.986773901576,367.126797789382,1652.61384382966,4698.56539058951,72885.5840911203,,79654.9926309444
AKAP6,SPTA1,234.699610079523,390.412174460412,14738.9779885091,3257.2763899382,0.921438691767717,0.997270014025508,0.00142487540938966,2.95021600249252,0.228312381679773,12.9218397214674,480.065633950861,408.808891374772,2,5,3,176,186,39.5147574096519,708.041490243176,168.12627608925,744.425815267126,2127.138161701,51023.876744824,,50254.7160981099
AKAP6,SYNE1,393.814833034843,371.794074261775,2976.60631757067,20629.9558787543,0.9909287138272,0.901939031228967,0.000321193853384842,3.93929693461647,0.423005216607476,9.31264386337795,480.06563395206,462.234631721781,1,11,4,170,186,85.1378104113691,961.255986522054,194.220822724219,632.205371354066,,18127.4670642108,2639.77219347866,326300.104468287
AKAP6,SYNE2,285.911093854018,985.366012968835,0.001,0.001,0.938303450324121,0.967937678168643,0.93924153098419,1.21530754175481e-07,0.0520480987204548,2.33497009810503e-06,281.613809687452,974.626174000525,2,3,0,120,125,47.5390480812548,882.94419439163,245.033108267161,2555.50144942972,,20904.5655446709,,71314.3821871081
AKAP6,TENM1,485.713052588902,207.552462332369,0.001,22137.7853844338,0.985383144811315,0.806974378035202,0.000770347648508133,3.02423735245133,0.200107863013894,15.1130360741564,480.065633951861,361.294397586049,2,4,3,177,186,174.16822581427,1044.01343955582,64.4302815260422,482.191408727125,,30900.6023816811,4246.56063076194,130145.937817729
AKAP6,TP53,514.924552408458,1293.39228159443,208.756427520801,5217.14468017682,0.998041934395255,0.960599895588665,0.643598792813054,2.00675275641454,1.09849329651129,1.82682294265044,480.065633952451,1339.34191422988,3,38,2,143,186,169.415941727421,1137.17025539844,923.953864147127,1750.69783261063,,3721.63752873824,371.930328501046,23743.410846842
AKAP6,TTN,284.5228257719,439.763245300254,0.001,0.001,0.979761209390461,0.981373956310883,0.961513917608133,1.06756822585954e-07,0.0358923850432965,2.97435855703583e-06,281.613809687452,435.615072820712,2,2,0,121,125,47.3087892886521,878.63828858935,73.118962379368,1358.12746488985,,32766.5964281841,,57919.2742761645
AKAP6,XIRP2,487.051924133974,252.446525531491,0.001,11858.1577352858,0.982794834759893,0.738482708625348,0.0221978228443811,1.94078654300605,0.167357225202592,11.5966701805474,480.065633956259,375.215368909004,3,4,2,177,186,174.648533342477,1046.92725988406,78.3686091823668,586.498008943507,,25518.7004158769,1795.94917760826,52957.9126289663
AKAP6,ZFHX3,286.080229152865,208.245685367836,0.001,17288.1149185386,0.983000255925171,0.673927704630638,0.0962287359108882,0.909970266598531,0.0523271240158705,17.3900301939496,281.613809687452,310.699805728198,1,2,1,121,125,47.566876973178,883.484348438045,34.624800413176,643.123133578965,,29495.139600146,794.568310791916,386942.739655355
AKAP6,ZNF521,485.163839052329,293.73774485184,0.001,15965.8037289989,0.995123140134444,0.905574938807543,0.0177485551800073,2.08111423722441,0.169532251116826,12.2756243930855,480.065633951562,437.19480826778,3,4,2,177,186,173.969482523124,1042.81011360595,91.1926382449434,682.435855797343,,34554.9844551777,2375.38484099979,74928.1852472108
AKAP6,ZNF536,287.792490220052,258.996528289431,0.001,0.001,0.957760792151128,0.955445274745448,0.915094453414833,3.28916756751202e-07,0.0859475287033905,3.82694839180672e-06,281.613809687452,256.618557388459,2,5,0,118,125,47.8517463200211,888.760523502942,92.868404893788,556.741584377278,,13583.1152539217,,13922.4115501953
ANK2,ANK3,,,,,,,,,,,,,0,4,0,121,125,,,,,,,,
ANK2,APC,,,,,,,,,,,,,0,4,0,121,125,,,,,,,,
ANK2,APOB,,,,,,,,,,,,,0,2,0,123,125,,,,,,,,
ANK2,ARID1A,,,,,,,,,,,,,0,5,0,120,125,,,,,,,,
ANK2,ARID1B,,,,,,,,,,,,,0,3,0,122,125,,,,,,,,
ANK2,ARID2,,,,,,,,,,,,,0,1,0,124,125,,,,,,,,
ANK2,ASTN1,,,,,,,,,,,,,0,1,0,124,125,,,,,,,,
ANK2,ATM,,,,,,,,,,,,,0,2,0,123,125,,,,,,,,
ANK2,BAP1,,,,,,,,,,,,,0,1,0,124,125,,,,,,,,
ANK2,BRAF,,,,,,,,,,,,,0,0,0,125,125,,,,,,,,
ANK2,BRCA2,,,,,,,,,,,,,0,1,0,124,125,,,,,,,,
ANK2,CDH8,,,,,,,,,,,,,0,2,0,123,125,,,,,,,,
ANK2,CSMD3,,,,,,,,,,,,,0,2,0,123,125,,,,,,,,
ANK2,CTNNA2,,,,,,,,,,,,,0,3,0,122,125,,,,,,,,
ANK2,CUBN,,,,,,,,,,,,,0,1,0,124,125,,,,,,,,
ANK2,DMXL1,,,,,,,,,,,,,0,0,0,125,125,,,,,,,,
ANK2,DMXL2,,,,,,,,,,,,,0,1,0,124,125,,,,,,,,
ANK2,DNAH5,,,,,,,,,,,,,0,5,0,120,125,,,,,,,,
ANK2,EPHA2,,,,,,,,,,,,,0,3,0,122,125,,,,,,,,
ANK2,ERBB2,,,,,,,,,,,,,0,3,0,122,125,,,,,,,,
ANK2,ERBB3,,,,,,,,,,,,,0,2,0,123,125,,,,,,,,
ANK2,ERBB4,,,,,,,,,,,,,0,2,0,123,125,,,,,,,,
ANK2,FAT2,,,,,,,,,,,,,0,2,0,123,125,,,,,,,,
ANK2,FBN2,,,,,,,,,,,,,0,3,0,122,125,,,,,,,,
ANK2,FBXW7,,,,,,,,,,,,,0,1,0,124,125,,,,,,,,
ANK2,FGFR2,,,,,,,,,,,,,0,0,0,125,125,,,,,,,,
ANK2,GLI3,,,,,,,,,,,,,0,2,0,123,125,,,,,,,,
ANK2,GNAS,,,,,,,,,,,,,0,6,0,119,125,,,,,,,,
ANK2,HMCN1,,,,,,,,,,,,,0,5,0,120,125,,,,,,,,
ANK2,HYDIN,,,,,,,,,,,,,0,6,0,119,125,,,,,,,,
ANK2,IDH2,,,,,,,,,,,,,0,0,0,125,125,,,,,,,,
ANK2,KMT2C,,,,,,,,,,,,,0,2,0,123,125,,,,,,,,
ANK2,KRAS,,,,,,,,,,,,,0,15,0,110,125,,,,,,,,
ANK2,LAMA1,,,,,,,,,,,,,0,1,0,124,125,,,,,,,,
ANK2,LAMA2,,,,,,,,,,,,,0,2,0,123,125,,,,,,,,
ANK2,LRP1B,,,,,,,,,,,,,0,6,0,119,125,,,,,,,,
ANK2,LRP2,,,,,,,,,,,,,0,2,0,123,125,,,,,,,,
ANK2,LRRIQ1,,,,,,,,,,,,,0,1,0,124,125,,,,,,,,
ANK2,MACF1,,,,,,,,,,,,,0,2,0,123,125,,,,,,,,
ANK2,MED12,,,,,,,,,,,,,0,1,0,124,125,,,,,,,,
ANK2,NF1,,,,,,,,,,,,,0,7,0,118,125,,,,,,,,
ANK2,NRAS,,,,,,,,,,,,,0,2,0,123,125,,,,,,,,
ANK2,PBRM1,,,,,,,,,,,,,0,1,0,124,125,,,,,,,,
ANK2,PEG3,,,,,,,,,,,,,0,0,0,125,125,,,,,,,,
ANK2,PIK3CA,,,,,,,,,,,,,0,3,0,122,125,,,,,,,,
ANK2,PLEC,,,,,,,,,,,,,0,1,0,124,125,,,,,,,,
ANK2,POLE,,,,,,,,,,,,,0,1,0,124,125,,,,,,,,
ANK2,PREX2,,,,,,,,,,,,,0,2,0,123,125,,,,,,,,
ANK2,PTPRT,,,,,,,,,,,,,0,3,0,122,125,,,,,,,,
ANK2,RASA1,,,,,,,,,,,,,0,2,0,123,125,,,,,,,,
ANK2,ROBO2,,,,,,,,,,,,,0,1,0,124,125,,,,,,,,
ANK2,ROS1,,,,,,,,,,,,,0,4,0,121,125,,,,,,,,
ANK2,RYR1,,,,,,,,,,,,,0,5,0,120,125,,,,,,,,
ANK2,SACS,,,,,,,,,,,,,0,4,0,121,125,,,,,,,,
ANK2,SF3B1,,,,,,,,,,,,,0,2,0,123,125,,,,,,,,
ANK2,SMAD4,,,,,,,,,,,,,0,7,0,118,125,,,,,,,,
ANK2,SPHKAP,,,,,,,,,,,,,0,3,0,122,125,,,,,,,,
ANK2,SPTA1,,,,,,,,,,,,,0,5,0,120,125,,,,,,,,
ANK2,SYNE1,,,,,,,,,,,,,0,7,0,118,125,,,,,,,,
ANK2,SYNE2,,,,,,,,,,,,,0,3,0,122,125,,,,,,,,
ANK2,TENM1,,,,,,,,,,,,,0,2,0,123,125,,,,,,,,
ANK2,TP53,,,,,,,,,,,,,0,18,0,107,125,,,,,,,,
ANK2,TTN,,,,,,,,,,,,,0,2,0,123,125,,,,,,,,
ANK2,XIRP2,,,,,,,,,,,,,0,3,0,122,125,,,,,,,,
ANK2,ZFHX3,,,,,,,,,,,,,0,3,0,122,125,,,,,,,,
ANK2,ZNF521,,,,,,,,,,,,,0,2,0,123,125,,,,,,,,
ANK2,ZNF536,,,,,,,,,,,,,0,5,0,120,125,,,,,,,,
ANK3,APC,403.872862341567,1484.91412215021,7279.84300089613,0.001,0.761102662801552,0.958795215527365,0.109271689233862,2.01780612915911,0.386329165579599,5.22302303045603,590.212840843343,1461.22095005393,4,8,2,172,186,125.368370046923,938.427135721281,743.940413209052,2605.05190171403,1160.89433621272,25552.4534093386,,37043.200213391
ANK3,APOB,498.341095746985,232.409517217349,7779.04780785187,8443.74121297665,0.937284461407772,0.818200374316879,0.00200760351964738,2.97220384668937,0.251991974623714,11.7948353360364,590.212840837968,322.59247649746,3,4,3,176,186,154.138477428867,1105.66422603689,74.5517538061787,519.338701498695,,49761.9882540776,,39647.1401083608
ANK3,ARID1A,402.243238616854,661.072915345122,8482.89367412844,0.001,0.79849375655228,0.983858707476621,0.0837804140152206,2.245833716123,0.37122537663091,6.04978500259133,590.212840844198,653.660759390186,4,9,2,171,186,124.86526148452,934.602168840644,343.230009417147,1132.37628142806,1363.62778542639,28944.2607922091,,20923.1722310691
ANK3,ARID1B,569.03184249162,484.780972837599,2381.85827842122,14869.1118442252,0.991313606862108,0.707983112299456,0.0323134032262346,2.14811728856241,0.224682111569927,9.56069565820267,590.212840838559,670.591842619217,4,4,2,176,186,210.996541454744,1181.9506946696,151.069205956751,1119.53579137812,,35696.1890616932,796.468946468224,64199.3631853191
ANK3,ARID2,498.210237458574,842.427357674127,7358.01295040388,0.001,0.892716610875422,0.989036966443708,0.351767341103747,1.08202421224088,0.202071978825029,5.35464748023171,590.212840841231,830.37343353099,5,5,1,175,186,178.626709844054,1070.8680634394,334.834337512349,1707.32509265287,407.04461584622,37191.0874841772,,33029.5212366709
ANK3,ASTN1,398.940775999505,289.291855446943,13113.4559204525,0.001,0.587270762109914,0.96324148071788,0.0389909663715021,2.28759881121697,0.28219028111985,8.10658255889895,590.212840844198,284.738088249309,4,5,2,175,186,123.839938890931,926.899206143911,124.294860920094,559.569552261169,2059.59215565763,48910.4828563802,,10318.3673951865
ANK3,ATM,398.619009655878,795.769089752122,13774.1583341762,0.001,0.659603876305776,0.975459856725073,0.0361758744104732,2.18053077240784,0.253750601140418,8.59320436132169,590.212840844198,784.837961308009,4,5,2,175,186,123.743608229504,926.174317329173,341.910237102405,1539.15026908139,2159.05262270259,51706.3321524243,,32055.1090340957
ANK3,BAP1,593.777887823706,102.855800070409,0.001,6329.88366726304,0.977750333014645,0.625641834999443,0.124640251152,0.994436455045845,0.0710225613352267,14.0016980006128,590.21284083919,202.577861874459,5,1,1,179,186,235.978064757815,1203.43422259238,5.86880797573755,452.89734585306,,94892.3632901319,349.370005734846,32393.8972341676
ANK3,BRAF,589.81864054788,0.001,3100.71792344336,21310.8137179335,0.999998452049447,1,0.0307058323688093,1.01241832589466,0.0340908552125837,29.6976511613282,590.21284083919,317.97502214075,5,0,1,180,186,234.410553068495,1195.34954401361,,671.671629950683,,,1178.1308099281,108172.717873749
ANK3,BRCA2,594.800422543376,416.83516124101,0.001,30357.9703566865,0.979503828429154,0.687201715864359,0.0126684911137385,1.94529069637847,0.13557770538792,14.3481606419915,590.212840843343,823.569755979859,4,2,2,178,186,236.38473831791,1205.50936475627,69.3090149689267,1287.15817613014,,52563.8033040928,4702.90153748475,120556.796271266
ANK3,CDH8,397.135801326015,184.704269274168,18697.8764334136,0.001,0.641732074519528,0.9708663489379,0.0221471122830587,2.07165885607208,0.203781100944226,10.166099046835,590.212840838001,181.643079952259,4,3,2,177,186,123.281521094187,922.708565061944,66.230359460364,397.032946665508,2815.02751018067,85175.8736984731,,8688.14132984869
ANK3,CSMD3,400.481547012273,477.999565784377,10431.8958871601,0.001,0.628350533860957,0.968493574641069,0.0577458244676781,2.22732130929508,0.31453675143191,7.08127523780714,590.212840844198,471.551127237113,4,7,2,173,186,124.319167269059,930.497208242974,229.665297776207,861.8038393144,1663.64093002037,36629.7925240803,,14789.9750520281
ANK3,CTNNA2,498.446185495083,262.486056279916,7125.77442054507,0.001,0.648052305829041,0.949413342296664,0.346099086730454,1.41856178905355,0.277509577630434,5.11175794783803,590.212840841231,257.633851874705,5,6,1,174,186,178.725892015652,1071.46173384921,112.776542245923,507.709572970645,395.194512969581,35524.1355990039,,6515.02947704346
ANK3,CUBN,461.125397564212,202.407860686996,19150.5968111281,8972.75654342926,0.867403347126135,0.846424192149063,0.000572560029686168,3.020984703329,0.197244567445981,15.315933627203,590.212840843273,300.00139053996,3,2,3,178,186,132.762997053417,1058.29019819718,39.4547807740754,537.896956338924,,140943.781767389,,49294.032965293
ANK3,DMXL1,396.435004627978,1816.75738058296,22373.3226336557,0.001,0.629718471857689,0.983597027940251,0.0156100820434362,2.099074679757,0.173986847342835,12.0645595446698,590.212840844198,1792.7918280731,4,3,2,177,186,123.064917924189,921.070549681678,651.463300103252,3904.99167083835,3397.08134580479,98555.3637071437,,104655.351981553
ANK3,DMXL2,397.094227704068,1158.61710705559,18919.3918005102,0.001,0.409174839093006,0.959091742689336,0.0200548091782786,2.42637631101034,0.233498505232577,10.3913997590415,590.212840844198,1139.83502443539,4,4,2,176,186,123.269250611986,922.603258285062,460.471267543796,2348.06178586905,2930.7513026009,74917.4103595741,,43228.8592690804
ANK3,DNAH5,570.182271820801,333.876618967481,0.001,0.001,0.916439134410235,0.87851603014005,0.805152811573575,5.29491710896807e-07,0.207917330654016,2.54664538656427e-06,557.60689533879,325.220922394234,4,5,0,116,125,176.980551599493,1325.04258788019,119.706353705028,717.831370311565,,13779.8594297316,,5457.59629944772
ANK3,EPHA2,596.88687663783,744.800708178221,0.001,0.001,0.935715255616825,0.910436253661657,0.851922079723123,2.79606404049969e-07,0.177396417202607,1.57616714282694e-06,590.212840840731,730.87137554087,6,5,0,175,186,237.215277834081,1209.7118226062,267.071936074541,1600.93780558207,,18366.6466981589,,15999.51566592
ANK3,ERBB2,596.585974776256,1139.04266154329,0.001,0.001,0.938557809880304,0.911810991621959,0.855799232644575,2.49490698381793e-07,0.186979558698551,1.33432071461898e-06,590.212840840731,1118.0917522479,6,5,0,175,186,237.09616294168,1209.10064876487,408.442889176813,2448.32928729258,,19272.1681503163,,24933.6173965103
ANK3,ERBB3,561.870207092846,1240.46975593558,0.001,0.001,0.970452690004654,0.963985824486295,0.935507154004672,9.87505137835243e-08,0.073497871578685,1.34358331285559e-06,557.606895338327,1217.82820390425,4,2,0,119,125,174.410062981362,1305.59211066572,206.25670703227,3830.76313218489,,46168.5804336615,,70733.3943818458
ANK3,ERBB4,395.558685744538,288.784510670944,30381.3404343156,0.001,0.305222323926573,0.966265830617722,0.00878271085042354,2.64152412398316,0.192878380302513,13.6952836281607,590.212840842025,284.405642525721,4,3,2,177,186,122.793223307582,919.025595794096,103.553716116204,620.729312637094,4545.17818319926,139907.158129195,,13404.9441170085
ANK3,FAT2,401.125894134122,691.603998778988,9635.39071200015,0.001,0.850380002883415,0.974616987534179,0.0713141873955316,2.02687329131282,0.310521008462858,6.52733063487798,590.212840842304,681.92445788036,4,6,2,174,186,124.516260751419,932.031982958071,316.014094325464,1287.62916464947,1495.92788320311,36687.6319253627,,23600.718184527
ANK3,FBN2,597.672899025641,191.774534927218,0.001,5946.48869914897,0.987737809174321,1,0.0493285191312377,1.89388159489953,0.244956636632563,7.73149738229126,590.212840842304,283.485337805291,4,4,2,176,186,237.522301330813,1211.34776091184,59.5322757557454,445.568461791793,,30203.0591435282,891.320774353605,26671.5085269195
ANK3,FBXW7,592.704721612429,267.486161261875,0.001,34477.0599118884,0.978733391795454,0.77077663207375,0.00743617487630752,1.91572488003142,0.117729257690703,16.2722921864027,590.212840843343,791.304900191033,4,1,2,179,186,235.552713004343,1201.23626753399,15.2621245680511,1177.81254301116,,112570.753551362,5197.38894678284,149376.034658619
ANK3,FGFR2,,,,,,,,,,,,,6,0,0,180,186,,,,,,,,
ANK3,GLI3,597.251009227794,104.99176418007,0.001,2067.06252159935,0.979670753651417,0.82082462948865,0.288205703359194,1.04266032234596,0.157708490984639,6.61131379696937,590.212840840192,137.75515523897,5,3,1,177,186,237.355737670603,1210.48882491226,26.1089954746207,272.280658691779,,28630.8341077691,113.403211690087,10917.02398678
ANK3,GNAS,619.560835862221,1577.63984636088,0.001,27180.4854133937,0.891421748946621,0.328532541400719,0.0986135039428676,2.089606790749,0.3903275977471,5.35346924688347,590.212840837404,1947.7464711431,4,8,2,172,186,246.186191866808,1256.07584541727,720.810282379659,2937.60338134378,,7086.89630018414,4147.33272968185,112624.419789
ANK3,HMCN1,428.244745582088,408.172054339764,6349.43293606292,4740.22913074942,0.918960744726444,0.94538326383276,0.0118206508260568,3.04211716112761,0.431881503580646,7.04386998726734,590.212840843273,455.945564715665,3,8,3,172,186,115.159452524589,1023.92866514717,194.456734520202,731.958079288754,,27896.5875480402,,29970.3376895682
ANK3,HYDIN,577.691969760476,461.015899462373,0.001,4608.44271789993,0.980101338747104,0.874630645307886,0.492496798457147,0.936363134003316,0.263027415486736,3.55994500524048,557.606895335961,543.342517180461,3,5,1,116,125,179.290643027774,1342.67699311543,165.278503170962,991.299034948761,,14026.5430626198,243.780284686613,30501.1897845972
ANK3,IDH2,,,,,,,,,,,,,6,0,0,180,186,,,,,,,,
ANK3,KMT2C,397.492586523031,689.484109839957,17203.2309277561,0.001,0.441253574275872,0.966298496784291,0.0236228017354729,2.53302281900864,0.251859079095414,10.0573019964432,590.212840844198,680.321750867973,4,5,2,175,186,123.3928985393,923.530268570257,296.238710074485,1333.591539035,2692.54479814251,64921.7304419446,,26190.6214458952
ANK3,KRAS,367.673822385416,11856.9985322466,4329.41179226151,30414.588835256,0.807740750756912,0.993022097981824,0.0653642168817147,2.83406220337893,0.691716410681297,4.09714466740431,590.212840843302,12046.8596046799,3,18,3,162,186,92.6518791964369,934.040606615282,7377.08391094417,17829.148164828,443.59217662545,13262.0605429186,,312529.492633586
ANK3,LAMA1,399.688361458739,217.002602961714,11653.5374158337,0.001,0.757943993882466,0.971512172162397,0.0503537322905159,2.05751581441229,0.274792426113104,7.48752738026853,590.212840844198,213.698155932952,4,5,2,175,186,124.071742905788,928.664867483243,93.2337262159123,419.736915997486,1807.18753013297,45107.0177402509,,8070.69475218178
ANK3,LAMA2,597.333492781026,253.358818559165,0.001,10252.6515531722,0.974668827404744,0.862630270127073,0.0325930470615715,1.8493370516443,0.195673906219718,9.45111735832431,590.212840843271,416.001609887322,4,3,2,177,186,237.383697993144,1210.66561276596,63.0042082773962,657.077135109732,,31695.9803853142,1554.14657182054,44063.8723146798
ANK3,LRP1B,616.634466729446,249.787562265982,0.001,4325.31072776909,0.972057452910611,1,0.0450793698736601,2.80078506991044,0.581755607906,4.81436711885207,590.212840843766,304.030486266242,3,13,3,167,186,245.037994115072,1249.9569524218,137.382048087116,411.332981388369,,9657.00135948572,921.143986126288,18674.044070699
ANK3,LRP2,359.423231423163,358.774434586012,19099.7096726286,3411.03041910535,0.667801914505697,0.969814990094411,0.00164993480516873,3.20490833075474,0.268509456532195,11.9359234946366,590.212840846307,389.503246901463,3,4,3,176,186,91.0073313481536,907.764537696841,137.588163555313,724.957230069397,2027.10100634264,76583.1324650014,,33609.3752074776
ANK3,LRRIQ1,394.298550021522,504.854476435659,64751.232473197,0.001,0.332248957920226,0.977888551901536,0.00280829870079744,2.1777609155106,0.116776544694796,18.6489583263689,590.212840844198,496.300481102373,4,1,2,179,186,122.402971830975,916.096840275513,125.546394106546,1309.24101312256,8367.25589145999,951146.369486603,,36729.8545041731
ANK3,MACF1,565.784596156316,277.107200538918,0.001,15538.9635988056,0.976973015777314,0.4496513073102,0.13916338398507,0.977084660542797,0.0845258178394814,11.5596001969283,557.606895341077,546.029779637981,3,1,1,120,125,175.619981392024,1314.75622751558,15.8108112977295,1220.28602164916,,54550.7537315596,827.419295806644,96398.5659800268
ANK3,MED12,373.898062417812,777.697594561619,16435.1113902774,8879.96347840343,0.730490050297044,0.956626917857972,0.00204946706252784,3.08710827314579,0.273874684998208,11.2719737976732,590.212840843273,862.991427764853,3,4,3,176,186,95.5608804510128,934.088774013841,290.923048509914,1587.80857808952,1119.94508373307,66524.3394403784,,76908.5472154193
ANK3,NF1,609.443465945886,1003.60075096729,0.001,7595.16447233849,0.948830358382934,0.809097151163379,0.561766416491335,0.936885958068095,0.300742035159103,3.11524778228109,590.212840837097,1126.30141112751,5,7,1,173,186,242.178213973835,1235.39123378414,431.171776989654,1941.35550607348,,10338.1943694399,417.309188729185,39813.0227618608
ANK3,NRAS,593.653466973419,2944.66803911606,0.001,0.001,0.966067834524556,0.967058188865574,0.934245823640639,6.57878007250933e-08,0.0629970430529031,1.04429982007007e-06,590.212840844923,2895.62915650264,6,2,0,178,186,235.931532390018,1203.14926963273,489.626899593249,9092.9533281501,,41253.8598896905,,177508.898669179
ANK3,PBRM1,395.873319707576,694.760932975005,26833.9633235756,0.001,0.749869362259945,0.983011761824861,0.0126664407371224,1.99248548084401,0.156688103545832,12.7162524515539,590.212840844198,684.572099393922,4,2,2,178,186,122.8904429036,919.767747617007,215.676865388867,1614.10320778413,3824.5699939662,165494.357657012,,45777.6982545964
ANK3,PEG3,395.452969874398,190.564312451382,31681.353061786,0.001,0.461054020800198,0.973777418461734,0.00871791902943767,2.1932116197819,0.159138786371911,13.7817540888889,590.212840844198,187.428292991316,4,2,2,178,186,122.760316486282,918.782188269774,59.1578348911305,442.735772754507,4603.40927210112,184169.507164314,,10825.1964336348
ANK3,PIK3CA,399.705548872791,1250.08409793271,11602.4754613544,0.001,0.682166891671972,0.973882229972973,0.0485612092079018,2.19804541847746,0.290128140264485,7.57611935358522,590.212840841632,1233.51236681546,4,6,2,174,186,124.078532083288,928.691311600861,571.218601782856,2327.28128661034,1837.39087930345,41826.7848758632,,44746.5130051196
ANK3,PLEC,596.056660044187,54.3679864458833,0.001,3050.15924100924,0.956656035368138,0.481508842600794,0.133747124078946,0.975805692759036,0.0765471665396143,12.7477702555331,590.21284084404,106.895190297117,5,1,1,179,186,236.867406819509,1208.10203232944,3.10175982853551,239.371980166773,,56820.463686307,167.548193351543,15967.9898429597
ANK3,POLE,590.739325835872,0.001,17725.3594419331,35589.7868961201,0.999995123629179,0.470729326507254,1.75164668602494e-05,2.98079520152938,0.106218532468655,28.062854308489,590.212840843273,394.372924240842,3,0,3,180,186,234.780142902301,1197.18148562951,,364.818374223423,,,7759.44836592633,144060.573335147
ANK3,PREX2,597.725830216147,279.418299339825,0.001,9217.6574127686,0.987335325582757,1,0.0419000969774515,1.93503208238702,0.22602407232759,8.5611769687189,590.212840842025,413.460400023233,4,4,2,176,186,237.54472848604,1211.4508751462,86.741279821618,649.167556246712,,29873.6458971936,1413.52187341534,38060.6796383033
ANK3,PTPRT,545.080499647697,128.180573123298,5177.84033811331,8244.97578594822,0.974255595111308,0.718100225174541,0.00113395683661817,3.09426309275884,0.235452355818959,13.1417801363518,590.212840843273,217.078046563751,3,3,3,177,186,189.900159215669,1155.41046828344,32.2565194651866,326.227420350838,,60622.4307822274,1011.16775281481,36709.8118370492
ANK3,RASA1,597.846466860456,300.983912919684,0.001,12408.9392453731,0.967017389946061,0.74833522803213,0.0319276199378641,1.87598655873549,0.198492812218179,9.45115612888518,590.212840842025,494.314011223379,4,3,2,177,186,237.58954553026,1211.73042353657,74.8463068336346,780.576900869091,,27688.3327018461,1862.32869251019,55229.567598456
ANK3,ROBO2,595.16325994648,106.542373832162,0.001,6720.25527146199,0.973528113711547,0.788765073639501,0.0177553253598093,1.90834930806794,0.160066652151243,11.922216666747,590.212840842304,210.046271448211,4,2,2,178,186,236.524931423843,1206.25666373229,17.7150501660661,329.020934612326,,47495.842047999,1009.28320961834,29684.9139420813
ANK3,ROS1,437.19413403782,551.287217263468,16213.1867918264,15394.3060622604,0.859540456927948,0.899248367223918,0.00112520150222518,3.02783773599031,0.224999772529057,13.4570702092567,590.212840840193,713.137975251886,3,3,3,177,186,120.522301410315,1028.5890513008,156.954684320946,1272.9847925663,,92916.3886006331,,88115.5607970111
ANK3,RYR1,580.369466210294,225.74745497258,0.001,3217.16863544922,0.94943553789946,0.58059887056022,0.358606872700926,1.01404202438711,0.207817471582683,4.87948398498176,557.606895339747,278.027544666183,3,4,1,117,125,180.128328897988,1348.90348242531,70.0696381545538,524.623101223123,,11485.869428864,171.915991895704,19499.0429121659
ANK3,SACS,411.859798189113,751.025642361067,4294.56577444531,0.001,0.905159256526172,0.963522162820394,0.257027650786846,1.88884712940567,0.560151911906572,3.37202656860825,590.212840840374,739.177887648227,4,13,2,167,186,127.841444964915,957.074904449204,432.080356680207,1198.12287094615,695.627105039322,14289.0387239627,,13220.3631071246
ANK3,SF3B1,433.459046851201,1773.74152644685,13638.6686183096,42739.1923026801,0.814168621058894,0.875303788924862,0.00160996602910645,3.18098939290817,0.260263766655184,12.2221753484517,590.212840843273,2181.50410596841,3,4,3,176,186,118.571462877479,1024.57372877636,606.325803003666,3787.64980475477,,64851.1638741178,,248536.150563472
ANK3,SMAD4,512.070757720423,2642.5071648695,2414.07955342612,0.001,0.967595578439613,0.992564691637298,0.784984592896443,1.02136548739131,0.511571512678584,1.9965253382532,590.212840836192,2601.01344485952,5,14,1,166,186,183.606224099455,1100.86312725668,1520.3115829425,4215.30280547797,136.132672623495,11126.1831071276,,39835.0909778478
ANK3,SPHKAP,398.426084171549,860.102353305038,14280.4221981075,0.001,0.610354275940287,0.971462373821559,0.0354368424968243,2.25328033257396,0.255007574062897,8.83613100847816,590.212840843343,848.404460448006,4,5,2,175,186,123.680995230183,925.719613578811,369.546200373313,1663.59380038507,2186.01356780558,57597.8967226833,,32864.8250162353
ANK3,SPTA1,399.702906060076,414.747539507655,11619.6651832648,0.001,0.616528410782763,0.964325301477562,0.0501647931154982,2.24037628300087,0.29614306633858,7.56518229752998,590.212840842304,408.80889137395,4,6,2,174,186,124.077597158882,928.708896878512,189.514300726603,772.133903387927,1801.92043514362,44596.1047062855,,13277.1373371859
ANK3,SYNE1,311.774579668943,464.79960000208,8207.47508907447,229.453855043524,0.658692151792364,0.999503814858402,0.0198803593105911,3.32311903311765,0.56169423548871,5.91624201061334,590.212840843273,462.23463172148,3,12,3,168,186,77.5409307661711,808.257293214306,266.525578702424,742.695541487586,1834.26184446149,24024.1001902286,,14989.2557428228
ANK3,SYNE2,491.027456744178,824.14249370679,9498.23625613805,11404.1796501561,0.842478816213501,0.897591801624345,0.177028002837557,1.19755338301171,0.118877848392874,10.0738144170811,557.606895341077,974.626173991706,3,2,1,119,125,127.156625969732,1223.29434597144,147.312174752777,2371.89002694932,,119490.223907273,,104770.992818158
ANK3,TENM1,422.270805749959,300.020419805777,13251.930668021,6191.76611251137,0.817707793963325,0.900345587615276,0.00198425687809204,3.13594408707049,0.274806616668996,11.4114577191848,590.212840843273,361.294397586514,3,4,3,176,186,113.566643452101,1009.55865238545,104.102309963859,635.209635229547,,60568.7236418729,,39956.5479281696
ANK3,TP53,442.158756633515,1359.82094729362,1783.84152790814,0.001,0.855677598127925,0.920104745431573,0.733956907226601,2.10883159895013,1.36600744365062,1.54379217240158,590.212840837624,1339.34191422768,4,38,2,142,186,137.229543461543,1027.72263679183,979.977951344095,1827.66451711946,294.187436464445,5628.28247404109,,9045.98275043817
ANK3,TTN,565.850554400915,446.12264858125,0.001,0.001,0.943902356319362,0.954063729564594,0.900559453491227,1.81957459104951e-07,0.0860659103868657,2.11416411314368e-06,557.606895338327,435.615072819788,4,2,0,119,125,175.63601775981,1314.97713717975,74.1700481582026,1377.82609788764,,25532.3203788382,,20227.71714259
ANK3,XIRP2,598.316962571751,189.378518154601,0.001,16116.911877087,0.981141121504076,0.444828945352288,0.00114005737644127,2.92866022846711,0.209921197083817,13.9512363170155,590.212840842307,375.215368908946,3,3,3,177,186,237.780331352687,1212.63908574216,47.0947849416099,491.109877251914,,36975.2614954344,3530.28155439715,64823.9490173419
ANK3,ZFHX3,568.634065395719,210.054919669041,0.001,6363.16696150497,0.977240284406238,0.556565084620867,0.209184593343912,1.02165552136469,0.12112910789735,8.43443445674908,557.606895335534,310.699805727407,3,2,1,119,125,176.496032519089,1321.46952584536,34.9271937511651,648.7379780437,,34819.2361021284,340.507298848802,38470.8870227612
ANK3,ZNF521,396.993195406611,443.718636732149,19356.4714086225,0.001,0.462069648000839,0.967866118453956,0.0193572153946928,2.45402480821642,0.230815542932389,10.6319738135454,590.21284083959,437.194808267751,4,4,2,176,186,123.237987950473,922.367590812343,176.350361211778,899.22147614308,2999.55362804426,76483.996984109,,18904.9297035548
ANK3,ZNF536,570.37199746511,262.020770517735,0.001,0.001,0.914805300074265,0.902249386959957,0.825417152026892,5.83747286344097e-07,0.196982396998996,2.96344899461789e-06,557.606895336714,256.61855738802,4,5,0,116,125,177.041297000226,1325.45686334431,93.9489157320388,563.28424198762,,13201.6842330797,,5354.05174275354
APC,APOB,1487.61272186685,236.149141334643,0.001,3585.49600885208,0.967744317420324,0.816619948479075,0.136203726862562,2.0012952508897,0.406749645337577,4.9202138805278,1461.22095005501,322.592476498194,8,5,2,171,186,745.29282931061,2609.78338313858,84.6766913605526,507.61921081144,,33703.5802845751,575.253627567938,12327.6087786044
APC,ARID1A,1044.28018690608,667.140062258025,19457.4125005529,0.001,0.731785287428698,0.970499192051016,0.0327331773109952,3.29469252194217,0.624441927352852,5.27621925694372,1461.22095005501,653.660759395471,7,8,3,168,186,448.663800801874,2019.93530635786,346.370986112844,1142.81498911228,4613.1527490799,57141.3637101703,,12445.4306801693
APC,ARID1B,1488.29354263294,574.887571442107,0.001,3915.08799937363,0.971897208010517,0.898825540689624,0.620391054963402,1.00424417414876,0.357780036256624,2.80687593599674,1461.22095004318,670.591842624791,9,5,1,171,186,745.609217447947,2610.91539006091,206.131320972138,1235.75362940108,,28903.2761527232,219.306186614584,18620.4503258807
APC,ARID2,1181.41911591433,848.845298283053,24615.2209266147,0.001,0.901570198832128,0.990469307355091,0.0777386913697007,2.11763656058358,0.340269194220619,6.22341545032893,1461.22095005049,830.373433527241,8,4,2,172,186,539.840034796756,2199.47113326573,337.35819278851,1720.2458423786,3820.20591795697,96965.7394551903,,25316.3366969819
APC,ASTN1,1185.20883776469,292.559513000583,19502.8858412044,0.001,0.693555570696169,0.958911324197758,0.110591426920416,2.27785948486585,0.446951707156951,5.09643312329034,1461.2209500402,284.738088249219,8,5,2,171,186,541.56444849116,2206.54523615042,125.6940774971,565.896485944868,3063.76989579928,72675.6356394579,,5821.95296411646
APC,ATM,1183.92667312531,804.071907916907,20955.5459758726,0.001,0.734960365707659,0.971425823793257,0.0984658447787743,2.27750547055438,0.417162347533377,5.45951830029951,1461.22095005501,784.837961309906,8,5,2,171,186,540.983414406896,2204.14708019158,345.468662132117,1555.24597833122,3297.64673846194,77610.6005234682,,18169.8661446973
APC,BAP1,1468.36730210169,103.958161758982,0.001,3834.42439323866,0.977975422285718,0.73001445898125,0.197649220550856,1.04078372130298,0.116383300319171,8.94272389980974,1461.22095005049,202.577861873769,9,1,1,175,186,735.698831082137,2575.87372528136,5.9315107692775,457.745726490311,,187439.671191594,214.848327431288,18178.3071773642
APC,BRAF,1460.81762901473,0.001,1070.51783845905,12571.3244448532,0.999999645775708,1,0.0511396143990138,1.05840784631834,0.0571554736940818,18.5180487171421,1461.22095005049,317.975022141639,9,0,1,176,186,731.921644787661,2562.50561022479,,638.64750955681,,,704.594958450002,59553.5069917013
APC,BRCA2,1471.66406067827,421.19033206333,0.001,17265.3784926475,0.980229710951303,0.77686969389489,0.0343830070794396,2.06502475421722,0.225801436476863,9.14531274219246,1461.22095005501,823.569755965533,8,2,2,174,186,737.336149387721,2581.62793556661,70.0333920206197,1300.64612952033,,92437.985705476,2771.44777214692,59252.7452736938
APC,CDH8,1460.88381463538,114.922367846415,1350.83540208086,2650.2922543604,1,1,0.0731499243083235,2.07923030921761,0.323837318339129,6.42060130648747,1461.22095005376,181.643079953141,8,3,2,173,186,725.915879875749,2572.000839883,28.5914101258851,297.772254604585,,76478.136932746,334.661384423341,9580.44520447743
APC,CSMD3,1038.68718377052,481.438384199936,25446.9991746353,0.001,0.676679696300615,0.971603916475461,0.0169341867562249,3.28097342057931,0.517291954912026,6.34259510403035,1461.22095004546,471.551127241392,7,6,3,170,186,446.260613266757,2009.06222044627,231.317498552492,868.027271179127,5930.98816997689,78998.5802564683,,10657.0800805889
APC,CTNNA2,1334.49531867105,265.244887441634,9680.05158712886,0.001,0.790604952387378,0.950264538249306,0.567792650298182,1.30492695704781,0.443244327145885,2.94403532573203,1461.22095006518,257.633851874735,9,6,1,170,186,641.171797441685,2406.09279452036,113.959612916612,513.058408429879,537.974459699263,47769.0713847277,,4197.290585421
APC,CUBN,1478.81455586863,184.537428740761,0.001,4627.74530320616,0.966206779779887,0.761074253790226,0.0683798026840364,2.0658860279941,0.312840593627317,6.60363798713143,1461.22095005393,300.001390541902,8,3,2,173,186,740.812304998309,2593.98999429169,45.8873496517359,478.563658670982,,53383.870253798,740.267479654948,16138.7770168913
APC,DMXL1,1177.77279470365,1835.78750319248,33369.98572652,0.001,0.718069995216468,0.980330669219199,0.0463239266887059,2.16255144197596,0.285125471603049,7.58456068417016,1461.22095005501,1792.79182802307,8,3,2,173,186,538.176869393129,2192.65151113446,658.281061274807,3946.01389388995,5069.67593966139,146660.186310047,,58551.1694009914
APC,DMXL2,1030.78663724901,1165.84856789037,46086.6727755617,0.001,0.572410438326981,0.969473555455959,0.00397489780107529,3.27484847344088,0.376129648231595,8.70670123676198,1461.22095007153,1139.83502445997,7,3,3,173,186,442.877688589293,1993.7521522803,463.344991344944,2362.71920441504,10132.635648307,184001.801352859,,35141.9176697097
APC,DNAH5,831.538489711736,332.552942500296,0.001,0.001,0.920070292846024,0.895737090159125,0.824170673359967,4.46895362988045e-07,0.199310278218114,2.24220931797099e-06,814.155275789308,325.220922393112,4,5,0,116,125,258.123009000624,1932.12929734406,119.236441648538,714.935174622557,,20532.4643254332,,6355.43914914051
APC,EPHA2,1478.96014454158,753.276080332235,0.001,0.001,0.888185109684402,0.860676187917896,0.764466838280731,3.06131389379676e-07,0.287984250817227,1.06301434370439e-06,1461.22095005581,730.871375529043,10,5,0,171,186,740.990145104782,2594.43245983724,270.106480674697,1619.20311652751,,25429.1294628417,,9796.18966960567
APC,ERBB2,1477.69033709297,1153.84977483587,0.001,0.001,0.895965471620077,0.855131479771639,0.766193375255434,2.46078533159004e-07,0.300014264251091,8.20222777651178e-07,1461.22095007187,1118.09175224896,10,5,0,171,186,740.355109565404,2592.18901357874,413.739266100833,2480.25165040946,,27487.5926976736,,14412.8244147072
APC,ERBB3,821.793434158048,1241.50569350706,0.001,0.001,0.96375071064914,0.962413045253985,0.927531186585393,7.60078487623342e-08,0.0722564288643454,1.0519181470348e-06,814.155275787534,1217.82820391089,4,2,0,119,125,255.104890946778,1909.38016480735,206.427622281416,3833.97559283679,,52405.6146520656,,67870.8977314412
APC,ERBB4,1176.04312056438,291.941432262797,40472.9202894042,0.001,0.440028678306646,0.958157429074879,0.0319704161307893,2.5214471380808,0.307704826209002,8.19436980935801,1461.22095005422,284.405642527147,8,3,2,173,186,537.389414578973,2189.41477931987,104.68393475431,627.533346126906,6119.79028634475,179325.733203956,,7930.40785478426
APC,FAT2,1485.84263575019,436.108053203164,0.001,10313.5891783737,0.975952035981339,1,0.0222808013514599,2.9233625090541,0.49008155218322,5.96505315499242,1461.22095007153,681.924457879296,7,5,3,171,186,744.407395902086,2606.66082619786,156.372479074331,937.490780881136,,39801.6539195471,2404.3193306773,31908.9185278612
APC,FBN2,1479.42625076313,194.115614801006,0.001,3391.95607873031,0.997902400840308,1,0.120344679750948,1.97671512570361,0.388905288054912,5.08276741514634,1461.22095004751,283.485337804951,8,4,2,172,186,741.144739696542,2595.07244700481,60.2602169658252,451.040330404418,,52386.3336835089,540.264488062069,12029.1421994709
APC,FBXW7,1467.63929928583,270.251880016401,0.001,20729.9740640068,0.978591182901913,0.76902503604392,0.0175234308667957,2.08825215389741,0.188271447627668,11.0917092326565,1461.22095005501,791.304900197047,8,1,2,175,186,735.328861682672,2574.56059276094,15.4201151243216,1190.02095593934,,216566.776143204,3310.08778064768,72393.5123248669
APC,FGFR2,,,,,,,,,,,,,10,0,0,176,186,,,,,,,,
APC,GLI3,1471.39006185983,70.5697211496377,0.001,2624.69804846848,0.998653688170995,0.837961302314391,0.0421593379523603,2.04706745208497,0.251626523972498,8.13534050293007,1461.22095006694,137.75515523896,8,2,2,174,186,737.208338746043,2581.09657132796,11.7338581173209,217.927674976389,,100338.348513376,418.564220634652,9186.58297648155
APC,GNAS,1530.60630369709,1809.01869653979,0.001,6269.0838304885,0.85441379607418,0.774661740250428,0.770621887053752,0.969288562463018,0.608100148997243,1.59396205388434,1461.22095006518,1947.74647116957,9,9,1,167,186,766.707994955266,2685.86770070215,868.994733883921,3262.634643194,,10171.9386697802,350.624102364432,29991.9457008867
APC,HMCN1,1506.04166614263,383.000133061906,0.001,3051.09658317763,0.976620796913676,0.962108567185249,0.335522659121518,1.98789126128611,0.671521011198142,2.96028155208319,1461.22095005393,455.945564713416,8,9,2,167,186,754.482359276871,2642.34378935485,183.997365302215,690.660692838366,,20678.2481312716,487.995269660377,10602.5541980691
APC,HYDIN,845.14634565579,556.756720566753,0.001,0.001,0.862862676519619,0.866886618586428,0.748080927083418,3.97416474647375e-07,0.245249475569474,1.62045799985736e-06,814.15527578878,543.342517182936,4,6,0,115,125,262.327095569279,1964.03656059089,221.219682717132,1128.78845314897,,11476.580719777,,8211.03225296935
APC,IDH2,,,,,,,,,,,,,10,0,0,176,186,,,,,,,,
APC,KMT2C,1183.58773243618,696.88799704373,21394.076849158,0.001,0.696408005497777,0.968166463854789,0.0945413725802903,2.30700350651615,0.414984598267707,5.55925091231433,1461.22095005393,680.321750866833,8,5,2,171,186,540.829309925983,2203.5117486318,299.413449693094,1347.95798412828,3367.67672821743,79139.3529872715,,15448.4390049512
APC,KRAS,1552.92660268438,11769.1585039187,0.001,22594.9287829134,0.942510020488715,0.953817353593015,0.941037616495374,1.06811487396833,1.12666642506282,0.948031156523353,1461.22095004002,12046.859604152,9,20,1,156,186,777.923437140032,2724.84897556441,7332.35184424506,17716.916687666,,8325.32959741283,1267.88305914534,106477.795310933
APC,LAMA1,1186.09908002678,219.327281519601,18564.5871088553,0.001,0.803967940497915,0.970522588947075,0.12286828452272,2.17022869811857,0.439990691471985,4.93244229976342,1461.22095005501,213.698155932924,8,5,2,171,186,541.96830748308,2208.22400271666,94.2304831815409,424.242062771057,2905.07002516968,70004.7088149848,,4623.37841554816
APC,LAMA2,1480.4747486967,256.065062147846,0.001,6256.68607137371,0.956590052286058,0.689730347105763,0.0710862243872987,2.0250452783559,0.312980010099357,6.47020644453631,1461.2209500402,416.001609884452,8,3,2,173,186,741.721448228896,2597.23432992577,63.6761484614942,664.101845206536,,46874.0480895967,999.476579887822,21826.436631701
APC,LRP1B,1519.08239148639,232.200680092351,0.001,3620.10542892863,0.971815915398317,0.759236777432269,0.0198997388962723,4.11543816787548,0.950635244855344,4.32914536900187,1461.2209500593,304.030486266511,6,12,4,164,186,761.050652365256,2665.24735923521,124.312357073124,389.53658152111,,18301.0804521486,1035.16778542429,10390.7787917905
APC,LRP2,1485.81412649016,285.214183101838,0.001,4297.93780580251,0.978124981804039,0.919733927843544,0.140374767990095,2.06380548438985,0.431030036242526,4.78807811720252,1461.2209500402,389.503246901075,8,5,2,171,186,744.395964512518,2606.60709649028,102.26883027074,613.103669644917,,37049.0021264462,687.344599309067,14938.2246688912
APC,LRRIQ1,1171.54543348649,509.017882563475,92679.5780242073,0.001,0.523446078362871,0.981332001977423,0.00945938130767736,2.16691359398342,0.185897904075589,11.656471355924,1461.22095006169,496.300481104107,8,1,2,175,186,535.33745693266,2181.02263559607,126.582064657928,1320.03720681947,12002.0264924886,1372215.4395488,,24874.718602732
APC,MACF1,830.422382090122,558.450991864187,0.001,0.000999999999997669,0.924686008710633,0.956627813580146,0.884597656324005,1.2652741143487e-07,0.0799784077429767,1.58201963511809e-06,814.155275791509,546.029779636635,4,2,0,119,125,257.769544754912,1929.71292496803,92.8494224651759,1724.85176045211,,24513.8136946121,,26519.6340747041
APC,MED12,1486.30169068834,632.1080593863,0.001,9410.9676625808,0.977267166490057,0.911641640307539,0.142931874773226,2.02623167974485,0.428155106382516,4.73247112913002,1461.22095005393,862.991427748218,8,5,2,171,186,744.638850063354,2607.46576904495,226.65126160676,1358.80839587514,,36270.3537122488,1505.80655760333,32654.1575974868
APC,NF1,1497.55034895146,864.060893921623,0.001,11621.6407914497,0.939134549107667,0.564235295588473,0.15349231062995,2.19185690367701,0.489691273121028,4.47599747838531,1461.22095006093,1126.30141113684,8,6,2,170,186,750.252998050503,2627.27203691339,343.394458083197,1751.24716225878,,22704.0933874265,1860.12113742225,40204.1792017129
APC,NRAS,1470.14237219259,2975.03240130995,0.001,0.001,0.941762563340824,0.947457966341492,0.892285233525867,5.63082832075699e-08,0.105861118729989,5.31907124004524e-07,1461.22095007535,2895.62915652456,10,2,0,174,186,736.57860101341,2578.9291376537,494.674570876277,9186.92032799496,,57960.1499172717,,107861.540020778
APC,PBRM1,1175.73496710424,702.195066356735,41829.4921477049,0.001,0.804177390463587,0.981573742525062,0.0342668537870609,2.0669950425193,0.249595721385568,8.28137209662448,1461.22095005501,684.572099408389,8,2,2,174,186,537.247880544332,2188.86345506509,217.980127738188,1631.39794943935,6021.52444969531,251496.769310879,,26171.7997697672
APC,PEG3,1174.83892402357,192.330734191961,47241.4189229562,0.001,0.628494804203716,0.975667336733974,0.0265234520175056,2.21606771351216,0.25296628923987,8.7603281851157,1461.22095005501,187.428292991541,8,2,2,174,186,536.839717475017,2187.17620026119,59.7058159513196,446.845100771079,6869.86185500952,273657.164575848,,6974.53726387345
APC,PIK3CA,1188.60199752523,1262.97238181963,16383.471997216,0.001,0.877399871918927,0.980758052671837,0.149426404825005,2.17142967818696,0.476822671606643,4.55395644437455,1461.22095004751,1233.51236682595,8,6,2,170,186,543.113275220843,2212.89371369258,577.094977324057,2351.35719768817,2598.71907398503,58759.8778820464,,26254.4489596116
APC,PLEC,1472.36238950948,54.9837005461537,0.001,1866.31130848605,0.95430109272826,0.579976683289368,0.208350335510645,1.0120773304054,0.122899848310551,8.23497623730198,1461.22095005049,106.895190297333,9,1,1,175,186,737.667961559018,2582.95300424685,3.13724175577829,242.115907915891,,118577.681377951,104.439680890203,8903.70743811796
APC,POLE,1471.308454165,134.515143129109,0.001,10885.8712721479,0.955007183211558,0.470389093840675,0.015314629877115,2.09498581639637,0.174921356809231,11.9767297407895,1461.22095005393,394.372924241964,8,1,2,175,186,737.15500237392,2581.11156020727,7.6748116928496,592.2807651172,,133764.882662153,1744.67916614522,37558.0820941999
APC,PREX2,1479.6112104617,282.64673480268,0.001,5250.24926761849,0.991007269735769,1,0.106493591658889,2.01433468442237,0.363606690878936,5.5398724362117,1461.22095005501,413.46040002315,8,4,2,172,186,741.313223424168,2595.6384975508,87.7425433862376,656.691608715397,,48820.8534806029,840.205020362974,18203.4670732389
APC,PTPRT,1484.11446808157,148.420708144441,0.001,2749.67794006375,0.961750993573012,0.770669697898652,0.104210265669984,2.02123863103794,0.367858528525009,5.49460859081463,1461.22095005393,217.07804656349,8,4,2,172,186,743.540743711837,2603.64421355258,46.0735987462115,344.844055021343,,39201.7090167429,439.197381084272,9596.39911115398
APC,RASA1,1479.01494382187,304.118154671379,0.001,7584.23360998511,0.96335783625818,0.725060055949289,0.0693229731656289,2.08076000153598,0.319840681907045,6.50561394857427,1461.22095005422,494.314011222007,8,3,2,173,186,740.997026895019,2594.61022961693,75.6239017771528,788.702462904658,,48846.2034614602,1209.26317012875,26617.7726209716
APC,ROBO2,1475.46160948186,107.736949061187,0.001,3958.42218698779,0.958487052350971,0.660219582679823,0.0417497109326822,2.03677360459016,0.254073809947963,8.01646421174742,1461.22095005393,210.046271448717,8,2,2,174,186,739.213427503061,2588.38822604325,17.9134670021125,332.714373592539,,71197.7727700132,631.11319964928,13894.488574473
APC,ROS1,1482.7079073318,487.295063053719,0.001,9212.01607815516,0.970491300300165,0.825630321442692,0.100755914538802,2.00383685535764,0.353286031413348,5.67199571220276,1461.22095007104,713.137975258282,8,4,2,172,186,742.842441158058,2601.15192995616,151.270327811865,1132.16807354556,,43142.9378946861,1476.90593489389,31748.8006643984
APC,RYR1,847.166000199788,284.479621207603,0.001,0.001,0.854535807566742,0.89431052810222,0.764289189178516,5.00432122598621e-07,0.196651633258878,2.54476463940596e-06,814.155275785444,278.027544666296,4,5,0,116,125,262.947103430643,1968.82834238357,101.984892594128,611.745774162689,,10823.3380080223,,5329.23219219997
APC,SACS,1511.72492631138,551.932070666782,0.001,9389.33955892877,0.990143412216322,0.888259919231872,0.0160712725775434,4.12681783905191,0.914060802186409,4.51481764580722,1461.22095006411,739.177887651735,6,11,4,165,186,757.35859822094,2652.16197501709,286.546796100307,945.509890013354,,21202.440050822,2676.02082413162,27125.1035019173
APC,SF3B1,1485.10691049523,1596.32666115303,0.001,24719.0641938657,0.978840669266466,0.917538257169357,0.134353682534668,2.07784420324326,0.423017841392344,4.9119540594414,1461.22095005393,2181.50410592332,8,5,2,171,186,744.044871957008,2605.36712235912,572.387809551944,3431.39313902198,,38252.3188067864,3951.22450587371,86053.1364112847
APC,SMAD4,1521.95787558537,2491.99742329994,0.001,6583.31265178358,0.993512283918527,0.988940737606942,0.9654037273429,1.06379133517361,0.851524161574807,1.24927909644541,1461.22095006868,2601.01344485266,9,14,1,162,186,762.473737415172,2670.17475900242,1403.59429468057,4035.79910266811,,12542.1055957646,369.218799743179,31097.4841923545
APC,SPHKAP,1185.2925264798,870.653784264996,19373.6236099576,0.001,0.754954421676754,0.967050186376019,0.115620739898217,2.13403353112558,0.411937351721014,5.18048077507393,1461.22095005393,848.404460451047,8,5,2,171,186,541.600816215246,2206.73394190566,374.069879025573,1684.07343811292,3006.25414618301,74906.2024755169,,17989.7020011401
APC,SPTA1,1188.4165908278,419.025685977423,16535.0236109019,0.000999999999976353,0.804597761784008,0.971259748543146,0.147412053973153,2.19193698983632,0.479099496073145,4.57511854594327,1461.22095006169,408.80889137426,8,6,2,170,186,543.02471645241,2212.55566649752,191.468334158412,780.129931063488,2606.73792619178,60460.5688330891,,8098.45077870077
APC,SYNE1,1212.25198145025,474.455606241619,7932.39919695286,0.000999999999976353,0.793749657483663,0.93917943802158,0.419432389999673,2.24558629776846,0.890830328205283,2.52077890330984,1461.22095006123,462.23463172149,8,13,2,163,186,553.880980403423,2257.16193546896,272.961148628343,756.917298683158,1282.67475192172,26525.6831238802,,4626.44049425714
APC,SYNE2,827.796438953092,994.881109856008,0.000999999999976353,0.001,0.880146179937851,0.940762125919268,0.881026116282967,1.31542019207731e-07,0.112990322164698,1.16418837195625e-06,814.155275782672,974.626174001204,4,3,0,118,125,256.958339338761,1923.47301321158,247.394137142517,2580.29776085545,,28784.7841769885,,34147.3751160402
APC,TENM1,1480.84655859018,211.095951290582,0.001,6434.1439010865,0.975096235969615,0.991795770578011,0.0130002907667123,3.0206594948636,0.43774356375252,6.90052292024411,1461.22095005501,361.294397588276,7,4,3,172,186,741.918377178994,2597.86238423709,65.5294947804742,490.466035037698,,49694.8562710879,1500.03212328017,19894.9915033672
APC,TP53,809.999750832309,1362.58542055274,7160.21382658748,0.001,0.746107924052812,0.959757893801778,0.101642458802095,5.32524548503905,2.24525914267764,2.37177321041361,1461.22095005174,1339.34191421647,5,35,5,141,186,290.399466500076,1741.63858942334,981.9919068682,1831.32913804458,2527.62505616113,15858.354770866,,9603.01506739316
APC,TTN,825.449821770779,446.221786933509,0.001,0.001,0.947055171740038,0.953597321179349,0.903122656103701,1.47413595761301e-07,0.0811471436790454,1.81662088248422e-06,814.155275793287,435.615072819865,4,2,0,119,125,256.232193959203,1918.03165105922,74.1868948508563,1378.12480242565,,38840.3787834573,,19812.1642225942
APC,XIRP2,1490.42642233654,256.172879545331,0.001,5016.18027410084,0.91939448090595,0.485329779126677,0.089551609645421,2.02685976241133,0.340272969045747,5.9565700093528,1461.22095007104,375.215368909135,8,4,2,172,186,746.675219751598,2614.86509717411,79.5238538890414,595.180430270845,,28027.5440138977,805.184479601582,17217.6301635821
APC,ZFHX3,834.584750978138,317.655349917322,0.001,0.001,0.906696779331155,0.936710608137534,0.849339364802345,2.6871408649945e-07,0.116379532422109,2.30894626320394e-06,814.155275779687,310.699805727728,4,3,0,118,125,259.052578080535,1939.44259947747,78.9876334630644,823.923249452011,,18653.5348835964,,10229.4269402878
APC,ZNF521,1180.24397010686,448.792885811787,26989.5239053453,0.001,0.58689529030629,0.959852980057155,0.0637981834029474,2.3808341986991,0.370720821312259,6.42217556130662,1461.22095005501,437.194808267751,8,4,2,172,186,539.305531470328,2197.26848083028,178.362564095772,909.533697749423,4189.86382763792,106064.340474569,,10583.2041265409
APC,ZNF536,620.172152023873,260.554795847506,11730.9817964572,0.001,0.819533714739992,0.995598205415757,0.301675280032478,1.13803949842676,0.18914095805185,6.01688555534748,814.155275785728,256.618557387924,3,4,1,117,125,154.219707687226,1608.38667690976,93.4262417329662,560.099595650928,640.934083284733,63047.0969952049,,12939.8342833782
APOB,ARID1A,331.384399821164,542.256526488976,0.001,7858.56186603119,0.979678270291705,0.838659215416759,0.136581922000551,2.10638247820681,0.432551982895822,4.86966321158705,322.592476497307,653.660759395038,5,9,2,170,186,142.376411382023,640.985834358775,260.53448499177,977.679478835002,,6764.72086069578,1236.18822110255,29150.3587405695
APOB,ARID1B,308.111213631405,498.555300448424,1486.50694530874,11343.089687901,0.99335285884068,0.869604281782967,0.0464307789040539,2.00462476587561,0.241129580646713,8.31347510537355,322.592476496745,670.591842627092,5,4,2,175,186,123.581379572896,612.516856300119,155.938867565502,1145.88904122904,,17724.190216958,2.41810907740111,47567.9430761713
APOB,ARID2,280.272015174836,844.233141344214,3252.19045237453,0.001,0.980863537121183,0.997353395836119,0.427500248053284,1.06283873672542,0.235197862409275,4.51891324962784,322.592476498006,830.37343353141,6,5,1,174,186,111.389588092142,567.990646696532,335.527391717726,1710.87056905054,179.944035359416,16430.2743367529,,29500.7900395012
APOB,ASTN1,233.620268041993,290.053091161488,6090.86399652257,0.001,0.644705395365001,0.965928057346675,0.0552026735398326,2.17082645793596,0.289865589670233,7.48907954340359,322.592476497307,284.738088249419,5,5,2,174,186,83.77178670916,502.161931113679,124.619403694374,561.033703816083,958.906098226232,22524.9999765112,,8770.2795714065
APOB,ATM,233.636564389933,797.268349566643,6049.78889160164,0.001,0.845849267840794,0.986228510438802,0.0570870119792805,2.10068630785973,0.280599381036955,7.48642530891066,322.592476497307,784.837961308142,5,5,2,174,186,83.7777516385739,502.198223336389,342.552308174822,1542.0466493879,952.337621988421,22382.3376640134,,29487.5703151173
APOB,BAP1,323.759144189907,103.094841015044,0.001,5536.78136814599,0.993965219921457,0.889002481438229,0.143124104012656,0.9843833719372,0.0789696252804765,12.4653418126395,322.592476498412,202.577861873574,6,1,1,178,186,139.106574546947,626.19002534661,5.88236368674,453.944944156679,,81118.5795631414,307.408112476853,27452.9118835342
APOB,BRAF,322.538736859266,0.001,2138.83316196698,18873.2080488788,0.999999604287012,1,0.0344370364717207,1.04965402106382,0.0393191754185492,26.6957282265038,322.592476498006,317.975022141713,6,0,1,179,186,138.583775623185,623.820773351248,,692.125423462364,,,1048.88432365699,93137.8766310355
APOB,BRCA2,247.401179265522,765.169552168227,10533.5881363016,4751.47417375973,1,1,0.0182120310131121,1.93992741823098,0.157432320060394,12.3222945421041,322.592476497824,823.569755979859,5,2,2,177,186,89.0572512652033,528.795107366028,196.647595825051,1868.42821895944,333.299860864954,67796.4887066526,,67652.2054425858
APOB,CDH8,232.397614978367,185.024592317044,9313.94744168503,0.001,0.669588955902176,0.975112803531368,0.0274300916347589,2.09971572332496,0.2087191951154,10.0600029727215,322.592476496718,181.643079952491,5,3,2,176,186,83.3341733741372,499.528318625431,66.3452812880794,397.719802939331,1413.50979053317,41174.0287900631,,7882.64353918021
APOB,CSMD3,235.050880407179,478.909104751736,4350.13132934125,0.001,0.891671135845314,0.987053014118483,0.100085700710025,2.04817586286906,0.35328567707714,5.79750608576708,322.592476498445,471.551127239636,5,7,2,172,186,84.2838911739818,505.247935821353,230.102121003793,863.446875223246,694.857704940764,15191.5285976396,,13887.3607473817
APOB,CTNNA2,233.591681808734,262.397512949844,6138.61908518288,0.001,0.661892832422294,0.968202001247585,0.0546303096755696,2.16916941090315,0.287734501281589,7.53878801896027,322.592476496654,257.633851874295,5,5,2,174,186,83.7614243454774,502.099618634078,112.739207138134,507.532800637907,965.853605082896,22747.4226280417,,8119.55394221821
APOB,CUBN,247.109434603057,222.831870556555,10849.7422640986,6324.70266161882,0.859806690106075,0.908846745962567,0.000820759960382968,3.02532052327618,0.20635669006817,14.6606369886858,322.59247649732,300.001390539822,4,2,3,177,186,81.5368273996964,539.814145054148,47.8120637299843,564.924067299775,,70539.1150357704,,33461.9187486277
APOB,DMXL1,232.287506580132,1820.37342571643,9762.38177898934,0.001,0.815194959054984,0.990503388910131,0.0254368301382228,2.08876864471581,0.197535674730606,10.5741337485718,322.592476496834,1792.791828078,5,3,2,176,186,83.2948402928679,499.290332766392,652.758994133078,3912.78009697983,1482.57909667283,42969.8758095913,,95289.0338471565
APOB,DMXL2,233.08323775401,1160.21990803507,7167.3078685024,0.001,0.746852133240556,0.977381448626837,0.0427879344390696,2.08059202780034,0.246488465845374,8.4409305752486,322.59247649809,1139.83502445606,5,4,2,175,186,83.5795774289373,501.006551770705,461.112738477645,2351.32522828298,1111.63822375016,28296.4083148317,,44115.8753119244
APOB,DNAH5,136.304876875575,330.814908571882,0.001,0.001,0.954247651834145,0.919216415659913,0.877172524303765,5.00700311354546e-07,0.0915414857499374,5.46965462983966e-06,133.122147326136,325.220922393491,2,5,0,118,125,22.6635663565753,420.939825255542,118.612320884647,711.209547361232,,5915.47503933748,,9410.22433933179
APOB,EPHA2,327.089461063002,746.804969592997,0.001,0.001,0.908663613010114,0.898442407670828,0.816398739439552,4.58393911096505e-07,0.198851316243735,2.3052093380898e-06,322.592476497295,730.871375540681,7,5,0,174,186,140.534913149117,632.65154673743,267.789557230828,1605.25744037402,,6978.89475092936,,13905.9931897202
APOB,ERBB2,326.54739805008,1142.16219264815,0.001,0.001,0.919201664959718,0.899523764549145,0.826857288836899,4.15459248948036e-07,0.20146672945673,2.06217299535439e-06,322.592476499455,1118.0917522479,7,5,0,174,186,140.302876760128,631.596551644714,409.559600155313,2455.04724301639,,7924.33004143434,,21529.5125995422
APOB,ERBB3,134.371549005455,1230.77383891837,0.001,0.001,0.981606470218328,0.979199655595166,0.961190107244647,1.45654538864955e-07,0.034377661950368,4.23689484977892e-06,133.122147325878,1217.82820391089,2,2,0,121,125,22.3424720817343,414.947848739574,204.643437744092,3800.67674129438,,17014.3158318119,,138640.920161582
APOB,ERBB4,232.133292200379,289.298790026424,10535.7292449258,0.001,0.622794136513035,0.979772969943079,0.0217992969935529,2.24298699922604,0.205131851557843,10.9343672481481,322.592476497322,284.405642526924,5,3,2,176,186,83.2396196194594,498.956461378445,103.737961880555,621.83341159692,1599.4311835433,46276.5145646423,,13379.9473898384
APOB,FAT2,234.813973526847,693.611903174456,4566.42092094697,0.001,0.879454760497672,0.979941316112261,0.0931095054172195,1.95042806231197,0.324970249378593,6.00186652791007,322.592476497373,681.924457876065,5,6,2,173,186,84.1986552797596,504.742281721695,316.929979672705,1291.37668858104,722.70410300489,16496.2009283181,,20234.4683244172
APOB,FBN2,233.199002811871,288.589959955489,6903.46404981407,0.000999999999976353,0.747933176435716,0.974706312436883,0.0461105887043686,2.05148506397334,0.250600339864378,8.18628205007057,322.592476496797,283.485337804801,5,4,2,175,186,83.6208254999809,501.257832652311,114.691582381614,584.883129517843,1066.75130567432,27609.7470213845,,10469.9172320787
APOB,FBXW7,231.142082592126,804.454646736737,21662.8665236038,0.001,0.868801616444756,0.988124419094258,0.0084580737565882,1.9632444786858,0.123104922490197,15.9477333560089,322.59247649809,791.304900177956,5,1,2,178,186,82.8845960654399,496.822676960445,200.049895755189,2086.20153758206,2699.29825513388,356785.833318754,,60682.0927302623
APOB,FGFR2,,,,,,,,,,,,,7,0,0,179,186,,,,,,,,
APOB,GLI3,326.033229377182,105.313028379796,0.001,1746.59837074948,0.989804185860616,0.926886938195622,0.334682651050913,0.947555544211222,0.164171272775025,5.77175000348398,322.592476497041,137.755155239051,6,3,1,176,186,140.087078224258,630.633146895309,26.1900359589979,273.127725652679,,15934.1544470124,96.7089514452729,8768.3729506183
APOB,GNAS,332.909589489801,1582.61100680526,0.001,21972.0562655937,0.98002674496607,0.726094481026101,0.149327632995205,1.90044729270722,0.413112280663887,4.60031662494548,322.592476496734,1947.74647107795,5,8,2,171,186,143.028328068996,643.962854955418,723.080004257905,2946.88804428662,,5998.13819689639,3439.11694578539,82107.9857387416
APOB,HMCN1,229.419138871349,425.3579337641,3847.18791516918,2873.00820335865,0.843806235078465,0.969588585272355,0.0157051669811702,3.04831123513323,0.451491559305978,6.75164612117892,322.592476498677,455.945564715572,4,8,3,171,186,72.9549751954805,517.016951453586,207.11925297695,752.458633138538,,13729.0736282826,,19998.0948975628
APOB,HYDIN,137.585930468446,552.792740193735,0.001,0.001,0.936676624861297,0.90352399278076,0.846335549337989,5.37635240304042e-07,0.110820472962956,4.85140719877416e-06,133.122147326068,543.34251718134,2,6,0,117,125,22.876066743991,424.91903465566,219.646819758981,1120.73290964818,,4207.94546050707,,13044.1246965871
APOB,IDH2,,,,,,,,,,,,,7,0,0,179,186,,,,,,,,
APOB,KMT2C,233.813339992853,690.62795051545,5763.50367035762,0.001,0.954074875843905,0.992292817257419,0.062839581294182,2.02850611513064,0.281283712356844,7.21160176013754,322.59247649809,680.321750869547,5,5,2,174,186,83.8408333265846,502.580354802303,296.729677836964,1335.80693458347,906.712254199314,21379.7881371235,,26641.1096274219
APOB,KRAS,194.442731638628,12185.9248565336,2697.17296729356,824.189106297022,0.71576135658599,0.998123774513784,0.0811776453549203,3.05093987437855,0.774829060998318,3.93756510687351,322.592476498384,12046.8596028629,4,18,3,161,186,60.3598427521842,451.775987236815,7682.64989965586,18179.7506947792,646.798045192809,7369.14743875124,,205956.379280607
APOB,LAMA1,186.499483370935,216.902452160111,10103.1092134798,0.001,0.630461799851424,0.970431710000485,0.00294245449224493,3.07113577227312,0.28765020639452,10.676633299755,322.592476498438,213.698155933001,4,4,3,175,186,57.8964870748122,433.290152819415,93.1911468365243,419.538741594955,2282.19757705306,35398.8914915898,,8697.73329989821
APOB,LAMA2,185.496320446275,421.065958293701,16813.3034637353,0.001,0.895511956712588,0.983925733458285,0.00106820711089827,2.92439300945148,0.205933010028211,14.2007005533055,322.592476498338,416.001609886081,4,2,3,177,186,57.591349570052,430.999495512388,150.982198612839,905.084680025661,3351.4751986062,98870.0449640247,,25520.9895160513
APOB,LRP1B,240.562083066198,309.43819249097,2117.18432068889,0.001,0.853519786291427,0.961920088972082,0.307107723700947,1.99580093329993,0.639512703487171,3.12081514943662,322.592476497682,304.030486266885,5,14,2,165,186,86.2563235367555,517.136393330539,181.454094475041,486.949222495912,345.059785560919,6912.44993475377,,4434.30746658419
APOB,LRP2,286.743398708729,273.443885377494,3007.55024085915,8960.11071397812,0.975495473659249,0.848769997183699,0.00336440698032096,2.99469540695082,0.288877183090461,10.3666733900996,322.592476498373,389.503246901878,4,4,3,175,186,105.457259464974,589.821953342398,86.9511718675881,616.320355728671,,21491.8953793181,283.327412504849,36444.8787499742
APOB,LRRIQ1,231.064330350328,505.77023792213,23898.588783912,0.001,0.63112098813602,0.984149942092965,0.0065637867409211,2.0303819716747,0.121275124400049,16.7419491979007,322.592476496797,496.300481104107,5,1,2,178,186,82.8557938137035,496.647842990383,125.772722029082,1311.59983574832,3059.57672029677,373606.285354461,,35297.4699533621
APOB,MACF1,92.1283899366022,446.557865770551,5061.84628425082,15104.9533381888,0.922069769064889,0.949095077520526,0.0763015813459382,0.7405713139741,0.0367169001389733,20.1697668150372,133.122147325873,546.029779636635,1,1,1,122,125,5.73052694224807,362.444169001902,34.5469742339461,1583.63899125461,,98895.4159643037,,357951.126617601
APOB,MED12,215.010242462256,797.407990586599,8229.85443444733,6201.25445681858,0.749454907733465,0.978447206220684,0.00309172937154817,3.07673441288871,0.288820342471666,10.6527621515806,322.59247649732,862.99142775905,4,4,3,175,186,67.5356811955222,491.203160607026,305.722539584759,1611.04902886752,809.958446223679,31480.5714773349,,55357.0904186991
APOB,NF1,331.283252241742,1005.52658211315,0.001,6871.63274225827,0.971532979896801,0.896293587149031,0.613920365321191,0.919549644669557,0.321520198872682,2.8600058344505,322.592476497399,1126.30141113701,6,7,1,172,186,142.329614631832,640.804151639516,432.005680245578,1945.11473394051,,5923.51970178446,380.091648075763,34684.9619379372
APOB,NRAS,324.927558281849,2951.46547603254,0.001,0.001,0.951218434523981,0.962611670190969,0.915656823581499,1.28187529837643e-07,0.0724792100293103,1.76861102357219e-06,322.592476497221,2895.62915650264,7,2,0,177,186,139.607285212518,628.460211490913,490.761969916785,9114.07956480944,,15251.8782874905,,154772.228929908
APOB,PBRM1,231.732094133617,696.340168786645,13214.2542852619,0.001,0.737265536042217,0.985171907470528,0.0157242602016906,2.05334337675424,0.164032179020627,12.5179302562092,322.592476496834,684.572099396016,5,2,2,177,186,83.0958146160611,498.093196906149,216.170059457933,1617.80043995355,1917.33455558057,77494.8702485099,,39955.3579831356
APOB,PEG3,231.665597470354,190.840292985318,13822.6597097415,0.001,0.64168233203142,0.981246657035087,0.0143125229898467,2.11511867390817,0.165241591266875,12.8001591953453,322.592476497951,187.428292991205,5,2,2,177,186,83.0719700436707,497.948745874299,59.2441397965708,443.379330924894,2009.04320094477,80256.5081180734,,10420.958315824
APOB,PIK3CA,234.319526864115,1251.85482708446,5082.99509185681,0.001,0.916385009767504,0.989856172809634,0.0770176984316237,2.10459271517879,0.321810996669436,6.53984089095819,322.592476497322,1233.51236681546,5,6,2,173,186,84.0228177100702,503.673969157188,572.066141116483,2330.7338871757,807.549301803313,18124.540552354,,42695.6037493074
APOB,PLEC,324.30486908139,54.5090670039393,0.001,2640.36901933747,0.984217099023779,0.763545675976799,0.156505572697877,0.923913085806123,0.0821280900553797,11.2496599541414,322.592476498006,106.895190297282,6,1,1,178,186,139.339707916707,627.256719801179,3.11015897201235,240.020896013155,,56515.5246755316,146.277478502601,13222.6809052396
APOB,POLE,322.781452317634,0.001,15095.091351358,29196.2346676006,0.999994869829664,0.592854037713799,2.79708415046815e-05,3.00196055189046,0.119087790050128,25.207962551214,322.59247649732,394.372924242776,4,0,3,179,186,138.693450243412,624.304299849903,,436.734048202918,,,6592.23026787823,101647.665298079
APOB,PREX2,233.077679521152,420.199211777706,7172.10357695823,0.001,0.825589270873149,0.985171433635798,0.0431707122285956,2.04558599944057,0.240798658626867,8.49500579075209,322.592476498074,413.460400023233,5,4,2,175,186,83.5775608955624,500.994898875557,167.001631032895,851.569196658957,1111.07847620238,28424.6232790849,,17133.8159034386
APOB,PTPRT,236.141968197517,142.579607210176,12104.597224263,7445.2434167241,0.912080926031585,0.893817243382099,2.62493809820123e-05,4.00862132183021,0.247589641568121,16.1905857468084,322.592476498125,217.078046562572,3,2,4,177,186,69.4384580237103,531.388944582829,30.0204387671639,360.075093352553,,79278.9876840273,,35724.4137940948
APOB,RASA1,232.734629611686,502.933208807933,8107.43922912377,0.001,0.89268402590287,0.982873761869024,0.0365645206057227,1.89596622385095,0.206109730380955,9.19881958191206,322.592476498206,494.3140112243,5,3,2,176,186,83.4544344471851,500.259156326558,180.336585207893,1081.1126848315,1219.88559081371,36974.8506504307,,22521.1838173543
APOB,ROBO2,324.911112271103,106.820069059915,0.001,5756.88044097033,0.989255499775458,0.99972666517118,0.0228442239228576,1.80594367051389,0.165658053529956,10.9016352180386,322.592476497322,210.046271448547,5,2,2,177,186,139.60156275459,628.434454120739,17.7611749310435,329.878581286467,,28981.2992393528,887.950930218126,22631.9313621036
APOB,ROS1,298.538811698768,431.113004170625,2753.43776634583,20895.4882341336,0.988745389163322,0.839843623651081,0.00189372069210572,2.93795726333809,0.241492123050508,12.1658513173269,322.592476498423,713.137975251342,4,3,3,176,186,115.030680625147,601.924753244624,108.906449927613,1091.65182492573,,27423.7427655005,2200.37053365369,79885.4798240661
APOB,RYR1,85.6198075154686,265.288156815381,1982.46484955866,2450.81791288038,0.870792068922085,0.972810266847676,0.193146086260982,0.832166380089973,0.0926602951182189,8.98083023616824,133.122147325873,278.027544666183,1,4,1,119,125,5.06849528408396,353.270787845623,88.2917267224792,585.932439303487,,12793.5586782703,,72003.902546023
APOB,SACS,239.83699784566,752.427657928175,2267.37717315255,0.001,0.852398319499827,0.962086091994141,0.277728594819574,2.00240958279705,0.603967917470253,3.31542375824238,322.592476498064,739.177887650053,5,13,2,166,186,85.9969894215087,515.573256464198,432.886819356909,1200.3609482553,368.996351657669,7435.91542775227,,11546.0007479243
APOB,SF3B1,253.590639166751,1751.50052393194,5910.34915229609,37644.0138381096,0.884690225292227,0.898240974083944,0.00263458296522006,3.19566114112061,0.286584340743468,11.1508574852007,322.59247649732,2181.5041059344,4,4,3,175,186,84.6655037296412,549.49008508988,592.491173733497,3763.33963031994,,28096.0842540972,,187725.40438626
APOB,SMAD4,335.570056560597,2288.16327269291,0.001,21384.3458444508,0.981347117849282,0.923042409627209,0.263320977320269,2.02885723854412,0.5931019622816,3.42075624019068,322.5924764975,2601.01344483749,5,13,2,166,186,144.170623961224,649.111939926643,1258.51646323695,3767.81628741144,,4743.42947876631,3351.11891022831,80322.8550679295
APOB,SPHKAP,233.885905313281,862.445095942397,5650.09275252651,0.001,0.86714264560686,0.985537696497728,0.0649876885535642,2.00435855675895,0.282149564364306,7.10388676755481,322.592476498074,848.404460449447,5,5,2,174,186,83.8685336083965,502.749518929684,370.563046702611,1668.19222549096,886.882049350117,21121.6959397338,,30045.9408096836
APOB,SPTA1,234.672306430307,415.60093065957,4702.85059760579,0.001,0.903087777886828,0.984982502953216,0.0883200417065684,1.99111403683524,0.324135390527274,6.1428467702841,322.592476496965,408.808891374702,5,6,2,173,186,84.1482899444733,504.43458441591,189.905620401857,773.732767826626,746.160687724576,16852.6163876275,,12868.1793426109
APOB,SYNE1,158.336325423238,456.216702479682,5112.49135071998,1169.6303155335,0.702883225852232,0.997572887217716,0.00224149488250672,4.26171761312301,0.605696151523753,7.03606519936074,322.592476498423,462.234631724076,3,11,4,168,186,39.5289101363929,408.019048285971,258.340848757617,733.827186668352,1262.77360829424,13667.2746302515,,18655.1666990786
APOB,SYNE2,79.5953721412964,919.336043953776,5515.43675508737,12601.3531711786,0.764884674143265,0.981222631942497,0.0854935034027155,1.00696143953896,0.0538095168242373,18.7134451109844,133.122147326136,974.626174003362,1,2,1,121,125,4.6275558156669,337.071571133797,193.826769447617,2477.93029538725,,43469.1688767111,,461823.446767891
APOB,TENM1,213.391966190626,335.44429083057,8690.94397297684,2533.71736280123,0.719583634160598,0.979334164689434,0.00277064677657077,3.16012590651931,0.288728425122577,10.944976772473,322.592476497051,361.294397585865,4,4,3,175,186,66.9431066728927,488.262291327588,129.349101285693,676.114434884806,940.109659742479,33106.3328542628,,23593.3332552068
APOB,TP53,260.309943519712,1363.90526427718,796.047564409004,0.001,0.965624218854881,0.974724118884587,0.905424606258972,1.97179107906522,1.54581248247369,1.27556938595156,322.592476497271,1339.34191420813,5,38,2,141,186,93.3231747295446,559.740522469633,982.90810877688,1833.18623211786,131.461723184936,2502.29608167897,,7872.28409843007
APOB,TTN,134.682807233671,442.429629620349,0.001,0.001,0.977123210281841,0.969630211678275,0.94745164596148,1.89737798144974e-07,0.0378292112145543,5.01564246393737e-06,133.122147326068,435.615072819865,2,2,0,121,125,22.3942008663755,415.920344250035,73.5617301300967,1366.46293757997,,13890.1402523333,,34605.7719465532
APOB,XIRP2,326.267094645421,189.751246896397,0.001,13682.7579105144,0.988017756109535,0.577013671009537,0.00165143979630856,3.00667290368496,0.235925982194389,12.744136426685,322.592476497329,375.215368909182,4,3,3,176,186,140.182593721072,631.053439244405,47.1874059120651,492.076971543723,,18834.4860930832,3096.29084571008,47426.3466080402
APOB,ZFHX3,115.199193744165,239.018042196205,1349.22719499772,10257.5543032581,0.990798529373303,0.898914793210544,0.119219693689341,0.766081518254224,0.0543964631616045,14.0832964815801,133.122147326058,310.699805728247,1,2,1,121,125,9.99857234744556,395.880382589874,40.6004167916242,715.970744609663,,22435.0211680395,,179965.899533324
APOB,ZNF521,233.012930693627,444.735636705759,7336.7523933755,0.001,0.763958430539978,0.981049349259271,0.0410486065972132,2.09274084983405,0.242924175481193,8.61479037929703,322.592476498161,437.194808267751,5,4,2,175,186,83.5541846784848,500.852632019786,176.754742276385,901.286466672249,1138.80944962135,28880.1574438483,,17593.1602676918
APOB,ZNF536,136.119480587965,259.937731843768,0.001,0.001,0.95676841509946,0.93838089537657,0.897822323304955,5.15933273536121e-07,0.0879583666235874,5.86565318730879e-06,133.122147326128,256.618557388698,2,5,0,118,125,22.6326413923219,420.361715213493,93.2051675838561,558.79264180853,,6280.76558007621,,9690.90262966808
ARID1A,ARID1B,663.561033526298,574.140746856227,0.001,4087.47110612796,0.984177581375901,0.927830024579967,0.607704417006231,1.08183362578994,0.370099364932089,2.92308965725583,653.660759391504,670.591842622889,10,5,1,170,186,344.516616845262,1136.66409642074,205.872272223132,1234.15623622747,,13924.8334083816,229.609735042199,19166.5715378161
ARID1A,ARID2,541.076798464277,852.816192204656,9163.08522019878,0.001,0.939393365518471,0.989065329778159,0.109421513697451,2.05525539108924,0.381424059512039,5.38837375313595,653.660759395155,830.37343354314,9,4,2,171,186,259.968263962714,975.548080039557,338.93353160233,1728.33575018217,1418.90674793207,36383.5560602731,,21112.3144646479
ARID1A,ASTN1,663.013520864826,208.036275241962,0.001,3419.1928124564,0.98207223979695,0.823464018512077,0.119921460547699,2.24883343299762,0.437393896601822,5.14143761600046,653.660759395038,284.738088250136,9,5,2,170,186,344.23449674053,1135.71379137615,74.5975943168398,447.175245363656,,16615.1057051472,550.307290387121,11621.0667450938
ARID1A,ATM,541.907306461962,804.663961194405,8198.23538863301,0.001,0.907292415717649,0.989609622361991,0.128290011359927,2.20257095056522,0.442403907831386,4.97864261950573,653.660759395038,784.837961309685,9,5,2,170,186,260.367658897494,977.045373574408,345.725463304724,1556.37461738653,1290.22972868767,30350.9776158293,,18356.5057562544
ARID1A,BAP1,655.515907877836,104.050819561796,0.001,3706.5236453609,0.997775978195111,0.976407949577677,0.207417347575683,1.07506754172957,0.123988924111692,8.67067400924557,653.660759390186,202.577861874828,10,1,1,174,186,340.351747845218,1122.82370164163,5.93691605273168,458.160589423163,,134155.313321769,208.239216084996,17368.653779745
ARID1A,BRAF,653.562080720782,0.001,3831.41378829262,11055.5628984898,0.999999463950958,1,0.0579575394842827,1.04572362529999,0.063690345668295,16.4188718765354,653.660759390186,317.975022141713,10,0,1,175,186,339.340011547915,1119.46418081887,,731.037908975511,,,620.880717980382,51894.8823101359
ARID1A,BRCA2,537.743167278144,845.957720973616,17674.7163919039,0.001,0.819520659598684,0.986764130735803,0.0381449700776344,2.07774963747916,0.251972545684076,8.24593660328473,653.660759390186,823.569755958321,9,2,2,173,186,258.370170812566,969.508964300354,262.613940426997,1965.40557657512,2567.48268600668,103067.63419115,,30380.0324363915
ARID1A,CDH8,656.973068859221,73.9971775527353,0.001,5286.38498726611,0.99673330019613,0.773551482576844,0.00217240596193707,3.42230726344782,0.314278475365888,10.8894102895959,653.660759394255,181.643079952756,8,2,3,173,186,341.105948033627,1125.31490126203,12.3039008502455,228.501767942646,,54085.8799058219,1250.80453739619,15579.4983836883
ARID1A,CSMD3,545.480228400741,483.795551091683,5658.5876908929,0.001,0.973857457147023,0.99333667062153,0.230522394961523,2.07847093337343,0.554402747524694,3.74902711549216,653.660759394383,471.551127241467,9,7,2,168,186,262.091165537547,983.559375354853,232.444501484071,872.277292707767,904.152506278328,19740.0647400368,,8439.78789724438
ARID1A,CTNNA2,662.416115093793,188.229825241054,0.001,3147.60636119484,0.990300070142122,0.831992779551593,0.117082691863481,2.26859202717475,0.434524038613569,5.22086657026645,653.660759394365,257.633851874626,9,5,2,170,186,343.933786209808,1134.69025181242,67.4949597173438,404.593317815192,,17615.8120371979,506.370496526597,10716.8915804597
ARID1A,CUBN,659.338840123183,184.234686592471,0.001,4914.59387583134,0.988792163603505,0.849261440254896,0.0615803712441192,2.20619618586113,0.312473533877885,7.06042575344417,653.660759390186,300.001390540302,9,3,2,172,186,342.331983798294,1129.39628237566,45.8146737984165,477.789723017188,,28162.4934559547,791.592076498673,16662.619459718
ARID1A,DMXL1,539.028507074804,1840.96354572725,12961.0073303844,0.001,0.787785770113196,0.983581610271862,0.0610625894957343,2.12971957677918,0.307595977218092,6.92375627288897,653.660759390186,1792.79182806892,9,3,2,172,186,258.987630870247,971.83689161229,660.132493171763,3957.15034012065,1969.43988889165,56915.9883202419,,53413.6396282768
ARID1A,DMXL2,662.563410786829,778.030733782004,0.001,15375.902873609,0.96530508798015,0.692487192162966,0.0915820603005454,2.20507191754325,0.376734902654124,5.85311289718145,653.660759394307,1139.83502446751,9,4,2,171,186,343.997259809286,1134.96052184368,241.528768415482,1807.58122794415,,17487.0975231644,2478.38875846057,52018.1189615467
ARID1A,DNAH5,426.620166270785,197.013728969394,0.001,11295.8256840939,0.992498862121541,0.627524369647871,0.0176973081076167,2.23864160855426,0.212303020707911,10.5445584386395,421.424966321401,325.220922394616,3,3,2,117,125,152.974604324462,917.05377781431,48.9924107582601,510.932719431692,,27264.0732054088,1686.07708589198,52135.5656416414
ARID1A,EPHA2,604.83982512539,741.484063987468,4820.68141401372,375.045780130206,0.940726853682432,0.999609969803797,0.530673192131973,1.05776495606573,0.303761568875695,3.48222113804852,653.660759394301,730.871375536023,10,4,1,171,186,303.080785235492,1060.8080031043,259.412324034386,1606.24311719335,,27010.382115086,,17992.3017347146
ARID1A,ERBB2,662.416000117632,1151.24226171515,0.001,0.001,0.865813362894359,0.864826222797263,0.748804761928519,3.84448897769734e-07,0.304834059025839,1.26117435498619e-06,653.660759392508,1118.09175225011,11,5,0,170,186,343.924904496107,1134.69006115926,412.813427737715,2474.58978818581,,9383.26627302487,,15432.3255374965
ARID1A,ERBB3,427.260760427948,1241.52208178495,0.001,0.001,0.93420986190751,0.962461655320596,0.899148884334915,1.42123514207393e-07,0.0864404568823836,1.64417819309742e-06,421.424966323035,1217.82820391089,5,2,0,118,125,153.198778092519,918.488266233249,206.432815260921,3833.97620604024,,14727.7979166793,,66156.9347002823
ARID1A,ERBB4,538.851583610398,291.473400871799,13404.3657823959,0.001,0.875527002982281,0.992053324400231,0.0580744331939769,2.19042965169615,0.311060315085706,7.04181647566527,653.660759395038,284.405642526536,9,3,2,172,186,258.907349775229,971.532748486168,104.516823673313,626.504211899002,2034.89814171883,58964.9008243345,,9543.91328363151
ARID1A,FAT2,665.470116295374,523.322729587477,0.001,7077.36391980133,0.971635961650417,0.778871708134439,0.156874749199708,2.20767483125656,0.489309277008607,4.51181887405279,653.660759395038,681.924457880001,9,6,2,169,186,345.506176896268,1139.9440707843,207.979324168401,1060.62266837825,,13031.8584011497,1139.46292611221,24029.1154635798
ARID1A,FBN2,658.624718129473,144.459323690962,0.001,6781.18413318918,0.99411432796213,0.823049480263924,0.00483505642032929,3.33004864401204,0.373723027402254,8.91047219423214,653.660759392251,283.485337805261,8,3,3,172,186,341.963519353142,1128.16098858104,35.9237459748081,374.633985536716,,34183.8062932023,1597.54800545518,20258.6019261891
ARID1A,FBXW7,655.448745948781,269.703362486744,0.001,22493.7057374082,0.995320969983147,0.842114740191871,0.0148577765678385,2.27147234380152,0.187851627037529,12.0918427996779,653.660759390186,791.304900191381,9,1,2,174,186,340.319467852127,1122.71125279101,15.388391316955,1187.54435061778,,142436.070887898,3624.22711229834,76184.025974059
ARID1A,FGFR2,,,,,,,,,,,,,11,0,0,175,186,,,,,,,,
ARID1A,GLI3,659.687455969629,105.906554703245,0.001,1369.98017568296,0.981601821486082,0.85093730351648,0.402723771318491,1.17864771774916,0.252788165013117,4.66259058325774,653.660759393504,137.755155239059,10,3,1,172,186,342.51029381521,1129.99686993092,26.3365627948063,274.653514009265,,23229.4569090793,76.8812331842796,6442.55174479647
ARID1A,GNAS,672.402260877572,1800.93074351034,0.001,7202.47141257677,0.956201723572694,0.896058089813853,0.809209332326394,1.11649854518287,0.62579992968628,1.78411420682419,653.660759392968,1947.74647115592,10,9,1,166,186,349.093918696368,1151.87418074975,865.141756505111,3247.84197986754,,7121.17100191138,404.159313663656,33932.0330089272
ARID1A,HMCN1,669.503355484884,382.03368991722,0.001,3333.22077672427,0.995900145066336,0.978220741587778,0.295373918483523,2.15966647912174,0.670852674951676,3.21928578324192,653.660759395823,455.945564714387,9,9,2,166,186,347.596401904234,1146.87103396075,183.538098529358,688.888736198968,,10278.4024083895,537.098083103909,11287.724358021
ARID1A,HYDIN,433.295267386369,552.746785563508,0.001,0.001,0.871439445281686,0.904302532416586,0.788086098171898,5.80879362630481e-07,0.264333551079818,2.19752415180576e-06,421.42496632326,543.342517182229,5,6,0,114,125,155.35965382577,931.491966346175,219.640549410113,1120.52685045084,,6287.45593433929,,11362.4627804993
ARID1A,IDH2,,,,,,,,,,,,,11,0,0,175,186,,,,,,,,
ARID1A,KMT2C,662.876355949277,397.778972546581,0.001,11632.8301586949,0.976298765263071,0.676785012457313,0.0135694720801363,3.10828554031868,0.445174921312856,6.98216676526184,653.660759390832,680.32175087495,8,4,3,171,186,344.160524782955,1135.48357669625,123.483684080386,924.170400630646,,18947.7139137079,2758.96521469974,34126.089400829
ARID1A,KRAS,561.051276247069,12334.4360030217,2475.90079541179,0.001,0.944419233150581,0.985212038644436,0.666261545750307,2.18407295623903,1.17608304976377,1.85707374719645,653.660759396431,12046.8596026203,9,19,2,156,186,269.547101086438,1011.67805022364,7779.66952388503,18398.8077059529,405.932814094328,7946.24969461606,,99009.1599235248
ARID1A,LAMA1,662.307436298855,156.197242293992,0.001,2521.67527548955,0.995637842098246,0.950995154132072,0.125193362490083,2.21995067175153,0.435316653321065,5.09962266505393,653.660759395038,213.698155933667,9,5,2,170,186,343.870408751162,1134.49509193269,56.0087687202747,335.750819692248,,18371.0293695594,406.073908318407,8555.95016038049
ARID1A,LAMA2,659.547811689853,255.372108053946,0.001,6926.01290264948,0.984565920103436,0.792039088331346,0.0595876257603813,2.19219083859082,0.306588779710021,7.15026440518874,653.660759392432,416.001609886199,9,3,2,172,186,342.439638502856,1129.75813501676,63.5044966437549,662.283453226586,,27199.8125699965,1114.93275811984,23525.9395246746
ARID1A,LRP1B,627.658489698411,268.632339721862,1334.68782131764,1706.78275520989,1,1,0.156240249711854,3.15415494562323,0.983718808451149,3.20635827893685,653.66075938996,304.030486266284,8,13,3,162,186,306.456898169691,1108.64040349402,148.359977816856,440.261200371274,,9138.49560524393,7.66764013431031,5967.03093897971
ARID1A,LRP2,664.060847196553,285.181583103337,0.001,4308.99803823298,0.97496966096788,0.811473075025551,0.136788423235643,2.14948658955049,0.441798286307523,4.86531219375146,653.660759395038,389.503246900331,9,5,2,170,186,344.777924744061,1137.53489242448,102.258862953838,613.025869725251,,14983.4230879293,694.61683928283,14575.2381449327
ARID1A,LRRIQ1,655.352610981133,169.013499630331,0.001,14587.0366928997,0.996843151639094,0.844267882668441,0.0139689968118926,2.24579522791684,0.180298760662673,12.4559659737128,653.660759390186,496.300481101486,9,1,2,174,186,340.26813781887,1122.53915579965,9.64361559337344,744.197757900955,,151864.177416582,2348.32582363803,49538.3848212871
ARID1A,MACF1,425.653089139801,554.670882114795,0.001,0.001,0.951718827133877,0.969460771982672,0.922661050022744,1.82961359506371e-07,0.084901477653033,2.15498439560828e-06,421.424966323035,546.029779636635,5,2,0,118,125,152.626312218144,914.989881254135,92.2230908875096,1713.07259564835,,20053.5828695592,,37197.1541010257
ARID1A,MED12,662.864260515948,631.027347068048,0.001,10023.3969839391,0.989090638179252,0.895309283196301,0.127830722483241,2.16152942043698,0.427248655732401,5.05918366608229,653.660759390186,862.991427761254,9,5,2,170,186,344.157882023337,1135.45647364681,226.268028494873,1356.4579781916,,17183.4039256396,1613.99499838425,34016.2633980947
ARID1A,NF1,670.592338082293,1010.80174108335,0.001,5521.67444749827,0.917593737252123,0.762862454204951,0.661421933808857,1.16105206888264,0.492271689546241,2.35855949781077,653.660759392508,1126.30141113038,10,7,1,168,186,348.150177001443,1148.79295688299,434.269659454777,1955.25546182435,,7566.6595087821,310.075015919888,25927.5398820877
ARID1A,NRAS,658.485388728965,2979.18997069599,0.001,0.001,0.923354247912062,0.944815150243048,0.872405447225567,1.09028043010712e-07,0.112098043081854,9.72613259012018e-07,653.660759391145,2895.62915650264,11,2,0,173,186,341.886726331892,1127.93936830534,495.372945821667,9199.91894945124,,19268.6937715453,,102420.266810646
ARID1A,PBRM1,608.896787185923,310.087883382768,14797.2468980027,17989.5204758135,0.991250105035229,0.967894951692709,0.000885936010850279,3.30935261542324,0.247873045729523,13.3509983132026,653.660759397464,684.572099396574,8,1,3,174,186,298.111315035251,1073.81703500001,19.8022289317032,1153.72936394187,,316766.169007208,527.506029595577,61685.0208152715
ARID1A,PEG3,647.317240995442,103.615333130491,1842.88178445924,3600.47627705621,1,0.981054802977815,0.0352860560059499,2.22658031588577,0.249458077420401,8.92566935057955,653.660759390186,187.428292991069,9,2,2,173,186,331.752258788649,1115.51064624828,17.2774666216454,318.039639682785,,56890.8956728169,347.712982132018,12885.7378370954
ARID1A,PIK3CA,665.868524028688,949.445554852116,0.001,11433.8760257863,0.981289950114065,0.898733185107732,0.19094696509292,2.12956445418486,0.518814356005237,4.10467526492918,653.66075939522,1233.51236681546,9,6,2,169,186,345.711500760566,1140.63311706756,377.332377967452,1924.2176532133,,12958.306077863,1843.0148764678,38685.6806865975
ARID1A,PLEC,655.882165053332,54.8670149144468,0.001,2005.8774325985,0.991381690040673,0.860366582422739,0.201430730316573,1.08723588776475,0.123394466633437,8.81105869191493,653.660759391145,106.895190297062,10,1,1,174,186,340.541008462237,1123.45629172451,3.13057885291919,241.596634590328,,110783.587235802,112.582481006393,9440.07365127244
ARID1A,POLE,655.83817704487,134.753366230142,0.001,10119.2788400002,0.991035099963296,0.862330761274218,0.0180269794954359,2.12746851561475,0.189079637643827,11.2517061177275,653.660759390186,394.372924241964,9,1,2,174,186,340.518667970358,1123.37859167914,7.68875077192693,593.355637328773,,122055.754733145,1631.57538431113,34202.3869300829
ARID1A,PREX2,660.490363518826,282.099320272125,0.001,5657.23585349786,0.99806873878876,0.974684804890953,0.0923284231608817,2.19440108112671,0.367522278008166,5.97079745211513,653.660759390186,413.460400024466,9,4,2,171,186,342.930602466443,1131.37560288065,87.5730361974136,655.397275295233,,23448.2084619859,911.718196237712,19146.4654753389
ARID1A,PTPRT,660.97327352338,148.322558651041,0.001,2806.22896146782,0.99613640364827,0.988387529174999,0.101960015832977,2.14452092130329,0.379991460788677,5.64360292952981,653.660759390186,217.07804656313,9,4,2,171,186,343.166103007906,1132.1663677637,46.0454644324047,344.621435225173,,22370.3333140519,452.267164642202,9496.62880430186
ARID1A,RASA1,657.466999881693,201.206204266575,0.001,15008.1738823719,0.987237983400434,0.568170501757304,0.00191138732080332,3.50150633749959,0.310251631703567,11.2860206996272,653.660759391756,494.314011220037,8,2,3,173,186,341.36321662229,1126.17435426277,33.4554346924521,621.339506508661,,46006.97308808,3546.51677523525,44394.4243221512
ARID1A,ROBO2,658.00108666694,107.290352168994,0.001,4647.57093184574,0.979932175833419,0.642336065282097,0.0308213299022518,2.32061307783683,0.249361500454785,9.30622038127176,653.660759395038,210.046271448355,9,2,2,173,186,341.618451120359,1127.03389267599,17.840454426276,331.343049896812,,38602.4678036641,747.509492064522,15833.2313467144
ARID1A,ROS1,479.403792928814,728.364658835137,17317.4922140545,0.001,0.972048937947102,0.996295003337299,0.00705271791447764,3.02123320770861,0.361776707839791,8.35109928925145,653.660759392792,713.137975253083,8,3,3,172,186,219.061465766707,892.498217755354,289.475418559027,1476.10912097955,3791.26856272432,70045.1056595757,,24237.1849238723
ARID1A,RYR1,431.416488741662,283.538866331368,0.001,0.001,0.890483910567604,0.908396871654231,0.80895259019807,6.67570819012919e-07,0.215202231125277,3.10206272268758e-06,421.424966323035,278.027544666542,5,5,0,115,125,154.687761101588,927.434045281747,101.651064818098,609.685962499724,,7531.91340597678,,6044.48197735496
ARID1A,SACS,677.935324504412,656.635635403353,0.001,3844.13261813886,0.98261669454031,0.938480206754421,0.480196966019047,2.18835726046453,0.930349105124257,2.35218935387943,653.660759394531,739.177887647095,9,13,2,162,186,351.962042609246,1161.37409467895,361.145321265607,1081.30787114537,,6718.74740910156,620.109040433794,12973.3575976071
ARID1A,SF3B1,542.092211954108,2236.08418984205,8011.43479255893,0.001,0.937004161280533,0.991238260024549,0.133942281596883,2.21092759934808,0.45518051112788,4.85725452935075,653.660759390186,2181.50410592398,9,5,2,170,186,260.455885042983,977.381766591745,960.72051177127,4325.14493189914,1259.63761314311,29764.7804450037,,50966.9561313725
ARID1A,SMAD4,684.41733242679,2692.68316304647,0.001,0.001,0.608273393987825,0.601941500243018,0.36633689650136,9.7360485389747e-07,0.953736725458248,1.02083187939489e-06,653.660759392359,2601.01344480276,11,15,0,160,186,355.312973575991,1172.54778489398,1549.1075129922,4295.87482060033,,2625.89941382462,,10244.6940019572
ARID1A,SPHKAP,662.211828382983,496.326084213727,0.001,14300.9948695001,0.986471563968401,0.805889922321985,0.01425420757367,2.94581192964262,0.423775316825473,6.95135325886811,653.660759390832,848.404460449439,8,4,3,171,186,343.817298607334,1134.32340395868,154.082015974586,1153.1719498064,,20523.1510245567,3393.80613625757,41906.8329665227
ARID1A,SPTA1,665.768756261163,314.63490199919,0.001,3790.62935106196,0.984224354752685,0.912874185178691,0.191106742810535,2.07140940938291,0.499503083687191,4.14694018321639,653.660759390186,408.808891374702,9,6,2,169,186,345.660208156377,1140.45963721365,125.044065504201,637.65726229294,,13157.4574091187,611.386365896231,12798.9854962549
ARID1A,SYNE1,553.519316303838,473.972255582366,3385.32070424226,0.001,0.925571042816716,0.981347025301065,0.465165439971582,2.24295393278179,0.921477991984506,2.43408301911947,653.660759390186,462.234631721968,9,13,2,162,186,265.934039178038,998.055678512219,272.690638462301,756.118168402718,551.052221942613,11095.3956440414,,5020.97189426825
ARID1A,SYNE2,427.802476405044,994.662597311151,0.001,0.001,0.873027776691154,0.941296097397621,0.873900596371011,2.2750898336435e-07,0.129694480566874,1.75419171556063e-06,421.424966323035,974.626173991706,5,3,0,117,125,153.394703072987,919.6350499977,247.34259382924,2579.66201937117,,12412.9746181268,,33491.4954169822
ARID1A,TENM1,660.353595879143,210.574189720142,0.001,7125.83158017205,0.995132782980787,0.890345045843838,0.00939649418336237,3.32759916516145,0.434675301194526,7.65536748008667,653.660759393637,361.294397585377,8,4,3,171,186,342.865429999494,1131.15692531905,65.3710336609738,489.255449402346,,25578.7765236829,1687.5890013706,20984.9641248769
ARID1A,TP53,719.884267869445,1044.75486186038,0.001,28487.611002655,0.967124866268712,0.724911793525014,4.25239653811395e-05,9.0150567953914,2.41337660035716,3.73545380114205,653.660759396882,1339.34191422891,2,31,9,144,186,373.675932087513,1233.55296319058,718.375641540927,1458.00244747012,,4151.97211025008,9633.90189282351,152845.026724768
ARID1A,TTN,425.530278082189,443.240061452225,0.001,0.001,0.953107597100898,0.966242293897583,0.920939462431797,2.0674269381101e-07,0.0863333391840335,2.39470285482998e-06,421.424966323072,435.615072819869,5,2,0,118,125,152.582670550733,914.726854369196,73.6952571124971,1368.85740627801,,20862.6198096816,,26695.0952252321
ARID1A,XIRP2,662.749979179966,256.774404303531,0.001,4579.70697949578,0.973702770064927,0.794325972108461,0.110115824536547,2.02076597079703,0.367735531678787,5.49516105112776,653.660759392007,375.215368909104,9,4,2,171,186,344.095738194422,1135.27467895665,79.7104807661648,596.580198428172,,17216.9772503772,738.679295618622,15461.2533567904
ARID1A,ZFHX3,428.401589813132,316.274825145806,0.001,0.001,0.921896093762536,0.948665581558865,0.874584986559359,3.73627844432387e-07,0.129672062748322,2.88132876514468e-06,421.424966321022,310.699805728083,5,3,0,117,125,153.608327731642,920.934517214682,78.6462935032222,820.293748862937,,11313.530403628,,12335.3879153813
ARID1A,ZNF521,660.636271294974,297.943955667864,0.001,6282.18574625593,0.990600823985879,0.865293003571697,0.0840438453203549,2.29107418757444,0.371071063766805,6.17421947245725,653.660759390186,437.194808267049,9,4,2,171,186,343.004623328227,1131.62292274087,92.4931210568868,692.197533687699,,22402.0519839885,1011.84935338057,21300.287641666
ARID1A,ZNF536,430.946178832511,261.298132928845,0.001,0.001,0.895299955650195,0.914658504933871,0.818918457227643,6.94263717064547e-07,0.213460982904108,3.25241506723703e-06,421.424966322574,256.618557388459,5,5,0,115,125,154.519368575952,926.41518533648,93.6926433595908,561.701288146178,,7915.67312161154,,5995.17641884189
ARID1B,ARID2,681.726189528833,845.118393765528,0.001,0.001,0.906811587854238,0.900560421582442,0.816655892920442,2.78560209274192e-07,0.200753812876175,1.38757120118066e-06,670.591842628215,830.373433543126,6,6,0,174,186,270.940249277308,1381.58579252095,335.880108721167,1712.69499461824,,14015.9023287828,,16258.5062922853
ARID1B,ASTN1,453.39951023064,289.482046311437,14498.8971662644,0.001,0.576747726282136,0.961644439911255,0.0408068567567643,2.19281401987115,0.258021140755163,8.4985827651693,670.591842626917,284.738088250127,4,5,2,175,186,140.751286083752,1053.3756883919,124.374477425091,559.928762814787,2280.60640645473,53795.3155422723,,9732.15239741445
ARID1B,ATM,567.763002069245,797.955358332125,6796.07058569525,0.001,0.834644993608431,0.977014233045619,0.411614201648866,1.12024394270034,0.24357466194638,4.59918094003946,670.591842624238,784.837961311014,5,6,1,174,186,203.588779420643,1220.40535472624,342.844803686036,1543.38607757454,377.896224330352,33451.1303747702,,23495.7316815935
ARID1B,BAP1,675.043130781293,206.384067546739,0.001,0.001,0.961459545144347,0.963577806129845,0.926444106708297,2.24462077393767e-07,0.068614438921147,3.27135339038075e-06,670.591842625274,202.577861873769,6,2,0,178,186,268.287931156892,1368.00849027019,34.3166484600016,637.315880036829,,40625.7260218186,,11230.1141135941
ARID1B,BRAF,672.356472721648,323.511323391056,0.001,0.001,0.984447488427125,0.982911984435287,0.967625747107631,7.94726327949316e-08,0.0337851633450648,2.35229387477686e-06,670.591842628215,317.975022141713,6,1,0,179,186,267.225685051851,1362.5567003355,18.4589552221102,1424.46847097077,,144663.246664978,,37927.3818130174
ARID1B,BRCA2,563.928908488546,836.192542772649,11408.6435114023,0.001,0.991789842928856,0.99719683689599,0.276049145826741,0.959253946353367,0.134291230911835,7.14308700456503,670.591842625274,823.569755979859,5,3,1,177,186,202.215944455966,1212.15189173184,259.597748564667,1942.74946210842,616.85788425578,66427.4067855713,,48416.5189155667
ARID1B,CDH8,565.555645945903,185.132821037372,8864.66532220783,0.001,0.818071419679438,0.977232732537907,0.333214992240528,1.06056192821951,0.184948084447804,5.73437638668175,670.591842624238,181.643079952837,5,4,1,176,186,202.797468875079,1215.65177828282,66.3833176914982,397.951309077006,486.265349058822,47058.4300289666,,6793.18151614836
ARID1B,CSMD3,455.349491682122,477.539249627799,11186.5116362444,0.001,0.773505307604707,0.988728699200216,0.0649759032962164,2.14107471764637,0.304056796664325,7.04169333208522,670.591842625274,471.551127239128,4,7,2,173,186,141.35649587665,1057.91173463031,229.445387014833,860.961900673709,1787.55953315693,38974.3843192973,,17262.1027004111
ARID1B,CTNNA2,683.305839654054,263.098527514121,0.001,0.001,0.894671942617323,0.864527177205818,0.773493871221699,7.11187120961548e-07,0.255627452299986,2.78212341656853e-06,670.591842626077,257.633851874904,6,7,0,173,186,271.565754969277,1384.79079268921,113.039569929012,508.896185808254,,12245.5935356429,,3666.87460533025
ARID1B,CUBN,510.55989075196,271.605546364408,16666.9727633766,2598.88221035607,0.813765892678338,0.973488666102035,0.0215115978562711,2.07661218094004,0.181838111511301,11.4201151985181,670.591842622894,300.001390541374,4,3,2,177,186,160.674350540944,1165.00204571572,81.738446460932,619.001335526735,,85024.7960334535,,24214.1305246908
ARID1B,DMXL1,564.800995608329,1822.22312221922,9883.44818403036,0.001,0.839280983957015,0.984910686669978,0.305048608871864,1.07181331365254,0.16873581331456,6.35202031269114,670.591842628215,1792.79182806141,5,4,1,176,186,202.528232444323,1214.0219104778,653.420149716895,3916.797270694,542.612550524591,52203.1261955941,,75934.3263685974
ARID1B,DMXL2,566.381288821371,1160.7787501989,7959.03869366351,0.001,0.780873807502547,0.971422176535892,0.360294771499421,1.13780294438408,0.216612105092156,5.25272095896955,670.591842628215,1139.83502443757,5,5,1,175,186,203.094455169653,1217.43054397467,461.329033577371,2352.45176660535,440.348037158643,40227.8948326455,,36472.4932883912
ARID1B,DNAH5,495.669236226216,332.105057582402,0.001,0.001,0.940253113733545,0.901714009953281,0.847859681207048,3.75186190029048e-07,0.140898676669961,2.66280847270041e-06,485.469360343292,325.220922393491,3,5,0,117,125,123.258410327062,1285.51428723523,119.073761525542,713.995159122181,,16456.8873201312,,7100.31187572396
ARID1B,EPHA2,678.960985223668,745.271487842084,0.001,0.001,0.929077111221937,0.907614436455828,0.843256247201374,2.5055957102952e-07,0.170520725208875,1.46937899028169e-06,670.591842628215,730.87137553592,6,5,0,175,186,269.843667651174,1375.96103116808,267.240087087581,1601.95687521975,,18850.8422638308,,15495.0615496663
ARID1B,ERBB2,678.473208196967,1140.24470580295,0.001,0.001,0.933089218954925,0.907059872497426,0.846378781303162,2.17399948150934e-07,0.177096129974489,1.22758158623935e-06,670.591842623994,1118.09175224362,6,5,0,175,186,269.649965186002,1374.96610043557,408.872265889217,2450.92417167872,,20038.2601869174,,23568.7806365459
ARID1B,ERBB3,489.87316862611,1235.95762596129,0.001,0.001,0.973500840012899,0.971019615142027,0.94529118113424,7.77078949564317e-08,0.0528079623911457,1.47151852557486e-06,485.469360344085,1217.82820391089,3,2,0,120,125,121.819447874103,1270.42752225983,205.50685672515,3816.7831800703,,42896.4930915817,,91320.7466721762
ARID1B,ERBB4,564.006754221547,289.588980104038,11286.8404766021,0.001,0.68677926577537,0.969843649870327,0.267374312535715,1.25806416071895,0.179537278182223,7.00725873454575,670.591842624238,284.405642527374,5,4,1,176,186,202.245826541001,1212.31697447195,103.840374846333,622.456870328311,618.775661004455,60044.5153432075,,10503.379939435
ARID1B,FAT2,570.926996176925,694.218969928042,5111.51989015927,0.001,0.88069820060717,0.975745119234301,0.515188199506896,1.02791902290684,0.287813489177406,3.5714761870429,670.591842621535,681.92445788036,5,7,1,173,186,204.718494964306,1227.23698197832,317.206004893451,1292.51805877303,284.589566040464,24980.9179681541,,16693.207008154
ARID1B,FBN2,567.198498571366,288.936532742593,7230.11403191413,0.001,0.810242496945585,0.971565585342525,0.391894591434606,1.083782086622,0.224546922159912,4.82652835406124,670.591842624238,283.485337804378,5,5,1,175,186,203.385823139597,1219.20181696668,114.828705059963,585.591926498178,398.736854481087,37149.2643996029,,8610.12278842735
ARID1B,FBXW7,562.398607807821,805.317574650386,15797.5910647123,0.001,0.900692178549851,0.990714031930501,0.209547652633054,0.982069902295498,0.108500568213863,9.051288103485,670.591842625274,791.304900177956,5,2,1,178,186,201.667374128779,1208.84971573922,200.263263644943,2088.45524175651,831.186687993105,114660.31568914,,53213.4999636015
ARID1B,FGFR2,,,,,,,,,,,,,6,0,0,180,186,,,,,,,,
ARID1B,GLI3,680.057285074639,140.580680348601,0.001,0.001,0.920157014458199,0.922594007743734,0.848945632366115,6.59764415805904e-07,0.146824751272184,4.49355037273539e-06,670.591842621535,137.75515523894,6,4,0,176,186,270.275909009977,1378.2120934924,43.6404896838931,326.618767827567,,17077.8721091996,,3534.67481812235
ARID1B,GNAS,692.497536180904,1579.5389038574,0.001,24648.3982225594,0.989918486966534,0.806803950040663,0.128121028335956,1.83967885833487,0.368705416718609,4.98956287300463,670.591842624417,1947.7464711431,4,8,2,172,186,275.208420974043,1403.52858887915,721.677536115562,2941.16733036399,,14471.321418593,3799.06460222279,98311.9663971338
ARID1B,HMCN1,481.302218021484,453.315410710613,7487.75527254084,702.029982028503,0.770640646861746,0.999326552808022,0.110567932639366,2.15740879882044,0.39570247703453,5.45209829109101,670.591842624327,455.945564714761,4,9,2,171,186,149.691315141806,1115.02919541913,231.651027718858,782.366802773571,621.785668710799,27194.5028026056,,14643.7249473676
ARID1B,HYDIN,332.664999125783,551.563959210068,5660.07980297035,0.001,0.788170541571764,0.97355166077461,0.339765357815477,0.942068195788659,0.176589205273015,5.33480058609573,485.469360343292,543.342517183651,2,5,1,117,125,55.3114091155199,1027.39097434426,219.162005863337,1118.21188130219,312.628711455899,28870.8520693968,,25626.6923490815
ARID1B,IDH2,,,,,,,,,,,,,6,0,0,180,186,,,,,,,,
ARID1B,KMT2C,452.841748422007,689.703575674624,15722.5026217933,0.001,0.63744245480277,0.975163911057075,0.0355247715655764,2.2172365165084,0.242704704741089,9.13553166953928,670.591842627048,680.321750871252,4,5,2,175,186,140.578607210282,1052.07273853928,296.33213038056,1334.02186810181,2474.09272347436,58214.7874196893,,27513.6352769728
ARID1B,KRAS,580.667435426476,11649.9364415728,2251.79116093325,44189.1546311364,0.969423199254096,0.970748124807275,0.32893861477687,2.01379494728348,0.668712995702278,3.01144879825254,670.591842625623,12046.8596041262,4,19,2,161,186,188.557864993766,1288.98811205326,7210.94119939264,17594.4956742395,,11091.3086707888,,272094.677118049
ARID1B,LAMA1,568.737047326114,217.747353477516,6172.49010634554,0.001,0.818453770603809,0.969498798448811,0.4422073879824,1.0708874812401,0.253714938492204,4.22082943796785,670.591842621535,213.69815593334,5,6,1,174,186,203.936029045394,1222.5087034364,93.5531273791323,421.183154390115,342.922814977326,30514.0968286241,,5678.89455409199
ARID1B,LAMA2,566.528355513561,423.43360065966,7807.05716884398,0.001,0.95415404105985,0.989898382954062,0.377830603024856,0.935096653383417,0.181088516816354,5.16375455397717,670.591842622889,416.001609885337,5,4,1,176,186,203.143797930041,1217.76030605066,151.830180285917,910.228119379215,426.338790063647,42400.5661841506,,16727.4396509879
ARID1B,LRP1B,585.602365316068,309.648628375412,2417.3275524781,0.001,0.912697514347021,0.960720202446245,0.813700998307953,0.994735957136614,0.553769698337062,1.79629900322056,670.591842621014,304.030486265546,5,15,1,165,186,209.972082590934,1258.89636059942,181.576275599539,487.28479115941,136.433951022176,11105.6095557719,,3712.22073849384
ARID1B,LRP2,476.684331903548,382.75947670593,13125.8807262695,978.021459042191,0.764640207475883,0.998154132752182,0.042650289568075,2.13893967403543,0.25055716029966,8.53673338042832,670.591842622894,389.503246901273,4,5,2,175,186,148.265905352002,1103.91460147154,158.375257612769,751.010216812834,1110.97705765826,51713.2000269542,,20119.5324733773
ARID1B,LRRIQ1,561.47542426195,505.427932864787,20660.5757173744,0.001,0.689792729722333,0.982181226793061,0.161273043124802,1.17067790738918,0.106734425205417,10.9681380223498,670.591842625274,496.300481097832,5,2,1,178,186,201.337121607411,1206.85001875072,125.68921299529,1310.72666546476,1090.26441416282,145970.314630474,,31141.7476437833
ARID1B,MACF1,482.065170741099,288.035845814644,1009.84054761815,20398.0622018781,0.999918666902272,0.82973102713582,0.110075409699194,0.846696565522939,0.0574220509021748,14.745146720123,485.469360347298,546.02977963794,2,1,1,121,125,114.770500348433,1261.50212314947,16.4496056733592,1264.72386557648,,154863.238704459,511.967044521256,150874.996489367
ARID1B,MED12,468.903521526756,857.389407043676,13194.4828139198,1399.7758745468,0.724984833272497,0.999606390119832,0.0447619921780844,2.09870804761625,0.251663743595435,8.33933413543294,670.591842622894,862.991427761965,4,5,2,175,186,145.685266260921,1087.830985592,359.189987263914,1674.13365594095,1461.37757006403,50850.7586999506,,41231.8668266797
ARID1B,NF1,687.325020796409,1002.4494768931,0.001,8045.70033762598,0.986931601609759,0.959186090704998,0.560335648651777,0.932624663585324,0.285071126992048,3.27155076498273,670.591842623817,1126.30141114546,5,7,1,173,186,273.15707456397,1393.00484313299,430.679920707161,1939.11007339854,,15819.0204003703,441.902955881497,42148.4595216999
ARID1B,NRAS,672.346222103544,1465.61064853659,0.001,114005.877446946,0.999575210564132,0.839109345262791,0.101522616521606,1.08752664684167,0.0634836469992897,17.1308155445739,670.591842621834,2895.6291565721,5,1,1,179,186,267.218816361482,1362.50906977072,83.6263335567788,6453.30974873953,,251935.714805312,6299.14678212061,580541.325918681
ARID1B,PBRM1,563.815073015088,696.740784443003,11670.9043596466,0.001,0.858136896031531,0.986426617873335,0.26736746238094,1.04173947191232,0.145125599017956,7.17819239997368,670.591842628215,684.572099396016,5,3,1,177,186,202.174764477109,1211.90150339488,216.292657009507,1618.73119208275,631.573810283256,67658.0154796242,,34221.1107029327
ARID1B,PEG3,563.299007328408,190.91972681287,12912.4957493865,0.001,0.755108279219502,0.97916561198787,0.241894371755617,1.13425182416087,0.146119030214752,7.76251951914713,670.591842628215,187.428292991076,5,3,1,177,186,201.990274416776,1210.78382466905,59.2684709420917,443.564648788248,699.856091122789,74134.193833875,,8782.09288572675
ARID1B,PIK3CA,570.04025794951,1253.60775227029,5486.80586306548,0.001,0.904155120794453,0.982956989218671,0.490543537045617,1.05732526581475,0.277634713037081,3.80833237403397,670.591842624238,1233.51236680758,5,7,1,173,186,204.403903065267,1225.32241392543,572.82428441228,2333.87376173246,306.046900475292,26586.1957332085,,33741.4409521389
ARID1B,PLEC,673.788494466519,54.3937813147246,0.001,2874.29319277586,0.990443241270288,0.88129985593931,0.146207756651877,0.877733537142773,0.0725943856305495,12.090928651284,670.591842628215,106.895190297333,5,1,1,179,186,267.790009411154,1365.46994647446,3.10491223715226,239.616057316494,,157782.58590578,158.279101699715,14847.8253730918
ARID1B,POLE,614.720675984055,201.79867088251,17479.6890975274,14876.3523382714,0.964127683716275,0.853034493493123,0.00548393800840337,1.97126356707854,0.103473129300633,19.0509708211413,670.591842622894,394.372924241964,4,1,2,179,186,217.249762170505,1302.12389754624,12.4119678876289,787.244752529336,,402377.242792673,,69297.3838364582
ARID1B,PREX2,566.865139393795,420.261631592938,7499.52377792747,0.001,0.894840002158689,0.986138768580216,0.385009491149998,1.05752083551879,0.211625421610172,4.99713516208283,670.591842621535,413.460400024211,5,5,1,175,186,203.26676043289,1218.47584306735,167.026105068124,851.698287623617,414.434186786997,38130.4542180478,,14874.0620100951
ARID1B,PTPRT,493.339304181531,206.562742101435,13926.7001605753,1053.98366745643,0.83236756103352,0.99225359486606,0.0342916313296202,2.05032478105271,0.217192934577565,9.440108100388,670.591842622894,217.078046563328,4,4,2,176,186,154.094669307859,1135.69678727501,75.351897235516,431.786345560671,286.501082358831,62131.6117861965,,13468.5582898309
ARID1B,RASA1,566.506878988621,503.249469388397,7826.22645556949,0.001,0.948914569996075,0.989174069305916,0.376016388927814,0.946582538899695,0.183160965880606,5.16803640092577,670.591842621535,494.31401121736,5,4,1,176,186,203.137373149698,1217.71574919549,180.449471657226,1081.79779602046,428.397314125941,42035.8099942312,,19987.9793255849
ARID1B,ROBO2,677.742559337487,160.399144443777,0.001,2831.50776737982,0.99622882284066,1,0.322723305551127,0.888081270579691,0.146943289123361,6.04370077652292,670.591842621535,210.046271448573,5,3,1,177,186,269.356259566713,1373.50179906142,39.8868521519419,415.985310151488,,40900.9494844382,155.099976816984,15015.6107006043
ARID1B,ROS1,490.38855079872,681.316951848117,14605.2280529668,3293.0848976265,0.829204504479542,0.993953097382306,0.0322546357567482,2.04020035215787,0.209596341431477,9.73395021222196,670.591842622894,713.137975256861,4,4,2,176,186,153.041233800585,1130.09887371366,249.857844700586,1421.19373628368,480.216568765988,64096.0463945566,,44466.0913564011
ARID1B,RYR1,413.043311277534,253.756827570877,3176.4467786614,2203.1509079293,0.967631327547983,0.956369812218944,0.320006600099824,0.828598805752547,0.143092152372736,5.79066560962869,485.469360345892,278.027544666464,2,4,1,118,125,73.4684709952543,1192.53065525988,81.0930054362403,573.244911266322,,27277.1602792643,,23668.0078529341
ARID1B,SACS,466.012545130313,750.672500391592,5314.70386011805,0.001,0.818265662760651,0.956762750008738,0.220573012958172,1.96343565633939,0.526367640113505,3.73016026577166,670.591842622906,739.177887648899,4,13,2,167,186,144.659780053358,1082.78042167173,431.879506058629,1197.55309469098,864.471138781859,17458.9855932548,,13415.2913812963
ARID1B,SF3B1,503.808016406703,2068.65336706462,11139.7021698181,11431.1507478461,0.851711316905496,0.988464972519203,0.0455196299529002,2.07589168897044,0.248545685212335,8.35215339665619,670.591842622894,2181.50410593084,4,5,2,175,186,157.890108228482,1155.16436230576,823.853027030847,4125.70100925699,,47506.4392952805,,123767.322718273
ARID1B,SMAD4,464.607004839894,2634.76895247418,5653.19419807666,0.001,0.910097852629064,0.99507277374087,0.205248906209687,1.98149643282684,0.502081450211974,3.94656371389596,670.591842624873,2601.01344481607,4,13,2,167,186,144.225304303559,1079.48537588112,1515.91688820903,4202.94135995421,920.178358878554,18529.6956164388,,57702.1833938163
ARID1B,SPHKAP,453.360051065848,860.540022157102,14557.8021880127,0.001,0.700192208452615,0.976405575379065,0.0418402537365901,2.09523410868392,0.243148797281685,8.61708604816422,670.591842625598,848.404460453056,4,5,2,175,186,140.738630545278,1053.28950772157,369.733037251658,1664.44533971313,2271.0907925087,55423.861014382,,33487.4167650354
ARID1B,SPTA1,569.816866384414,416.058902808068,5597.57301855341,0.001,0.830079242999046,0.970150373795317,0.47678447494439,1.08431625231884,0.279518638148598,3.87922701506004,670.591842621535,408.808891374241,5,7,1,173,186,204.323238932023,1224.83792789839,190.113347629477,774.593288327804,311.98978932763,27222.4002737198,,10056.0059511961
ARID1B,SYNE1,462.342381408762,468.285328506499,6354.57571230947,0.001,0.693827491234801,0.986737174438396,0.166018332300664,2.30103783248329,0.527583759286778,4.36146449161737,670.591842624243,462.234631723314,4,13,2,167,186,143.524803626159,1074.19445339492,269.432652683435,746.990424695109,1033.06240611796,20894.3356896867,,9780.22139280007
ARID1B,SYNE2,350.258590294962,936.295648914431,14755.7460365652,5069.29623118336,0.787618683976007,0.994318351180051,0.135482126420851,1.0638753642483,0.0828530468204145,12.8405098554103,485.469360347088,974.626173998885,2,2,1,120,125,58.5236337379272,1071.71672615237,203.498024697962,2503.62207686899,,117958.033946493,,138260.898956182
ARID1B,TENM1,481.344875469078,352.751062660524,13151.6902710474,1124.37225455204,0.731669502556998,0.995672769697569,0.0408410968298861,2.2019764642382,0.253503455416086,8.68617928944598,670.591842622894,361.294397586336,4,5,2,175,186,149.852153155995,1113.18647738576,144.9003823177,694.170621809411,895.162375100385,52628.8012786476,,19183.7189090052
ARID1B,TP53,630.074031312963,1364.58710226425,987.979473378671,0.001,0.968840436917016,0.930826867691142,0.886874108318189,1.03427432335892,1.33797396385612,0.773015283778825,670.591842622906,1339.34191420634,5,39,1,141,186,225.888878717334,1354.82803380838,983.391211420323,1834.13381330736,56.1546483940132,4413.14674063706,,6447.753134467
ARID1B,TTN,490.894912335234,444.282454586963,0.001,0.001,0.96754473446502,0.961679447677701,0.930474399207402,1.30162064816686e-07,0.0582969717793162,2.23274144168956e-06,485.469360344085,435.615072819865,3,2,0,120,125,122.072107802432,1273.1125410972,73.8682590480866,1372.18418341885,,36803.3406179349,,25160.5764433898
ARID1B,XIRP2,679.688560160931,253.071308962522,0.001,9289.92023362443,0.995507938961916,0.793330162831453,0.0337308281995531,1.96411291279992,0.202646272718654,9.69232192850056,670.591842625828,375.215368908893,4,4,2,176,186,270.145883877448,1377.52259834022,78.5669542178895,587.982957481815,,35203.3846198503,1438.56147071584,36735.8425253274
ARID1B,ZFHX3,407.202381168684,262.750712577489,7033.98430525484,4591.72245617565,0.952421214489571,0.946639684915047,0.167377512571249,0.909206488538563,0.0849394025283851,10.7041780548753,485.469360347066,310.699805728247,2,2,1,120,125,72.4416196757499,1175.36492014196,47.1014512846168,754.917487155404,,78699.0993641814,,49515.8362316708
ARID1B,ZNF521,566.031262402253,444.848261417684,8317.85049357459,0.001,0.781016330062509,0.973780460649304,0.347833247937219,1.17411867226334,0.215294107734417,5.45355692554166,670.591842622889,437.194808266834,5,5,1,175,186,202.968632587375,1216.67037672373,176.798775789771,901.517626023225,460.127346668481,42065.9936787024,,14487.454740487
ARID1B,ZNF536,496.784947273714,261.164812996869,0.001,0.001,0.933856320048539,0.916888323102498,0.85626055866264,4.23052536866614e-07,0.137163548301184,3.08429274472889e-06,485.469360344094,256.618557388459,3,5,0,117,125,123.534627059175,1288.43126178884,93.6427634863029,561.436255966259,,14846.1357165815,,6536.25821203637
ARID2,ASTN1,841.856749332373,205.56004056664,0.001,6789.15708058417,0.995020141088262,0.929122868562856,0.0381302361772075,2.04847449944691,0.236851337657673,8.64877741331409,830.373433541788,284.73808824927,4,5,2,175,186,334.586804840969,1706.04482207724,73.7105831606555,441.835836122001,,40806.0374579623,1053.77515336854,26724.5937571131
ARID2,ATM,703.14943853778,795.606595120235,8329.2669041442,0.001,0.987681353298879,0.997838988261226,0.424030616463451,1.09495047780774,0.239772440786577,4.56662356280706,830.373433541158,784.837961303006,5,6,1,174,186,252.138404513703,1511.38964996153,341.840729730211,1538.80363679685,463.147299772614,41002.7224398138,,29413.0054847
ARID2,BAP1,832.921487088612,102.673458263554,0.001,7099.47122724549,0.997443127225965,0.93909635583598,0.11354976685398,1.04566366526189,0.0673802050919499,15.5188554833713,830.373433528459,202.577861874828,5,1,1,179,186,331.042026657315,1687.89494496119,5.85837359024016,452.087519940988,,292830.435549723,392.600278377918,35970.7812091757
ARID2,BRAF,830.283510763515,0.001,2359.59043775092,22137.3203946459,0.999999880873055,1,0.0295664729806391,1.05425414766052,0.0345056701712301,30.5530697543017,830.373433528459,317.975022141215,5,0,1,180,186,329.998446418572,1682.54662035248,,647.049737940776,,,1223.37050110826,112534.968454847
ARID2,BRCA2,720.21433806767,587.949385706553,18360.9995085359,20315.9626759362,1,1,0.0110754829657193,2.06885096345038,0.136583759134878,15.1471227366598,830.37343354314,823.569755979859,4,2,2,178,186,241.546853095521,1565.99121226824,106.947923498028,1648.55952462239,,167284.91930221,,110042.225229552
ARID2,CDH8,838.974513326287,147.177450170471,0.001,2724.04990546907,0.998626105235042,0.983482793982808,0.298265456435442,1.10011404106251,0.170864000494667,6.43853613328482,830.373433528459,181.64307995223,5,4,1,176,186,333.431969825587,1700.12848041116,45.6885784252779,341.918048228815,,48027.6094820296,150.652060049964,13788.8062312707
ARID2,CSMD3,770.806183654833,399.32708123234,3820.01407869105,6269.70847911364,1,1,0.0705786774028481,2.07654639738068,0.3013763129688,6.8902110352503,830.37343354512,471.551127241963,4,7,2,173,186,271.369306616157,1635.5791098134,172.689969476828,766.174544489732,,34431.4906030858,,29536.4244106442
ARID2,CTNNA2,841.756230380487,185.947861806368,0.001,6276.77683933596,0.993966396599243,0.906498656710911,0.0365985992914951,2.07535139560806,0.235524343977535,8.81162159528621,830.373433543756,257.633851874461,4,5,2,175,186,334.547820932302,1705.84824700126,66.6787916733244,399.678245294535,,41109.7948579945,974.18747170573,24719.2172214161
ARID2,CUBN,837.674973819771,181.883666785883,0.001,10215.4168148802,0.992766527889071,0.830809861147975,0.0170063203115874,2.10642960582936,0.170493884344422,12.3548689967909,830.373433541788,300.001390542199,4,3,2,177,186,332.928083486085,1697.55310813119,45.230679145262,471.678446864659,,64800.1101884548,1585.52460993218,40224.0414913739
ARID2,DMXL1,557.872380746142,1812.7054233261,30533.2884285023,0.001,0.881512878276129,0.996100967136748,0.0167567369693032,2.12453952309576,0.167634261230902,12.6736593551684,830.373433547218,1792.79182802307,4,3,2,177,186,173.186710181435,1296.04824494059,650.01794928706,3896.23497025085,4636.15118144066,134492.15950115,,132303.425401956
ARID2,DMXL2,841.060000843442,767.769080545538,0.001,32719.5539116147,0.98325300603118,0.708202909847148,0.0252620842100046,2.13460732229793,0.204547474846841,10.435754945869,830.373433541788,1139.83502445606,4,4,2,176,186,334.269360270137,1704.44729576909,238.345841269304,1783.66995747541,,42850.427548668,5077.37285150754,128911.964327487
ARID2,DNAH5,200.893267607751,326.455364970893,0.001,0.001,0.978300433112456,0.981446015071796,0.960150294945018,1.77663309891898e-07,0.0425735191596919,4.17309429426045e-06,196.524059319619,325.220922393112,1,5,0,119,125,11.4624977322613,884.600364543893,117.0586062668,701.734732697148,,18678.5980199995,,58594.1212973221
ARID2,EPHA2,837.752741480246,443.327158872462,0.001,23644.4467623597,0.995393367890815,0.921631820019309,0.0187830664280679,2.03928963991775,0.165672357389344,12.3091725865,830.373433547218,730.871375532647,4,3,2,177,186,332.958684811245,1697.71488738062,110.24782562343,1149.6464239194,,67849.8889936576,3671.66939074546,92862.4742958695
ARID2,ERBB2,699.252323726959,1132.99037971188,12422.1038071632,0.001,0.996638980040885,0.999475953651211,0.30633757470989,1.06809891694567,0.165131921063477,6.46815533948216,830.373433531072,1118.09175224148,5,4,1,176,186,250.742814810767,1502.99255211366,406.279053477563,2435.24473501737,680.193461693273,66536.9158334949,,60592.6018252882
ARID2,ERBB3,198.979188680484,1223.9596384663,0.001,0.001,0.987692535702239,0.990066063903611,0.97788128103807,5.10704886332036e-08,0.0170997761258695,2.98661738360079e-06,196.524059319645,1217.82820391089,1,2,0,122,125,11.3533251572123,876.161960017882,203.514756256845,3779.59215509999,,37998.4324702551,,413817.529931158
ARID2,ERBB4,557.61481734815,287.463852672496,32203.863693117,0.001,0.893382267393602,0.997432422907117,0.0151642714714581,2.20944443862788,0.168959440756235,13.0767740987942,830.373433541788,284.405642526536,4,3,2,177,186,173.106775345874,1295.445680479,103.082265874812,617.867480172939,4888.42547889578,141666.372779613,,22514.2758405602
ARID2,FAT2,847.138788715456,604.556886038152,0.001,6217.91427985675,0.988915818585998,0.922602675159949,0.462460602945027,1.06918983007639,0.265200125728686,4.03163394865895,830.373433538942,681.924457877195,5,7,1,173,186,336.682472240166,1716.79297726681,259.744511063741,1169.36193621155,,23820.0971881211,344.046395428625,31413.9054228886
ARID2,FBN2,841.569478314449,239.301814202576,0.001,3504.66821204037,0.995851393833923,0.959942236647264,0.356779217375183,1.07752771823592,0.203043757872387,5.30687438770293,830.37343353141,283.485337805152,5,5,1,175,186,334.475533438969,1705.48210523202,85.8079478825378,514.372973031653,,36493.8708478213,193.871733179619,17730.8400451205
ARID2,FBXW7,835.076239074113,534.359750117173,0.001,19529.328617508,0.996513853191604,0.927198281987283,0.17632011726968,1.08889875178449,0.101778866836654,10.6986723828639,830.373433528459,791.304900177839,5,2,1,178,186,331.895882816114,1692.26714891843,88.8520770800654,1650.10943814412,,97869.0999825058,1080.11757778273,98884.7971481906
ARID2,FGFR2,,,,,,,,,,,,,6,0,0,180,186,,,,,,,,
ARID2,GLI3,837.879873186152,104.722083892175,0.001,2433.11593325617,0.993921976252102,0.920125650177335,0.250490818101701,1.04879928947216,0.135851299238935,7.72020065577387,830.373433528459,137.755155239051,5,3,1,177,186,333.009077468478,1697.97499558708,26.0422116551493,271.574522231564,,56410.8833770388,134.546778970835,12330.3821694862
ARID2,GNAS,857.706409599304,1981.77982361868,0.001,0.001,0.824715911857784,0.844454407441166,0.696494523962359,3.00941897217293e-07,0.336929964912687,8.93188284085328e-07,830.373433539122,1947.74647114117,6,10,0,170,186,340.870962729115,1738.29713744606,992.768924150358,3477.22742731796,,8667.45945562812,,23511.0748634165
ARID2,HMCN1,853.391220091687,420.059879822807,0.001,3023.88532811411,0.991203456259787,0.955574530779817,0.594935653835425,1.07936568954849,0.364921061039814,2.9578059607547,830.373433543126,455.945564713206,5,10,1,170,186,339.157725085345,1729.47518636823,210.408903477946,736.816326251377,,17542.1580941827,167.316767454354,15260.552159766
ARID2,HYDIN,201.966385087726,545.726481803009,0.001,0.001,0.973118352993497,0.974569492201426,0.948374208971366,1.84935434558234e-07,0.052079635544968,3.551012456655e-06,196.524059319619,543.342517181337,1,6,0,118,125,11.5236813393885,889.340208187547,216.859333882291,1106.23188891521,,14873.1005766821,,70922.9761350555
ARID2,IDH2,,,,,,,,,,,,,6,0,0,180,186,,,,,,,,
ARID2,KMT2C,844.511866520852,491.34973574292,0.001,15685.3748727074,0.978555933733136,0.721498864842089,0.040007886020569,2.10144203054298,0.241247861326253,8.71071776135285,830.373433541788,680.321750870485,4,5,2,175,186,335.637869492044,1711.47238939318,176.189235447909,1056.13325859802,,32077.6625447812,2432.19233900681,61988.6865891819
ARID2,KRAS,728.382050823826,12213.9277664352,2737.53826667133,0.001,0.963468265430236,0.985673878020661,0.867083949139323,1.08320763531174,0.653554839306918,1.65740894285238,830.373433541027,12046.8596040257,5,20,1,160,186,261.173312152644,1565.76644287916,7703.61368304056,18217.343424068,155.011778771679,12409.8162180367,,145604.233852788
ARID2,LAMA1,812.314937400062,160.64300746419,2182.4339457651,4627.25999387276,1,0.996564244952016,0.0381445660385791,2.09583972537914,0.236892238557162,8.84722833531509,830.373433541788,213.698155932733,4,5,2,175,186,306.93482882988,1675.38314999126,57.6858573943622,344.52232195551,,46251.7083915042,373.385568252295,19315.2856673609
ARID2,LAMA2,839.810030063381,337.085041410836,0.001,6201.67104112187,0.993147511885492,0.915968631048415,0.298058455174916,1.08542375545309,0.167444400033176,6.48229355677484,830.373433539686,416.001609884709,5,4,1,176,186,333.775092433576,1701.89621874994,104.642226239785,783.157047231942,,43381.8883730467,343.102859366612,31351.2994717886
ARID2,LRP1B,863.957622345614,269.004753860197,0.001,3053.58898809308,0.987087354284964,0.919586928407522,0.197012733719189,2.0989261676105,0.535831824530995,3.91713607053418,830.373433544457,304.030486266109,4,14,2,166,186,343.356871077347,1750.98526107959,151.517927968792,435.645242467557,,14329.0470522552,474.616822727959,11960.6192804613
ARID2,LRP2,841.286795529264,224.351782064809,0.001,16982.0172226115,0.98177195013669,0.623460433816443,0.00127144506492732,3.09659207839892,0.23924950838244,12.9429401938374,830.373433531072,389.503246900732,3,4,3,176,186,334.362730248231,1704.91393339026,69.6471002133115,521.230812077299,,43623.5706537007,3727.58093934937,68186.0732065841
ARID2,LRRIQ1,834.655875377001,335.04519012018,0.001,12513.2959596263,0.999006725066234,0.973332252092698,0.173193777575849,1.07190892191389,0.0982965855851902,10.9048439020794,830.373433528459,496.300481104107,5,2,1,178,186,331.730610063447,1691.41645730078,55.7104462536113,1034.59699706242,,107637.662517109,692.220076634058,63287.308605778
ARID2,MACF1,198.655926457224,548.012125049434,0.001,0.001,0.989300131505458,0.992868590928997,0.982245424105293,5.86706983215796e-08,0.0167732167920531,3.49787992660878e-06,196.524059319686,546.029779636635,1,2,0,122,125,11.3348181778068,874.719686711231,91.117000119466,1692.43982415078,,43287.4161526171,,259041.872815018
ARID2,MED12,842.087646589804,622.91103717297,0.001,20810.3439028173,0.993378219345628,0.883495877646746,0.0372073153596933,2.07019808119249,0.233211734631026,8.87690357634808,830.373433541788,862.99142775954,4,5,2,175,186,334.679077850465,1706.52009813194,223.362407098028,1338.95962313511,,39909.7827595326,3232.27247799961,81681.5885851876
ARID2,NF1,854.204430422817,1143.91761506436,0.001,0.001,0.844977322029974,0.885075861436022,0.747902279875395,2.90428032208648e-07,0.267985502686893,1.08374531195434e-06,830.373433541039,1126.30141113452,6,8,0,172,186,339.480189676756,1731.2035876715,522.690279758439,2129.74134420057,,10001.3950660396,,18838.7149566863
ARID2,NRAS,836.257005579168,2942.9877073286,0.001,0.000999999999976353,0.958835408712975,0.968162067854673,0.928310081746436,4.93741283835595e-08,0.0623545305900325,7.9182904459956e-07,830.373433528459,2895.6291565585,6,2,0,178,186,332.364381189383,1694.68595638894,489.350368159017,9087.77477247375,,46701.05429972,,183322.042526528
ARID2,PBRM1,697.26826283638,693.321509440212,16636.3568544573,0.001,0.989431652982299,0.999445110001997,0.238162193295377,1.09883013511661,0.134557587528653,8.16624432184193,830.373433528459,684.572099403551,5,3,1,177,186,250.032752928201,1498.71323551821,215.235411771402,1610.72667770353,901.724491843443,95479.1276862056,,47450.2364622717
ARID2,PEG3,824.228778712998,146.642878749479,1617.66732124566,3183.87064978038,1,0.999036765316837,0.24065136657361,1.09622080150209,0.135575521624563,8.08568381936789,830.373433528459,187.428292991069,5,3,1,177,186,320.7204353641,1682.87449488274,36.5070249606964,379.547145627433,,69453.6895745155,,17227.6647384311
ARID2,PIK3CA,845.433304640105,935.672326683275,0.001,24433.7790486617,0.988461133732102,0.892275864465492,0.0557660367885665,2.07478491777143,0.279446560426734,7.42462141814553,830.373433542876,1233.51236682237,4,6,2,174,186,336.001654967168,1713.30883676029,371.864088721864,1896.19317690542,,30775.6000979429,3777.97981652431,97485.8904231662
ARID2,PLEC,835.938272041442,108.655943907617,0.001,0.001,0.961028154081991,0.968010070267386,0.930288019996502,3.5977922314967e-07,0.0670687415630933,5.36433537837021e-06,830.373433528459,106.895190297062,6,2,0,178,186,332.237774979389,1694.03547472181,18.0667694214162,335.532885856542,,49863.4720956783,,6735.42471861436
ARID2,POLE,835.593315000462,266.520512170296,0.001,9191.2826650467,0.994593876741233,0.908821276011668,0.185774278157466,1.05699561825302,0.102393318387833,10.3228964047191,830.373433528459,394.372924241964,5,2,1,178,186,332.09864096705,1693.31269565009,44.3169768593554,823.029045801002,,89865.5350374571,508.187946901746,46611.691345749
ARID2,PREX2,839.432095645552,278.560009986918,0.001,11584.2650692496,0.996408920183727,0.936305299309945,0.0267731092497111,2.08360952826488,0.199550069028439,10.4415374968772,830.37343354327,413.46040002669,4,4,2,176,186,333.62601062891,1701.12082146194,86.4760425708821,647.157173170113,,51930.9375248769,1798.39668514256,45572.0388932026
ARID2,PTPRT,823.031111822892,188.206335357297,1361.33013073267,2226.56332747728,1,1,0.374461688665756,1.07734761686369,0.206816536380974,5.20919475645373,830.373433528459,217.07804656352,5,5,1,175,186,317.44604063388,1686.49695616317,67.5654724816336,403.816052332519,,38700.7103706483,,12480.0375142309
ARID2,RASA1,839.900163177822,400.498580468164,0.001,7442.87923270116,0.991710895636955,0.899932786513475,0.295077800552234,1.08981157063234,0.167617304829235,6.50178435778226,830.373433542876,494.314011225175,5,4,1,176,186,333.810240211004,1702.07747861685,124.327940838719,930.476983342656,,42714.7118958895,411.715974517744,37655.9231362184
ARID2,ROBO2,837.754651835818,159.579907265092,0.001,3882.93195589927,0.9927632406809,0.893260607590486,0.239969444205495,1.07619533116419,0.134713673553647,7.98876092363123,830.37343353141,210.046271448412,5,3,1,177,186,332.9594624073,1697.720520994,39.6840520651252,413.843440606371,,56976.4925009893,214.770379568447,19653.8951067515
ARID2,ROS1,842.222508725546,602.090850253723,0.001,8678.80756648649,0.993064158446667,0.930973549477905,0.360468745561384,1.06899173958187,0.197561354961441,5.41093545238395,830.373433543126,713.137975253956,5,5,1,175,186,334.730672760219,1706.79187645094,215.896264151229,1294.16886778177,,34257.100986083,480.15739026758,43865.185904232
ARID2,RYR1,201.353473478708,279.208068416326,0.001,0.001,0.976064449742505,0.979461475219654,0.956019786769692,1.92060720697121e-07,0.0432070862580102,4.4451208662911e-06,196.524059319836,278.027544666546,1,5,0,119,125,11.4887985787274,886.641691740471,100.102692143567,600.329987729725,,16888.0877025833,,45166.8946069857
ARID2,SACS,861.264302870504,647.606930380497,0.001,8127.730976429,0.984335064334307,0.890967323862295,0.168860583197626,2.12504486930354,0.504896085469714,4.20887570820948,830.373433527241,739.177887651469,4,13,2,167,186,342.285905327446,1745.49503171987,356.195274127004,1066.38027404783,,15377.9913351491,1262.82805597431,31878.1656541534
ARID2,SF3B1,702.788370547369,2211.60675422021,8593.05876302097,0.001,0.945246382179391,0.99313484710284,0.41188982798719,1.14669317413455,0.244779601560884,4.68459449571141,830.373433528459,2181.50410595226,5,6,1,174,186,252.008866972432,1510.61289724518,950.222940672185,4277.66038026136,477.023646345244,42646.1569440997,,79230.5273953745
ARID2,SMAD4,867.760924249938,2646.46973413453,0.001,0.001,0.76949917173571,0.775750548393356,0.59701767022219,4.31378608542476e-07,0.518515565470369,8.31949197419277e-07,830.373433538928,2601.01344485104,6,15,0,165,186,344.861652549314,1758.72228231872,1522.62393345073,4221.71409461358,,6339.70538253056,,20856.9397405038
ARID2,SPHKAP,846.194244454079,737.079082384324,0.001,8570.4653084364,0.983608006934704,0.878180562554474,0.420872842911899,1.04625170636912,0.230648043159145,4.53613953120434,830.373433539686,848.404460449396,5,6,1,174,186,336.305288568876,1714.88231349342,292.942172444114,1493.72460669585,,25258.2764912248,474.212140873808,43302.2578531865
ARID2,SPTA1,847.623895069669,362.583222144518,0.000999999999976353,3609.86335619412,0.988927177178759,0.927835392264081,0.474395352092943,1.07586129074277,0.271845117949883,3.95762594103716,830.373433541172,408.808891374241,5,7,1,173,186,336.874698239862,1717.78414688706,155.785325923576,701.299770643249,,23245.6512932876,199.727733421651,18244.7332243516
ARID2,SYNE1,572.872202633628,467.223458607745,7873.70619131675,0.001,0.976632880474705,0.996568707480814,0.170364019446196,2.2033295693127,0.501774548952548,4.39107478430729,830.373433541788,462.23463172353,4,13,2,167,186,177.839133234298,1331.0018766568,268.81883571588,745.297571585193,1281.18879976911,25833.0682244066,,11771.2272474291
ARID2,SYNE2,199.282183996788,978.700937994678,0.001,0.001,0.973062633176457,0.987672078532766,0.97403546347882,7.99465706882024e-08,0.0258265370995479,3.09552033166699e-06,196.524059319787,974.626173991706,1,3,0,121,125,11.3706396900588,877.48997189225,243.379540011524,2538.1209931331,,31101.7281956611,,266079.790293286
ARID2,TENM1,839.374066333135,208.101452653016,0.001,15784.3809613214,0.994978836388128,0.905619688425124,0.0012814880244345,3.02678024605347,0.235205433309568,12.868666354615,830.373433526983,361.294397586062,3,4,3,176,186,333.609888415559,1701.03355914597,64.6007089088701,483.469222759848,,55520.561247492,3464.23727763478,63373.1276639965
ARID2,TP53,928.266307313535,1213.39396726329,0.001,14782.3558256888,0.970659410595253,0.890591917511806,0.0508116173785041,4.01174356518618,1.31089276003439,3.06031407563875,830.373433543155,1339.34191420772,2,36,4,144,186,368.857385196561,1881.80383026277,858.373236481701,1655.44896596651,,6553.34152766951,3719.76015014881,77628.0017193048
ARID2,TTN,198.316131550761,437.174662316085,0.001,0.001,0.990982779845367,0.992937603813995,0.98398435563156,6.35347962871322e-08,0.0170218117365721,3.73255193221443e-06,196.524059319645,435.615072818908,1,2,0,122,125,11.3155689466628,873.224344769095,72.689513553746,1350.09411669804,,51777.016991491,,208689.153382239
ARID2,XIRP2,841.783621577372,252.892273265745,0.001,10137.3550564743,0.982621212164456,0.716197417044106,0.0282690641277642,2.07802747008052,0.200289440756541,10.3751224339701,830.373433547218,375.215368907307,4,4,2,176,186,334.541359500815,1705.8373251375,78.5081958830113,587.543362109307,,39907.037658476,1573.88435598974,39853.0197989105
ARID2,ZFHX3,199.994250113464,312.066643692968,0.001,0.001,0.982682654074838,0.987058569916948,0.96996622409966,1.08930957760933e-07,0.0258011270025364,4.2219457216045e-06,196.524059319645,310.69980572749,1,3,0,121,125,11.4112690978109,880.648280657254,77.6018049341695,809.347116824439,,24677.7994030194,,80758.3078536641
ARID2,ZNF521,841.661569820594,369.118175369897,0.001,5318.69251710921,0.996262405317326,0.966021114197381,0.36188713543734,1.07476322430842,0.200839744808262,5.35134729101789,830.373433541027,437.194808268093,5,5,1,175,186,334.517441246876,1705.69290821137,132.36234531349,793.391081394973,,35964.9015946122,294.208850016944,26924.1475362028
ARID2,ZNF536,200.760834491378,257.821303867451,0.001,0.001,0.978951113940423,0.977141543647353,0.956575351870328,1.94540531094078e-07,0.0423683573420809,4.59164676891681e-06,196.524059322036,256.618557388473,1,5,0,119,125,11.4549651141443,884.014984423607,92.4484358597915,554.1998779084,,19252.855891285,,37373.1105032363
ASTN1,ATM,205.98031318377,795.952635853099,5799.1008887633,0.001,0.860633785066107,0.990838913510899,0.0494665541921166,2.24344966763102,0.296274011353383,7.57221214706925,284.738088249219,784.837961306556,5,5,2,174,186,73.8620286688855,442.746754986973,341.972864886292,1539.39968347822,911.417473978394,21569.8329689327,,32490.0167038117
ASTN1,BAP1,286.357879606817,102.971803990197,0.001,5922.28811738722,0.979325011460682,0.635012528685466,0.132057416826656,1.0875615141641,0.0822999825988154,13.2146019940927,284.73808824927,202.577861874828,6,1,1,178,186,123.036520833623,553.855142275185,5.87536676596951,453.401762543285,,44712.7855013249,329.178603631057,29207.8388157727
ASTN1,BRAF,284.7121888402,0.001,3459.89597605188,18605.1451199239,0.999999422349017,0.99488034950189,0.0349501811672725,1.05157116845689,0.0399051568671946,26.3517613013413,284.738088249904,317.975022141713,6,0,1,179,186,122.329945812902,550.642720110787,,744.612361270209,,,1033.82075823294,92013.2880627299
ASTN1,BRCA2,163.167751254109,832.185075042037,28884.2412485475,0.001,1,0.996312318250198,0.00039709454548283,2.87733629016871,0.15869732892158,18.1309686163057,284.738088249844,823.569755979859,4,1,3,178,186,50.654232313463,379.069430482651,258.347020415932,1933.31873295201,4404.67388463129,480211.375907976,,80740.2345954289
ASTN1,CDH8,287.431161995942,110.483596329215,0.001,4865.31803063115,0.988142750609158,0.819196120762172,0.0261626492703067,2.29828894811333,0.235561467491907,9.75664217320387,284.738088250136,181.64307995258,5,3,2,176,186,123.497443374409,555.92713368735,27.4750506428365,286.511954990895,,17590.2261524704,762.771924439863,18250.1868637675
ASTN1,CSMD3,165.22633938872,477.002887023183,7035.30154277668,0.001,0.765988961107487,0.987422937097918,0.00528401163752122,3.21211615320658,0.364883860018069,8.80311930773674,284.738088250136,471.551127241467,4,6,3,173,186,51.2924098753931,383.863127244919,229.189422734771,859.988666452899,1636.41136863242,21970.4012187299,,19488.1244249399
ASTN1,CTNNA2,205.808895932757,261.294464411698,6159.40394710873,0.001,0.769051903280076,0.985830312869536,0.0444519115381726,2.4954834311057,0.323187987260992,7.72146097463228,284.738088249706,257.633851874461,5,5,2,174,186,73.8016729650126,442.383673074231,112.265903538088,505.366799295888,963.769209107753,23264.4148888798,,10374.0029592904
ASTN1,CUBN,287.533454524632,121.340019097947,0.001,13848.1970389349,0.966674327738466,0.467615107089701,0.000661875120303591,3.25064118764112,0.225701928136194,14.4023633935444,284.738088249636,300.001390540078,4,2,3,177,186,123.539406722331,556.143161916073,20.1757834164025,374.704326131522,,19605.6399615226,3119.97771777357,48851.0241188826
ASTN1,DMXL1,163.5359806226,1812.38950877798,17974.2849752001,0.001,0.823327724490747,0.99621292599119,0.000536336006689192,3.02273236462171,0.202030621385448,14.961753539602,284.738088250127,1792.79182802307,4,2,3,177,186,50.7684086903328,379.925791842891,649.904773041174,3895.5333295876,3729.06178516163,98913.0148459266,,144206.766484263
ASTN1,DMXL2,163.916229446847,1152.61844677029,13180.3260259607,0.001,0.778210985296311,0.99241023817098,0.00107247776677425,3.29535387371707,0.271319251021953,12.1456692118409,284.738088249643,1139.835024452,4,3,3,176,186,50.8863027201638,380.810815658572,458.101363074602,2335.78085383562,2899.20855113796,52373.4875467655,,74853.0091812856
ASTN1,DNAH5,58.4640538940112,327.112243778599,0.001,0.001,0.979498791672808,0.971746833720397,0.951826980709552,5.57308159782402e-07,0.0530798099552779,1.04994377382278e-05,57.2612447965185,325.220922394471,1,5,0,119,125,3.33580106392734,257.439072175997,117.293150551494,703.160864363913,,5899.15772921634,,38117.7577178726
ASTN1,EPHA2,246.227711382974,743.227242723724,4279.55649081857,0.001,0.80775465944195,0.984159918697269,0.302594987553997,1.25011840252597,0.20555375969102,6.08171022707196,284.738088249901,730.871375533461,6,4,1,175,186,97.8614221068527,498.983244017945,266.510415507299,1597.52692480191,234.809563583175,22653.5365324832,,28956.1493183239
ASTN1,ERBB2,287.83245194297,1139.64819673134,0.001,0.001,0.927881177222371,0.909394480838236,0.843820160344713,4.95781367991998e-07,0.217789450822706,2.27642507990708e-06,284.738088249788,1118.09175224896,7,5,0,174,186,123.670490230934,556.703059260334,408.661938634998,2449.60363313442,,7872.26624744374,,23907.1383537492
ASTN1,ERBB3,0.001,1218.17157602507,11457.0304359326,6622.59060539313,0.724057094027703,0.99999923968625,0.0117537245769734,1.00246957061821,0.0184868850263492,54.225986107957,57.2612447965185,1217.82820391089,0,1,1,123,125,,115.748944112913,202.553445238412,3761.6205667014,558.465943007171,179032.222850094,,
ASTN1,ERBB4,163.279932782462,287.797283717502,24284.1330355112,0.001,0.355709153259968,0.988088236222044,0.000232415093930332,3.51572249192518,0.223306974867266,15.7438991505524,284.738088249636,284.405642526541,4,2,3,177,186,50.6891921503393,379.329620812089,103.202277285234,618.590984147799,4966.5772516221,131068.746372957,,20808.4883891912
ASTN1,FAT2,289.723705487837,430.953581599982,0.001,19677.9182386283,0.970113132390391,0.638510019825819,0.00408897757224556,3.26466044642688,0.358488098216484,9.10674709333144,284.738088249717,681.924457880001,4,5,3,174,186,124.478746378747,560.393515802955,154.529823642551,926.353229814384,,10234.1966301032,4448.06865569238,68813.7775445862
ASTN1,FBN2,288.62315002733,191.628104143162,0.001,6249.18244576182,0.979073431480785,0.757799474210902,0.0403402122667893,2.29111926797251,0.284869004612956,8.04271167052868,284.738088250048,283.485337804597,5,4,2,175,186,124.007365078125,558.251149162343,59.4878733294352,445.21085941825,,12557.2393818098,980.203925922101,23404.9975959108
ASTN1,FBXW7,286.31530216828,267.338830862539,0.001,35731.8421239073,0.97859416148073,0.528321190444474,0.00629986178717364,2.27713724452625,0.135578880084084,16.7956634773352,284.738088249844,791.304900177956,5,1,2,178,186,123.018025478681,553.769149637735,15.2540015119985,1177.15646906987,,48659.6167564409,5611.59808223477,133287.267689108
ASTN1,FGFR2,,,,,,,,,,,,,7,0,0,179,186,,,,,,,,
ASTN1,GLI3,288.328187776217,105.079217606862,0.001,1972.01060330429,0.970964682115587,0.736100052820926,0.294206154391246,1.16288953498637,0.182627581978742,6.36754603213073,284.738088249189,137.755155239051,6,3,1,176,186,123.88099700407,557.681028353326,26.130888601754,272.503507150353,,11580.1407265493,109.531395776297,9758.55095589556
ASTN1,GNAS,299.037999214784,1785.4560935217,0.001,10531.9739591815,0.855340854749922,0.635544636622347,0.586722951430893,1.13463396806379,0.448367486382939,2.53058931015959,284.738088249645,1947.74647116957,6,9,1,170,186,128.46113492434,578.554651128564,857.729292115497,3219.84022826865,,2546.96919953087,585.393209883298,51946.4296819812
ASTN1,HMCN1,292.701531666675,335.333509776816,0.001,9525.50835155608,0.955943026730228,0.611165624606479,0.0116889541897902,3.24033992071042,0.483037984291985,6.70825075063188,284.738088250136,455.945564717148,4,8,3,171,186,125.75310777793,566.194463513395,153.220654998018,624.347580652212,,6455.84870188276,2155.43276304669,33207.3390940845
ASTN1,HYDIN,59.5289318960705,546.861681660264,0.001,0.001,0.962022817944087,0.962857950337437,0.926297485043299,6.46375312848488e-07,0.0652067847380729,9.91270027260035e-06,57.2612447965185,543.342517182229,1,6,0,118,125,3.39646231085557,262.154327967353,217.306993648775,1108.55599775439,,3089.32394737308,,47998.3131668625
ASTN1,IDH2,,,,,,,,,,,,,7,0,0,179,186,,,,,,,,
ASTN1,KMT2C,164.164476787509,687.826407888699,11267.9411524235,0.001,0.5767313870291,0.986579833260319,0.00152484092950903,3.41544108424515,0.293718600771528,11.6282764362679,284.738088249851,680.321750874166,4,4,3,175,186,50.9637096940402,381.391235586915,295.529043415712,1330.35081958354,2544.68904827954,39369.4513673879,,35994.8913157795
ASTN1,KRAS,302.931770424997,11672.0999083949,0.001,32803.0786141943,0.95405709184873,0.929326652240265,0.912490952211623,1.03762508688019,0.781381600744283,1.32793642170718,284.738088250113,12046.8596037787,6,20,1,159,186,130.142112476381,586.04637849889,7272.08468756704,17569.9523193014,,2266.65068614904,1825.34882116693,160919.067341658
ASTN1,LAMA1,288.420626826222,123.486089910172,0.001,6974.77136594174,0.982759395793637,0.770375300305981,0.00265839469902772,3.25649199264495,0.319325397726557,10.1980362847102,284.738088249895,213.698155932961,4,4,3,175,186,123.921627471578,557.851223363426,38.3345878660654,286.889472079177,,13731.9530693133,1573.85194318839,24504.9691554316
ASTN1,LAMA2,288.59146401222,253.039428054761,0.001,11134.3167790648,0.961758535995468,0.509147502887794,0.0253504375826787,2.27509004681847,0.226017828824019,10.0659760278907,284.738088249674,416.001609886792,5,3,2,176,186,123.992616719144,558.200437220812,62.9249967303648,656.22046915602,,12217.746898671,1749.99092744129,41425.4789066036
ASTN1,LRP1B,297.880173790543,249.915485758966,0.001,4222.39679373728,0.934467269298505,0.587870275494011,0.0379626771626494,3.20510850263012,0.673153781070556,4.76133179781424,284.738088250016,304.030486266327,4,13,3,166,186,127.973419939029,576.240862247498,137.454529162223,411.534282210661,,3805.81128972147,955.951888860919,14693.4061935423
ASTN1,LRP2,288.774234970078,225.053864037749,0.001,12836.4388552309,0.973649676902948,0.668160976947595,0.00256280119487783,3.23581579230715,0.307588886690507,10.5199372679644,284.738088249419,389.503246900728,4,4,3,175,186,124.074558573816,558.562413782334,69.8656575657218,522.874528451966,,13028.801682942,2896.09828513722,45106.7942405636
ASTN1,LRRIQ1,203.812903170459,503.067957936572,26431.4738061127,0.001,0.676558424725172,0.995705445687446,0.00419756891066388,2.15958081600274,0.134408954088933,16.0672392002532,284.738088249636,496.300481101204,5,1,2,178,186,73.0854665374971,438.072366105735,125.105336272167,1304.55832427043,3415.47160221132,387221.065026124,,49680.654619563
ASTN1,MACF1,58.4591416259565,548.918753733907,0.001,0.001,0.979562951531481,0.989663799350543,0.969439111669171,2.08844216837952e-07,0.0213549269738958,9.77967366000562e-06,57.2612447965185,546.029779636635,1,2,0,122,125,3.33547489792497,257.432350963744,91.2676610710991,1695.26281798845,,6595.29485846467,,178248.796603717
ASTN1,MED12,289.048989505308,498.702953908171,0.001,28069.953581896,0.969083122012112,0.590648594053053,0.00262726334568157,3.2257248521382,0.311350966895961,10.3604137937882,284.738088249844,862.991427762514,4,4,3,175,186,124.189442700276,559.083611322363,154.813780191727,1158.64670555706,,11804.6652712297,6346.75001820039,98093.4856213267
ASTN1,NF1,293.458506337766,1001.62424488613,0.001,8517.01768939359,0.921721239570401,0.677809947076401,0.496563433500488,1.19708338618662,0.348025945108354,3.4396383459685,284.738088249384,1126.30141113332,6,7,1,172,186,126.073523875899,567.65542164297,430.312498277002,1937.35466454383,,4336.53181813652,473.3443068456,41976.2662966538
ASTN1,NRAS,286.45461917471,2949.05982581736,0.001,0.001,0.959167324818816,0.964174085546165,0.924806457915846,1.43726696868996e-07,0.072558601117158,1.98083610565927e-06,284.738088249904,2895.62915658581,7,2,0,177,186,123.078965503578,554.035726693677,490.360937809171,9106.58339002799,,16461.0339216221,,161434.171122095
ASTN1,PBRM1,286.574318963508,346.913688111988,0.001,23161.0988221921,0.990705068539823,0.810771623634264,0.014614877761861,2.28047011642695,0.180956993277796,12.6022767902984,284.738088250127,684.572099407048,5,2,2,177,186,123.130530080685,554.266559766669,57.6836514932124,1071.26220087344,,28397.4825847916,3640.79834879123,86126.6092431079
ASTN1,PEG3,204.420177777092,190.037429792004,12852.5420393895,0.001,0.87421604908568,0.995175447566989,0.0131417165520808,2.18622274265753,0.183791549603977,11.8951211161137,284.738088250127,187.428292991234,5,2,2,177,186,73.3029433786025,439.381641747972,58.995456187023,441.493491186237,1867.91783638118,74642.3548791436,,13857.9702189743
ASTN1,PIK3CA,164.991017657679,1247.82649855591,7669.01696923815,0.001,0.920013784618615,0.988668101758107,0.0043734736366204,3.09675081009268,0.336140862011752,9.21265802544533,284.738088250083,1233.51236681377,4,5,3,174,186,51.2189578476632,383.313614385845,570.196363740452,2323.05732905,1758.26574371049,25203.7523841614,,57397.5740951785
ASTN1,PLEC,286.976631152957,54.3742628516212,0.001,3007.72509341149,0.965547022049794,0.52095805798549,0.135106399930441,1.11972139548812,0.0890400619478313,12.5754786215688,284.738088250136,106.895190297117,6,1,1,178,186,123.300206788051,555.069915150123,3.10247326307722,239.423419741453,,31414.2189244979,167.147690063755,14845.763462109
ASTN1,POLE,286.857409691194,133.296809749763,0.001,17257.1181729022,0.966539983950703,0.422728933830027,0.00661433929184998,2.13834848953935,0.123825043856509,17.2691115055635,284.738088249636,394.372924241964,5,1,2,178,186,123.249203122457,554.833664427571,7.60567945334956,586.932001623687,,35532.8264145017,2710.93777821366,64315.9398394988
ASTN1,PREX2,288.533026458911,279.417494096924,0.001,9188.79410184871,0.982003493203461,0.768883591069929,0.0396266315498813,2.23464902551806,0.260758123156082,8.56981557648526,284.738088249419,413.460400024872,5,4,2,175,186,123.959091371367,558.025091474542,86.7465799700237,649.191092209775,,12654.1118372973,1444.86827673764,34141.8012288466
ASTN1,PTPRT,289.438806042539,146.788038233144,0.001,4676.14365165112,0.962127274624858,0.59660160805858,0.0412915130204021,2.20378527034363,0.265845574847898,8.28971959230283,284.738088249844,217.07804656308,5,4,2,175,186,124.355832715316,559.849700182639,45.5680293606067,341.034869642902,,10079.2384127456,734.13808416318,17462.3619609288
ASTN1,RASA1,288.630414057353,300.632451038782,0.001,13385.2877234861,0.959783581751935,0.480951623057911,0.024817578866698,2.30916142348384,0.231051999245426,9.99412007264661,284.738088249219,494.314011225175,5,3,2,176,186,124.009744152954,558.273413114387,74.7605276082344,779.641582431257,,11553.587913412,2101.15944686277,50007.1205679429
ASTN1,ROBO2,287.64703243019,106.470730844275,0.001,7029.0881642239,0.965494770899926,0.483019733186947,0.0145924044282586,2.28724637217705,0.184778525218107,12.378312736706,284.738088249717,210.046271448717,5,2,2,177,186,123.5878438816,556.367466792278,17.7032942710109,328.789998157955,,18210.4956342171,1103.43863786613,26257.223071547
ASTN1,ROS1,289.07404507521,481.867941438772,0.001,16060.7014635653,0.968917660287835,0.627541559971061,0.0380290247818895,2.22543275629822,0.253638722513569,8.77402604083518,284.738088250136,713.137975252937,5,4,2,175,186,124.199650552371,559.136260716811,149.589033470512,1119.51258372233,,11284.8917250699,2528.40920210663,59396.7615813481
ASTN1,RYR1,59.8162848956178,279.588937030046,0.001,0.001,0.957394818489305,0.973157352178003,0.93170120837544,5.63966130578617e-07,0.0522324467454149,1.07972374590728e-05,57.2612447965185,278.027544666529,1,5,0,119,125,3.41281840365526,263.435866810555,100.238349069418,601.155486056707,,2764.26530082469,,34347.020253573
ASTN1,SACS,296.002635940427,546.675728086561,0.001,18312.9964544372,0.930072349466139,0.43424407259034,0.00195446904726042,4.23494936999759,0.64761469742611,6.53930398248996,284.738088250048,739.177887646445,3,11,4,168,186,127.169730496336,572.585761987563,283.825659098284,936.466435243333,,4443.60430215401,4860.58233892274,70654.5231632479
ASTN1,SF3B1,164.774175371178,2204.11897265524,8353.34834114526,0.001,1,0.997369497331708,0.00423793881161281,2.91110388228599,0.302265522766903,9.63094915899799,284.738088249844,2181.50410590507,4,4,3,175,186,51.1516851166076,382.817865823266,947.016335441243,4263.09892882567,1811.46911829284,31333.7218051862,,124017.051569843
ASTN1,SMAD4,297.990155735033,2654.09311549727,0.001,0.001,0.729565826092393,0.743744816239252,0.542709824907934,1.22002445648861e-06,0.597640266667912,2.04140270415637e-06,284.738088249858,2601.01344485104,7,15,0,164,186,128.024181343552,576.428114589932,1527.00009256814,4233.9433805357,,1808.0280597437,,17759.2456743106
ASTN1,SPHKAP,122.852971949868,854.477761556539,18111.9728373996,0.001,0.757311059145821,0.992710278711951,3.89001367304774e-05,4.32727622274252,0.296138118233103,14.6123580731891,284.738088249219,848.40446045345,3,3,4,176,186,30.5513665438853,318.58588913711,367.141077226155,1652.63448067326,4466.29907558962,72982.1762735035,,64969.9955367117
ASTN1,SPTA1,206.69829526971,414.412734439491,4657.27044770013,0.001,0.96811958238906,0.994222587679126,0.074610529274415,2.20027622298893,0.341944884041164,6.43459319228784,284.738088249419,408.808891375486,5,6,2,173,186,74.1175447703184,444.295754753933,189.366329031048,771.499247248756,729.089432032843,17429.1107873277,,14949.0707049658
ASTN1,SYNE1,125.73921421205,465.711639578925,5022.43703198699,0.001,0.997792657230829,0.988084597411336,0.0022184001374367,4.41199931916966,0.645190361076477,6.83829081359555,284.738088249844,462.234631723673,3,11,4,168,186,31.2678462888992,326.097858821569,267.954697677156,742.87597496296,1466.42111019332,13402.4725661208,,16395.9257627143
ASTN1,SYNE2,58.2056059080423,979.660884974358,0.001,0.001,0.967914962014579,0.984811390416991,0.968882646159353,2.75770856070917e-07,0.0294224911773112,9.37279084932056e-06,57.2612447965185,974.626173998885,1,3,0,121,125,3.32105368579735,256.3043978201,243.618207894174,2540.63710182517,,8315.9886081482,,215394.695870973
ASTN1,TENM1,287.953563998066,156.136846592396,0.001,19357.0580197376,0.972093464498961,0.64847878200467,5.18548952743716e-05,4.19642101396153,0.314981415421343,13.3227574977657,284.738088249636,361.294397585377,3,3,4,176,186,123.719725690358,556.953377065391,38.8277463271363,404.909686387734,,17196.563421941,5102.05591689243,75712.1353556581
ASTN1,TP53,228.499986936156,1361.97804111929,733.281966852228,0.001,0.98717259079308,0.990387016565472,0.897559703093154,2.09722687287589,1.5862326932488,1.32214326548806,284.73808824946,1339.34191421156,5,38,2,141,186,81.9193462083367,491.340526538359,981.59656610462,1830.66382662065,120.982648860579,2311.03177379975,,8447.99136668964
ASTN1,TTN,58.031867493902,437.950881565898,0.001,0.001,0.986760938950322,0.989476745342716,0.9763777588052,2.15589346031799e-07,0.0215312584592087,1.00128539369975e-05,57.2612447965185,435.615072819865,1,2,0,122,125,3.31114191063634,255.537661483074,72.8182485589282,1352.5062253888,,11368.8741689722,,139654.42586567
ASTN1,XIRP2,289.632504125008,189.711215325209,0.001,14304.6306377891,0.938447951363419,0.278089244787357,0.0013850214397334,3.14599108718633,0.240387285244358,13.0871775684324,284.738088250498,375.215368909187,4,3,3,176,186,124.436353701544,560.239304922714,47.1774424928021,491.975337106928,,9402.84297845656,3239.39962931156,49757.1602765548
ASTN1,ZFHX3,58.6713765192694,312.517819774953,0.001,0.001,0.97603694304381,0.982906533664382,0.959354991469281,3.21698691861487e-07,0.0305851104715356,1.05181471278608e-05,57.2612447965185,310.699805727763,1,3,0,121,125,3.34756760881808,258.371648173528,77.7133848600843,810.524732334113,,5383.65468044278,,60910.7347752831
ASTN1,ZNF521,205.271374897323,443.355660445916,7696.72795764475,0.001,0.745052775072372,0.988241332644767,0.0299964342372058,2.42072220381963,0.268482500170034,9.0163128035777,284.738088249219,437.194808267049,5,4,2,175,186,73.607775140261,441.214674494624,176.208775829235,898.462877788153,1193.54104882582,30343.8164526517,,20839.1737221634
ASTN1,ZNF536,58.5831097750096,258.120800885691,0.001,0.001,0.977502872458124,0.971560622422965,0.949705528126676,5.36133763192129e-07,0.0491762250025074,1.09022960417314e-05,57.2612447965185,256.618557388221,1,5,0,119,125,3.34261390094059,257.966752440287,92.5553299842188,554.850658081845,,5318.27951420839,,29874.6898331454
ATM,BAP1,787.750747970121,102.837740277417,0.001,6223.03745671917,0.992806949321322,0.825254015523323,0.127550249508232,1.10650037785318,0.080132792740152,13.8083341415698,784.837961308872,202.577861874037,6,1,1,178,186,338.457253207703,1523.5064562687,5.87031378446181,453.01011187045,,199179.11381002,346.124841981529,30648.4311217453
ATM,BRAF,784.834320982914,0.001,3517.5106406088,20092.2892452362,0.999999819655068,1,0.0323466987048453,1.13012290916226,0.0401807651549711,28.1259678556034,784.83796131057,317.97502214093,6,0,1,179,186,337.221036860796,1517.90612179496,,667.053302086361,,,1117.02985172039,98976.3102268739
ATM,BRCA2,789.705026116852,417.280246324696,0.001,28105.065710656,0.993823593564903,0.870573941771644,0.0143902898874724,2.14221667085166,0.159251214696757,13.4518074159172,784.837961305488,823.569755965533,5,2,2,177,186,339.310640279509,1527.35890087061,69.3836602582417,1288.53992883696,,84472.76673305,4421.67276588155,104183.74774453
ATM,CDH8,791.334311786797,110.347016411847,0.001,5302.13020768047,0.994195991670803,0.864415302765756,0.0223029198669368,2.27158766907376,0.213979923220815,10.6158915980618,784.837961308009,181.643079952843,5,3,2,176,186,340.008194596849,1530.50714633808,27.4409395484821,286.153538808346,,56483.1840119707,831.968834008463,19833.4874583399
ATM,CSMD3,571.155019388151,478.066447340689,11252.0839706727,0.001,0.950288585770873,0.995017138434106,0.0905444519780165,2.16061309662323,0.357052811576056,6.05124235567878,784.837961305488,471.551127241117,5,7,2,172,186,204.806784789253,1227.67887180666,229.699231324234,861.913054425341,1797.18485314878,39303.8147324354,,15589.305085471
ATM,CTNNA2,797.242420989783,224.181575616654,0.001,2359.53762311348,0.99493480890455,0.961725010445038,0.459395623495315,1.19079541767795,0.294791147172804,4.03945447174476,784.837961315282,257.633851875047,6,6,1,173,186,342.560134816196,1542.05410225623,89.0938671211113,454.284810117978,,24970.2728733566,131.067457702048,11663.2991254825
ATM,CUBN,792.993512260472,182.330626174459,0.001,8467.89292658776,0.981643110743885,0.680072154026085,0.0233850500775972,2.22460497932836,0.208993624969997,10.6443676434997,784.837961309685,300.001390541033,5,3,2,176,186,340.71749048367,1533.74689535318,45.3417542817183,472.840632942407,,45264.3117837627,1330.95819766524,31491.0170684347
ATM,DMXL1,564.868753140014,1818.9905932125,25177.0578794362,0.001,0.782902031826403,0.990427032753844,0.0227877261594919,2.1560744879713,0.197708526184728,10.9053187011105,784.837961303824,1792.79182808225,5,3,2,176,186,202.557137283433,1214.13322424458,652.27251786095,3909.82027167408,3823.27749562682,110835.303862074,,97681.3818030563
ATM,DMXL2,793.980835738722,769.517684934633,0.001,27339.4562610338,0.989147476592284,0.812381557172048,0.0345820631563768,2.26824362602732,0.25227864001233,8.99102526443164,784.837961306556,1139.83502446751,5,4,2,175,186,341.143562008524,1535.65140898083,238.889493580596,1787.75141874409,,39294.3277628004,4300.51351362256,101399.466550339
ATM,DNAH5,321.334691263483,261.207685362197,0.001,14176.3314749847,0.991290272236861,0.904181210293425,0.12795342729507,1.05919152624336,0.0932991827828167,11.3526345531768,315.97818237392,325.220922394113,1,4,1,119,125,53.4300082536729,992.293487484877,81.0867091892781,606.879748993202,,31408.1379694233,673.629143489778,275423.958004586
ATM,EPHA2,794.968791501153,745.347827850401,0.001,0.001,0.914915695661677,0.90717444524472,0.83000091827285,2.68861787383959e-07,0.197794636021906,1.35929766747659e-06,784.837961310736,730.871375533461,7,5,0,174,186,341.566975847902,1537.5674439516,267.269139189885,1602.10101805764,,18288.4474678184,,15233.1016161105
ATM,ERBB2,794.252567196446,1138.84604065234,0.001,0.001,0.920640159862736,0.912589365010002,0.840176546835278,2.26647539113673e-07,0.203074759488927,1.11607931819824e-06,784.837961314442,1118.09175224413,7,5,0,174,186,341.260200666826,1536.17315174617,408.37694927066,2447.88174109613,,19648.5347273405,,24820.4678431904
ATM,ERBB3,319.462623112111,1226.66300625365,0.001,0.001,0.978379063631962,0.98572997789801,0.964418462711559,7.11810249527656e-08,0.0352012517507985,2.02211630020091e-06,315.97818237392,1217.82820391089,2,2,0,121,125,53.1187806992711,986.505726786875,203.965271206468,3787.96357137527,,34251.6507079591,,200828.488803148
ATM,ERBB4,564.445608600333,288.214984961396,27859.2227722992,0.001,0.784720108435962,0.993748426576645,0.0189017167122796,2.35757354374042,0.208190285228835,11.3241285065202,784.837961308009,284.405642526536,5,3,2,176,186,202.387102271152,1213.10621395098,103.348545299039,619.4702409643,4226.57208480485,122414.749648632,,17492.7740038498
ATM,FAT2,799.881929432931,518.168588167444,0.001,11875.0795935069,0.976217229682317,0.739685819938242,0.0671571103806448,2.1945549704278,0.329136367243385,6.66761618841408,784.837961308178,681.924457880001,5,6,2,173,186,343.671947877812,1547.12658853018,205.934132424354,1050.14285115176,,23584.3445984357,1866.5009583088,44164.2186075671
ATM,FBN2,793.901311759592,191.365750231895,0.001,6853.15166771156,0.989437678367428,0.820710040333784,0.0343019323408894,2.24865400839669,0.256807941120662,8.75617007240503,784.837961308178,283.485337805109,5,4,2,175,186,341.109065728276,1535.50024658295,59.4066294644231,444.597929354334,,40305.423749344,1074.88408668787,25675.4284933002
ATM,FBXW7,787.717493310769,266.992455888807,0.001,39118.6187973973,0.991625543858582,0.682084827947492,0.00532081947823948,2.30029183221409,0.125970751085326,18.260523275407,784.837961305488,791.304900198154,5,1,2,178,186,338.456973732127,1523.49888752965,15.2341357914748,1175.61617602164,,213232.190910752,6153.94526289948,145004.750762592
ATM,FGFR2,,,,,,,,,,,,,7,0,0,179,186,,,,,,,,
ATM,GLI3,793.181083241959,104.895677385997,0.001,2185.31962747792,0.979619103720409,0.770111169858828,0.27051987546995,1.17902675601526,0.168549104324042,6.99515290065585,784.83796131057,137.755155239051,6,3,1,176,186,340.799978010895,1534.12107833719,26.0850580217208,272.022038532033,,37883.7681170645,121.502803511119,10797.0845343027
ATM,GNAS,813.374199600947,1783.01402154016,0.001,11236.8068552531,0.927945466440189,0.757936060507693,0.610075231772651,1.10144087307183,0.414945707996574,2.65442165528055,784.837961318978,1947.74647116957,6,9,1,170,186,349.448244680278,1573.36470526018,856.558331585909,3215.39992811371,,10196.54062461,624.315255248496,55534.8153259402
ATM,HMCN1,806.377317536609,378.053737781274,0.001,5683.1725877107,0.975789247570808,0.807708261227516,0.128023744766039,2.17675716912178,0.449863818251515,4.83870247129938,784.837961311492,455.945564715918,5,9,2,170,186,346.456136282188,1559.73568608528,181.631140252319,681.686895791562,,16756.6371076157,893.829468615256,21088.9133961412
ATM,HYDIN,326.220939505191,547.288777072723,0.001,0.001,0.938396561021849,0.958599743089179,0.899555696853059,2.94028837069527e-07,0.11361511189207,2.58793775029543e-06,315.97818237392,543.342517182372,2,6,0,117,125,54.240750422126,1007.46032755824,217.478580035768,1109.41157296772,,10274.8032617666,,31302.9553440957
ATM,IDH2,,,,,,,,,,,,,7,0,0,179,186,,,,,,,,
ATM,KMT2C,796.432396246686,492.456408100409,0.001,13265.7962009136,0.989650016873347,0.86812141368681,0.053351818815304,2.1887212832731,0.286278700463466,7.64542133148469,784.837961306556,680.32175087073,5,5,2,174,186,342.194503603715,1540.4079630927,176.586465724062,1058.52126407465,,31170.450152619,2088.16131928781,49089.8052384031
ATM,KRAS,475.034070362274,12158.6569640785,6651.99732867967,1831.73067132232,0.856979587590762,1,0.0785629255667455,3.05613635942469,0.763758728900977,4.00144213582,784.837961310215,12046.8596046311,4,18,3,161,186,147.491221214614,1103.83540424608,7661.73621769906,18144.6750391107,1565.19776378751,18273.8027708891,,227811.398625892
ATM,LAMA1,793.647819170325,123.382820612544,0.001,7422.93543748232,0.994334632011473,0.894932886229211,0.00223465093805423,3.19910777248655,0.293231090069618,10.9098519250705,784.837961310963,213.698155932733,4,4,3,175,186,340.976144791522,1534.88079834368,38.3034327644248,286.654341165294,,45141.551361942,1678.30120847382,26056.8309974326
ATM,LAMA2,791.663107493032,168.105032999487,0.001,20630.6670735073,0.974697583183991,0.455021194360507,0.00053570108271125,3.20509430253306,0.207140617055302,15.4730363754655,784.837961306216,416.001609885537,4,2,3,177,186,340.17674385872,1531.3127466271,27.9513855077653,519.116930387509,,59857.9966939409,4659.15928129399,72199.3495223182
ATM,LRP1B,816.410264666285,249.794480727548,0.001,4331.5737730985,0.96886622244394,0.769886919899787,0.0367376261900028,3.16004670176484,0.645177011742284,4.89795303343375,784.837961301659,304.030486265594,4,13,3,166,186,350.809592566612,1579.42123983067,137.399543880636,411.367194203789,,12621.1789701185,981.42164290239,15023.1882295269
ATM,LRP2,795.622563690616,224.926938126632,0.001,13420.4957644156,0.977024144058795,0.604976347994503,0.00223992507204088,3.21515398613611,0.290710546758925,11.0596399820414,784.83796131767,389.503246901861,4,4,3,175,186,341.845850907691,1538.84935692302,69.8252900085418,522.569343560178,,35018.4043487141,3036.24778411047,46789.7890847933
ATM,LRRIQ1,561.965964806539,502.729328029201,64761.1050406675,0.001,0.925704600297788,0.999059815707586,0.00532329181705964,2.09351520519443,0.122896472230918,17.0347868184596,784.837961303824,496.300481104573,5,1,2,178,186,201.516870974979,1207.87326936654,125.020683445938,1303.67101838308,8348.97964872984,989905.946251617,,54049.5676008698
ATM,MACF1,320.459364792984,549.94490074689,0.001,0.001,0.972324966761653,0.98602572292725,0.958739215044458,9.31346238448958e-08,0.0366421086894556,2.5417375575794e-06,315.978182373822,546.029779637981,2,2,0,121,125,53.2839887035243,989.611166167057,91.4382274295201,1698.43431975826,,26665.7840864465,,95028.0891865358
ATM,MED12,797.065358474485,624.75551331364,0.001,16799.7446192817,0.98453348177265,0.809253224008145,0.0534958411484679,2.15698922899036,0.287851277814129,7.4934155073759,784.837961309685,862.991427760396,5,5,2,174,186,342.473506359942,1541.68827467109,224.003998659113,1342.82573728379,,29576.652630862,2638.02157184089,62469.5778002635
ATM,NF1,805.569504206644,1000.65365200584,0.001,8970.03208121178,0.942686066354428,0.725811311363492,0.48812826353377,1.1803461906236,0.327330052507532,3.6059817348926,784.837961313856,1126.30141113038,6,7,1,172,186,346.107659900325,1558.18658089233,429.917438941294,1935.55979569808,,13876.8372068906,498.607944837368,44227.4211831781
ATM,NRAS,789.945363404162,2949.90458394074,0.001,0.001,0.955977045752577,0.963657065698874,0.921236358388836,6.02860135940709e-08,0.0726381716660971,8.29949490898441e-07,784.837961308414,2895.6291565585,7,2,0,177,186,339.412199291625,1527.83306994453,490.493827844866,9109.05949067387,,41387.6753902996,,159027.403202828
ATM,PBRM1,789.192573859205,346.614190987213,0.001,24582.1389433873,0.996619867022014,0.898696645210878,0.0130821758840579,2.24177482497547,0.167126229340578,13.41366243839,784.837961303824,684.572099396016,5,2,2,177,186,339.09058555877,1526.35676592498,57.6338773275018,1070.33217839283,,92677.7247492734,3866.67526602511,91169.5863172668
ATM,PEG3,772.296542009677,53.4306139793863,5569.68387632385,11299.5229126564,1,1,0.000180228644922237,3.25792111364436,0.168738853075431,19.3074745635966,784.837961306859,187.4282929914,4,1,3,178,186,323.819886804893,1507.09099790175,3.0568500443297,233.294747218951,,385161.005803165,2282.21854149854,40360.9861399549
ATM,PIK3CA,798.749786967799,937.093048516565,0.001,21812.6005696275,0.984018403760934,0.803222339590089,0.0656302833269412,2.25505377494955,0.330893572300546,6.81504255060391,784.837961306556,1233.51236682595,5,6,2,173,186,343.188553052775,1544.90546413634,372.433546609068,1899.09215488217,,25392.2080061704,3433.92212919417,80674.7753738
ATM,PLEC,789.132619769577,54.3147113838809,0.001,3195.53046724092,0.98105796664449,0.646454878032036,0.129521843638106,1.09670224747583,0.0824340804294436,13.3039907980112,784.83796131057,106.895190297117,6,1,1,178,186,339.061140401438,1526.26752160045,3.09907869523277,239.160397872084,,130015.416134214,177.557383117204,15784.3731010242
ATM,POLE,788.97123913817,133.159460956377,0.001,18350.3299386057,0.981805704902633,0.547877814799776,0.00593088452259617,2.19599088425758,0.121203076221074,18.1182768022496,784.837961303824,394.372924241964,5,1,2,178,186,338.98772643244,1525.9248628928,7.59858559336615,586.38170698753,,148368.946753589,2887.65190985959,67951.3081271353
ATM,PREX2,793.828343272525,279.242131624302,0.001,9612.31292057718,0.992723417659258,0.882469437484903,0.036801418533498,2.19613853710359,0.244589651178492,8.97886941054969,784.837961308142,413.460400024466,5,4,2,175,186,341.081464030217,1535.36721750435,86.6877937970919,648.747550528216,,40549.8417705104,1511.84835012994,35674.5369975526
ATM,PTPRT,795.336115330383,146.623494268598,0.001,5025.71323963263,0.980087166672302,0.71551626675851,0.0365998376324775,2.21702639549764,0.250804930082438,8.83964439921064,784.837961305488,217.07804656308,5,4,2,175,186,341.723902172973,1538.30745671813,45.5170067709271,340.649263526859,,34578.8315791611,790.607598015401,18633.493265839
ATM,RASA1,792.98367289734,300.248834353468,0.001,14595.4468022145,0.979607789092294,0.620309477681557,0.0215108074712511,2.27822265712691,0.210393106508105,10.8284092332614,784.837961306592,494.314011218682,5,3,2,176,186,340.71031671254,1533.70833220794,74.6654973525719,778.64424415661,,43543.9618297954,2289.55648408222,54655.9627724272
ATM,ROBO2,791.554015818356,106.339087392722,0.001,7643.05013040525,0.975696673327897,0.52355793080803,0.0125391566254263,2.25453541795473,0.167863852800156,13.4307379483228,784.837961308142,210.046271448717,5,2,2,177,186,340.099164779303,1530.96716556841,17.681470136802,328.382347376017,,59132.2414857919,1199.8319831826,28546.2923075132
ATM,ROS1,795.10642290609,482.047487409182,0.001,15634.1574782888,0.985765600048765,0.819594567132304,0.0407556050648857,2.08314075330092,0.239865057080995,8.68463618107372,784.837961303824,713.137975254594,5,4,2,175,186,341.624297124942,1537.84937219182,149.644601776733,1119.93297542414,,36122.8444798612,2459.49865951731,57975.3392051378
ATM,RYR1,325.411407805625,280.337406141811,0.001,0.001,0.943064098547759,0.96046950614539,0.905793292770569,3.22561088788795e-07,0.092341508304294,3.49313212131922e-06,315.978182373801,278.02754466626,2,5,0,118,125,54.1062235774676,1004.95809851097,100.506315776195,602.769156564917,,11244.4257810584,,16541.0052464244
ATM,SACS,815.796973540237,649.407702173155,0.001,6640.84056961586,0.969806150872089,0.828486161355502,0.225080372836507,2.20140966737118,0.613174542333227,3.59018438533744,784.837961302054,739.17788765121,5,13,2,166,186,350.495913286266,1577.99361199753,357.181712534313,1069.35565957552,,11657.8881302801,1045.06701889662,24594.7302383288
ATM,SF3B1,796.853490441259,1578.19061215822,0.001,44423.4581800705,0.982554741059146,0.763003887906498,0.048894155787697,2.26954140541738,0.292812439395826,7.7508367134273,784.837961309685,2181.50410589758,5,5,2,174,186,342.370903232468,1541.22270172863,565.910885860545,3392.2849895327,,29794.0667515149,6993.51694980894,164282.342996597
ATM,SMAD4,818.034628586107,2468.41627980736,0.001,10049.9370944188,0.98235158734431,0.948482212193382,0.819075659243557,1.09474929519419,0.60116793359005,1.8210374073956,784.837961307277,2601.0134448262,6,14,1,165,186,351.471117732117,1582.40389883866,1390.29981698184,3997.21952189797,,9391.03977088964,559.112744704318,49342.3942571316
ATM,SPHKAP,797.071660520394,614.383046853448,0.001,16003.8742612147,0.98775187107834,0.858963470349213,0.0565412389729009,2.09864170621311,0.280224683529186,7.48913935697079,784.837961306556,848.404460456585,5,5,2,174,186,342.46730964327,1541.65981576013,220.307775056316,1320.59173836841,,30122.9704921997,2519.65059781999,59168.5367186935
ATM,SPTA1,794.267988116627,206.074849040093,0.001,19328.5526550064,0.990836829110588,0.854039384719828,0.000100521738546669,4.12057835125721,0.327255266753151,12.5913278406161,784.837961302543,408.808891376012,3,4,4,175,186,341.267838414493,1536.20067503684,63.9735953661629,478.760827627025,,43967.3253646135,5152.11111191944,73979.3275441584
ATM,SYNE1,346.148070317817,465.829229611921,14382.2550600235,0.001,0.883619830388541,0.987768345072936,0.00178491452413718,4.47109466088296,0.610502007184167,7.32363629974797,784.837961303784,462.234631722147,3,11,4,168,186,86.078932478247,897.682116140776,268.022152904173,743.066854333875,4258.6183618244,37221.2675915022,,16739.6448563412
ATM,SYNE2,320.828243366661,982.117064216022,0.001,0.001,0.947355974878943,0.977526165175432,0.948303105502867,1.15676807908513e-07,0.0542041500052919,2.13409504433184e-06,315.978182373801,974.626173992186,2,3,0,120,125,53.3454937817137,990.742364748795,244.228159629473,2547.00867324043,,23200.1349985629,,101648.502808426
ATM,TENM1,796.545069176433,261.337461613345,0.001,7429.72807794167,0.984622455552607,0.782528219494883,0.0482233377719004,2.25869216061123,0.291627605460739,7.74512466692838,784.837961314586,361.294397586545,5,5,2,174,186,342.241450681332,1540.63545533551,93.710006574879,561.750021757988,,30852.6533392142,1168.42261105967,27575.3103268063
ATM,TP53,881.074982799409,1293.1164887454,0.001,3892.57067950672,0.976701313664543,0.961024145429513,0.866630261207056,2.09313672009484,1.55273090285728,1.348035719675,784.837961311803,1339.34191423174,5,38,2,141,186,378.477388246661,1704.74451033236,923.625871108446,1750.6204408717,,4223.87896525523,614.962014888079,14219.6707085183
ATM,TTN,319.705700559524,438.695645365833,0.001,0.001,0.976901808537872,0.986179033827044,0.963401488345,1.0463735939238e-07,0.0376783896057844,2.77711867431606e-06,315.978182373801,435.615072820712,2,2,0,121,125,53.1589604703712,987.272028281143,72.9419335056695,1354.80266547143,,33524.0560878448,,76038.5309101826
ATM,XIRP2,798.06255797926,253.629131920361,0.001,8234.47579188591,0.960795122069204,0.551635539281374,0.0395951877031715,2.09529548916624,0.23613071772308,8.87345581028334,784.837961309728,375.21536891047,5,4,2,175,186,342.887457406598,1543.61824038207,78.7355183958441,589.251417062165,,25939.1282744385,1296.10575017728,30478.0783630875
ATM,ZFHX3,322.299924074257,312.994967728841,0.001,0.001,0.961292896099592,0.978502605380512,0.940630646425574,1.78696283830923e-07,0.0547355500317232,3.26472071126271e-06,315.978182373822,310.699805728118,2,3,0,120,125,53.5894660416258,995.321006256053,77.832163951703,811.759407439518,,17639.2317667285,,34393.4328364109
ATM,ZNF521,745.899563234605,325.771992930864,4506.74952670085,8444.67661694889,1,0.990340602890883,0.0352583436331256,2.29654850699374,0.248724823376711,9.23329033192418,784.837961308142,437.194808267049,5,4,2,175,186,298.394315918911,1484.54089363501,101.956356805126,748.009755009556,,52649.1783507469,,36074.2207821459
ATM,ZNF536,322.879255779448,258.494783314097,0.001,0.001,0.957863916606987,0.964666132999393,0.924022923145875,3.26370340327994e-07,0.0899345128169647,3.62897768726702e-06,315.97818237392,256.618557388221,2,5,0,118,125,53.6860963020308,997.080721589544,92.6899060820448,555.652732779054,,15329.3211777714,,17042.4210629604
BAP1,BRAF,202.51366656749,0.001,118991.68413136,97057.089170255,0.99999728729477,1,0.00767612023656356,1.02891199225273,0.0112838718779609,91.184302992872,202.577861874828,317.975022141639,1,0,1,184,186,33.6734687703201,625.336177217652,,1029.85898789736,,,4755.254191037,1613634.88130916
BAP1,BRCA2,0.001,823.708729658183,28926.8654085213,8523.54341463678,1,0.999998945453991,0.000268033748826166,1.98636488033229,0.0447295388226832,44.4083469808762,202.577861874828,823.569755960804,0,2,2,182,186,,219.047365531552,255.717494439782,1913.57558744319,4194.93945570844,166811.256521243,,
BAP1,CDH8,102.436160158194,182.643809032407,8470.01677245849,0.001,0.659205760332603,0.985683047381672,0.0953806751797263,1.06472200830293,0.0593860343226482,17.9288282244649,202.577861874828,181.64307995223,1,4,1,180,186,5.84482013546202,451.039887836722,65.493686712815,392.579482606683,464.714802145876,44907.5860992387,,41854.4223805553
BAP1,CSMD3,103.474470387088,473.245301137842,4624.65864203228,0.001,0.843045983941058,0.991806217958232,0.168094710512287,1.06905051682106,0.100711708682023,10.6149575934251,202.577861874828,471.551127242855,1,8,1,176,186,5.90405875044733,455.619872110152,227.38693391087,853.197001536222,258.755469123334,22081.6430664259,,93409.6953703063
BAP1,CTNNA2,102.870650739729,258.995218328558,6275.00048125749,0.001,0.645840843541665,0.981891829440757,0.125218478514466,1.13932228561284,0.0819493758589849,13.9027573263442,202.577861874828,257.633851873541,1,6,1,178,186,5.86962344323472,452.956652464147,111.28108906949,500.922334040069,348.822798172334,30926.959920915,,44269.3119466028
BAP1,CUBN,102.522879585472,301.438013864235,7910.43596072212,0.001,0.736553660267397,0.988390022628157,0.102490289263478,0.991912291972381,0.0585095021385296,16.9530120017752,202.577861874828,300.001390541374,1,4,1,180,186,5.8497817282191,451.425423403223,108.090214025049,647.935963928553,432.860840276018,42511.1031501406,,76099.2470829995
BAP1,DMXL1,102.341941130228,1799.54227886412,9145.78832404635,0.001,0.791244946294857,0.994243060823683,0.0892036363820777,1.07736740405003,0.0559092435766127,19.2699334694756,202.577861874828,1792.79182802307,1,4,1,180,186,5.83956742514484,450.632746942329,645.306236366616,3867.9120307909,501.968171732182,48370.25820853,,605517.984325152
BAP1,DMXL2,102.677217283273,1145.50837235309,7088.39909558806,0.001,0.700367941204472,0.986473411953297,0.112501796332927,1.08119909146241,0.0700131603338376,15.4427979869359,202.577861874392,1139.8350244314,1,5,1,179,186,5.85858571388707,452.103956750967,455.276409106656,2321.36321457163,391.963802139904,35924.2292415885,,247498.575115522
BAP1,DNAH5,0.001,325.704550294678,8577.54386409231,1702.40691861204,0.482949023785175,0.999993975482369,0.0351868052656121,1.11845355558819,0.0450942668949089,24.8025665478656,146.645138584373,325.220922394369,0,4,1,120,125,,313.609430108995,116.791717935081,700.096258755274,470.135102574686,45558.9558224528,,
BAP1,EPHA2,205.254219552139,735.981376666241,0.001,0.001,0.974187699569071,0.965981939488087,0.941049429797527,1.78560984139334e-07,0.0557888813913204,3.20065539380243e-06,202.577861873769,730.871375533461,2,5,0,179,186,34.1290445442874,633.815419913915,263.914886025227,1581.92266315823,,16049.4845165382,,50390.5440300708
BAP1,ERBB2,205.0826030319,1125.46290632719,0.001,0.001,0.975810829170892,0.96785793733135,0.944447649594121,1.68476817684663e-07,0.0569344905829342,2.9591345414648e-06,202.577861873574,1118.09175224896,2,5,0,179,186,34.1005683639495,633.28422250373,403.58198255633,2419.0431579722,,17154.4416241144,,81652.1896716582
BAP1,ERBB3,148.08395775288,1223.88059596233,0.001,0.001,0.990309313014457,0.990183790235019,0.98058856351581,6.66039342055516e-08,0.0172589408493084,3.85909742591306e-06,146.645138584373,1217.82820391089,1,2,0,122,125,8.44939654377799,652.045066353942,203.501764203235,3779.34866846096,,35733.0444558211,,418790.816846591
BAP1,ERBB4,102.218491896172,285.597650707775,10278.1878298635,0.001,0.682246336579659,0.991482658658988,0.0794564257236642,1.22145440558572,0.0579451381851134,21.0794976738794,202.577861874037,284.405642527077,1,4,1,180,186,5.8324355415632,450.080480366725,102.413476416906,613.85085830112,563.585403574278,54594.1721690833,,86024.7621996846
BAP1,FAT2,103.350201265336,684.958030823588,4888.87333706566,0.001,0.757427402429636,0.985015998822634,0.159059869975541,1.02945728980319,0.0923406954929031,11.1484680108599,202.577861874828,681.924457879188,1,7,1,177,186,5.8969715163025,455.074117771955,312.986411999311,1275.18960791143,272.547092444125,23751.271225283,,117559.233469935
BAP1,FBN2,102.717949288172,284.894792567625,6900.40794372833,0.001,0.686821444550836,0.984896977917316,0.115456783422413,1.07381941874264,0.0712570259334559,15.069663723342,202.577861874435,283.485337805152,1,5,1,179,186,5.86090171927159,452.284114315536,113.227194308201,577.360295945149,381.008788979476,35237.4666932412,,57843.2006725915
BAP1,FBXW7,0.001,791.746566585989,49483.143636495,13383.774554792,0.661387683558194,0.999998280425086,0.000120817970087109,1.98641635733265,0.0350662950205631,56.647454661743,202.577861874828,791.304900173749,0,1,2,183,186,,223.492942631895,196.895694433246,2053.12344034695,6348.11595005551,753620.249275209,,
BAP1,FGFR2,,,,,,,,,,,,,2,0,0,184,186,,,,,,,,
BAP1,GLI3,102.268931092579,138.319521677076,9784.95493833887,0.001,0.849285460088212,0.993858717928505,0.0848653430798731,0.949676007897364,0.046966823355536,20.2201456272308,202.577861874828,137.755155239051,1,3,1,181,186,5.83531304282842,450.306497665549,42.9398770137955,321.348482853053,528.992399148582,57118.381177613,,51809.8637793714
BAP1,GNAS,209.992526744832,1963.47189569485,0.001,0.001,0.930872810325667,0.924421613518593,0.860532720514428,3.30675856507687e-07,0.118354611665038,2.79394145995385e-06,202.577861874013,1947.74647111239,2,10,0,174,186,34.9159627982797,648.493676417349,983.617385469175,3445.03798272277,,5715.33312341673,,59453.8191733525
BAP1,HMCN1,104.266374758217,458.29977642584,3455.98787153771,0.001,0.686137288278878,0.971289955778128,0.215923882647528,1.02648040124394,0.126101010732456,8.14014412161838,202.577861873973,455.945564713989,1,10,1,174,186,5.94921046941841,459.115951642484,237.934328534711,785.115746557351,193.904292035149,16291.9812228454,,47547.1943160885
BAP1,HYDIN,151.182879327369,547.92193688378,0.001,0.001,0.970099395059863,0.951732666766442,0.923281225903938,2.45979225002579e-07,0.0552528052677703,4.45188662929414e-06,146.645138584375,543.342517181346,1,6,0,118,125,8.62604131590727,665.731604102329,217.724638386366,1110.73920477844,,9980.62633411024,,36530.1320620262
BAP1,IDH2,,,,,,,,,,,,,2,0,0,184,186,,,,,,,,
BAP1,KMT2C,102.943927347517,682.664655391402,5952.55943767309,0.001,0.857053736759884,0.993668140444549,0.132452435859906,1.06260928317251,0.0800182822567659,13.2795812807224,202.577861874392,680.321750869345,1,6,1,178,186,5.87410503159121,453.303892346082,293.329795850666,1320.4161880404,333.12481653274,29526.2501161471,,176642.169110408
BAP1,KRAS,107.205340191684,12104.9020037279,1812.23420368473,0.001,0.729459146138321,0.958707632425176,0.376759824724084,0.993251935474964,0.222805906189929,4.4579246235433,202.577861873608,12046.8596037787,1,20,1,164,186,6.11682587903599,472.077276507642,7635.04309424089,18054.1995482502,102.604579819213,8218.93168337044,,702580.469001631
BAP1,LAMA1,103.008914632249,214.80349477836,5819.81120753142,0.001,0.679800710838431,0.982387291391988,0.134729326916051,1.06243957601017,0.0816362230100482,13.0143156657235,202.577861874828,213.698155933127,1,6,1,178,186,5.87712271032479,453.538035027552,92.2938063867183,415.469854033789,323.449638334306,28745.0281495608,,36699.5296689572
BAP1,LAMA2,102.545925238513,417.909888370297,7770.66744790732,0.001,0.755128892552379,0.988976701221756,0.10429832439319,0.973202023474411,0.0582415664853897,16.709750135559,202.577861873574,416.001609884709,1,4,1,180,186,5.85113353338904,451.530148468082,149.854962646062,898.309093499282,425.384615520176,41694.8303631593,,107741.991594911
BAP1,LRP1B,105.915175908555,305.437371758661,2280.6502716632,0.001,0.784813216868159,0.972614280885194,0.313873495703924,1.00064637486692,0.18125152929617,5.52076100407317,202.577861875173,304.030486266629,1,15,1,169,186,6.0432004605506,466.385621007361,179.118911787221,480.617184751919,128.767982894106,10463.5648825627,,25825.5369874617
BAP1,LRP2,103.065334158932,391.231258466471,5624.06593853477,0.001,0.765739069626888,0.987050350534967,0.140064989548969,1.02409237039284,0.0811240993529882,12.6237749147365,202.577861874828,389.503246901255,1,6,1,178,186,5.88071812925632,453.817393866673,168.094340819431,756.708680560182,312.225388207031,27896.0622937015,,77875.21533472
BAP1,LRRIQ1,101.784160595997,498.983768795513,18034.3905926631,0.001,0.60735410020713,0.991744224759601,0.0475946012964784,1.11450314815836,0.0344251454898171,32.3746822940233,202.577861874828,496.300481103824,1,2,1,182,186,5.80785154857713,448.180348526937,124.082912097755,1293.88655811686,952.492336886181,127433.597840125,,195269.514617002
BAP1,MACF1,148.533001716332,550.503447255636,0.001,0.001,0.987330560784573,0.983944913084333,0.97147995010447,7.95186018919501e-08,0.0181147228812826,4.38972223936775e-06,146.645138584368,546.029779636635,1,2,0,122,125,8.4749873288442,654.035903845297,91.5301715470492,1700.20475798698,,27275.9796451424,,114231.204366332
BAP1,MED12,103.073983892598,867.811436354828,5601.97261218277,0.001,0.651355777527522,0.979003264227656,0.139414554126144,1.0177867339473,0.0807628922253667,12.6021580691686,202.577861874828,862.991427762167,1,6,1,178,186,5.8812035276491,453.854964995624,372.852610977657,1678.54372496522,311.018227748461,27779.6480802565,,132633.473312226
BAP1,NF1,143.886934309297,1074.88864878873,2637.81436519513,16713.1287412732,0.941757295460248,0.955710024712544,0.176380027779662,0.934795385215355,0.0922399645848346,10.1343857776052,202.577861873424,1126.30141113465,1,7,1,177,186,9.01959012890761,562.743970712294,470.921764007561,2043.15751036301,,18565.5660675953,,387486.512362073
BAP1,NRAS,203.80433841102,2909.36137095527,0.001,0.001,0.988031802489079,0.990605779322177,0.978750202257582,5.65020661539651e-08,0.0212096205202762,2.66398288927186e-06,202.577861874828,2895.6291565585,2,2,0,182,186,33.8881172040623,629.331220987609,483.764452756052,8983.75257641936,,40039.3648095859,,730104.244370693
BAP1,PBRM1,102.136705631066,687.610791143304,11207.2275666022,0.001,0.750377314344022,0.992732034369551,0.0741089187540237,1.05127140721924,0.046562792050141,22.5774993494201,202.577861874828,684.572099396016,1,3,1,181,186,5.82764731402003,449.711805835342,213.461339391363,1597.42325977809,606.792501412116,64757.0641668491,,246525.744842198
BAP1,PEG3,102.07760928133,188.371148243487,11949.2531434336,0.001,0.662130038762123,0.990387409787883,0.0693789721131954,1.11379328140592,0.0469491302383442,23.7234060727341,202.577861874828,187.428292991203,1,3,1,181,186,5.82439441743537,449.459611343012,58.4786755916287,437.618704627052,647.427543335858,68737.0046482841,,59609.1606834131
BAP1,PIK3CA,103.311514303362,1237.5057073698,4974.19309069053,0.001,0.937241210304835,0.995388848942351,0.157992593223089,1.04251928889157,0.0921862880865042,11.3088324796558,202.577861873424,1233.51236680758,1,7,1,177,186,5.89476122113368,454.90205910456,565.486248212293,2303.7650213678,277.52939582148,24074.2693280145,,308228.747840913
BAP1,PLEC,204.060211008705,107.717064358647,0.001,0.001,0.985569270988241,0.984869896163057,0.970658107098456,1.68585830988798e-07,0.0233177071908603,7.22994888000297e-06,202.577861874828,106.895190297333,2,2,0,182,186,33.9306924365194,630.128106859083,17.9107207744228,332.630466319173,,33678.3606308132,,16989.0760509438
BAP1,POLE,101.96799789963,395.736688107146,13673.1988080133,0.001,0.986391530092742,0.997624233718361,0.0634660941961057,0.905009261673552,0.0341430188997777,26.5064218348731,202.577861874828,394.372924241964,1,2,1,182,186,5.81812400021346,448.977617747211,98.4133916174373,1026.22004654387,715.883649178219,101832.934848747,,239175.333967244
BAP1,PREX2,0.001,413.59382850016,16321.4869769375,4750.28306704286,0.768943860531449,0.999998183488211,0.000717094446699398,2.07429498125343,0.0686573842441793,30.2122634599101,202.577861874828,413.460400023556,0,4,2,180,186,,233.003868185745,164.38271789922,838.129414632462,2531.50187082133,64150.070747352,,
BAP1,PTPRT,102.801475055883,218.022456615692,6540.26563106527,0.001,0.778863351564977,0.989163742908986,0.12225145245085,1.00819910267462,0.0700002035490735,14.4028024428219,202.577861874828,217.07804656352,1,5,1,179,186,5.86566394809443,452.653912784881,86.6500225776587,441.83635597146,360.721006146979,33587.4114177296,,50960.76515886
BAP1,RASA1,102.563083642973,496.73489446086,7683.18157937893,0.001,0.744328509220724,0.98789135876858,0.105278964370808,0.96969067636094,0.0586323373370267,16.5384959973031,202.577861874828,494.314011225175,1,4,1,180,186,5.85201973990361,451.598636757482,178.119704742273,1067.73445577034,420.873513764417,41093.4168977884,,123958.568294744
BAP1,ROBO2,102.246790006946,211.037617717665,9996.62321924251,0.001,0.742649191021627,0.990168061648558,0.0830108449338517,0.968866669542125,0.0470997963987607,20.5705065333917,202.577861874828,210.046271448412,1,3,1,181,186,5.83405444863961,450.209355275538,65.5133085675714,490.300751221749,539.139519518618,59013.65541948,,65264.7738324981
BAP1,ROS1,102.783262352781,715.823649908049,6614.69972055139,0.001,0.846217942688006,0.992960590867799,0.121344634568087,0.986564131420945,0.0676401351704882,14.585484327231,202.577861874828,713.137975256695,1,5,1,179,186,5.86460291151854,452.571541127729,284.497378642517,1450.64329682671,364.892284244314,33926.9341845985,,194146.633733514
BAP1,RYR1,0.001,278.013689286271,6008.49158179265,1708.58646528013,0.663554031910727,0.999999186397926,0.0501156628724077,0.829840795327356,0.0453296456423091,18.3068008489528,146.645138585529,278.027544666189,0,4,1,120,125,,330.91611681908,99.676843106204,597.734699978143,329.880019314913,31741.4640897866,,
BAP1,SACS,105.581207744499,742.628173477241,2446.67877934763,0.001,0.78348850242938,0.973621270976144,0.295348056627325,1.01153673531206,0.171490306298056,5.89850678529883,202.577861874435,739.177887653878,1,14,1,170,186,6.02420513015177,464.915673339237,427.274198133839,1184.63125411999,138.042891042991,11256.9022346939,,67460.6396382257
BAP1,SF3B1,103.035089537216,2190.25159140862,5713.11069488687,0.001,0.816278651858768,0.990202833505911,0.138444946224782,1.0398570702138,0.0812715921331593,12.794840643826,202.577861874828,2181.50410595226,1,6,1,178,186,5.87901787591225,453.685727136719,941.060542621605,4236.24118188631,317.0982099043,28366.0796537758,,491754.624192296
BAP1,SMAD4,211.639917201683,2618.01907102491,0.001,0.001,0.916505893321879,0.908616389256691,0.832766922602237,4.59372019818993e-07,0.168055465239537,2.7334548100785e-06,202.577861873769,2601.01344485104,2,15,0,169,186,35.189130897634,653.564193190471,1506.32957448533,4176.21277955442,,4656.41078624878,,63912.7618106458
BAP1,SPHKAP,103.019352079738,851.87191954854,5763.25079971889,0.001,0.80189298659348,0.990692784928833,0.137280768392041,1.01911221342635,0.0788438733300465,12.9256994917064,202.577861874828,848.404460449396,1,6,1,178,186,5.87809629855791,453.614233327733,366.018111362301,1647.61264393844,319.902300409457,28604.9598495521,,188308.936457674
BAP1,SPTA1,0.001,409.003399145919,11613.1840088711,2282.28603086273,0.627212584469867,0.999998216478111,0.0013351972154263,2.1400596615016,0.0916399942157518,23.352900442826,202.577861874828,408.808891375833,0,6,2,178,186,,221.065663497639,186.899853186451,761.388483856679,1842.86532287122,41502.3250830103,,
BAP1,SYNE1,0.001,462.436091624106,5701.36818178571,1250.01574154286,0.569498677595446,0.999997991979297,0.005138845029878,2.20031625086527,0.170867538109662,12.8773216680462,202.577861874762,462.234631722345,0,13,2,171,186,,222.763415798784,266.076349692341,737.62543166747,927.132536527168,18736.9286496038,,
BAP1,SYNE2,148.636232846797,980.963262995115,0.001,0.001,0.966837940268607,0.980901892588472,0.967804547982821,1.04999082092133e-07,0.0263913722943512,3.97853817228773e-06,146.645138584368,974.626173998885,1,3,0,121,125,8.48090776324029,654.486721848854,243.93928395081,2544.03186092431,,24340.0757864819,,170711.462853348
BAP1,TENM1,103.003639468221,363.159667710724,5816.74435821041,0.001,0.667618417312263,0.981186955993976,0.134862831239544,1.05735827446045,0.0812302870063519,13.0167984557012,202.577861873574,361.294397586355,1,6,1,178,186,5.8772003210859,453.544984799144,156.03157670634,702.42493138782,322.754815540607,28923.4553044593,,60104.3880041994
BAP1,TP53,0.001,1339.64205465408,1872.54775197591,1236.21854826794,0.794501211427548,0.999999120526769,0.0435089573246795,2.06037907835301,0.440763176748336,4.67457171343837,202.577861873893,1339.34191420584,0,38,2,146,186,,242.168445328806,965.550507183394,1800.25737073215,309.216242673232,5887.24041999391,,
BAP1,TTN,148.09992509704,438.637111074371,0.001,0.001,0.990210260616759,0.986360427945489,0.976704863980986,8.39137419186419e-08,0.0181652954383438,4.61945373822627e-06,146.645138584458,435.615072819015,1,2,0,122,125,8.45030094351673,652.117583103274,72.9319569602542,1354.64422560151,,36247.578055013,,107479.599734888
BAP1,XIRP2,205.961103572518,313.640604234391,0.001,16735.682263381,0.994538885130258,0.906730192926768,0.124096901733546,0.968547919428486,0.0668819800713716,14.4814480431788,202.577861873574,375.215368910169,1,5,1,179,186,34.2461831229613,636.005639528008,112.467188504526,674.147168550867,,20975.5167903026,818.098514173547,283180.657428452
BAP1,ZFHX3,149.183613341258,312.97457381204,0.001,0.001,0.983040012867809,0.97856430804711,0.961969447585331,1.37030984955801e-07,0.0268295742526055,5.10746028489413e-06,146.645138584361,310.699805729271,1,3,0,121,125,8.51206249021284,656.907963765643,77.8263993185031,811.722102362695,,18959.1350157249,,48385.3292671317
BAP1,ZNF521,102.57971909174,439.161602250843,7585.53279023815,0.001,0.710648300321353,0.988899492086188,0.105578556553494,1.13645594554935,0.0693745984580885,16.3814417785196,202.577861874434,437.194808271547,1,5,1,179,186,5.8530294669448,451.673392088021,174.54384840873,889.946869009579,419.500120292274,38416.3848718032,,104792.708854756
BAP1,ZNF536,149.92884259184,258.327984603799,0.001,0.001,0.978127767707966,0.967751481128613,0.946586939698862,2.40413199686582e-07,0.0438749956779327,5.47950366653824e-06,146.645138584458,256.618557388459,1,5,0,119,125,8.55498038935057,660.219779341449,92.6279935131886,555.294359070298,,13841.0184105337,,26249.9187246958
BRAF,BRCA2,0.001,823.525548392953,37697.403516966,5836.79279775482,1,0.999999809747003,0.0177599139312857,1.08373549557088,0.0227999506775643,47.5323614027509,317.975022141215,823.569755965533,0,3,1,182,186,,658.130265599161,255.660390293314,1913.15500219953,2042.18813452422,217099.571538547,,
BRAF,CDH8,0.001,181.609565135774,28492.748043163,27727.5499344384,1,0.999997472037987,0.0231652617544962,1.09067651362604,0.0287620696565162,37.920654759938,317.975022141639,181.64307995223,0,4,1,181,186,,1023.20972501444,65.1238955591277,390.344570043428,1563.63137097561,150818.523787542,,
BRAF,CSMD3,0.001,471.529312333381,14393.1904969264,2450.81727695442,0.990893892309796,0.999999704900469,0.0447762550158442,1.05516459706589,0.0503892047454946,20.9402907308283,317.975022141639,471.551127241855,0,8,1,177,186,,696.599658352723,226.564763998641,850.089860336698,805.08257953232,68812.4579990779,,
BRAF,CTNNA2,0.001,257.6475593233,19060.2503396947,6826.20517737467,1,0.999998893727558,0.0341259531847644,1.07144200636942,0.0397995638292626,26.9209484547577,317.975022141713,257.633851873711,0,6,1,179,186,,840.075581493674,110.704322450641,498.302460191751,1058.92823613387,94250.5951314816,,
BRAF,CUBN,0.001,299.862962103391,27127.109944534,5031.70723150983,1,0.99999889332942,0.0243489811263169,1.04110069247903,0.0285895094873545,36.4154793540449,317.975022141639,300.001390541374,0,4,1,181,186,,738.900869203348,107.527101191515,644.533472980773,1487.54016886844,144295.371839933,,
BRAF,DMXL1,0.001,1792.79442008361,29464.1761085467,11898.1740060514,0.916057836435103,0.999999792337551,0.022391808021006,1.09289098918678,0.0279322424968555,39.1265036922764,317.975022141215,1792.79182808061,0,4,1,181,186,,665.809877168862,642.886148506669,3853.32514772706,1617.09999711662,155887.733400305,,
BRAF,DMXL2,0.001,1139.75210908591,20728.4320371403,8516.8930231733,1,0.999999664134975,0.0316580387550106,0.994337345396957,0.0343955146806476,28.9089247429234,317.975022141639,1139.835024452,0,5,1,180,186,,694.108876790318,452.995612157907,2309.64019162029,1142.93929008399,106501.897835105,,
BRAF,DNAH5,,,,,,,,,,,,,0,5,0,120,125,,,,,,,,
BRAF,EPHA2,322.26029722791,732.873384602912,0.001,0.001,0.98671983572257,0.986510345926265,0.973409638879755,6.32460960851497e-08,0.0276951494107547,2.28365246011599e-06,317.975022141713,730.871375536547,1,5,0,180,186,18.3876856720544,1418.95404557798,262.802915159554,1575.21534507089,,49499.5316634275,,182183.604566403
BRAF,ERBB2,322.01997972843,1120.99008926429,0.001,0.001,0.987454873744406,0.987213817753152,0.974829345575645,5.67943216588096e-08,0.0278081091823833,2.04236545844653e-06,317.975022141713,1118.09175224896,1,5,0,180,186,18.3739866392736,1417.89241947688,401.981368013377,2409.39237419965,,52369.9092119986,,294236.712049657
BRAF,ERBB3,,,,,,,,,,,,,0,2,0,123,125,,,,,,,,
BRAF,ERBB4,0.001,284.425834413551,30075.5558502724,4912.21597072134,0.996373477953751,1,0.0218448690011172,1.12990336444985,0.028461994909948,39.6986707370582,317.975022141215,284.405642525376,0,4,1,181,186,,730.630220666826,101.9998443101,611.356716482979,1658.00274393603,160052.77546963,,
BRAF,FAT2,0.001,681.718132560224,15845.80219235,2877.45146963396,1,0.99999943729347,0.0408246753889557,1.02299385540522,0.0447036948065617,22.8838770448805,317.975022141713,681.924457877851,0,7,1,178,186,,677.851120056778,311.504047626612,1269.09503019238,884.099802617555,76854.3205334453,,
BRAF,FBN2,0.001,283.356664148397,23921.3066649301,6105.80338777567,1,1,0.0272320935661843,1.12214639135779,0.034219861665755,32.7922538763725,317.975022141713,283.485337805395,0,5,1,180,186,,779.689788902722,112.63115455017,574.294404138739,1328.50320265954,122283.939497463,,
BRAF,FBXW7,0.001,790.977670406087,53978.8533547814,11687.4850338535,1,0.999999435906502,0.0127530401474487,1.06827004106156,0.0171326691889615,62.3528085016573,317.975022141639,791.304900181838,0,2,1,183,186,,678.882532590745,196.704287518669,2051.13942834518,2850.42732589353,382952.25684689,,
BRAF,FGFR2,,,,,,,,,,,,,1,0,0,185,186,,,,,,,,
BRAF,GLI3,320.966226847032,103.311620446405,0.001,25238213.2939371,0.961727101907071,0.825063574266877,0.0173284855593968,0.999944329494521,0.0229485696774987,43.5732746548895,317.975022141639,137.755155239059,0,3,1,182,186,18.3158710656837,1413.40540932396,25.6929113766157,267.920568497286,,121196.956788004,2228.22399569114,
BRAF,GNAS,327.789109457895,1953.13098998514,0.001,0.001,0.970097320197308,0.973392770270479,0.944287649776777,1.07318589859413e-07,0.0575136767240777,1.8659664269818e-06,317.975022141713,1947.74647114117,1,10,0,175,186,18.7029748904533,1443.34324932143,978.459634486011,3426.76671916324,,21102.7228636638,,242750.563293524
BRAF,HMCN1,0.001,455.75514210658,11971.7835432376,1658.44404526831,1,0.999998826885352,0.0535432100493843,1.09092077573087,0.0614397844569706,17.7559342919716,317.975022141215,455.945564715995,0,10,1,175,186,,688.677286618335,236.619979378436,780.724057393832,672.121674192228,56277.1666223727,,
BRAF,HYDIN,,,,,,,,,,,,,0,6,0,119,125,,,,,,,,
BRAF,IDH2,,,,,,,,,,,,,1,0,0,185,186,,,,,,,,
BRAF,KMT2C,0.001,680.108299829799,16714.7975094285,1912.51061882823,1,0.999999749855252,0.0389663561236149,0.961890903098938,0.0402803548817895,23.8799014040912,317.975022141639,680.321750874999,0,6,1,179,186,,657.847984511965,292.247121973545,1315.51148938629,927.299975542035,83171.6658147177,,
BRAF,KRAS,0.001,12044.2014114973,6351.72236441365,804.798326058345,0.907273655286424,0.999999635299768,0.0990245880158228,1.0651959436237,0.107939076161882,9.86849231529613,317.975022141991,12046.8596046502,0,20,1,165,186,,644.747142144244,7596.99493780992,17962.833681439,359.618286506877,28807.7674932659,,
BRAF,LAMA1,0.001,213.664932460265,19490.247870914,13584.7194790179,1,0.9999980373128,0.0333429944914597,1.09244945121506,0.0397839972097378,27.4595196017073,317.975022141202,213.698155932719,0,6,1,179,186,,959.127891453779,91.8045185083681,413.246755621634,1083.55627520447,96007.3421497413,,
BRAF,LAMA2,0.001,415.739422893949,26178.8396050868,3102.97118218361,1,0.999998746509306,0.0252547913376042,0.995788286007158,0.0280782179286769,35.4647965386058,317.97502214093,416.001609884709,0,4,1,181,186,,678.507754201541,149.077877994583,893.613925702914,1434.21939300358,139849.311569297,,
BRAF,LRP1B,0.001,303.969092101629,7678.80623275228,1998.28232692707,1,0.999999057624326,0.0825921203476118,1.05199045728182,0.0896356769403572,11.736291766746,317.975022141713,304.030486266558,0,15,1,170,186,,790.641304626873,178.261775198771,478.287724847527,433.626712587115,35196.8712225354,,
BRAF,LRP2,0.001,389.425093911992,17630.5873019006,1742.11336801911,1,0.99999953677294,0.0368948508854202,1.00724958867676,0.0401614908931829,25.0799849875029,317.975022141713,389.503246901255,0,6,1,179,186,,674.467211591876,167.306514962539,753.13207136558,979.375870860231,87221.0220279622,,
BRAF,LRRIQ1,0.001,496.334142592707,55490.4666555829,11665.7042052922,1,0.999999520626301,0.0124048802828379,1.06228337653066,0.0165358559149539,64.2412090425877,317.975022141639,496.300481103866,0,2,1,183,186,,710.27887461429,123.431808458621,1287.05612702791,2930.34649876408,393147.213148894,,
BRAF,MACF1,,,,,,,,,,,,,0,2,0,123,125,,,,,,,,
BRAF,MED12,0.001,862.690123818695,18899.7233735912,2060.81340265005,1,0.999999531208328,0.0343903564926478,1.04950599955374,0.0392055837930253,26.7692991155115,317.975022141639,862.991427750605,0,6,1,179,186,,647.867597521668,370.666264886191,1668.59715283508,1050.47641444697,93259.0574230943,,
BRAF,NF1,326.448603885705,1129.10531632343,0.001,0.001,0.974074191381369,0.980624398730211,0.955201931971721,9.28674143071961e-08,0.0452483398584866,2.05239384688228e-06,317.975022141713,1126.30141113452,1,8,0,177,186,18.6265013908893,1437.43993890234,515.934972393367,2102.07424093279,,24612.4893549927,,194225.728003516
BRAF,NRAS,320.098310317645,2903.46892288046,0.001,0.001,0.993375924395817,0.994619137420959,0.988030758390069,1.81325253950215e-08,0.0103277650053059,1.75570662052301e-06,317.975022141639,2895.6291565585,1,2,0,183,186,18.2643524511509,1409.4211037673,482.785594825674,8965.53867729824,,114127.130641062,,1825021.30569258
BRAF,PBRM1,0.001,684.479000087204,37509.5032846898,5940.19837096249,1,0.999999731328562,0.0178512258573961,1.07677038163732,0.022663096333209,47.5120595088102,317.975022141215,684.572099396016,0,3,1,182,186,,667.450425275359,212.493571169071,1590.13689299743,2031.96617046754,216058.62738238,,
BRAF,PEG3,0.001,187.428163240714,38498.1409353658,38113.1637028069,1,0.999997601122739,0.0173921936347795,1.10520414238222,0.022836390326296,48.3966216460046,317.975022141215,187.428292991073,0,3,1,182,186,,1012.98886767321,58.1864256464832,435.4178171391,2085.63161178059,221562.939431129,,
BRAF,PIK3CA,0.001,1233.24277931436,15249.9594137768,3762.43430678629,1,0.999999668555857,0.0424488796948778,1.03007911871506,0.0468912020356413,21.9674283020536,317.975022141639,1233.51236680758,0,7,1,178,186,,665.308700855782,563.542330870008,2295.79446096137,850.411268895521,73990.9808921438,,
BRAF,PLEC,319.969832677307,107.178762056827,0.001,0.001,0.993773367934581,0.99474032360523,0.988546521564288,7.1214211078488e-08,0.0112971127132438,6.30375325856512e-06,317.975022141639,106.895190297062,1,2,0,183,186,18.2570456192146,1408.85475210335,17.8213592636379,330.962726408539,,121755.105674565,,68931.3520940706
BRAF,POLE,0.001,394.22217362495,48553.9152142754,12914.400522996,1,0.999999076235188,0.0142238299029968,0.988314382604674,0.0171527548946036,57.6184052461221,317.975022141639,394.372924241964,0,2,1,183,186,,754.833618933932,98.0372591498108,1022.2807918285,2555.82205961661,351502.878593099,,
BRAF,PREX2,0.001,413.424248319371,23488.5956045134,3337.36489480207,0.965740369119977,1,0.0277466095852246,1.08432976709841,0.0335298474952668,32.3392394567699,317.975022141202,413.46040002669,0,5,1,180,186,,689.625687007854,164.30930969056,837.761289252281,1303.59869965005,119268.64462754,,
BRAF,PTPRT,0.001,216.996122027528,22865.9803497171,13886.8085449449,1,0.999997809438488,0.0286478168218996,1.08772385744526,0.0345819371221721,31.4535259723165,317.975022141639,217.07804656352,0,5,1,180,186,,939.020182726044,86.2433381239386,439.746587495827,1262.654782142,116709.912787584,,
BRAF,RASA1,0.001,494.046645929139,27119.1685719348,3712.93795972677,1,0.999999010730018,0.024347430662771,1.03329831211902,0.028316342846239,36.4912346813268,317.975022141639,494.314011225175,0,4,1,181,186,,676.867980893905,177.15821755604,1061.92299753011,1487.75876937729,143867.516344368,,
BRAF,ROBO2,0.001,209.888899722699,33401.1295054992,25900.9546245812,1,0.999996657275633,0.02010800905708,0.981955241563201,0.0226779552965532,43.2999901764709,317.975022141713,210.046271448412,0,3,1,182,186,,993.14550189804,65.1576673729056,487.619968664404,1804.20217946509,195544.05763362,,
BRAF,ROS1,0.001,712.940997300318,22098.7780539148,2354.46500416667,1,0.999999659480502,0.0296065241741374,1.01711717589243,0.0330988198113295,30.7297112613145,317.975022141639,713.137975252142,0,5,1,180,186,,651.455991517013,283.354177441412,1444.77478209663,1221.54253868027,112212.990933995,,
BRAF,RYR1,,,,,,,,,,,,,0,5,0,120,125,,,,,,,,
BRAF,SACS,0.000999999999976353,739.036176385219,8251.36784844704,1474.68724417468,1,0.999999607785759,0.0770153073688679,1.06256963620548,0.0846234390550731,12.5564459217258,317.975022141215,739.177887652555,0,14,1,171,186,,685.054463016236,425.218153115854,1178.85978867443,465.63002800732,37934.4740974843,,
BRAF,SF3B1,0.001,2180.97837607598,19900.9716798892,5952.47704120235,1,0.99999971804903,0.0326935601436419,1.14324204974387,0.0410908739044758,27.8222860969461,317.975022141639,2181.50410595226,0,6,1,179,186,,649.65964304431,937.096495698361,4218.26190192826,1105.31080579387,98513.5882168368,,
BRAF,SMAD4,332.083522832277,2608.00403936555,0.001,0.001,0.957573625203363,0.961433407553482,0.920646202692589,1.55968637068071e-07,0.0862116566975643,1.80913629365944e-06,317.975022141713,2601.01344485104,1,15,0,170,186,18.9477831747435,1462.27420405473,1500.56987387921,4160.08570261806,,14707.3658137898,,220787.999255287
BRAF,SPHKAP,0.001,848.276340007849,17048.1386159346,1910.00095055081,1,0.999999968482002,0.0381636504142612,0.946292790983171,0.0387415717419349,24.4257718113919,317.975022141639,848.404460449396,0,6,1,179,186,,650.0986744911,364.502537882771,1640.74034395105,946.466292270162,84726.1771407972,,
BRAF,SPTA1,0.001,408.769849074322,16064.8208138782,2497.90211749823,1,0.999999697860989,0.0402496935868575,1.05241424720884,0.0455566873617812,23.1012022198029,317.975022141639,408.808891374993,0,7,1,178,186,,699.038925741343,186.789451454367,760.94714072267,896.591807219793,77791.8920273058,,
BRAF,SYNE1,0.001,462.175989154226,9114.81118343877,2132.61209116648,0.929410106702839,0.999999518570784,0.069727109947372,1.16332367957114,0.0843094783803629,13.7982549758261,317.975022141713,462.234631721071,0,14,1,171,186,,729.943731494644,265.92476999598,737.21870428894,514.180380956535,41962.4452202342,,
BRAF,SYNE2,,,,,,,,,,,,,0,3,0,122,125,,,,,,,,
BRAF,TENM1,0.001,361.172281620763,19758.6816122296,2279.48255444352,1,0.999999343147517,0.0329219505015498,1.10215114524123,0.0396565730244996,27.7923950856854,317.975022141639,361.294397586355,0,6,1,179,186,,685.936659405933,155.181984600635,698.562693139903,1097.57599411546,97731.5122028163,,
BRAF,TP53,0.001,1339.28092666392,2860.47442595176,1453.39748585387,1,0.999999933188536,0.21480764240896,1.01364388300121,0.219451684901536,4.61898428100934,317.975022141713,1339.34191420545,0,39,1,146,186,,773.025844901632,965.286493462532,1799.80241359885,162.589171107946,12775.6809330865,,
BRAF,TTN,,,,,,,,,,,,,0,2,0,123,125,,,,,,,,
BRAF,XIRP2,0.001,375.109031799274,19418.9535822958,2239.83256555104,1,0.999999491348037,0.0337092249954856,0.915739193117112,0.0334632367041637,27.3655295574911,317.975022141713,375.215368908893,0,5,1,180,186,,684.256574986652,149.084545020919,760.15549629259,1072.85481405856,98906.6909816953,,
BRAF,ZFHX3,,,,,,,,,,,,,0,3,0,122,125,,,,,,,,
BRAF,ZNF521,0.001,437.268599554045,23098.0128259884,2431.02256479643,1,1,0.0282019746977542,1.07692047590112,0.0338289403559581,31.834295268177,317.975022141713,437.194808268093,0,5,1,180,186,,669.836898547388,173.774637748603,885.996801170473,1282.73099208388,117583.971013964,,
BRAF,ZNF536,,,,,,,,,,,,,0,5,0,120,125,,,,,,,,
BRCA2,CDH8,414.903711581281,183.054288829353,46272.7174651102,0.001,0.587095943258642,0.985080492609193,0.00587053540662728,2.18389758985129,0.114075070196274,19.1443896207449,823.569755973964,181.643079953098,2,3,2,179,186,68.9892968774128,1281.19465499154,65.6408021985602,393.463273547657,7025.6118669244,203619.36889901,,20939.3430924031
BRCA2,CSMD3,606.3378694292,373.288878190439,13029.9859973703,23812.7555931036,1,1,0.000708607419529257,2.9844920411039,0.200881863406507,14.8569511975525,823.569755965533,471.551127242376,1,6,3,176,186,78.5625850243121,1703.4789772847,151.840483751374,737.125337207846,,73716.495892221,,422737.608451011
BRCA2,CTNNA2,417.486541260057,259.663675331526,27200.8755690327,0.001,0.726767063066359,0.984287786853904,0.0152568150985393,2.08157506478252,0.15788339385372,13.1842558864114,823.569755973964,257.633851874461,2,5,2,177,186,69.4181834299771,1289.18669869475,111.568012959837,502.217537050594,4270.65455090238,101547.632667135,,22745.4673376601
BRCA2,CUBN,828.257806069868,120.329918369237,0.001,43402.5836822671,0.994316907731602,1,8.93101711762713e-05,2.94607693465338,0.113701661347342,25.9105882864239,823.569755965533,300.001390540078,1,2,3,180,186,257.136058849199,1924.23048718025,20.008258394653,371.583858838187,,150392.797624385,6716.25823276723,721307.574443189
BRCA2,DMXL1,206.960617753633,1799.55538824117,89250.6716415697,0.001,0.67078948133495,0.994175437696413,4.80558145805511e-05,3.09506086236951,0.111684071799387,27.7126434638687,823.569755965533,1792.79182802307,1,2,3,180,186,11.8088676767197,911.269125960188,645.3076081833,3867.88755434327,18501.1084283735,492532.741154595,,701571.503450016
BRCA2,DMXL2,207.746935955152,1145.12558837729,56516.2072955981,0.001,0.905266023680391,0.986965715524109,0.000160440541132259,2.96061924961223,0.136892140735457,21.6273865957988,823.569755979859,1139.8350244314,1,3,3,179,186,11.853696271501,914.74047388182,455.126244370896,2320.57367157645,12201.4126075559,235261.20545585,,302087.798631364
BRCA2,DNAH5,0.001,325.754824711707,15858.1176654584,2287.18602267924,0.524159205197306,0.999993007800334,0.0383825606503019,0.996566974344539,0.042871787807634,23.2452861265348,295.836130933536,325.220922394369,0,4,1,120,125,,652.203428216618,116.808558598465,700.19689261306,869.444689859335,84323.5032861342,,
BRCA2,EPHA2,624.779814180932,737.993102051273,16979.105543437,0.001,0.908697060050482,0.993607799190357,0.219539079110038,0.999797435183212,0.111195476073875,8.99134992253618,823.56975596066,730.871375536963,3,4,1,178,186,155.37182493007,1620.19426889308,264.635559097283,1586.2545027491,929.53303010125,91037.1473506089,,55682.6281449461
BRCA2,ERBB2,834.35061031089,1131.38056904617,0.001,0.000999999999997669,0.949640860664873,0.942957519161014,0.895475501991214,1.19887873222023e-07,0.111292083474605,1.07723630899029e-06,823.569755960809,1118.09175223502,4,5,0,177,186,259.01374498062,1938.34688309938,405.701018336481,2431.79513542659,,33072.2320386181,,40273.9314703504
BRCA2,ERBB3,299.373201458103,1223.9169708848,0.001,0.001,0.988218449301789,0.990187043407275,0.978521469571028,3.61814494432775e-08,0.0170361039761384,2.12381008556621e-06,295.836130933536,1217.82820391089,1,2,0,122,125,17.0815422406432,1318.20613479621,203.502137556672,3779.35560481059,,59592.1964915928,,419092.246444802
BRCA2,ERBB4,206.921610554962,285.729548645059,91980.7107986596,0.001,0.640060296039785,0.992449888285727,4.41629537753687e-05,3.15533239831048,0.113274866468085,27.8555384499128,823.569755979859,284.405642527401,1,2,3,180,186,11.8066709455164,911.099002340432,102.461189484718,614.133500025244,19036.3432909413,505804.328540731,,104774.065377563
BRCA2,FAT2,419.074635745036,686.48018940719,21780.2547458501,0.001,0.843363283059727,0.9873407885933,0.0229111190131809,1.97901574248854,0.178383259284319,11.0941786265619,823.569755979859,681.924457879088,2,6,2,176,186,69.6820120862326,1294.10451057127,313.681482944467,1278.02986367766,3453.96607887056,78171.3323508811,,55900.3898617541
BRCA2,FBN2,416.023547281308,285.509201865633,35416.0233918994,0.001,0.629040752232642,0.984294032132064,0.00940994665252151,2.18372300219691,0.136504751593935,15.9974138386985,823.569755962478,283.48533780464,2,4,2,178,186,69.1752225338211,1284.65744174278,113.471253857487,578.607499981889,5493.12588967703,139708.575539703,,28142.4195312663
BRCA2,FBXW7,823.68735936417,0.001,90346.2441534152,179656.756791786,0.999997260566652,1,2.62138919916087e-06,2.88606954620228,0.0681035709174905,42.3776537312388,823.569755960804,791.304900173749,1,0,3,182,186,255.708561604553,1913.50690144914,,1032.6097514343,,,31002.4766197338,2780254.42471223
BRCA2,FGFR2,,,,,,,,,,,,,4,0,0,182,186,,,,,,,,
BRCA2,GLI3,817.967356587978,106.493264284346,1441.02969449216,3200.68478012612,1,1,0.189689175309347,0.930135727477207,0.0912299563034193,10.195507760452,823.569755973964,137.755155239051,3,3,1,179,186,245.59718488587,1917.58802393781,26.4936101814789,275.869499920664,,87563.6646332278,,19833.0526859922
BRCA2,GNAS,635.399697349181,1967.38284830399,7192.62344380027,0.001,0.93152799914959,0.987401951279823,0.451523744552859,0.951531663866787,0.227049949692995,4.19084727899477,823.569755964486,1947.74647115592,3,9,1,173,186,158.009459830459,1647.80822425245,985.570832783942,3451.92456934445,403.374449305206,33982.8125891291,,69797.3709250601
BRCA2,HMCN1,422.167678494937,459.308238002618,15770.7344270034,0.001,0.672992444713455,0.971657037082524,0.0400600611404185,2.08508573345875,0.245329190174143,8.49913429371648,823.569755965533,455.945564713111,2,9,2,173,186,70.1959161540528,1303.67318384542,238.456985513668,786.847878813471,2539.99715323868,53497.7160795869,,23685.8786300627
BRCA2,HYDIN,304.370270853863,547.91416229983,0.001,0.001,0.972052946932661,0.951749462807817,0.925155810252457,1.40725923877469e-07,0.0523421759922621,2.68857610922161e-06,295.836130933536,543.342517181346,1,6,0,118,125,17.3666213122572,1340.26930352901,217.722127990672,1110.72640115073,,21518.8120316419,,36557.2751518798
BRCA2,IDH2,,,,,,,,,,,,,4,0,0,182,186,,,,,,,,
BRCA2,KMT2C,834.608003651395,389.83048660616,0.001,70416.6973790703,0.986220239366214,0.731896596132766,0.000254309121177962,3.01499739932125,0.160119663908272,18.8296510605247,823.569755979859,680.321750874166,1,4,3,178,186,259.096139076209,1938.97823175208,121.019231543458,905.654462461258,,62476.7110910987,11885.2357569451,1143181.17914862
BRCA2,KRAS,651.388242791096,12176.2816266579,3930.54901660682,0.001,0.827563061918736,0.948129131496925,0.669558314570974,1.03666802812609,0.433418771057493,2.39183924959396,823.569755957691,12046.8596037787,3,20,1,162,186,161.982124684909,1689.3456167466,7679.85780090154,18161.2221581774,222.560901019255,17819.4786945582,,191001.545782409
BRCA2,LAMA1,748.695333970675,134.672241012884,7573.18255453407,18577.3578263212,1,1,0.000373886912090774,2.92282800577906,0.158228249164948,18.4722261745568,823.569755959409,213.698155932872,1,4,3,178,186,179.450512539061,1847.99178497595,42.0083948020372,310.518994396729,,101020.261023145,1920.21035761633,319785.337068169
BRCA2,LAMA2,830.947306941747,251.23515671276,0.001,21272.268027319,0.997577811293357,1,0.00977109781786489,1.80651156112886,0.112238756751489,16.0952563393829,823.569755979859,416.001609887182,2,3,2,179,186,257.958246565999,1930.41702226239,62.4756461009142,651.524774002384,,97792.9063847364,2985.24315189293,135363.543666511
BRCA2,LRP1B,428.369724074657,306.207592044765,10234.2226288141,0.001,0.77478971910656,0.972803592514112,0.0864179115399571,2.0818324627344,0.357844271183495,5.81770515942362,823.569755961444,304.030486267131,2,14,2,168,186,71.2263560667001,1322.86342186468,179.568835189531,481.831236652293,1668.87362678917,33358.7778846863,,11852.5575951604
BRCA2,LRP2,834.431947286494,223.194303781323,0.001,39984.1052354602,0.985893662371422,0.921268812631903,0.000321806231710937,2.97505113415117,0.159451489072534,18.6580329318708,823.569755979859,389.503246900329,1,4,3,178,186,259.041264219653,1938.5638746437,69.2880502624215,518.534357231414,,62042.288341214,6366.78962114708,661336.22588662
BRCA2,LRRIQ1,412.898744967998,500.247844105702,108348.252653711,0.000999999996565748,0.695605599339823,0.992466820789296,0.00164046780377823,2.00885233474868,0.0661211573563257,30.3813849464705,823.569755965533,496.300481103824,2,1,2,181,186,68.6573370484623,1275.01566199931,124.404755570744,1297.2490055381,13798.9373817456,1716577.26333834,,99806.5197125438
BRCA2,MACF1,298.996564030793,550.49731516321,0.001,0.001,0.989464041151426,0.983950511656395,0.973584481330553,4.49127683639725e-08,0.0169895391847235,2.64355424097416e-06,295.836130933536,546.029779636635,1,2,0,122,125,17.0601937256612,1316.54333601738,91.5292273667241,1700.18721649417,,66261.5966195225,,114315.159323617
BRCA2,MED12,208.206735686609,866.985626366273,46098.788507124,0.001,0.570407967054316,0.978079832518159,0.000246935363578161,3.01332017341436,0.156250523941503,19.2851844422774,823.569755965533,862.991427761495,1,4,3,178,186,11.8824001339029,916.957932064543,372.476452007946,1676.81738478079,10397.5057345364,162210.656157911,,151391.925936631
BRCA2,NF1,841.653816351986,849.45118589562,0.001,38868.9350702953,0.991427788050387,0.7239376790065,0.0230937594168251,1.94032105172441,0.179401497976614,10.8155231344687,823.569755961123,1126.30141113006,2,6,2,176,186,261.278901003131,1955.40844558788,337.596715356977,1721.51983211355,,39351.0048688876,5590.57061421902,224235.53337401
BRCA2,NRAS,829.47820470926,2925.29686803201,0.001,0.001,0.971954968656524,0.979865827046363,0.952386323669266,3.23508904953324e-08,0.0408676021176307,7.91602365174636e-07,823.569755961228,2895.6291565585,4,2,0,180,186,257.50458027334,1927.02847918464,486.414200740352,9033.09154669453,,68625.5218989286,,300843.333498382
BRCA2,PBRM1,413.863909985536,689.238317562957,65243.342168168,0.001,0.673576290013273,0.992149176277963,0.00332695935880761,2.12759401181292,0.0902433680879302,23.5761813515189,823.569755965533,684.572099396016,2,2,2,180,186,68.8165138385691,1277.97795617647,213.967989355794,1601.22196466847,9481.18387372274,378131.987235237,,110968.576896109
BRCA2,PEG3,413.921564565805,188.837325106626,63796.431637476,0.001,0.668299974343386,0.990802213535215,0.00347678509694576,2.10845478103012,0.0907523184372589,23.2330679517327,823.569755965533,187.428292991203,2,2,2,180,186,68.8259673388003,1278.15455388898,58.6231891099346,438.702376753662,9266.1527557459,371501.264131274,,29228.8454166347
BRCA2,PIK3CA,838.358912138838,930.328933348571,0.001,45047.7458084454,0.991124394582459,0.876770084824336,0.0206844418074445,2.03724995976955,0.185343197961374,10.9917708455323,823.569755959409,1233.51236681546,2,6,2,176,186,260.259130191337,1947.70577255368,369.749089717382,1885.35087890622,,45675.1152848338,6504.38500239221,268548.184561569
BRCA2,PLEC,826.637095227489,53.9817640421448,0.001,5003.42742754515,0.997433790617818,0.994606416581436,0.0882073660982161,0.877070421593662,0.0449665572965015,19.5049493295743,823.569755965533,106.895190297333,3,1,1,181,186,256.624409693546,1920.40572970915,3.08008662216278,237.693621127971,,383919.614046323,269.345524170465,29798.1271894981
BRCA2,POLE,826.626107173384,132.236596255916,0.001,36390.0522334608,0.995282846068772,0.88955220553253,0.00192649920062092,1.96226064294849,0.0680059320275458,28.8542570397194,823.569755965533,394.372924241964,2,1,2,181,186,256.62035691011,1920.36912470595,7.5452977967766,582.263325272605,,386923.225980846,5221.1583100738,221055.955343434
BRCA2,PREX2,255.539413461005,398.60778065704,60098.9152087093,5772.54158932442,0.766704239042016,0.99580517762904,0.000103484544086985,3.15335939556687,0.133478800509146,23.6244211330832,823.569755960124,413.460400024581,1,3,3,179,186,14.7099663663401,1097.64386111641,149.289843566457,824.016049488015,10851.4330897242,245152.349164957,,236603.234236627
BRCA2,PTPRT,791.163587699865,152.998548566593,3545.98941631447,8492.37294721346,1,1,0.0142748431538635,1.8766495684262,0.137804452566551,13.6182070569882,823.569755979859,217.078046562869,2,4,2,178,186,219.160878560448,1892.50254635192,47.5790371528164,354.355580578321,,82094.0756282927,657.728090440928,55433.9257634665
BRCA2,RASA1,415.187196994422,497.625910533453,42758.4186333207,0.001,0.705724417885574,0.987430789080653,0.00690897100328331,2.05372276052285,0.11234734540436,18.2801182629737,823.569755979859,494.314011225175,2,3,2,179,186,69.038553895948,1282.11557969906,178.434351702616,1069.62190579035,6475.09944629484,190357.503912434,,59904.0434129713
BRCA2,ROBO2,828.747508119171,105.710380016564,0.001,13433.8478327136,0.996311380286519,1,0.00559850754887525,1.79257704661695,0.0901247239240897,19.8899588100465,823.569755955252,210.046271448717,2,2,2,180,186,257.279330253417,1925.31818896613,17.5769608979299,326.43977107697,,148104.689781224,1871.05140990375,86610.6325549991
BRCA2,ROS1,416.688101432828,717.482426052148,31105.9050971446,0.001,0.927985789655363,0.993957499954931,0.0122823274086923,1.94425688963697,0.132884188504081,14.6312131753528,823.569755965533,713.137975250182,2,4,2,178,186,69.285489577525,1286.71912115935,285.15652435497,1454.01227353441,4814.28020408341,123827.362323596,,83789.7302180826
BRCA2,RYR1,0.001,278.017877365618,14708.6324273443,2055.18342862953,0.54315723242055,0.999999633693601,0.0413086449660765,0.945079591151802,0.0433966284067664,21.7777192802482,295.836130933928,278.027544666189,0,4,1,120,125,,660.921888558958,99.6789005349621,597.746897932657,807.394687340105,77907.8858360229,,
BRCA2,SACS,212.738000196195,742.342039851894,17921.2481661396,0.001,0.661290238158591,0.969871347575085,0.00303566534297797,3.19601956253102,0.337158608908029,9.47927615694618,823.569755959409,739.177887651286,1,12,3,170,186,12.1382620960219,936.741215599462,427.109182513198,1184.15882798311,4321.23318656411,50106.421452724,,76015.3864175729
BRCA2,SF3B1,417.423812179946,2195.11487372084,27459.1929620051,0.001,0.832167026767627,0.990605765551624,0.0150964809741779,2.13655565689828,0.162205579271142,13.1718999216841,823.569755965533,2181.50410595226,2,5,2,177,186,69.4078093399089,1288.99352692377,943.149632945002,4245.6689718896,4308.51452806948,102732.508440858,,218018.738004233
BRCA2,SMAD4,861.142866869335,2632.33745707675,0.001,0.001,0.837389615199606,0.839031699159617,0.702639035293429,2.85796990913412e-07,0.343485070348337,8.32050693276355e-07,823.569755963864,2601.01344485104,4,15,0,167,186,267.322480151021,2000.80177032684,1514.52456451477,4199.09892769118,,9295.55752793321,,31107.1955771034
BRCA2,SPHKAP,418.092329431358,854.144741938649,24814.2745083888,0.001,0.934523753219438,0.993030726471112,0.0183823238694453,1.91392362053005,0.155651781436762,12.2961883433864,823.569755979859,848.404460451588,2,5,2,177,186,69.5191197509762,1291.07405966837,366.989348856564,1651.99772656643,3893.78821913951,92929.3802570246,,83446.369820054
BRCA2,SPTA1,406.455392788185,361.605042487014,25868.0934007889,13990.4355205285,0.961924526299013,0.967958333278719,0.000448867312609736,2.97456648589167,0.181480738995049,16.3905354494552,823.569755960449,408.808891376463,1,5,3,177,186,27.5978767382609,1441.21014235971,145.280494117393,711.997397420248,,101971.79089819,,265170.623171251
BRCA2,SYNE1,0.001,462.34962623501,25682.3138793024,34920.0365249855,0.59803653473975,0.999996024057512,2.03169651755974e-05,4.26562623170412,0.336680968151447,12.6696387239369,823.569755961228,462.234631724105,0,11,4,171,186,,928.646818963235,266.028422597688,737.482469904118,7636.50452604666,65813.6000559889,,
BRCA2,SYNE2,300.374950845865,980.959937432774,0.001,0.001,0.965161551345726,0.980908269847633,0.966126483069709,5.80713812366879e-08,0.0259628006256019,2.23671483189004e-06,295.836130933536,974.626173998885,1,3,0,121,125,17.1388179743907,1322.63257966345,243.938957157712,2544.02845546525,,42811.6951547901,,170834.823651512
BRCA2,TENM1,832.228217493987,207.029144859538,0.001,36981.7618173225,0.99586390970509,1,0.000375396675137625,2.92669426741172,0.158033183928719,18.5194918855258,823.569755973964,361.294397587417,1,4,3,178,186,258.359032539113,1933.41218743782,64.2695567856589,480.982331823124,,80937.0920017992,5682.15006640676,614474.021310493
BRCA2,TP53,384.132259978869,1321.61316315951,4385.38135048206,5899.28498846235,0.956020875199831,0.991532975054464,0.0721742721784008,2.99362172814979,0.876885948361265,3.41392370780295,823.569755961228,1339.34191420696,1,37,3,145,186,23.7512702141751,1476.47314072986,947.154096891456,1783.16121184698,186.237810630005,13574.0980050626,,122411.42144157
BRCA2,TTN,298.831233015189,438.634395397986,0.001,0.001,0.990012156448422,0.986365055592329,0.976513973040607,4.97948290552601e-08,0.0173054500850996,2.87740733759561e-06,295.836130933536,435.615072819015,1,2,0,122,125,17.0506866152846,1315.80535404986,72.9316286484453,1354.6381279987,,70316.2642143478,,107557.591343357
BRCA2,XIRP2,832.788646485452,188.130740006702,0.001,44631.4104204993,0.986032968151741,0.602126393630513,0.000134034391954698,3.01887699244387,0.133808122362496,22.5612387285841,823.569755962478,375.215368909607,1,3,3,179,186,258.531637024445,1934.7380281581,46.784769582978,487.866846108844,,74746.0935367168,7705.17599870226,714234.199148384
BRCA2,ZFHX3,301.195229590705,312.97301724046,0.001,0.001,0.982254894547792,0.978571625084267,0.961208155725638,8.75716788259831e-08,0.0260328246816195,3.36389461754463e-06,295.836130933536,310.699805729271,1,3,0,121,125,17.1855507995224,1326.26725331758,77.8258646668364,811.71652653514,,36268.7456187768,,48420.5534190631
BRCA2,ZNF521,416.321562076891,440.289114343438,33266.9411715145,0.001,0.817987177635864,0.991038702653129,0.0106938737099172,2.06099183005099,0.134488219905183,15.3247015352276,823.569755979859,437.194808267049,2,4,2,178,186,69.2263383877329,1285.61207032656,174.993022394256,892.242965979168,5161.58851963927,131218.057205535,,50060.9884891852
BRCA2,ZNF536,302.09019026392,258.323902761524,0.001,0.001,0.979362474205191,0.967762521692246,0.947792247625404,1.58299218303015e-07,0.0424688631937353,3.72741831070172e-06,295.836130933536,256.618557388459,1,5,0,119,125,17.2365804154774,1330.18762852518,92.6274710114352,555.291226867529,,29547.6100841153,,26269.2576187964
CDH8,CSMD3,110.892721992656,475.481474867221,3906.78104227352,0.001,0.827251194580313,0.991505016522897,0.038145831781223,2.26551967051798,0.263837016646387,8.58681506982923,181.643079953098,471.551127242376,3,7,2,174,186,27.5768028728439,287.57503949677,228.459923089989,857.2370281751,622.969086845442,13721.1878010187,,25541.602088608
CDH8,CTNNA2,147.302205310922,260.811886976936,2563.9439838825,0.001,0.777642258515559,0.978554701656007,0.307132261885735,1.3988713584575,0.23384155197342,5.9821334003826,181.64307995223,257.633851874365,4,6,1,175,186,45.7283024463974,342.215387723727,112.060661954158,504.44280455863,142.315037734889,12728.1403467165,,10258.5222422948
CDH8,CUBN,183.91432903123,181.633804641783,0.001,11666.3977700886,0.977537490046804,0.669452540324687,0.0138370181344677,2.11053848223262,0.164490510756593,12.8307613158045,181.643079953098,300.001390541033,3,3,2,178,186,65.9462655981585,395.316358405935,45.1668264324412,471.013548892524,,12599.5264141049,1760.29414848589,52763.1130358107
CDH8,DMXL1,109.782284203745,1807.62207264136,8497.69023842265,0.000999999999976353,0.796138262732095,0.995131097926602,0.0097089316707745,2.14691905470695,0.145387331782893,14.7668921932824,181.643079953098,1792.79182806892,3,3,2,178,186,27.3007934546972,284.686875271964,648.202101853206,3885.30403069149,1290.08887697152,37457.5189719445,,176692.605729809
CDH8,DMXL2,110.030663037823,1149.83070546463,6705.00466379181,0.001,0.742295901856971,0.990483205711782,0.0145230034017609,2.38631569901301,0.196610788684742,12.1372571412618,181.643079953068,1139.83502445606,3,4,2,177,186,27.3626738753959,285.333899867617,456.994719244917,2330.12273335099,1041.04521589694,26344.4086446871,,88493.1867960588
CDH8,DNAH5,52.7372435316781,325.024334733693,3073.40915164259,384.165524294567,0.80902210011472,0.999995308478659,0.131004849955806,1.29643860724258,0.106596193200761,12.1621473367337,101.493036969087,325.220922393112,1,4,1,119,125,3.00973146887883,231.992459106814,115.561664746424,700.442925073856,108.358766799829,18047.9279284656,,90516.5915694692
CDH8,EPHA2,183.683301541508,741.519061577599,0.001,0.001,0.946135591639289,0.93065034578889,0.880527986138769,5.1957855539287e-07,0.147356714733729,3.52599171562517e-06,181.643079952593,730.871375534107,5,5,0,176,186,65.8662761680473,394.810211185515,265.897263470751,1593.84584461303,,6783.77550602949,,21043.7971509789
CDH8,ERBB2,183.581770366359,1134.28800277129,0.001,0.001,0.948710062379929,0.930939922436567,0.883197899175772,5.1392661562608e-07,0.156359810539001,3.28682040387795e-06,181.643079952593,1118.0917522479,5,5,0,176,186,65.8305232065221,394.594797454396,406.744470174073,2438.07188412316,,7145.59683315987,,32374.4261492908
CDH8,ERBB3,102.406126970362,1228.52079733966,0.001,0.001,0.982333154209221,0.98275370530377,0.965392574243871,2.01343928289514e-07,0.0371134389693371,5.42509489502882e-06,101.493036969268,1217.82820391089,2,2,0,121,125,17.027582939514,316.233709320808,204.272712098979,3793.71798471474,,13803.1124326077,,165832.740269612
CDH8,ERBB4,109.579548997157,287.100628838724,11002.219897747,0.001,0.433827654264136,0.984677322540929,0.00594461883269768,2.62180381378581,0.161217554355155,16.2625206930636,181.643079953098,284.405642526536,3,3,2,178,186,27.2496026179602,284.150505925062,102.956617523013,617.116143430847,1653.48473653139,49796.0368402277,,23151.5880979031
CDH8,FAT2,111.037249350195,687.515849544798,3653.35515884641,0.001,1,0.99459887308652,0.0463333092352985,2.06200247339822,0.257939922932779,7.99411913422801,181.643079953141,681.924457880001,3,6,2,175,186,27.6124068549658,287.961911695924,314.155069151531,1279.95486992021,565.936181152625,13984.8506831228,,39286.5702930152
CDH8,FBN2,110.357022757735,285.925680195081,5234.02608265721,0.001,1,0.992319540121172,0.0253294937055501,2.10821144974942,0.206988412821538,10.1851665076879,181.643079952491,283.485337805312,3,4,2,177,186,27.4459593741348,286.215579206649,113.634014033876,579.434227605695,784.047844322415,22949.0263069637,,20720.932264328
CDH8,FBXW7,109.339501224838,796.620917610135,16763.8729300689,0.001,1,0.997699245953153,0.00507406383921646,1.91941109518175,0.0982042083535098,19.5451002290285,181.643079953098,791.304900176055,3,1,2,180,186,27.1908768948331,283.539333332858,198.106700418689,2065.78693254155,1874.74954034883,302185.038686837,,128937.209250741
CDH8,FGFR2,,,,,,,,,,,,,5,0,0,181,186,,,,,,,,
CDH8,GLI3,183.903593004291,104.544301630233,0.001,2764.98649837524,0.980544449164883,0.765300146246669,0.22191379650039,1.1078723583139,0.13163840352213,8.41602700026401,181.643079952837,137.755155238744,4,3,1,178,186,65.9445199597075,395.297027525447,25.9980075738383,271.11331892469,,10581.6588770261,151.55748645365,14735.8421799948
CDH8,GNAS,191.170991436374,1777.09636505271,0.001,13895.7548835079,0.894463625591625,0.640716529339764,0.512278860093922,1.03324273059926,0.323208493824569,3.19683037525641,181.643079952668,1947.74647115592,4,9,1,172,186,68.5397642172337,411.033286260764,853.718746915785,3204.72350108089,,2210.74229418084,761.533640079573,74153.6583321725
CDH8,HMCN1,187.320692727093,376.466380525543,0.000999999999976353,7999.66992702103,0.970909788044111,0.793983390218483,0.0759627834491074,2.11041080391743,0.356492622498588,5.91992841009155,181.643079953064,455.945564715842,3,9,2,172,186,67.165679285129,402.686939944989,180.869225771021,678.816251498573,,4853.18228413248,1209.82419698144,35852.5796609853
CDH8,HYDIN,105.637011507884,549.221809421165,0.001,0.001,0.92348253942918,0.939024817169044,0.867192486602583,7.8625601047759e-07,0.12987333547625,6.0540218482444e-06,101.493036969087,543.342517181552,2,6,0,117,125,17.5634020222609,326.274193745709,218.242957996221,1113.36665122404,,2668.4505561119,,20497.542633061
CDH8,IDH2,,,,,,,,,,,,,5,0,0,181,186,,,,,,,,
CDH8,KMT2C,110.192061586138,685.688926044341,5909.86153954249,0.001,0.708180968021652,0.9909188086535,0.0180010868902353,2.43489704875536,0.211649235562523,11.5043980304671,181.643079953068,680.32175087073,3,5,2,176,186,27.4024286429126,285.749152650462,294.612364712873,1326.20489904086,928.556527608624,21997.0438826424,,47814.0325350212
CDH8,KRAS,192.789337459027,10997.4621761982,0.001,111496.890951641,0.971767984590815,0.844207827624945,0.232063247879134,1.98013232217558,0.565958821174046,3.49872154668059,181.643079952977,12046.859603996,3,19,2,162,186,69.1244880390575,414.464512322203,6761.67796181461,16717.5486310849,,2506.89352068108,16970.9099952401,486226.850832688
CDH8,LAMA1,73.5096348558238,214.942793573832,8032.65741853254,0.001,0.951473410791965,0.9896098637593,0.000821526495873482,3.13015112762676,0.230057983921304,13.6059226212184,181.643079952917,213.698155932952,2,4,3,177,186,12.2228708940927,226.998220761012,92.3527014234078,415.72475703143,1777.82001930804,29326.6122007585,,21450.7641165101
CDH8,LAMA2,184.172657421628,251.86390755185,0.000999999999748979,16165.2844723761,0.970738384776792,0.562202313789779,0.0137589988770655,2.11223292991498,0.164632952798976,12.8299522908643,181.643079952843,416.001609884268,3,3,2,178,186,66.0401516730128,395.886817431946,62.6317513789965,653.154687552559,,10693.9796568674,2439.15866760207,73057.6822637544
CDH8,LRP1B,189.973965150056,248.519835250615,0.001,7332.26108994156,0.950566316652913,0.624747920160199,0.0120229547261875,3.08592874613078,0.485276778661032,6.35911068039445,181.643079952454,304.030486265638,2,13,3,168,186,68.1162987413622,408.400760703988,136.689093672925,409.225962059066,,3373.19461797164,1511.53024459746,41225.2420358736
CDH8,LRP2,110.644926123964,392.575074705209,4429.24424253711,0.001,1,0.996265327436587,0.0336647695375184,2.06031314608865,0.223040900670233,9.23737816650425,181.643079952491,389.503246900331,3,5,2,176,186,27.5151989416515,286.942392378575,168.670202905491,759.299655193607,674.091022549631,17985.5326072907,,26720.3144887141
CDH8,LRRIQ1,109.200473639479,500.842122860569,25166.8611007481,0.001,0.526498575051431,0.993822004994642,0.00166235824326951,2.20003201009488,0.0973748702724704,22.5934268660779,181.643079953068,496.300481103358,3,1,2,180,186,27.1564048393647,283.17649652657,124.552002806439,1298.77434214375,3246.78481935007,367956.893264822,,74192.0410764885
CDH8,MACF1,103.746805594727,551.534883299603,0.001,0.001,0.957243810394524,0.980472055542571,0.938555058287768,2.52961925070261e-07,0.0423966690042467,5.96655187804785e-06,101.4930369694,546.029779640603,2,2,0,121,125,17.2495585050804,320.41764304297,91.7019621579199,1703.372068004,,5507.16674015423,,66156.3399116284
CDH8,MED12,73.5706292573484,866.900648988909,7564.08902951318,0.001,1,0.990104012413874,0.00109365223917424,2.98411606316606,0.225494126522303,13.233675347508,181.643079952796,862.991427758233,2,4,3,177,186,12.2329754481639,227.189559135121,372.469907791082,1676.72385927623,1625.78229242453,28669.881983988,,85430.2606971516
CDH8,NF1,187.269019524818,996.858693413759,0.001,11782.1162832275,0.944775685992176,0.687575681239159,0.398685801102918,1.12676073898698,0.250323869278797,4.50121173914924,181.643079952296,1126.30141113933,4,7,1,174,186,67.1469772814099,402.572681872206,428.288979234827,1928.20679152458,,3860.70904239352,646.09860703616,62641.2741329466
CDH8,NRAS,182.681551410093,2938.81876686265,0.001,0.001,0.97210135831196,0.971190284788132,0.944096640700243,1.55167437470736e-07,0.0519033030937352,2.98954841449128e-06,181.643079952593,2895.62915652456,5,2,0,179,186,65.507758799316,392.65697474584,488.58199983277,9073.49958454048,,15609.2537987909,,205419.462240623
CDH8,PBRM1,125.188344241827,441.181908865945,15839.339977315,37422.8184491361,0.922737604409558,0.952912973621616,5.62049365992689e-05,3.14933436035308,0.130853615585785,24.0676143815716,181.643079952953,684.572099396666,2,1,3,180,186,25.0168767753973,328.180546150932,43.1205620842055,1333.69413125826,,263990.065221378,,262797.75591683
CDH8,PEG3,109.51514235947,189.221211163623,12034.2614844265,0.001,0.673797248029475,0.990950832998392,0.00542456461847754,2.23270513524265,0.133404700772432,16.736330296571,181.643079953098,187.428292991234,3,2,2,179,186,27.2345667326605,283.994225062822,58.7421919019404,439.59312988639,1748.22480727484,70025.9962492723,,19941.7430491475
CDH8,PIK3CA,114.104356690593,1229.03967043853,3991.41444282872,1758.00298152367,1,1,0.0346424808760043,2.18960380253108,0.243465105110573,8.99350155964503,181.643079952491,1233.51236681546,3,6,2,175,186,28.3903059471917,295.600958804103,554.267365992269,2300.1081292442,498.761186525768,14824.2257869281,,84127.697837277
CDH8,PLEC,183.213066930614,54.1235899275531,0.001,4039.74254358037,0.971822556960703,0.522780188609661,0.103889590251163,1.03796462320439,0.0644102728936152,16.1148924942264,181.64307995223,106.895190297117,4,1,1,180,186,65.6962871459389,393.819962883968,3.08818161296809,238.318934159677,,26244.6062588441,221.365616511807,21563.3707208143
CDH8,POLE,183.027526722908,132.591443236197,0.001,27119.0114291248,0.973809877298789,0.417895672051391,0.0029772645330983,2.11806568363247,0.0894334602487265,23.6831458577343,181.643079953098,394.372924241964,3,1,2,180,186,65.6287139620693,393.405575366455,7.56374752793476,583.689013256107,,30531.4532635234,4109.66463551629,120667.173223888
CDH8,PREX2,123.733120178657,391.740426463465,4359.10846154346,2728.02096512661,1,1,0.0239007985263864,2.01040115063962,0.188190468882466,10.6828000513417,181.643079952491,413.460400024466,3,4,2,177,186,31.0500185679299,316.32369469922,142.872202346471,818.913447351484,9.48555531441639,20196.7447285308,,39295.7552501762
CDH8,PTPRT,184.607670763559,146.030359579175,0.001,7014.26069653217,0.973218610041351,0.654647449697576,0.0211908084166354,2.09408451977743,0.192688876925524,10.8676979864635,181.643079952955,217.078046563695,3,4,2,177,186,66.1961146857974,396.826392941379,45.3325512158985,339.265949177358,,9218.76634157335,1060.20241830441,31532.8039579719
CDH8,RASA1,183.509148700009,198.816848048277,0.001,40090.4397243457,0.979187717454385,0.408711531308089,0.000175455301925407,3.11033772606638,0.167909900920911,18.5238494514472,181.643079952932,494.314011221493,2,2,3,179,186,65.8032055757717,394.448210326703,33.0583822831338,613.950209433632,,18038.7895856798,8268.42578139817,220998.622184721
CDH8,ROBO2,182.984919632903,52.8244896265481,0.001,20694.3790693715,0.97150464518578,0.497621047208384,6.77538100160713e-05,3.0743372705649,0.133870427601489,22.9650216679423,181.643079952862,210.046271448717,2,1,3,180,186,65.613123753686,393.312154104521,3.01394826690134,232.591156123531,,29529.570868937,4193.20750215603,121068.483659916
CDH8,ROS1,183.730122186467,358.581208320199,0.001,47362.1821343637,0.987111986592416,0.697941940788303,0.0003948402035551,3.07026809521223,0.182708542069254,16.8041847438555,181.643079953173,713.137975253046,2,3,3,178,186,65.8822754524434,394.926031527863,89.1724865133286,929.889461292284,,17948.8998307973,9819.57637175388,259798.12003547
CDH8,RYR1,106.147130956859,281.086820712214,0.001,0.001,0.914648379566246,0.948285137271293,0.867367077177117,7.2473201507238e-07,0.10405441870744,6.96493261963282e-06,101.493036969222,278.027544666059,2,5,0,118,125,17.6478068886031,327.872425133143,100.773515099561,604.393820319507,,2390.02705960613,,12403.227138227
CDH8,SACS,189.797355231662,646.305649671213,0.001,9790.2917639461,0.957102119460459,0.727985109441043,0.12613345216533,2.15037920418342,0.467340935330011,4.60130718629419,181.643079952491,739.177887652254,3,13,2,168,186,68.0532852901155,408.015072145837,355.479656243333,1064.22968495332,,3211.77791400796,1484.35807288388,43474.2469918274
CDH8,SF3B1,112.169460439189,2185.32044986455,4262.17242624823,1440.3374288668,1,1,0.0347976649797546,2.0071109987908,0.21883394058192,9.1718450687015,181.643079953098,2181.50410595226,3,5,2,176,186,27.8967836996438,290.833688182649,931.831092479171,4238.44739109881,588.258010844361,17408.7115237709,,165940.355317632
CDH8,SMAD4,189.86619625903,2635.79867083272,0.001,0.000999999999976353,0.802852584579357,0.823105752812496,0.660888219763554,1.31362680977354e-06,0.429644157008223,3.05747625877383e-06,181.643079952593,2601.01344485104,5,15,0,166,186,68.075555733975,408.124782703762,1516.51742071753,4204.61286160105,,1657.5288810528,,27485.981100712
CDH8,SPHKAP,110.390878759177,855.538785632886,5150.68626031356,0.001,0.841407324020464,0.991541290659592,0.0246359035543567,2.21679073056084,0.212620767337374,10.4260310896319,181.643079953068,848.404460447093,3,5,2,176,186,27.451985475394,286.274067087284,367.592447697988,1654.71321074377,791.141471087239,20497.0198122075,,55952.0877703393
CDH8,SPTA1,110.654348215093,412.264854515529,4411.64440911418,0.001,0.82154949762287,0.989512016998713,0.031693590393372,2.29101783759312,0.247012627661654,9.2749016893632,181.643079952513,408.808891376222,3,6,2,175,186,27.517453759808,286.958422885535,188.386254457194,767.485977721738,689.607947523239,16561.6553499424,,23557.8465242039
CDH8,SYNE1,112.940916419692,466.281297352881,1995.6202264808,0.001,0.898072983889634,0.984302055452571,0.124968474073533,2.29680330406447,0.466109745376835,4.92760197967451,181.643079952491,462.234631721948,3,13,2,168,186,28.0851288923916,292.911356890672,268.279009807367,743.797934588632,321.772952347284,6729.48559975568,,13947.4974976338
CDH8,SYNE2,103.199421213412,983.418959667749,0.001,0.001,0.941018117060003,0.973710579341231,0.9419589115409,3.25828105055687e-07,0.0587154711067045,5.54927174923887e-06,101.493036969087,974.626173992186,2,3,0,120,125,17.1589801022855,318.705213483383,244.551148592191,2550.41039290593,,7297.79063023805,,86753.5092389098
CDH8,TENM1,184.752290480026,260.350203189993,0.001,10226.9209819855,0.981689376041028,0.802059413279126,0.0289187993689145,2.12975146779377,0.227937333027077,9.34358334157035,181.643079952491,361.294397587417,3,5,2,176,186,66.2479500573441,397.131386595125,93.3562157156704,559.624790387205,,8902.16079799558,1546.28978135906,45904.7454637134
CDH8,TP53,121.806128902317,1352.7571571186,678.904229861606,0.001,0.940505600044247,0.987928687281991,0.609093706489984,2.16433305407622,1.14001099103006,1.89851946262434,181.643079952811,1339.34191423191,3,38,2,143,186,30.2871355799759,315.969394274034,974.939076829103,1818.04129751224,111.978971145016,2141.0508562458,,14306.2259255358
CDH8,TTN,102.934224170858,440.066512606935,0.001,0.001,0.972354601955846,0.980111549231806,0.95301890608381,2.71308780933505e-07,0.0437536809477801,6.20082185216169e-06,101.4930369694,435.615072819771,2,2,0,121,125,17.1149210034447,317.886892816701,73.1694812886082,1359.06475586937,,9739.65168807757,,51907.3317148018
CDH8,XIRP2,185.393870284331,252.223215882273,0.001,13024.8149179775,0.951372331009489,0.39146454697265,0.0178847199536602,2.12089008609026,0.172582850163563,12.2891126440444,181.643079952491,375.215368908779,3,4,2,177,186,66.4758382602922,398.533409178085,78.2997450369821,585.977251478349,,6625.38092377282,1977.30635409733,57465.9378803854
CDH8,ZFHX3,104.146998331766,313.855115449181,0.001,0.001,0.949960739376501,0.970652510681864,0.922088340777003,4.06434762464415e-07,0.0606900260363345,6.69689550340755e-06,101.493036969087,310.699805727231,2,3,0,120,125,17.3158890630727,321.664386260572,78.0454552511255,814.006056429696,,4532.11396479439,,24794.424383984
CDH8,ZNF521,109.955681197827,441.208811066999,7162.51655386252,0.001,0.628797574659059,0.987133352698253,0.0127942505926966,2.47062727860666,0.193670765671423,12.7568415916642,181.643079952843,437.19480826778,3,4,2,177,186,27.3440266367137,285.138482357279,175.356819068363,894.101126289456,1110.0059050602,28312.7885022629,,32105.380353509
CDH8,ZNF536,103.77111081161,259.162852403234,0.001,0.001,0.956806681041926,0.952428278546398,0.911296461863201,6.97033774877884e-07,0.0986609501979197,7.06494082491191e-06,101.493036969211,256.618557388271,2,5,0,118,125,17.2542094816014,320.466200115195,92.9280761161117,557.098315544364,,4851.350809413,,12456.6381340998
CSMD3,CTNNA2,477.661162658854,187.268445705861,0.001,3925.88546122424,0.99605297877175,0.933959327490313,0.0814694839765582,2.24656325757402,0.363306433611582,6.18365943933672,471.551127241008,257.633851874295,7,5,2,172,186,229.505281339984,861.177937273739,67.151637743379,402.524220832318,,16484.3476302171,626.321284184477,13767.6440670876
CSMD3,CUBN,474.901392116046,121.865479207273,0.001,10356.1462037805,0.981202557189965,0.590825780647074,0.0013863300869831,3.22990216583414,0.259679657974005,12.4380253387328,471.551127241467,300.001390540078,6,2,3,175,186,228.180980133503,856.192499217648,20.2630784371879,376.329200819737,,33912.0632476019,2411.53432788643,32228.0314079691
CSMD3,DMXL1,316.036086641596,1823.55230774008,22251.0975082178,0.001,0.82715798386192,0.99355958647142,0.00148355630731005,3.09605491207337,0.250415911235105,12.3636509229903,471.551127242422,1792.79182802307,6,2,3,175,186,125.606436541888,640.452554056979,653.911077823894,3919.66273111439,4619.33167354107,122192.134264297,,92792.5719666464
CSMD3,DMXL2,475.671501098186,578.667320884001,0.001,33187.1136355877,0.988406182231204,0.740218582839927,0.00286626288438813,3.26381289560429,0.312036722576427,10.4597076544569,471.55112724236,1139.83502446751,6,3,3,174,186,228.551437046211,857.580883323611,143.903978144167,1500.62950998262,,25827.2832099912,7726.67846303132,103315.605811512
CSMD3,DNAH5,152.369974991675,327.642831663415,0.001,0.001,0.959651151185959,0.964028406526705,0.925135258876477,4.45211843518381e-07,0.0888369786747418,5.01155994001588e-06,149.251260041812,325.220922393112,2,5,0,118,125,25.3350717375181,470.533024857083,117.483097187985,704.300196104071,,7539.50688971617,,22181.7124081141
CSMD3,EPHA2,423.915375971281,747.843714546661,4388.67402659872,0.001,0.973267253911567,0.995698800953754,0.46319540276481,1.0286320641408,0.249847912681126,4.11703285051498,471.551127242168,730.871375536547,8,4,1,173,186,193.706493239957,789.170503301191,268.164705596365,1607.49198121389,240.868270066038,23218.2259031585,,22167.4149600505
CSMD3,ERBB2,477.81292969851,1145.35551296757,0.001,0.001,0.889724090008078,0.887089253856783,0.789283141704985,3.95234500617423e-07,0.253126424291855,1.56141146355276e-06,471.551127239499,1118.09175224896,9,5,0,172,186,229.566396217671,861.416766743553,410.710710814799,2461.93664744661,,8331.38819660887,,18798.8305367979
CSMD3,ERBB3,150.799599511159,1227.59635467676,0.001,0.001,0.979652133263284,0.984242245773495,0.964216024100324,1.3050521265566e-07,0.0342079281505873,3.81505749430836e-06,149.251260042178,1217.82820391089,2,2,0,121,125,25.0742443725153,465.673033915627,204.118997536574,3790.84460665025,,17199.5368254518,,183480.858832286
CSMD3,ERBB4,315.877183040429,289.143480299578,24131.8423465506,0.001,0.792851392950827,0.995954544398584,0.00116881398461744,3.2384866964168,0.258209827207986,12.5420737523217,471.551127243268,284.405642526541,6,2,3,175,186,125.543436858232,640.128331472731,103.683507867992,621.486757744903,5020.20750824455,130072.954133883,,16117.1084893768
CSMD3,FAT2,480.318509391366,520.810211847553,0.001,8797.97879093207,0.973786792358674,0.757313053222799,0.110270767327163,2.19584373643058,0.409914965422868,5.35682744387083,471.551127241467,681.924457879088,7,6,2,171,186,230.77723038287,865.996769090311,206.982562344485,1055.51480034376,,11178.8382524535,1404.66688761925,30774.4850122978
CSMD3,FBN2,477.180825078863,192.349671723427,0.001,5011.87977841287,0.983111929331303,0.769078448909893,0.0587267749848699,2.22624631892802,0.315380629877751,7.05891899509161,471.55112724236,283.485337805401,7,4,2,173,186,229.273861407824,860.315405754134,59.7116257286516,446.890229229741,,17512.8179730861,798.459807977427,17657.3506527994
CSMD3,FBXW7,473.221173430933,268.422923898777,0.001,28088.8904884764,0.990209088758026,0.697460032244619,0.00980656797021439,2.23766212370756,0.155459060843953,14.3938996643862,471.551127242376,791.304900177839,7,1,2,176,186,227.373945565328,853.143862571164,15.3156417005507,1181.91981598013,,99667.613431767,4484.92589305402,98218.6163211609
CSMD3,FGFR2,,,,,,,,,,,,,9,0,0,177,186,,,,,,,,
CSMD3,GLI3,476.10336289156,105.474714130413,0.001,1627.22237335356,0.983718601871134,0.847332868235635,0.35012355188013,1.1289173767014,0.207875603643158,5.43073529031965,471.551127241963,137.755155239051,8,3,1,174,186,228.756786455029,858.368724809793,26.229183818187,273.530797449978,,19596.3814737171,90.9737415740298,7797.54952875217
CSMD3,GNAS,487.698263536593,1793.07519844288,0.001,8552.91904074158,0.925949863427797,0.807376825954387,0.717614767210811,1.0779283218412,0.515348035806564,2.09165116959096,471.551127241006,1947.74647115592,8,9,1,168,186,234.309521467004,879.380300699292,861.37902050987,3233.62414116797,,5112.95313051406,478.240551895759,40961.9372899839
CSMD3,HMCN1,483.152181805838,337.074801960069,0.001,6891.90656103999,0.964616247208049,0.726066528687945,0.0256497461640471,3.16447806204132,0.563806417736028,5.61270315926577,471.551127238148,455.945564714302,6,8,3,169,186,232.134836709801,871.126248950258,154.013550171966,627.600690383387,,9155.99320808725,1606.81192649569,21404.5182642514
CSMD3,HYDIN,153.113571753573,453.979085665434,0.001,24150.2490038515,0.990359649706151,0.631767723655792,0.128285412381198,1.14334607578355,0.108170186992379,10.5698816612391,149.251260042178,543.342517181922,1,5,1,118,125,25.4584989838976,472.842623294282,162.769523547423,976.026195563499,,10029.2589365517,1131.53002900103,387895.275624962
CSMD3,IDH2,,,,,,,,,,,,,9,0,0,177,186,,,,,,,,
CSMD3,KMT2C,477.070794858388,395.22828196454,0.001,15750.8259765567,0.991147541370834,0.896320658512922,0.006336693107712,3.12613965693685,0.357194362679141,8.75192887561046,471.55112724236,680.32175087073,6,4,3,173,186,229.221577474905,860.110231049249,122.692864540531,918.230528392746,,19743.2163405479,3670.46261441027,48910.5115600906
CSMD3,KRAS,498.700401966427,11111.2100255108,0.001,56390.8549884974,0.958189184443309,0.861092305834402,0.543835688659451,2.10795644902756,1.00510173195363,2.09725680696051,471.551127241467,12046.859604555,7,19,2,158,186,239.58269443166,899.240099087109,6831.52593451945,16891.7150414809,,3844.9482433117,9022.35550900012,195860.874908179
CSMD3,LAMA1,476.897149390073,124.027278717091,0.001,5220.09320418885,0.990329331719457,0.819367267252531,0.00545901200975722,3.2075483423915,0.362707662972925,8.84334319297502,471.55112724236,213.698155932872,6,4,3,173,186,229.138910604028,859.796341224335,38.5024782149227,288.150086463249,,20060.6915986419,1215.12831877369,16263.386606396
CSMD3,LAMA2,476.451395737589,254.102225322039,0.001,8701.62539753906,0.975803148193228,0.650586757315407,0.0394927890778195,2.21391786330662,0.258908708827696,8.55095942245798,471.551127241529,416.00160988742,7,3,2,174,186,228.922904390512,859.000178110998,63.1890233272607,658.981903803546,,20309.3299339733,1388.40234615737,30500.4250474398
CSMD3,LRP1B,492.065674905179,271.270306589673,0.001,1843.50168299744,0.9597609272819,0.837670952729913,0.389355044389041,2.16529847268018,0.813432352090113,2.6619281457351,471.551127239656,304.030486267131,7,14,2,163,186,236.407455700448,887.257111959289,152.789038760443,439.328909746989,,4956.59162000694,294.631084498374,6426.71892391188
CSMD3,LRP2,477.627469527499,226.143798137337,0.001,9343.13308671039,0.977889351821679,0.67382587211191,0.00567545116853913,3.20232670261084,0.362231112774111,8.84056225343577,471.551127242556,389.503246900329,6,4,3,173,186,229.488016100505,861.125541607007,70.2027023379682,525.40658109561,,17287.6635872598,2175.01775030502,29091.0307623395
CSMD3,LRRIQ1,472.704005973869,168.299106406836,0.001,17875.4827840523,0.999767643569404,0.928326768222466,0.00960999363186945,2.237361536867,0.153754071865828,14.5515595763825,471.551127242422,496.300481104107,7,1,2,176,186,227.128451773709,852.211512028251,9.60286893393984,741.047220781946,,146805.175948789,2855.81838211616,62382.7659973353
CSMD3,MACF1,151.163305967817,549.622471490933,0.001,0.001,0.97494720673907,0.987161389515655,0.962431825410946,1.52552515033516e-07,0.0352305684187642,4.33011790273202e-06,149.251260042178,546.029779638441,2,2,0,121,125,25.1346211971553,466.80680531712,91.3847246244916,1697.43345787341,,13923.0091828989,,104012.558728557
CSMD3,MED12,477.470922117788,501.021217085772,0.001,20715.6269396042,0.981797954295474,0.713427085122875,0.00566777403204668,3.17366466666204,0.360762804819531,8.79709500054928,471.551127241467,862.991427762514,6,4,3,173,186,229.409659535681,860.828067090932,155.52982647773,1164.02541776665,,18095.2643177654,4826.22212033285,64361.4294077134
CSMD3,NF1,483.377166167426,1005.63865228847,0.001,6855.6034022675,0.937655152585638,0.764296948608508,0.587854542156061,1.16704336902087,0.40845908402598,2.85718549216214,471.551127238881,1126.30141113645,8,7,1,170,186,232.241123333328,871.544427081362,432.056022640632,1945.23618765698,,6866.54234443007,383.517900259361,32759.4017393155
CSMD3,NRAS,473.039912951776,1478.98660303216,0.001,66956.1427385987,0.997609531795289,0.856491739768019,0.166628274033959,1.00104686736318,0.0932683507405902,10.7329748989281,471.551127240696,2895.6291565585,8,1,1,176,186,227.289542855542,852.82018421425,84.3882599438766,6512.23353310232,,104273.304906356,3746.51223148589,319684.970898929
CSMD3,PBRM1,474.154285663996,348.477022975849,0.001,17801.653476539,0.995961086883449,0.893795062400503,0.0234663326469091,2.19442018672266,0.206569754634117,10.6231436959854,471.551127242422,684.572099396016,7,2,2,175,186,227.824350749886,854.838667595379,57.9428062180871,1076.08641296299,,42337.6595860393,2842.12107165945,62260.9938221388
CSMD3,PEG3,473.998185841747,95.3804961180257,0.001,4947.66404171146,0.998117758105075,0.932594890992477,0.0228785806117157,2.22977204273008,0.208916003395061,10.673055230305,471.551127242422,187.428292991076,7,2,2,175,186,227.748936276328,854.552625858012,15.8597773188004,294.537576597926,,44933.2559199863,789.503737463235,17337.9839687642
CSMD3,PIK3CA,479.880141885548,942.862843557048,0.001,15256.4007488489,0.986292901176015,0.884154817992861,0.120352955400031,2.15323682409678,0.412576431808085,5.21900103372454,471.551127241467,1233.51236681546,7,6,2,171,186,230.567141631835,865.194019064189,374.72933667341,1910.86916876638,,12030.1955413699,2434.85340835684,53427.0634498625
CSMD3,PLEC,473.83741373777,54.6233282747325,0.001,2393.74825238259,0.981390020345848,0.70474051812845,0.168739778210208,1.06301949224428,0.102861409942018,10.3344829984685,471.551127242027,106.895190297062,8,1,1,176,186,227.664069924175,854.254068851736,3.11648030064815,240.506546493489,,68344.2618579032,134.492504314562,11530.3915900353
CSMD3,POLE,473.680860051899,133.935597086092,0.001,13149.714361401,0.982987475875039,0.632433375234197,0.0109973275318651,2.13371393720053,0.152168566900293,14.0220413497001,471.551127241467,394.372924241964,7,1,2,176,186,227.595275239296,853.987666950378,7.64211114297951,589.748419558809,,79507.9410623636,2100.10402352936,45942.7425624194
CSMD3,PREX2,477.012507848945,280.657217166235,0.001,7131.12288083493,0.988910682886938,0.840607588248965,0.0614673279012184,2.19829547248451,0.305469508914846,7.1964481178294,471.551127241467,413.460400024872,7,4,2,173,186,229.193176486917,860.007009142465,87.126001846446,652.03928402518,,18353.4161090604,1138.95927465927,24910.8676226943
CSMD3,PTPRT,477.652671372784,147.478153138752,0.001,3592.41430702834,0.980328168386869,0.776776813697446,0.0659013709878032,2.14675619938683,0.311408092211337,6.89370717421797,471.551127241467,217.078046562869,7,4,2,173,186,229.499278188465,861.173804742322,45.7819066678811,342.641401630596,,16415.7219891573,573.02864337026,12601.5601506282
CSMD3,RASA1,476.250142563985,301.6637549135,0.001,10867.8803017475,0.976324181090561,0.623780696202559,0.0359815412292394,2.29313818068398,0.260441772179019,8.80480178543616,471.55112724236,494.314011225175,7,3,2,174,186,228.827208685331,858.63430175773,75.0168728524698,782.319484292973,,20722.3744825449,1734.20290880406,38084.8994201341
CSMD3,ROBO2,475.054127466838,106.867814411722,0.001,5627.83839175148,0.977996230483359,0.595415133057315,0.0217981150619931,2.24451387505522,0.207931634071211,10.7944800466798,471.551127241467,210.046271448717,7,2,2,175,186,228.253736567629,856.474339312349,17.7693158308791,330.018412655462,,30658.2531753342,897.78893691422,19739.1291089519
CSMD3,ROS1,477.435489960311,484.542915387291,0.001,11706.9934180086,0.985613121384332,0.832934413028515,0.0670100510376242,2.10577422862606,0.302680682065123,6.95708168178698,471.551127241117,713.137975252937,7,4,2,173,186,229.396357645659,860.782482339234,150.418674999214,1125.7485002242,,17341.3557465178,1870.15440107016,40871.4707912396
CSMD3,RYR1,153.501362957277,280.375648921419,0.001,0.001,0.945612207461867,0.959786920045635,0.907595605681732,4.70776867286457e-07,0.088936634145536,5.29339649301408e-06,149.251260042178,278.027544666296,2,5,0,118,125,25.5227028259595,474.050530065901,100.519867335708,602.854840720212,,5559.48524469981,,16691.5245089818
CSMD3,SACS,487.228690281526,549.341654385198,0.001,12452.0788449677,0.961799745735283,0.648192579903284,0.00611035121020191,4.24680231409503,0.765400924440352,5.54846770952128,471.551127241087,739.177887646445,5,11,4,166,186,234.090900777148,878.493216648746,285.206389916653,941.050220539682,,7362.70923437146,3516.45095475113,37372.4930811581
CSMD3,SF3B1,478.447991605995,1587.78925357424,0.001,31126.871440451,0.988213331981031,0.886011807471886,0.0908283810107464,2.16006678516066,0.362475997566462,5.95919950469162,471.551127241467,2181.50410595226,7,5,2,172,186,229.881108943638,862.609419394911,569.346503877201,3412.99056324662,,14748.6398487634,4968.27775426251,108958.581395218
CSMD3,SMAD4,490.28587301473,2298.90366844756,0.001,16312.5154357212,0.992391101692996,0.912650816219134,0.379694347503515,2.09177224376834,0.757396337408737,2.76179345007777,471.551127241262,2601.01344481607,7,13,2,164,186,235.556020665384,884.026948400077,1264.42642021541,3785.50504664387,,5637.70576163209,2608.15871581843,56704.7546567862
CSMD3,SPHKAP,318.100995183699,862.878267963672,11409.1049833399,0.001,1,0.994155116933209,0.00747796750172968,2.99153913701288,0.352078554363344,8.49679453615804,471.551127238148,848.404460450301,6,4,3,173,186,126.425024511894,644.652959670525,370.73995879935,1668.95391574539,2571.44225628621,40264.677732446,,31587.9926398213
CSMD3,SPTA1,478.361129929228,259.829051855407,0.001,8197.40579025197,0.990323655722038,0.943834212057627,0.0103957824220858,3.11013421319571,0.409417564391004,7.59648457638094,471.551127241918,408.808891373939,6,5,3,172,186,229.840435904784,862.446903310188,93.1693928700507,558.504712690999,,16034.0424171028,1911.69325725007,25418.9789389088
CSMD3,SYNE1,487.765542297822,375.911996439164,0.001,5038.17539630043,0.983407638656877,0.888765054422606,0.0663197309428663,3.17591667023296,0.761658888813864,4.1697362387234,471.551127242422,462.234631721436,6,12,3,165,186,234.348004711933,879.46444950856,201.265132797319,630.61740597788,,7045.67803177474,1175.18772328599,15604.2391972245
CSMD3,SYNE2,151.422003618789,982.909068699577,0.001,0.001,0.946576814152778,0.975161932627481,0.947523165937279,2.04694292890717e-07,0.052070287435262,3.93111509409679e-06,149.251260042178,974.626173998885,2,3,0,120,125,25.1775999129019,467.602240585146,244.424390534026,2549.08163594149,,11470.5794768766,,93252.6676350384
CSMD3,TENM1,477.490993869065,209.610577376301,0.001,9042.61899878977,0.977613312083693,0.625641358340489,0.0050154937467981,3.26305926704607,0.36159839457399,9.02398715262654,471.551127241529,361.294397586076,6,4,3,173,186,229.422261001858,860.875913410318,65.0699874558691,486.994568698459,,17563.8415426441,2106.50769223416,28117.6389483502
CSMD3,TP53,174.589019136704,1352.65756296915,3019.38206619244,0.001,1,0.98593743943711,0.0114333292824135,6.06645470002812,1.97603784769481,3.0700093660175,471.551127242925,1339.3419142268,3,34,6,143,186,43.4118556822707,452.870538154909,974.883312143601,1817.88102955667,1180.09945346055,6308.78673873473,,16901.7417302039
CSMD3,TTN,150.820391808587,438.857005935439,0.001,0.001,0.979395504595472,0.985444130746393,0.96514090893913,1.62199386842407e-07,0.0355041635224649,4.56846101274228e-06,149.251260042178,435.615072818194,2,2,0,121,125,25.0775187736046,465.736708958921,72.9682256631535,1355.29866655723,,17369.5310500175,,74106.5596739175
CSMD3,XIRP2,477.355670515393,190.774457253293,0.001,9993.12060888833,0.964254272798285,0.509436219653181,0.0035760743965269,3.0866784140045,0.299753904380326,10.2973751764319,471.551127240529,375.215368909607,6,3,3,174,186,229.355263076325,860.64170204362,47.4413267865753,494.737310137918,,17811.4544482266,2332.86202935083,30884.9177245298
CSMD3,ZFHX3,151.927931810357,313.081941387376,0.001,0.001,0.965187166115266,0.9776588618544,0.943626862902949,2.6511657907121e-07,0.0524331843486456,5.05627461624994e-06,149.251260042178,310.699805727506,2,3,0,120,125,25.2617927777347,469.181788743683,77.853751214827,811.989560641398,,9269.19702168252,,33944.5800248738
CSMD3,ZNF521,475.184595560928,221.895397058918,0.001,12900.3478748493,0.997203989350607,0.887843075712896,0.00277397966646634,3.27223979042955,0.307917313157446,10.6270081304469,471.551127241392,437.194808270175,6,3,3,174,186,228.318302122854,856.695715908081,55.1814803035992,575.425829395314,,29959.9823570878,3005.90551746294,40082.0637164573
CSMD3,ZNF536,152.446272362149,258.628818917601,0.001,0.001,0.958693164063958,0.962186952773041,0.922446672288496,4.70252716142094e-07,0.0866214858054128,5.42882301971215e-06,149.251260042178,256.618557388473,2,5,0,118,125,25.3477789825897,470.771333820702,92.7374609051229,555.943354673197,,7366.71878607646,,16244.0456989969
CTNNA2,CUBN,260.777046093682,182.151531625633,0.001,9120.9777492097,0.966763696720854,0.484048854578014,0.0200128472136529,2.46903995534653,0.223896398243966,11.0276001521747,257.633851874295,300.001390541902,5,3,2,176,186,112.044186038947,504.38620029861,45.2972339817956,472.373373186275,,12440.5400466193,1432.74978831854,33974.3042852399
CTNNA2,DMXL1,185.39851840488,1817.39777602989,8416.18557661903,0.001,0.834812866538231,0.993702373163358,0.0220896630478753,2.12125240055248,0.200248613923785,10.5930940493792,257.633851874295,1792.79182802307,5,3,2,176,186,66.4826356662706,398.496954746728,651.692382081782,3906.31233026522,1278.09008102652,37053.8832669939,,105026.306356114
CTNNA2,DMXL2,191.4730503045,1124.35055586107,6275.03372528727,2390.65781220731,0.995664931057834,0.999392819019594,0.0322836989595551,2.41539614241668,0.269713845234529,8.95540286527145,257.633851874285,1139.83502445606,5,4,2,175,186,68.7082192761596,411.019246552268,430.346054258887,2307.97070530698,643.938976324934,25680.8963515319,,69218.2022767755
CTNNA2,DNAH5,157.643378345074,261.780784888878,0.001,9806.19453873831,0.978927134530446,0.734086799510556,0.164073086782462,1.39538015010879,0.155259300039557,8.98741749932708,154.983963454646,325.220922394238,2,4,1,118,125,39.2021546717631,408.826940366933,81.2644356813819,608.213898013369,,10273.8287096298,510.09741532443,75883.8604248836
CTNNA2,EPHA2,222.803401371168,743.205449043412,3850.10663586858,0.001,0.813620291563833,0.984454226355215,0.304167734818404,1.2353655974947,0.20334728212885,6.07515175300898,257.63385187411,730.871375534107,6,4,1,175,186,88.5522190183926,451.508332524385,266.502575480478,1597.4798282223,211.308565466851,20353.3350869674,,29068.7706026818
CTNNA2,ERBB2,260.386318785027,1138.65517063888,0.001,0.001,0.928971322325145,0.913341394235828,0.848476986055924,5.33779713758013e-07,0.216494654991303,2.46555608395716e-06,257.633851874529,1118.09175224869,7,5,0,174,186,111.878920142986,503.612159444811,408.307376365028,2447.46673568344,,7237.89644804204,,25082.0232660264
CTNNA2,ERBB3,156.345410319656,1231.57665088118,0.001,0.001,0.974234945459934,0.977916027420074,0.95272155190878,2.02764851619901e-07,0.0546347418176774,3.71128049431534e-06,154.983963454577,1217.82820391089,3,2,0,120,125,38.8801884362893,405.443121454945,204.780388567869,3803.16520946476,,14409.0512741526,,119640.851329723
CTNNA2,ERBB4,147.778747488164,287.420514027949,21515.9546811015,0.001,0.486639528210614,0.988925880876324,0.000253110916418574,3.48474626344366,0.221959575504526,15.6999140745456,257.633851875213,284.405642526536,4,2,3,177,186,45.8743569826166,343.29401651425,103.067866534969,617.78070808116,4373.06304968102,119997.778070463,,22408.3446764739
CTNNA2,FAT2,263.561157282822,605.615994023746,0.001,5553.19217469264,0.962729717831467,0.80046243094859,0.490688408447659,1.28193361955769,0.354846902391547,3.61263860813747,257.633851875047,681.924457879188,6,7,1,172,186,113.237439956716,509.796403272318,260.199364202789,1171.4211655547,,5566.63116985858,308.134831882933,27613.4291970698
CTNNA2,FBN2,261.760951651978,239.516535540926,0.001,3298.6863689139,0.970190842916571,0.765277053965908,0.36533165783038,1.39349123832205,0.281974120586466,4.94191181596304,257.633851874875,283.485337805152,6,5,1,174,186,112.466540383008,506.291720347368,85.8857698537615,514.841627225463,,7977.03257925742,182.754749345841,16529.9903324259
CTNNA2,FBXW7,259.66612686417,535.283437658023,0.001,17444.5324139351,0.980367770376034,0.707757087684664,0.191953141340457,1.28564925855632,0.134558064182412,9.55460578574793,257.633851873711,791.304900196252,6,2,1,177,186,111.555180340537,502.161731453499,88.9999711395931,1652.86141248902,,19162.3744026214,968.903150895592,86335.2394271732
CTNNA2,FGFR2,,,,,,,,,,,,,7,0,0,179,186,,,,,,,,
CTNNA2,GLI3,260.877117188784,104.855630641226,0.001,2245.09134035369,0.965326593778518,0.658267843981299,0.260770373670505,1.2884536698085,0.181113882720462,7.11405249810222,257.63385187521,137.755155239051,6,3,1,176,186,112.085211480517,504.568038972434,26.0747481092011,271.914689861663,,10220.4051621531,124.529107065019,11185.4297354277
CTNNA2,GNAS,270.663094096905,1984.13117581266,0.001,0.001,0.710357074048767,0.836915921743735,0.594607286729777,1.01909175065536e-06,0.443947054356629,2.29552542505824e-06,257.633851874705,1947.74647112753,7,10,0,169,186,116.27436832053,523.635519821861,993.952673935062,3481.38829051468,,1528.91108228883,,22252.83585592
CTNNA2,HMCN1,265.870052516088,420.751033755236,0.001,2697.04878191046,0.953839927282971,0.824051742032213,0.617879017024857,1.27224331107728,0.479120949221644,2.65536982497655,257.633851873541,455.945564713206,6,10,1,169,186,114.225880319081,514.282715031936,210.791821851302,738.163968557971,,3985.59547776434,149.822575704973,13338.4505128105
CTNNA2,HYDIN,160.97339454873,548.318856944591,0.001,0.001,0.893022694389044,0.94865840592801,0.847193398836578,8.15003109101015e-07,0.189486752499361,4.30110864401332e-06,154.983963454723,543.34251718052,3,6,0,116,125,40.0275811110102,417.522096002117,217.88733664571,1111.50471420275,,2849.42503118479,,23176.992980926
CTNNA2,IDH2,,,,,,,,,,,,,7,0,0,179,186,,,,,,,,
CTNNA2,KMT2C,148.592236986896,687.088947165115,10211.4996742081,0.001,0.668554116179365,0.991908450026416,0.00153022021814032,3.40029591546031,0.290830524674278,11.6916747967516,257.633851874248,680.321750870105,4,4,3,175,186,46.1264676531576,345.187916641452,295.192806012873,1328.81429401677,2304.26434133789,36013.6077074705,,39940.3755802776
CTNNA2,KRAS,273.875461691506,11037.4263508441,0.001,83152.761059166,0.912115497963359,0.64285065047733,0.319616440793552,2.23102569296694,0.779502165844746,2.86211609245394,257.633851874816,12046.8596044577,5,19,2,160,186,117.65868933531,529.816582707738,6786.26646923069,16778.6772067519,,2329.60516340375,13074.8741551281,308593.190289396
CTNNA2,LAMA1,261.613217170213,154.477583278236,0.001,4597.82977841585,0.978089095859344,0.685225367742601,0.0443274665595109,2.46909901944741,0.315486534978943,7.82632139787585,257.633851874128,213.698155932978,5,5,2,174,186,112.404124294859,505.998941507487,55.3931511353186,332.043792480448,,9491.9365527813,721.036620282096,17227.4462856896
CTNNA2,LAMA2,262.005330760047,337.610678237719,0.001,5601.78656682845,0.951068745455409,0.631331212760681,0.311095298514765,1.3218702819357,0.224895154822246,5.87771792140426,257.633851875044,416.001609884709,6,4,1,175,186,112.569898000611,506.78139579861,104.805015251571,784.379512549263,,7450.42521408045,310.901000893418,27826.78692711
CTNNA2,LRP1B,271.006563958075,289.534186536725,0.001,1185.68794644076,0.917859204310583,0.818162729686605,0.763171016371245,1.2258585437132,0.67089594222731,1.82719624096022,257.633851875098,304.030486266673,6,15,1,164,186,116.428737662134,524.260442172829,166.578010655657,461.889768973006,,2401.10499452253,65.9413236414232,5832.21517534876
CTNNA2,LRP2,261.803022398601,281.680053756366,0.001,8149.53434063889,0.975435343971336,0.690616264692724,0.0462829695787349,2.38759779159637,0.305637549980773,7.81186013219438,257.633851874295,389.503246901463,5,5,2,174,186,112.484369697208,506.375534884011,101.004918479082,605.471468874088,,9546.2527800813,1281.53899418483,30250.4734459553
CTNNA2,LRRIQ1,221.731606124145,503.147849481481,7762.15655485691,0.001,0.905424697096276,0.997732276187251,0.169646772805683,1.28024713310164,0.133594459856011,9.58308551478478,257.63385187388,496.300481104107,6,2,1,177,186,88.12717560714,449.332782490881,125.137714056636,1304.89536094747,408.426027623427,55499.0729763954,,41766.5671304293
CTNNA2,MACF1,157.999898390118,551.010231176691,0.001,0.001,0.94414563055084,0.98242129640598,0.927553320870952,2.58513511025744e-07,0.0610426917865093,4.23496250673004e-06,154.983963454723,546.029779637981,3,2,0,120,125,39.289535097389,409.779966386747,91.615211882556,1701.73103841053,,6372.17100589983,,69843.7284331145
CTNNA2,MED12,262.100144918803,623.817044025199,0.001,18631.0842360314,0.965951923994549,0.57613153562369,0.0434173360314417,2.44536460157334,0.307285985599119,7.95794379234571,257.633851874295,862.991427761372,5,5,2,174,186,112.611101629116,506.950097690982,223.68689521474,1340.90939198995,,8416.59834003174,2924.02186150901,69621.3267159052
CTNNA2,NF1,265.824187266915,1145.94945795583,0.001,0.001,0.804890564046401,0.87340728115536,0.703044767382947,8.54717683613712e-07,0.344844421000419,2.47856027693333e-06,257.633851874705,1126.30141112268,7,8,0,171,186,114.205490510475,514.200373856722,523.615665328942,2133.52751451555,,2424.12473973745,,16890.3578596914
CTNNA2,NRAS,259.051402866883,2947.57151917045,0.001,0.001,0.962635911051779,0.965153332379606,0.929093088374366,1.58315604535122e-07,0.072964960270004,2.16974838263847e-06,257.633851873541,2895.62915658581,7,2,0,177,186,111.305913917009,501.026835359328,490.110842730526,9101.92213043367,,16407.358977799,,166167.231533987
CTNNA2,PBRM1,260.010201836856,521.041735790943,0.001,11171.8159847261,0.987622207977766,0.842673566534818,0.266227910212717,1.27580012597287,0.179680171200841,7.10039464814857,257.633851873711,684.572099389106,6,3,1,176,186,111.719047786839,502.896608197408,129.571896911583,1351.16625322323,,14663.4413482234,620.294804725075,55313.8485017668
CTNNA2,PEG3,259.555673689261,142.537400086636,0.001,3221.23359484954,0.997336697642539,0.947421945437794,0.256493319823803,1.3447774747366,0.182773523390446,7.35761640849831,257.633851873711,187.428292991203,6,3,1,176,186,111.522789888665,502.002844897232,35.4474606448495,369.637640633746,,18150.1076804614,178.892095852009,15949.1824228697
CTNNA2,PIK3CA,262.717088943203,1096.36704742368,0.001,9556.20167511884,0.990292571499393,0.94512746793644,0.523661102879192,1.17107482289383,0.334398980339788,3.50202868951299,257.633851875074,1233.51236680758,6,7,1,172,186,112.872530344696,508.114214364356,471.012063024597,2120.40019454605,,6623.39098458001,531.37777849585,47287.8804779627
CTNNA2,PLEC,260.150418701036,108.767837834328,0.001,0.001,0.934848079257958,0.966125771918804,0.90318637365074,5.98856663451639e-07,0.0883730313274869,6.77646397838766e-06,257.633851873711,106.895190297333,7,2,0,177,186,111.774952624964,503.173890543834,18.0853824892836,335.878861848096,,9519.66721115487,,6321.49469024976
CTNNA2,POLE,260.124020012836,267.077029598242,0.001,8064.89589774316,0.970438040465758,0.64701870637081,0.203666210931241,1.13855738617252,0.123478469401571,9.22069565399095,257.63385187388,394.372924241964,6,2,1,177,186,111.763955816675,503.121057226389,44.4085242038971,824.732277810415,,16047.4377483861,448.242828813815,39784.9381030816
CTNNA2,PREX2,261.638150072006,349.637295203607,0.001,4518.854297291,0.978474828240034,0.828271958897521,0.387513850535728,1.25902129951509,0.25944504978321,4.85274743367474,257.633851873711,413.460400024211,6,5,1,174,186,112.414705666485,506.048865842934,125.374811413089,751.530403759264,,8258.22713125727,251.02062049612,22349.2784733165
CTNNA2,PTPRT,262.489429137821,183.680932776325,0.001,2292.17054870638,0.959573553256642,0.734200422396417,0.390956587607371,1.23567543272366,0.26320332463671,4.69475617159935,257.633851873541,217.078046563085,6,5,1,174,186,112.777482941859,507.716371230643,65.8641601648914,394.824855067157,,6838.95486312959,127.395210382618,11308.2536898742
CTNNA2,RASA1,261.756903538961,400.939980322115,0.001,6914.05145413194,0.954790255464114,0.636431342307493,0.302410648972873,1.37494056346971,0.229080613641961,6.00199441415266,257.633851875047,494.314011222709,6,4,1,175,186,112.464150233049,506.289447655745,124.465087571253,931.506978967037,,7697.11433535936,383.317013688595,34526.4791705246
CTNNA2,ROBO2,261.062014705903,159.738414611891,0.001,3643.76336037914,0.957713550821364,0.599332556204001,0.244475663280897,1.36479687143034,0.183160522997977,7.45137024666289,257.633851875047,210.046271448412,6,3,1,176,186,112.165252990583,504.947943943488,39.7233998335842,414.254370380578,,10106.6789490419,202.132257980222,18142.2714740526
CTNNA2,ROS1,262.052919906917,603.56292797779,0.001,7398.88119892767,0.972375854597294,0.807067559640886,0.40194138055515,1.17723324869075,0.251582471423486,4.679313475338,257.633851873711,713.137975256695,6,5,1,174,186,112.590777672904,506.864312003164,216.42603528471,1297.35777307137,,7782.26471433045,411.253571412484,36485.9398490361
CTNNA2,RYR1,161.455511086039,280.911653160705,0.001,0.001,0.885115885933918,0.951600922419448,0.842298673613065,7.74691162507696e-07,0.148493886998384,5.21699026247542e-06,154.983963454774,278.027544666581,3,5,0,117,125,40.1464601462084,418.794806621263,100.712061154853,604.005776840986,,2656.44887706156,,12404.0873082727
CTNNA2,SACS,269.131824979912,648.920602028334,0.001,7024.4583974248,0.927303343455748,0.615944058856238,0.196825485626677,2.37919785937187,0.642150223515856,3.70504871328309,257.633851874295,739.177887652555,5,13,2,166,186,115.624752052081,520.604917364348,356.913171617586,1068.53947947658,,3196.31503957882,1105.32552644944,26017.7154591261
CTNNA2,SF3B1,262.720587944092,1899.45915382504,0.001,19215.1473005067,0.973045114858772,0.839109436034089,0.463401965722845,1.18951136806366,0.300686076646667,3.95599085042252,257.633851873711,2181.50410595226,6,6,1,173,186,112.877689490741,508.157603957491,754.907212684987,3849.42881372558,,6596.4463223025,1067.72118056498,94906.3251915896
CTNNA2,SMAD4,269.311127029044,2654.43668443754,0.001,0.001,0.735210814666887,0.742373456060729,0.545889386006362,1.32334960939451e-06,0.592371524624589,2.23398585918385e-06,257.633851874928,2601.01344485467,7,15,0,164,186,115.704520392682,520.94131660375,1527.1829605835,4234.4866227182,,1676.25062596825,,17684.3279367693
CTNNA2,SPHKAP,186.506445367643,859.499678566921,5108.40945074733,0.001,0.982841724811885,0.990732781296133,0.0542678833004714,2.19239282618426,0.294207269689797,7.45186489951746,257.633851875003,848.40446044888,5,5,2,174,186,66.8811633955095,400.906421843289,369.31005894194,1662.48342921959,787.850301395837,20188.4600864011,,35759.5777002685
CTNNA2,SPTA1,197.226548025193,399.448299494707,3970.81799640952,1111.56543540817,0.943196594064115,0.999268177943587,0.0647923253625149,2.36251006328718,0.339561359921706,6.95753505001839,257.633851873541,408.808891375082,5,6,2,173,186,70.9135439939122,422.231838601484,175.552020438442,755.762475488869,190.627725637945,16125.4427539577,,17863.0059360545
CTNNA2,SYNE1,266.181061008741,373.573253937485,0.001,7642.40738347848,0.985473615083122,0.857318973057556,0.0250221003626011,3.38571026125223,0.642883247839572,5.26644654784521,257.633851874791,462.234631722485,4,12,3,167,186,114.362578720439,514.876289716879,200.02038700616,626.68561621664,,5309.15487947457,1728.87467512978,26573.8333890686
CTNNA2,SYNE2,157.431904736526,985.701513329362,0.001,0.001,0.921989787863718,0.96705797239238,0.922911558753809,3.32304611402531e-07,0.0867712640722427,3.82966198493854e-06,154.983963454723,974.626174003638,3,3,0,119,125,39.1492851742366,408.285297952719,245.118041381372,2556.33231294667,,7738.82253001206,,63769.4625678953
CTNNA2,TENM1,261.945162465286,261.124548751926,0.001,7906.36335022568,0.968214745471296,0.595532762586892,0.0425619330636536,2.50148662424326,0.315367041578032,7.93198493960032,257.633851874295,361.294397586695,5,5,2,174,186,112.545677976553,506.653252162775,93.6347076728607,561.296286514373,,8788.91893286133,1239.3676631017,29664.6460151995
CTNNA2,TP53,164.35454742699,1356.40090743584,1043.56158323727,0.001,0.998631498251543,0.992703332978021,0.411160751317353,3.20695504643851,1.58229750905791,2.02677121595667,257.633851873532,1339.34191423392,4,37,3,142,186,51.013736221486,381.95667303703,977.574970628588,1823.02248297998,256.693875146438,2773.14792221519,,11968.2792889383
CTNNA2,TTN,157.109381373714,439.876837252306,0.001,0.001,0.960223136562585,0.981036889202813,0.942017966699232,2.82502684076976e-07,0.0631708950639582,4.47203864676846e-06,154.983963454576,435.615072819025,3,2,0,120,125,39.0688226970156,407.454150901621,73.1382806936545,1358.46360873809,,10241.0515102902,,51132.7124738131
CTNNA2,XIRP2,262.751048612699,253.500170756771,0.001,8537.46398019168,0.940033379439863,0.414626374125891,0.0362456869859773,2.17644764169567,0.238492833909461,9.12584083143528,257.633851874968,375.215368909632,5,4,2,175,186,112.888710702761,508.245468646634,78.6957890864506,588.951739547136,,7186.43675578093,1343.26673550283,31633.3805557581
CTNNA2,ZFHX3,158.446128760239,313.794771175866,0.001,0.001,0.936255826168008,0.971311192646053,0.909402960848689,4.4242948723898e-07,0.0891394020087948,4.96334367595744e-06,154.983963454723,310.699805727763,3,3,0,119,125,39.4001825911367,410.944299823217,78.0308093463202,813.8392015002,,5356.68079381451,,23753.65443054
CTNNA2,ZNF521,223.369625215762,443.584321170571,3047.4195381605,0.001,0.954802274232628,0.996503296939905,0.374261412918648,1.32183997600509,0.267298921118709,4.94517512630756,257.633851874904,437.194808266588,6,5,1,174,186,88.7768796013147,452.659114217562,176.299651396964,898.926094008535,168.463645589025,15463.4071017264,,17693.8104879388
CTNNA2,ZNF536,157.991267800979,206.724343624771,0.001,6715.04952396631,0.979664077171637,0.749359769984283,0.186384156040423,1.27706437624665,0.144383795705712,8.84492868472309,154.983963454873,256.618557388224,2,4,1,118,125,39.2879995388932,409.728394796704,64.1729626943416,480.28947544335,,9216.48367654573,350.822785190858,50391.8419044514
CUBN,DMXL1,60.1494115986457,1801.33577083324,59795.3098855023,0.001,0.434095926815885,0.988814739136029,4.03067279208038e-07,4.02075624684257,0.143439166386078,28.0310904486183,300.001390540078,1792.79182802307,1,1,4,180,186,3.43201141583651,264.849795268186,645.945328717977,3871.7489283573,12267.1798637601,948639.097717725,,538013.740253135
CUBN,DMXL2,120.913275639946,1150.51735107623,19037.9360750711,0.001,0.417230333977984,0.972845429369759,0.000286213886169785,3.27036683848012,0.188931299471523,17.3098202766189,300.001390540078,1139.83502445606,2,3,3,178,186,20.1061291010381,373.40551085119,457.34538773059,2332.0154585649,4184.06550954206,76046.5940466476,,95811.1484682911
CUBN,DNAH5,86.4636165478847,329.091345585133,0.001,0.001,0.978910393757902,0.943283908862237,0.923396391510598,3.89219951470177e-07,0.0508634921238098,7.65224594730447e-06,84.6221882014681,325.220922393112,1,5,0,119,125,4.9333433339323,380.747326933382,117.996139470603,707.484229610279,,8395.21231241743,,18436.8818003832
CUBN,EPHA2,242.308783193035,740.597559970922,5873.67084160059,0.001,0.752964071486955,0.982286737995335,0.232453917750317,1.17461611539878,0.145081736861141,8.09623692693326,300.001390541374,730.871375536963,4,4,1,177,186,75.2214389982408,562.948583543745,265.567483536441,1591.87426660783,322.407796269331,31045.2813534544,,37628.0208857891
CUBN,ERBB2,303.455361797137,1135.60646472455,0.001,0.001,0.944944716864224,0.925529183406546,0.874581935215578,3.29596936843898e-07,0.151816097535519,2.17102759321544e-06,300.001390542083,1118.09175224896,5,5,0,176,186,108.813863480191,652.275955830468,407.22135286639,2440.96928758583,,10961.7724378046,,30106.4827244389
CUBN,ERBB3,85.4120310038129,1225.59376637592,0.001,0.001,0.990800231248351,0.987420844456635,0.978337385370809,1.16584578013258e-07,0.0182336196383792,6.39393495781081e-06,84.6221882014681,1217.82820391089,1,2,0,122,125,4.87340326622138,376.102459507317,203.786311387236,3784.69121373937,,21932.3469114823,,325510.428552038
CUBN,ERBB4,120.466387295421,287.034546151371,33148.2828480675,0.001,0.248229081493222,0.98005000644025,6.94978189055105e-05,3.44861761952133,0.155471211456532,22.1817118887346,300.001390539434,284.405642527401,2,2,3,179,186,20.0309314028831,372.004395403663,102.929431919088,616.964667908107,6864.37617280782,176339.3717227,,29961.1805814406
CUBN,FAT2,183.400803001925,689.125110168115,6018.14464282223,0.001,0.835890705912988,0.978612950325836,0.0448865931193045,2.02868991332722,0.248348272363584,8.16872971983956,300.001390541033,681.92445787674,3,6,2,175,186,45.6070354560539,475.633687617302,314.879794512642,1282.96837115311,940.867768337746,22503.1410996648,,32666.1783598305
CUBN,FBN2,182.299445043599,286.703658355274,8581.84560778929,0.001,0.797748540367746,0.977675783973499,0.024799050339198,2.06962725486252,0.197890251584976,10.4584598699841,300.00139053986,283.48533780464,3,4,2,177,186,45.3335241001502,472.767790807657,113.944135015642,581.049469181773,1297.36211941588,36731.7489374856,,17071.4694470096
CUBN,FBXW7,180.593845684177,799.478278189067,27282.0797237334,0.001,1,0.988063509940566,0.00486058496303906,1.92912090889172,0.0947084970089424,20.3690373072817,300.00139053998,791.304900191033,3,1,2,180,186,44.9101635668482,468.32791430685,198.81493773596,2073.26955515424,3138.20286083332,484587.314158487,,94872.234066548
CUBN,FGFR2,,,,,,,,,,,,,5,0,0,181,186,,,,,,,,
CUBN,GLI3,303.387944041207,104.699851790337,0.000999999999976353,2472.8467966316,0.988553281675118,0.89654111360665,0.249469503272402,0.976004979109091,0.126463021704546,7.71771041015708,300.001390539223,137.755155239051,4,3,1,178,186,108.78765719879,652.138418634655,26.0362851280205,271.518497516676,,19193.860046338,134.595201398083,13637.4328855322
CUBN,GNAS,312.620165739634,1572.88529034274,0.001,34195.597978875,0.94685024283603,0.451433345765895,0.0727007868016397,1.98799105024135,0.318572572436258,6.24030824448681,300.001390541635,1947.74647111948,3,8,2,173,186,112.088356369986,672.099533884401,718.650852746555,2928.72341805746,,5517.38523802259,5129.8213163436,152228.066082827
CUBN,HMCN1,172.950866228322,424.42203908248,5200.32229292467,5304.36177698035,0.791081196457796,0.944004337270395,0.00422874467870438,3.1652220701042,0.340910802846093,9.28460478130749,300.001390541733,455.945564716249,2,8,3,173,186,30.3483025377233,496.052258167526,207.245313818462,749.612759821378,88.359623177744,19167.638294162,,49223.4623756854
CUBN,HYDIN,87.8816057467615,549.942445574581,0.001,0.001,0.963185262267043,0.931497315005992,0.897219009381011,4.45524800430502e-07,0.0631769238267683,7.05201794332588e-06,84.6221882014681,543.342517181337,1,6,0,118,125,5.01410091453671,387.027475331763,218.517823723744,1114.91740404943,,4714.4942240693,,25178.0383525328
CUBN,IDH2,,,,,,,,,,,,,5,0,0,181,186,,,,,,,,
CUBN,KMT2C,121.166239401827,685.142626630861,15602.8610231239,0.001,0.47982838149849,0.981479600379547,0.000464342513438942,3.32379642015534,0.208418858238211,15.9476759840821,300.001390540078,680.321750874166,2,4,3,177,186,20.1461941340088,374.151087535775,294.384260884525,1325.19189364291,3532.99552878354,54188.0934173633,,59669.586463359
CUBN,KRAS,191.280781073089,12146.1963812582,2104.89394997133,1012.76752418102,0.953876434462659,1,0.256747390728841,1.9240122632367,0.564052638456987,3.41105090563887,300.001390541844,12046.8596036034,3,19,2,162,186,47.5685335899891,496.106873604243,7657.90789830735,18121.1129758602,331.288717521896,6814.52758901688,,274130.554662143
CUBN,LAMA1,121.430429515152,215.575140160266,13077.5523361701,0.001,0.610844399032285,0.971133922626394,0.000822249245169992,3.10651063609051,0.222153000894357,13.9836537142606,300.001390540078,213.698155933001,2,4,3,177,186,20.1907726247245,374.986169351977,92.6222747181762,416.962939748571,2911.56318411404,47271.675990353,,15770.7194140093
CUBN,LAMA2,182.015830354608,420.193852419549,9634.94799796965,0.001,1,0.987879122517317,0.0216424927197627,1.83050487998137,0.160720186138474,11.3893899948837,300.001390541375,416.001609884452,3,3,2,178,186,45.2630527836951,472.033807331239,150.670963779406,903.231487557609,1409.09688981827,47193.5493003261,,32468.51876387
CUBN,LRP1B,125.312725393202,306.540294858596,4045.35811804372,0.001,0.881668429714205,0.959626930087899,0.0176337920474597,2.85038931520056,0.476477981229744,5.98220574189804,300.001390541326,304.030486265967,2,13,3,168,186,20.8354654850893,387.013499306536,179.761121235959,482.365327986364,972.105531765834,11409.8994026279,,11177.0266713168
CUBN,LRP2,115.772041200289,339.734672755004,18132.2290096531,14566.4297372202,0.721386066033427,0.93142737028602,6.26481239588099e-06,4.16118442093411,0.218062704112356,19.0825131600224,300.001390542083,389.503246901616,1,3,4,178,186,7.40602440877751,426.658820047451,121.189716097817,703.182092659839,2751.29407378224,74894.2409574618,,295541.382968091
CUBN,LRRIQ1,180.395946065557,502.7545325225,38227.6247805724,0.001,0.382634572401092,0.983583251224288,0.00192955046976789,2.16437933861671,0.0929979263251912,23.2734150549594,300.001390541877,496.300481101204,3,1,2,180,186,44.8605736465524,467.805750957232,125.025084062029,1303.77421210409,4943.00038423105,566671.86481143,,53242.9818466884
CUBN,MACF1,0.001,546.172022497549,6847.54238059562,2700.39945194481,0.902083359137793,0.999999083473139,0.0286987803391894,0.623874883771553,0.0208246333406762,29.9585050821978,84.6221882014681,546.029779636635,0,1,1,123,125,,179.299744715311,90.8125526530461,1686.69530575724,336.5805873206,111074.991752445,,
CUBN,MED12,76.5360607886901,833.267382739872,20499.0300455855,9866.75651026504,0.676459302190559,0.967585452748067,7.2969617694925e-06,4.07807528857099,0.21969310142317,18.5626005648482,300.001390542083,862.991427757356,1,3,4,178,186,4.40591395470446,328.657803706069,340.074220521423,1641.88438730095,4772.85364959762,79498.9754957303,,430320.510611377
CUBN,NF1,308.951446373805,999.133738871627,0.001,9917.89475907318,0.963311823553776,0.821907167702345,0.470949756141964,0.947776381089808,0.241635854976335,3.92233338542672,300.001390541163,1126.30141113713,4,7,1,174,186,110.778815864577,664.176909235381,429.248048564331,1932.62103568628,,6785.57217798645,538.464838605283,55380.2658756495
CUBN,NRAS,301.812256588125,2932.4880788035,0.001,0.001,0.970564356142643,0.975076056692096,0.946375280475383,9.76728280616124e-08,0.0520950894155647,1.87489510349953e-06,300.001390542083,2895.6291565585,5,2,0,179,186,108.224745215688,648.737114572676,487.607829294192,9055.31507583413,,24130.0795387314,,238027.104831309
CUBN,PBRM1,181.069371329869,692.227109951867,16719.0387842538,0.001,0.745658261853504,0.986333432930792,0.00780786980336101,2.02720492380568,0.125590460128734,16.1413926004231,300.001390541877,684.572099396016,3,2,2,179,186,45.0283888772195,469.56430429,214.892499633753,1608.19945659781,2394.84372808592,101938.219358387,,63861.0997921271
CUBN,PEG3,180.908688585937,189.716708522224,19239.5277622981,0.001,0.523450719939247,0.981619307611072,0.00572520766914821,2.20556107651109,0.127797757775384,17.2582141886053,300.001390540302,187.428292991203,3,2,2,179,186,44.9882257124358,469.141401835653,58.8958250910356,440.761634738123,2794.97662025358,111941.091856777,,16170.7535630262
CUBN,PIK3CA,183.019111321857,1245.36752968954,6702.68222269069,0.001,0.824200148881734,0.985706296683995,0.0358219457493347,2.1406724588514,0.239243930829669,8.94765627461399,300.001390541902,1233.51236681546,3,6,2,175,186,45.5124021202758,474.628626022916,569.069732051949,2318.46375037401,1062.76218821266,24067.0206647647,,66860.9489100413
CUBN,PLEC,302.215006753828,54.1802246871732,0.001,3744.56316526159,0.976909545830369,0.60809308668086,0.113053680133467,0.949481068641871,0.0626478276866406,15.1558498307571,300.001390541881,106.895190297371,4,1,1,180,186,108.366925530138,649.628164799225,3.09139986047692,238.569867107342,,50194.577128337,204.031101274044,20542.3601412499
CUBN,POLE,300.277849059707,0.001,55604.4750104225,51799.0279760322,0.9999924464481,0.508544622696037,7.09157162491435e-06,3.02261131238374,0.0883664210254921,34.2054286832752,300.001390542083,394.372924241718,2,0,3,181,186,107.676399683821,645.416540368538,,516.855614464237,,,10661.7303739367,283766.547840303
CUBN,PREX2,182.2261628824,417.65633628543,8827.90809785459,0.001,0.91150682167028,0.988795544192787,0.022983177946452,1.98889126586221,0.182434390728343,10.9019536169789,300.001390541033,413.460400024979,3,4,2,177,186,45.3147011630873,472.564779268038,165.993721326625,846.403450721307,1354.68058535733,36027.7753659436,,28865.5371073189
CUBN,PTPRT,225.916513767769,155.371774572892,7675.4147622603,8854.11443527376,0.908924817543362,0.838186547985455,0.000474434133277668,3.08121077303689,0.188446733835368,16.3505660741709,300.001390542083,217.078046563711,2,3,3,178,186,49.4777795849603,567.844074311464,41.9260520985281,370.526147876986,,48812.0700479396,,57357.9482767303
CUBN,RASA1,182.107511184378,499.621559658941,9259.56624797039,0.001,1,0.987374468878169,0.0229361777105715,1.79914990448776,0.163115233174484,11.0299318431112,300.001390542102,494.314011222709,3,3,2,178,186,45.2860502264583,472.274864905438,179.151319201693,1073.96785961199,1364.96491139919,45079.1268858873,,38888.574384358
CUBN,ROBO2,302.386081015033,106.127812298398,0.001,8926.6312852285,0.981880315717523,0.869175254122051,0.0112591951300893,1.88497713363027,0.128879340730931,14.6259060834712,300.0013905418,210.046271448717,3,2,2,179,186,108.428892231137,649.984288494798,17.6462056588317,327.734862104687,,31271.0185739117,1291.22736321287,44314.1369273717
CUBN,ROS1,208.87378692208,543.811333332506,9686.4129107079,24955.3889793327,0.866391748294767,0.873164650543894,0.000438478702335436,3.06927902136334,0.180102971781093,17.0418010930653,300.001390542083,713.137975254273,2,3,3,178,186,41.9041159271504,546.387342330905,153.366195227,1261.76362030555,,54000.8689832066,,172364.768263679
CUBN,RYR1,0.001,278.21447797495,2472.51569356339,1209.89922155529,0.772159077769717,0.999997508505731,0.0701269073604419,0.671385503419439,0.0508130751455211,13.2128492813452,84.6221882014691,278.027544666481,0,4,1,120,125,,194.373337361411,99.7494057390733,598.161290009913,135.639429234512,13083.3222289165,,
CUBN,SACS,124.862125875025,745.576245013837,4386.33615529033,0.001,0.854854451599397,0.955989014397718,0.0141661748782894,2.89251904443007,0.452845280867132,6.38743333902326,300.001390539994,739.177887651286,2,12,3,169,186,20.7607006145292,385.617367897689,428.958321505074,1189.37537072531,1051.59325511299,12451.149067968,,28379.3137945613
CUBN,SF3B1,186.050666561689,1859.48131517898,9691.26642048003,52674.3497397224,0.76964248558466,0.904565887606035,0.000666898820753954,3.25641100022924,0.214826771368815,15.1583109473755,300.001390542083,2181.5041059344,2,4,3,177,186,34.0563184540814,514.712590357207,661.441093079302,3886.1645400645,,41782.7132060186,,420890.70678855
CUBN,SMAD4,313.674745971982,2642.56190396596,0.001,0.001,0.801923925505997,0.792651497725437,0.635722511945138,8.26611847956627e-07,0.427143206695045,1.93521010050097e-06,300.001390541678,2601.01344483995,5,15,0,166,186,112.470922384469,674.315378880101,1520.37586725691,4215.50807480311,,2722.36007333208,,23132.4457912987
CUBN,SPHKAP,182.446889689204,857.453689681168,8107.90003290692,0.001,0.675832498899392,0.979409300683885,0.026053270005833,2.15174110940754,0.208450765836301,10.3225387576524,300.001390541877,848.404460457073,3,5,2,176,186,45.3704195992674,473.146705828083,368.410451042707,1658.45118800005,1258.27326987575,31337.0572928824,,45403.4429277902
CUBN,SPTA1,182.937558922104,413.266635438806,6878.33340276817,0.001,0.66281091920044,0.97445156932826,0.0342858793261625,2.1924801903909,0.240796408310553,9.10511998818221,300.00139053998,408.808891375618,3,6,2,175,186,45.492319398347,474.421974914365,188.84084205746,769.370962156291,1082.30198755535,25287.1878278672,,18986.8275218576
CUBN,SYNE1,79.1272699058771,455.062289539299,7208.27436515861,2988.34863554149,0.53507069355736,0.995092464069031,0.000215978806041851,4.57851819772638,0.459688873174176,9.9600370270254,300.001390542083,462.234631723227,1,11,4,170,186,4.55973798102856,338.853620624469,258.295448373156,730.97214587614,1833.28255367325,19515.8391832286,,103925.066317209
CUBN,SYNE2,0.001,975.918793243156,8363.98621428703,3735.06852377794,0.497291778175647,0.999996777018372,0.0226000774201592,1.01659873649009,0.0287695510084199,35.3359263824648,84.6221882016927,974.626173998885,0,2,1,122,125,,174.310248628875,242.694070448457,2530.85717172931,426.166237527873,65147.0483858967,,
CUBN,TENM1,122.036941750328,309.895003658303,17224.4534790799,15224.2923224385,0.678511631842188,0.947753919548146,6.55606910267727e-06,4.16151126347066,0.221304946307924,18.8044204745444,300.001390541733,361.294397586205,1,3,4,178,186,8.03834817957464,437.945455264798,108.154876543521,646.732418823148,2366.84071865074,72998.7387594581,,285864.825914923
CUBN,TP53,202.14062837407,1354.61954122848,1085.9422476031,0.001,0.862293979496868,0.945346430591074,0.608086522729743,2.08807723554813,1.12996313981514,1.84791623901089,300.001390541581,1339.34191420261,3,38,2,143,186,50.2606757958754,524.377483765069,976.260742506949,1820.60124509807,179.20759597383,3420.20394980828,,12493.493602213
CUBN,TTN,85.7304142211453,440.261842652804,0.001,0.001,0.987159208481763,0.97916840154477,0.966596930276671,1.48539347734957e-07,0.0206780362403581,7.18343589344558e-06,84.6221882016927,435.615072818908,1,2,0,122,125,4.8915181737369,377.519391049041,73.200716506177,1359.72175038834,,17063.1407436096,,69843.1566201634
CUBN,XIRP2,303.040129604518,125.436680750824,0.001,53770.3953371014,0.982811803103402,0.351597962570363,2.6717774867636e-06,4.00722603765819,0.172267340705034,23.2616700371522,300.001390541733,375.21536890826,1,2,4,179,186,108.663663226688,651.390530775889,20.8573163761543,387.346979259705,,32923.9946053246,11008.9085967428,846725.606898653
CUBN,ZFHX3,0.001,310.804971346974,4971.73347543726,1939.30937851568,0.823505685643351,0.999998495308528,0.0375227627539191,0.705847151233283,0.0296133416891872,23.8354441265577,84.6221882016416,310.699805728247,0,2,1,122,125,,187.503713717122,77.2901030055514,806.049917497682,256.416057196104,40092.2425891829,,
CUBN,ZNF521,181.717893217431,442.147931002792,11116.5393889034,0.001,0.536940835870657,0.97705201386857,0.0142440576424935,2.36308463856305,0.1860778006717,12.6994441574054,300.001390540302,437.194808267049,3,4,2,177,186,45.189555063502,471.246761093004,175.727751407506,896.024035678749,1724.48075090248,43794.3253229807,,26773.5871226877
CUBN,ZNF536,86.5028845037471,258.750517866218,0.001,0.001,0.97840984388953,0.959923662485306,0.939202992344521,3.84723677065296e-07,0.0478569833490883,8.03902900145137e-06,84.6221882014989,256.618557388221,1,5,0,119,125,4.9355829786389,380.919603849464,92.7793606235142,556.221568300739,,8148.95261806388,,20926.2920936798
DMXL1,DMXL2,1808.72217592479,572.722150385203,0.001,86909.7142740071,0.992496635299685,0.651183201690237,0.000264733912334674,3.11475881371363,0.172355393499198,18.0717223318464,1792.79182802307,1139.83502445606,2,3,3,178,186,648.5913259446,3887.64285702417,142.426995752188,1485.17464710308,,174328.385394223,18025.2814631683,478761.622532189
DMXL1,DNAH5,,,,,,,,,,,,,0,5,0,120,125,,,,,,,,
DMXL1,EPHA2,1813.85486478874,591.169931204554,0.001,12439.1169198957,0.996552803033481,0.954753476553999,0.26773049883072,1.0334206677789,0.139834672689093,7.39030347699669,1792.79182801139,730.871375536963,4,4,1,177,186,650.44652990026,3898.84329240689,183.524688726181,1373.42054092015,,110164.996547389,682.841729167998,65716.3355661249
DMXL1,ERBB2,1815.96176718975,1132.78822403664,0.001,0.001,0.938210473989978,0.937149617989377,0.879249516907844,1.04661162259067e-07,0.14083501410584,7.43147312644939e-07,1792.79182804907,1118.09175224896,5,5,0,176,186,651.182084166276,3903.26033259463,406.206124415964,2434.81508879724,,58191.1758835526,,35621.795111205
DMXL1,ERBB3,,,,,,,,,,,,,0,2,0,123,125,,,,,,,,
DMXL1,ERBB4,1760.66837839311,120.75547418882,8006.84786413658,24843.3225011812,0.993823724888389,1,0.000129391530577385,3.11454340445857,0.143051294966984,21.772213982246,1792.79182807162,284.405642526541,2,2,3,179,186,605.99270914102,3830.50250773904,20.0969069484871,372.133211675666,,396904.814893858,4731.53523613625,137623.869966326
DMXL1,FAT2,1825.82477499465,515.395408131453,0.001,18882.3907825625,0.985275201113456,0.738283849531612,0.0310367783866156,2.10443826195234,0.227194094685216,9.26273310434455,1792.79182802307,681.92445787795,3,6,2,175,186,654.718769910956,3924.57067718654,204.836428819237,1044.51742349864,,76795.211363754,2867.96932054424,83075.2481725049
DMXL1,FBN2,1814.03666856947,190.396767756529,0.001,10859.0089969153,0.988987373308295,0.711936568711843,0.0153697812012388,2.10281261166436,0.174026509563718,12.083289016921,1792.79182802307,283.485337805401,3,4,2,177,186,650.679487521256,3900.23989558559,59.1060422112898,442.338876327782,,116746.491218346,1649.67845575708,47861.8938431208
DMXL1,FBXW7,1799.55742137863,265.726050877124,0.001,60663.6737958954,0.993576255245486,0.642908539670991,0.00243966173571113,2.14178181551231,0.085783155089934,24.9673938113711,1792.79182802307,791.304900181838,3,1,2,180,186,645.307994307695,3867.90667936763,15.1618818088823,1170.03027217272,,649108.779115487,9207.05849306121,267700.289880605
DMXL1,FGFR2,,,,,,,,,,,,,5,0,0,181,186,,,,,,,,
DMXL1,GLI3,1809.82796732925,104.376202874262,0.001,3164.83872269751,0.991057803360833,0.838149378475807,0.197576703702444,1.10029514730916,0.114831359972081,9.58183502813762,1792.79182802307,137.755155239059,4,3,1,178,186,648.984667986715,3890.05395213384,25.9563094635847,270.675040785996,,136205.068128707,173.729003391481,16727.9983775302
DMXL1,GNAS,1854.28405171851,1772.66230752432,0.001,16650.0912336253,0.955526462575193,0.765665829900114,0.476407250662663,1.06370274916884,0.286963094800315,3.70675800631792,1792.79182803216,1947.74647115592,4,9,1,172,186,664.83642434392,3985.68273786241,851.577873669417,3196.56886108347,,34801.4555210059,914.35952497977,87817.793278426
DMXL1,HMCN1,1845.45752869874,375.976710756373,0.001,9093.56335688301,0.971087648285124,0.671590828996494,0.059653345943364,2.11534318730771,0.313405907746403,6.74953194889794,1792.79182802307,455.945564715064,3,9,2,172,186,661.736693092565,3966.89806753636,180.635287032294,677.925656634752,,47627.0633235631,1381.77712796435,39933.9522322968
DMXL1,HYDIN,,,,,,,,,,,,,0,6,0,119,125,,,,,,,,
DMXL1,IDH2,,,,,,,,,,,,,5,0,0,181,186,,,,,,,,
DMXL1,KMT2C,1814.63183503277,390.756243657191,0.001,42600.3200083076,0.990548435959217,0.679576176849349,0.000546029481534524,3.11744043402525,0.198583939796381,15.6983512222677,1792.79182802307,680.321750874166,2,4,3,177,186,650.701429274032,3900.35242039592,121.305469314934,907.802596492339,,126428.579116395,8837.90347144179,234413.453998419
DMXL1,KRAS,1897.49853537557,11608.3371578265,0.001,46729.6095108968,0.997234530218489,0.992776794924923,0.836152487073269,0.988786465023778,0.551763192443549,1.79204861535765,1792.79182805718,12046.8596037787,4,20,1,161,186,680.379183146964,4079.09410691259,7232.62361641464,17473.7633557538,,22267.5992934364,2568.22741464524,245492.650807779
DMXL1,LAMA1,1813.90507892638,122.737876729661,0.001,13436.444750024,0.992275458720408,0.719846499253252,0.000540417052207371,3.05670849171448,0.201001098513441,15.2074218216777,1792.79182802307,213.698155932702,2,4,3,177,186,650.446923751061,3898.8148071628,38.102750089862,285.146411534639,,132021.388898345,2787.61881811957,73939.5101929758
DMXL1,LAMA2,1809.62562522536,251.496602701614,0.001,18707.1022016185,0.991121358276256,0.72634080666264,0.0104383520694169,2.10873095242777,0.142788853688565,14.7681762123191,1792.79182802307,416.001609886792,3,3,2,178,186,648.918737002687,3889.64724833132,62.5423175428064,652.213998689097,,157398.402563172,2840.05738276842,82453.2519546731
DMXL1,LRP1B,1864.07098923183,248.354379874685,0.001,8008.92317189667,0.975163497768546,0.687838450002476,0.00937277737567577,3.10548080685926,0.449898354196691,6.90262762219747,1792.79182805749,304.030486265967,2,13,3,168,186,668.407950108749,4006.99686130669,136.598717858245,408.950888126165,,40183.1198929329,1665.96425745217,43675.2650213367
DMXL1,LRP2,1817.66599730427,223.701805429526,0.001,24743.4903763801,0.981592591621219,0.501171648648758,0.000518786391721642,3.11055275819249,0.200223174008604,15.5354282719483,1792.79182807872,389.503246900329,2,4,3,177,186,651.791544749027,3906.96355412666,69.4455301294342,519.715769671425,,106794.905395155,5133.38198103535,136164.107334087
DMXL1,LRRIQ1,1798.21780074715,166.672575679078,0.001,37651.0267884051,0.997379747895913,0.799789534683019,0.00250031897162671,2.10670293970336,0.0849061534760675,24.8121349684882,1792.79182808061,496.300481104107,3,1,2,180,186,644.831088502499,3865.01949057495,9.51012132537311,733.876737008758,,829395.367693468,5714.44399777006,166149.819893209
DMXL1,MACF1,,,,,,,,,,,,,0,2,0,123,125,,,,,,,,
DMXL1,MED12,1815.86981496015,495.711969765473,0.001,53095.6536551202,0.988060554378579,0.647406775166251,0.000573246537325279,3.03721140065079,0.199697748478044,15.2090417833865,1792.79182802307,862.991427762514,2,4,3,177,186,651.147938228559,3903.06882964569,153.887525138133,1151.68367694325,,120736.431422365,11015.8193011236,292153.177999333
DMXL1,NF1,1837.71461883952,995.42825252119,0.001,13304.5076360934,0.963023047929666,0.729773582101628,0.36712686191826,1.13227033919259,0.224543427765581,5.04254500102608,1792.79182807176,1126.30141113999,4,7,1,174,186,659.038714673179,3950.6827319149,427.680277255916,1925.43572895492,,46613.5228728264,729.524089248632,70141.789866572
DMXL1,NRAS,1805.18701293172,2935.41426162705,0.001,0.001,0.966347865280182,0.97314603408173,0.940398960749681,2.36748120781066e-08,0.051516368211398,4.59559027549394e-07,1792.79182802307,2895.6291565585,5,2,0,179,186,647.321865740788,3880.06406293763,488.092974628166,9064.3645611672,,123799.820710867,,220407.194463816
DMXL1,PBRM1,1802.60534391952,344.869315770948,0.001,38699.4132854525,0.997812436453478,0.868309850119385,0.00587518303364008,2.12060495676979,0.114271373985042,18.5576219381712,1792.79182802307,684.572099396016,3,2,2,179,186,646.400881612017,3874.46227307167,57.3439617376802,1064.93407772613,,294525.21151667,5874.36853001745,170673.835250551
DMXL1,PEG3,1789.26885561977,96.1285753533711,2638.82651076497,10600.1829868126,1,0.874038453401821,0.00569666498019935,2.14520054575979,0.115311894859544,18.6034627943002,1792.79182808061,187.428292991073,3,2,2,179,186,633.350396224982,3860.67387555602,15.9849390394403,296.717485551734,,308794.004704492,1493.1299619316,47191.0419442926
DMXL1,PIK3CA,1823.51893166628,932.121464086042,0.001,34974.4970082909,0.989757288767695,0.791602867281623,0.0298308271498348,2.16729290688791,0.227552878401994,9.52434845961026,1792.79182804224,1233.51236682595,3,6,2,175,186,653.888579165359,3919.54004454661,370.46102861659,1888.98817815959,,83097.3848725292,5311.92991251971,153885.037486453
DMXL1,PLEC,1801.95772159692,54.019793018581,0.001,4692.39313620095,0.988070065003793,0.662901797857166,0.0911063826429594,1.05538253871078,0.0570553851433063,18.4975096752036,1792.79182808061,106.895190297062,4,1,1,180,186,646.161281093728,3873.104043046,3.08235129030065,237.866691662216,,440952.853786024,257.55236700404,24817.7157106989
DMXL1,POLE,1801.19747621257,132.483163668806,0.001,29162.7028696041,0.989179453172651,0.556928557843454,0.00260851618652033,2.12790561786302,0.0842001384814893,25.2719966527231,1792.79182802307,394.372924241964,3,1,2,180,186,645.941474806794,3871.75158386547,7.55853393079825,583.284804196298,,514659.096625817,4426.04879075734,128685.955575689
DMXL1,PREX2,1813.06531579985,277.758065739848,0.001,15339.8813810515,0.994650464048453,0.846861755575146,0.0164484053525679,2.11791075875422,0.16842430124544,12.5748525782384,1792.79182806892,413.460400024872,3,4,2,177,186,650.148011001711,3897.02850315481,86.2273955010871,645.288760007011,,130098.504644301,2329.19573671366,67570.4059584939
DMXL1,PTPRT,1816.11755358874,145.837649466936,0.001,8028.32276211808,0.985972567874791,0.68173360278707,0.0164059817318615,2.13012837759358,0.172901098193444,12.3199239325268,1792.79182802307,217.07804656349,3,4,2,177,186,651.312340064966,3904.08058767652,45.2728385374166,338.814764388321,,108646.095820321,1218.92425619002,35360.6533336939
DMXL1,RASA1,1810.56534055086,298.771319945868,0.001,22979.4229819835,0.987383440535518,0.629430646884322,0.00975200660593432,2.13019419637,0.14293998615595,14.902717242787,1792.79182806892,494.314011225175,3,3,2,178,186,649.248440356588,3891.64178556147,74.2982166936167,774.800462525546,,144579.781071669,3488.58786812521,101288.589978332
DMXL1,ROBO2,1805.97078239005,105.805899561121,0.001,12043.3444157136,0.990418364820496,0.638506439347549,0.00567545105310571,2.1246284905553,0.115091112772464,18.460404451521,1792.79182801321,210.046271448717,3,2,2,179,186,647.319976725581,3880.02934023639,17.5928096564485,326.730988064758,,228013.913663895,1827.56120621965,53098.6308647549
DMXL1,ROS1,1817.22838887875,479.205879625642,0.001,25570.4964157891,0.985394032142628,0.687066970347686,0.0173964242091187,2.08711311872683,0.168249456975899,12.4048728372764,1792.7918280813,713.137975252937,3,4,2,177,186,651.599970166892,3905.81895239714,148.765854124833,1113.3284285552,,105216.281659323,3882.14482955477,112609.213748456
DMXL1,RYR1,,,,,,,,,,,,,0,5,0,120,125,,,,,,,,
DMXL1,SACS,1858.26789784647,594.450847455692,0.001,21468.6293477779,0.973146957513379,0.636064882473681,0.00703836418411845,3.12651663735028,0.423681056038453,7.37941098094911,1792.79182808061,739.177887651286,2,12,3,169,186,666.304008753725,3994.31280588914,318.262271955792,997.145603070327,,42859.0321256928,4463.94961578434,117233.466517398
DMXL1,SF3B1,1819.05468914332,1569.98048734581,0.001,70732.4708956164,0.989643462324822,0.771649444103411,0.0223132525436974,2.15814143090489,0.200416689940661,10.768272001418,1792.79182802307,2181.50410595226,3,5,2,176,186,652.288727602377,3909.94316463983,562.971380706358,3374.5928585154,,98934.1137203843,10741.3344354508,311399.042534441
DMXL1,SMAD4,1875.79368760796,2636.50752843168,0.001,0.001,0.798564712634702,0.819986110951415,0.654867564610521,2.08184871119954e-07,0.421541201019258,4.93866010289332e-07,1792.79182808225,2601.01344485104,5,15,0,166,186,672.612048250223,4032.3624026124,1516.91335383975,4205.72546639683,,15958.5090320168,,26959.3456220157
DMXL1,SPHKAP,1819.92502942515,610.988605992714,0.001,25351.5547976059,0.992505860821589,0.852119630049587,0.0260994626120036,2.05096118056302,0.196293965109216,10.4484168905645,1792.79182808225,848.404460452962,3,5,2,176,186,652.605594943852,3911.83676941045,219.083925325988,1313.22409150202,,96749.1697289924,3850.38387944703,111591.060073555
DMXL1,SPTA1,1825.7363599561,309.023311653613,0.001,11098.7570312273,0.98706594975272,0.771054038135055,0.0322576721808018,2.12446550111673,0.227637915082866,9.33265225322139,1792.79182802307,408.808891374149,3,6,2,175,186,654.680895944048,3924.33728637579,122.819694470323,626.256016112363,,77670.6427798514,1685.80066645588,48827.5918928241
DMXL1,SYNE1,1858.46584384587,371.751150066867,0.001,13158.915573452,0.975428707996724,0.67019763480571,0.00745330546026508,3.09312508987252,0.423210618285968,7.30871333616318,1792.79182806892,462.234631722856,2,12,3,169,186,666.397701855598,3994.89944628977,199.04411060437,623.607650946301,,43242.1690429911,2736.35428813361,71841.7438724368
DMXL1,SYNE2,,,,,,,,,,,,,0,3,0,122,125,,,,,,,,
DMXL1,TENM1,1814.68285704379,207.496652883345,0.001,22995.7155384973,0.989542123337369,0.657867536698854,0.000519890617351303,3.06819311248932,0.19932450217593,15.3929551008296,1792.79182808225,361.294397586076,2,4,3,177,186,650.725898934876,3900.52125960321,64.4145012466017,482.069597949923,,128125.212528988,4771.32911340666,126563.14561477
DMXL1,TP53,2020.33916669356,1284.77756773981,0.001,6093.60831181662,0.962603180688156,0.896304793510899,0.596103734189622,2.06367773254911,1.09724136588918,1.88078739710723,1792.79182806807,1339.34191423789,3,38,2,143,186,724.331185272778,4344.05589885011,917.707649930723,1739.23780638724,,12837.8744373547,930.598037297517,26201.9200088556
DMXL1,TTN,,,,,,,,,,,,,0,2,0,123,125,,,,,,,,
DMXL1,XIRP2,1814.29549015825,188.609232464024,0.001,26438.1981070221,0.980396974650864,0.466576467420046,0.000329661794889845,3.0910425257347,0.166765180444239,18.5352992603168,1792.79182806076,375.215368909607,2,3,3,178,186,650.582058018174,3899.70568480609,46.9036556280458,489.110010492052,,124914.81870343,5483.73052662397,145606.072732374
DMXL1,ZFHX3,,,,,,,,,,,,,0,3,0,122,125,,,,,,,,
DMXL1,ZNF521,1812.46554721393,293.640739989632,0.001,16631.7698587774,0.99502745255885,0.839364847841778,0.0156838613020438,2.1387032299365,0.170014312203987,12.5795481698648,1792.791828078,437.194808267049,3,4,2,177,186,649.933430405379,3895.72392189195,91.1601769495788,682.186509589721,,132083.521225255,2525.4761027834,73269.9770842089
DMXL1,ZNF536,,,,,,,,,,,,,0,5,0,120,125,,,,,,,,
DMXL2,DNAH5,270.437844903971,326.180206070637,0.001,0.001,0.979167286892808,0.985597830022681,0.965066085981873,1.79272117201493e-07,0.051041785640256,3.51226186452425e-06,264.794460491995,325.220922394534,1,5,0,119,125,15.4306185358214,1190.82683364859,116.960386507822,701.139882589641,,26441.6400087829,,75816.1127033651
DMXL2,EPHA2,959.017753008178,741.345266865986,18544.0942651658,0.001,0.852605856601536,0.988965612489757,0.280816680568233,1.17387600432432,0.174175459719598,6.73961766034159,1139.835024452,730.871375536963,5,4,1,176,186,343.893751250863,2061.31333281153,265.836263340526,1593.47086372438,1017.50427809911,98225.2437115134,,34868.3989852422
DMXL2,ERBB2,1152.46549119711,1135.59062878328,0.000999999999997669,0.001,0.936442686146193,0.925746149554254,0.866915245951247,1.66121094945389e-07,0.18258897433439,9.09809015308656e-07,1139.8350244314,1118.09175223502,6,5,0,175,186,458.047527024953,2335.50172566374,407.203450550461,2440.81559438629,,35914.8599512635,,29630.5029170099
DMXL2,ERBB3,0.001,1217.55465988656,43627.3521779707,18285.3270239115,0.991785164303796,0.999999510061515,0.0142640942150707,0.912042730572486,0.0182057985660797,50.0962771428092,264.794460496519,1217.82820391089,0,1,1,123,125,,575.112719360686,202.450909947832,3759.70731854498,2128.07472708128,746395.473974322,,
DMXL2,ERBB4,572.165338638032,286.823870389096,104074.3486002,0.001,0.505561175357201,0.994547730386583,0.000155544003372102,3.43368866761837,0.187721207093016,18.2914265297526,1139.83502446207,284.405642526541,3,2,3,178,186,142.288201779455,1483.7192248343,102.852635621023,616.483922221164,21615.339867377,552920.395065939,,31086.7246609613
DMXL2,FAT2,1160.16868277709,429.281093723911,0.001,28415.2657520511,0.968060945770325,0.448532053685386,0.00157631056036592,3.35060463856406,0.298898442520225,11.2098430835328,1139.83502445606,681.924457880001,3,5,3,175,186,461.087398905126,2351.20701353968,153.931307681895,922.74381274811,,45702.5077590181,6242.40425677214,112972.059541362
DMXL2,FBN2,1154.62284796149,190.759621230603,0.001,8940.36121096245,0.97939074786283,0.612226899477435,0.0210617047780647,2.41759812125587,0.236427412950952,10.2255406472574,1139.83502447532,283.485337805401,4,4,2,176,186,458.896006312378,2339.91471731745,59.2171465830964,443.172451223504,,59400.7361110394,1386.92875807279,35227.8213477829
DMXL2,FBXW7,1145.48405700195,266.396773701122,0.001,46781.2308237153,0.985105392893644,0.542047687687542,0.00383697169108541,2.31287163557828,0.113971642653976,20.2933956352659,1139.8350244314,791.304900191033,4,1,2,179,186,455.25853820462,2321.26309575956,15.2007788017041,1173.03768633101,,262145.903741771,7261.77185359584,184022.811654211
DMXL2,FGFR2,,,,,,,,,,,,,6,0,0,180,186,,,,,,,,
DMXL2,GLI3,1153.25087373656,104.655467426663,0.001,2558.76280120313,0.976928731959589,0.7223274798661,0.235125115398894,1.21030987671318,0.152551443222112,7.9337818846525,1139.83502447032,137.755155239059,5,3,1,177,186,458.2945052672,2336.84020681498,26.0246460546753,271.389915897411,,58135.5378321481,141.537867116208,12937.9359945446
DMXL2,GNAS,1189.72135315511,1574.97876289295,0.001,32811.0116746254,0.878307749232175,0.295917219023274,0.0687785268062106,2.27730165997897,0.37088812473832,6.14013096694783,1139.83502444348,1947.74647113063,4,8,2,172,186,472.781851157942,2411.52247935465,719.596021827398,2932.65200265533,,14471.3654461646,5094.55692244862,128832.05133851
DMXL2,HMCN1,1174.34914019516,376.820319879142,0.001,7344.41684116666,0.956866294024821,0.620484454198936,0.0824052639533245,2.31658720519542,0.405271966809047,5.71612989527827,1139.83502445997,455.945564713416,4,9,2,171,186,466.706144790971,2380.0951684868,181.039766860445,679.450509747315,,24999.7375391573,1140.61420318463,28816.2113231237
DMXL2,HYDIN,274.609026913529,545.096662529606,0.001,0.001,0.96432637978488,0.981475286872095,0.946465142635145,1.79993889219514e-07,0.0621367255815665,2.89673920752771e-06,264.794460497043,543.342517181346,1,6,0,118,125,15.6682101562126,1209.29589354571,216.610235410007,1104.94423091925,,15198.3456927506,,98061.8484662193
DMXL2,IDH2,,,,,,,,,,,,,6,0,0,180,186,,,,,,,,
DMXL2,KMT2C,382.762929332377,683.96578183805,77908.6738619158,0.001,0.622349214830739,0.999790370984855,1.37236486061595e-05,4.22419273423084,0.250530191683263,16.8610126621838,1139.83502444488,680.321750876677,2,3,4,177,186,63.6448356101905,1181.94652048531,293.876654514971,1322.85158083099,20816.4560116415,294483.621982933,,90423.1082459953
DMXL2,KRAS,1210.20603771788,11620.7209354282,0.001,43401.1714155345,0.942389283677737,0.874760165470022,0.81603464924784,1.12969192477943,0.669274530828093,1.68793502926469,1139.83502443422,12046.8596046502,5,20,1,160,186,480.940342011372,2452.96901777607,7240.19367285845,17492.123272681,,10716.6020474853,2396.39645429422,222081.188774602
DMXL2,LAMA1,1153.79938000507,123.045074713124,0.001,9769.14467656203,0.985768872604553,0.665866107097785,0.00110527136527775,3.28553931497423,0.265782601666057,12.3617546610607,1139.83502446227,213.698155932872,3,4,3,176,186,458.654114492538,2338.63997462552,38.1948773463774,285.838130594524,,67105.60689983,2148.39242739709,38825.8713136613
DMXL2,LAMA2,1155.3006403172,252.019255762442,0.001,15250.7196595918,0.963834976552853,0.417560247746892,0.0143383461827476,2.36859133209859,0.188778992456575,12.5469010151828,1139.83502445606,416.001609883823,4,3,2,177,186,459.144275507325,2341.27462340029,62.6711591928873,653.560773642533,,56017.2065971303,2366.2990162567,60039.0850062327
DMXL2,LRP1B,1193.80608310184,269.021837996498,0.001,3056.1945277397,0.949386929771461,0.714048791750193,0.189313310349286,2.19860230719805,0.57034167243066,3.85488631372161,1139.83502445997,304.030486266749,4,14,2,166,186,474.429723428401,2419.63366236035,151.526763315747,435.670587646736,,16103.6213543603,474.989312638657,11972.8897697932
DMXL2,LRP2,1156.68477384183,224.38098340941,0.001,16822.7302875118,0.973659204525972,0.57304938970124,0.00130236503377983,3.20221969095498,0.260137484036447,12.3097203881096,1139.83502445606,389.503246901401,3,4,3,176,186,459.706262754084,2344.10617502718,69.6555520683302,521.294589174732,,56196.5856581324,3688.20886799179,67773.6314470305
DMXL2,LRRIQ1,967.54185164806,320.070828012933,65392.1901016091,18774.7658059736,0.947945443979349,0.958012473913315,0.00304454226004904,2.47268954788155,0.112395263422699,21.9999444156485,1139.83502445606,496.300481107131,4,1,2,179,186,320.304049030101,2120.0560653033,24.0191786737905,1095.51545184211,,1172384.81804759,,107022.939073609
DMXL2,MACF1,269.869419173016,547.07496326326,0.001,0.001,0.981229634405009,0.996317419411817,0.97761651726719,5.7478547079489e-08,0.0202110624008772,2.84391517573041e-06,264.794460497046,546.029779640603,1,2,0,122,125,15.3979652938023,1188.37436988864,90.9617317001703,1689.53911250521,,33228.1994199393,,503229.120860237
DMXL2,MED12,1156.58480530433,496.79585346926,0.001,39998.947308532,0.97311039394913,0.478852570887687,0.0010508724792581,3.30374653317532,0.260613887143911,12.6767862195732,1139.83502445606,862.991427762514,3,4,3,176,186,459.667572058728,2343.90680955202,154.222841228428,1154.2003718637,,56590.8356776746,8790.22019756573,158991.248122347
DMXL2,NF1,1170.77072461749,853.247220621714,0.001,25114.8463388453,0.931720005446692,0.370699023951477,0.0418330452642748,2.334452328137,0.292657636968958,7.97673470036461,1139.83502446205,1126.30141112408,4,6,2,174,186,465.288137492348,2372.81042723732,339.101858876479,1729.24482468855,,24428.5325137548,3900.58078627852,98625.2627750472
DMXL2,NRAS,1146.94430832338,2937.90740722161,0.001,0.001,0.963645307184371,0.971500460170059,0.936183352533071,3.85554113499975e-08,0.0618035271881986,6.2383836496244e-07,1139.83502446751,2895.6291565585,6,2,0,178,186,455.847195840204,2324.26487975188,488.506802756772,9072.05659478157,,73639.4567252863,,206076.971271882
DMXL2,PBRM1,1146.69847474371,345.654058701494,0.001,30722.505592066,0.993335654598039,0.782255495454077,0.00872254838955761,2.33021332441546,0.151655419849254,15.3651832999553,1139.83502445606,684.572099396016,4,2,2,178,186,455.752006236154,2323.75784853083,57.4743722138958,1067.36133587816,,142954.984247837,4769.30412894752,120770.855804816
DMXL2,PEG3,1129.18335982797,98.6370819942692,3256.0506832371,8143.48857798928,0.999880680519121,0.998558182287077,0.00867686707878681,2.36517715386047,0.153944808933348,15.3637993398303,1139.835024452,187.428292991203,4,2,2,178,186,439.405413284932,2304.70500663029,16.4137441953563,304.056978942966,,187566.494003225,1033.46501174795,32733.4091316739
DMXL2,PIK3CA,772.656200932079,1248.66389356933,21162.7410611309,0.001,0.854853867273464,0.985490263283941,0.053895000718837,2.14873080474825,0.288294394970938,7.45325210004467,1139.83502445997,1233.51236681546,4,6,2,174,186,239.846406816762,1794.95222482913,570.59206952457,2324.70236275042,3374.96226907529,76388.6938560207,,51226.3923635185
DMXL2,PLEC,1148.41205225404,54.1510679408005,0.001,3897.47375673238,0.971292373215316,0.498316705217294,0.106402785896099,1.16816998007491,0.0744032928641177,15.7005145216937,1139.83502445606,106.895190297333,5,1,1,179,186,456.425840035598,2327.34056166945,3.08969851217301,238.434658079663,,151917.065967615,215.571130100064,19725.721190566
DMXL2,POLE,1147.89031491571,132.960523348109,0.001,20661.6818895916,0.974025063051997,0.485201745359004,0.00485501869997662,2.08503556167565,0.105776949536492,19.7116249883567,1139.83502445606,394.372924241964,4,1,2,179,186,456.216828651397,2326.2464495858,7.58649487275799,585.449025340195,,184400.801408824,3195.71841392901,82365.9697827657
DMXL2,PREX2,1154.01552664892,278.389503554889,0.001,12230.533757169,0.985599331109511,0.726108246376057,0.0238928088928704,2.30406374020077,0.219160610966641,10.5131288420777,1139.83502444517,413.460400024979,4,4,2,176,186,458.656802144971,2338.66213485436,86.4232615856374,646.759042987858,,62310.4487856178,1898.96690914893,48047.442686032
DMXL2,PTPRT,1157.87431020009,146.32760544103,0.001,5854.30650564495,0.970356979270834,0.613096251920356,0.0281243667659357,2.18367098118629,0.224082896495657,9.74492482619534,1139.83502445997,217.078046562869,4,4,2,176,186,460.17473843095,2346.54508722972,45.4250342310341,339.959369025361,,49438.3315247289,907.568890380866,23154.1034430948
DMXL2,RASA1,1151.31779443677,199.062636147327,0.001,34990.0871190143,0.968256788666622,0.25544350307128,0.000207724202182719,3.42826815206237,0.19254145905598,17.8053504365811,1139.83502445997,494.314011221712,3,2,3,178,186,457.578455894637,2333.19435717599,33.099242185393,614.711481699963,,78912.1718086206,7676.09938787613,139600.686212802
DMXL2,ROBO2,1151.69730653828,106.02267718253,0.001,9802.33779388466,0.967615825279009,0.381821111504118,0.00788493024254052,2.3913660602762,0.153132625182105,15.6163068283613,1139.83502445606,210.046271448717,4,2,2,178,186,457.689928401186,2333.81921096661,17.6285451209986,327.395940689945,,82598.0026169376,1520.6011958601,38593.7656908945
DMXL2,ROS1,1156.94900681421,480.377069345463,0.001,20289.2660020506,0.973178875861061,0.602049535567024,0.0253915659456627,2.22567484597446,0.21407249899198,10.3968275068244,1139.83502445606,713.137975254859,4,4,2,176,186,459.810368932798,2344.6572646399,149.126444342864,1116.03586258039,,52313.0062598187,3150.42792618796,79685.7762484266
DMXL2,RYR1,275.316112417075,278.978068705546,0.001,0.001,0.961855711108086,0.983704224525981,0.946184228312744,1.90550796820219e-07,0.04998802169604,3.8119291453239e-06,264.794460497018,278.027544666581,1,5,0,119,125,15.7084159933862,1212.45207213766,100.020509167077,599.830806606358,,14290.4079264707,,57182.0087023668
DMXL2,SACS,1185.02987714437,596.181965042667,0.001,14855.5145762973,0.953800626319555,0.592382480609656,0.015755127465155,3.2418946435088,0.548584023254055,5.90956809911952,1139.83502443757,739.177887650039,3,12,3,168,186,470.949864199557,2401.7361809097,319.201161751449,1000.10871923681,,20640.9682154654,3267.80141539918,59208.2499233941
DMXL2,SF3B1,771.550088139164,2206.05894591564,23002.1920165013,0.001,1,0.996114864726671,0.0504704993541299,2.03119031927843,0.257422203234242,7.8905016496582,1139.83502445438,2181.50410595226,4,5,2,175,186,239.515488666262,1792.52194938148,947.843387368105,4266.90197015107,3538.83023597496,90915.9001827788,,111698.112074552
DMXL2,SMAD4,989.68166865275,2644.96079920424,4654.41222071269,0.001,0.925326719258949,0.971742904086322,0.771359628977459,1.03984022286956,0.517528968441507,2.0092406150731,1139.83502445626,2601.01344478884,5,14,1,166,186,354.870051259074,2127.44046929634,1521.74643702437,4219.40417397188,262.590418112506,21420.0550191243,,37095.2360525997
DMXL2,SPHKAP,1156.12720339379,612.531998958475,0.001,19962.7323853797,0.995049090234996,0.950623914490151,0.0390279139510385,2.1725639692199,0.250000392016681,8.69024224999991,1139.83502444008,848.404460457073,4,5,2,175,186,459.49136566224,2342.93877660543,219.645456406852,1316.60318108569,,57588.7574270054,3100.37203947528,78354.4485302293
DMXL2,SPTA1,1159.20940697401,310.064876131566,0.001,8120.94891757922,0.996597727170413,1,0.0555640922315609,2.14015209626867,0.2902285096038,7.37402434788456,1139.83502445997,408.808891374702,4,6,2,174,186,460.71505917273,2349.20072882766,123.231089990089,628.366350562388,,47792.1998880967,1259.51136831892,32068.2403376169
DMXL2,SYNE1,1178.56623926149,372.822173265464,0.001,9212.92734843766,0.987921808136316,0.915960006351061,0.0166382472755849,3.19958512805277,0.545288254268353,5.8676949356737,1139.83502445997,462.234631721436,3,12,3,168,186,468.387799027205,2388.59379747784,199.615818987062,625.411449490121,,26650.2815425755,2028.13046356482,36617.2276304141
DMXL2,SYNE2,269.215208367226,979.045375284202,0.001,0.001,0.969532370309147,0.986664309671818,0.970501671295737,6.98791881026395e-08,0.0286726725236822,2.43713550053358e-06,264.79446049689,974.626174004554,1,3,0,121,125,15.3607759261799,1185.45504044106,243.465187773958,2539.02313109593,,37010.1397315349,,245848.106753064
DMXL2,TENM1,1156.14907377156,207.997459856579,0.001,16709.682237008,0.97433693456457,0.509197190832827,0.0010552205017055,3.3043897401265,0.26388541378864,12.5220628631379,1139.83502444672,361.294397587417,3,4,3,176,186,459.495037484789,2343.02036134247,64.5703847258765,483.240036771651,,58527.6773033889,3675.85424633003,66434.0390249745
DMXL2,TP53,830.864418400724,1321.37869559029,3731.24144603523,3001.2033565753,1,0.996187886805674,0.284941631220728,3.16613928860768,1.35224254985674,2.34139895164748,1139.83502445616,1339.34191421854,3,37,3,143,186,215.102789988689,2049.04943317618,945.337869292127,1785.28490202547,,12448.8455453041,,21492.384210415
DMXL2,TTN,268.438330648535,436.783965803109,0.001,0.001,0.986454968639533,0.99476041946635,0.981286709100534,6.29241545957861e-08,0.0204429963023355,3.0780299357877e-06,264.794460497046,435.615072819865,1,2,0,122,125,15.3164260211419,1182.0338297954,72.6245149422941,1348.87903385747,,50476.7135096274,,281814.099320161
DMXL2,XIRP2,1159.60975045506,189.215830219954,0.001,17960.7742748815,0.946869201830006,0.290056713873712,0.000811938286499874,3.08987382527299,0.205759987235843,15.0168838304377,1139.83502447142,375.215368909607,3,3,3,177,186,460.855847120153,2350.14859122939,47.0543388080315,490.687746839137,,43219.0364200598,3936.71426395395,72419.1261042303
DMXL2,ZFHX3,271.32429183879,311.82349977911,0.001,0.001,0.976005025036958,0.989452631995985,0.96571178125559,1.05277168368362e-07,0.0294691304095576,3.57245588537006e-06,264.7944604967,310.699805729271,1,3,0,121,125,15.4805482492952,1194.78760185441,77.5411866889173,808.708618320061,,24466.6397028324,,99339.7231648065
DMXL2,ZNF521,767.18983422833,441.536820256145,34841.7630001993,0.001,0.960885675552218,0.999477882739968,0.0226204356905029,2.3514052336247,0.224814221991885,10.4593259838765,1139.83502443757,437.194808267049,4,4,2,176,186,238.166131700956,1782.31504955136,175.483750928084,894.742291236208,5428.38282622352,137537.737160082,,31077.2374927175
DMXL2,ZNF536,270.409711176219,257.59974957186,0.001,0.001,0.979277518292991,0.98133062525756,0.960996191271081,1.87335865747124e-07,0.0476740045470192,3.92951814153478e-06,264.794460496785,256.61855738802,1,5,0,119,125,15.4289746047004,1190.69777986721,92.3693812167509,553.719928043006,,26548.9582247693,,45961.3453552855
DNAH5,EPHA2,328.347726281111,665.133513888163,0.001,0.001,0.953943284921877,0.930004066997856,0.887179835681465,3.23407710610055e-07,0.135370989448331,2.38904740172189e-06,325.220922394144,649.158086771893,5,3,0,117,125,117.736133225632,705.814839227153,165.400233168445,1724.98926457747,,15077.3491249992,,18621.8471873256
DNAH5,ERBB2,328.005871452025,988.736067417306,0.001,0.001,0.900741198813668,0.940810742621297,0.902118477589816,3.06417081865186e-07,0.14423378986043,2.12444727523069e-06,325.220922393853,968.751723976465,5,3,0,117,125,117.613603726935,705.073379242366,245.877575142178,2564.13732643725,,16915.6781766384,,33176.9174380735
DNAH5,ERBB3,328.080361874077,1241.79540020276,0.001,0.001,0.957592629956047,0.961927601277737,0.921139989097169,1.81788596782632e-07,0.0904790773495548,2.0091782775405e-06,325.220922394108,1217.82820391089,5,2,0,118,125,117.640691720244,705.254231738226,206.481881081493,3834.9032832388,,18154.6475723233,,65346.0373871303
DNAH5,ERBB4,326.613173123153,164.320458540942,0.001,0.001,0.979237467259532,0.959720976671322,0.93979674442078,4.75783902686468e-07,0.0998948030332202,4.76284939996573e-06,325.220922394471,160.969246922781,5,2,0,118,125,117.115673821858,702.071578760843,27.3222988520138,507.430271269543,,36680.1003353211,,8185.292927475
DNAH5,FAT2,329.969245067493,245.446739345245,0.001,0.001,0.931067299316643,0.961161206867511,0.894918526538941,3.75405199290729e-07,0.10053664965127,3.73401342289493e-06,325.220922394218,240.569688969098,5,2,0,118,125,118.308389065584,709.364092571958,40.8099376536727,758.016586976289,,11869.8455846505,,12837.141254195
DNAH5,FBN2,330.614564753407,203.252114953565,0.001,0.001,0.922049452274423,0.943066350695425,0.869572068319436,6.71901155923586e-07,0.160035617932709,4.19844759937194e-06,325.220922393112,199.269379295554,5,3,0,117,125,118.543204646633,710.749957927539,50.5421648800328,527.146844955529,,9213.68627125094,,7283.3233495051
DNAH5,FBXW7,325.666432094459,0.001,3637.10409939003,22732.1002698473,0.999995851205993,0.46669325918861,0.0338982183972037,1.24277972747024,0.0507338730766707,24.4960546495655,325.220922394369,372.542639923518,4,0,1,120,125,116.780307653292,700.028419290843,,857.401749294898,,,1240.18862871296,123867.34730517
DNAH5,FGFR2,,,,,,,,,,,,,5,0,0,120,125,,,,,,,,
DNAH5,GLI3,330.059919482944,100.405789090683,0.001,0.001,0.929562625743353,0.962955876750619,0.895138038583324,6.94437635451618e-07,0.101791783515088,6.8221384032306e-06,325.220922393112,98.5093632341326,5,2,0,118,125,118.345153838948,709.547880828079,16.6945765515971,310.076669200142,,10487.7485651672,,5527.36969010695
DNAH5,GNAS,346.318494164733,1746.56084546671,0.001,0.001,0.733275136711971,0.881238778941209,0.646319313841564,5.77275695922558e-07,0.299733807129996,1.92596124357834e-06,325.220922393853,1708.3044476425,5,6,0,114,125,124.137101282187,744.917346485562,693.92920802539,3541.34949501507,,2177.93330971631,,28680.7654116467
DNAH5,HMCN1,335.507268128632,299.856201637975,0.001,0.001,0.857820373148147,0.896515917524759,0.76911474863811,8.39557001096163e-07,0.246732473039257,3.40270168233017e-06,325.220922393112,293.204526086382,5,5,0,115,125,120.284672059937,721.404778731672,107.506257292041,644.715477050387,,4629.34089013829,,5656.43355548126
DNAH5,HYDIN,339.032962545771,555.104072925731,0.001,0.001,0.814404616300334,0.883038723447772,0.719238310838792,8.28526398723682e-07,0.319167118380017,2.5959014917608e-06,325.220922393112,543.342517181346,5,6,0,114,125,121.54698279454,729.004432423089,220.5707000883,1125.3712591721,,3299.80644421638,,9319.37581373417
DNAH5,IDH2,,,,,,,,,,,,,5,0,0,120,125,,,,,,,,
DNAH5,KMT2C,260.851326205102,280.079529195681,21113.7899857325,0.001,0.575334819436846,0.98403641879243,0.0848781150380735,1.25955182062534,0.0918403454776504,13.714580602616,325.220922394377,275.51368451427,4,1,1,119,125,80.9765002522676,606.045371893187,46.5699037433525,864.914429044573,1022.35602470362,375955.662172384,,24076.8321028236
DNAH5,KRAS,350.661646631907,12980.4157231053,0.001,0.001,0.689441064445876,0.727021952161205,0.501462199306087,1.00609058083234e-06,0.603620096195085,1.66676124134075e-06,325.220922394456,12694.5779238251,5,15,0,105,125,125.707252982361,754.097382760381,7464.86488803174,20719.8680088984,,1779.56349999,,82648.453597756
DNAH5,LAMA1,327.901762383022,43.9549021009922,0.001,0.001,0.960189401904479,0.979399179598212,0.940412100437081,6.94480489174358e-07,0.0515752368978034,1.34653863161206e-05,325.220922393491,43.0432146031257,5,1,0,119,125,117.575191920025,704.886737819653,2.50787315223662,193.546326462572,,26733.375542459,,4382.59312939036
DNAH5,LAMA2,330.816735599544,241.226167432639,0.001,0.001,0.919220383510921,0.959320621485698,0.88184225060966,3.84599176262834e-07,0.101715068831853,3.78114256500794e-06,325.220922394612,236.199934478913,5,2,0,118,125,118.613040734317,711.213014627711,40.1080860183366,744.998863723873,,9400.71134124593,,12045.0589417135
DNAH5,LRP1B,338.718969606369,164.081513017649,0.001,0.001,0.818013852445588,0.876979310800504,0.717453196753877,1.38601152751758e-06,0.281667990235648,4.92072786246679e-06,325.220922393853,160.446570804604,5,6,0,114,125,121.435806795072,728.314385569504,65.2036988459861,332.593864476003,,3366.79405548164,,2547.60872098658
DNAH5,LRP2,329.993406654291,160.295601994187,0.001,0.001,0.930658863274753,0.957302828179492,0.890934833411468,4.81618229479855e-07,0.0986844851777894,4.88038447596068e-06,325.220922393491,156.800005078906,5,2,0,118,125,118.319016881996,709.429053275846,26.6523272719819,495.038251710743,,11772.6271241907,,7528.66261369873
DNAH5,LRRIQ1,326.030535744138,239.279975542927,0.001,0.001,0.987852432151714,0.980795697992426,0.968882069478991,1.89209985211776e-07,0.0503858499686599,3.75522066868903e-06,325.220922393112,234.678177131627,5,1,0,119,125,116.906852955551,700.816311562704,13.652815377831,1053.61820819032,,90129.7659788993,,25746.1398818869
DNAH5,MACF1,332.724350636002,557.385615950729,0.001,0.001,0.89351927850347,0.960500226530813,0.85824705726754,2.61736600524164e-07,0.102808863281172,2.54585638018717e-06,325.220922393112,546.029779640603,5,2,0,118,125,119.291235316798,715.377291125096,92.6728867858001,1721.52273613381,,6782.10704083257,,29051.8355125147
DNAH5,MED12,329.092866155583,179.369100904111,0.001,0.001,0.943273485756367,0.977987394019053,0.92251609283686,2.28399913660901e-07,0.0505647029352308,4.51698319979181e-06,325.220922393112,175.381149607909,5,1,0,119,125,117.996744159944,707.487853769372,10.2342066333754,789.874772836222,,18429.5658613669,,16751.5729661117
DNAH5,NF1,337.762367233177,1215.18802127972,0.001,12068.299139977,0.947164810336574,0.668491553278324,0.458355764790946,1.23960394331672,0.336320562701011,3.68578101012138,325.220922394632,1396.72522695582,4,6,1,114,125,121.09733488435,726.212221583281,482.907119802577,2463.09495977264,,5740.97146216368,658.186585117589,65394.2159699124
DNAH5,NRAS,327.857274933664,4389.33103248667,0.001,0.001,0.960839001318046,0.96414438359331,0.926390800973915,1.30482572174373e-07,0.0766433324675746,1.70246475425082e-06,325.220922393112,4309.65905851949,5,2,0,118,125,117.559898706529,704.763979921123,729.83872437716,13554.4163406687,,19810.7345341306,,246229.319898838
DNAH5,PBRM1,325.337614809666,0.001,2458.74081230018,14524.3076528656,0.999999211706081,0.653248742411878,0.0346956350330574,1.22611557809586,0.0509083117747993,24.0847817448704,325.220922393112,242.475384174142,4,0,1,120,125,116.659591233646,699.313890836963,,536.458777156157,,,791.620744943948,79385.5251999247
DNAH5,PEG3,,,,,,,,,,,,,5,0,0,120,125,,,,,,,,
DNAH5,PIK3CA,329.425642913413,662.308895112047,0.001,0.001,0.93845145818451,0.940716514648951,0.882827941285362,3.29877955123833e-07,0.138169211232608,2.38749249692455e-06,325.220922393491,648.852398111457,5,3,0,117,125,118.120832818306,708.151167834283,164.697644864391,1717.66786007019,,11282.8765680597,,22108.1230222878
DNAH5,PLEC,329.423317354809,80.0758336916679,0.001,0.001,0.938636865828394,0.978999323831132,0.918931019358966,4.07920833796378e-07,0.0501347061554476,8.13649595415159e-06,325.220922393112,78.3772562401924,5,1,0,119,125,118.113625370961,708.213919706222,4.56887621486687,352.61527778464,,16966.9418481793,,7825.61625088553
DNAH5,POLE,329.085104166851,192.572263565182,0.001,0.001,0.943347340987791,0.979112252856972,0.923647269082551,1.94341815132858e-07,0.0451484715266785,4.30450486054705e-06,325.220922393112,188.522851761284,5,1,0,119,125,117.993905217246,707.470841870338,10.9877143732265,847.966271079063,,18481.9680719714,,18635.8785680015
DNAH5,PREX2,325.564382466901,101.301168076171,349.722356386643,6151.96983977743,0.99999379027869,0.67781577926891,0.124539922505419,1.26475514691638,0.096585245298018,13.0947034716733,325.220922394369,195.675387687073,4,1,1,119,125,115.884499733005,701.363489072516,5.78137342264829,445.754851115655,,84376.1001299449,236.796340940722,33578.2986358828
DNAH5,PTPRT,331.960572041093,158.330667049549,0.001,0.001,0.903748683824093,0.936636553623456,0.846507596486693,7.29548099974789e-07,0.147375058942586,4.95028198943084e-06,325.220922393112,154.8668467412,5,3,0,117,125,119.021509267966,713.689643467038,39.3716601390239,410.641357826692,,7387.29560600518,,4957.09083678726
DNAH5,RASA1,328.775445487613,140.363439691712,0.001,9109.55398395685,0.9666532023828,0.426874496499142,0.119686861594445,1.34631327029795,0.104170649574428,12.9241132295718,325.220922394471,276.883569055955,4,1,1,119,125,117.88407588413,706.772790876843,8.00863674115977,618.080000223688,,30773.3495620118,489.69728682587,53417.3327265161
DNAH5,ROBO2,329.080781883973,75.4606796803871,0.001,0.001,0.943421103261499,0.980482386147095,0.925013799774612,4.42417567309093e-07,0.0519016853939388,8.52414645017981e-06,325.220922394218,73.9705091335183,5,1,0,119,125,117.992609868184,707.462251152706,4.30552295620171,332.297727626807,,18476.7585892199,,8024.59993238875
DNAH5,ROS1,329.790448494882,349.593351215041,0.001,22700.7146512864,0.973179861717045,0.604644251903746,0.0165295572753072,2.11438548681244,0.187815869236328,11.2577573738027,325.2209223934,690.18841120099,3,2,2,118,125,118.24764054199,708.978834900925,58.1276741988082,1079.60638740687,,25014.4572682901,3424.94119765957,101800.368292512
DNAH5,RYR1,337.874497837757,226.060070737962,0.001,3065.24991289643,0.917463013253879,0.520417803224748,0.358038154251551,1.17258646956692,0.247945074887264,4.72921863884603,325.220922394661,278.027544666189,4,4,1,116,125,121.132669305807,726.502295546937,70.1664297748126,525.355171996807,,5443.6732512714,166.423202228294,16938.200035369
DNAH5,SACS,335.211259853036,278.921904474729,0.001,0.001,0.861107502809671,0.919069620861433,0.791456233031756,6.86513062897465e-07,0.194839719394692,3.52347593719726e-06,325.220922394218,272.994692576865,5,4,0,116,125,120.183354847463,720.718119084071,86.5813775911069,648.09942212775,,4630.51411764993,,6762.22744575721
DNAH5,SF3B1,329.900029781496,893.475664364788,0.001,0.001,0.87638027961896,0.958247575873227,0.89304058611274,2.07617684351048e-07,0.0951314917516836,2.18242855786369e-06,325.220922393112,874.445647595117,5,2,0,118,125,118.285662591146,709.227504906307,148.559433485109,2759.24432601559,,12149.0476742264,,42825.2277957468
DNAH5,SMAD4,268.07411376901,1758.24292781165,2164.93009007267,0.001,0.995489413917646,0.993272538342239,0.575251223054975,0.925023802201764,0.302818955523602,3.05470904422847,325.220922394436,1723.94670324329,4,6,1,114,125,83.2124711317012,622.916782606797,755.360851294467,3401.31843131585,120.142058008073,10769.5569772771,,45378.4854716462
DNAH5,SPHKAP,262.325295593011,539.816992730565,7462.21247293665,0.001,0.888983341559675,0.98381498076853,0.221513317165314,1.09902160401615,0.140000587816099,7.85012135420312,325.220922393606,530.193702211369,4,2,1,118,125,81.432070879019,609.49893601321,134.238920237305,1399.95737071416,371.716184532148,69921.5477100104,,31694.3679125649
DNAH5,SPTA1,197.007985053738,372.507647371938,10908.4804401465,0.001,0.635848777493643,0.997530462392943,0.01979406033796,2.34642987601761,0.238889126100172,9.82225484400532,325.220922394409,367.606718406858,3,3,2,117,125,48.9906690729768,510.908111255459,133.571891260957,800.729374842558,1596.41415697939,51903.8339939743,,23058.8762282062
DNAH5,SYNE1,241.84045359111,279.381586696523,4236.36586008065,2208.44712103182,0.949696155225068,0.983566056057271,0.0554014849390902,2.39816610200396,0.34115561599898,7.02953722447628,325.220922394394,304.402957566639,3,5,2,115,125,62.0241424488506,603.575779698473,108.202574166919,564.972394434779,,23641.9546707015,,19260.46941183
DNAH5,SYNE2,330.971692395877,996.766837583314,0.001,0.001,0.857268320890573,0.935574953813542,0.85812538434274,3.06526167573318e-07,0.143950703965408,2.12938290073925e-06,325.220922393491,974.626173992186,5,3,0,117,125,118.668885827567,711.538446393263,247.863832141637,2585.16638217241,,8867.74287952787,,30546.9970868541
DNAH5,TENM1,330.112231878031,148.320881015209,0.001,0.001,0.928999888972717,0.960448751010276,0.892269656891635,5.17874728462632e-07,0.100749403829181,5.14022623241208e-06,325.220922394181,145.321772495656,5,2,0,118,125,118.361527853858,709.68621468965,24.6611970410299,458.062042929743,,11330.9003910326,,7649.52173247489
DNAH5,TP53,245.150685212059,733.244654387948,1534.49473835158,18295.4476010226,0.98904142407658,0.893136002565026,0.00298158746468117,4.11017886014569,0.778744715665469,5.27795409389504,325.220922393491,849.973700933133,1,14,4,106,125,38.9324687785134,639.548057710981,416.562773609737,1176.42584967431,,7294.89717284447,1465.30631358655,280605.367952028
DNAH5,TTN,329.929863230606,444.649882115255,0.001,0.001,0.931550085059424,0.960337484695586,0.894616708037303,2.93497432829877e-07,0.105609362086343,2.77908536735524e-06,325.220922394218,435.615072818892,5,2,0,118,125,118.296384800122,709.291414148373,73.9304432030209,1373.2714647096,,12012.3540001982,,22804.9525846832
DNAH5,XIRP2,333.959063407546,278.279036917074,0.001,0.001,0.877310737928972,0.937364223726442,0.822384428685145,4.56994327104401e-07,0.130326480466694,3.50653470781934e-06,325.220922393112,272.257282360018,5,3,0,117,125,119.731736436748,718.053611758326,69.1996528879004,721.715069661993,,5603.57957567363,,8742.17860677972
DNAH5,ZFHX3,334.361631134129,317.258613331497,0.001,0.001,0.872212128714468,0.940541798765372,0.820384845539341,4.85732278990639e-07,0.148178304612547,3.27802562096199e-06,325.220922393491,310.699805729271,5,3,0,117,125,119.874582701628,718.938210168006,78.8890158757274,822.860174519083,,5365.0125904614,,10719.9982172513
DNAH5,ZNF521,260.984075893014,208.078245120781,17375.5779671972,0.001,0.792617881306903,0.990040509811231,0.102498489514713,1.20222501047874,0.0992848806236261,12.1088427858033,325.220922394493,204.790406919121,4,1,1,119,125,81.0176204200468,606.354543305257,34.5982272442295,642.550957156182,846.966286190191,298740.404039688,,22424.4412149806
DNAH5,ZNF536,332.451469164293,261.850137145195,0.001,0.001,0.897119509009724,0.905226721588578,0.812127737771596,8.65431422171492e-07,0.238271228927545,3.63212724451368e-06,325.220922393942,256.61855738802,5,5,0,115,125,119.202109180543,714.696213761506,93.8893059557761,562.901491422772,,6304.82621762723,,5412.49316136385
EPHA2,ERBB2,740.701128662321,1131.74481289041,0.001,0.001,0.935790295684193,0.941430065677654,0.880986968806797,1.65834842677623e-07,0.143242034287565,1.15772471050434e-06,730.871375538916,1118.09175225376,5,5,0,176,186,265.605314976017,1592.0815845585,405.836301759725,2432.5823500764,,22793.6441822665,,38323.0973530538
EPHA2,ERBB3,655.052472046083,1231.63360956988,0.001,0.001,0.973415709284671,0.977808523215047,0.951815954846404,6.08564132828157e-08,0.0506114124169908,1.20242471759957e-06,649.15808677318,1217.8282038912,3,2,0,120,125,162.897267485663,1698.72306362077,204.791756501527,3803.37530576019,,57007.8037132504,,118777.353114323
EPHA2,ERBB4,738.912725774412,229.728521888735,0.001,5510.22003644053,0.993820590817899,0.888041873424781,0.237625175606575,1.16610252521363,0.145059268701116,8.03880052377971,730.871375534107,284.405642526283,4,4,1,177,186,264.96569359638,1588.22708977404,71.3177340674447,533.697527003343,,46476.1454623974,302.229915790721,29243.003081751
EPHA2,FAT2,748.650888768941,690.17589573601,0.001,0.001,0.887415041477642,0.909546708353786,0.807164189258511,3.37971642975707e-07,0.230782519608403,1.46445945537463e-06,730.871375536963,681.924457877195,5,8,0,173,186,268.450989574624,1609.23156255448,315.368829380137,1284.91982944179,,12380.4684602419,,14856.9603875035
EPHA2,FBN2,744.144327914226,286.598192372931,0.001,0.001,0.914428262382117,0.9373014548385,0.857105246172569,4.46812235163109e-07,0.177253589772609,2.52075140332167e-06,730.871375536963,283.485337805358,5,6,0,175,186,266.837441223332,1599.51657737951,113.904311716293,580.811965688142,,16763.2287586418,,9053.45249034372
EPHA2,FBXW7,738.020702982532,800.33527025257,0.001,0.001,0.952775280571213,0.966736979824572,0.921086311193497,1.16470009120691e-07,0.0868165787126217,1.34156414417374e-06,730.871375536963,791.304900177839,5,3,0,178,186,264.645003001899,1586.31749484687,199.029343599256,2075.4553930565,,33145.1661680977,,48452.0116219696
EPHA2,FGFR2,,,,,,,,,,,,,5,0,0,181,186,,,,,,,,
EPHA2,GLI3,740.501687452606,139.305379944372,0.001,0.001,0.937003473361804,0.956595091664437,0.89633857937561,5.12326297000092e-07,0.116107150769935,4.41253009485403e-06,730.871375529043,137.755155239051,5,4,0,177,186,265.533368197191,1591.66856040065,43.2458058437888,323.641377624825,,23727.4022343422,,6429.35916019189
EPHA2,GNAS,759.620419124314,1972.01975127541,0.001,0.001,0.825363584663398,0.887041993332154,0.732176862523553,2.8328625696801e-07,0.290340524735358,9.75703468285119e-07,730.871375536547,1947.74647114117,5,10,0,171,186,272.384547479373,1633.01725649434,987.886057247584,3459.97098800843,,7690.33886566933,,33549.4133612482
EPHA2,HMCN1,756.467927141385,461.617293606037,0.001,0.001,0.842806897463378,0.875609965335635,0.738008010971323,5.93184256830401e-07,0.318702178339258,1.86124945841744e-06,730.871375529043,455.945564713653,5,11,0,170,186,271.247468601413,1626.10338626086,239.655938901642,790.802281586177,,8601.03359146091,,7078.06985532689
EPHA2,HYDIN,670.271682804901,548.400615196063,0.001,0.001,0.908881991067794,0.947422825644953,0.861112439567259,2.87798741481667e-07,0.1636532565948,1.75858853939122e-06,649.158086775449,543.34251718052,3,6,0,116,125,166.67448802676,1738.39729932173,217.920423061622,1111.66603723795,,14026.5974214278,,21933.0291440937
EPHA2,IDH2,,,,,,,,,,,,,5,0,0,181,186,,,,,,,,
EPHA2,KMT2C,743.52553552229,589.448608176037,0.001,8503.52596990608,0.993718383123744,0.940923403698104,0.359389021910995,1.07193377770639,0.198453724293775,5.40142938370654,730.871375533461,680.321750868452,4,6,1,175,186,266.61639860019,1598.1680452353,234.268391512165,1194.5489152132,,29452.7370490822,465.379325053462,45684.9755147093
EPHA2,KRAS,776.701489346717,12230.0122407234,0.001,0.001,0.739330249383704,0.73666973667767,0.544746180243337,4.21652711156406e-07,0.556554158982809,7.57613081046853e-07,730.871375537071,12046.8596053174,5,21,0,160,186,278.49219124547,1669.70456982511,7713.65346542626,18241.7636552322,,4853.70374213787,,81285.4374603093
EPHA2,LAMA1,744.132106229879,184.86759219535,0.001,3089.27309621247,0.980515258788487,0.789638317537783,0.311855947357208,1.21444594413867,0.203724860193275,5.96120641823741,730.871375538916,213.698155933238,4,6,1,175,186,266.833638741006,1599.48466938812,73.4737012835377,374.6409646213,,26962.7927773021,169.551851445011,16332.0150951549
EPHA2,LAMA2,742.11703591542,421.04013841662,0.001,0.001,0.926930440989215,0.942190226004111,0.873353801846367,2.81495295750573e-07,0.145541223853462,1.93412758459415e-06,730.87137553318,416.001609887865,5,5,0,176,186,266.111742385585,1595.14641130982,150.975749233871,905.035771055619,,19983.6043307237,,14450.077487939
EPHA2,LRP1B,767.694688589705,308.277305228981,0.001,0.001,0.783373283269326,0.805781961051559,0.631295924105129,1.12071988021822e-06,0.452840253547688,2.47486806095122e-06,730.871375529043,304.030486265748,5,16,0,165,186,275.267810719858,1650.30508030908,180.779674079298,485.098251323997,,5999.19055393929,,2895.41051417401
EPHA2,LRP2,743.727733082915,280.317613760062,0.001,12628.0041438681,0.975570783397763,0.568204300030026,0.0220896239427143,2.17773120044923,0.201877649912096,10.7873813738048,730.87137553643,389.503246900835,3,5,2,176,186,266.687945239601,1598.62631541752,100.517103746657,602.536082812892,,31336.6355967006,1913.75735268342,55931.7832346046
EPHA2,LRRIQ1,736.927012640302,502.037017030431,0.001,0.001,0.959824489476528,0.966241062613028,0.927424003038523,1.48267220099942e-07,0.086066972669791,1.72269589019695e-06,730.871375533461,496.30048110402,5,3,0,178,186,264.254201278961,1583.95074422457,124.848771385135,1301.87487231602,,38865.0076574324,,29936.0657578167
EPHA2,MACF1,658.499026807655,550.900722960067,0.001,0.001,0.958253123799838,0.982709327829568,0.941687646945006,9.18828633894066e-08,0.0533910781581392,1.72094039976601e-06,649.158086771893,546.029779636635,3,2,0,120,125,163.751895700211,1707.75656455145,91.5969979142426,1701.38156164298,,35960.0699287744,,68743.527484356
EPHA2,MED12,744.781868905981,747.23015943265,0.001,11446.3492317476,0.981884713369169,0.823459547256828,0.336606637842409,1.13288441207844,0.202553563108009,5.59301152097901,730.871375536963,862.991427756671,4,6,1,175,186,267.06558426625,1600.89278528043,296.9725575519,1514.34575138242,,26193.7624234038,628.087737209669,60608.2735848219
EPHA2,NF1,752.752494615954,1140.34876659061,0.001,0.001,0.863675775087574,0.907214039677006,0.783563563072316,2.64963573722368e-07,0.227279825875207,1.16580331185159e-06,730.871375538095,1126.30141113141,5,8,0,173,186,269.914600886201,1618.10298973481,521.068162770723,2123.09308213169,,10120.053117372,,23900.1285146401
EPHA2,NRAS,735.779705283537,2935.13245366364,0.001,0.001,0.967337228832004,0.973390092202466,0.9415977755206,4.52168392826987e-08,0.0517992880868143,8.72923952292866e-07,730.871375536547,2895.62915658581,5,2,0,179,186,263.840584373167,1581.47097580353,488.03140440428,9063.23541064888,,52137.2582039767,,223508.755381677
EPHA2,PBRM1,739.312959277911,692.566017620701,0.001,0.001,0.944534608602414,0.954895355657804,0.901936133023189,1.6782920896595e-07,0.116134989008143,1.44512183967386e-06,730.871375536547,684.572099404855,5,4,0,177,186,265.108114895603,1589.09412978968,215.00142085382,1608.96805224976,,27002.1516549167,,30696.4025052468
EPHA2,PEG3,738.959256629877,189.664530606689,0.001,0.001,0.946783785477918,0.95390704394711,0.903147737186449,3.99696414052179e-07,0.116735658017446,3.42394449853913e-06,730.871375536547,187.428292991069,5,4,0,177,186,264.981987184842,1588.33139597784,58.8799469711303,440.624820868083,,28162.8707931658,,8216.30347090358
EPHA2,PIK3CA,745.359081243908,1091.13669690067,0.001,13386.0912668575,0.994884668666019,0.962791747427556,0.407948822711447,1.05896773037868,0.225526310454588,4.69553963900775,730.871375539165,1233.5123668168,4,7,1,174,186,267.273844878371,1602.12388199037,468.810449297278,2110.45203482057,,25767.9218299351,732.348896761442,72070.5631043597
EPHA2,PLEC,736.752519782856,108.227022114617,0.001,0.001,0.960946922174041,0.975687862410505,0.937586641644062,3.16058285648648e-07,0.0580170037114107,5.44768370357062e-06,730.871375536963,106.895190297168,5,2,0,179,186,264.191244354243,1583.60227959862,17.9955700373126,334.205989565739,,44310.7744047194,,8998.32200072702
EPHA2,POLE,738.528006673819,399.723109238512,0.000999999999976353,0.001,0.949558072584465,0.960609405385128,0.91215838437424,1.67106208656155e-07,0.0839639191088559,1.99021449248347e-06,730.871375536963,394.372924241964,5,3,0,178,186,264.826097886952,1587.41763351782,99.4037853591977,1036.57843493488,,31150.2724559141,,20335.1827270808
EPHA2,PREX2,741.827266653927,347.869195852655,0.001,6720.20437615489,0.986204623405009,0.82329765630092,0.280108533594536,1.16448916826635,0.170145395769881,6.84408275050415,730.871375535489,413.460400025103,4,5,1,176,186,266.008265707102,1594.51532192178,124.741470400485,747.717454809244,,33375.1078483626,368.899072850747,35504.0652273187
EPHA2,PTPRT,744.716726391476,219.788204696275,0.001,0.001,0.910986191709142,0.929066674888983,0.84637937952996,5.35345752903163e-07,0.17402113466945,3.07632606763565e-06,730.871375536963,217.078046563502,5,6,0,175,186,267.041851628709,1600.75697284364,87.3512041530932,445.420885427224,,16112.0846542993,,6110.47442032029
EPHA2,RASA1,742.859449066073,499.807198801984,0.001,0.001,0.92231362653834,0.946857171387473,0.873307939144866,2.5306395599542e-07,0.145475699921104,1.73956170090719e-06,730.871375540681,494.314011218234,5,5,0,176,186,266.376928426704,1596.7535321848,179.221139753087,1074.33446649323,,18774.5577545216,,18737.3974559703
EPHA2,ROBO2,740.095579639338,212.413886357275,0.001,0.001,0.939567023110931,0.956562196650217,0.898760111504571,3.66113554814765e-07,0.11682156439741,3.13395524793093e-06,730.871375536963,210.046271448885,5,4,0,177,186,265.387910563707,1590.78960403986,65.9406824598522,493.499193730992,,24804.3251552846,,9787.64044256804
EPHA2,ROS1,745.332064202275,722.676312394402,0.001,0.001,0.907264869754232,0.924193511982147,0.838501630838225,2.43096756905904e-07,0.170692785370022,1.4241771049604e-06,730.871375531427,713.137975251712,5,6,0,175,186,267.261882405669,1602.08679850183,287.216716680656,1464.56213910971,,15422.0892418281,,18703.6011641686
EPHA2,RYR1,670.342597279459,280.952643585772,0.001,0.001,0.908621803385079,0.950510854902897,0.86367315362972,3.61279209640589e-07,0.135171526182155,2.67274639744568e-06,649.158086777103,278.027544666581,3,5,0,117,125,166.690475317909,1738.62017883023,100.727038270618,604.094088553189,,14114.0399243696,,11949.0915352773
EPHA2,SACS,763.660195902035,697.070122991416,0.001,4527.27601883904,0.957902897931524,0.833090307851633,0.613573707811624,1.14523756955066,0.426365188480935,2.68604848728607,730.871375529043,739.177887649441,4,14,1,167,186,273.822812446197,1641.59761712851,392.634256674037,1128.8423120272,,11021.1431806457,248.625467334827,23877.6761545912
EPHA2,SF3B1,746.35872227745,2209.86544301983,0.001,0.001,0.901300887819359,0.914166190720708,0.823954366120949,1.87732284568504e-07,0.199919076396551,9.39041375902149e-07,730.871375536963,2181.5041059586,5,7,0,174,186,267.617883237463,1604.22085415787,949.530967264578,4274.52610348133,,14339.504588234,,50442.5406259085
EPHA2,SMAD4,764.352012104753,2639.71059795716,0.001,0.001,0.800637263228972,0.805402728134077,0.644896560724627,3.82411291147133e-07,0.418525279754193,9.13711332734143e-07,730.87137554087,2601.01344480276,5,15,0,166,186,274.070927353136,1643.07543442416,1518.74986408537,4210.94543852118,,6580.13535773748,,24924.2528972863
EPHA2,SPHKAP,746.064687410736,859.595130240767,0.001,0.001,0.902853925535909,0.913242555830139,0.824539067853281,2.61472652187886e-07,0.199483771243098,1.31074648608506e-06,730.871375529043,848.404460446161,5,7,0,174,186,267.52528257831,1603.65299713823,369.331168747413,1662.58755234446,,14542.3587935593,,19347.5145349151
EPHA2,SPTA1,749.101311218507,414.326858232427,0.001,0.001,0.884821388076297,0.899517201395979,0.795931918891732,4.52128752437275e-07,0.229088361092913,1.97359983842174e-06,730.871375529043,408.808891375603,5,8,0,173,186,268.61193068499,1610.2061629714,189.326264313963,771.33915381704,,12089.494960707,,7983.88405780234
EPHA2,SYNE1,762.280189516528,435.944270106664,0.001,2799.49025919117,0.96866991793343,0.870514076622353,0.625129789441278,1.1329217793773,0.426562198276059,2.65593572040836,730.871375537641,462.234631721276,4,14,1,167,186,273.329126556652,1638.61756548438,245.554062347531,705.960031173112,,11673.9024890703,153.733544572485,14766.5364555731
EPHA2,SYNE2,659.746668540136,984.959314003698,0.001,0.001,0.922613787538267,0.969203428177633,0.923536182229702,1.03892097255004e-07,0.0791421817361956,1.31272723313728e-06,649.158086778122,974.626173999199,3,3,0,119,125,164.062480591985,1710.97822855157,244.934001243523,2554.3968870357,,29646.6907422137,,68341.6605766838
EPHA2,TENM1,744.313642614953,312.5745784923,0.001,5194.97727145415,0.979554556502526,0.785294725776775,0.312978792751463,1.19863395726301,0.201317534069742,5.95394714524852,730.871375529043,361.294397586318,4,6,1,175,186,266.89804256908,1599.88114332541,124.227639801617,633.460676910147,,26731.248407985,285.17870483168,27438.9778668606
EPHA2,TP53,825.962891559237,1284.54112130929,0.001,6185.6015342804,0.947863482876431,0.844909213622358,0.576089827158469,2.09403102088034,1.0998908508735,1.90385347711304,730.871375532963,1339.34191422341,3,38,2,143,186,296.118037238384,1775.97311354536,917.538344382351,1738.902687274,,5057.12620639997,944.517668575637,26565.8204522603
EPHA2,TTN,655.934218975451,439.23979249534,0.001,0.001,0.969438909281293,0.983769078873052,0.953706076275954,1.07917565363592e-07,0.055216411414029,1.95444728478267e-06,649.158086771893,435.615072819788,3,2,0,120,125,163.118657759693,1701.06234692,73.0321536697591,1356.47323518603,,49941.8638620718,,58190.0195811282
EPHA2,XIRP2,743.931408703549,316.273462615668,0.001,5167.60251715867,0.981922026397406,0.830297483142801,0.322821837524234,1.01362426168709,0.166982116852042,6.07025638910326,730.871375529043,375.215368908107,4,5,1,176,186,266.759968802339,1599.06956452775,113.410908794121,679.82854900496,,28334.8810462666,283.581571205064,27373.8714555559
EPHA2,ZFHX3,663.234755055565,313.84224915641,0.001,0.001,0.937996262556682,0.970764959126177,0.910580425552611,1.93624830962906e-07,0.0791400561989897,2.44660972284447e-06,649.158086775645,310.699805727566,3,3,0,119,125,164.926135004685,1720.11025801211,78.0426888260404,813.960471232737,,22215.0848030648,,22880.207021063
EPHA2,ZNF521,743.126493948254,442.200039162226,0.001,0.001,0.920641813568455,0.934455270475323,0.860306652846314,3.22259719815615e-07,0.171682872915733,1.87706388146119e-06,730.871375538916,437.194808265612,5,6,0,175,186,266.476221274733,1597.32697173101,175.751227818497,896.115925390657,,18083.3593849475,,13330.4048694934
EPHA2,ZNF536,663.543974270525,259.2529099,0.001,0.001,0.93669235072313,0.950840392606441,0.890653471151267,3.64734499717218e-07,0.129962134319284,2.80646745013558e-06,649.158086778366,256.618557388459,3,5,0,117,125,165.006100158578,1720.83468739431,92.9611137186421,557.28467580685,,20662.683969499,,11099.2323153502
ERBB2,ERBB3,976.844578150815,1230.117339171,0.001,0.001,0.975528369493107,0.954831974858359,0.956291960518651,4.92961525419555e-08,0.0522651727976951,9.43193141879931e-07,968.751723989345,1217.82820391089,3,2,0,120,125,242.918594355676,2533.11219540539,204.532694394237,3798.53238023568,,93005.4936874891,,134117.60246918
ERBB2,ERBB4,1131.40984370179,287.443110790894,0.001,0.001,0.942829075469647,0.948566858914394,0.894340581233305,3.42011414586688e-07,0.151477066136638,2.2578428755557e-06,1118.09175224869,284.405642525506,5,5,0,176,186,405.7118292473,2431.83213593016,103.074835413789,617.823320277925,,39318.2893118493,,11158.2721009801
ERBB2,FAT2,1145.98347879232,689.34729438154,0.001,0.001,0.884699516417072,0.918432896649966,0.812554626657522,2.976196530214e-07,0.243439907015499,1.22255901536494e-06,1118.0917522479,681.924457877851,5,8,0,173,186,410.925906904243,2463.30461844102,314.991338522262,1283.36947680665,,18573.1969995479,,16586.5081533638
ERBB2,FBN2,1138.20544646235,286.316803369689,0.001,0.001,0.915143869424061,0.942850241296625,0.862852575946533,4.33495437459925e-07,0.190105339877739,2.28029069429988e-06,1118.09175223618,283.485337805403,5,6,0,175,186,408.143022628919,2446.5114639431,113.79253833608,580.239093867329,,25933.5824615916,,10004.3086113045
ERBB2,FBXW7,1128.41226211215,799.966530208627,0.001,0.001,0.955320901906668,0.96806692949055,0.924817277760935,1.00633655433086e-07,0.0914597752547732,1.10030508114368e-06,1118.09175223502,791.304900196252,5,3,0,178,186,404.63905855575,2425.40430980326,198.937457126866,2074.49251136613,,53654.0112338194,,50522.4214186618
ERBB2,FGFR2,,,,,,,,,,,,,5,0,0,181,186,,,,,,,,
ERBB2,GLI3,1131.08396751649,104.194316309491,0.001,3773.08682680522,0.976149496340671,0.608172583101123,0.165258421198773,1.33961652528072,0.123042047382883,10.8874693958245,1118.09175224896,137.755155239051,4,3,1,178,186,405.593106847232,2431.17356661537,25.9111865776067,270.201854342082,,65681.5172587817,206.873332312617,20038.3179172722
ERBB2,GNAS,1164.08936903773,1970.67812122026,0.001,0.001,0.81838577368095,0.893081881048421,0.730927406358262,2.2423771128691e-07,0.305995936361046,7.32812709716284e-07,1118.09175224362,1947.74647112753,5,10,0,171,186,417.399082675168,2502.43051364801,987.230884912259,3457.65631385113,,11277.17733773,,35638.8260915144
ERBB2,HMCN1,1154.89126860535,461.174845358394,0.001,0.001,0.851289735150903,0.884734338796661,0.753197064810068,5.40883770544856e-07,0.334591858330222,1.61654791376016e-06,1118.09175224896,455.945564713804,5,11,0,170,186,414.115745490797,2482.49835694918,239.427147435427,790.039865623435,,13976.001030354,,7685.40968679114
ERBB2,HYDIN,1002.01903607968,547.707975117507,0.001,0.001,0.904057490092216,0.861776742067755,0.863094437576108,2.63684382411332e-07,0.175695115267196,1.50080656488556e-06,968.751723987389,543.342517182372,3,6,0,116,125,249.169807871877,2598.80321242376,217.646158726539,1110.25372595028,,19845.7134836563,,25650.3950889206
ERBB2,IDH2,,,,,,,,,,,,,5,0,0,181,186,,,,,,,,
ERBB2,KMT2C,1137.73646839209,688.72720798709,0.001,0.001,0.917056566646543,0.918409725418042,0.842244334843272,2.45341136932351e-07,0.201715233123409,1.2162747113018e-06,1118.09175223502,680.321750873772,5,7,0,174,186,407.978347373811,2445.47373214733,295.916027898337,1332.10712149518,,26210.8128763611,,16553.2175311491
ERBB2,KRAS,1186.34850577077,10990.8696278266,0.001,118604.578796159,0.961457818335118,0.777596222327959,0.209853809515162,2.03805506072231,0.555119967878375,3.67137768167771,1118.09175223968,12046.8596037575,3,19,2,162,186,425.376624434791,2550.32072329479,6757.73728953912,16707.6903323256,,15219.6300619399,17993.4612590016,522950.856630416
ERBB2,LAMA1,1140.92381819149,216.117278124867,0.001,0.001,0.904359008814232,0.925093422521327,0.836628343201759,6.16615514230021e-07,0.213980877564768,2.88163840268102e-06,1118.09175223618,213.698155933715,5,7,0,174,186,409.117886352895,2452.36802706583,92.8564975375637,418.003040504869,,22637.4414062541,,5675.50638847913
ERBB2,LAMA2,1137.57699392691,420.487120588722,0.001,0.001,0.917692759813583,0.948505451051571,0.870445675682607,2.59037790053922e-07,0.152815464002578,1.69510194367209e-06,1118.09175224896,416.001609886657,5,5,0,176,186,407.915523783538,2445.19140611141,150.777906979856,903.842062005721,,27288.2662021403,,16301.944290449
ERBB2,LRP1B,1175.47175086741,307.83642957171,0.001,0.001,0.779753186946217,0.824343972074735,0.64284392800531,1.03273282876098e-06,0.462557622975848,2.23265767866268e-06,1118.0917522584,304.030486266436,5,16,0,165,186,421.479849848134,2526.89351521504,180.522751335634,484.39934540496,,9018.93481813567,,3239.79565781328
ERBB2,LRP2,1141.62151360853,394.070350187426,0.001,0.001,0.901632194899318,0.922635338627698,0.831891165068354,3.73390887183425e-07,0.208836913956451,1.78795443827181e-06,1118.09175223799,389.503246901878,5,7,0,174,186,409.366408172875,2453.87908491193,169.313209840704,762.206681941069,,22018.4300675164,,10002.8836850734
ERBB2,LRRIQ1,1126.20527933759,501.707319569685,0.001,0.001,0.96468217444449,0.968137529362454,0.933946692832751,1.34311562213253e-07,0.0906923391562216,1.48095818745942e-06,1118.09175223502,496.300481098342,5,3,0,178,186,403.849289958966,2420.62823208562,124.766711202699,1301.0153326579,,67911.447453791,,31788.5877037115
ERBB2,MACF1,982.971105958839,550.676044186192,0.001,0.001,0.957416560980717,0.940190094000816,0.941627692459885,8.3950204258056e-08,0.0573519219705457,1.46377316354228e-06,968.751723989345,546.02977963805,3,2,0,120,125,244.442221568486,2549.20941137209,91.560161627404,1700.69284546931,,52581.8174167213,,72022.3119701583
ERBB2,MED12,1141.70982565499,873.125231532901,0.001,0.001,0.901276463647349,0.922577817451353,0.831511765817812,2.23689676654044e-07,0.211233326819332,1.05896962388594e-06,1118.09175224896,862.991427763085,5,7,0,174,186,409.398912997354,2454.07521601586,375.137218293326,1688.81724708174,,21932.7989018718,,22147.1489158583
ERBB2,NF1,1149.94000549066,1139.04070494529,0.001,0.001,0.86966217395769,0.915604872531873,0.796287910535417,2.18506877942143e-07,0.236884109077024,9.22421004910441e-07,1118.09175223674,1126.30141113714,5,8,0,173,186,412.340465210881,2471.85929354634,520.467071370995,2120.62371293279,,16270.1750581875,,26438.154929415
ERBB2,NRAS,1124.9535071551,2931.77345892988,0.001,0.001,0.970057208399332,0.975583441207016,0.946372763038138,3.28939074681909e-08,0.0521469959322289,6.30791992523219e-07,1118.09175224896,2895.6291565721,5,2,0,179,186,403.39865530748,2417.93429191,487.481339711807,9053.00166059704,,88013.4801670969,,246300.309059282
ERBB2,PBRM1,1131.06372189559,692.050993013633,0.001,0.001,0.944241929717088,0.957737279661131,0.904339567381402,1.47115353498276e-07,0.122193839551527,1.20395065772722e-06,1118.09175224896,684.572099404925,5,4,0,177,186,405.588074573175,2431.11047583517,214.84188394185,1607.76748213223,,41173.0536658705,,32833.8171814752
ERBB2,PEG3,1129.79243843333,189.433173740982,0.001,0.001,0.949516382482973,0.95855318325682,0.910165097592447,3.91701735034423e-07,0.123067378434524,3.18282342580996e-06,1118.09175224896,187.428292991205,5,4,0,177,186,405.135363444993,2428.37147692374,58.8082711112718,440.085553519647,,45474.6275899601,,9175.28617348256
ERBB2,PIK3CA,1140.83983385233,1089.59330896543,0.001,14921.4287658382,0.987379292682093,0.870097314208291,0.36875560002944,1.17464807229452,0.229545074968835,5.11728719273979,1118.09175223962,1233.512366808,4,7,1,174,186,409.087779862076,2452.1807054008,468.151869968658,2107.44030586834,,38501.2922568322,817.90989608217,79252.9947597399
ERBB2,PLEC,1126.61865688357,108.147561286527,0.001,0.001,0.962937052786696,0.977116745480201,0.940903941285388,3.15828323042182e-07,0.0606509770444626,5.20730808360518e-06,1118.09175224896,106.895190297316,5,2,0,179,186,403.994386105692,2421.54759713793,17.9823416307078,333.959280440208,,71516.6746434365,,9575.53214291266
ERBB2,POLE,1129.62912392651,399.287677005371,0.001,0.001,0.950241126367383,0.9637418229747,0.915790461791967,1.4968849370179e-07,0.0856129733983698,1.748432366731e-06,1118.09175224896,394.372924242354,5,3,0,178,186,405.073139265121,2428.04092121951,99.2958941230577,1035.44689094616,,48508.9509650147,,22142.0770611407
ERBB2,PREX2,1136.88429252865,418.060533542573,0.001,0.001,0.920456893734155,0.936367956188976,0.861894518739806,3.0269925976531e-07,0.17775155287142,1.70293454473657e-06,1118.0917522479,413.460400024222,5,6,0,175,186,407.671524200391,2443.65060292106,166.154540581078,847.208211295682,,27657.0842275086,,13023.1399509401
ERBB2,PTPRT,1140.05162824977,219.64135201518,0.001,0.001,0.907826858649615,0.932831565959753,0.846861010242229,5.10766595357079e-07,0.180017272764552,2.83731992776672e-06,1118.09175224896,217.078046563346,5,6,0,175,186,408.803281660861,2450.5159875019,87.2928956667122,445.120863630066,,23833.6772643166,,6459.61469586568
ERBB2,RASA1,1136.80220780332,499.517230197846,0.001,0.001,0.920628702048578,0.949650968707668,0.874283978740522,2.31385902075762e-07,0.154362282384584,1.4989795337392e-06,1118.0917522479,494.314011219031,5,5,0,176,186,407.653410382627,2443.58304054572,179.116357588435,1073.70318107867,,28144.8323063589,,19849.7828462369
ERBB2,ROBO2,1134.08404893459,212.271031640467,0.001,0.001,0.931836181734548,0.95922963413206,0.893851174490646,3.57090577863227e-07,0.12320957196225,2.89823730556127e-06,1118.09175224896,210.04627144861,5,4,0,177,186,406.665050027929,2437.6606278825,65.8964177891913,493.16628924863,,34035.5647633533,,10465.5196182329
ERBB2,ROS1,1138.97731820746,721.293548345477,0.001,0.001,0.912090206654565,0.934806841433316,0.852638481968356,2.07101626633656e-07,0.175413292756057,1.18064955842125e-06,1118.09175224362,713.137975253158,5,6,0,175,186,408.41904210107,2448.18634979072,286.66868426767,1461.74588009769,,25025.9077408108,,21890.1239302493
ERBB2,RYR1,1001.81896684486,281.010783612678,0.001,0.001,0.904675484613214,0.857791307887727,0.859102909620026,3.40879139538661e-07,0.141026949246545,2.41712056709623e-06,968.751723979514,278.027544666579,3,5,0,117,125,249.115064062298,2598.30746525082,100.747319837893,604.21701247702,,20153.3015623683,,11727.5918588105
ERBB2,SACS,1171.92821593976,748.005201060172,0.001,0.001,0.791500287414352,0.84100624255242,0.665706961477601,5.24948551398896e-07,0.441635377444875,1.18864696582062e-06,1118.09175223618,739.177887647902,5,15,0,166,186,420.213322435754,2519.24643897276,430.363803235345,1193.22388922931,,9590.89125793018,,8794.45938841748
ERBB2,SF3B1,1141.873566781,2207.84429840797,0.001,0.001,0.900647173182027,0.92038478507509,0.828955182933821,1.43437888481743e-07,0.206042370123375,6.96157243754546e-07,1118.09175224896,2181.5041059639,5,7,0,174,186,409.456609607634,2454.42442563294,948.609961413096,4270.33891343473,,21787.1716090094,,54517.0905571274
ERBB2,SMAD4,1165.98136690706,2454.66459030239,0.001,14856.9444859548,0.979523979127457,0.639264435038095,0.658746711652726,1.0629523264885,0.415320687689201,2.55935318898429,1118.0917522479,2601.01344484904,4,14,1,167,186,418.087535486033,2506.38899415262,1382.63320115299,3975.06830526585,,18299.7230673516,813.446343463021,79591.9699244652
ERBB2,SPHKAP,1139.56237617793,858.62488742178,0.001,0.001,0.909779014813913,0.920422576691251,0.837392725845978,2.18855228413008e-07,0.205083634602992,1.06715111050511e-06,1118.09175224413,848.404460444216,5,7,0,174,186,408.630333162177,2449.4325425176,368.915920653223,1660.70074601217,,24140.3186281472,,21159.6708549788
ERBB2,SPTA1,1142.87475242718,413.903920914046,0.001,0.001,0.896754283287321,0.906774230878626,0.813168892403603,4.0505097104182e-07,0.234434798168447,1.72777665349315e-06,1118.0917522479,408.808891374628,5,8,0,173,186,409.815591107787,2456.56088507095,189.133166281411,770.544373933241,,20778.8297299865,,8633.22821673873
ERBB2,SYNE1,1163.41435301164,435.654978749764,0.001,3039.94848180475,0.961844406407101,0.571181011467405,0.588588370892739,1.24320086997867,0.442407844479054,2.81007872146248,1118.09175224187,462.234631720454,4,14,1,167,186,417.168923283251,2500.85317775921,245.391791301548,705.491076851898,,18669.0588474919,166.875476090623,16090.6400868706
ERBB2,SYNE2,999.99994741522,1000.99994982589,1001.9999558184,1002.99996908244,1,1,1,0.0872678315726915,0.0822308769945241,1.06125381076141,968.751723979514,974.626173991706,3,3,0,119,125,244.344827137967,2548.87808751543,244.778822663549,2553.46267617623,,51404.2996104363,,71521.4956222228
ERBB2,TENM1,1141.07128479468,365.339743645151,0.001,0.001,0.903760347287753,0.926040058353587,0.836931226669979,4.01831087680146e-07,0.212394719226535,1.89190714883812e-06,1118.09175223772,361.294397587013,5,7,0,174,186,409.17219564546,2452.70657672057,156.967859081851,706.637575106388,,22542.2235434199,,9723.17453615897
ERBB2,TP53,1256.41145297473,1284.22160795338,0.001,6421.82858749061,0.946945384037343,0.858538930306471,0.556111389211057,2.14891002742316,1.11325337186181,1.93029734446644,1118.09175224215,1339.34191421611,3,38,2,143,186,450.452491706392,2701.47157689817,917.314041786923,1738.48246313165,,8079.5261377326,979.835372490554,27755.2731010737
ERBB2,TTN,980.546412560302,438.880482875372,0.001,0.001,0.96452331210061,0.949022790667144,0.950473894548493,9.99709409832807e-08,0.0588464948727705,1.69884274669925e-06,968.751723989345,435.615072819865,3,2,0,120,125,243.839482902639,2542.88150427749,72.9729277370681,1355.36747792824,,67606.7039223636,,65060.4995384742
ERBB2,XIRP2,1139.76850829632,315.854183521772,0.001,5792.0967456437,0.968170415331666,0.711053956907843,0.288164982867189,1.12300279712737,0.168053083146864,6.68242900456611,1118.09175225818,375.215368908379,4,5,1,176,186,408.696830576426,2449.9315539238,113.260117135825,678.916028723571,,39474.3386233348,317.901868349056,30616.2962231667
ERBB2,ZFHX3,986.659191052834,313.625021934898,0.001,0.001,0.946779041175578,0.919571480922796,0.920977552402697,1.83142667962467e-07,0.0838596651583851,2.18391842629669e-06,968.751723965111,310.69980572784,3,3,0,119,125,245.357307102376,2558.79628192551,77.9888047110141,813.394219561066,,39139.8088113236,,24575.6959827165
ERBB2,ZNF521,1135.15728724579,441.945445556873,0.001,0.001,0.927433736236449,0.937673043786576,0.869636079919477,2.9699324361962e-07,0.181704217724472,1.63448734068445e-06,1118.09175225376,437.19480827026,5,6,0,175,186,407.054677736605,2439.91735091236,175.649532645871,895.594344626915,,30347.9899654093,,14062.0894345486
ERBB2,ZNF536,990.804599748243,259.139913924484,0.001,0.001,0.93499155701399,0.889646215137323,0.891006528746922,3.48373640031083e-07,0.136622146189122,2.54990607122244e-06,968.751723984835,256.61855738802,3,5,0,117,125,246.388754507092,2569.53553518495,92.9207071035416,557.0401239446,,30196.7875287685,,11620.1181756271
ERBB3,ERBB4,1224.41278263373,162.457513376719,0.001,0.001,0.989352209634612,0.981800830685798,0.971347307979496,1.27075657708337e-07,0.035673429374265,3.56219348510433e-06,1217.82820391089,160.969246922899,2,2,0,121,125,203.590237301021,3780.95611904952,27.0130315538043,501.662363722607,,270496.623100176,,20842.4254312962
ERBB3,FAT2,1231.27524942335,242.415858499804,0.001,0.001,0.978373586619137,0.984965682791475,0.963665872591509,9.08380857647488e-08,0.0358636446542517,2.53287379574735e-06,1217.82820391089,240.569688968945,2,2,0,121,125,204.728831375581,3802.29771971204,40.3070535712889,748.625959616998,,135939.558869246,,38565.4842143457
ERBB3,FBN2,1233.59505604942,200.941894769051,0.001,0.001,0.974726998728632,0.975453049974962,0.950802767275641,1.65975939116301e-07,0.0555953042601186,2.98543089789984e-06,1217.82820391089,199.26937929544,2,3,0,120,125,205.114887908755,3809.44070915152,49.969030814575,521.125774267686,,105385.002210223,,19764.4045512993
ERBB3,FBXW7,1223.88107430124,375.854734702992,0.001,0.001,0.990177538403726,0.991218871074961,0.981483021031661,3.22174447445721e-08,0.0181791750910932,1.77221708813162e-06,1217.82820391089,372.542639929324,2,1,0,122,125,203.502107550637,3779.35504509067,21.4455266178684,1654.98397748039,,418216.670364143,,101023.739884437
ERBB3,FGFR2,,,,,,,,,,,,,2,0,0,123,125,,,,,,,,
ERBB3,GLI3,1230.4850072718,99.4633857425012,0.001,0.001,0.979634918027396,0.981033451746715,0.961056161043575,2.05156002598076e-07,0.0367481314441037,5.58276011693634e-06,1217.82820391089,98.5093632341326,2,2,0,121,125,204.598247559716,3799.82255045638,16.5380647144209,307.156654952392,,140618.331888927,,12343.7596431329
ERBB3,GNAS,1262.02080901838,1724.28421177443,0.001,0.001,0.931520519826404,0.947169811198954,0.882324411749524,8.10935116368847e-08,0.111265215281582,7.28830761992047e-07,1217.8282038786,1708.30444763858,2,6,0,117,125,209.830440693945,3897.60268400311,685.116574941367,3495.89313876109,,35429.7392411619,,76010.7721208935
ERBB3,HMCN1,1244.15105805156,295.542364848199,0.001,0.001,0.958333430115014,0.961734605010438,0.92166908382791,1.94068141789322e-07,0.0888580654516874,2.1840239352818e-06,1217.82820391089,293.204526086276,2,5,0,118,125,206.867419243677,3842.16637301101,105.964869598711,635.38463459997,,60206.2053758463,,18014.355261136
ERBB3,HYDIN,1254.84182548009,548.618988227184,0.001,0.001,0.942175641538384,0.944805342917719,0.890185388729427,1.55089035752676e-07,0.111935473291564,1.3855217760031e-06,1217.82820391089,543.342517181292,2,6,0,117,125,208.640824624251,3875.28792451002,218.003843055423,1112.1328216308,,42191.1271657896,,23144.5424056934
ERBB3,IDH2,,,,,,,,,,,,,2,0,0,123,125,,,,,,,,
ERBB3,KMT2C,611.438683280112,277.059750799919,115726.516840392,0.001,0.75309663781613,0.998718120885093,0.048290464688657,1.01338339967681,0.0351459689030149,28.8335599019404,1217.82820391089,275.51368451427,1,1,1,122,125,34.8856811845891,2692.11390498443,46.0672737528373,855.539325847072,5686.51600135441,1829715.06557871,,151876.074638478
ERBB3,KRAS,1295.31123312224,12757.2957656354,0.001,0.001,0.884340409343487,0.932596643000597,0.824759285297616,1.09291659975124e-07,0.234174136880837,4.66711061395899e-07,1217.82820391089,12694.577923693,2,15,0,108,125,215.361644342987,4000.5732661291,7337.32050636724,20360.286355343,,20029.7167193117,,446680.421737551
ERBB3,LAMA1,1223.67100051404,43.4180500809617,0.001,0.001,0.99052940133619,0.991398329526578,0.982009529070892,2.21554581810064e-07,0.0182352643603148,1.21497872162594e-05,1217.82820391089,43.0432146032056,2,1,0,122,125,203.465884932622,3778.67595054448,2.47733511280087,191.179786991836,,433904.865133248,,11989.6126333131
ERBB3,LAMA2,1232.08151063882,238.06066493896,0.001,0.001,0.977097956575649,0.984584803394912,0.962037427652082,9.26429531938715e-08,0.0359974029598772,2.57360102608323e-06,1217.82820391089,236.199934478913,2,2,0,121,125,204.862622316301,3804.80149782542,39.5826595407865,735.182637553985,,126765.733260868,,36858.0769570161
ERBB3,LRP1B,1253.9797110863,161.985983228562,0.001,0.001,0.943452840074013,0.945225650671095,0.891786715943336,3.86431048753771e-07,0.105253362889104,3.67143659971149e-06,1217.82820391089,160.446570804681,2,6,0,117,125,208.499086233028,3872.64075162355,64.3734876817543,328.324351850348,,43217.156922598,,6720.7975572329
ERBB3,LRP2,1229.43452987834,158.367499133414,0.001,0.001,0.98130555067177,0.980429742903801,0.962102672091889,1.31813781159215e-07,0.0360249702550999,3.65895600262307e-06,1217.8282038855,156.800005078909,2,2,0,121,125,204.424132981864,3796.57403938616,26.3321388758791,489.062997692606,,157248.709630663,,18823.8029035127
ERBB3,LRRIQ1,1221.48249067006,236.176556410519,0.001,0.001,0.994051800302113,0.993664778418036,0.987754363801313,4.54212875939525e-08,0.0177191222093163,2.56340506360248e-06,1217.82820391089,234.678177131615,2,1,0,122,125,203.104128504827,3771.90662970245,13.4759065724466,1039.90961713453,,693951.360334495,,91978.9680436782
ERBB3,MACF1,1233.0380775234,549.953417523687,0.001,0.001,0.975586376686659,0.985974422501135,0.961904995405427,4.91910400652901e-08,0.0364225272694975,1.35056635969591e-06,1217.82820390425,546.029779640603,2,2,0,121,125,205.020849162892,3807.75526939977,91.4395406776393,1698.46262813994,,116617.443608118,,96867.1475732789
ERBB3,MED12,1225.58876483158,176.760956904681,0.001,0.001,0.987418670068889,0.992242601905789,0.979759381550704,5.91773704787177e-08,0.0179337409204526,3.29977837536555e-06,1217.82820391089,175.381149607909,2,1,0,122,125,203.786028051623,3784.68595097977,10.0855617865116,778.347183545521,,325387.614154231,,54488.7381172139
ERBB3,NF1,1252.73916289437,1202.52035864903,0.001,37347.2189226912,0.989514667398792,0.88938506978069,0.202601039079736,1.00067679776125,0.123709617753562,8.08891673850829,1217.82820386706,1396.7252269503,1,6,1,117,125,208.309616799537,3869.04930212494,477.903201072837,2437.48879250415,,70985.3849608879,1815.17271008818,653385.053284848
ERBB3,NRAS,1228.01124574541,4326.78799148302,0.001,0.001,0.98353528760199,0.992137403155007,0.975802500753806,1.63668139425369e-08,0.0307460542505925,5.32322417996824e-07,1217.82820391089,4309.65905860943,2,2,0,121,125,204.187941874878,3792.13423906361,719.450551098177,13360.6669913841,,174804.935536797,,1337466.96431294
ERBB3,PBRM1,1223.29821939691,244.435401795342,0.001,0.001,0.991112856177846,0.992005728978502,0.983189880014609,4.51093718121208e-08,0.0180566588387517,2.49821255498889e-06,1217.82820391089,242.475384174349,2,1,0,122,125,203.40573407639,3777.54886589999,13.9470302949345,1076.28865957756,,462935.587015307,,72499.3781841546
ERBB3,PEG3,,,,,,,,,,,,,2,0,0,123,125,,,,,,,,
ERBB3,PIK3CA,1234.58517137613,657.827882678512,0.001,0.001,0.972937117533511,0.959789522134354,0.933818549323938,6.48748533591675e-08,0.0537223452362727,1.20759533251659e-06,1217.82820391089,648.852398111457,2,3,0,120,125,205.309068362366,3813.06619291925,163.589449409867,1706.12152959964,,97481.1177006838,,37412.0672966689
ERBB3,PLEC,1225.61803196122,79.0800483672753,0.001,0.001,0.987386554768318,0.991159070151577,0.978657677884828,1.23337052092276e-07,0.0179554253061649,6.86906881843277e-06,1217.82820391089,78.3772562402124,2,1,0,122,125,203.789729765062,3784.75558347874,4.51211852106346,348.216456401726,,324701.003574098,,21232.564373027
ERBB3,POLE,1225.59003680632,190.625298869768,0.001,0.001,0.98743497517196,0.989009647627775,0.976583256232468,5.42004959156427e-08,0.0174904258208545,3.09886657253464e-06,1217.82820391089,188.522851761284,2,1,0,122,125,203.785453557952,3784.67528338485,10.8766691040773,839.376276365155,,326300.730200781,,40492.4977213732
ERBB3,PREX2,1228.45306347984,197.266800824233,0.001,0.001,0.982855065686006,0.984014591704486,0.967144653325833,1.06214225955269e-07,0.0352702673859445,3.01143807028795e-06,1217.82820391089,195.675387687073,2,2,0,121,125,204.261542740131,3793.51161282073,32.8005876691917,609.161437774586,,167607.44138685,,29131.7331034355
ERBB3,PTPRT,1235.56289555988,156.549821860065,0.001,0.001,0.971655422029263,0.968359009795168,0.940914703480903,2.02050749744179e-07,0.0542676017482667,3.72322975836374e-06,1217.82820391089,154.866846741172,2,3,0,120,125,205.441487608454,3815.5708792415,38.9295965735456,406.005977508604,,94173.9940419469,,11409.8423272466
ERBB3,RASA1,1230.68978524071,279.041020808752,0.001,0.001,0.979290567798586,0.984729765529871,0.964337949765096,8.26676895045869e-08,0.0366555029239469,2.25525999946328e-06,1217.82820391089,276.883569055955,2,2,0,121,125,204.63293956863,3800.47462795138,46.396712262918,861.728707165749,,138405.300793276,,44402.0227328739
ERBB3,ROBO2,1226.88816437221,74.5761936221508,0.001,0.001,0.985349786059759,0.991937015381877,0.977405565999363,1.32936002513687e-07,0.0183053098786869,7.26215526503961e-06,1217.82820391089,73.9705091335183,2,1,0,122,125,204.000138495213,3788.71559023708,4.25512472000735,328.390783301577,,278914.799704402,,22329.6655402145
ERBB3,ROS1,1238.3275671012,695.360732113669,0.001,0.001,0.967316173581987,0.97089330311723,0.939164157886541,7.93857101982071e-08,0.0683491029502482,1.16147406142247e-06,1217.82820391089,690.188411194973,2,4,0,119,125,205.900831434949,3824.10583562511,215.86065227015,1615.57750234178,,78422.1630585216,,55303.2730998286
ERBB3,RYR1,1251.89296035395,280.530886547526,0.001,0.001,0.946576315739241,0.957132810696603,0.906009590461394,2.08066460288467e-07,0.0907857371961723,2.29184084102188e-06,1217.82820391089,278.027544665982,2,5,0,118,125,208.150445286795,3866.17039246504,100.575268328666,603.188403619344,,46195.1704558883,,15181.4758918657
ERBB3,SACS,1242.85609660827,275.548960192637,0.001,0.001,0.960312635430723,0.963866100528892,0.925618051148205,1.64358976892029e-07,0.0712384097976373,2.30716796400865e-06,1217.82820391089,272.994692576719,2,4,0,119,125,206.653220553266,3838.18404571143,85.5366725967809,640.228253894691,,63803.0857877496,,17562.3721451507
ERBB3,SF3B1,1229.77055669985,885.651513707103,0.001,0.001,0.980790651887841,0.974978621545081,0.956251741694747,3.63229371272596e-08,0.0363190019287446,1.00010835095421e-06,1217.82820391089,874.445647602189,2,2,0,121,125,204.479747707996,3797.61348988619,147.259974499896,2735.05993811595,,152128.966410326,,81791.573832165
ERBB3,SMAD4,1257.98786826652,1747.96558597237,0.001,0.001,0.937636229092833,0.909032635885634,0.852359396040051,8.71341710034779e-08,0.119976617119579,7.26259608708858e-07,1217.82820391089,1723.94670324198,2,7,0,116,125,209.158337324136,3884.89234940339,750.948782890548,3381.46667772237,,38692.2058804521,,42865.8440492647
ERBB3,SPHKAP,1234.51767280295,534.346557758784,0.001,0.001,0.973267626984815,0.977035139394662,0.950918657991919,7.08891781291479e-08,0.0513387627977275,1.38081196869602e-06,1217.82820391089,530.193702208639,2,3,0,120,125,205.26797241847,3812.31691989047,132.88124599298,1385.70972594329,,99924.9131393912,,54025.5700665692
ERBB3,SPTA1,1241.81388468763,371.355996951594,0.001,0.001,0.961950613767962,0.951031277976202,0.914850937077372,1.59825812830888e-07,0.0876811614340009,1.82280674910074e-06,1217.82820391089,367.606718406285,2,5,0,118,125,206.481595368129,3834.89524006818,133.157310419043,798.259343727066,,65344.2313285923,,17263.8956144649
ERBB3,SYNE1,1249.64308996637,307.269403941528,0.001,0.001,0.950013444369289,0.937421421510505,0.890573228842181,2.60955258110651e-07,0.122351007614651,2.13284110362654e-06,1217.82820391089,304.402957565268,2,7,0,116,125,207.780420037906,3859.13156951002,132.010294290014,594.380791035478,,48760.7513854001,,11114.9862676386
ERBB3,SYNE2,1234.92461914431,984.128478746583,0.001,0.001,0.944031556041637,0.971558235270155,0.944975363336611,4.98785248555234e-08,0.0529123076529713,9.42663948483494e-07,1217.8282038786,974.626173989286,2,3,0,120,125,205.336673316078,3813.60827005879,244.726137441929,2552.2555522335,,97818.8640778751,,79968.8455868197
ERBB3,TENM1,1229.17190554376,146.620716002209,0.001,0.001,0.98173138594942,0.982483825813456,0.964536602431101,1.42058915792234e-07,0.0362882600101651,3.91473484130792e-06,1217.82820391089,145.321772495656,2,2,0,121,125,204.379094635114,3795.7326081036,24.3789664202723,452.790555892028,,161871.108391787,,19823.6974282157
ERBB3,TP53,655.619513634254,854.559303060138,8380.92585051742,0.001,0.903649939456144,0.987057016293261,0.482541661702404,1.03637181745043,0.302251585970482,3.42883831071656,1217.82820388455,849.973700929229,1,17,1,106,125,37.4068965281384,2887.37267516827,517.84221488954,1313.17058315339,473.815706870179,38239.745151739,,54645.2505979321
ERBB3,TTN,1230.64843938245,439.125061914273,0.001,0.001,0.979370943883769,0.984235525083301,0.963933285931865,5.81426451480181e-08,0.0366633311385895,1.58585276739409e-06,1217.82820390425,435.615072819865,2,2,0,121,125,204.624792123979,3800.35256033865,73.0133144881193,1356.13990752189,,144433.361837161,,66710.190811448
ERBB3,XIRP2,1239.35486252691,274.889543011501,0.001,0.001,0.96573222316051,0.971813387895215,0.938514989768284,1.16970772809019e-07,0.0508436488019864,2.30059752919325e-06,1217.82820391089,272.25728236023,2,3,0,120,125,206.069585114724,3827.35886590279,68.3581864506969,712.896891778873,,77305.0948169954,,22528.4019301688
ERBB3,ZFHX3,1237.44829655371,313.642652850542,0.001,0.001,0.968695411611264,0.972428817739128,0.941991041417865,1.11558088267995e-07,0.0539571384137132,2.06753159169839e-06,1217.8282038855,310.69980572784,2,3,0,120,125,205.753877485114,3821.42733947449,77.9927460460883,813.451847265561,,84782.4521590027,,26635.9316784755
ERBB3,ZNF521,1226.0483011542,206.550116610643,0.001,0.001,0.986710605605573,0.983084039011874,0.970020049413227,1.03594410628786e-07,0.035819135932722,2.89215269802612e-06,1217.82820391089,204.790406919133,2,2,0,121,125,203.862256790233,3786.04077946132,34.3445337235634,637.816867327308,,217825.320286574,,28895.7533576034
ERBB3,ZNF536,1244.75235707423,259.117416652637,0.001,0.001,0.957430973423175,0.953230047528764,0.91265839583032,2.15852031254168e-07,0.0886596315496903,2.43461457578009e-06,1217.82820391089,256.61855738802,2,5,0,118,125,206.967988213188,3844.0105124143,92.911821349113,557.000563974406,,58385.5436968948,,12761.8097764381
ERBB4,FAT2,290.189716545788,514.509174960418,0.001,23652.5134222396,0.967009511584423,0.438394754699651,0.0202536685153971,2.52512232514714,0.247083824928635,10.2196990267431,284.405642527497,681.924457880001,3,6,2,175,186,104.05781992802,623.767873957514,204.482295589144,1042.69800792201,,10619.7871596073,3563.9901984002,106205.885708971
ERBB4,FBN2,288.120030749985,189.965570241465,0.001,14899.8468129051,0.976653382691124,0.38277530192887,0.00858069505843291,2.66209892492261,0.194452229689541,13.6902463354258,284.405642526536,283.485337805401,3,4,2,177,186,103.316852052898,619.292301238128,58.9725544864519,441.33469564526,,16448.1437895352,2222.71316411724,69744.6074508227
ERBB4,FBXW7,285.648033270326,265.369805095509,0.001,72035.2533664331,0.990703737943975,0.455230516366338,0.00174551034317792,2.48567983985985,0.0936050712313331,26.5549698019758,284.40564252624,791.304900177956,3,1,2,180,186,102.431611159637,613.957652814046,15.1417069069623,1168.46813243955,,90653.9571505313,10895.2052034608,319199.483821607
ERBB4,FGFR2,,,,,,,,,,,,,5,0,0,181,186,,,,,,,,
ERBB4,GLI3,287.904119343477,104.167799676556,0.001,3882.22236408911,0.971974994482937,0.566945753433897,0.160537714113863,1.38712775920476,0.1252308368792,11.0765670323102,284.405642527077,137.755155239051,4,3,1,178,186,103.239045649163,618.832555885721,25.904691985303,270.134068997051,,15608.6758201747,212.419784903569,20853.8151245424
ERBB4,GNAS,296.311701114853,1768.29713302496,0.001,21325.793825929,0.900151541280402,0.524692975105562,0.369567073249819,1.38417826548329,0.309239330134521,4.47607445301722,284.405642525654,1947.74647115592,4,9,1,172,186,106.248646585262,637.019785317389,849.459306208941,3188.54369965758,,4100.77873199715,1164.85947990688,116077.333594111
ERBB4,HMCN1,292.759845662269,375.451150348566,0.001,10861.6336702352,0.959788159387735,0.502410245060557,0.0429522717279489,2.46174976119337,0.340963587583969,7.21997846936403,284.405642526536,455.945564716139,3,9,2,172,186,104.976150723093,629.304856925815,180.380313327194,676.958961134925,,7435.24207493994,1643.87763090327,48003.480563293
ERBB4,HYDIN,166.871936001748,545.318388103324,0.001,0.001,0.930683845797781,0.979582438788609,0.9116861911744,4.99201671597983e-07,0.120367764873254,4.14730365828125e-06,160.969246922899,543.34251718052,2,6,0,117,125,27.7454751170243,515.362379621987,216.698680962211,1105.38956153625,,4651.16375269041,,63090.6321550653
ERBB4,IDH2,,,,,,,,,,,,,5,0,0,181,186,,,,,,,,
ERBB4,KMT2C,287.422237213665,390.553929649878,0.001,46285.7524471827,0.999145349065749,0.829157708912659,0.00042958310650576,3.26771684809752,0.206851554937589,15.7974004550435,284.405642526541,680.321750875422,2,4,3,177,186,103.067646166712,617.776591677026,121.244074455932,907.339807196327,,25632.9025118255,9621.15088833713,249974.353173214
ERBB4,KRAS,301.912387146291,11590.5507565654,0.001,53507.7618082877,0.952882112736395,0.865154889724806,0.745172021354874,1.11340294627583,0.553019737857881,2.01331502305613,284.405642526485,12046.8596040326,4,20,1,161,186,108.25329850832,649.031815141947,7221.53877146799,17446.5575306848,,3217.79370649034,2935.64871006982,283526.272684931
ERBB4,LAMA1,287.987982713286,122.595526248026,0.001,16610.549626073,0.986720872533632,0.40105548043642,0.000290784815122311,3.42981979451538,0.219414438365853,15.6316959816313,284.40564252643,213.698155932754,2,4,3,177,186,103.26896841829,618.995283977697,38.0585194845438,284.813254550194,,19953.847546063,3441.46953707895,88159.3241857449
ERBB4,LAMA2,288.160500057325,251.073952180098,0.001,23436.2582789129,0.968938914662979,0.314762879078017,0.00669207166840756,2.53281227918897,0.155062897520131,16.3340961615924,284.405642526924,416.001609883823,3,3,2,178,186,103.330285254927,619.391310614159,62.4361695651288,651.101029359864,,16665.6729808869,3532.63889467893,104964.104181437
ERBB4,LRP1B,297.440046485718,267.800083703526,0.001,4822.20363545267,0.941865459375016,0.519859059451826,0.0912819707955054,2.44472194934075,0.47343896545882,5.16375315025352,284.405642527147,304.030486266399,3,14,2,167,186,106.65160444639,639.390280476106,150.841895354479,433.682435948622,,4747.19237013291,730.660823648843,21216.0342175987
ERBB4,LRP2,288.516743240977,223.496570755257,0.001,29172.6443803854,0.978225423905041,0.337653055298371,0.000317488830624953,3.40035437212589,0.214403329899358,15.859615490683,284.405642526541,389.503246902326,2,4,3,177,186,103.457326520774,620.141246482801,69.3822141077453,519.238631771798,,17111.6235625013,6064.30808306816,155122.904612873
ERBB4,LRRIQ1,263.769174308045,228.527915114404,9315.33341215296,38802.3335371565,0.982859285568898,0.815019112938676,0.00168155388330912,2.5757126026827,0.0925604595251845,27.8273532337194,284.405642526628,496.300481104182,3,1,2,180,186,83.2287954770218,590.616101106556,13.5327229538289,933.847277217109,,254903.470428877,862.858011513171,191205.41724717
ERBB4,MACF1,163.686657976025,548.520973430916,0.001,0.001,0.96717660473279,0.991175668420926,0.95864314764729,1.59048360576838e-07,0.0389293313659686,4.08556620409554e-06,160.9692469223,546.029779640603,2,2,0,121,125,27.2165984196841,505.490211825724,91.2019583643317,1694.0139704677,,11424.543491971,,146716.115706539
ERBB4,MED12,288.500739436924,495.025082312134,0.001,68605.6791858188,0.978151526747903,0.296199667056599,0.000276307762903607,3.45659689566188,0.215144903637645,16.0663666078914,284.405642527401,862.99142776078,2,4,3,177,186,103.452535924613,620.112413608934,153.673988139433,1150.07551083372,,17144.3867732788,14120.8674142851,367026.878295762
ERBB4,NF1,292.232449404738,993.826873812749,0.001,15705.4291510493,0.941735526153887,0.585570623453427,0.311780075825391,1.36609581134074,0.240667557925837,5.67627736415439,284.405642525654,1126.30141113932,4,7,1,174,186,104.785785146873,628.163921710707,426.994782593684,1922.32529757603,,6471.17977528761,860.441336379739,83794.5208993592
ERBB4,NRAS,286.250228380886,2930.07761096499,0.001,0.001,0.96836963845346,0.97668456949011,0.945792698439758,1.01200154287205e-07,0.0514647973602592,1.96639566223866e-06,284.40564252587,2895.62915658581,5,2,0,179,186,102.647122193438,615.258482211422,487.20683377887,9047.85111056692,,21222.4172491952,,256134.759509374
ERBB4,PBRM1,286.280183413358,344.456258602709,0.001,45075.5457798328,0.99124020054315,0.570879869770934,0.00435401483013808,2.44174553230321,0.125014152342897,19.5317528979106,284.405642526628,684.57209939532,3,2,2,179,186,102.658640742537,615.322188100615,57.2745658187843,1063.63923931306,,39080.1565130621,6824.89368191211,199172.050190688
ERBB4,PEG3,285.906041642831,94.2447977719058,0.001,13581.7209984144,0.996190771509904,0.628965072262872,0.00366291900708217,2.57104212732654,0.126838538275846,20.2701967578268,284.405642526628,187.428292991361,3,2,2,179,186,102.524378266307,614.510019801242,15.6708590776954,291.018616970474,,48552.9671852707,2046.96822398867,60790.9623371317
ERBB4,PIK3CA,289.24445615146,931.160467276099,0.001,40018.9389819255,0.985615682141461,0.655762730779354,0.0231342178945528,2.40773026570778,0.237114768727352,10.1542821589335,284.405642527497,1233.51236682595,3,6,2,175,186,103.712309202796,621.662929708434,370.060278408654,1886.92824330002,,13319.4848579317,6066.88716920724,176203.839747069
ERBB4,PLEC,286.293875861532,53.8975608135758,0.001,5880.59351115703,0.978784777692968,0.452366816807709,0.0727004598888296,1.34916583822817,0.0616305436408395,21.8911883382146,284.405642527654,106.895190297316,4,1,1,180,186,102.661821071896,615.362764767646,3.07529789923979,237.320693135097,,49299.183909252,321.405012665036,31786.416263318
ERBB4,POLE,286.218267975036,132.341800328667,0.001,32821.7008902338,0.981796432029256,0.369121858772509,0.00205516991354473,2.34413665163464,0.0871706681687395,26.8913466063723,284.405642526536,394.372924241964,3,1,2,180,186,102.635087084135,615.195395309532,7.55121286868973,582.717705614578,,60549.3072742661,4975.74550473548,144601.131590531
ERBB4,PREX2,287.793545702234,277.343636596202,0.001,18518.8510149587,0.987049757482864,0.583116772309246,0.0114869689574304,2.47259357483101,0.181102192625181,13.6530294801479,284.405642526536,413.460400023233,3,4,2,177,186,103.199880376134,618.580010560614,86.098666147481,644.319375347843,,19043.7519576131,2798.13332557649,82343.9751441141
ERBB4,PTPRT,288.684126028551,145.656806703075,0.001,9358.73001579357,0.973236667227696,0.441694214564841,0.012123443095613,2.42628646969914,0.184839749258358,13.1264323795842,284.405642526536,217.078046563221,3,4,2,177,186,103.517649345415,620.512002160962,45.2174093012611,338.397091767432,,14781.6365132525,1417.6526626132,41265.1050452235
ERBB4,RASA1,287.932559221967,298.190072682768,0.001,30062.5739737103,0.970812206625618,0.293430576729627,0.00584115461798278,2.62002614113408,0.157490125406035,16.6361296264082,284.405642526628,494.31401121736,3,3,2,178,186,103.248961818357,618.8907897379,74.1542007369571,773.291416895407,,16897.1736580564,4508.72946931926,137468.825344628
ERBB4,ROBO2,287.265064326925,105.595092366202,0.001,15839.7992466938,0.972471965502691,0.263113173136167,0.00334898566400659,2.6144167126347,0.125591781858181,20.816781750791,284.405642527497,210.046271448717,3,2,2,179,186,103.009007277649,617.456415984251,17.5578909627989,326.079862151564,,24123.4555864158,2373.60703766749,72700.2167851647
ERBB4,ROS1,288.548267541025,478.616796568487,0.001,29677.6036139834,0.977038894927843,0.498375235417101,0.013031305053786,2.36768493844174,0.177958282894512,13.304718948346,284.405642526536,713.137975250182,3,4,2,177,186,103.469369455152,620.218581023765,148.581431195044,1111.93865683482,,15633.4137222558,4494.77045728069,131012.06715232
ERBB4,RYR1,166.697669296784,279.499248920356,0.001,0.001,0.932650110870212,0.975012627708535,0.909351765472128,4.93029497915243e-07,0.0975186352282766,5.05574649154117e-06,160.969246923608,278.027544666581,2,5,0,118,125,27.7163290414124,514.826876243071,100.207263677364,600.954060679493,,4826.36761777912,,26072.6365287746
ERBB4,SACS,295.796854388475,593.881901865752,0.001,25245.8049453135,0.948793277822178,0.336135362204868,0.00434661725735225,3.40908063807193,0.451064188079102,7.55786144892107,284.405642527001,739.177887651286,2,12,3,169,186,106.063811091271,635.843722836351,317.976927597269,996.240454606614,,5889.13633985679,5254.13850878279,133667.147782691
ERBB4,SF3B1,289.110639050707,1568.16509087052,0.001,81935.0072619922,0.976059417624608,0.507604461723713,0.0167094655799083,2.43403224733881,0.211797675134223,11.4922519607276,284.405642526536,2181.50410595226,3,5,2,176,186,103.671506563974,621.431762004942,562.320589006934,3370.66276754816,,13393.5387075848,12416.1737970104,360887.244077019
ERBB4,SMAD4,297.454743793824,2636.15042010993,0.001,0.001,0.800051443717908,0.821599755876818,0.657372235298104,8.63086087474208e-07,0.426044728593866,2.0258109760512e-06,284.405642527388,2601.01344479447,5,15,0,166,186,106.659652819677,639.424556706223,1516.71098831895,4205.16055970738,,2554.00026581136,,27248.8308341133
ERBB4,SPHKAP,288.639327994888,610.382419042624,0.001,27957.4577920013,0.990868061156016,0.781114568067967,0.0216937443894277,2.25519230192219,0.20729391860926,10.8792014597067,284.405642526628,848.404460451203,3,5,2,176,186,103.501485129992,620.402404512644,218.895087390397,1312.08266904951,,16396.169378315,4242.25987995076,122839.242381851
ERBB4,SPTA1,289.214320991721,308.804802733081,0.001,12056.5364111282,0.991295406305371,0.793152254691983,0.0277764814386735,2.30125607005807,0.240466961411704,9.56994697545202,284.405642526536,408.808891374702,3,6,2,175,186,103.708740837562,621.642722816483,122.731511102251,625.802400761419,,13936.2715970555,1830.07777349795,52960.5272029558
ERBB4,SYNE1,293.940609565395,371.383707928083,0.001,15593.1291819394,0.981283040013482,0.560432463794634,0.00464728736107719,3.37023632885953,0.451263263077007,7.46844825319716,284.405642524853,462.23463172262,2,12,3,169,186,105.40037573072,631.835148985965,198.848236716222,622.986471784279,,7813.77944534712,3246.27337498367,82369.2234871754
ERBB4,SYNE2,163.029536120925,651.870345300932,0.001,78857.6832233377,0.988223594429094,0.626492243693274,0.0627815682588459,1.17008915345034,0.056297131369625,20.7841700808518,160.969246922899,974.626174000802,1,2,1,121,125,27.1077113468987,503.443255223348,108.389208987443,2013.03010159099,,26532.9098202051,3876.34423380854,1264265.29999934
ERBB4,TENM1,288.389345896507,207.211581298309,0.001,29917.6766933945,0.978446097318753,0.280587094352438,0.000244353855935102,3.5025279811759,0.217165178430328,16.1284051453009,284.405642526837,361.294397587417,2,4,3,177,186,103.412687780199,619.871892610454,64.3262390149645,481.40500665013,,17610.1381394585,6164.33633052893,159308.606694086
ERBB4,TP53,319.138817134216,1283.66177540678,0.001,6618.18691740889,0.953491159857715,0.845339662921902,0.538337870047736,2.19869184439549,1.12226061517003,1.95916333040198,284.405642527122,1339.34191420486,3,38,2,143,186,114.418316413812,686.187188032223,916.9210721067,1737.70706073595,,2098.89690817516,1009.61534853839,28481.9142048224
ERBB4,TTN,163.077780328698,437.703903226188,0.001,0.001,0.974394352827467,0.990666597376048,0.965300955726894,1.74566659127663e-07,0.040390927630904,4.32192745665239e-06,160.969246923015,435.615072820712,2,2,0,121,125,27.115575381135,503.600002618774,72.7775232270663,1351.72731994547,,15967.443948433,,110228.406500024
ERBB4,XIRP2,288.975210598999,188.550626678881,0.001,27895.6842552115,0.962871619019841,0.267947079993312,0.000275690175260938,3.19621058815833,0.170020796328274,18.798939054415,284.405642527309,375.215368910406,2,3,3,178,186,103.620842986784,621.155177212542,46.8891701065279,488.957823610799,,14919.3569853182,5792.51742828961,151814.996431827
ERBB4,ZFHX3,164.485482676525,312.14394128298,0.001,0.001,0.957837288747454,0.986551714197819,0.944957968093608,2.73989393927317e-07,0.0569469523643189,4.81130916672179e-06,160.969246923841,310.699805727506,2,3,0,120,125,27.3491175174882,507.968652264971,77.6209487847759,809.538832457289,,8332.0932615857,,54564.0653011945
ERBB4,ZNF521,287.23065842741,293.134255980586,0.001,20571.8629011814,0.994455025974999,0.687201785187534,0.0105551272533786,2.53624800954474,0.185284957065382,13.6883643967372,284.405642526536,437.194808268595,3,4,2,177,186,103.008067868887,617.419520247004,91.0116041385936,681.068164590655,,23008.1733697137,3104.08236571645,91903.2614589136
ERBB4,ZNF536,164.202278938994,205.795337882003,0.001,16690.924091179,0.981169858333303,0.535448740630374,0.0831873036824377,1.33041244817014,0.0937001243057402,14.1986198847405,160.969246922936,256.618557388352,1,4,1,119,125,27.3025847273955,507.070841542429,63.8858312275963,478.125320393589,,13109.2085986248,820.629059392071,266303.50073672
FAT2,FBN2,690.218990884991,192.634041323823,0.001,4654.92607924304,0.988965490482208,1,0.072202912199499,2.04642306669436,0.31213704715955,6.55616846932088,681.924457879296,283.485337804814,6,4,2,174,186,315.385050508767,1285.02079991559,59.7984916382113,447.570390527503,,27790.4888251173,719.934660700825,17895.6953693072
FAT2,FBXW7,684.300000660459,268.684507933723,0.001,26721.8739594556,0.985670078796617,0.838443048507074,0.0113753012567137,2.03811704333586,0.149758616309746,13.6093474523057,681.92445787674,791.304900196252,6,1,2,177,186,312.687717078819,1273.95535130117,15.3305637651055,1183.10249821671,,135699.438699366,4168.99828673824,100444.935388111
FAT2,FGFR2,,,,,,,,,,,,,8,0,0,178,186,,,,,,,,
FAT2,GLI3,689.870545551096,105.586985373708,0.001,1552.3341149042,0.977384886294726,0.838414331082919,0.365269272733677,1.04956974688468,0.20269761803897,5.17800730486578,681.924457880108,137.755155239051,7,3,1,175,186,315.226460871514,1284.38747528417,26.256663392192,273.827660962372,,26200.192801581,86.0949727902414,7718.84868541859
FAT2,GNAS,712.33772501404,1794.46948937133,0.001,8303.36528495233,0.888252534162727,0.752003407380483,0.702806348671002,1.03372803759251,0.505616911911526,2.04448864988399,681.924457877039,1947.74647116957,7,9,1,169,186,325.463276877886,1326.57225719744,862.04847860777,3236.32071005566,,6246.63875147467,461.488182718277,41038.3188375794
FAT2,HMCN1,526.201797143653,464.993133187691,5807.57505088312,0.001,0.920219803116542,0.974288126684955,0.221526481721805,2.06556603557008,0.547558580387304,3.77231972898507,681.924457879296,455.945564715654,6,9,2,169,186,209.115629741915,1066.52335778081,241.395719905509,796.648978533696,927.56380997327,20244.2941042293,,8528.25876528374
FAT2,HYDIN,249.523496348079,551.964046615343,0.001,0.001,0.930222630427532,0.911852854157724,0.848259432360537,3.84943356948088e-07,0.123311584831603,3.12171283398696e-06,240.569688969098,543.342517181325,2,6,0,117,125,41.4862428474591,770.692101070026,219.317216066123,1119.05583253537,,6912.93422190714,,15475.8147568854
FAT2,IDH2,,,,,,,,,,,,,8,0,0,178,186,,,,,,,,
FAT2,KMT2C,517.173677215072,693.149284881711,13704.1571610792,0.001,0.563832614884936,0.965562463034537,0.0512315417174795,2.42258568995552,0.327199947561442,7.40399168157141,681.924457880001,680.321750876606,6,5,2,173,186,205.540257513778,1048.11694816335,297.81042995546,1340.70486583306,2151.86833282826,51097.2946236911,,19316.9470543213
FAT2,KRAS,727.394036676664,11702.9909818422,0.001,28698.8766884637,0.923853964020807,0.909507956322658,0.909441099487696,1.06690441163508,0.902832019472742,1.1817308077511,681.924457879634,12046.8596039226,7,20,1,158,186,332.325145458156,1354.53493522004,7291.30071856111,17616.776464223,,4480.79206867126,1602.75501996107,138292.017371364
FAT2,LAMA1,519.074727865347,217.879778344559,10615.6886537511,0.001,0.862530645174483,0.980556837741555,0.0831467940044007,2.13819144782823,0.353188260155785,6.05397089610259,681.924457880001,213.698155932733,6,5,2,173,186,206.288649895439,1051.97444849588,93.6119742643541,421.443336334361,1662.7943669458,39946.3084214861,,6443.23808303462
FAT2,LAMA2,662.04031364731,193.110398676064,3810.33500724542,13943.3294541065,0.990829260104388,0.596328035152263,0.00131472835780766,3.18890812334942,0.253457053630976,12.5816507280652,681.924457876117,416.001609884709,5,2,3,176,186,290.003533056885,1253.48303412071,32.3076219205904,588.878647074231,,74530.5363635951,2431.18944559597,47947.9275605543
FAT2,LRP1B,714.362666742883,271.251600125155,0.001,1851.28419715616,0.964900589156823,0.899761058464206,0.397628845997071,1.99670873266746,0.7507052759838,2.65977714097023,681.924457881334,304.030486266687,6,14,2,164,186,326.384413691854,1330.18751075185,152.775693010697,439.309861441989,,7431.7438002035,292.24302527682,6740.72333860431
FAT2,LRP2,692.018395717237,283.500094622659,0.001,5567.73002550575,0.993215810819846,1,0.0944055447726624,2.00663919191112,0.339397750906801,5.91235264980333,681.924457879088,389.503246901075,6,5,2,173,186,316.229137787631,1288.49269880625,101.65077018613,609.384655041455,,23993.5101674177,873.905119138458,20565.7791354837
FAT2,LRRIQ1,512.531102844905,506.443414821017,55257.1751000117,0.001,0.47663213365335,0.983122279813486,0.00562221242608651,2.1881605484946,0.149243558070831,14.6616750282522,681.924457879296,496.300481101953,6,1,2,177,186,203.697929500483,1038.68427009108,125.942214086537,1313.36707887855,7140.38335931933,807643.691543248,,32263.7641758487
FAT2,MACF1,244.955399061465,553.986236123284,0.001,0.001,0.964794687183378,0.971822893524787,0.937616057646811,1.26725261487834e-07,0.0413135853525842,3.06739926845655e-06,240.569688969194,546.029779640502,2,2,0,121,125,40.7277419671557,756.536282138112,92.1070829328119,1711.05925370179,,15902.9024669973,,50785.4060101792
FAT2,MED12,431.616658195055,875.814378465685,17536.8792814003,0.001,1,0.984191138035571,0.00629413843366198,2.97625345609787,0.34588874961808,8.60465528116819,681.924457878774,862.991427758551,5,4,3,174,186,154.766421285294,927.800550206085,376.288370340242,1694.06561029708,3866.01018766102,64426.3911596448,,33987.405620071
FAT2,NF1,700.240850941795,1006.86521388941,0.001,6484.75518495982,0.953468311913443,0.836933899596886,0.625253086701051,1.04547296817261,0.385850708375482,2.70952714477131,681.924457881334,1126.30141112761,7,7,1,171,186,319.946143994198,1303.80090912508,432.574245320819,1947.68009097296,,10839.7061660802,359.79425098318,32194.4696557128
FAT2,NRAS,605.690718671507,2827.90615264191,20992.4072060621,6425.28329898002,1,0.999859246078834,0.168715423336699,0.911659215889978,0.0844310584260874,10.7976760315999,681.924457874127,2895.62915658581,7,1,1,177,186,260.306168014534,1171.00685332705,381.415474866911,8987.03633977865,,391935.858018359,,281694.328781808
FAT2,PBRM1,514.557829694435,698.198691009423,23223.0598995921,0.001,0.871222186457385,0.985880010133421,0.0238496096226908,2.01385364220026,0.200061865108094,10.0661544923225,681.92445787795,684.572099402683,6,2,2,176,186,204.502082808546,1042.81350828431,216.745663735508,1622.14440174346,3330.07673907987,141112.552551194,,35216.7103061315
FAT2,PEG3,514.085249061756,191.2443559572,26734.8860400918,0.001,0.652738210260117,0.980589970167158,0.0176129613432233,2.18335256522726,0.202387542013133,10.7879790599245,681.92445787795,187.428292991238,6,2,2,176,186,204.314491596179,1041.84379221807,59.3687848056167,444.318657982401,3886.38538409264,155117.776163821,,9358.15183413123
FAT2,PIK3CA,432.065831322255,1253.02071877454,16370.5518858144,0.001,0.730865457365001,0.976327626989148,0.00659565429022659,3.1127210556184,0.372026386982532,8.366936229619,681.924457878774,1233.51236680686,5,5,3,173,186,154.927797232022,928.753457302951,572.558003694573,2332.76597534484,3751.31512713825,53881.7210687605,,41315.8322912845
FAT2,PLEC,686.097016489422,54.5989758888955,0.001,2448.3977511316,0.972707313151425,0.640041300374211,0.165435557101775,1.03850832384712,0.0988515739370028,10.5057338238129,681.924457879088,106.895190297062,7,1,1,177,186,313.503205806646,1277.34083597437,3.11528356011917,240.416400212887,,84716.173280741,136.219515700433,12003.088697138
FAT2,POLE,685.815636622415,133.77023781554,0.001,14032.5283216788,0.971301912862472,0.538681371136745,0.00978876013653024,2.04347610236227,0.138541676358703,14.7499016618756,681.92445787674,394.372924241964,6,1,2,177,186,313.377155991778,1276.81765362694,7.63251376822299,589.009391354204,,92002.1713316829,2220.96879296738,50653.3626889699
FAT2,PREX2,517.536117391676,421.451163250663,12957.5125383373,0.001,0.883676429179998,0.984400442121002,0.0604020608263557,2.05746718601761,0.292055475253518,7.04478210597362,681.924457880001,413.460400023233,6,4,2,174,186,205.683625641512,1048.87361960343,167.499497042843,854.132484011456,1995.93161702526,52290.6899584209,,14682.1555418893
FAT2,PTPRT,692.199262406126,147.438910059119,0.001,3645.08395467297,0.968358886609765,0.744871753726959,0.0655073197697427,2.02509666802942,0.292877946192717,6.91447305730862,681.92445787674,217.078046563685,6,4,2,174,186,316.283966628783,1288.74734892892,45.7693392759531,342.555573875669,,22291.2905253814,573.101106182552,13422.3208642144
FAT2,RASA1,689.809667448294,302.137106972581,0.001,10031.7069885585,0.968267351290103,0.706459214724981,0.0443772133269206,2.07539559354746,0.254667670455716,8.14942701534763,681.924457876065,494.314011217809,6,3,2,175,186,315.195711109843,1284.26701277003,75.1327327432363,783.571833061122,,27455.0780731579,1553.57725688994,38445.3402783208
FAT2,ROBO2,652.506854385901,73.1209708860035,10083.691305127,8846.52816280308,0.96930779954887,0.566762979507668,0.000406341449141186,3.27175490646716,0.205700432189595,15.9054352567017,681.924457873519,210.046271448412,5,1,3,177,186,282.379662419808,1241.69391104684,4.27275287437152,304.255780569082,,298316.378921797,1379.41304222834,31034.7215224463
FAT2,ROS1,691.088301636933,484.550654163963,0.001,11706.3041259484,0.983902321345373,0.931005661271924,0.068879072307536,1.97335009069187,0.286538396335435,6.88686094404528,681.924457880001,713.137975252937,6,4,2,174,186,315.778986916758,1286.66207230647,150.419390540377,1125.78161350089,,26816.8698886612,1846.45026241679,42714.202455695
FAT2,RYR1,250.02242346083,281.576642563951,0.001,0.001,0.926329113001957,0.93994277913292,0.870721102350757,4.04734964189191e-07,0.100415444624331,4.0306047112908e-06,240.569688969194,278.027544666579,2,5,0,118,125,41.5688119597644,772.267850029029,100.948707438344,605.477218991566,,6579.59265164005,,11126.0543194975
FAT2,SACS,550.580951033487,690.847253257092,3798.5733507294,3354.64188863475,1,1,0.0782724916151012,2.91236639165657,0.723220382342808,4.02694180468507,681.924457882642,739.177887648167,5,12,3,166,186,204.799718435546,1138.0633793683,378.917904331209,1133.66807447054,,14774.5811549439,,19949.7798118921
FAT2,SF3B1,519.776742615545,2222.46656064713,9806.7622373674,0.001,1,0.99170042691313,0.0985407361394991,1.92395201573534,0.333877206419294,5.76245391642333,681.92445787674,2181.50410592497,6,5,2,173,186,206.558428573017,1053.3812658553,954.931660582129,4299.08492257335,1523.44136967445,37819.575788931,,69124.971648889
FAT2,SMAD4,713.511346759395,2663.6975721668,0.001,0.001,0.699523930027606,0.705321826756983,0.493521911670858,6.4948934663106e-07,0.666087047202608,9.75081784518624e-07,681.924457879844,2601.01344485104,8,15,0,163,186,325.996652677657,1328.52143857387,1532.4989924812,4249.33406333239,,3817.93612815197,,14987.318302786
FAT2,SPHKAP,518.108351305153,865.287366940951,11972.7001319487,0.001,0.671320243544127,0.968440297546475,0.0676081637330702,2.22825415754362,0.331586754071047,6.71997337102973,681.924457879296,848.404460458935,6,5,2,173,186,205.909756125214,1050.03356626315,371.769156377231,1673.65842010988,1855.18413119269,46577.7104883965,,23231.3123686958
FAT2,SPTA1,519.685994283972,416.698681050002,9885.98427193362,0.001,0.743666962903705,0.971476884443216,0.0923571865127434,2.22354259897023,0.383760532285205,5.79408879211615,681.92445787674,408.808891375618,6,6,2,172,186,206.536439178809,1053.24380934754,190.404355649696,775.774731228623,1556.50794048481,36344.5440757787,,10402.1873882861
FAT2,SYNE1,530.479545137847,471.671589891866,4590.78841931973,0.001,0.776251759433878,0.947322283994966,0.301060431803133,2.24165942202828,0.721155409748068,3.10842765890281,681.924457879238,462.23463172353,6,13,2,165,186,210.820691477236,1075.22950490252,271.362778206018,752.458818912144,744.197782514904,15231.811144712,,6085.22248202951
FAT2,SYNE2,244.164202650995,987.446756175702,0.001,0.001,0.933139319401297,0.961902093832756,0.93407223722112,1.50566307827865e-07,0.0567827358186191,2.65162123059408e-06,240.569688969098,974.626174001204,2,3,0,120,125,40.5968494503837,754.06091577417,245.546728454668,2560.97587021369,,19049.0640640618,,62226.8746731111
FAT2,TENM1,692.44564808434,263.025115852614,0.001,5101.40746893445,0.989078078880122,1,0.0971838969180794,2.04048095224398,0.353518783197796,5.77191665400793,681.924457879296,361.294397587351,6,5,2,173,186,316.398590599804,1289.18699703586,94.3121808732952,565.405733318594,,22496.6653235538,796.445069016547,19150.7660586899
FAT2,TP53,573.950306022006,1368.52041454889,1556.08044594382,0.001,0.908209585393738,0.928470053552593,0.897206882081412,2.12427715011458,1.8025102977861,1.178510410023,681.924457878889,1339.34191420557,6,38,2,140,186,228.050558249774,1163.65435165504,986.209010096258,1839.44544021675,256.80599857792,4900.26240308883,,6431.46432791592
FAT2,TTN,170.975365846326,346.869467349539,14302.6932644287,18968.3146192295,0.745962432037372,0.843254346261771,0.0520914665414293,1.12608154756485,0.0427847646261652,26.3196854628993,240.569688969098,435.615072818194,1,1,1,122,125,10.8910080907058,661.225659185994,25.5470446440762,1250.69754292137,,294760.261812858,,460788.099337589
FAT2,XIRP2,690.237127775169,190.314232566998,0.001,11166.9945115022,0.987320688762166,0.51655919787622,0.00275827491818957,3.01762385288928,0.272400938556838,11.0778761221472,681.924457873519,375.215368909287,5,3,3,175,186,315.39681282806,1285.03351493405,47.3275099301146,493.542181722425,,36889.3482700407,2572.35704979905,36042.2082056713
FAT2,ZFHX3,245.599811827732,314.760404388608,0.001,0.001,0.959794538623741,0.962301758322142,0.923620622719907,2.24258230749341e-07,0.0592366919080806,3.78579936734701e-06,240.56968896893,310.699805729271,2,3,0,120,125,40.8347364614011,758.533927143344,78.2685465876163,816.385607197392,,13297.6258148938,,20501.9684567376
FAT2,ZNF521,516.34398444031,445.968963902813,15754.0850312239,0.001,0.598125358578248,0.969472522920999,0.0408494698259556,2.37809845663505,0.296825593769155,8.01177023327889,681.924457880001,437.194808266503,6,4,2,174,186,205.210987526992,1046.43242495862,177.242405825859,903.800247372942,2444.86939251655,61943.5642517563,,14513.6653770235
FAT2,ZNF536,122.539353135636,258.67479831261,6243.63590556073,0.001,0.728833034195576,0.978634468224181,0.151014927123673,1.04357910415296,0.0953793385505315,10.9413539663003,240.569688969098,256.618557388459,1,4,1,119,125,6.99169756028506,539.61513837061,92.7519990350966,556.06066440659,340.302671278271,34345.2971785952,,41907.1692688495
FBN2,FBXW7,189.605690381346,799.67644162467,21693.6098491753,0.001,1,0.994942344584305,0.00752675033468059,1.9030329374141,0.118435162925458,16.0681413391718,283.48533780464,791.304900196252,4,1,2,179,186,58.8607938399058,440.500369449951,198.866273895613,2073.76451881376,2483.55925726906,386434.935449952,,91839.0785355484
FBN2,FGFR2,,,,,,,,,,,,,6,0,0,180,186,,,,,,,,
FBN2,GLI3,287.199686481629,104.874350725435,0.001,2214.895565854,0.972240055551254,0.736192456010604,0.268473971709315,1.12303438199455,0.160302518171993,7.0057189044879,283.485337804897,137.755155239051,5,3,1,177,186,114.140605375649,582.055158674025,26.0798927855351,271.973415148,,12701.8523371985,121.695545070576,11598.830915827
FBN2,GNAS,296.112190011752,1576.648902581,0.001,28423.7887198017,0.910532283477561,0.373918439455096,0.0930949564835658,2.18224790938463,0.398129170064979,5.48125601806183,283.485337804207,1947.74647112469,4,8,2,172,186,117.669877759104,600.238898818363,720.358739537693,2935.73986723778,,3897.135527975,4350.6606162235,116107.397788127
FBN2,HMCN1,145.414234885914,460.055781638207,5258.10530664378,0.000999999999976353,0.939997314146493,0.96387285932954,0.0106145900854447,3.04191948575925,0.421272193001347,7.22079343544406,283.485337805666,455.94556471455,3,8,3,172,186,36.1599357331057,377.137746796712,238.843936256636,788.135206445805,1207.93484434603,16805.5946383699,,16023.0272911969
FBN2,HYDIN,207.583760447676,552.564730270374,0.001,0.001,0.885654685276513,0.906422537319288,0.802826948344616,7.11887610646902e-07,0.198388688077191,3.58834779112968e-06,199.26937929544,543.342517181495,3,6,0,116,125,51.6150710247908,538.47438424442,219.561655805064,1120.22291343334,,3422.3778766081,,12730.8703442729
FBN2,IDH2,,,,,,,,,,,,,6,0,0,180,186,,,,,,,,
FBN2,KMT2C,190.936977520169,687.977096443088,8188.54933707497,0.001,0.58518487050465,0.981170968980771,0.0243737482100366,2.51004335970921,0.252571295670099,9.93795970777198,283.485337805401,680.32175087073,4,5,2,175,186,59.2737800074723,443.596885383458,295.594042995185,1330.65538243821,1282.3676448532,30851.5905551097,,32772.4202996124
FBN2,KRAS,201.714484020228,12183.2175712874,1564.68058491228,949.843205103534,1,1,0.392601437380919,1.8101267011444,0.671169388018928,2.69697446495183,283.48533780499,12046.8596039093,4,19,2,161,186,62.6137178703063,468.701155026282,7679.61760400465,18177.1523082656,242.730159861131,5091.44775197938,,199576.390656299
FBN2,LAMA1,191.810845437613,216.465801624181,5878.51803651892,0.001,0.893996219995899,0.985475067334641,0.0461062049052649,2.15525038723016,0.278750657587907,7.73182171435945,283.485337804813,213.698155932561,4,5,2,175,186,59.5442482110022,445.639636513472,93.0036801795851,418.683524596771,916.501663753281,22414.4224362359,,9896.61152186675
FBN2,LAMA2,287.385230290331,252.72817796011,0.001,12095.8134682336,0.964155898363809,0.590332071571448,0.0233202447216471,2.11106363928171,0.199490125477689,10.5822964130514,283.485337805554,416.001609883243,4,3,2,177,186,114.212983012166,582.445732153793,62.8493054405264,655.440644316334,,13548.2559556264,1842.14435084972,50686.5461507158
FBN2,LRP1B,297.350232008421,269.426383363342,0.001,2707.84968417629,0.958182741689863,0.831747728731873,0.236268038705081,2.05547182356187,0.583477026351943,3.52279820923411,283.485337804814,304.030486266687,4,14,2,166,186,118.159463393248,602.692447254918,151.769605894915,436.387500294933,,3929.23308478837,416.479864559546,11002.9400336498
FBN2,LRP2,191.774499930424,394.173532453599,5945.90350705412,0.001,0.945943100211391,0.986440429778874,0.0475939204803677,2.1025431604557,0.267734377541912,7.85309372580127,283.485337805401,389.503246902207,4,5,2,175,186,59.532515555675,445.562341898815,169.355842884351,762.419316700365,905.166705949698,24248.432126471,,18236.2843605361
FBN2,LRRIQ1,189.344954724922,503.162848763678,33989.3440027547,0.001,0.399622599816167,0.986763805056095,0.00241740696815367,2.21576584971356,0.117581459001339,18.8445173969845,283.485337804951,496.300481100168,4,1,2,179,186,58.7801476546966,439.890820195109,125.127680824952,1304.81621804711,4362.99301281728,491120.091652455,,46866.6528067867
FBN2,MACF1,203.532140190694,555.127114451223,0.001,0.001,0.939003778356253,0.967997472232124,0.908964267656976,2.26557788222817e-07,0.0642327651590895,3.52713739882888e-06,199.269379295392,546.029779639656,3,2,0,120,125,50.6096812889453,527.919995219779,92.2974451772355,1714.54469012709,,7482.31909302664,,38363.8374535481
FBN2,MED12,192.072090092247,873.773029508032,5394.16885818453,0.001,1,0.988338905703939,0.0558098298342323,2.0009462937117,0.274151095420341,7.29869888224871,283.485337805401,862.991427752786,4,5,2,175,186,59.6302691191279,446.298205313035,375.446053101504,1690.26876053942,829.743978238107,21327.691307025,,39225.0230679207
FBN2,NF1,291.728563845711,1000.06256485723,0.001,9330.74357344819,0.946139554534826,0.745977236523746,0.479955173827457,1.11590032419542,0.301224551394319,3.70454638916417,283.485337804837,1126.30141113038,5,7,1,173,186,115.93486894539,591.294863016039,429.658777343205,1934.43991439955,,5434.05914993664,512.836160839365,48774.3967379432
FBN2,NRAS,285.166107572109,2941.96372921512,0.001,0.001,0.96545237678745,0.968820972325683,0.935352220481601,1.24394956302798e-07,0.0627276028498862,1.98309756233613e-06,283.485337805646,2895.6291565721,6,2,0,178,186,113.335502091905,577.907162005159,489.181173924717,9084.62656871906,,19726.5288474455,,187544.253424631
FBN2,PBRM1,190.150330574581,693.046098992425,12813.8737435145,0.001,1,0.992560932864917,0.0130519039319949,1.99538110865888,0.158774673461463,12.5673765541908,283.485337805401,684.572099396016,4,2,2,178,186,59.0296466038646,441.769513922304,215.148894557968,1610.10389614226,1818.97812862842,79736.2686402631,,56950.5509299269
FBN2,PEG3,189.926794742683,189.984956461192,15385.2313730113,0.001,0.625538841512,0.985208064083708,0.00863524045850998,2.20593153913284,0.160771658174336,13.7208980997185,283.485337804951,187.42829299124,4,2,2,178,186,58.9605316347813,441.246037278737,58.9787618791739,441.378807019443,2235.50010846324,89441.546860934,,14069.8561149649
FBN2,PIK3CA,192.052614395009,1246.90203416394,5448.40272603643,0.001,0.976977215420713,0.994866908376403,0.0520588573404364,2.15961089002,0.290317851845256,7.43878089581315,283.485337805401,1233.51236681546,4,6,2,174,186,59.6193960778394,446.200308751764,569.771252451798,2321.31233877754,860.326790978675,19844.6797299852,,58822.3993043681
FBN2,PLEC,285.642180906569,54.2786598724019,0.001,3330.88110073663,0.970399768947955,0.553441673660814,0.124598748476132,1.065779727686,0.0778088764077894,13.6974054489663,283.485337805152,106.895190297117,5,1,1,179,186,113.521995223065,578.897194676616,3.09700553099126,239.002901468964,,37313.5528646638,183.030695840546,17431.3053551249
FBN2,POLE,285.388614509304,132.900962634895,0.001,21426.1882500622,0.970734388255637,0.423764674328558,0.00454813912003849,2.159862730383,0.106963116952445,20.1925934090278,283.48533780464,394.37292424158,4,1,2,179,186,113.421821990383,578.376067321682,7.5831044155301,585.187044513608,,41333.7057130641,3299.79685266988,86829.0633438196
FBN2,PREX2,191.30463413187,418.46303353762,7006.26188752466,0.001,1,0.993859313357094,0.0347651089787111,2.00961671809163,0.227339742773758,8.8397070110682,283.48533780464,413.46040002315,4,4,2,176,186,59.3878824682444,444.464572157847,166.3103585621,848.019313958957,1074.6179350224,28639.3825281177,,23803.8777042751
FBN2,PTPRT,287.117778442233,109.560457338109,0.001,9878.37054706477,0.955451966025399,0.561305311623805,0.0010998349532036,3.11464921483792,0.235645487877177,13.2175211284391,283.485337804975,217.078046563432,3,3,3,177,186,114.107354485479,581.893958804029,27.2460134850375,284.133715382927,,12543.4208446802,2081.60746307654,44229.806435292
FBN2,RASA1,287.150607061845,300.251313909641,0.001,14618.7091949476,0.966759643911198,0.605674820719549,0.0231509112322412,2.15219853178493,0.204683196470468,10.5147787844688,283.485337805165,494.314011217684,4,3,2,177,186,114.120846138002,581.957714072218,74.6652916336886,778.663141853532,,13483.3784549134,2204.22684223918,63194.0150458533
FBN2,ROBO2,286.335844216291,106.337518818357,0.001,7663.77761875355,0.967474734903926,0.580886537402332,0.0134754770219153,2.10231136387153,0.160039364461889,13.1362141491893,283.485337804814,210.046271448547,4,2,2,178,186,113.795670254959,580.304314876029,17.6811562807815,328.383635989139,,20745.5453022161,1159.16356668325,32780.4288842816
FBN2,ROS1,191.48530867376,721.545580698392,6554.61965988003,0.001,1,0.994941689370916,0.0422802869378003,1.87501458432954,0.220193954781351,8.5152863810062,283.485337805401,713.137975250182,4,4,2,176,186,59.442503972307,444.890022572187,286.767775283947,1462.27364568171,973.422779061949,29816.2117070103,,39693.0981056302
FBN2,RYR1,206.49340299385,224.407044741075,0.001,5043.15809018662,0.969455504074846,0.595833526714349,0.256991531947392,1.06538138821528,0.157178032914113,6.7781824753936,199.269379296263,278.027544666483,2,4,1,118,125,51.3449558343571,535.623918671376,69.6544630915103,521.496375931172,,6318.53835602342,260.214976280177,38337.2595913695
FBN2,SACS,294.687685167831,596.212697302806,0.001,14060.7828601912,0.992328286686337,0.678493493122485,0.0195335625082627,3.20338930286096,0.566080798732249,5.65889058599943,283.485337805078,739.17788764652,3,12,3,168,186,117.110445436328,597.258151250922,319.232283105113,1000.18934059983,,5608.84567410393,3051.04171516498,56723.2602305587
FBN2,SF3B1,194.990291647122,2185.99326764341,5349.74133875507,1626.46118502131,1,1,0.0543363515433705,1.95554127868222,0.26108494855564,7.4900575061893,283.48533780464,2181.50410595226,4,5,2,175,186,60.5406437982953,452.900143800319,928.346598109374,4246.23969929079,700.580118160732,21649.4818796518,,122399.078774819
FBN2,SMAD4,296.728740870665,2644.67495957929,0.001,0.001,0.76236105116969,0.783627892593157,0.597493586284443,1.04184681589542e-06,0.510307028973102,2.04160781009022e-06,283.485337804864,2601.01344487268,6,15,0,165,186,117.921165418929,601.424275905976,1521.60053278102,4218.84474565031,,2094.36906834579,,21748.0928931109
FBN2,SPHKAP,191.36666227327,858.64812322021,6856.50486320151,0.001,0.743043209901617,0.982496669948882,0.0363668698579588,2.26000012528772,0.256960073669855,8.79514117898094,283.485337805401,848.404460457073,4,5,2,175,186,59.4059112121984,444.603486953912,368.921186492329,1660.73714488852,1043.00003947571,28116.9925513265,,37910.1468429255
FBN2,SPTA1,191.823667169069,413.79796117263,5855.42196210724,0.001,0.721148904541193,0.979177570955555,0.0459258812546595,2.31328946736257,0.295636019793894,7.82478897184215,283.48533780464,408.808891374702,4,6,2,174,186,59.5480678929701,445.667774856652,189.084739840699,770.35760010956,914.182974718048,22145.8665287947,,16246.4740638561
FBN2,SYNE1,146.449382591056,466.988920296806,4191.69273707571,0.001,0.639153997741738,0.947663423132759,0.0172337906416962,3.45845028264518,0.56721422213791,6.09725593552608,283.48533780471,462.234631722154,3,12,3,168,186,36.4174398747389,379.819755668229,268.681844098343,744.94465275903,996.602438334997,12145.8404516024,,11690.6306112475
FBN2,SYNE2,202.487794335279,988.692524205957,0.001,0.001,0.912939817320305,0.95837522346238,0.913852540401781,2.80108666870713e-07,0.0901627529453243,3.1067004691014e-06,199.26937929544,974.626174004042,3,3,0,119,125,50.3516465302139,525.174579896351,245.858589057904,2564.16635831989,,10018.5136366019,,51380.9819765605
FBN2,TENM1,191.961863320901,365.623456589213,5606.65664486799,0.000999999999976353,1,0.9896311709187,0.0524363625751267,2.0724393605916,0.277338139286369,7.47260858504453,283.48533780464,361.294397587351,4,5,2,175,186,59.5901470141025,445.995847546158,157.088259987355,707.202751678564,859.530377855964,22360.9690300415,,17240.6543517482
FBN2,TP53,181.581300470457,1336.95673100188,1159.45651931862,1587.18332225733,0.917790800353833,0.999836332143183,0.268372530656146,3.27530487388554,1.37108536706485,2.38884095225752,283.485337805278,1339.34191421682,3,37,3,143,186,45.5657761454765,463.914458727675,959.693688020196,1801.77565037841,140.22854960482,3402.90168412802,,18720.0346406978
FBN2,TTN,202.190348857522,442.688004639539,0.001,0.001,0.957728229041927,0.968691014591627,0.927750626381714,2.49818565269485e-07,0.0664322566023738,3.76050096814803e-06,199.26937929544,435.615072819896,3,2,0,120,125,50.2772307288065,524.412602864297,73.6041098461512,1367.21788893877,,12594.8352639174,,31389.4531049132
FBN2,XIRP2,289.135724431453,252.9709345082,0.001,9949.65702717234,0.945478471168081,0.424707052723565,0.0282370721532475,2.11501947012937,0.207612572031458,10.1873381242486,283.485337805109,375.215368908793,4,4,2,176,186,114.904768364962,586.024491961921,78.5314268709888,587.718698146704,,9040.21547550756,1543.49301820569,39255.20640832
FBN2,ZFHX3,204.080686253297,315.438119035464,0.001,0.001,0.931567110804808,0.956348425640351,0.890917747734338,3.92839219287046e-07,0.0924270189762729,4.25026386913866e-06,199.269379295167,310.699805727763,3,3,0,119,125,50.7455382855306,529.355811827202,78.437726843049,818.139975797291,,6468.57597023808,,15799.8077398274
FBN2,ZNF521,190.628259835067,442.983847957567,9305.64161417436,0.001,0.57350297187053,0.978871070421772,0.0195363074851738,2.4742157168783,0.234376015572701,10.5566079824018,283.485337804922,437.194808267751,4,4,2,176,186,59.1926650321986,442.988169439625,176.011132667172,897.467132726613,1442.3658513277,36762.9915452055,,22519.6478713015
FBN2,ZNF536,203.994528233911,260.330319348257,0.001,0.001,0.932744864721811,0.931600059284457,0.868962401918403,6.88548729798136e-07,0.149213714429244,4.61451370225515e-06,199.269379295572,256.618557388459,3,5,0,117,125,50.7262300847627,529.084436762285,93.3450932546559,559.62550641785,,6062.65755249846,,8114.86211759283
FBXW7,FGFR2,,,,,,,,,,,,,3,0,0,183,186,,,,,,,,
FBXW7,GLI3,799.867890102093,104.014737598993,0.001,4633.83954737485,0.99382693920007,0.931651418806367,0.14540944541837,0.963100068950387,0.076786581327147,12.542556945557,791.304900177956,137.755155239051,2,3,1,180,186,198.911813292227,2074.26866809374,25.8664223185215,269.737770605528,,88494.6455668078,242.390487437439,34676.9687732026
FBXW7,GNAS,826.939248456856,1766.26849212778,0.001,23830.1319100233,0.958054121341681,0.757288682046854,0.372993179447372,0.922212086564456,0.190160868062934,4.84964175836243,791.304900168162,1947.74647115592,2,9,1,174,186,205.628529406456,2144.84250669786,848.532048951222,3185.14166121909,,19329.5063446661,1246.6756903504,178327.004943539
FBXW7,HMCN1,271.34724488506,457.752104237219,17959.9030771841,0.001,0.746481587109815,0.973011422303941,0.0232504726602945,2.01763827036429,0.204104782593045,9.88530618798464,791.304900193051,455.945564715039,1,9,2,174,186,15.4823511637098,1194.86748611535,237.651097134674,784.170511262045,2852.03549468518,63751.7456854167,,55765.6981276135
FBXW7,HYDIN,386.280585410257,547.935794396544,0.001,0.001,0.964592256966352,0.951700182814218,0.918011062840536,1.46574226886874e-07,0.0624691811805138,2.34634461532842e-06,372.542639923574,543.342517181346,1,6,0,118,125,22.039665881126,1701.0989780191,217.730496683974,1110.76907992108,,21558.2480576872,,36478.0819305479
FBXW7,IDH2,,,,,,,,,,,,,3,0,0,183,186,,,,,,,,
FBXW7,KMT2C,266.924323017376,682.595288695994,39870.5601289037,0.001,0.651351125506507,0.991560317552045,0.00512420553400671,2.31715043360133,0.124631825163524,18.5919642158903,791.304900191033,680.321750874166,1,5,2,178,186,15.2302678460204,1175.31655053775,293.286068455279,1320.21308490435,6271.95103607096,147794.934136248,,183067.51419391
FBXW7,KRAS,559.3845764954,12140.3174706719,4585.09756990791,0.001,0.84479479047392,0.962701654942678,0.580425229599902,0.970768872034438,0.33595884609205,2.88954698864651,791.304900188589,12046.8596037787,2,20,1,163,186,93.0098172937917,1727.61851302634,7657.32928557922,18107.4186611454,259.314880183681,20883.0039811813,,294482.728832089
FBXW7,LAMA1,267.504260486713,214.736012430431,34306.0113086717,0.001,0.617257759690773,0.981976158202623,0.00689401711103866,2.17611978565274,0.132853129211101,16.3798910765206,791.304900177956,213.698155932607,1,5,2,178,186,15.2633030941351,1177.87948876523,92.2632254271111,415.329600604723,5372.21454472465,129155.325652808,,40578.8932199781
FBXW7,LAMA2,800.223514872949,250.425115637581,0.001,37717.26457914,0.985525543615168,0.888242698292731,0.00481970698665625,1.92790175024121,0.0952585765909814,20.2386159780571,791.304900195759,416.001609887182,1,3,2,180,186,198.999301836801,2075.20975548949,62.275521414614,649.427046226892,,85037.0568860734,4361.77250265468,667776.117815401
FBXW7,LRP1B,826.502385276427,266.939919163999,0.001,8308.24405973963,0.984141570845625,1,0.0573215808517043,1.93452714106869,0.285689473374166,6.77143304658986,791.304900197047,304.030486267131,1,14,2,169,186,205.526282642757,2143.53512395691,150.357064227096,432.287209487466,,23674.857412091,1001.55233371646,142178.191910017
FBXW7,LRP2,803.329468139409,279.116820827934,0.001,25659.3626630636,0.990395245921811,1,0.00981216851521286,1.94222287150031,0.129135096018045,15.0402402707696,791.304900191033,389.503246901507,1,5,2,178,186,199.771108322544,2083.27217506271,100.086614418275,599.949199405773,,65991.790328034,3041.41930363464,446275.839105445
FBXW7,LRRIQ1,264.33199327935,499.057651456133,170642.99238225,0.001,0.386011550045094,0.991272616948141,0.000450071216256373,2.17469871885141,0.0562831893509398,38.6385125635226,791.304900196969,496.300481103824,1,1,2,182,186,15.0823965781575,1163.88448738796,124.107907405933,1294.14482930586,22051.2900426156,2535126.51860291,,207068.819728363
FBXW7,MACF1,379.837768696504,550.519786648431,0.001,0.001,0.980864029825954,0.983933990160254,0.965107269557181,4.74396088725061e-08,0.0206083733072821,2.30195795491258e-06,372.542639929324,546.029779636635,1,2,0,122,125,21.6722890530918,1672.66394612086,91.5328017726856,1700.25362126995,,45877.6559904961,,114069.751755737
FBXW7,MED12,268.013862944495,866.948509252654,30560.0928147169,0.001,0.7094632979734,0.97983219352721,0.00895352685337306,1.96228029043948,0.129699734961982,15.1294086376867,791.304900191033,862.991427751985,1,5,2,178,186,15.2923109896482,1180.14258881784,372.484041937919,1676.86061677883,4709.66819298858,120212.002782532,,153456.940381056
FBXW7,NF1,809.889973421198,847.255917438362,0.001,65255.5984666131,0.993704671096491,0.677214412946875,0.011368441713587,1.97128291863881,0.149141775808663,13.2175100366768,791.304900196933,1126.30141112439,1,6,2,177,186,201.400566372375,2100.34906735787,336.723301873307,1717.04977889163,,47034.5512491271,8242.37088133218,984483.581750882
FBXW7,NRAS,795.684159501019,2917.30792192533,0.001,0.001,0.983650890841475,0.985226914591836,0.969119743217324,2.57983731278763e-08,0.0316788004253316,8.14373422651664e-07,791.304900191033,2895.6291565585,3,2,0,181,186,197.873290315777,2063.37518842956,485.084784384714,9008.33716941364,,115117.603810991,,425921.815383293
FBXW7,PBRM1,265.250869849355,687.38267755727,76942.8492341827,0.001,0.718322176046905,0.992331149075795,0.00172071856586007,2.07917936312807,0.0760649102382209,27.3342774824353,791.304900181838,684.572099396016,1,2,2,181,186,15.1348001970679,1167.93938218973,213.393369244049,1596.90582357927,11070.6849986524,463916.022261468,,270293.361414621
FBXW7,PEG3,265.065338521199,188.371529696616,85918.692226019,0.001,0.525168274402822,0.989857027098875,0.00135065602097978,2.21286675271484,0.0767636890291327,28.8269985549422,791.304900177839,187.428292991203,1,2,2,181,186,15.1244972998529,1167.13995880306,58.4788598311075,437.618626598291,12476.7854886867,500822.319061033,,64190.2589932387
FBXW7,PIK3CA,268.086976298438,1237.2020486198,30048.9149921328,0.001,0.899400086822155,0.994131854632101,0.00879048280979175,2.16056389663683,0.143740549995285,15.0309978409551,791.304900196252,1233.51236681546,1,6,2,177,186,15.2965388618388,1180.44658561561,565.34853673502,2303.19210371994,4763.58684787149,107962.915817135,,336702.206553454
FBXW7,PLEC,796.656311671622,53.8313857349676,0.001,6782.31998305979,0.987970430289925,0.674414785378651,0.0669592743950331,0.908102401462774,0.0373265130892236,24.3286159436347,791.304900196252,106.895190297333,2,1,1,182,186,198.111711561897,2065.94222912974,3.07151275118224,237.030561515049,,248252.698958624,354.253621575508,51121.640909801
FBXW7,POLE,795.828695106221,131.85757794257,0.001,63565.3896193494,0.986407941941999,0.563145672452483,0.000890192571801957,1.98437424539743,0.0530212744181819,37.4260005473756,791.304900193942,394.372924241964,1,1,2,182,186,197.907560002163,2063.78531487211,7.52358365863708,580.583694798764,,250818.39905182,7817.48866540581,1066410.96571435
FBXW7,PREX2,0.001,413.551006954562,75261.9753918235,147676.111236379,0.938284445113155,0.999996335021288,1.52108249719829e-05,3.03383998587919,0.110350689548727,27.4927143481016,791.304900198154,413.460400026904,0,3,3,180,186,,1231.52317754872,164.366172448539,838.042728993271,16392.0791500191,301911.391281973,,
FBXW7,PTPRT,802.553560909308,145.190525530806,0.001,16556.0219099278,0.985574627890406,0.902272768649418,0.00692423210625425,1.93269618780515,0.111427454287292,17.3448832710663,791.304900193942,217.078046562869,1,4,2,179,186,199.577361039007,2081.26996175206,45.072670046461,337.313341023903,,69355.9157361809,1966.35623372276,287494.511415829
FBXW7,RASA1,799.50249985115,297.551990885393,0.001,45643.7257618171,0.987227278355516,0.96725463695312,0.00488539852600086,1.93164461537977,0.0971209710304515,19.8890578922869,791.304900174704,494.314011225175,1,3,2,180,186,198.821272417401,2073.31753062719,73.9950982301504,771.635059226963,,87741.6933835205,5165.73446214417,818070.746490931
FBXW7,ROBO2,797.60162673509,105.368364222068,0.001,24005.3985496666,0.986562037314322,0.877409162234591,0.00277983289916965,1.92652550484992,0.0773675259458779,24.9009578798941,791.304900196252,210.046271448717,1,2,2,181,186,198.347887771596,2068.38918149422,17.5200423095383,325.377918903398,,127908.246031959,2723.46619799813,429682.871058299
FBXW7,ROS1,267.199810866987,715.220944036057,36992.3049140494,0.001,1,0.993574114897834,0.0066453843489047,1.8873038229652,0.107677155894643,17.5274300967963,791.304900196969,713.137975250182,1,4,2,179,186,15.2458178049348,1176.54743588784,284.259663781362,1449.41459955571,5549.00054412439,160978.912308364,,224868.584294998
FBXW7,RYR1,0.001,277.997823662833,11446.7701202801,5633.96931618844,0.880299239961106,0.999998842427628,0.0669446338848329,0.690941837585053,0.0499258321454762,13.8393654726025,372.542639929459,278.027544666189,0,4,1,120,125,,1057.39172286066,99.6711375274177,597.700240990761,627.41673666367,60980.9751871227,,
FBXW7,SACS,274.659865833367,742.361549320566,12836.9772242503,0.001,0.835989065840393,0.974908006284238,0.041960030580865,2.04193373482756,0.275071977454716,7.42327064254922,791.304900195068,739.177887651286,1,13,2,170,186,15.6712886227152,1209.45499199581,427.12244058966,1184.20257316442,2084.81967593045,42363.4408285351,,78488.480531023
FBXW7,SF3B1,268.021756588257,2188.73034146648,30471.926211768,0.001,1,0.991444734873637,0.00911325979919384,1.94057781108124,0.128446582976732,15.1080532164314,791.304900193942,2181.50410595226,1,5,2,178,186,15.292761118851,1180.17760097132,940.412110282553,4233.27954780726,4696.70083353622,119805.354248144,,584253.802468845
FBXW7,SMAD4,825.727388174098,2625.16976933349,0.001,0.001,0.880688580637975,0.873123443748399,0.768979226642492,2.1861143850721e-07,0.2557768563754,8.54695931465971e-07,791.304900181838,2601.01344485104,3,15,0,168,186,205.334683930787,2141.46313507406,1510.41203204528,4187.61349406272,,12474.9837447153,,41646.8068780575
FBXW7,SPHKAP,267.275951788192,851.654588781779,36282.9318092682,0.001,0.673046947737601,0.989248142899777,0.00633545054573716,2.16876706965143,0.12522824547179,17.3185135787915,791.304900178967,848.404460451588,1,5,2,178,186,15.2502755011935,1176.87429783618,365.925655484362,1647.1853490503,5635.09657439209,139913.902928009,,200115.888790782
FBXW7,SPTA1,0.001,408.97493719441,53601.3905782448,91448.2593597164,0.603938078486362,0.999996330897782,3.49265335244622e-05,3.2670654992898,0.144488400004889,22.611264981682,791.304900191033,408.808891375305,0,5,3,178,186,,1129.69765912015,186.886945173732,761.333386542629,12244.4649431502,176065.250097286,,
FBXW7,SYNE1,0.001,462.189531819876,23824.6935845494,29674.6889134689,0.614005448126221,0.999997371852857,0.000330023402317807,3.42995372240437,0.273616714886256,12.5356147332966,791.304900196969,462.234631722572,0,12,3,171,186,,1070.47924656009,265.9356931649,737.227905303504,5678.34876494519,68479.1687385008,,
FBXW7,SYNE2,378.810236956435,980.968638096147,0.001,0.001,0.963756622915245,0.980889330630502,0.96472015004678,5.38780954816021e-08,0.0285540026308781,1.88688416745254e-06,372.542639929324,974.626173998885,1,3,0,121,125,21.6140384713533,1668.09625754359,243.942888370413,2544.06944632377,,52089.1427152896,,170473.269201635
FBXW7,TENM1,802.842180333165,258.932626018226,0.001,23090.7570585082,0.992183388520609,1,0.0112968253652396,1.9112508691755,0.131395553115891,14.5457804610007,791.304900191033,361.294397587417,1,5,2,178,186,199.651239255861,2082.01358818243,92.8488939736709,556.572023521261,,69237.0545189779,2637.21156219386,411892.045248133
FBXW7,TP53,303.543362979453,1342.85866414324,4914.74425353098,329.450875876806,0.859344920058487,0.998955475827893,0.222677384718352,2.16694693307846,0.68024310348581,3.18554781661769,791.304900176984,1339.34191420584,1,38,2,145,186,17.3023080368539,1334.22826637131,967.582926576892,1805.01075883383,750.704453693393,15636.7354983726,,71142.911729436
FBXW7,TTN,377.506647974947,438.643444393303,0.001,0.001,0.986904268040992,0.986351361232111,0.973435436232084,5.20071655033851e-08,0.0205418958514062,2.53176074300002e-06,372.542639929324,435.615072819015,1,2,0,122,125,21.5395027542159,1662.33136957606,72.9335183722206,1354.67322248944,,73974.1613873178,,107329.913878932
FBXW7,XIRP2,805.783227017435,250.8768764906,0.001,31065.2569125059,0.974657208314783,0.476952449527487,0.00506791633130684,2.02080148806288,0.103439334711982,19.5361029118141,791.304900196252,375.215368907307,1,4,2,179,186,200.377898419398,2089.72130270111,77.8825283211938,582.843674114339,,51870.386165858,3934.74961942523,497862.276770585
FBXW7,ZFHX3,381.552856399516,312.984750557663,0.001,0.001,0.976463284463336,0.978549731896054,0.955520497061519,8.90703912665922e-08,0.0294536178446636,3.02409000267279e-06,372.542639929324,310.699805729271,1,3,0,121,125,21.7702595689723,1680.27317099012,77.8285260983395,811.744284088881,,35365.3403784565,,48316.6733745732
FBXW7,ZNF521,266.239139429532,439.195819191365,49561.0732111849,0.001,0.537886052078668,0.987849728650636,0.00343701624196278,2.38666795293892,0.112703038642535,21.1766069636224,791.304900177956,437.194808267049,1,4,2,179,186,15.19117680264,1172.29401624353,174.55759918199,890.013758865656,7689.06778841932,195168.858908872,,111386.460362779
FBXW7,ZNF536,380.587057915455,258.326300065482,0.001,0.001,0.978958536687023,0.967730915223782,0.947371182316123,1.60967838955597e-07,0.047633262567885,3.37931584522879e-06,372.542639924187,256.618557388459,1,5,0,119,125,21.7153263389115,1675.88389972615,92.6284350520325,555.297005213587,,36834.8949766269,,26213.6308864691
FGFR2,GLI3,,,,,,,,,,,,,0,4,0,182,186,,,,,,,,
FGFR2,GNAS,,,,,,,,,,,,,0,10,0,176,186,,,,,,,,
FGFR2,HMCN1,,,,,,,,,,,,,0,11,0,175,186,,,,,,,,
FGFR2,HYDIN,,,,,,,,,,,,,0,6,0,119,125,,,,,,,,
FGFR2,IDH2,,,,,,,,,,,,,0,0,0,186,186,,,,,,,,
FGFR2,KMT2C,,,,,,,,,,,,,0,7,0,179,186,,,,,,,,
FGFR2,KRAS,,,,,,,,,,,,,0,21,0,165,186,,,,,,,,
FGFR2,LAMA1,,,,,,,,,,,,,0,7,0,179,186,,,,,,,,
FGFR2,LAMA2,,,,,,,,,,,,,0,5,0,181,186,,,,,,,,
FGFR2,LRP1B,,,,,,,,,,,,,0,16,0,170,186,,,,,,,,
FGFR2,LRP2,,,,,,,,,,,,,0,7,0,179,186,,,,,,,,
FGFR2,LRRIQ1,,,,,,,,,,,,,0,3,0,183,186,,,,,,,,
FGFR2,MACF1,,,,,,,,,,,,,0,2,0,123,125,,,,,,,,
FGFR2,MED12,,,,,,,,,,,,,0,7,0,179,186,,,,,,,,
FGFR2,NF1,,,,,,,,,,,,,0,8,0,178,186,,,,,,,,
FGFR2,NRAS,,,,,,,,,,,,,0,2,0,184,186,,,,,,,,
FGFR2,PBRM1,,,,,,,,,,,,,0,4,0,182,186,,,,,,,,
FGFR2,PEG3,,,,,,,,,,,,,0,4,0,182,186,,,,,,,,
FGFR2,PIK3CA,,,,,,,,,,,,,0,8,0,178,186,,,,,,,,
FGFR2,PLEC,,,,,,,,,,,,,0,2,0,184,186,,,,,,,,
FGFR2,POLE,,,,,,,,,,,,,0,3,0,183,186,,,,,,,,
FGFR2,PREX2,,,,,,,,,,,,,0,6,0,180,186,,,,,,,,
FGFR2,PTPRT,,,,,,,,,,,,,0,6,0,180,186,,,,,,,,
FGFR2,RASA1,,,,,,,,,,,,,0,5,0,181,186,,,,,,,,
FGFR2,ROBO2,,,,,,,,,,,,,0,4,0,182,186,,,,,,,,
FGFR2,ROS1,,,,,,,,,,,,,0,6,0,180,186,,,,,,,,
FGFR2,RYR1,,,,,,,,,,,,,0,5,0,120,125,,,,,,,,
FGFR2,SACS,,,,,,,,,,,,,0,15,0,171,186,,,,,,,,
FGFR2,SF3B1,,,,,,,,,,,,,0,7,0,179,186,,,,,,,,
FGFR2,SMAD4,,,,,,,,,,,,,0,15,0,171,186,,,,,,,,
FGFR2,SPHKAP,,,,,,,,,,,,,0,7,0,179,186,,,,,,,,
FGFR2,SPTA1,,,,,,,,,,,,,0,8,0,178,186,,,,,,,,
FGFR2,SYNE1,,,,,,,,,,,,,0,15,0,171,186,,,,,,,,
FGFR2,SYNE2,,,,,,,,,,,,,0,3,0,122,125,,,,,,,,
FGFR2,TENM1,,,,,,,,,,,,,0,7,0,179,186,,,,,,,,
FGFR2,TP53,,,,,,,,,,,,,0,40,0,146,186,,,,,,,,
FGFR2,TTN,,,,,,,,,,,,,0,2,0,123,125,,,,,,,,
FGFR2,XIRP2,,,,,,,,,,,,,0,6,0,180,186,,,,,,,,
FGFR2,ZFHX3,,,,,,,,,,,,,0,3,0,122,125,,,,,,,,
FGFR2,ZNF521,,,,,,,,,,,,,0,6,0,180,186,,,,,,,,
FGFR2,ZNF536,,,,,,,,,,,,,0,5,0,120,125,,,,,,,,
GLI3,GNAS,144.073914308601,1980.01734832703,0.001,0.001,0.836984760236749,0.852222333918428,0.713361233482329,1.03969101860604e-06,0.258044352460298,4.02911750903753e-06,137.75515523897,1947.7464711303,4,10,0,172,186,44.7220007770763,334.779215274596,991.872539625433,3474.24806247152,,1571.21362048522,,25828.8298077568
GLI3,HMCN1,106.383515107566,461.327057560099,1168.7540674232,0.001,0.791745259952237,0.962573023420039,0.451696831748933,1.09841175481342,0.272878104586318,4.02528358395998,137.755155239051,455.945564713883,3,10,1,172,186,26.4545473060308,275.89994259542,239.500891651019,790.326587752961,65.3516812760789,5595.2989125208,,12227.5809968326
GLI3,HYDIN,102.175257284559,551.829564762826,0.001,0.001,0.930067427573547,0.912888154277104,0.849075021602403,7.88596503078533e-07,0.126739966786127,6.22216119410293e-06,98.5093632341326,543.342517181527,2,6,0,117,125,16.9880430080198,315.575245909645,219.270795250442,1118.72355842934,,2822.19092327288,,14032.8865140031
GLI3,IDH2,,,,,,,,,,,,,4,0,0,182,186,,,,,,,,
GLI3,KMT2C,104.80321010691,687.372815480992,2312.47679001528,0.001,0.736764650953819,0.977988967690565,0.256755908129588,1.22512345740942,0.166583677676815,7.35440275118824,137.755155239059,680.321750869345,3,6,1,176,186,26.0624067767437,271.784386128723,295.333998369984,1329.49602239332,128.485210918419,11425.5788774541,,32684.4860651745
GLI3,KRAS,36.3131499224074,12066.3434086212,1903.27897798045,11.8724815711723,1,1,0.0112823815667983,2.83274826361761,0.445031013404504,6.36528281916126,137.755155239056,12046.8596044089,1,18,3,164,186,2.07182260628284,159.901385694201,7610.68071216877,17995.2265190637,462.770794620017,5201.51974524534,,2049976.61662901
GLI3,LAMA1,105.133503222058,216.348370167742,1920.58175182098,0.001,0.768759015314329,0.974117685904313,0.303596220231109,1.11536665967123,0.178911360400004,6.23418578438806,137.755155239051,213.698155932841,3,6,1,176,186,26.1451601710176,272.654061399202,92.9424371548907,418.409606315832,106.10958665199,9501.48305965446,,8921.28113939189
GLI3,LAMA2,104.854013402695,420.728807091542,2237.90888852973,0.001,0.969565538171221,0.991761885956593,0.274691679612869,0.901517382559998,0.127038189089903,7.09642816084233,137.755155239051,416.001609884709,3,4,1,178,186,26.0746704102859,271.924405958904,150.86258297986,904.383247393627,121.462580368463,12518.3453396007,,26719.0016156957
GLI3,LRP1B,108.40068745001,307.378588640987,725.128706092094,0.001,0.932487561676967,0.978947319162598,0.651793133435755,0.985909939903757,0.380466942971585,2.59131564020633,137.755155239056,304.030486266348,3,15,1,167,186,26.9555624134643,281.14885947042,180.252880987191,483.686644005766,40.8846644083239,3345.68728306521,,6462.55410930404
GLI3,LRP2,105.143740720659,393.953664102476,1904.93412918354,0.001,0.808329884058315,0.978569631310564,0.30724823134953,1.07506835824113,0.173293970230279,6.20372628552822,137.755155239051,389.503246901511,3,6,1,176,186,26.1467955806844,272.674156974493,169.261021944752,761.996755240674,105.259877241262,9658.01673235121,,17304.867118736
GLI3,LRRIQ1,103.75610549292,501.669466435389,7004.18397393359,0.001,0.647970865745176,0.988243739079499,0.0966481108926966,1.25138745678797,0.0751972395011346,16.6414015340163,137.755155239051,496.300481108222,3,2,1,180,186,25.8022757716791,269.063234780816,124.756823971781,1300.93263684706,368.637958958809,50032.35037656,,53200.1475320451
GLI3,MACF1,100.205718782983,553.540930905136,0.001,0.001,0.966642289785085,0.973339203703216,0.940875856111457,2.54560700585016e-07,0.0415317690317739,6.12930069003958e-06,98.5093632341326,546.029779640603,2,2,0,121,125,16.6610485847812,309.469936910726,92.0344186939301,1709.61950304982,,6877.73733985035,,47962.7339547259
GLI3,MED12,105.265058451554,873.07889717318,1794.32183994615,0.001,0.832419405633941,0.979825615730386,0.323699919205539,1.03230864568359,0.175421942387968,5.88471790718466,137.755155239051,862.991427762167,3,6,1,176,186,26.1764552096127,272.985004751434,375.115655532554,1688.78233021704,99.323929876001,9021.23511192283,,37644.6333589462
GLI3,NF1,133.868597757047,1024.45673882055,298.005976341952,10574.4401644504,0.998631208850782,0.940780498878324,0.393014231155597,0.961507808683477,0.1973270022342,4.87266211819453,137.75515523888,1126.3014111339,3,7,1,175,186,37.6908550313816,320.302488073773,440.969967152271,1976.64199166444,,5342.48754751383,,71143.3950686058
GLI3,NRAS,138.555508071873,2927.23591185768,0.001,0.001,0.977219532808503,0.978582808436348,0.95629112691792,1.61004036002043e-07,0.0416400886827646,3.866563234979e-06,137.755155239051,2895.62915654634,4,2,0,180,186,43.013336865499,321.898449956783,486.731038502401,9039.00291799053,,14507.8408272052,,282330.723620035
GLI3,PBRM1,104.230996684337,692.628284879774,3628.48273847694,0.001,0.792327233907265,0.986704412818891,0.175951359846651,1.06676221321874,0.101869534346847,10.4718473492438,137.755155239059,684.572099393922,3,3,1,179,186,25.9201722597136,270.298701191189,215.017968860564,1609.1361222847,196.105417740998,21181.0690601163,,52679.3820813519
GLI3,PEG3,104.110142285563,189.718400656153,4134.89245909905,0.001,0.684514343453207,0.982150170203532,0.15443541194466,1.18816805111679,0.102918874216622,11.544705090885,137.755155239051,187.428292991361,3,3,1,179,186,25.8901897666588,269.983369205771,58.8960715403903,440.758876930217,224.071975582756,23763.7873556051,,13602.6229599944
GLI3,PIK3CA,105.400075651523,1245.4052454994,1687.09227073466,0.001,0.899071444734645,0.987871474284302,0.342081082104005,1.07626007233894,0.192693619353706,5.5853435933619,137.755155238853,1233.51236682875,3,7,1,175,186,26.2087541058218,273.319263079783,569.234176249313,2319.13797333933,94.0301123578704,8217.37160978582,,57583.6146143697
GLI3,PLEC,138.94310992735,108.49791875447,0.001,0.001,0.966490843261392,0.970836572076857,0.938307576728812,4.27651125788162e-07,0.0505219237274504,8.4646643325619e-06,137.755155239051,106.895190297168,4,2,0,180,186,43.1329772134173,322.804203457394,18.0403660865371,335.047409255151,,9935.37594915206,,7695.34804755541
GLI3,POLE,138.872378206895,265.48640225281,0.001,12606.744795855,0.990352876848859,0.840257209758428,0.140444857678773,0.953815803230158,0.071124361101717,13.4105359746723,137.755155239051,394.372924241964,3,2,1,180,186,43.1110045081927,322.638680749534,44.1442501640574,819.817700720627,,17584.557897233,681.571932428424,73621.1764277727
GLI3,PREX2,104.836018525148,418.061258459857,2264.18166364199,0.001,0.833162331821715,0.984538129588904,0.265443158982339,1.06044871442894,0.147510336658197,7.18897901294985,137.75515523894,413.460400024211,3,5,1,177,186,26.0704649207993,271.872300248134,166.153336379438,847.224715281079,124.921219793102,11601.0491301125,,22593.8354625162
GLI3,PTPRT,105.08610588992,219.601540720416,1961.62809090171,0.001,0.903924061188003,0.986766729006874,0.304307777320024,0.958340315302041,0.150921168645359,6.34993966654201,137.755155239051,217.078046563516,3,5,1,177,186,26.1324509779866,272.528252782728,87.2763726815425,445.051871686936,107.547249366755,10402.77582012,,11411.2060484341
GLI3,RASA1,104.808810515426,500.060866125966,2301.74781828371,0.001,0.936496433701003,0.989918768915669,0.265947058468261,0.946575058272063,0.130810956235885,7.23620624380386,137.755155239051,494.314011225175,3,4,1,178,186,26.0635751413456,271.80488792125,179.308124064803,1074.89795055157,125.616269968339,12555.8879340207,,31453.0756605903
GLI3,ROBO2,104.503452394337,212.412542593349,2848.97311120776,0.001,0.99189798322275,0.993181521163188,0.225311928551123,0.891903472067483,0.10314453417828,8.64712298303538,137.755155239051,210.046271448573,3,3,1,179,186,25.9876087074269,271.012759886576,65.9395468098259,493.506336275401,151.526632366661,18003.4555048297,,16848.997269629
GLI3,ROS1,104.902151362928,720.720780356142,2173.2469323729,0.001,0.883301890163892,0.987907539390229,0.278207873966553,0.995474597224108,0.142922753869723,6.96512325904037,137.755155239051,713.137975253977,3,5,1,177,186,26.0870247614972,272.050051257908,286.439801078184,1460.60780070611,119.052998416288,11549.4037224338,,40089.5924178545
GLI3,RYR1,102.321357359226,282.024115461658,0.001,0.001,0.927352598102049,0.932577194110589,0.86485199055849,7.21947483959748e-07,0.101449132673941,7.11634949388969e-06,98.5093632340455,278.027544666579,2,5,0,118,125,17.0121100914685,316.036476644602,101.107415957835,606.435201735346,,2731.69150530495,,9391.50400238574
GLI3,SACS,71.7072592408932,744.425439747189,1648.86877141532,0.001,0.874493436434502,0.996916236078589,0.0947120897295058,2.01837577288493,0.366509653159357,5.50701940722787,137.75515523896,739.177887651027,2,13,2,169,186,11.9228366806977,221.448133940503,428.310873411783,1187.48772012164,267.887415030466,5432.92187558412,,33357.7758632302
GLI3,SF3B1,105.273821961962,2204.48798561039,1784.26027667951,0.001,0.922529423504103,0.989061528256293,0.328441339317593,1.01287468504425,0.173002280056898,5.85468980357443,137.755155239051,2181.50410593515,3,6,1,176,186,26.1790117700376,273.011904822703,947.172747074189,4263.93148033525,98.7681222376826,8967.83124547299,,110017.048964547
GLI3,SMAD4,107.807639659607,2626.42614085457,814.296481491803,0.001,0.978472672730259,0.992315612623701,0.608957014380311,0.987393039764053,0.341851227583702,2.88837061298044,137.755155239051,2601.01344486736,3,14,1,168,186,26.8084860939677,279.599667767364,1511.13010515513,4189.6165791729,45.9312503911551,3750.58515185494,,67226.9967860553
GLI3,SPHKAP,105.000147754426,857.518757843303,2072.88494833863,0.001,0.795728904857711,0.980617062635777,0.287645244441175,1.11758280292611,0.166988121966919,6.6925886090719,137.755155239051,848.404460449396,3,6,1,176,186,26.1102675216174,272.291133195022,368.443865231057,1658.59988221624,113.595678123828,10547.3454292692,,39712.0235292371
GLI3,SPTA1,105.205329926511,413.32886438776,1846.77556986549,0.001,0.756876432866915,0.973716554370525,0.312283437238721,1.16929131548626,0.193211937025783,6.05185856260124,137.755155239051,408.808891374241,3,7,1,175,186,26.1622312203041,272.832542473455,188.869815097552,769.484997986623,102.62045862367,9111.96370877695,,16236.555192812
GLI3,SYNE1,107.251042846768,467.735087769083,924.131996453719,0.001,0.757006621936456,0.944555968109741,0.528509034441151,1.19318398872218,0.366760825823386,3.25330271040657,137.755155239056,462.23463172228,3,14,1,168,186,26.6702641440939,278.152543939861,269.108406309627,746.142906952367,52.0350721753245,4287.98649506749,,9090.18126405824
GLI3,SYNE2,100.046480162518,986.817384039162,0.001,0.001,0.933616818706777,0.963709435820748,0.934550213908793,3.28185916892085e-07,0.0574302523559588,5.71451288178143e-06,98.5093632341326,974.626173992186,2,3,0,120,125,16.6347666360711,308.969449035845,245.392511162828,2559.29602398125,,7341.29592916678,,62400.8402220283
GLI3,TENM1,105.169690702309,365.351815365751,1878.8928003606,0.001,0.826671554252798,0.980273126042743,0.311402472947709,1.08754214723743,0.177985480035591,6.11028577735646,137.755155239051,361.294397587698,3,6,1,176,186,26.1534235909636,272.743550430088,156.971263069726,706.677914711782,103.874302435589,9502.06884479648,,16375.8675200161
GLI3,TP53,77.0582418324572,1349.50220800423,638.305314483382,0.001,0.808208469883021,0.95763084533362,0.416738238220083,2.14296912330295,0.910891279916722,2.35260691429483,137.755155239073,1339.34191421132,2,38,2,144,186,12.8127875752468,238.038185655187,972.723514724267,1813.87226822406,105.289702760824,2010.07935102084,,19471.1576332078
GLI3,TTN,99.7617009834429,442.317170920112,0.001,0.001,0.975257281263942,0.970178402204279,0.946177814720316,2.69834428214954e-07,0.0423400685241639,6.37302766907325e-06,98.5093632341326,435.615072819865,2,2,0,121,125,16.5873845099521,308.091152420799,73.5423874486203,1366.07689187119,,10357.7915437218,,34142.8177201453
GLI3,XIRP2,140.505397090868,315.740781604003,0.001,6001.80203767183,0.981057577958141,0.830620446302481,0.2866245462021,0.942695416541705,0.137362436659592,6.8628326598331,137.755155239051,375.215368910108,3,5,1,177,186,43.6166559998501,326.450919150876,113.219083320929,678.678243750828,,6096.88598612002,324.882689208213,34795.35807868
GLI3,ZFHX3,100.455680544287,314.856195017629,0.001,0.001,0.961897367873322,0.961370355500005,0.924746923585786,4.10323138225546e-07,0.0598834967429587,6.8520236883761e-06,98.5093632341326,310.699805727763,2,3,0,120,125,16.7025701726723,310.244602433504,78.2931328675041,816.62546954159,,5743.9784333538,,18688.7011543651
GLI3,ZNF521,104.523852181945,442.272664390953,2808.43635710586,0.001,0.666015932146718,0.974012429064922,0.215351954249034,1.29992059937738,0.15157310299148,8.57619573474358,137.755155239051,437.194808267558,3,5,1,177,186,25.9932394349493,271.060671192704,175.777114678144,896.275277446806,155.231056911975,14269.7589890804,,21972.7752485446
GLI3,ZNF536,50.0710158826484,258.286411476996,2667.39309101867,0.001,0.725738537682969,0.99600344969978,0.146490664625772,1.09122469330678,0.096629852681376,11.2928320081885,98.5093632341326,256.618557387699,1,4,1,119,125,2.85692560641916,220.481424777772,92.6153929712526,555.196452446994,145.316778440093,14551.8254740809,,50648.7952003834
GNAS,HMCN1,1392.9700449909,472.250704897932,23394.8101879977,0.001,0.251318296969244,0.908267596102124,0.0396183165586831,3.31832579052615,0.688591669418005,4.81900368229954,1947.74647113447,455.945564714863,7,8,3,168,186,598.426961297068,2694.74655950366,245.15493036411,809.125167852928,5480.0277771893,70342.9275893865,,4841.4580130651
GNAS,HYDIN,1166.81073676923,568.207306237264,20309.0243848077,0.001,0.395596378206878,0.914356749371859,0.114838736615528,1.84960769995558,0.385783058598675,4.79442437590216,1708.30444764569,543.342517179769,4,4,2,115,125,362.138869674962,2711.93564036217,225.7361067645,1152.22214694554,3129.26487289674,81692.514099467,,7541.94190915738
GNAS,IDH2,,,,,,,,,,,,,10,0,0,176,186,,,,,,,,
GNAS,KMT2C,1778.66436742526,704.288146770299,13032.0938849698,0.001,0.683075286931143,0.913896437040722,0.542157024919087,1.24195225863713,0.411960840448948,3.01473377247136,1947.74647115592,680.321750871706,9,6,1,170,186,854.485478735295,3207.53007246903,302.580485959762,1362.37144672937,723.565032540366,64591.5962769799,,8791.07622879406
GNAS,KRAS,1867.59383145465,12455.0581011426,3119.87984350133,0.001,0.969063442729247,0.933219293238061,0.916029944771697,0.934040692911451,1.1324110376855,0.824824786961195,1947.74647111409,12046.8596037103,9,20,1,156,186,897.080691287455,3368.58836604422,7854.81253609914,18579.5619847828,176.582255550711,14169.8312800741,,59873.7601559568
GNAS,LAMA1,1581.64427342983,222.831055429577,23254.8679172039,0.001,0.409202354913204,0.900610883991767,0.124380667527756,2.12153434603784,0.442236962390476,4.79727957285629,1947.74647112022,213.698155932968,8,5,2,171,186,722.63895139144,2945.08549138547,95.7276736311412,431.086064448576,3648.00787039398,86450.2361562638,,2638.06047061392
GNAS,LAMA2,1780.85095027508,435.206536865674,12051.4442905918,0.001,0.794008358859481,0.937798086189416,0.597318989137716,0.896241964733241,0.316920064629894,2.82797482633323,1947.74647111909,416.00160988675,9,4,1,172,186,855.502745706793,3211.6094031121,156.035843455123,935.700024202478,655.941568568687,66570.8096079376,,6028.80794356066
GNAS,LRP1B,1421.14249073769,314.250188237276,13209.3294483168,0.001,0.471483078287803,0.892315922786079,0.147863815655634,2.93154082269384,0.950384276003778,3.08458472715955,1947.74647113965,304.030486266204,7,13,3,163,186,610.491505923805,2749.54905970117,184.263546792692,494.584787657529,3178.43445214944,37077.7401995256,,2440.6541746943
GNAS,LRP2,1579.70572537688,404.614708881904,24741.3464131398,0.001,0.425924152142383,0.923662110195372,0.115797903006771,2.16706892128355,0.431996121474247,5.01640828137097,1947.74647111875,389.50324690144,8,5,2,171,186,721.750933118487,2941.4151477775,173.826949876194,782.738351697973,3852.11724117199,93859.5622078792,,5409.08710865206
GNAS,LRRIQ1,1761.02540744525,519.655807075563,37768.5536354766,0.001,0.478225374933892,0.928720139858891,0.240828792592855,1.25243735534905,0.187583233262077,6.67670203551315,1947.74647115592,496.300481099505,9,2,1,174,186,846.025508118471,3175.58219590005,129.218356889896,1347.82650889528,1986.42753666002,270425.861687903,,10590.0319593309
GNAS,MACF1,1709.0636643476,0.001,4688.29361087977,12768.5581546662,0.999999086432959,1,0.00830358468951684,1.26584955322957,0.128196146031334,9.87431831936792,1708.30444763742,546.029779636635,4,0,2,119,125,679.117207877729,3464.63616310024,,631.80665851199,,,1980.70789432423,50203.4295018392
GNAS,MED12,1582.01551511458,899.612548948832,22659.4853148931,0.001,0.425061639349655,0.913343677356196,0.131588332714922,2.0662171813099,0.438256255195701,4.71463249369309,1947.74647111948,862.99142776137,8,5,2,171,186,722.810006188627,2945.7661324511,386.467919668539,1740.4060480899,3545.12598155866,84696.9435969688,,10926.5116072523
GNAS,NF1,1386.69127197962,1162.81146474169,28764.0532934303,0.001,0.569586512787883,0.967691641655746,0.0289769172474437,2.73195097793424,0.487402865656209,5.60511882558613,1947.7464711536,1126.30141114004,7,5,3,171,186,595.721939529246,2682.67321345779,531.284035940944,2165.17969829696,6463.43280652044,100090.060180791,,19400.4471863176
GNAS,NRAS,1960.17433126477,2962.80616889333,0.001,0.001,0.939382373675485,0.955279405302814,0.897378067785906,4.70107893763179e-08,0.10633312727677,4.42108593815316e-07,1947.74647112711,2895.62915650264,10,2,0,174,186,981.974889277653,3439.19389490577,492.645289844036,9149.06133990362,,75175.373308958,,127145.940879766
GNAS,PBRM1,1770.61348962161,714.526142482301,18452.3923545765,0.001,0.714245218493625,0.942338998955356,0.439685997101469,1.00945369116556,0.252834550918474,3.99254645972438,1947.74647115592,684.572099392559,9,3,1,173,186,850.612923924938,3192.97707130284,221.798472594868,1660.28421649599,996.64589255012,108090.154422637,,12815.9430540804
GNAS,PEG3,1767.81929877769,196.297802350255,21750.495787026,0.001,0.577592805811375,0.916826919555014,0.37298045916708,1.15733116842972,0.254831163591635,4.5415605851266,1947.74647115592,187.428292991316,9,3,1,173,186,849.282911605471,3187.89797398163,60.9317996318394,456.129580791168,1179.31193585116,124616.625357417,,3090.33998347536
GNAS,PIK3CA,1790.00136370284,1276.41784425513,9219.16957004969,0.001,0.823833443300553,0.938321940450381,0.697913677061608,1.05294119027416,0.472013831060029,2.23074223886514,1947.74647116957,1233.51236681007,9,7,1,169,186,859.894974699006,3228.04391526293,583.209066444687,2376.54333963059,513.858239830434,44829.2425197968,,14965.1058727658
GNAS,PLEC,1947.13582347992,0.001,1451.50373500053,2864.76465509522,0.999999704245071,1,0.00590951419796391,1.5450485158345,0.128143849624349,12.0571414107175,1947.74647113263,106.895190297333,8,0,2,176,186,975.478318500661,3416.12995354867,,109.905606361824,,,458.508839551449,9924.99501629642
GNAS,POLE,1798.71347734518,242.498978415454,39861.6530614714,5344.02780548487,0.929084662264865,0.922800314926017,0.0230430469493167,1.78021188624169,0.177529734594746,10.0276829135438,1947.74647111948,394.372924241465,8,1,2,175,186,847.307617804466,3259.20610253297,16.8707736493113,863.354294831789,,759115.885631259,,25579.4221608836
GNAS,PREX2,1781.55346347225,429.387724897556,11757.6877043989,0.000999999999976353,0.795686857074971,0.942232585367163,0.604029710861669,1.00879140763435,0.365732681372848,2.75827526226984,1947.74647116957,413.460400027787,9,5,1,171,186,855.853201778134,3212.79956682642,170.6415972799,870.293387266065,648.746055926181,60235.7121012614,,6005.17220337439
GNAS,PTPRT,1375.00931186022,224.475808183742,51724.9390353675,0.001,0.346825561037147,0.963887553480295,0.00692030093915034,3.02224367402005,0.376658614016978,8.02382731085985,1947.74647109177,217.078046563588,7,3,3,173,186,590.720524535021,2659.92960153637,89.2072181889545,454.974375299325,11050.3275900752,213858.849241194,,4691.08767661501
GNAS,RASA1,1373.4585503826,513.789539095812,60506.3558753462,0.001,0.37985048032971,0.942115066817786,0.00533844698108494,2.81290331320464,0.325853894369271,8.63240661477854,1947.74647110803,494.314011223345,7,2,3,174,186,590.050522557606,2656.96165342799,184.215008067487,1104.6005254367,12210.7788663736,345701.380849486,,10081.0869263711
GNAS,ROBO2,1774.45663295043,220.226566864029,15386.6906463983,0.001,0.76821783629589,0.941211624199107,0.510255010146067,0.890128480756064,0.256756225007085,3.46682336808583,1947.74647116957,210.046271448517,9,3,1,173,186,852.433865338012,3199.99854194712,68.3587080846959,511.785188551352,821.826195282904,95438.9772210591,,3578.28064041885
GNAS,ROS1,1576.3422289491,737.436522003452,28432.7107797223,0.001,0.588869096849913,0.966656778263403,0.100026896870373,2.00150003070234,0.360541652115282,5.55136977644504,1947.74647111573,713.137975253911,8,4,2,172,186,720.221425725805,2935.18463999254,293.064580614514,1494.62705778029,4327.03724418425,118071.082900183,,13929.3781508712
GNAS,RYR1,868.516897145246,286.621857344926,38162.3917615802,0.001,0.653579275829362,0.986931182747851,0.00853199377599308,2.28970170378739,0.314530260322468,7.27975013100459,1708.30444764059,278.02754466638,3,2,3,117,125,215.94831617683,2253.07126654999,102.749893759183,616.384385522235,7974.76070343422,202214.892810972,,8575.16741261597
GNAS,SACS,1418.96690767386,765.279072850987,13686.3915787961,0.001,0.469258662666757,0.887665198236614,0.136732706832223,2.89524803017437,0.912921264262334,3.17141044196601,1947.74647112352,739.177887648022,7,12,3,164,186,609.55951643571,2745.33095315589,440.237563623236,1221.02948211822,3289.22846421492,38541.5858073333,,6043.80289293096
GNAS,SF3B1,1379.28436033524,2251.00240503838,41161.703035546,0.001,0.388455312922371,0.951191989132142,0.0110162455018045,3.01995466372971,0.426702768581216,7.07741989528457,1947.74647115823,2181.50410596494,7,4,3,172,186,592.551665546008,2668.24484507779,967.09019012863,4354.29428984561,9222.05220331401,144277.506899629,,41598.4059194975
GNAS,SMAD4,1835.61594624989,2690.08144051147,4320.13047064868,0.001,0.93554533865191,0.941917208174358,0.935536646573614,0.946916392346949,0.846815380194884,1.11820877902457,1947.74647115707,2601.01344489478,9,14,1,162,186,881.745018172671,3310.75753394343,1547.58700502747,4291.81421981004,243.710832186078,19888.5968674003,,17847.7531571154
GNAS,SPHKAP,1783.12595580882,880.944784049866,11212.3219911721,0.001,0.730689578449316,0.915197324290798,0.605733763905267,1.10325023730094,0.415435530457911,2.65564728198594,1947.74647116957,848.404460448924,9,6,1,170,186,856.602307023375,3215.66315527012,378.472100015335,1704.12989795115,618.132594304471,57525.5218692149,,10246.8991467977
GNAS,SPTA1,1787.33770780176,425.40150542327,9944.08305246156,0.001,0.696950174805572,0.884806383429209,0.629475002044763,1.14663691010081,0.478677460969605,2.39542699123161,1947.74647115592,408.808891374187,9,7,1,169,186,858.626371433084,3223.26718740694,194.364686212465,792.09846200503,552.405666601267,49138.3481301451,,4025.75358680568
GNAS,SYNE1,1613.90246388807,480.201066309077,10689.9685835089,0.001,0.456469095850284,0.814492789118563,0.349097501335142,2.31944540477192,0.901679042563477,2.57236255395016,1947.74647111698,462.23463172121,8,13,2,163,186,737.343326505405,3005.36864308035,276.243824157876,766.173676937722,1733.33409976411,35407.2586354492,,2874.90877532546
GNAS,SYNE2,1433.92338133696,1013.61037263603,30669.431844293,0.001,0.577016863847822,0.967962210907298,0.26745243482427,1.11983502052865,0.175161870104104,6.39314378102438,1708.30444762131,974.626174004554,5,2,1,117,125,514.077488739554,3083.28611556321,252.036190766348,2629.19986586716,1547.83863305854,261162.767610741,,27523.6492451836
GNAS,TENM1,1580.59014761242,376.201572130537,23940.7246551655,0.001,0.403182265614947,0.913316500848367,0.120365490320533,2.15582513012775,0.440766046787134,4.89108711036649,1947.7464710916,361.294397585505,8,5,2,171,186,722.146516229135,2943.03682142781,161.633058818118,727.86660228828,3736.85682861563,90102.5327081342,,4658.23824067308
GNAS,TP53,1758.06932458882,1385.69032070786,3403.08927103731,0.001,0.860483395468905,0.787118591882502,0.779880349295259,2.07943028479206,2.27248278605767,0.915047760779517,1947.7464711355,1339.34191420814,8,38,2,138,186,802.988477619169,3275.1830038076,998.452425864669,1862.74856766236,561.583168400265,10718.3112207414,,3925.20847430536
GNAS,TTN,1731.06376699625,461.564279637173,0.001,0.001,0.926258885552143,0.89156267010245,0.825867202226945,1.94494958021229e-07,0.129695318996493,1.49962974397317e-06,1708.3044476425,435.615072819865,6,2,0,117,125,687.782984107344,3509.9057933593,76.7324726051853,1425.9894089893,,58071.1038088244,,7914.94562070842
GNAS,XIRP2,1975.87566348561,256.871482848651,0.001,4448.66054236648,0.989513550017136,0.799958620993547,0.117376403521255,1.8484578013637,0.345612077295102,5.34835997581585,1947.74647111698,375.215368908623,8,4,2,172,186,989.813577651179,3466.88805360254,79.7403166909508,596.809312871887,,56306.5723901392,714.469403340061,15236.7365453217
GNAS,ZFHX3,1160.10298621211,315.259073859195,78559.520613732,190.423658400218,0.508118643606406,0.999865357808863,0.0195964178127893,1.92255157405491,0.184784377449777,10.4042971629323,1708.30444763398,310.699805728579,4,1,2,118,125,360.107218578732,2695.72414616713,73.9243769750204,827.40731530673,8267.48878677965,1202841.42468075,,13552.0079221634
GNAS,ZNF521,1775.49228397271,455.711135846973,14814.6507087933,0.001,0.60904425098376,0.894105055366321,0.484602668850313,1.24610738269316,0.370819993856373,3.36041045072614,1947.74647116957,437.194808267185,9,5,1,171,186,852.954138670331,3201.74857945472,181.097853909079,923.651226152521,819.092303615488,75104.1009055741,,5372.7829839003
GNAS,ZNF536,1753.97590734657,268.786908810855,0.001,0.001,0.857957287879682,0.795460215236969,0.682585691331261,6.83521255371786e-07,0.29024821024949,2.35495424686425e-06,1708.30444763375,256.618557388459,6,5,0,114,125,696.866151560314,3556.57369717809,96.3630028945923,577.959893735478,,23420.0669159618,,2314.41733903916
HMCN1,HYDIN,284.387486192097,487.855422976952,601.840049458625,3125.81106022653,0.994356171091226,0.904167572950787,0.535351446392084,1.03838844923558,0.309705072564492,3.35282997025937,293.204526086132,543.342517182288,4,5,1,115,125,94.0508644938148,629.964555799572,175.936876061636,1041.18082387612,,7877.1921887275,,24919.6033540514
HMCN1,IDH2,,,,,,,,,,,,,11,0,0,175,186,,,,,,,,
HMCN1,KMT2C,377.453558246542,698.785988551471,6376.44321277451,0.001,0.652190241774182,0.962212947992294,0.103416686633282,2.35824601835922,0.44763972628715,5.26817858173398,455.945564713416,680.32175087779,9,5,2,170,186,181.343795867111,680.596031604315,300.225743293663,1351.64772945263,1002.78340016558,23648.0050774575,,13899.4101397447
HMCN1,KRAS,424.427567759372,12008.6593103576,965.150197730213,13405.1144357595,0.980542305784161,0.999830406736861,0.808644970217839,1.9263667047646,1.24246632389869,1.55043776053417,455.945564713701,12046.8596050566,9,19,2,156,186,205.395850399945,759.336469987907,7460.18941896374,18081.6028012173,,4061.9160241401,,98731.6529223398
HMCN1,LAMA1,378.849661281388,220.214806225132,4996.60328871952,0.001,0.85651695151725,0.97072861686208,0.16029772952592,2.06787454993375,0.473714995935351,4.36522923630638,455.945564715064,213.698155932607,9,5,2,170,186,182.007977002509,683.126549909773,94.6094167017129,425.981848419002,781.147708542053,18903.4595263003,,4178.09093647405
HMCN1,LAMA2,461.663553125287,256.852438076466,0.001,5628.99731943725,0.950864750625946,0.674471125622259,0.0862173036443918,2.06208266990449,0.347603953884151,5.9322762208618,455.945564715241,416.001609887322,9,3,2,172,186,239.671228631859,790.925431798185,63.870802429616,666.162906766526,,12880.3392451369,895.295052256775,19885.4580457139
HMCN1,LRP1B,476.484685353415,253.738103318338,0.001,2007.84033932352,0.947423964422279,0.88010297052564,0.207718296595101,2.91373804313804,1.02091673221135,2.85404083526651,455.945564714631,304.030486266687,8,13,3,162,186,247.340465247498,816.439456330601,139.544537348521,417.882901023564,,4107.5781535041,469.664918215212,6123.2853009208
HMCN1,LRP2,403.19535734118,306.306216236855,4695.62507557551,3692.75979436974,0.90147471047396,0.89460192122352,0.0141385985833411,3.24947264562033,0.473549464864487,6.8619497786788,455.945564716249,389.503246902233,8,4,3,171,186,190.844493569292,726.294421405095,101.584668043762,666.793427646534,,24105.3438641848,,16097.7415155811
HMCN1,LRRIQ1,373.929879074577,512.635922798916,24755.0742877977,0.001,0.470241876045246,0.970433412806669,0.0128208339603286,2.13740861206965,0.201598164934045,10.6023217660187,455.945564715241,496.300481108222,9,1,2,174,186,179.65424777111,674.22179998933,127.477945891887,1329.49759019409,3206.60114995828,368407.849654646,,19420.570328876
HMCN1,MACF1,296.415427205196,278.522722733097,0.001,12015.0357670969,0.98130893579287,0.555389317918778,0.178189600618665,0.942557481424589,0.0997714914063847,9.44716239216477,293.204526086255,546.029779639749,4,1,1,119,125,106.276542660815,637.276842627378,15.8913732742308,1226.57637810649,,29811.3230589004,641.674979724921,73111.9660535005
HMCN1,MED12,380.275020172521,749.698657889716,6088.28622446027,5161.32147379079,0.835843828640317,0.957524689916823,0.0158880151496126,3.14683614681375,0.480072698335182,6.55491586529809,455.945564716249,862.991427762054,8,4,3,171,186,176.316694798934,696.566814356659,266.697626446671,1566.95130275087,,26082.0581084049,,30064.899856668
HMCN1,NF1,469.739867891621,1016.58468465378,0.001,4555.60536647781,0.908688565673043,0.795526246305648,0.734653793761883,1.04470041331513,0.528517446553982,1.97666211423434,455.945564715665,1126.30141113163,10,7,1,168,186,243.846018036172,804.850038845725,436.73430010458,1966.58361821869,,4570.84077662446,254.555730967895,21881.8427688124
HMCN1,NRAS,458.745785170481,2977.37912867797,0.001,0.001,0.935831750595424,0.945978074179816,0.885281759747946,1.53544105202757e-07,0.116394538317287,1.31916933064507e-06,455.945564713963,2895.62915650264,11,2,0,173,186,238.167679367091,785.870672885493,495.063315665422,9194.12633555531,,16373.0256865655,,104596.572185901
HMCN1,PBRM1,375.312244021673,704.544139582589,11328.9066183605,0.001,0.874075598972529,0.982882519774695,0.0453654520577668,2.01986716242398,0.272482201911306,7.41284072227755,455.945564715064,684.572099396016,9,2,2,173,186,180.317488939708,676.732096697621,218.711988474219,1636.94305003312,1630.00980985435,68190.5354873252,,24024.7967847311
HMCN1,PEG3,375.005221586834,193.149151676335,12872.4118217583,0.001,0.643922690948856,0.972169239790876,0.0345894032402231,2.17393953281065,0.275092268533304,7.90258317473384,455.945564715064,187.428292991199,9,2,2,173,186,180.169558024947,676.167573562432,59.958561682819,448.765267589458,1872.43107902126,74476.4008164295,,6180.6757257369
HMCN1,PIK3CA,336.124377093854,1261.58489129824,8022.41114125175,0.001,0.884040893244076,0.985011198037776,0.0181540420836093,3.13863108103515,0.509649290799056,6.15841351631087,455.945564717148,1233.51236681377,8,5,3,170,186,153.580287457369,625.821927785719,576.462245490357,2348.76672706456,1846.59518003553,26060.2884080019,,30674.4378364332
HMCN1,PLEC,456.362185744335,0.001,1192.23983073028,3897.03023203816,0.999994528545725,0.414803709773506,0.00318075965743511,2.15205962185484,0.136771287185515,15.7347325315131,455.94556471392,106.895190297282,9,0,2,175,186,236.93943421388,781.74221166914,,114.26094260921,,,622.989817264366,13501.441798911
HMCN1,POLE,456.164923588761,0.001,3189.49723255422,16682.0308486134,0.999997627213547,0.408068547806669,0.000124264510615732,3.21027537020509,0.189714987521437,16.9215696247632,455.945564716249,394.372924241738,8,0,3,175,186,236.837461176909,781.402988805395,,309.46359032398,,,3933.9916699855,49626.373435186
HMCN1,PREX2,459.998847611663,211.635563295603,0.001,8155.25963906858,0.975625595806162,0.82524533496754,0.00832195938941423,3.12910722001831,0.395132901850124,7.91912595829643,455.945564714954,413.460400022702,8,3,3,172,186,238.815669353431,788.030902291839,52.6287019000156,548.849000294402,,17840.8774920619,1914.34512801481,24619.532051842
HMCN1,PTPRT,458.791571032223,73.8222805008006,0.001,6289.26406168324,0.986311782285309,0.58406063150061,0.000284419062035675,4.14472738657233,0.401273966438065,10.3289217174074,455.945564713227,217.078046563498,7,2,4,173,186,238.201566030867,785.938235028857,12.2744586995922,227.968140415555,,28211.2967248808,1781.27424091412,18125.5451166273
HMCN1,RASA1,461.439172117438,305.221587030837,0.001,6682.10304825065,0.953859474216579,0.69522677879024,0.087523962528438,2.07140872887677,0.352684002106352,5.87327102024926,455.945564713662,494.314011217545,9,3,2,172,186,239.556700709787,790.531015590627,75.8984113521375,791.615751145158,,12857.5792149822,1057.82842289048,23973.2172578948
HMCN1,ROBO2,460.02558199962,108.109189315207,0.001,3516.00615271168,0.954330180502725,0.661320490045849,0.0524991509795398,2.02472911440241,0.277541074977358,7.29524130641778,455.945564715654,210.046271448717,9,2,2,173,186,238.823672268536,788.105606399837,17.9750313987083,333.874106318621,,19601.526889112,557.1835812784,12568.7607275705
HMCN1,ROS1,421.519595890316,477.392051428496,4009.67420237011,9566.35832749916,0.955616776936833,0.847071132340178,0.00916130758466593,3.04743267307314,0.392048210713698,7.7731069541817,455.945564714261,713.137975254748,8,3,3,172,186,204.485651013522,747.320072620124,123.693541465741,1176.18817577101,,29547.7751543425,,34870.015883469
HMCN1,RYR1,302.904374742973,227.110825805167,0.001,2380.71497838002,0.965991191114632,0.723682656793212,0.466965522535734,0.943427116028768,0.247002841292434,3.8194990433807,293.204526085948,278.027544666481,4,4,1,116,125,108.595054477816,651.333578600636,70.490413780533,527.842836101554,,6042.47197386228,127.529935303008,14278.4966431561
HMCN1,SACS,301.192385393447,757.37969077079,4217.93776831842,0.001,1,0.959607352519794,0.0329575010339509,3.8084043293358,0.981133794584736,3.88163607283317,455.945564713323,739.177887648172,7,11,4,164,186,129.389895591753,582.699657678486,435.717252409969,1208.33455655259,1248.12960496044,10941.2643746408,,9982.14923865914
HMCN1,SF3B1,412.349380206691,1310.71174223837,5258.40655319693,41960.8796304031,0.935720286384635,0.774593401396353,0.00055801447092225,4.28732596049713,0.457334854228205,9.37458827128405,455.945564712129,2181.5041059344,7,3,4,172,186,195.871043518208,737.662948896642,341.002501322796,3208.77094727071,,34416.7152799907,3785.4361503057,140371.289425484
HMCN1,SMAD4,432.483459402378,2682.82058285434,989.889866907703,0.001,0.992831331380561,0.993430896698581,0.98894730517501,1.00310006942766,0.920743037843915,1.08944627132517,455.945564712889,2601.01344483605,10,14,1,161,186,216.659263616614,758.876490585578,1543.25771804783,4279.52824864693,55.8559860285458,4555.16818806251,,20035.4629843639
HMCN1,SPHKAP,292.389246550416,868.104411293322,16884.3931466348,0.001,0.482457074767683,0.950812473419618,0.000451519939536978,4.24907427524441,0.455645949167177,9.32538582425852,455.945564714218,848.404460452882,7,3,4,172,186,125.616772917798,565.574016450024,372.944361011358,1678.97836809835,4288.02047195807,68645.3853011913,,20798.2086823025
HMCN1,SPTA1,336.446845060516,419.684739263074,7704.81709142908,0.001,0.704085548397302,0.953584682745521,0.0206909447177749,3.11011313437836,0.51901505875168,5.99233698894733,455.945564716702,408.808891375459,8,5,3,170,186,153.723356503082,626.42380413316,191.774695476377,781.415222231872,1747.63094836207,26005.0742287619,,8023.39687376046
HMCN1,SYNE1,255.527756959405,471.291351396934,6703.4935267476,0.001,0.654751755416865,0.981966342115719,0.00169585429666737,5.37028254338172,0.985138172055697,5.45129880834432,455.945564713976,462.23463172229,6,10,5,165,186,101.547860849771,517.914927472398,271.151879461942,751.825320733233,2245.90516832818,16623.6271864426,,8235.20712990285
HMCN1,SYNE2,263.2107910185,843.318184650917,3708.37898257764,7506.3735841492,0.880666008773796,0.945022015711356,0.241172568243303,1.0784797724645,0.141537439084581,7.6197490885787,293.204526086276,974.626173989286,4,2,1,118,125,83.5349384528144,597.537270971759,153.100229474442,2405.5297471714,,39056.7669352853,,74157.2661340601
HMCN1,TENM1,383.889024440904,253.296526575719,7767.83214508201,5177.61363676087,0.880790582136728,0.877832422857146,0.000647758032237513,4.2784652456542,0.47749491961714,8.96023197290709,455.945564712129,361.294397585865,7,3,4,172,186,174.670852121407,704.82539856987,71.2936227992601,584.433245690611,,39628.3509759522,,20653.2449264232
HMCN1,TP53,324.892331636869,1373.24556429091,1526.30707571487,0.001,0.860536643429901,0.928036683608399,0.477922709167953,4.13525803193325,2.47107743358125,1.67346355712543,455.945564714497,1339.34191423582,7,36,4,139,186,139.544774882572,628.742377684808,989.594162022107,1845.84263066947,467.641945742198,3642.18240714768,,6462.11086112561
HMCN1,TTN,297.448031520816,448.488768620764,0.001,0.001,0.932023897337167,0.944048837178799,0.879899820652675,3.06148349523604e-07,0.103229189378644,2.96571494328657e-06,293.204526085948,435.615072818908,5,2,0,118,125,106.642231050976,639.543441707134,74.5654637784396,1385.28061334475,,10666.093636543,,16456.7311846088
HMCN1,XIRP2,462.033436356328,191.890134177706,0.001,7531.91269997129,0.960272457921664,0.388718727007791,0.00740114567245383,3.09792179022465,0.37342437090528,8.29598181477674,455.945564715688,375.215368910326,8,3,3,172,186,239.872903206493,791.548357760628,47.7192076779443,497.642901440845,,14719.8224957612,1783.81922600195,22164.2998484525
HMCN1,ZFHX3,278.999129057943,133.55142948791,3513.20232017678,13890.9571087875,0.945466811633094,0.312480507259298,0.00623851530344491,2.29772276828623,0.143322258612334,16.0318626745985,293.204526086495,310.699805728247,3,1,2,119,125,90.8620672600605,618.103975461317,7.77092287988422,561.663149690798,,101184.568987656,1088.15708242997,71555.6558967221
HMCN1,ZNF521,376.76729391352,449.565103210376,7412.39999905203,0.001,0.683478117319488,0.967997516380889,0.0819734949087629,2.31823433497096,0.402033167873946,5.76627631802216,455.945564715953,437.194808266503,9,4,2,171,186,181.014480716362,679.354757439104,178.668981618255,911.112831207343,1151.37231972407,29058.7198342569,,10393.0213205894
HMCN1,ZNF536,299.796872059498,262.950566086283,0.001,0.001,0.896820135989789,0.886663981329341,0.795225689226592,8.87876119558609e-07,0.233027710014932,3.81017398961573e-06,293.204526086476,256.618557388221,5,5,0,115,125,107.483617976603,644.571527406781,94.2805457736522,565.300898199566,,5638.40286735566,,4541.43247850249
HYDIN,IDH2,,,,,,,,,,,,,6,0,0,119,125,,,,,,,,
HYDIN,KMT2C,546.093688317985,284.367009794647,0.001,0.001,0.971132944683152,0.938919120850943,0.911822715391866,3.19044720968609e-07,0.113075316754848,2.82152400828832e-06,543.342517181346,275.51368451427,6,2,0,117,125,217.005990602656,1106.97066360535,47.2812386469105,878.224630415385,,44589.45019341,,9033.11927503725
HYDIN,KRAS,585.782507842553,13083.5750488168,0.001,0.001,0.642881245916923,0.648259967159743,0.417118662107197,7.31018045580997e-07,0.714121840613386,1.02366011513259e-06,543.342517179752,12694.5779238191,6,15,0,104,125,232.709114440488,1188.01554671281,7523.7150751107,20886.2071175963,,2501.31070125836,,59876.6679054408
HYDIN,LAMA1,547.875087118833,44.6977872911533,0.001,0.001,0.952344452200176,0.963140810508784,0.917250363067081,8.18444156270876e-07,0.0635326702101457,1.28822565392534e-05,543.342517181527,43.0432146031257,6,1,0,118,125,217.706571690856,1110.64361173572,2.55026170779046,196.84118079744,,36997.3130265546,,2391.33347401103
HYDIN,LAMA2,553.385054170143,245.345177225443,0.001,0.001,0.898046489505076,0.927614488614564,0.83307983633977,3.9562997046624e-07,0.124849855266316,3.16884604809775e-06,543.342517184012,236.19993447969,6,2,0,117,125,219.879742245685,1121.96565379595,40.7911662080135,757.808760056527,,12367.4907774692,,6545.70237173974
HYDIN,LRP1B,566.480770291016,166.311725584057,0.001,0.001,0.782847401729186,0.809822531272744,0.634123386385501,1.49423466810905e-06,0.347240328418695,4.30317145163893e-06,543.342517181325,160.446570804518,6,6,0,113,125,225.060412187484,1148.70419137378,66.0847774081081,337.159537291284,,4616.94864340785,,1572.35097072911
HYDIN,LRP2,551.036127006967,162.635604816349,0.001,0.001,0.920970195326207,0.930106284579235,0.856628242202593,5.16922664338913e-07,0.121212744711791,4.26459004428952e-06,543.342517183108,156.800005078906,6,2,0,117,125,218.95193713866,1117.14175441527,27.040335826985,502.316493426097,,17822.7881865177,,4502.5815090693
HYDIN,LRRIQ1,542.172072824084,0.001,1468.50456272522,7227.88317756152,0.999985761948352,1,0.0672227432390513,0.841757733421521,0.0608803944158581,13.8264172152318,543.34251718415,234.678177131114,5,0,1,119,125,215.449561387,1098.99378010986,,509.174494731121,,,397.577973913131,37657.9634687339
HYDIN,MACF1,556.151026371658,567.873732322513,0.001,0.001,0.87204336351996,0.925620886136359,0.807235434814899,2.46755529129897e-07,0.127847529796865,1.93007662738547e-06,543.342517181501,546.029779636635,6,2,0,117,125,220.967979887393,1127.65255733251,94.4116896062959,1754.1515282034,,9285.77505248245,,14768.8729668474
HYDIN,MED12,549.955022429963,182.279697219033,0.001,0.001,0.931484772634643,0.96243364442307,0.896507504413326,2.44849379649453e-07,0.0626930112389386,3.90552909823187e-06,543.342517181337,175.381149607909,6,1,0,118,125,218.518617573067,1114.92145329383,10.4000675223287,802.770192727623,,25167.9220333492,,9568.73993660956
HYDIN,NF1,568.784197647251,1447.8025998507,0.001,0.001,0.764593645130882,0.782399711782625,0.598410313817872,5.66034076087893e-07,0.414936381110794,1.36414665441629e-06,543.342517180531,1396.72522695301,6,7,0,112,125,225.971375924353,1153.4108003785,621.898789596676,2801.45197799795,,4188.83257866839,,11760.6186761694
HYDIN,NRAS,515.752287164163,2892.64334435551,8797.61232051061,80996.4543565063,0.964793058053599,0.925669423686853,0.138924603661876,1.11789309438132,0.091738901997686,12.1855948789262,543.342517181922,4309.65905860943,5,1,1,118,125,192.617634062058,1072.85441090197,175.26238711755,11639.7123233495,,227546.292569068,,554011.524870686
HYDIN,PBRM1,546.799690141924,251.294901592337,0.001,0.000999999999976353,0.963434426882495,0.965004734932013,0.929724236927436,1.92051640817911e-07,0.0623532729100969,3.08005709812247e-06,543.342517181337,242.475384174142,6,1,0,118,125,217.283058696098,1108.43156859056,14.3380115710568,1106.62624864236,,48786.4807147927,,14168.5541966839
HYDIN,PEG3,,,,,,,,,,,,,6,0,0,119,125,,,,,,,,
HYDIN,PIK3CA,456.522146538241,666.564214567656,9344.80065434216,0.001,0.814736308833136,0.987805157545809,0.277412888450779,1.0450536146434,0.1721238734091,6.07152043435336,543.342517184725,648.852398106499,5,2,1,117,125,163.678596901213,981.520075294392,165.751998892859,1728.79006788274,488.939105383165,68440.7550366395,,27829.6179904929
HYDIN,PLEC,544.375558171589,0.001,1085.50326763816,2538.67490054421,0.999988778054403,0.489186153711102,0.0624405383810736,0.907177529236047,0.0622354979531315,14.5765288151021,543.342517181292,78.3772562401924,5,0,1,119,125,216.331370326727,1103.41461851057,,165.717817192354,,,140.076850590951,12970.0261123527
HYDIN,POLE,549.924063987875,194.439102950149,0.001,0.001,0.931576831009003,0.969753398007834,0.903409030233301,2.05749151690419e-07,0.0558065916962095,3.68682525552611e-06,543.342517181337,188.522851761284,6,1,0,118,125,218.509245882654,1114.87365689186,11.0940630009801,856.217690299786,,25241.2654323458,,12685.1345182242
HYDIN,PREX2,549.976844640025,202.293055567244,0.001,0.001,0.931193332233783,0.93599522378753,0.871610167144492,4.26212578610516e-07,0.118367125495695,3.60076817634653e-06,543.342517183123,195.675387687598,6,2,0,117,125,218.539314501945,1114.924182417,33.6348772543895,624.756281472538,,18588.7981478115,,6127.28671880312
HYDIN,PTPRT,550.693555627313,106.472637452999,0.001,1615.70734948651,0.993538563227965,0.935484123568919,0.381155338058729,0.865698732454688,0.181177905586594,4.77816944429203,543.342517183636,154.86684674124,5,2,1,117,125,218.817543031641,1116.41717049531,17.7027170620715,328.845484813123,,35931.7149417791,89.0950099959164,8309.36875160379
HYDIN,RASA1,552.916999379463,287.750018447754,0.001,0.001,0.902496387709424,0.926598029901646,0.836287401777228,3.6479175485795e-07,0.12813272267888,2.84698355916602e-06,543.342517183142,276.883569055612,6,2,0,117,125,219.697491450196,1120.97414672203,47.8413017783009,888.786887703599,,12620.2475758685,,7588.90588344998
HYDIN,ROBO2,550.491890699072,76.8872263219392,0.001,0.001,0.926065755658067,0.962375046708065,0.891239517811884,5.15269428209321e-07,0.0649145071291093,7.93766218057382e-06,543.342517181325,73.9705091335183,6,1,0,118,125,218.733517920258,1116.06143472159,4.38683631763747,338.619572123777,,23190.9430453389,,4032.5487369445
HYDIN,ROS1,461.044703934677,710.680055720661,4933.40707417133,0.001,0.98218818965684,0.980612637116974,0.474847254164902,0.872575234212489,0.22939461349511,3.80381745202177,543.342517180963,690.188411196207,5,3,1,116,125,165.286294114182,991.394850076224,220.600030866651,1651.40285678722,259.316454208185,34326.0637153073,,20246.0617885593
HYDIN,RYR1,569.531048205105,289.580313766025,0.001,0.001,0.758424225776583,0.820319521792584,0.622347489221067,8.9647780463116e-07,0.308154561006306,2.90918233273469e-06,543.342517182314,278.027544666529,6,5,0,114,125,226.257421438951,1155.01817268501,103.803835789229,622.817734030602,,4099.96746922431,,2916.6759797567
HYDIN,SACS,560.761757058629,282.946160849073,0.001,0.001,0.830696435487748,0.868469231857592,0.721524812254464,6.92674791283668e-07,0.23845997904561,2.90478424956659e-06,543.342517180531,272.994692576865,6,4,0,115,125,222.799645880357,1137.00783694908,87.8249083008028,657.530545468547,,6224.88919051488,,4014.55171607628
HYDIN,SF3B1,551.52892140461,904.750318180615,0.001,0.001,0.840171744688628,0.934655768854658,0.856143721541193,1.82733354475717e-07,0.117192837666549,1.55925360383927e-06,543.342517181337,874.44564759874,6,2,0,117,125,219.147300813977,1118.14782102996,150.429372972803,2794.28137434105,,15998.8898846565,,26829.6640277037
HYDIN,SMAD4,276.481726283599,1752.76102729402,12350.268759889,0.001,0.783826170098153,0.995925080003847,0.00649116246569522,2.76276105615016,0.369278204761629,7.48151670075828,543.342517182929,1723.94670324668,3,4,3,115,125,68.7484237550758,717.150085527252,753.017990660715,3390.61896778472,2779.72286364556,43218.17321449,,73827.5013190252
HYDIN,SPHKAP,550.461773913629,548.173323806748,0.001,0.001,0.926762421801335,0.905432371160679,0.839148175131908,3.29640240088677e-07,0.169664604195613,1.94289340225981e-06,543.342517179978,530.193702208639,6,3,0,116,125,218.730937825583,1115.91717341645,136.311139904408,1421.75423715091,,17176.3923846149,,11026.5588016067
HYDIN,SPTA1,554.130445794424,380.650779479552,0.001,0.001,0.891672308683715,0.841581965903517,0.750478451787464,6.90123499437478e-07,0.288318023826693,2.39361899848588e-06,543.342517182752,367.606718407044,6,5,0,114,125,220.185978241902,1123.37688588368,136.478138262109,818.375495540014,,10125.7406969039,,4403.61664704436
HYDIN,SYNE1,464.895844774826,314.439386504817,3455.23927739422,0.001,0.723103584302857,0.914157314156367,0.563070732545944,1.1539745344574,0.403545642017008,2.85958864204205,543.34251718027,304.402957565606,5,6,1,113,125,166.66581213673,999.748010888038,135.068267407695,608.352089948589,187.646276037093,19282.6296091974,,4258.35383156184
HYDIN,SYNE2,553.093052868104,1009.49416195125,0.001,0.001,0.811080307698137,0.900917651935048,0.81189118845307,2.63968532905265e-07,0.175503242681169,1.50406641423035e-06,543.342517182244,974.626173989349,6,3,0,116,125,219.767003283786,1121.33429798226,251.017181169256,2618.42763278154,,12364.799851271,,19371.898047876
HYDIN,TENM1,551.463919182848,150.907747469015,0.001,0.001,0.916745949336693,0.927994801667766,0.850767069189487,5.59454725318834e-07,0.123520469586742,4.52924707289877e-06,543.342517180648,145.321772495656,6,2,0,117,125,219.121994204022,1118.01685715361,25.0900371816098,466.103571388058,,16249.0689606737,,4052.75004968852
HYDIN,TP53,390.202724495432,869.965626006832,2473.59637400553,0.001,0.778065088425647,0.927116793034879,0.477497371222664,2.07028564705498,0.949201865216342,2.1810804665698,543.342517182007,849.973700932244,4,16,2,103,125,121.0890180641,907.112427064028,527.112068736758,1337.07230742522,402.07528030796,8139.92908584474,,8042.33455214207
HYDIN,TTN,549.316559285868,225.714646675641,0.001,6131.15550042752,0.962859034096468,0.837912661426376,0.261827509028792,0.850486430560641,0.133583437289185,6.36670569210976,543.342517182047,435.615072818194,5,1,1,118,125,218.268590162616,1113.67984804232,12.8780317332103,994.092559990691,,71712.5819062874,337.76444937958,31746.1389063109
HYDIN,XIRP2,558.669411023996,280.706888947781,0.001,0.001,0.849042392315154,0.913521608380514,0.775670304134403,4.64087116370041e-07,0.160829721586635,2.88558054936411e-06,543.342517181325,272.257282360241,6,3,0,116,125,221.961052322711,1132.82877585115,69.8018120441855,728.048377941191,,7495.54590719432,,6199.43518412305
HYDIN,ZFHX3,552.069223695676,212.992817549495,0.001,3440.18764674369,0.99006420486274,0.752110389770721,0.356853221831303,0.933319334367676,0.184936408427545,5.0467041200994,543.342517181374,310.699805729271,5,2,1,117,125,219.368796240436,1119.17913115506,35.4134024922376,657.826711768732,,27818.0310536481,189.71118100527,17625.567752336
HYDIN,ZNF521,546.366865890983,212.043822863833,0.001,0.001,0.96837352790009,0.932953159735922,0.903454350543492,4.20787671710082e-07,0.121240979378561,3.47067199446005e-06,543.342517181211,204.79040691931,6,2,0,117,125,217.114300686013,1107.52823950848,35.2561868416595,654.864706032706,,40563.150062428,,6124.09496151404
HYDIN,ZNF536,460.824488309957,264.298264500699,4783.66439934335,0.001,0.796659761680787,0.969994179132787,0.464248379145942,1.10527189792144,0.298011227978923,3.70882636005784,543.342517183308,256.618557388363,5,4,1,115,125,165.215199300654,990.836149706156,94.7629295420211,568.207855675688,259.579933651907,26797.5650889092,,5953.87325111236
IDH2,KMT2C,,,,,,,,,,,,,0,7,0,179,186,,,,,,,,
IDH2,KRAS,,,,,,,,,,,,,0,21,0,165,186,,,,,,,,
IDH2,LAMA1,,,,,,,,,,,,,0,7,0,179,186,,,,,,,,
IDH2,LAMA2,,,,,,,,,,,,,0,5,0,181,186,,,,,,,,
IDH2,LRP1B,,,,,,,,,,,,,0,16,0,170,186,,,,,,,,
IDH2,LRP2,,,,,,,,,,,,,0,7,0,179,186,,,,,,,,
IDH2,LRRIQ1,,,,,,,,,,,,,0,3,0,183,186,,,,,,,,
IDH2,MACF1,,,,,,,,,,,,,0,2,0,123,125,,,,,,,,
IDH2,MED12,,,,,,,,,,,,,0,7,0,179,186,,,,,,,,
IDH2,NF1,,,,,,,,,,,,,0,8,0,178,186,,,,,,,,
IDH2,NRAS,,,,,,,,,,,,,0,2,0,184,186,,,,,,,,
IDH2,PBRM1,,,,,,,,,,,,,0,4,0,182,186,,,,,,,,
IDH2,PEG3,,,,,,,,,,,,,0,4,0,182,186,,,,,,,,
IDH2,PIK3CA,,,,,,,,,,,,,0,8,0,178,186,,,,,,,,
IDH2,PLEC,,,,,,,,,,,,,0,2,0,184,186,,,,,,,,
IDH2,POLE,,,,,,,,,,,,,0,3,0,183,186,,,,,,,,
IDH2,PREX2,,,,,,,,,,,,,0,6,0,180,186,,,,,,,,
IDH2,PTPRT,,,,,,,,,,,,,0,6,0,180,186,,,,,,,,
IDH2,RASA1,,,,,,,,,,,,,0,5,0,181,186,,,,,,,,
IDH2,ROBO2,,,,,,,,,,,,,0,4,0,182,186,,,,,,,,
IDH2,ROS1,,,,,,,,,,,,,0,6,0,180,186,,,,,,,,
IDH2,RYR1,,,,,,,,,,,,,0,5,0,120,125,,,,,,,,
IDH2,SACS,,,,,,,,,,,,,0,15,0,171,186,,,,,,,,
IDH2,SF3B1,,,,,,,,,,,,,0,7,0,179,186,,,,,,,,
IDH2,SMAD4,,,,,,,,,,,,,0,15,0,171,186,,,,,,,,
IDH2,SPHKAP,,,,,,,,,,,,,0,7,0,179,186,,,,,,,,
IDH2,SPTA1,,,,,,,,,,,,,0,8,0,178,186,,,,,,,,
IDH2,SYNE1,,,,,,,,,,,,,0,15,0,171,186,,,,,,,,
IDH2,SYNE2,,,,,,,,,,,,,0,3,0,122,125,,,,,,,,
IDH2,TENM1,,,,,,,,,,,,,0,7,0,179,186,,,,,,,,
IDH2,TP53,,,,,,,,,,,,,0,40,0,146,186,,,,,,,,
IDH2,TTN,,,,,,,,,,,,,0,2,0,123,125,,,,,,,,
IDH2,XIRP2,,,,,,,,,,,,,0,6,0,180,186,,,,,,,,
IDH2,ZFHX3,,,,,,,,,,,,,0,3,0,122,125,,,,,,,,
IDH2,ZNF521,,,,,,,,,,,,,0,6,0,180,186,,,,,,,,
IDH2,ZNF536,,,,,,,,,,,,,0,5,0,120,125,,,,,,,,
KMT2C,KRAS,718.146511739996,11638.1552770793,0.001,39046.3015245761,0.951644941038144,0.9029018167864,0.859492068074204,1.17384947542222,0.764623283507382,1.53519975227238,680.32175086951,12046.8596046502,6,20,1,159,186,308.530451107237,1389.20341696789,7251.07609234788,17518.5656341014,,6093.38986405383,2166.08868356996,194484.790132374
KMT2C,LAMA1,687.710068940687,123.247519574271,0.001,8197.13479391856,0.988951165393892,0.642509479798654,0.00166292679690851,3.38396394254087,0.291541533829986,11.6071418644393,680.321750874162,213.698155932872,4,4,3,175,186,295.480535410408,1330.12984503771,38.2608124949342,286.332703398533,,36955.6434102543,1854.24776281042,28504.8785839268
KMT2C,LAMA2,687.354381223767,252.380547454083,0.001,13435.9678044395,0.975300487372431,0.508107947503401,0.017984675395547,2.41438501179718,0.20545838491517,11.7512118709296,680.321750875422,416.001609886792,5,3,2,176,186,295.325248764658,1329.45975286239,62.7614992642707,654.504615420624,,36438.1381355662,2109.95613168526,50080.6793308081
KMT2C,LRP1B,709.29572133977,269.695516012627,0.001,2544.21681039362,0.967737870030836,0.8224078143975,0.251289261129753,2.18956161174681,0.643359501047877,3.40332521425508,680.321750872065,304.030486266749,5,14,2,165,186,304.733281734024,1372.04007408737,151.905138657133,436.765855450355,,9329.00698379392,400.820694694297,9385.82691911695
KMT2C,LRP2,689.672392989374,224.9418022146,0.001,13350.3258124706,0.973267396062832,0.550664170637624,0.00226155788439777,3.20663659680158,0.289816763928385,11.0643585737986,680.321750876606,389.503246901861,4,4,3,175,186,296.318869233094,1333.95514470196,69.8299012686518,522.604041957991,,28465.2820326701,3021.48588677233,46502.9726436442
KMT2C,LRRIQ1,681.975023007762,167.113335498561,0.001,28871.4441352056,0.99705900094745,0.668021965900858,0.00392401389321241,2.50427314778317,0.121514314350816,20.6088736225203,680.321750874166,496.300481107131,5,1,2,178,186,293.020814978236,1319.00475092945,9.5352447135157,735.817234490087,,247310.725225103,4519.83698374272,108803.606516667
KMT2C,MACF1,279.302972144519,547.824130614045,0.001,0.001,0.973137259244868,0.993641461217956,0.966950439310532,1.00379573451503e-07,0.0362395195136064,2.76989250406078e-06,275.51368451427,546.029779640603,2,2,0,121,125,46.4402878733309,862.533685241726,91.0867467026632,1691.86508863819,,23958.0954791513,,203742.852208391
KMT2C,MED12,688.826528147202,497.620264520621,0.001,33645.6642732641,0.978177551242454,0.480715840087468,0.00157423392356943,3.39651759126722,0.285645196816747,11.8906868699992,680.321750874166,862.991427762514,4,4,3,175,186,295.957751364913,1332.30910510529,154.479363565377,1156.12464098325,,31811.401291222,7603.55351584892,117140.683943142
KMT2C,NF1,695.991806005474,854.829944876087,0.001,21514.5372225476,0.945369888261225,0.430673390989309,0.0546269368717295,2.35865150518753,0.324636054583594,7.2655254149541,680.321750873937,1126.30141113244,5,6,2,173,186,299.027943828934,1346.22784393496,339.730209453359,1732.45974844988,,15066.1196817483,3385.10590634521,79697.7726706747
KMT2C,NRAS,685.258967006404,2942.30151980978,0.001,0.001,0.951042736890916,0.968617777842272,0.9211992354378,6.70201452546842e-08,0.0721721687376832,9.28614816859329e-07,680.321750869345,2895.6291565585,7,2,0,177,186,294.426985840751,1325.3922167833,489.2377029717,9085.65013020945,,32090.6607880263,,185376.606003392
KMT2C,PBRM1,683.84453633671,346.290434429536,0.001,26383.9854367831,0.995377088185576,0.790172259493979,0.0113926742534255,2.34565201130509,0.165525753205485,14.1709188200653,680.321750874166,684.572099396016,5,2,2,177,186,293.826372008086,1322.64974129231,57.5792679820739,1069.31276468899,,79131.3478068552,4149.20007079255,97834.1333562695
KMT2C,PEG3,683.622071201316,94.7978947916969,0.001,7299.75525754659,0.997255917944196,0.833989603128258,0.0111853870790633,2.36385864365098,0.167137668075168,14.1431831069216,680.321750874166,187.428292991203,5,2,2,177,186,293.726709488496,1322.19690644167,15.7627333788995,292.729370242871,,84407.9967874197,1147.95827735285,27081.4034156523
KMT2C,PIK3CA,494.555702591182,1253.23395608671,10313.9625811568,0.001,0.881886893086798,0.983975960896337,0.0822690768694034,2.08465367584883,0.330919050485312,6.29958798924259,680.321750868338,1233.51236681546,5,6,2,173,186,177.337479190947,1063.0518955609,572.654914613572,2333.16496091474,1636.98043296635,36916.7986087566,,39316.9046811626
KMT2C,PLEC,683.848491566914,54.2259379055782,0.001,3536.6301075638,0.980642026621475,0.597106593316024,0.117407363534122,1.19181564838336,0.0819813197095694,14.5376489742485,680.321750874166,106.895190297062,6,1,1,178,186,293.820225853478,1322.65726213774,3.09401802482376,238.768354787641,,111122.428560331,196.447574790427,17494.4163313481
KMT2C,POLE,683.450537917373,133.360472918991,0.001,16685.6023401707,0.98479128236405,0.683854572731308,0.00720604625157938,2.04150813934645,0.121101303348484,16.8578543987406,680.321750874166,394.372924241964,5,1,2,178,186,293.652046261005,1321.88687245557,7.60944573867063,587.224203740443,,141538.342796092,2620.2160838827,62282.987166545
KMT2C,PREX2,687.810890034937,278.887667055996,0.001,10553.6725866957,0.988994163446473,0.752584195081963,0.0307563557552719,2.34359104948,0.243093416733195,9.64070142653096,680.321750876606,413.460400024872,5,4,2,175,186,295.522813683406,1330.32797531836,86.5773931937401,647.915196026224,,34660.3773167214,1659.68811541228,39140.2494702311
KMT2C,PTPRT,688.947051137086,146.688041269221,0.001,4874.5431080828,0.984168037016759,0.782051955717282,0.0389421114533532,2.16021805106506,0.24949663235172,8.65830544766536,680.321750874166,217.078046562869,5,4,2,175,186,296.008396463205,1332.54857219432,45.5370390608621,340.800544213305,,30996.6587500661,766.529024574941,18102.057746663
KMT2C,RASA1,687.09074493922,299.63221192549,0.001,17217.2984338487,0.975037234410276,0.461302457406568,0.0156271811051609,2.53466788616004,0.207779923921575,12.1988103485721,680.32175087073,494.314011225175,5,3,2,176,186,295.213012312697,1328.9421817201,74.512256705657,777.036584022487,,36405.6627216014,2698.1294791168,64673.6370221105
KMT2C,ROBO2,685.571962593865,106.149969062861,0.001,8776.01811476951,0.976397384570651,0.432767256978521,0.00960385251901142,2.47593788130523,0.167223130754306,14.8061926010884,680.321750876606,210.046271448717,5,2,2,177,186,294.560734987057,1326.00188835837,17.6500663996949,327.796153697042,,51906.9146812085,1376.7964489386,32836.1789257752
KMT2C,ROS1,689.135820868612,481.456544069112,0.001,17017.7087919645,0.979833867303239,0.676236735598747,0.0345138925418272,2.22214436378801,0.239816780548732,9.26600865337054,680.321750876606,713.137975254859,5,4,2,175,186,296.091964321981,1332.92483510685,149.460079441884,1118.54048336271,,29497.7402646579,2678.56517595108,62940.3912985747
KMT2C,RYR1,283.707074581765,279.624528944727,0.001,0.001,0.94328352976637,0.972681072540349,0.917521287757173,3.43622134635346e-07,0.0922350525284971,3.72550484024694e-06,275.513684515253,278.027544666581,2,5,0,118,125,47.1715567305316,876.185664941154,100.251883974471,601.22449976733,,9838.21626648143,,23898.2707015431
KMT2C,SACS,702.560004176583,546.366461497921,0.001,19261.051451735,0.966602581154907,0.604399316983222,0.00163195608745507,4.21509653612796,0.609959250656436,6.91045595519977,680.321750873409,739.177887647324,3,11,4,168,186,301.848855927272,1358.95957052012,283.666761295552,935.93402744891,,13519.1519742722,5145.00944305855,73098.0052363116
KMT2C,SF3B1,492.865340383637,2214.02383925245,12563.6262619654,0.001,0.907008345411829,0.988365681565029,0.0599299172670157,2.13557638518027,0.291911995354641,7.31582264231992,680.32175087073,2181.50410595226,5,5,2,174,186,176.731779193409,1059.41054340739,951.256653523122,4282.365122888,1961.47867518494,47752.9003123113,,83223.8221105597
KMT2C,SMAD4,608.458719350882,2657.5455367808,2307.46554064226,0.001,0.906983354876339,0.955130713886027,0.835080281262015,1.02022818603985,0.604400879074917,1.68799917631057,680.321750867367,2601.01344481252,6,14,1,165,186,241.809102711177,1233.20846405711,1528.94582987893,4239.60825351534,130.213989378044,10607.8378592312,,28287.2594645908
KMT2C,SPHKAP,688.788419003075,489.969696013754,0.001,28965.3220138738,0.985833373947672,0.67552889991372,0.00230266808089473,3.16299100029055,0.279667053078651,11.3098449226374,680.321750868658,848.404460462704,4,4,3,175,186,295.941881927822,1332.2297412937,152.105691899991,1138.31331866564,,33696.5663798282,6563.02168265929,100580.560928986
KMT2C,SPTA1,692.434136345051,310.97364644301,0.001,6594.24186121492,0.990216011470635,0.917701236631089,0.0780338552546293,2.10099337731054,0.327330012775148,6.41857848444155,680.32175087073,408.808891376171,5,6,2,173,186,297.506276953861,1339.31166461743,123.5923377552,630.21747727262,,22122.245693913,1037.45919297485,24454.4980667128
KMT2C,SYNE1,702.666196825579,373.71021336874,0.001,7404.88608057881,0.988144094860189,0.87372214832583,0.0270174786906803,3.22681319403475,0.607842371149848,5.30863484875302,680.321750868017,462.234631721436,4,12,3,167,186,301.890791430804,1359.14935582503,200.089981434828,626.905651623064,,13585.6905613614,1679.93762638641,25574.4824804598
KMT2C,SYNE2,279.803655689172,982.660796003617,0.001,0.001,0.945412548799813,0.975909674669816,0.946357736555331,1.28100159143413e-07,0.0540234595199914,2.37119503788922e-06,275.51368451427,974.626174004554,2,3,0,120,125,46.5236829442716,864.077343776453,244.362960012032,2548.42794010421,,19856.9897732691,,94763.8718271176
KMT2C,TENM1,688.458196039052,208.3482184033,0.001,14047.6152307064,0.980668490460851,0.525000588714024,0.00158639967361958,3.39761644764224,0.288790793234354,11.7649749480936,680.32175087073,361.294397587417,4,4,3,175,186,295.799835669637,1331.5923397236,64.6786526332867,484.05220725193,,33472.9423569646,3177.27001672757,48868.6657643302
KMT2C,TP53,757.48591124214,1179.54284493457,0.001,17883.1214813512,0.979744219106837,0.833112391578436,0.0135553427656806,5.05069789075602,1.55412069716216,3.24987492926299,680.321750870553,1339.34191422754,2,35,5,144,186,325.393459822714,1465.58377938324,830.12540623654,1615.94802247866,,5164.49223644775,5037.33736110109,93123.9693329025
KMT2C,TTN,278.623061012164,437.610740652731,0.001,0.001,0.977884112247503,0.991045754827155,0.969128877574914,1.11754565588031e-07,0.0371578066022056,3.00756626418842e-06,275.51368451427,435.615072819025,2,2,0,121,125,46.3276030417892,860.421318245771,72.7620510022412,1351.4389413773,,29997.3859467516,,115405.040887051
KMT2C,XIRP2,689.139904471969,189.782776082716,0.001,13852.0427638993,0.964819817073284,0.46658690788795,0.00156801210141832,3.04734742672101,0.237236159814014,12.8452063509629,680.321750875422,375.215368909607,4,3,3,176,186,296.088841135451,1332.9387728024,47.1951176485099,492.161404816569,,29719.1865992719,3134.32447374954,48345.5443649765
KMT2C,ZFHX3,281.196915497817,312.529996323454,0.001,0.001,0.960140223427683,0.982854819379876,0.943681352223408,1.90011430180326e-07,0.0543062422691382,3.49888746193562e-06,275.51368451427,310.699805729271,2,3,0,120,125,46.754646388672,868.413041017403,77.7169119139803,810.546790346545,,14866.2058173902,,43023.2428245967
KMT2C,ZNF521,687.369915856841,294.800931520438,0.001,11459.5571015435,0.991625038350186,0.778187882747718,0.0293591480819569,2.38318810799952,0.246016380659045,9.68711149076853,680.321750875264,437.194808267049,5,4,2,175,186,295.333757030498,1329.46679156559,91.5185201527396,684.875398836492,,36607.9806049567,1801.54555495204,42562.6094100152
KMT2C,ZNF536,281.627997908114,258.255185382632,0.001,0.001,0.957221259538835,0.969469418588505,0.928001140102166,3.45535182100579e-07,0.0894128738062139,3.86449028413361e-06,275.513684515341,256.61855738802,2,5,0,118,125,46.8269847677149,869.724099305535,92.5976741498215,555.093788325161,,13149.2485940805,,19755.7324471839
KRAS,LAMA1,12247.677243232,196.100225311658,1153.67380237708,485.639572679595,1,1,0.996981574189894,0.941138939816735,0.787558997609677,1.19500753933761,12046.8596035548,213.698155933715,20,6,1,159,186,7716.83276252023,18278.848357623,77.9320936171565,397.43573001212,,114769.253558262,10.128651630702,2274.41416174616
KRAS,LAMA2,10997.902047242,441.774212250305,107756.148682877,0.001,0.878340274901011,0.990795513312455,0.247765103394876,1.95989713803594,0.573635685439993,3.41662345593554,12046.8596037376,416.001609884424,19,3,2,162,186,6762.07685314194,16718.3214011761,158.394320696786,949.780710898318,16382.1321444185,467518.754320953,,5822.13920965339
KRAS,LRP1B,12616.6964094057,282.567875682924,0.001,639.380462743221,0.967664580819396,0.963554156871331,0.962359912724141,1.93818290492021,1.81315620410087,1.0689552839058,12046.8596038392,304.030486266333,19,14,2,151,186,7958.15093924654,18826.3059157748,159.12518940411,457.727941638171,,51901.623579595,104.616690378073,2053.56583700447
KRAS,LRP2,11551.5284714519,360.691620903116,44327.2915936127,904.054585116302,0.957035517345218,0.986627718520604,0.417187013828022,2.04715722896063,0.783256871792519,2.6136473265477,12046.8596038037,389.503246901027,19,5,2,160,186,7131.87061808537,17486.0042597924,136.357786199382,739.635176530211,,228465.389634352,,5298.29358628972
KRAS,LRRIQ1,11537.9599928447,529.436116403522,91284.8719234064,0.001,0.853719460402602,0.969401429632029,0.549357609209182,1.05224133049876,0.346697901985897,3.03503806764186,12046.8596037787,496.300481099505,20,2,1,163,186,7188.88150698908,17367.025177069,131.651984224756,1373.15634397207,4832.87854617421,635022.825961988,,8676.14117400848
KRAS,MACF1,12783.3194614119,291.4272540591,0.001,4116.46230267464,0.983442817986448,0.779390046913705,0.442595330817933,0.92740323893988,0.249940886467673,3.71049031651662,12694.5779233269,546.029779635643,14,1,1,109,125,7352.30417683949,20402.3611667663,16.6279504459053,1283.58370858824,,729191.799396979,232.039607983258,19004.803244468
KRAS,MED12,11423.6779696114,835.360817233225,48770.549150005,1325.77339674767,0.943447600340071,0.997734481003384,0.461986112478077,1.95755835958405,0.803920114187685,2.43501602340433,12046.8596041529,862.991427748695,19,5,2,160,186,7037.82045180474,17326.884458592,324.953921462571,1685.45551565116,,221278.800712266,,10212.143305178
KRAS,NF1,12368.0608084412,1203.35328145676,0.001,0.001,0.587735934169397,0.593802620096113,0.349251679059665,4.7305873115619e-07,0.919046666977579,5.14727650024469e-07,12046.859603763,1126.30141113998,21,8,0,157,186,7800.15691254616,18449.3265067392,549.766944548305,2240.91871576504,,45690.5507792479,,4341.57492374771
KRAS,NRAS,12098.3536014103,3080.8586984176,0.001,0.001,0.917847116503228,0.883577769051797,0.811005715251628,5.38411556221191e-08,0.241330767740676,2.23101082908643e-07,12046.8596047437,2895.62915654634,21,2,0,163,186,7631.01106371227,18043.9662053236,512.257499192164,9514.57996411843,,329005.095647156,,47018.9192222822
KRAS,PBRM1,11576.0960846655,726.881847867223,60089.7982571978,0.001,0.956612890334326,0.986638038283417,0.726652631107625,0.991865413099737,0.448775897461022,2.21015749444495,12046.8596037787,684.572099400589,20,3,1,162,186,7212.53935100806,17424.7931044228,225.636278269633,1688.95817720767,3261.6362292706,342322.074192105,,9960.20067871978
KRAS,PEG3,11574.606608589,199.506842242963,61031.2919337108,0.001,0.916024102288549,0.974475465476279,0.711049424506904,1.00887905171134,0.450221599400672,2.24084995711966,12046.8596037787,187.428292991205,20,3,1,162,186,7211.5885532448,17422.4472435595,61.9299853285278,463.572033392468,3312.57163221562,347681.430446164,,2589.84072055701
KRAS,PIK3CA,12243.7752141285,1147.00822618511,1758.99688688068,2808.41072871971,0.99798372864152,0.996250923143677,0.976321654563511,1.05020169915247,0.860887326672577,1.21990609759771,12046.8596035548,1233.51236680879,20,7,1,158,186,7710.77541033612,18278.8281061343,492.840281041216,2218.35965015494,,108726.496709757,4.6955645956929,13329.0138220601
KRAS,PLEC,12148.7725887837,114.147628441563,0.001,0.001,0.843014479410301,0.877598177116003,0.739876291186599,1.10612993359347e-06,0.226936473924933,4.87418313355549e-06,12046.8596033641,106.895190297006,21,2,0,163,186,7662.53831691418,18120.0977938384,18.9789376604118,352.537307443442,,166404.688416787,,1649.54181563842
KRAS,POLE,12081.7602731746,139.175860848284,971.323546273771,4955.10956008839,1,0.726443195840451,0.0663545239713784,1.99860284798536,0.330005027380579,6.05628000230575,12046.8596041529,394.372924241594,19,1,2,164,186,7619.85613006374,18020.8235921042,7.94047561768334,612.798072177029,,1257906.12727307,802.879619685572,15943.8504993504
KRAS,PREX2,12271.9680162291,366.100109237998,0.001,1161.99797501483,0.9409082811277,0.9040342556959,0.881674158199025,0.972962264942703,0.683262450125439,1.42399493015323,12046.8596040756,413.460400021149,20,5,1,160,186,7739.87786190489,18305.0247077518,131.265379473755,787.034189673194,,108179.83530556,65.773705554107,5275.14176102454
KRAS,PTPRT,12180.3427157397,153.231543573591,913.47664830647,1337.84271048907,1,0.901507253972634,0.327747696848969,1.97241725510973,0.656556428074036,3.00418542987339,12046.8596043836,217.078046563795,19,4,2,161,186,7678.61267477689,18172.2831365388,47.5665167608314,356.024350662195,,200176.135557061,209.457855973169,4332.6418822756
KRAS,RASA1,12189.6444193581,424.476599947491,1232.27557698937,1541.4900074874,0.999900518849972,1,0.88828380386624,0.92709987029593,0.57501225441691,1.6123132388475,12046.8596034176,494.314011220554,20,4,1,161,186,7682.43812147568,18189.1031045386,131.76756346583,986.26259527671,,162618.920849884,46.902951092835,7170.2535737124
KRAS,ROBO2,11572.1244456751,223.592030526796,62450.9961512317,0.001,0.893996635430139,0.968604741802223,0.696806417966364,1.0408692172752,0.456426180349196,2.28047658545543,12046.8596035548,210.046271448514,20,3,1,162,186,7210.07632066383,17418.7201320801,69.4040598209509,519.56681438375,3389.94016498554,355404.037876245,,2860.94338223762
KRAS,ROS1,11628.5145650656,625.201375736872,43909.4709661714,2185.89048088033,0.972738490434857,0.977909669803882,0.352930858302777,1.97093742383588,0.684457179612355,2.87956278718871,12046.8596035417,713.137975256967,19,4,2,161,186,7193.70049373829,17572.7397797454,204.133948156816,1382.74698207439,,261314.682525095,,11160.8096924136
KRAS,RYR1,12996.9935052591,237.373800826126,0.001,849.779610924399,0.961939434093092,0.902271630503011,0.86331026782181,0.943953445425424,0.614686493538977,1.53566648258486,12694.5779236792,278.027544667073,14,4,1,106,125,7474.06353046111,20745.7020370384,73.6692339402064,551.768090191539,,128226.483936119,47.903116664205,3919.47130321205
KRAS,SACS,11343.8651047646,785.238225025902,28568.8701416563,0.001,0.939244363543498,0.952903395118972,0.922320445433203,1.99915762946135,1.69579916265016,1.17888820415332,12046.8596045989,739.177887648328,19,13,2,152,186,6974.97688493047,17250.3163422056,451.700314827372,1252.99160542171,4653.9844281316,93361.2979110543,,3436.53496901487
KRAS,SF3B1,12099.8207740542,1703.19406274594,8518.02575073211,11242.9525809532,0.999456777148402,0.875887359069919,0.381956689355646,2.0735475212202,0.751151397292616,2.76049213073944,12046.8596041529,2181.50410587515,19,5,2,160,186,7591.18280421046,18103.3121048925,611.524591522693,3653.16863399616,,174698.928521628,885.514469564508,38710.5230859871
KRAS,SMAD4,12528.9245430888,2561.63768058153,0.001,3307.36900924651,0.975052504585419,0.993965917916028,0.867564026984658,1.06801092177679,1.61765663042841,0.660221026939408,12046.8596037744,2601.0134448498,20,14,1,151,186,7901.42067110318,18689.9017471674,1442.70339504325,4149.05130472724,,51520.3170276521,187.260707180638,14998.9671917765
KRAS,SPHKAP,11642.1089110727,900.225712323985,38464.5065071087,0.001,0.859521368673963,0.922215762859411,0.836976350089963,1.19317067043476,0.784062344546743,1.5217803516945,12046.8596037787,848.404460453498,20,6,1,159,186,7252.97845361464,17523.1160209931,386.735501308022,1741.40961554425,2138.11878116276,190171.193473135,,6807.68137230883
KRAS,SPTA1,11081.0026868252,432.067175891336,64797.5127264567,0.001,0.87464447342054,0.966158044056202,0.471199034873598,2.07849771428438,0.884456965258043,2.35002696109468,12046.8596046371,408.808891373508,19,6,2,159,186,6812.85101473159,16845.4447210181,197.412560158355,804.496056762726,10238.5394851717,235181.592101131,,3796.22540025132
KRAS,SYNE1,11592.6775660352,405.16649546318,24411.8151245953,1467.88135605507,0.994311909367435,0.974640186124118,0.238359255041284,3.82811987757662,1.66778237910948,2.295335366009,12046.8596030833,462.234631722018,17,11,4,154,186,7066.38634207676,17669.9104469842,213.102295406665,684.363360228435,,112539.635267831,,4683.74723999182
KRAS,SYNE2,12062.1291030725,972.195094253584,100199.941697439,1034.42539580473,0.836429287288345,0.999975446934902,0.498846389901324,1.19157774845135,0.350586936976543,3.39880817787308,12694.5779236792,974.626173986983,14,2,1,108,125,6794.94882996227,19531.6148641038,207.297867408845,2613.00947057625,,812521.42286647,,20975.347240288
KRAS,TENM1,12275.566014459,272.791971577233,0.001,1819.15441957422,0.949613798552227,0.753421112953939,0.431165224786556,1.93994164890748,0.790153731068323,2.45514457836526,12046.8596038701,361.294397587549,19,5,2,160,186,7742.17648046756,18310.2641537353,97.8111533423534,586.437923970342,,124209.938508586,297.762114034573,5859.95175433964
KRAS,TP53,10197.6400709454,1415.83310183066,28084.3382476431,0.001,0.757334847794231,0.815993130848528,0.734167876245042,5.29881623701569,4.46399332868157,1.18701257973893,12046.8596038971,1339.34191423244,16,35,5,130,186,5977.31824096701,16057.114176859,1020.08050636628,1903.5541088543,9925.58626705055,62056.1151208813,,3169.90025546488
KRAS,TTN,12796.0869645866,467.727780042293,0.001,0.001,0.892210334142704,0.868215240704376,0.774687077237648,2.99463338334244e-07,0.242936068146379,1.23268372876524e-06,12694.5779233531,435.615072817983,15,2,0,108,125,7359.47892149566,20422.740128191,77.757371660389,1444.80777651707,,259475.049141135,,6278.03815662287
KRAS,XIRP2,11580.1769459632,332.579335083447,50016.994832981,1124.85364305063,0.962343176398492,0.979914017567772,0.32516403858452,2.03475837307324,0.672177821916022,3.0271132232141,12046.8596030544,375.215368908919,19,4,2,161,186,7157.47396303212,17510.5800459126,109.458036103432,731.487544779188,,284507.617151476,,6063.94376199311
KRAS,ZFHX3,12837.9505766563,220.538192442688,0.001,1637.35561200996,0.987885906338316,0.875521203194876,0.630277084476427,0.9313951082573,0.356822573558295,2.61024715720553,12694.577924069,310.699805727939,14,2,1,108,125,7383.42808190784,20490.3981711192,36.6664265165697,681.19610930848,,329877.518324607,92.3288644610896,7547.210619585
KRAS,ZNF521,12164.7652319791,311.24012368424,1407.84042314624,2480.60557914702,1,1,0.377526137722195,1.88560288990751,0.674204448392816,2.79678203607594,12046.8596033564,437.194808270614,19,4,2,161,186,7666.11563526646,18151.7689670333,96.6168157765921,723.120328236396,,219286.461745647,376.239306260935,8063.76618102922
KRAS,ZNF536,12931.1533490072,274.919438904937,0.001,0.001,0.767779521675783,0.711203785186616,0.546217344237465,1.24803384804126e-06,0.597128272628498,2.09005988369558e-06,12694.5779233531,256.618557388459,15,5,0,105,125,7436.74117695155,20639.4281603126,98.5576043141642,591.118439103128,,98807.1813466026,,1524.73462861338
LAMA1,LAMA2,215.737009574097,168.376779438184,0.001,18207.1565942117,0.966434939417374,0.5071898649855,0.000799577145353885,3.1116794847244,0.221571755465138,14.0436648984983,213.698155932561,416.001609886129,4,2,3,177,186,92.6913050060982,417.277314101429,27.9961050926619,519.954728713765,,13753.0592824468,4065.82356726205,65446.9692354668
LAMA1,LRP1B,221.697551640146,210.227473809334,0.001,11264.1114762604,0.972602478674398,0.528719475625162,0.000114528270279547,5.08410938863479,0.671149383064064,7.57522768690303,213.698155933334,304.030486265729,2,11,5,168,186,95.2475866457917,428.844712142326,109.146402278484,360.125470474257,,4197.62052638654,3123.97448564744,60058.5846726953
LAMA1,LRP2,92.3734688441995,392.197167067521,11118.8279378109,0.001,1,0.987238498022261,8.07506086620859e-05,4.04840212121601,0.303015492742963,13.3603799745319,213.69815593339,389.503246900728,3,3,4,176,186,22.9715022512526,239.550520162923,168.511280167637,758.562194744905,2767.91641140301,45116.3850560293,,27067.7377226717
LAMA1,LRRIQ1,152.976035918782,503.95518713618,19288.6117826003,0.001,0.588358294620974,0.990910610970844,0.00440194836876416,2.15958704548873,0.131741569354472,16.3926014853976,213.698155932488,496.300481104107,5,1,2,178,186,54.8551535876962,328.805765870034,125.325226300198,1306.87342198143,2494.94528034756,284431.048558426,,43280.784327088
LAMA1,MACF1,43.8914517680237,550.315603057333,0.001,0.001,0.980739360380045,0.98467953450576,0.965715697611579,2.66064191045343e-07,0.0209077568642859,1.27256210588438e-05,43.0432146032067,546.029779636635,1,2,0,122,125,2.50429910543916,193.281831486937,91.4981441812662,1699.59966643879,,5261.67267832696,,119700.397005619
LAMA1,MED12,92.4217446210642,869.545249141881,10594.2629706385,0.001,1,0.981326150321618,9.33511222280542e-05,4.00553337991015,0.310331361939824,12.907278706452,213.698155933001,862.991427750605,3,3,4,176,186,22.9835390520982,239.67700013556,373.607436390097,1681.86401646201,2654.11177478757,43176.0603418568,,53641.5386416947
LAMA1,NF1,219.033090694943,855.950539596183,0.001,18917.0244900498,0.953792613162721,0.493163988332942,0.069473783165755,2.24657854547066,0.344379160549686,6.52356124535743,213.69815593297,1126.3014111267,5,6,2,173,186,94.1041723901075,423.68006453068,340.17568385797,1734.72898179128,,4747.72423165482,2971.41286270186,70160.0691101616
LAMA1,NRAS,214.994182068276,2949.31457566096,0.001,0.001,0.958953921240319,0.964026303270372,0.924459069887715,1.88790932590614e-07,0.0731580636314238,2.58058952382553e-06,213.698155933513,2895.6291565585,7,2,0,177,186,92.3741886890233,415.827169541723,490.398628959736,9107.28577893905,,12262.8995328351,,160740.668216263
LAMA1,PBRM1,153.560218491943,694.413811280423,8382.60225519322,0.001,1,0.99612082109895,0.017719594106761,2.02039838221073,0.177339019979492,11.3928586187314,213.698155933667,684.572099407048,5,2,2,177,186,55.0642286569651,330.066764947245,215.573158210127,1613.27590266937,1202.55904132941,50893.2497267032,,48689.6857995979
LAMA1,PEG3,122.42498800142,189.797970884526,23581.8565607786,0.001,0.678107719491034,0.990358436927263,0.000180388048982854,3.08249890131102,0.179987897501525,17.1261453914417,213.698155933667,187.428292991073,4,1,3,178,186,38.0057148844018,284.417815655642,58.9189894299731,440.922539518907,4167.86006132721,367911.103342058,,16500.55957303
LAMA1,PIK3CA,217.24547760701,937.558366414048,0.001,21062.2961522395,0.992233332007373,0.921319096065445,0.0706154112088698,2.21016321672392,0.332762175144908,6.64187032604131,213.698155933667,1233.51236682595,5,6,2,173,186,93.3400625884604,420.193911687595,372.617319402384,1900.03996303987,,7441.05153452376,3313.35162782361,78121.5708121868
LAMA1,PLEC,215.294966544407,54.4402694473721,0.001,2818.09416773309,0.968511342441678,0.570158054024593,0.144525542020675,1.0397499732509,0.0874419575774617,11.8907444670349,213.69815593289,106.895190297062,6,1,1,178,186,92.5010497796188,416.423930585603,3.10622475017129,239.715001399873,,25317.1142321854,156.337223415164,14025.088860875
LAMA1,POLE,215.152648876785,133.29470035185,0.001,17305.8169263782,0.969479357764631,0.445058266683083,0.00659414943940171,2.12658426422433,0.122710541465032,17.330086224339,213.698155932978,394.372924241964,5,1,2,178,186,92.441549797255,416.149122694681,7.60532173644687,586.904201268665,,28592.6646842502,2719.16605925116,64442.4777835172
LAMA1,PREX2,216.431425285342,279.532165715918,0.001,8984.69764914404,0.984951317570581,0.820762598511779,0.0415487509621249,2.17601530097656,0.257430104088905,8.452839300508,213.698155932952,413.460400023233,5,4,2,175,186,92.990784771738,418.620503546091,86.7759913942127,649.4137812407,,9691.3425903054,1411.16896126692,33502.2664372028
LAMA1,PTPRT,216.348156637485,109.826355045337,0.001,7906.88605315243,0.966725017681186,0.584236656452106,0.00169557905378076,3.10196914193645,0.261445707771075,11.8646780181703,213.698155932875,217.078046563221,4,3,3,176,186,92.9533816700547,418.466595053424,27.3113742888686,284.815053585636,,10637.0342147364,1771.31776178526,28242.8377864009
LAMA1,RASA1,216.432114711852,300.932452987015,0.001,12535.735561461,0.966369312716618,0.584881662458621,0.0286754262056455,2.17032917301109,0.226966066691211,9.56235090403995,213.698155932978,494.314011222592,5,3,2,176,186,92.9895863993103,418.627570738713,74.8347879498206,780.42638470154,,9312.48312112987,1956.23191855888,47685.6761621031
LAMA1,ROBO2,215.027486815132,53.1318362956799,0.001,11547.6533054388,0.969194700616986,0.531769102525218,0.000272638348473237,3.11554848320606,0.179962518542984,17.3122076109526,213.698155932983,210.046271448547,4,1,3,178,186,92.3874243237706,415.90110353169,3.03157796619324,233.955685205047,,29763.9431190961,2567.22796566253,41852.7946837982
LAMA1,ROS1,216.844904283446,482.424625042769,0.001,14899.7103039207,0.975031878995075,0.737909652913593,0.0442669483687503,2.08257744625139,0.250463595997438,8.31489078465794,213.698155932978,713.137975250182,5,4,2,175,186,93.1662368579969,419.429519730249,149.760750217862,1120.8118030162,,8740.07459347044,2339.61199910717,55613.7792318455
LAMA1,RYR1,0.001,277.990299204999,1248.69434995266,1100.90986146092,0.914342353932066,0.999997599665562,0.0708486053414104,0.670920126708213,0.0511824194739141,13.1084097548409,43.0432146031342,278.027544666296,0,4,1,120,125,,97.6966597723891,99.6683842719768,597.684776263731,68.5031891495907,6624.67236469398,,
LAMA1,SACS,221.615799669543,546.580889118729,0.001,18096.4510524986,0.971550843632752,0.537343183619902,0.00206450486003987,4.1879848653979,0.641834634476945,6.52502161839684,213.698155932674,739.177887649925,3,11,4,168,186,95.2129922281371,428.682018516564,283.778304472016,936.295018511217,,3980.56938437005,4824.10595142783,68206.6957157802
LAMA1,SF3B1,217.29698044365,1580.11265812152,0.001,40970.2311217084,0.975360658555893,0.751084867754524,0.0566809499235286,2.16988336383293,0.297570805801139,7.29199007944019,213.698155933103,2181.50410596456,5,5,2,174,186,93.3601687241297,420.303763436685,566.594322307178,3396.42857612304,,7377.5539565433,6431.09737411399,153075.867388077
LAMA1,SMAD4,222.922205986085,2469.41459221963,0.001,9903.29236398679,0.975547400654599,0.940152876107639,0.82058878794588,1.07306418974945,0.594587696234567,1.80471980255395,213.698155932623,2601.01344482344,6,14,1,165,186,95.7731819310917,431.216655020869,1390.91837656927,3999.04935017954,,2486.03776816405,550.859384560065,48675.2738074675
LAMA1,SPHKAP,154.697023955196,861.179765983806,4152.11257546982,0.001,0.828738474092875,0.985443585421004,0.0555335118741795,2.171830901927,0.292189850249137,7.43294436844805,213.698155933667,848.40446045084,5,5,2,174,186,55.4713301333011,332.521551876464,370.010022157357,1665.66504591935,642.013598331853,16230.3692510915,,31560.8455351978
LAMA1,SPTA1,155.132842103389,414.77100437082,3490.851627409,0.001,0.883414363547117,0.987921510062179,0.0736602206437409,2.2027760879483,0.338893821294361,6.49990040991329,213.698155932488,408.808891375486,5,6,2,173,186,55.6274026081292,333.460472246258,189.528512345204,772.169478666478,548.734617391434,12885.8298969222,,13992.5041445985
LAMA1,SYNE1,94.3761585741947,466.216164214933,3750.62663014801,0.001,0.804751702831748,0.973352000585604,0.00219704242581463,4.39507539724496,0.637267840520053,6.89674751774433,213.698155933152,462.234631723112,3,11,4,168,186,23.4725855969613,244.801139808425,268.276497696888,743.786496730906,1097.21818981733,9899.05787198583,,14497.7314475515
LAMA1,SYNE2,43.7429278113839,980.528248588774,0.001,0.001,0.965624694487623,0.982218120930496,0.966590089139492,3.55444812933509e-07,0.0288914061205893,1.23027869065951e-05,43.0432146031173,974.626173991927,1,3,0,121,125,2.49579115722849,192.615572357477,243.832368235281,2542.8999308866,,6251.57171143842,,183441.273995033
LAMA1,TENM1,123.623613277386,365.154352555906,6425.88324668297,0.001,1,0.989971563951464,0.00386644304489469,3.02822566086918,0.308313624133635,9.82190024647314,213.698155933001,361.294397587351,4,4,3,175,186,38.3763379128196,287.210015901312,156.889835870978,706.285297361938,1398.55834433028,24012.9770111513,,18728.6155537523
LAMA1,TP53,136.701056233916,1357.89146029755,843.624152028928,0.001,0.929248355389437,0.972815584188694,0.421931880375781,3.12942449438764,1.57736944549182,1.98395151074572,213.698155932973,1339.34191421864,4,37,3,142,186,42.4292355794499,317.694491130969,978.611954673562,1825.00414525265,207.594758420509,2239.87243618838,,11020.4730355593
LAMA1,TTN,43.5973387931527,438.797231862994,0.001,0.001,0.987350875307084,0.985669038011533,0.973202255934526,2.71503059283803e-07,0.0209611258412182,1.29526944945827e-05,43.0432146031427,435.615072819896,1,2,0,122,125,2.48752148511534,191.975648498399,72.9586371060021,1355.14637162645,,8804.69017622517,,102169.949857472
LAMA1,XIRP2,217.135926949216,189.688735872555,0.001,14414.0290975454,0.943652149976192,0.295091246187754,0.0013593963867288,3.15147708858092,0.239430852095965,13.162368429102,213.698155933184,375.215368909607,4,3,3,176,186,93.289381025847,420.00593696341,47.1724257696604,491.9225606885,,7441.04067118053,3265.936083866,50052.1781497347
LAMA1,ZFHX3,44.080625634102,312.971981677366,0.001,0.001,0.976552990654909,0.978654388809441,0.955710440539973,4.01889929163915e-07,0.0298657007724571,1.34565712094239e-05,43.0432146031257,310.699805727763,1,3,0,121,125,2.51507244187995,194.118709524685,77.8257574640632,811.714914090119,,4110.5375184258,,48561.2335321307
LAMA1,ZNF521,154.098884292226,443.636914139185,5634.168277992,0.001,0.730101966553863,0.985941203992584,0.0313154340633222,2.37747827036957,0.263123520620417,9.0355976720125,213.698155932963,437.19480826778,5,4,2,175,186,55.2576345523001,331.227402536169,176.320058491426,899.037782485511,874.314075562067,22160.0939730068,,19984.7978003292
LAMA1,ZNF536,44.0247449437959,258.312288768017,0.001,0.001,0.977798964111189,0.967994755347349,0.946507111035127,6.66638247265663e-07,0.0481616160201519,1.38416918358123e-05,43.0432146031342,256.618557388221,1,5,0,119,125,2.5119297264193,193.860786557923,92.6235842174235,555.267334811374,,4040.52744529644,,26438.1303378182
LAMA2,LRP1B,173.853179759984,306.655545795182,5550.56021922162,0.001,0.819169274593693,0.955438559610299,0.018038002039587,2.82583049611322,0.476981389036608,5.9244040984927,416.00160988776,304.030486265854,2,13,3,168,186,28.9060569864341,536.931234076187,179.828621590323,482.547110237836,1334.71126833887,15629.6106809627,,10221.1941169801
LAMA2,LRP2,168.409326406256,392.55625885169,17911.3050525304,0.001,0.659991817002941,0.971178624844571,0.000933447174413012,3.03125193164277,0.217217387555927,13.9549230646295,416.001609885834,389.503246901119,2,4,3,177,186,28.0019616319344,520.06905051277,168.661976018181,759.283910361845,3892.49825597322,67051.6108614564,,27380.6205525214
LAMA2,LRRIQ1,250.172692056481,503.24726251674,52768.8091510656,0.001,0.336367139361694,0.980734489977382,0.00194139490826167,2.17097773008525,0.0940196177711396,23.0906887472123,416.001609886792,496.300481104107,3,1,2,180,186,62.2068469371221,648.703873107355,125.151685692052,1305.10404250246,6822.98792812471,781612.083595889,,46909.6810782092
LAMA2,MACF1,240.851792053162,555.446173996245,0.001,0.001,0.96206553053663,0.966752229231156,0.930087038148415,1.30610668632727e-07,0.0419425652991909,3.11403624697335e-06,236.199934478913,546.029779638025,2,2,0,121,125,40.0449954190956,743.883813745253,92.3493575419722,1715.59575128274,,14478.5677076126,,39803.1384183745
LAMA2,MED12,253.670828569231,872.902978200063,9539.32606884158,0.001,0.772483626818996,0.975644207521178,0.0357485492894547,1.97572927601265,0.218289128515394,9.05097422601749,416.001609884452,862.991427749931,3,5,2,176,186,63.0812832604307,657.87609217939,375.035668214308,1688.43324898185,1474.50373665946,37253.2693774819,,41915.3843339198
LAMA2,NF1,356.51923259548,1119.69186633175,2464.27557066659,1506.33723028646,1,1,0.552305647434057,0.817094152551848,0.243698308954535,3.35289217252749,416.00160988675,1126.30141112761,4,7,1,174,186,110.956991688745,825.085989659778,500.578661057855,2104.42347639003,,13981.2311209035,,38125.5876466288
LAMA2,NRAS,418.45328943814,2936.8454754691,0.001,0.001,0.97128869613674,0.972191954168042,0.944280505093477,7.4338861851854e-08,0.0529934497817713,1.40279340480727e-06,416.001609887865,2895.62915649467,5,2,0,179,186,150.049099800722,899.465435669373,488.330551749035,9068.80813032214,,34287.6552697641,,213113.03682545
LAMA2,PBRM1,251.094746416582,693.480066034391,23047.5242205422,0.001,0.606745150050828,0.979460689018752,0.00783825543415037,2.02800369415373,0.126149752199563,16.076160743824,416.001609886792,684.572099400589,3,2,2,179,186,62.4418863467233,651.167075609692,215.280911164236,1611.14859275115,3302.14004278868,140445.177666789,,53344.0002424086
LAMA2,PEG3,166.822264582121,189.553564164704,65105.3649580032,0.001,0.294603802020068,0.975403785939019,4.30113744855089e-05,3.09717934695352,0.127796062954495,24.2353267804216,416.001609884393,187.428292991205,2,1,3,180,186,27.7384411395683,515.151353513589,58.8444678276894,440.381739701855,11488.8741050489,1017268.240681,,18376.0335020342
LAMA2,PIK3CA,253.64136371784,1246.43712330907,9599.74897808914,0.001,0.695580689991175,0.977617639890664,0.0334879737470399,2.15791944845249,0.235216104382242,9.1741994202307,416.001609884452,1233.51236681546,3,6,2,175,186,63.0746171696071,657.786814299992,569.553611178514,2320.46999839506,1520.83306255664,34567.3103626679,,60490.3812682751
LAMA2,PLEC,418.722622685888,54.207390316386,0.001,3647.23912947716,0.980839974212058,0.669427401634453,0.116289846538153,0.933299623387433,0.0630143932074484,14.81089598554,416.001609884709,106.895190297062,4,1,1,180,186,150.142202709106,900.063834603948,3.09257506718625,238.660804900709,,78838.4096829383,198.975319590971,19873.7657088851
LAMA2,POLE,418.266379622122,132.714805684745,0.001,24179.7293336412,0.979642836644839,0.58681178943548,0.00383509068212234,1.93395710753693,0.0876980349204587,22.0524565834458,416.001609884452,394.372924242354,3,1,2,180,186,149.980613653347,899.080993473438,7.57247192748086,584.366897268715,,85087.5561618502,3631.05243952176,110920.371990424
LAMA2,PREX2,252.680090693458,418.548582236588,12265.5195798457,0.001,0.695596324547318,0.976401492320015,0.0225765447579163,2.00319320890544,0.183433612120454,10.9205351502865,416.001609887237,413.460400023233,3,4,2,177,186,62.8354507628231,655.29126297663,166.345476743809,848.225669632793,1883.38962783247,49970.6020025841,,23113.5354245883
LAMA2,PTPRT,421.964815952533,146.254575961411,0.001,6087.29754443935,0.981989081062969,0.923333747342433,0.0294419447530827,1.86843370223902,0.186859061250419,9.9991602747861,416.001609884647,217.07804656349,3,4,2,177,186,151.304098707145,907.057748314525,45.402225734633,339.796969715949,,22362.7793036659,898.984409829846,29101.2452732233
LAMA2,RASA1,252.479107517524,500.651115027677,13027.0214368539,0.001,0.867827353856096,0.977194489811577,0.0218610057054654,1.83376839470623,0.164682598772835,11.135167943492,416.001609887237,494.314011222709,3,3,2,178,186,62.7853079594373,654.777985896998,179.518975511665,1076.20452780883,1928.96616268873,62724.2779113312,,30983.9980689353
LAMA2,ROBO2,275.255080553224,142.86287923681,34367.5727356214,8969.09565156351,0.849132400716502,0.886435088988646,9.44351994889985e-05,2.94704750344938,0.130075928024091,22.6563634656796,416.001609886266,210.04627144881,2,1,3,180,186,53.0596500109081,736.321528944715,15.6772347915083,418.292719378056,,571572.529273737,,68748.0589639111
LAMA2,ROS1,252.977573056206,720.80728386769,11270.5062270345,0.001,0.925205473711895,0.985017668303358,0.027854629654112,1.86271565447761,0.180804775292791,10.3023587262072,416.001609886018,713.137975254388,3,4,2,177,186,62.9094450175433,656.079821194682,286.485297552135,1460.85169348457,1699.23140178072,48670.0611476769,,44158.6042706614
LAMA2,RYR1,246.020360448244,281.94748921906,0.001,0.001,0.922344071467349,0.933950978943667,0.861452896665663,4.13931717679894e-07,0.10151427012674,4.07757172625192e-06,236.199934479944,278.027544666581,2,5,0,118,125,40.9025714108445,759.929555563732,101.07970136829,606.273086090927,,6124.2158323286,,9815.288843215
LAMA2,SACS,260.359690249822,748.643083765105,3906.17260393865,0.001,0.756672999658303,0.949837841399506,0.156177764862072,1.97623981119026,0.453538854327072,4.35737708541523,416.001609885164,739.177887650048,3,13,2,168,186,64.7423760875767,675.272658482858,430.714686502932,1194.3053722044,634.286061895327,12898.0791624448,,16607.2751289047
LAMA2,SF3B1,253.573770977674,2204.4750317128,9740.61959377949,0.001,0.881683207576268,0.982379514548001,0.034732253083956,1.94737441105968,0.211458793983115,9.20923823681306,416.001609884452,2181.50410592497,3,5,2,176,186,63.0575778243699,657.627322859009,947.316681740302,4264.63327454262,1503.52372303232,38173.6857470444,,122145.503954633
LAMA2,SMAD4,434.8706748189,2638.69575417387,0.001,0.001,0.802688266567189,0.809859050067181,0.650136325884692,6.09186968411613e-07,0.419974832422719,1.45053208283311e-06,416.001609888493,2601.01344480133,5,15,0,166,186,155.926168449069,934.87249372098,1518.17339594534,4209.28468584955,,3791.87863528812,,25430.1811768906
LAMA2,SPHKAP,252.775108552023,857.801041013548,11936.0558735314,0.001,0.572484822081623,0.974097475009273,0.0232157075331834,2.26122529288535,0.210099925403141,10.7626182567485,416.001609887322,848.40446045172,3,5,2,176,186,62.8593070410062,655.537883182167,368.559079455123,1659.13095405674,1848.9259513349,46472.7193372159,,42431.3722878377
LAMA2,SPTA1,253.619464101076,413.313907723343,9652.89922549822,0.001,0.637183237021782,0.972964307582058,0.0335725280297142,2.19923893086971,0.2394883663154,9.18307208281411,416.001609887322,408.808891374702,3,6,2,175,186,63.0689068243084,657.733139295912,188.86242390203,769.459202219611,1516.71437445341,35686.8695867501,,18524.9322506303
LAMA2,SYNE1,172.017041573573,466.617816771636,7191.80228369004,0.001,0.438887310356439,0.931614555499604,0.00873732820497289,3.31187593702767,0.451166759054081,7.3406913753384,416.001609885834,462.234631722427,2,12,3,169,186,28.6013295097971,531.241269311529,268.464915231389,744.361700994393,1715.95339657114,20653.7753131272,,13678.0793486331
LAMA2,SYNE2,239.937716758256,987.922314591356,0.001,0.001,0.930217283976945,0.960532306603946,0.931147280449003,1.53755188390253e-07,0.0571017757155809,2.69265161132808e-06,236.19993447969,974.626173996158,2,3,0,120,125,39.8937954200246,741.024344937372,245.664789793915,2562.21856106388,,17825.1427291591,,59368.3737708713
LAMA2,TENM1,253.617446254824,365.794716331417,9664.2091431101,0.001,0.69854503800388,0.96876139322557,0.0347170609962087,2.00295885155677,0.219450240613406,9.12716634968416,416.001609886792,361.294397587417,3,5,2,176,186,63.0680822373995,657.737439243329,157.159325768032,707.551009413924,1492.4910886647,37823.8896313885,,16461.4146865696
LAMA2,TP53,374.230589366548,1359.85208424399,751.742022059382,0.001,0.941277178025943,0.922850554859214,0.920471156425114,1.06635478251149,1.1306376423629,0.943144596073183,416.001609886122,1339.34191420261,4,39,1,142,186,116.152382755785,869.758862247984,979.998132950344,1827.71034742698,42.7154242832948,3361.63434844486,,7957.33105118725
LAMA2,TTN,148.610442384741,383.343479180233,15566.9989258561,8686.4046904972,0.681952038942563,0.954682612874461,0.060481177891757,1.00328812222071,0.0429298066954,23.370431861931,236.19993447969,435.615072819896,1,1,1,122,125,8.78641792009992,614.107291439389,35.7433542779883,1296.16703378361,,287680.140385325,,257777.637126675
LAMA2,XIRP2,421.038428147677,188.711735797691,0.001,23266.0701551478,0.991076802624462,0.533379745153147,0.000491412926814015,2.948337818056,0.171369421271505,17.2045735824998,416.001609887865,375.215368909609,2,3,3,178,186,150.968511719402,905.00512955666,46.9345043479378,489.43078828161,,34875.2322072855,4798.92637364386,127689.694298981
LAMA2,ZFHX3,241.787294420251,315.298920825099,0.001,0.001,0.954708332623505,0.957428321782428,0.914075627542209,2.28704634616835e-07,0.0596606843570006,3.83342291630951e-06,236.199934478913,310.69980572749,2,3,0,120,125,40.2001490732752,746.788510099495,78.4023408323931,817.794462163647,,11520.7764880081,,17384.4399659458
LAMA2,ZNF521,252.004511065847,443.090076322686,15314.7345698621,0.001,0.420492010555516,0.965106642097206,0.0142317579137261,2.36119417486085,0.186693026548389,12.6474685129648,416.001609886199,437.194808266503,3,4,2,177,186,62.6680500365555,653.528078646467,176.099843832279,897.953842429896,2376.86956335398,60220.3946154496,,21660.8995167562
LAMA2,ZNF536,241.367242345643,260.081626086091,0.001,0.001,0.958086460916746,0.935894729364532,0.896679976505739,3.99246223180619e-07,0.0952698002964984,4.19069024956582e-06,236.19993447969,256.618557388698,2,5,0,118,125,40.1315638818609,745.433884803781,93.255121655673,559.09926621788,,11600.9348854868,,9329.44298542065
LRP1B,LRP2,250.329643661766,406.005974486703,3747.87481969363,0.001,0.987546270568626,0.97090123872665,0.057621149905293,2.93254734614966,0.659966716372198,4.44347763819018,304.030486266284,389.503246901923,13,4,3,166,186,137.683076353486,412.239796395092,174.464098372366,785.568386275565,829.469414762981,13596.7869095875,,5855.04632522168
LRP1B,LRRIQ1,266.708714864648,520.022634606169,10565.5869483188,0.001,0.584033012097472,0.968182927047797,0.0311880310470774,2.11802235949152,0.283858934422457,7.46153142511043,304.030486267131,496.30048110389,14,1,2,169,186,150.228652097463,431.909778198551,129.315663593214,1348.69060800964,1368.52160044232,158730.888917932,,13586.3608594908
LRP1B,MACF1,162.048637159705,281.230524597622,0.001,8520.68413378117,0.985963632591645,0.732463924766699,0.240624187719982,0.802539587602493,0.113539058802813,7.06840091916113,160.44657080461,546.029779637746,5,1,1,118,125,64.3978785554284,328.455736730714,16.0457356763807,1238.53092911514,,17072.4342554695,468.918235682913,44146.5620711623
LRP1B,MED12,250.307538628739,901.911239488261,3776.41884245483,0.001,0.819811375200428,0.951224910376379,0.0551180317630914,2.95562037295148,0.659942366874176,4.47860377103959,304.030486266693,862.991427759415,13,4,3,166,186,137.667421050526,412.191940572737,387.466348658032,1744.77660536094,837.263157183628,13741.9100951635,,11797.755064431
LRP1B,NF1,309.969106965859,732.109377526233,0.001,10064.612431371,0.97314651390332,0.611821436998002,0.0759109181586595,3.00332951893115,0.749152860414964,4.00896756540124,304.030486267054,1126.30141113864,13,5,3,165,186,181.769623952907,487.768844036994,262.503099836104,1573.85076499744,,4384.37317337612,2424.78709757629,28165.4652976011
LRP1B,NRAS,306.077503522617,3032.14113602406,0.001,0.001,0.900453686476449,0.912195095931457,0.821402925834673,3.25307070818664e-07,0.168585259101232,1.92962939080767e-06,304.030486266366,2895.62915645837,16,2,0,168,186,179.493005563293,481.624332544898,504.162288715228,9363.75045182752,,6816.3228958119,,63187.4396520206
LRP1B,PBRM1,267.624911186983,716.222130637339,5243.79174014872,0.000999999999976353,0.802716830135913,0.972460018542563,0.0891888358808746,2.05628624909407,0.37980326772486,5.4140825628275,304.030486267131,684.572099400589,14,2,2,168,186,150.742052791938,433.399848140731,222.330762373915,1664.12944274754,759.590785721428,30895.8340746605,,14957.8671359676
LRP1B,PEG3,247.69427138831,195.921070563551,14028.6613417993,0.001,0.498150343578297,0.959004184847268,0.00323410761857614,3.10427834169841,0.38480733941172,8.06709754144535,304.030486266284,187.428292991195,13,1,3,169,186,136.236911444189,407.860578988774,60.8180625557666,455.218207317349,2490.11041318843,216630.175284146,,4406.40720646152
LRP1B,PIK3CA,250.643857547262,1281.56204545592,3458.83365261194,0.001,0.892517031558376,0.97838181920508,0.0621500678731273,3.12855480232111,0.738661854833208,4.23543571642473,304.030486265886,1233.51236681377,13,5,3,165,186,137.853868630154,412.739267553302,585.571501725932,2386.08268213411,798.425087622043,11150.9881605344,,18192.7975146635
LRP1B,PLEC,306.141330490413,56.1403357959241,0.001,1099.84826581839,0.942420579042204,0.652208948481895,0.329990250405829,0.949919104521645,0.188046678821455,5.05150694750407,304.030486266629,106.895190297282,15,1,1,169,186,179.525929883752,481.74250788898,3.2031770780699,247.219463306668,,17080.0989536811,62.0428845598427,5064.06641540039
LRP1B,POLE,305.869704090172,137.077970064032,0.001,6190.81661839337,0.947094312066165,0.562281153673288,0.0429717454792025,2.01070769322325,0.273363584945987,7.3554335835204,304.030486266327,394.372924241134,14,1,2,169,186,179.370407649991,481.31161047844,7.82134707391153,603.616656313644,,20427.1737684243,1008.74337401372,20227.0460815139
LRP1B,PREX2,269.41845923388,432.235748099499,2729.30285174934,0.001,0.936873600686907,0.979809383320309,0.236495939456209,1.99348689992119,0.55703720987465,3.57873202109745,304.030486266327,413.460400021149,14,4,2,166,186,151.746134950762,436.315853213727,171.748823373128,875.914901388284,421.817268755698,10912.6852400362,,6379.75522719204
LRP1B,PTPRT,308.534289863567,151.348950099816,0.001,1603.92833584853,0.963889404519494,0.866292204229274,0.248535006916596,1.96754797049787,0.565580238549669,3.47881314867596,304.030486266687,217.078046563494,14,4,2,166,186,180.925539260384,485.521203727207,46.9809530744438,351.671202262991,,5423.53285863176,260.813355407997,5273.06506649367
LRP1B,RASA1,290.61222093353,289.133782429087,2150.03223104246,5118.06389550052,0.981743853091181,0.912160149615617,0.0164102562948557,2.96668800828908,0.483346831137567,6.13780378223835,304.030486267088,494.314011223345,13,2,3,168,186,165.230304459144,465.434589092372,50.6715717508463,830.350447822615,,20506.0755051038,27.728740451313,17280.7740907451
LRP1B,ROBO2,305.605237437696,54.8424411652509,0.001,3532.04819464356,0.955128404264998,0.836872751220451,0.00642133160666746,2.84186945301679,0.384521183417029,7.39067072394466,304.030486266115,210.046271448193,13,1,3,169,186,179.215067089607,480.885536952035,3.12910333580835,241.508528186843,,24308.419463519,847.725448446706,9994.84057787392
LRP1B,ROS1,308.468716829401,497.033675047016,0.001,5300.369691807,0.967516974636068,0.879654889387378,0.246229225328263,1.94063338952166,0.550642323888281,3.52430844003809,304.030486266109,713.137975253525,14,4,2,166,186,180.887178339181,485.415447595017,154.287390017957,1154.86141738287,,5559.341772504,863.439820183822,17329.0927466892
LRP1B,RYR1,165.314233354421,229.26623737347,0.001,1733.18539556462,0.977806828413324,0.878001092743592,0.593378419860733,0.815951855858546,0.279933475364466,2.91480629387464,160.446570804575,278.02754466656,5,4,1,115,125,65.6894573213318,335.127882635986,71.156404109708,532.880216982286,,3209.25745234831,95.2899510990225,9040.12123960369
LRP1B,SACS,236.10333894443,768.773609975426,2033.51249622157,0.001,0.90497586442512,0.978515822452405,0.107395185887778,4.02445862153867,1.39867665461347,2.87733309072127,304.030486266214,739.177887651541,12,11,4,159,186,126.396161683526,396.122014704773,442.257513315777,1226.53392159179,604.243836958712,5219.17275556609,,6301.02471211994
LRP1B,SF3B1,250.142125874412,2268.87456828528,3936.77734569348,0.001,1,0.979391429283348,0.0517719411796483,2.99817488222502,0.651808488373675,4.59977882415395,304.030486266749,2181.50410590507,13,4,3,166,186,137.576933414438,411.917435460456,974.768337494117,4388.86758110257,869.234162475105,14413.6952097958,,35337.678292974
LRP1B,SMAD4,318.68630287588,2727.16140309313,0.001,0.001,0.479741267521691,0.499611175760842,0.23994477870577,2.67619023395366e-06,1.34720244102541,1.98647965031647e-06,304.030486266426,2601.01344488777,16,15,0,155,186,186.859049050593,501.569902042163,1568.88996620019,4351.07982293185,,824.809610885695,,7467.04904018131
LRP1B,SPHKAP,249.876693259987,884.257976708768,4255.75879540876,0.001,0.714252657305936,0.957185960599622,0.0393786955871817,3.11742596384596,0.640091199711684,4.87028405522548,304.030486265696,848.404460453945,13,4,3,166,186,137.432794052278,411.47224464238,379.902533409908,1710.47651142272,953.633474887373,15150.8449991403,,12580.7604461719
LRP1B,SPTA1,270.762633215145,427.318918964017,2022.99728179593,0.001,0.845526102684529,0.960990400910783,0.347773393808721,2.11405020631699,0.740770251424389,2.85385408262818,304.030486266885,408.80889137426,14,6,2,164,186,152.503635361815,438.508572778412,195.245203851722,795.62525886577,320.359686468538,7292.17659681491,,4644.09309469951
LRP1B,SYNE1,235.5051124405,481.51334298218,2211.54558795863,0.001,0.609401231780808,0.896831339144718,0.0791753393320579,4.27337882723587,1.38662811971221,3.08184924745562,304.030486265876,462.234631719919,12,11,4,159,186,126.078732357584,395.130678460663,277.005033976001,768.247101917117,653.423407276407,5752.9298946909,,3399.55187781841
LRP1B,SYNE2,162.98718437276,1006.99664157122,0.001,0.001,0.826524644534766,0.907465929617391,0.827350967294463,6.17777164884162e-07,0.162579801919393,3.79983957164898e-06,160.446570804604,974.626174001204,6,3,0,116,125,64.7691948557398,330.374829149857,250.40000909132,2611.90254964189,,3935.41573517475,,20812.784023476
LRP1B,TENM1,230.25104803489,375.737737295323,6254.17643120409,0.000999999999976353,0.87404552396478,0.948774597846491,0.00484328376798314,3.96623158162176,0.66401000691798,5.97315031445253,304.030486266014,361.294397586105,12,3,4,167,186,123.275447538799,386.271832446305,161.422104740036,726.841542954804,1601.44436357267,25200.6796691229,,5693.67944039332
LRP1B,TP53,255.594663022706,1397.54734241597,690.65526441721,0.001,0.902574707150024,0.930824065717858,0.86939269459811,4.13120128713458,3.54340634089906,1.1658841492298,304.030486266175,1339.34191421933,12,36,4,134,186,136.794927325691,428.989403584421,1006.9961975066,1878.74617370147,211.819649580999,1644.49942280699,,4006.06827853225
LRP1B,TTN,162.406610555837,452.494034882909,0.001,0.001,0.93109528711531,0.927404525537241,0.863527236207999,5.20054728722397e-07,0.116397477570857,4.46792095134377e-06,160.446570804773,435.615072819017,6,2,0,117,125,64.539076494746,329.190421956171,75.2306845693326,1397.68122372939,,5531.40851896078,,12083.9821124446
LRP1B,XIRP2,309.463783215696,260.888358930152,0.001,2941.59923537466,0.911403040159229,0.600137999159909,0.212360362243915,2.00627480467637,0.536956748172871,3.73638065170653,304.030486266687,375.215368910032,14,4,2,166,186,181.468223171204,487.010979654801,80.9852082608427,606.164271412206,,4155.9865455553,479.678242625902,9589.00663749348
LRP1B,ZFHX3,164.239468894211,322.317832722735,0.001,0.001,0.871376301376538,0.897072352888525,0.781743740556926,8.17474965530626e-07,0.164921345953694,4.9567565726765e-06,160.44657080461,310.699805727829,6,3,0,116,125,65.26322118041,332.946386782484,80.1430200163673,836.088758324564,,2574.75546340426,,5947.24041189935
LRP1B,ZNF521,268.862186442086,457.56030139892,3207.748012559,0.001,0.676901244563698,0.946847368919238,0.17445778447023,2.25293989264661,0.563005358361107,4.00163135072969,304.030486266093,437.194808267751,14,4,2,166,186,151.437394041461,435.409776593337,181.839922941482,927.373932857887,498.550394655212,12555.3180457542,,6237.24285123817
LRP1B,ZNF536,164.011345893193,265.530584278201,0.001,0.001,0.878811517555331,0.844724831861927,0.742413475131425,1.43868342243093e-06,0.270703234624555,5.3146148195321e-06,160.4465708047,256.618557388215,6,5,0,114,125,65.1760290653799,332.449678931613,95.2027343671252,570.879421806925,,2583.96516589943,,3146.66489898157
LRP2,LRRIQ1,278.865308929308,504.565901323066,33517.8145943758,0.001,0.592991137786487,0.987713872925517,0.0048186107822269,2.12753225971697,0.127323463380674,16.7096637432493,389.503246900732,496.300481100168,5,1,2,178,186,99.9970447616181,599.40557169319,125.475372169322,1308.48186762221,4333.9098765411,503825.589048723,,42306.89260715
LRP2,MACF1,158.358283616927,273.914459540196,0.001,53519.6055352256,0.996696342597611,0.541746042326137,0.0547037151161837,1.03758597018979,0.0395014725584697,26.2670200118227,156.800005079153,546.029779636635,1,1,1,122,125,26.3305497051217,489.037504250061,15.6287435709835,1206.18334402591,,51803.6622295593,2247.39442601856,1005137.87106704
LRP2,MED12,259.334620960563,668.847274595343,13136.1643356204,21107.2843111254,0.788643859130447,0.869178589705332,5.73632641605242e-05,4.23671979014387,0.304473306667032,13.9149137128697,389.503246901616,862.991427763048,3,3,4,176,186,71.1136451770785,608.524234157848,206.895620326684,1468.02266701371,154.609200119405,59575.4762776583,,113756.900239433
LRP2,NF1,399.592906892942,858.089653690698,0.001,16765.4707698576,0.939378585527403,0.57927736762796,0.0883607657091351,2.01920523832409,0.336456303368982,6.00138923867829,389.503246900466,1126.30141113452,5,6,2,173,186,171.675375417826,772.965655721013,341.020000440571,1739.14568752019,,7732.21090328902,2596.34703336194,65184.6668996533
LRP2,NRAS,392.105486477863,2942.66436423686,0.001,0.001,0.954827107290549,0.968361745395094,0.924620312463306,1.08708465617626e-07,0.0728750812316707,1.49170970076919e-06,389.503246901621,2895.6291565721,7,2,0,177,186,168.470246417641,758.405568959219,489.300899284652,9086.82962942716,,20120.3508318895,,183860.223853733
LRP2,PBRM1,279.848533166443,695.442176786427,15664.4785314522,0.001,0.878505966031942,0.989280026526944,0.0166880325154667,2.04229754154304,0.172478650780719,11.8408715066975,389.503246900732,684.572099396016,5,2,2,177,186,100.348596541116,601.525408439232,215.892270901645,1615.70621280322,2252.76230946862,94486.9500420617,,44194.7656837428
LRP2,PEG3,223.137171566139,190.059262905942,43449.7445987301,0.001,0.5638668908587,0.984482285925749,0.000173967559152253,3.1034468580566,0.175111893174864,17.722650368228,389.503246900732,187.428292991195,4,1,3,178,186,69.2703942848247,518.400700291221,59.0016329691434,441.55425434326,7675.13384855697,677546.211112827,,15226.193286401
LRP2,PIK3CA,225.733629574861,1249.25148008308,10397.7882960211,0.001,0.767401915080513,0.980173863548089,0.00437673363254933,3.13929853870333,0.333747694272835,9.40620292686423,389.503246901075,1233.51236681377,4,5,3,174,186,70.0752393582436,524.44987866983,570.840684656407,2325.71532376407,2394.43684118928,33772.5325518005,,50888.6468561619
LRP2,PLEC,392.215654729766,54.4519927940655,0.001,2785.35003149317,0.970803993005229,0.597377100872336,0.146845426789745,1.00537057292279,0.0853054088648331,11.7855431009751,389.503246901255,106.895190297115,6,1,1,178,186,168.513833740077,758.637474060587,3.10691246065911,239.769281578616,,48939.5056739676,154.171312735802,14005.6819425702
LRP2,POLE,389.856110918724,0.001,9306.93169344712,28886.3382125893,0.999994696926229,0.590147498046639,2.88386898561509e-05,3.04653497388399,0.122966997870251,24.7752244638723,389.503246901616,394.37292424202,4,0,3,179,186,167.507491510618,754.018617929512,,364.332909434908,,,6519.86898525752,100691.109214662
LRP2,PREX2,392.763371974118,209.070815001378,0.001,15626.9337627507,0.987327757979489,0.8867069693535,0.00161719801837973,3.12488840644227,0.251562946760352,12.4218945861656,389.503246902249,413.460400024895,4,3,3,176,186,168.752534567797,759.672835416487,51.9918313245045,542.175755753062,,25683.8854661438,3464.24156391454,56927.611979497
LRP2,PTPRT,326.924959034098,152.758377550829,6851.74847313787,5147.64698820227,0.924226498876363,0.842819570018162,0.00169766757691668,3.16419913980135,0.259260967796625,12.2046876808833,389.503246902491,217.078046562572,4,3,3,176,186,114.502877713852,688.878519497613,40.7313578322418,367.720933143067,,44311.6898629276,,22626.129754335
LRP2,RASA1,393.942952062658,300.933976338695,0.001,12506.087704652,0.970980413077873,0.672169437943567,0.030599428353957,2.10471821612171,0.218658231701572,9.62560704777979,389.503246901075,494.314011224273,5,3,2,176,186,169.253814672259,761.968442594989,74.8363634647757,780.461042691385,,18128.230615159,1903.2555452858,50993.6587598301
LRP2,ROBO2,392.64756258112,106.6020333868,0.001,6486.96265794418,0.97540624098812,0.691317827100889,0.0183098957372397,2.07500949202262,0.176222251617955,11.7749573221955,389.503246901075,210.046271448717,5,2,2,177,186,168.700390349187,759.465975759451,17.7250044775906,329.203138271102,,29020.1896811191,990.912971880341,26151.4595152845
LRP2,ROS1,327.571549439024,500.892219301097,6808.36042493674,16688.2831920618,0.929714230965147,0.856838392519514,0.00172999564023484,3.06322607116725,0.248173593896338,12.3430781779578,389.503246901816,713.137975254748,4,3,3,176,186,114.866343655492,689.566677299036,133.33292520106,1206.46178082262,,43316.5469294227,,72953.1210504668
LRP2,RYR1,140.570024946988,238.027526933202,707.36734760011,6246.04682109432,0.991224088589563,0.829270056309811,0.198361186562564,0.865827479986211,0.0989987510028312,8.74584245978467,156.800005079581,278.02754466673,1,4,1,119,125,12.9590081778099,476.537452223522,74.3553268572999,548.373883885232,,10674.0708576201,,109481.833787304
LRP2,SACS,231.357293945753,749.691827574032,4169.15426591756,0.001,0.939952364593958,0.967129822139334,0.0458059602501212,2.95306035422549,0.625973798541833,4.71754626328524,389.503246901861,739.177887651265,4,12,3,167,186,71.8175345670446,537.566979375663,431.319505827949,1195.97120826351,1001.35219154382,11779.6030627402,,15909.7835401447
LRP2,SF3B1,275.65273212801,1922.2266033666,9873.56689398551,23706.5537672595,0.759553019182744,0.950037052708744,0.00247686707406419,3.33858327645241,0.300536956026392,11.1087279268218,389.503246901816,2181.5041059344,4,4,3,175,186,87.8959093871208,619.578202304683,701.66600684261,3967.65842919727,237.508719900625,40842.583615204,,160063.819683285
LRP2,SMAD4,407.61683729728,2665.47860895594,0.001,0.001,0.730397381538334,0.698453066978251,0.510273235293629,9.34308535226192e-07,0.601846110597689,1.55240437509571e-06,389.503246902193,2601.01344487202,7,15,0,164,186,175.119643659344,788.511982530919,1533.48903478511,4252.32029612198,,2481.4697607541,,14713.2828478572
LRP2,SPHKAP,282.210014249616,862.639500316954,7160.76125050881,0.001,0.777682602452015,0.978380356934601,0.0601275935440326,2.07312112689459,0.286392446663171,7.23874233084368,389.503246901507,848.404460449237,5,5,2,174,186,101.19416329815,606.623356774593,370.635386698792,1668.52191431257,1114.86150995965,27421.4706072315,,28513.550875251
LRP2,SPTA1,282.941193419079,415.8386894874,6155.8018492527,0.001,0.732209704715321,0.97114951420761,0.0759564647998676,2.15018871008677,0.33480726693762,6.42216858001291,389.503246901507,408.808891375505,5,6,2,173,186,101.455895206264,608.195671046113,190.014490090815,774.181830719788,973.089921252085,22315.1503417623,,11720.8470156592
LRP2,SYNE1,130.71873843599,456.037098672237,9092.70508960508,1576.57298483584,0.538662192421265,0.996178219588546,5.67703747874513e-05,5.61116834073951,0.628181025020887,8.93240661090159,389.503246901649,462.2346317217,2,10,5,169,186,21.8137266238202,400.459932389656,258.706600859803,732.706730632683,2793.9151827944,22979.4279725184,,31963.0933426407
LRP2,SYNE2,95.5061985871869,912.255807358838,6379.03970154549,12910.1781247179,0.752060307451573,0.977507796595843,0.0872287564664512,1.0213495293724,0.0564819323089968,18.0827653661862,156.800005078909,974.626173989286,1,2,1,121,125,5.57824287760347,401.202330221354,189.281928494503,2470.72363568448,,53504.1888552278,,442669.358843255
LRP2,TENM1,286.896792820231,254.216043224095,11204.3952640643,11958.2421712573,0.830250239888266,0.773992203659889,4.6729441259423e-05,4.39589369942428,0.306426862116656,14.3456538668297,389.503246902104,361.294397585743,3,3,4,176,186,84.6782992127234,644.374552755656,72.3420265212167,582.635911581809,,55769.2650861724,,57591.875992287
LRP2,TP53,313.079404671451,1363.48095106484,992.130203020496,0.001,0.939557312873498,0.960451490908266,0.87603978207201,2.05570474449074,1.56635505960776,1.31241300105068,389.50324690268,1339.34191420498,5,38,2,141,186,112.240769703724,673.218236100375,982.607918656281,1832.6129303174,163.781911695265,3121.99480178064,,7893.84645638233
LRP2,TTN,158.776294285504,441.404809283017,0.001,0.001,0.975462459977266,0.974179746609219,0.950279594938475,1.7516305060472e-07,0.039531502825095,4.43097373200607e-06,156.800005078928,435.615072819865,2,2,0,121,125,26.3998041634395,490.343144340115,73.390796348121,1363.26284834197,,16013.4446749332,,43539.3143265569
LRP2,XIRP2,393.372419572952,126.191339202851,0.001,21523.4212479789,0.978268709125811,0.417755266237481,2.75466395581346e-05,3.97016194925056,0.239999995273606,16.5423417809841,389.50324690239,375.215368908101,3,2,4,177,186,169.012894576558,760.860013291256,20.9825524325138,389.679021138872,,30731.007345583,5714.70983440692,82629.16268244
LRP2,ZFHX3,0.001,309.844961866209,15343.2425583889,9360.88086844998,1,0.999983176540424,0.000890347652536705,1.58256171679732,0.0577685540725385,27.394864597271,156.800005078906,310.699805728198,0,1,2,122,125,,231.999261314807,77.0510740761781,803.531565609764,1820.05407919813,277209.779186082,,
LRP2,ZNF521,280.993104528406,443.909144742029,9902.51313376732,0.001,0.748261437968348,0.984190403663242,0.0334375730860028,2.30026391233858,0.255926306254009,8.98799324699177,389.503246901119,437.194808267751,5,4,2,175,186,100.758957508149,603.990979733366,176.427418704737,899.604454338578,1537.43835660447,38911.4311593758,,19972.8701009686
LRP2,ZNF536,160.309500108433,259.426725724609,0.001,0.001,0.957035869087868,0.947675984874745,0.906969168600663,4.94725971168786e-07,0.0936487242330697,5.28278388435414e-06,156.800005079027,256.618557388459,2,5,0,118,125,26.6546221126201,495.081691713366,93.0214841570452,557.67923602369,,7482.19872422246,,12044.7961370841
LRRIQ1,MACF1,239.424560987674,547.352118973458,0.001,0.001,0.980213166423988,0.995316421014845,0.975622673336469,6.24989386303204e-08,0.020224659368028,3.09023442585744e-06,234.678177131615,546.029779636635,1,2,0,122,125,13.6608462384806,1054.31676278497,91.0078133062448,1690.39887591638,,27958.7949556258,,395572.334996856
LRRIQ1,MED12,505.305830454809,617.910399137981,0.001,71812.2119162404,0.984569931781841,0.539430160818325,0.00512712727826273,2.11471007748364,0.129903402272465,16.2790969327205,496.300481101204,862.991427761363,1,5,2,178,186,125.659129797135,1310.4064211953,221.57207959845,1328.18163744572,,37099.7152249187,9285.33510489068,1079861.69237386
LRRIQ1,NF1,509.548654610738,989.940853182801,0.001,27710.6808010662,0.969497884185488,0.622386429603589,0.199944714280904,1.23638246287998,0.146166223469788,8.45874261186977,496.300481100168,1126.30141112751,2,7,1,176,186,126.711149503001,1321.44478054177,425.321049845149,1914.76012659954,,20166.7486457608,1462.71029319016,195525.443373304
LRRIQ1,NRAS,498.811587617628,2916.24588417281,0.001,0.001,0.985026878113831,0.985936959703984,0.971174707895755,3.81953233760191e-08,0.0319837687470223,1.19420959043718e-06,496.300481101755,2895.62915659593,3,2,0,181,186,124.047253431719,1293.49595065377,484.909647545178,9005.07319148456,,78341.7995543878,,449323.223662366
LRRIQ1,PBRM1,499.439438135013,343.029382498233,0.001,108742.702430047,0.996176794572245,0.625864816806692,0.00109874932997549,2.16533163223884,0.0752742121741938,28.765915573158,496.300481103866,684.572099396016,1,2,2,181,186,124.202924888265,1295.12220326578,57.0382412362583,1059.24149222708,,122018.378757619,14056.6714662214,1614334.64285321
LRRIQ1,PEG3,498.904125653298,93.9110301059144,0.001,30672.4637705386,0.999070533829786,0.74624904846095,0.00103964624638929,2.17488121540824,0.0763494638308993,28.4858741146528,496.300481103866,187.428292991203,1,2,2,181,186,124.07065165521,1293.73321456109,15.6153645827853,289.986168154,,149207.44202821,3963.80281232094,453656.232240192
LRRIQ1,PIK3CA,503.951346295113,927.352295218233,0.001,90329.1166181907,0.998600112300038,0.906590006557672,0.00697373535211191,2.0854450254503,0.138407127704431,15.0674684175498,496.300481101204,1233.5123667979,1,6,2,177,186,125.32441240032,1306.84914374009,368.568589528965,1879.29662108617,,45200.0470319583,11653.7494800496,1376796.12032708
LRRIQ1,PLEC,500.269688400952,53.6991028988373,0.001,9909.80689986237,0.98384621952037,0.432123267471879,0.045437803353802,1.17226409847067,0.0366897391575481,31.9507340577399,496.300481104107,106.895190297168,2,1,1,182,186,124.407625233803,1297.32439801237,3.06398119854931,236.445954431502,,121585.693272707,522.534862826131,70293.2393308734
LRRIQ1,POLE,500.20050562034,131.780212997042,0.001,75776.6693745527,0.984886114019426,0.34006624930998,0.000565632958438045,2.09439071326519,0.0513103855484752,40.8180661844086,496.300481101204,394.372924241964,1,1,2,182,186,124.390718724249,1297.13859775424,7.51918342776625,580.242231222121,,141201.78395093,9764.16651600645,1158813.12891879
LRRIQ1,PREX2,503.000672040375,276.250578181203,0.001,43109.6619782394,0.989549132737899,0.53393042449713,0.00313292012848073,2.17625607588363,0.109413575840816,19.8901832716794,496.300481103824,413.460400023233,1,4,2,179,186,125.0875116825,1304.39203182097,85.7600407604683,641.778184277766,,49484.6402367745,5575.87118275453,638553.983103216
LRRIQ1,PTPRT,504.912768711497,145.060977452275,0.001,21514.2976493512,0.978901184438916,0.398202946769608,0.0034268563739425,2.11053540723064,0.109049619671191,19.3538997531067,496.300481108222,217.07804656349,1,4,2,179,186,125.563382126007,1309.41806525318,45.0328442278111,337.011907433411,,36897.8368783437,2780.87782264888,323848.219317316
LRRIQ1,RASA1,502.703516608663,297.163235184814,0.001,69582.6046917218,0.982871422778314,0.310970065342563,0.00160002840670404,2.22671921336594,0.0960332706674068,23.1869559152865,496.300481104994,494.314011225175,1,3,2,180,186,125.013072783822,1303.63372311756,73.8988112370787,770.621823082216,,49776.1606957999,8960.81221558482,1012349.35372245
LRRIQ1,ROBO2,501.506083315209,105.237728904609,0.001,35359.3534058038,0.983609915694155,0.298937211608703,0.000971138578932607,2.19953885583062,0.0762399680066197,28.8502069628313,496.300481101953,210.046271448717,1,2,2,181,186,124.715122914932,1300.53245348859,17.4984894119768,324.974495885869,,71681.4408729383,4563.11043609581,518495.045665549
LRRIQ1,ROS1,0.001,711.46707842713,44372.0379588843,17079.9462476539,1,0.999981767397428,2.39008605351219e-05,2.87626704958701,0.106796849103247,26.9321339883946,496.300481099295,713.137975254808,0,3,3,180,186,,443.436662999004,282.772728777614,1441.76661348759,9002.38748451141,202385.103140423,,
LRRIQ1,RYR1,244.277248697835,278.92938060872,0.001,0.001,0.960771068313237,0.984577875192146,0.945956301791232,1.99894772493284e-07,0.0492379548325281,4.05977001224322e-06,234.678177131114,278.027544666546,1,5,0,119,125,13.9374475924931,1075.76972558937,100.003106539041,599.725314007113,,12324.9614734655,,60504.8209161831
LRRIQ1,SACS,517.244704392846,642.158755177847,0.001,29043.9368558892,0.972516112389656,0.572181255466464,0.0247176233978865,2.14866630652076,0.272713477603264,7.87884165243413,496.300481104182,739.177887651286,1,13,2,170,186,128.625264277164,1341.43702929757,353.206415747876,1057.36720125444,,15325.4453621646,3765.04870330647,432931.085809728
LRRIQ1,SF3B1,505.238765923765,1561.92143858353,0.001,186134.391922395,0.983622401449006,0.520808777368066,0.00489045497034726,2.0958174602923,0.123490592570182,16.9714746416916,496.300481108222,2181.50410589758,1,5,2,178,186,125.643293177042,1310.24046677957,560.080239109992,3357.19266157058,,36845.0656923111,24041.1794754346,2818612.49335971
LRRIQ1,SMAD4,517.819008475949,2623.5712900552,0.001,0.001,0.88086507349407,0.880993990696564,0.776058856511208,3.06588686251053e-07,0.247300099135194,1.23974348301189e-06,496.300481107932,2601.01344485104,3,15,0,168,186,128.768548153795,1342.90844325912,1509.49679102507,4185.03167956336,,7838.43504961637,,44501.313172572
LRRIQ1,SPHKAP,167.441992287984,850.241043699608,24681.4032853413,1.44665976890893,0.899896549168461,0.999800281132628,0.00544174884652504,2.28547739673094,0.124409172100231,18.3706503157952,496.300481107131,848.404460451588,1,5,2,178,186,9.55398462460305,737.271004398467,365.321205956264,1644.44542123121,3837.56681499683,95081.158230743,,337268.055152962
LRRIQ1,SPTA1,504.443241361771,307.381606048151,0.001,28316.614409185,0.998623585230462,0.962732143503635,0.00785491682477594,2.0705693158384,0.142319914088511,14.5486970611202,496.300481100455,408.808891375618,1,6,2,177,186,125.41587069011,1307.8215016389,122.170370657888,622.930332732796,,44915.3968437002,3632.39793126328,432755.450983265
LRRIQ1,SYNE1,0.001,461.727261367866,13296.7951270343,4342.88289091995,1,0.999989278875094,0.000470011436295975,3.07072234472021,0.269113022185208,11.4105304893305,496.300481104991,462.234631722195,0,12,3,171,186,,463.471425550412,265.668440938137,736.495971121328,3176.19477531962,38062.4726703021,,
LRRIQ1,SYNE2,238.424081960042,977.767064568069,0.001,0.001,0.974016067070412,0.990523004198175,0.974989850260274,7.43151179066759e-08,0.0277392873927302,2.67905648961091e-06,234.678177131367,974.626173989349,1,3,0,121,125,13.6039332383081,1049.87007552543,243.148411292337,2535.68922614171,,35440.9198420419,,347321.038012344
LRRIQ1,TENM1,505.331880732701,258.634389422449,0.001,32698.2826075204,0.982575359289866,0.455383351621741,0.00434016092659667,2.17004190174891,0.131076543170564,16.5555319758862,496.300481108222,361.294397586076,1,5,2,178,186,125.665588777556,1310.47427908704,92.7421841162129,555.924121444848,,36073.0024294045,4230.30322937916,483574.578431637
LRRIQ1,TP53,184.487738209885,1343.3107515104,3162.91040835381,0.001,1,0.99764325211493,0.221848952653499,2.15783224580756,0.670906999665846,3.21629115046094,496.300481103368,1339.34191422837,1,38,2,145,186,10.5261044031412,812.481795441691,968.176002959296,1805.25681633341,521.974932390798,9961.13222426867,,76581.20876499
LRRIQ1,TTN,0.001,433.750089296137,28415.8403659319,16081.9872266861,1,0.999980171692747,0.0212286807550756,0.803107998140154,0.0202184587010632,39.7215242771162,234.678177131627,435.615072818194,0,1,1,123,125,,602.299046950968,72.1210135281214,1339.46590941319,1273.41321692938,706042.925788967,,
LRRIQ1,XIRP2,506.073428889387,250.825927906182,0.001,32998.9884503866,0.97427707869968,0.422756153328387,0.00438580996092918,2.05444472172181,0.101664739242791,20.2080361098992,496.300481101953,375.215368910457,1,4,2,179,186,125.847771794038,1312.43812060369,77.8664476033897,582.722127443459,,33104.3206171914,4230.25128325586,514133.19233348
LRRIQ1,ZFHX3,240.313802924513,311.466663588941,0.001,0.001,0.976596628363443,0.992848180419012,0.969612834269496,1.09151810184956e-07,0.0286196745699966,3.81387321221971e-06,234.678177131367,310.699805727506,1,3,0,121,125,13.711473520982,1058.26020542967,77.4528657458147,807.780707974897,,22876.4104373655,,147025.303945246
LRRIQ1,ZNF521,399.266880812015,336.480388038711,10799.0284046954,36925.8213466091,0.985340642400635,0.863234388567965,0.00284924335618867,2.40351846224198,0.111781899633667,21.5018573679534,496.300481108222,437.194808267049,1,4,2,179,186,47.5137324425333,1192.34136602205,106.382583971873,763.980522015822,,92415.8249856562,,576067.179190128
LRRIQ1,ZNF536,239.570650285598,257.333438165377,0.001,0.001,0.979606555049867,0.986388058021076,0.966272918872413,1.9527102840429e-07,0.0468007669270208,4.17238949756502e-06,234.678177131191,256.618557388473,1,5,0,119,125,13.6694069762662,1054.89505116186,92.2741899403447,553.143615279855,,23858.3339909082,,63377.7978812183
MACF1,MED12,546.189537971444,0.001,5421.50141649308,13922.5387817358,0.999999020493469,0.916304753133898,0.0292364308132939,0.617555058073009,0.0208227297468269,29.6577377501197,546.029779636635,175.381149607909,1,0,1,123,125,90.8154683321197,1686.7502552878,,400.451002621009,,,684.733132020627,224006.376671842
MACF1,NF1,281.912929015233,1411.25026701249,7946.10007480589,0.001,0.646970712585279,0.97613632823495,0.252939655040433,0.90432159058567,0.135920377854414,6.65331869187636,546.029779637879,1396.72522696529,1,6,1,117,125,16.0846209926689,1241.55215420637,606.269540541671,2730.19534266622,438.217940252663,40703.4012100395,,114148.972930132
MACF1,NRAS,549.8521793218,4331.84889224464,0.001,0.001,0.98625212605876,0.989782105881605,0.976175325833262,3.31957588038927e-08,0.031797009554476,1.04398996223278e-06,546.029779638441,4309.65905851949,2,2,0,121,125,91.4220402810019,1698.13032804207,720.304030003023,13376.5719577623,,95528.0187551917,,991563.869775808
MACF1,PBRM1,549.271354960017,246.854815252559,0.001,0.001,0.988378201228321,0.982306361226443,0.970891269065561,6.22196081813582e-08,0.0205579432718524,3.02654829612981e-06,546.029779636635,242.475384174156,2,1,0,122,125,91.326138898346,1696.36135526887,14.0848305188602,1087.02227621882,,158378.920162993,,32276.5990826451
MACF1,PEG3,,,,,,,,,,,,,2,0,0,123,125,,,,,,,,
MACF1,PIK3CA,552.622069791482,657.551543851553,0.001,0.001,0.976591463203017,0.961079673399305,0.938586840345457,9.40553773302877e-08,0.0545583021010662,1.72394252951742e-06,546.029779637981,648.852398114012,2,3,0,120,125,91.8826672284362,1706.73424504284,163.514766480613,1705.3291718342,,51349.5637311112,,38621.7381229489
MACF1,PLEC,552.40992318558,79.7589941966293,0.001,0.001,0.977244597204126,0.982770815897492,0.960410028811394,1.52405448553862e-07,0.0205049251877419,7.43262641333467e-06,546.029779636635,78.3772562401924,2,1,0,122,125,91.8452506347224,1706.1708786936,4.55078178519881,351.22843718791,,80040.5149212066,,10710.9638758067
MACF1,POLE,546.16678046842,0.001,8799.03597299874,23386.009345917,0.999999221784171,0.586318293114969,0.0187051149524273,0.791918930146635,0.0181783063196946,43.5639556413822,546.029779636635,188.522851761284,1,0,1,123,125,90.813873570813,1686.71938050274,,425.391398808742,,,1150.46299142663,378355.056277926
MACF1,PREX2,552.645860028417,198.635332021451,0.001,0.001,0.976458840480847,0.970571194799236,0.947726362507587,1.38402199466661e-07,0.0390531774837874,3.54394209086105e-06,546.029779641001,195.67538768707,2,2,0,121,125,91.8859190754723,1706.84050416078,33.0275021152458,613.422025280515,,56086.4936859752,,15511.9993034228
MACF1,PTPRT,275.976723937148,156.408121808072,20280.2022857186,0.001,0.699801047630412,0.995575762074662,0.11460384082434,0.838491724776665,0.0587782842353061,14.265331757898,546.029779636635,154.866846741244,1,2,1,121,125,15.7462932620006,1215.29501590312,38.8945692657037,405.637323847497,1042.41787337434,161979.548555761,,34684.6680768603
MACF1,RASA1,274.947255655404,280.179738378286,29249.5135355417,0.001,0.729694297359273,0.995622304877953,0.084699770593005,0.775661456417445,0.0427778766403303,18.1323038293622,546.029779636635,276.883569055612,1,1,1,122,125,15.6876805795845,1210.75853619882,46.5854375304974,865.27872978195,1429.21155416611,455075.111155992,,78306.7329288145
MACF1,ROBO2,552.585384059774,75.5122289304114,0.001,0.001,0.97665910288417,0.97970389692338,0.956840097213091,1.68588571745204e-07,0.0215347032358124,7.82869259441846e-06,546.029779640502,73.9705091334938,2,1,0,122,125,91.8738297721972,1706.71333164686,4.3084052042396,332.545497722192,,77943.1918979128,,8580.4180235153
MACF1,ROS1,276.488762045289,696.281194290564,17756.7095912683,0.001,0.631190762343067,0.992777803965563,0.126037458342273,0.977012878185915,0.0751790143006329,12.9958192093201,546.029779640603,690.188411197252,1,3,1,120,125,15.7756372703962,1217.55314913934,216.144904270873,1617.73216267623,939.366446625026,111837.270128456,,126352.104465341
MACF1,RYR1,282.196006204427,281.116959752323,7660.4189112973,0.001,0.828657886744384,0.993061043698796,0.26796208535971,0.662804670789515,0.10341482246709,6.40918443775739,546.029779636635,278.027544666481,1,4,1,119,125,16.100354644742,1242.80897670548,100.787108361351,604.482655003196,420.06203816856,40503.7435472692,,31761.9430073869
MACF1,SACS,562.262461231704,277.956183829008,0.001,0.001,0.943717962472507,0.931345287666612,0.878947812074908,2.23871964681599e-07,0.0784942673190028,2.85208044266185e-06,546.029779636635,272.994692576707,2,4,0,119,125,93.4804456662816,1736.7182143339,86.2792113657622,645.887762397286,,20151.6372510744,,9050.63873090199
MACF1,SF3B1,345.460246603644,768.029993351657,28167.4358768489,13759.4959698341,0.835928974816134,0.987795031418434,0.0744599073104535,0.767643291972295,0.0380622613345823,20.1680947231276,546.029779636635,874.44564757676,1,1,1,122,125,20.4614990963866,1424.51610859451,70.8689181283634,2602.90051544705,,493022.728894219,,453918.770406209
MACF1,SMAD4,563.492506263438,1746.6564600936,0.001,0.001,0.939672010928284,0.913708193721359,0.858610532524326,1.46422857571354e-07,0.117596406868642,1.24513036979873e-06,546.029779639749,1723.94670324958,2,7,0,116,125,93.687223213284,1740.43884589555,750.388165101948,3378.85648460671,,18022.6964498812,,44813.1281061792
MACF1,SPHKAP,552.013404218171,538.395532670893,0.001,0.001,0.978792291986121,0.955267709417861,0.935013538502774,1.05912126837845e-07,0.0557151356492653,1.90095789238632e-06,546.029779636635,530.193702208639,2,3,0,120,125,91.7812888237752,1704.86277622824,133.883835267515,1396.30686786388,,60768.5342221619,,27379.307540427
MACF1,SPTA1,556.681101645433,373.785239562677,0.001,0.001,0.962735393565638,0.920883202637352,0.886581266437805,2.17004754561601e-07,0.0924133639808289,2.34819668080277e-06,546.029779636635,367.60671840703,2,5,0,118,125,92.5554765838203,1719.32176906766,134.021949260478,803.545540395525,,30858.5100698557,,10487.2789359845
MACF1,SYNE1,279.126022416197,307.478225066072,10984.165620759,0.001,0.490963775418812,0.973191375962483,0.187305765166547,1.17784290036116,0.133645944851821,8.81315854115202,546.029779637879,304.402957565852,1,6,1,117,125,15.9261727351129,1229.21612706066,132.099134206902,594.783302105009,600.964427677407,57924.5402986381,,24669.7541943545
MACF1,SYNE2,275.012792084473,983.888517394455,28067.3802759367,0.001,0.542259654955099,0.99387227005234,0.0853952273535261,1.0333427071357,0.0572499848124098,18.049659061424,546.029779639749,974.626173995033,1,2,1,121,125,15.6914331284579,1211.02830822748,244.667227423546,2551.63118704859,1409.16067604594,223723.316385095,,218741.84873795
MACF1,TENM1,274.368107632418,146.934540244847,38404.3294302097,0.001,0.620842477888156,0.997165120061165,0.0684161937266784,0.891888248616573,0.0412282017207608,21.6329650916464,546.029779636635,145.321772494984,1,1,1,122,125,15.6546409649204,1208.1862377738,24.4309970357571,453.765223850326,1782.44258885798,626020.31145707,,44760.5480139554
MACF1,TP53,591.007909265728,861.46806618607,0.001,0.001,0.855224386838003,0.792700225457071,0.67806645200919,5.07014478678958e-07,0.313847519043415,1.61548028234954e-06,546.02977963794,849.973700932741,2,18,0,105,125,98.2528935937668,1825.84499002173,521.986888163442,1323.92722853657,,7126.57566056955,,8400.31713298904
MACF1,TTN,553.969718357929,444.730585672876,0.001,0.001,0.971912277048253,0.959768460076698,0.932818670357939,9.13700894804607e-08,0.0431147405452913,2.11923087846204e-06,546.029779640502,435.615072818734,2,2,0,121,125,92.1045383243614,1711.01142711564,73.9415676827546,1373.62233994119,,51070.3796901569,,25149.6067367972
MACF1,XIRP2,553.942087263123,182.551813407896,0.001,12568.1283223528,0.995418983873116,0.73850923432904,0.108238536194107,0.852370028801201,0.0529003938349207,16.1127350291773,546.029779637879,272.25728236018,1,2,1,121,125,92.10086892154,1710.8688567541,30.3536922294564,563.735209397502,,83205.6457210389,618.754315132507,200724.002933056
MACF1,ZFHX3,276.739517941491,313.496449875076,16721.9509686493,0.001,0.849400014090641,0.998464269717078,0.1401718558603,0.740197554364932,0.0603550329533314,12.2640568341215,546.029779636635,310.699805727407,1,2,1,121,125,15.7896431960609,1218.70472537683,77.9564868413358,813.071134833375,849.165800056287,154295.156024304,,72988.7825509874
MACF1,ZNF521,549.056953197051,208.239929266052,0.001,0.001,0.989239301396194,0.967268534544256,0.956861591548865,1.34448435057041e-07,0.0393778774735495,3.4143139164205e-06,546.029779637981,204.790406919805,2,2,0,121,125,91.2911730401407,1695.67976343355,34.6242777934261,643.074414689777,,120019.505825375,,14576.5847751272
MACF1,ZNF536,558.095521975694,260.808615987242,0.001,0.001,0.957839060907817,0.923051535691573,0.884150874351185,2.85283337985928e-07,0.0963400873070842,2.96121112156134e-06,546.029779640162,256.618557388221,2,5,0,118,125,92.7910135999993,1723.71262679221,93.514235999203,560.679552959126,,26738.918152802,,7535.27672110084
MED12,NF1,889.472480097401,1004.45789020098,0.001,7270.80458396931,0.938010121013489,0.770251902693877,0.569993215714973,1.01534077984208,0.337613654380943,3.00740437084464,862.991427747722,1126.30141113932,6,7,1,172,186,382.127358464504,1720.68263836199,431.541962864041,1942.99997879261,,13392.8882310076,401.883314354875,36810.4596058913
MED12,NRAS,868.142848396519,2948.79262956533,0.001,0.001,0.959596082019149,0.964350488987017,0.925389281525062,5.67968185656792e-08,0.0736908196778089,7.70744833807065e-07,862.991427751584,2895.6291565585,7,2,0,177,186,372.998424920849,1679.16088259487,490.315999077346,9105.7453135581,,50195.4876180543,,162257.962365478
MED12,PBRM1,867.688263393654,347.696425862888,0.001,20099.5959226286,0.995226567823232,1,0.0199150397311665,1.99885153632347,0.174550314761196,11.45143472848,862.991427763193,684.572099396016,5,2,2,177,186,372.804067812282,1678.27053697788,57.8137985296812,1073.70839063664,,90359.2833826042,3115.76714866252,77899.3168870642
MED12,PEG3,619.659315176047,190.675329900219,37964.5341329411,0.001,0.663476247832791,0.98329535528059,0.0136386024302477,2.16419900586764,0.17684686111415,12.2377009817025,862.991427759469,187.428292991203,5,2,2,177,186,222.198143252527,1331.95113270457,59.1927202919881,442.991322357134,5517.79627047474,220457.142581294,,11082.5427366327
MED12,PIK3CA,626.855367328811,1251.79333760301,13628.3588827777,0.001,0.922701525702882,0.989858877166539,0.0769875633296701,2.08922204724769,0.325851502273522,6.41157715300016,862.991427745385,1233.51236681546,5,6,2,173,186,224.774079901493,1347.46778448493,571.999927651102,2330.46125501277,2161.69750712927,48863.8071534012,,42891.6024686141
MED12,PLEC,869.655428030673,54.4910976262547,0.001,2703.61652640204,0.966031088791454,0.564716089076153,0.150214808248111,0.992267900457704,0.0863905107899187,11.4858436578835,862.991427762167,106.895190297117,6,1,1,178,186,373.634928236808,1682.15362427342,3.10877758556707,239.913731638352,,96095.4523946891,149.757641650099,13554.8048899905
MED12,POLE,864.01752561498,0.001,7118.68342759775,29820.973503396,0.999994119358359,0.441517107554125,2.61231242101835e-05,3.09387376576275,0.121842484150571,25.3924055088977,862.991427757356,394.372924241718,4,0,3,179,186,371.23563277747,1671.10977920702,,296.088263650101,,,6732.75045633847,103670.430122364
MED12,PREX2,874.064006867308,279.847809933943,0.001,8366.16174768508,0.985278043149136,0.884663240825118,0.0480576973216704,2.03487154489052,0.252603319466808,8.05560096829171,862.991427750147,413.460400025407,5,4,2,175,186,375.533008559387,1690.65870346888,86.8747961517149,650.164421007824,,38187.8447148023,1306.37175278071,31778.6514906295
MED12,PTPRT,791.796359452615,133.119546451159,8387.22033095523,6482.71472145923,0.969140347229707,0.722299419565504,0.00171136369203537,3.13298836905524,0.259027465355483,12.0951975681637,862.991427748422,217.078046563711,4,3,3,176,186,302.207220122145,1602.82279063935,33.7349073931817,335.770028572664,,80693.5972925069,610.948076205409,25123.8440661609
MED12,RASA1,873.579862892808,301.414150932257,0.001,11390.3019468045,0.96897123312508,0.695753863268497,0.0356289504999069,1.99028149073036,0.221802137487368,8.97322953365907,862.991427758551,494.314011222709,5,3,2,176,186,375.329425504946,1689.77636849668,74.9540299378743,781.694434974124,,37829.0213681256,1750.65123269569,45104.65874767
MED12,ROBO2,866.63312866898,53.1759682326621,0.001,10866.2315099481,0.974043443205592,0.734785194083935,0.000361217624654338,2.96830351462995,0.176678063122058,16.8006342280269,862.991427761495,210.046271448717,4,1,3,178,186,372.349432201139,1676.23851030439,3.034096970569,234.152767103811,,136332.802985141,2355.01415797193,40821.9628439434
MED12,ROS1,796.588722638244,432.770755163439,7995.25493068342,21387.5536258709,0.973827439764274,0.728602294185448,0.00171594457928815,3.09359111703217,0.250909931634808,12.3294885016142,862.991427757356,713.137975254273,4,3,3,176,186,306.072552083287,1607.94640146466,109.414433156326,1094.69079328141,,79172.483941207,2189.65031003747,81844.7308776875
MED12,RYR1,0.001,278.215318547438,4994.50941210454,1542.17134507277,0.792158075960752,0.999997979372248,0.0719560802458469,0.65647122464411,0.0507699669678659,12.9303063178988,175.381149607909,278.027544666481,0,4,1,120,125,,417.297099147667,99.7496104548591,598.162408623038,273.972251807146,26437.9094556582,,
MED12,SACS,894.454062677515,547.142939206951,0.001,16878.5145681772,0.942173579875194,0.763393116849935,0.00341635228236229,4.01456493033591,0.626768179515593,6.40518306694929,862.991427749681,739.177887650818,3,11,4,168,186,384.27659430667,1730.24887603882,284.065236368996,937.28217677697,,14027.3429110016,4266.35371605958,68322.1021273257
MED12,SF3B1,723.944865299671,1636.31981955995,12630.7459070184,45841.5874831905,0.898233049998595,0.806852235392808,0.00262244995692057,3.25635677846634,0.296475979643212,10.9835433628894,862.991427748422,2181.5041059344,4,4,3,175,186,252.898537019826,1527.04938176671,533.13781929838,3608.87151597199,,70801.5241297758,,202130.051668615
MED12,SMAD4,902.815265212857,2657.26355598844,0.001,0.001,0.732056628125528,0.730821204145156,0.535120920752249,4.76751718596347e-07,0.587550413387936,8.11422658776289e-07,862.991427762859,2601.01344483995,7,15,0,164,186,387.862278089632,1746.46995800675,1528.79911767349,4239.03752146213,,5537.67398295626,,16798.2158746678
MED12,SPHKAP,624.588547541664,862.236311166517,17011.6899298805,0.001,0.714586263748226,0.976842859122107,0.0529940711836396,2.18523418296277,0.288178479957699,7.58291938830248,862.991427752786,848.404460457073,5,5,2,174,186,223.962158466743,1342.58775616249,370.461456205559,1667.73064671954,2644.14779269531,65550.9677055096,,28937.7253721957
MED12,SPTA1,626.780713356319,415.519088608986,13737.3972160679,0.001,0.794564288772343,0.977435677948329,0.0767105505916888,2.14700657839982,0.334282304946156,6.42273475631815,862.991427758939,408.808891375618,5,6,2,173,186,224.746421262447,1347.32446027236,189.844908714853,773.482942219664,2154.5057945088,50956.7682775688,,12546.4472009975
MED12,SYNE1,522.665446036597,431.667004239605,11091.4047202676,3719.68473178408,0.783594086430315,0.950160194986904,0.00221388076175534,4.39632192261413,0.631282569245237,6.96411106023468,862.991427765616,462.234631723227,3,11,4,168,186,135.847831371487,1280.77888018091,236.418614516189,707.596740973381,987.061528062682,34095.8183345396,,24399.3667520637
MED12,SYNE2,0.001,975.90599205091,18904.0484842224,7249.01819697866,0.464276129548872,0.99999686511934,0.0210986438265858,1.07153305947135,0.0284265671700787,37.694775210115,175.381149607909,974.626173998885,0,2,1,122,125,,378.050418967954,242.68818186391,2530.79770950416,946.970517847015,152851.060270682,,
MED12,TENM1,629.566028871328,257.081330767392,24436.3582560296,10717.1786184322,0.828058404135995,0.821300344572541,5.9629449823694e-05,4.25206468939402,0.310226522230294,13.7063222667904,862.991427757356,361.294397586205,3,3,4,176,186,184.189875212359,1420.47102257012,73.7227866749778,586.533216007194,,121175.843354698,,51862.891582769
MED12,TP53,552.988301948431,1358.97052037179,3363.21261367846,0.001,0.874247579924184,0.951899001844397,0.423054684370883,3.08005212946465,1.56900466567686,1.96306116663836,862.991427750525,1339.34191423289,4,37,3,142,186,171.634476700352,1285.21745248124,979.380763066431,1826.48629661973,827.646442964479,8928.30101026584,,10377.3473945338
MED12,TTN,177.606770444802,440.260686500476,0.001,0.001,0.987558584011583,0.979164742885864,0.966984321900255,8.38054312338123e-08,0.0205858558635414,4.0710200143894e-06,175.381149608619,435.615072818908,1,2,0,122,125,10.1337026316457,782.099982227343,73.2006022628465,1359.71962950222,,35459.9103765492,,69816.1945442992
MED12,XIRP2,871.520862480129,126.136331095543,0.001,22545.4255226051,0.980012474685611,0.32640983445169,2.2497394400327e-05,4.05423877264311,0.238519207968185,16.9975357841365,862.991427762289,375.21536890826,3,2,4,177,186,374.446300923675,1685.70226328987,20.9724627873606,389.490211230201,,71333.8839876301,6009.01509107893,85446.0758559626
MED12,ZFHX3,0.001,310.815646771499,9892.23002689517,3166.8448125163,0.856761562282432,0.999998696667264,0.0390377047969685,0.679359052276204,0.0293553443864877,23.1426020193077,175.381149607925,310.699805728247,0,2,1,122,125,,415.875086306256,77.291948239981,806.06904117364,510.7762336107,79120.772016721,,
MED12,ZNF521,622.577583116583,444.398075152976,21868.8316374351,0.001,0.667249839636944,0.978527561813191,0.0334476179531184,2.29737602043327,0.257174149672414,8.93315297575453,862.991427758551,437.194808267049,5,4,2,175,186,223.24323174938,1338.23909901704,176.620631824024,900.596072370992,3394.86560016229,85924.8609951913,,17976.9357675523
MED12,ZNF536,179.345808043957,258.751041801602,0.001,0.001,0.978052910943538,0.959916397306385,0.938853480088797,2.33530315909766e-07,0.0474520406049977,4.92139669721961e-06,175.381149607909,256.618557388221,1,5,0,119,125,10.2328984271824,789.764831022163,92.7795490749391,556.222697913148,,16604.7120073246,,20918.0487562054
NF1,NRAS,1132.39443904056,2943.41929771745,0.001,0.001,0.958272175559478,0.967862840668238,0.927478504144188,5.52330773476769e-08,0.0874783759211363,6.31391206867749e-07,1126.30141113452,2895.62915658488,8,2,0,176,186,517.431776171512,2108.21170345248,489.425737164311,9089.13884907557,,63334.3576680843,,180401.607173737
NF1,PBRM1,994.005820307388,703.146929747678,15350.0123555128,0.001,0.760036604928653,0.969340946242522,0.331458810834988,1.09184353184873,0.196768079982842,5.5488854286932,1126.30141113999,684.572099409142,7,3,1,175,186,427.066103968388,1922.67291361983,218.276820562673,1633.68068875234,830.203922427508,89261.5705679839,,21110.0658251335
NF1,PEG3,992.959969327353,192.890158644792,17358.2524245155,0.001,0.640167866933125,0.955284014088938,0.292861250847366,1.20763168406695,0.198188317326798,6.09335454458529,1126.30141112772,187.42829299108,7,3,1,175,186,426.620468847734,1920.64157012609,59.8779462263115,448.159663102568,940.935102931777,99582.8760973271,,5194.11329321385
NF1,PIK3CA,1004.34048157952,1266.76651333772,7299.47611855844,0.001,0.757025489842463,0.93777673027754,0.564084480601204,1.12364091894928,0.372337191564359,3.01780467921657,1126.30141112751,1233.51236680879,7,7,1,171,186,431.499176726098,1942.72897113329,578.815855728206,2358.50146760392,407.207752174959,35356.3260180223,,18829.8514690698
NF1,PLEC,1133.31498322382,54.9237072601722,0.001,1935.00304706978,0.976570460148948,0.786373364384307,0.207739456658072,0.826573447535422,0.0973878869615948,8.48743589499363,1126.30141112229,106.895190297282,7,1,1,177,186,517.844591519566,2110.00250409889,3.13378974025139,241.853890060417,,154225.847952677,107.586945971773,9527.03089283729
NF1,POLE,1136.13999709696,269.686029834462,0.001,5089.22179728671,0.98400903837766,0.906949191742028,0.312977078878727,0.843970136715464,0.138378792323452,6.09898469660537,1126.30141113645,394.372924240842,7,2,1,176,186,519.133446952774,2115.27435400094,44.8416336485813,832.82141553125,,72286.3204377087,283.844589203285,24680.7814576583
NF1,PREX2,854.297244097587,422.071554057027,21473.7367343934,0.001,0.767209287710278,0.989858589942593,0.0594208798615888,2.06447974035546,0.288252352636115,7.16205686259092,1126.30141113536,413.460400026007,6,4,2,174,186,339.519690664256,1731.37166558024,167.744095396494,855.377853127139,3320.00965165017,84922.3332733481,,13941.9881917971
NF1,PTPRT,1002.46236316632,223.436582457629,8060.30827960287,0.001,0.841277451151894,0.961309695086879,0.546203145112675,0.952221401658336,0.290225300681383,3.2809730902948,1126.30141114259,217.078046563559,7,5,1,173,186,430.681709988322,1939.13422148674,88.7952128097227,452.86144165146,441.566741331174,42886.5817616754,,4195.81082692597
NF1,RASA1,852.664223313897,505.364538266559,24872.2365258028,0.001,0.778273198501314,0.998466843782287,0.0484680160047748,1.98211407534106,0.254211725208902,7.79709934194509,1126.30141113099,494.314011222649,6,3,2,175,186,338.872595466155,1728.05622135161,181.201084441332,1086.29571770822,3734.82818512574,111706.379737524,,19181.7568583685
NF1,ROBO2,1125.21255857094,167.363261413414,1178.37045298509,1664.25768788933,1,1,0.460043967016929,0.820970941475111,0.199242333185636,4.12046440306541,1126.30141113645,210.046271448612,7,3,1,175,186,507.199537145259,2106.71899237566,41.6694117473225,433.053207444808,,53512.0960975061,,8978.06896980232
NF1,ROS1,1001.94022885294,731.610908760924,8285.96895049426,0.001,0.906579291422991,0.977592154340594,0.543711337486637,0.943937841205529,0.280660917733747,3.36326784943036,1126.30141112751,713.137975255682,7,5,1,173,186,430.46112931723,1938.11936253258,290.75598372959,1482.76859055978,454.386701524147,43768.4126301901,,15851.3542766763
NF1,RYR1,1430.11486500581,171.814527342816,0.001,3302.34255483009,0.981173848527335,0.739778070557474,0.115108239560019,1.65160203183844,0.328130119503695,5.03337527910125,1396.7252269455,278.027544666221,5,3,2,115,125,614.33863761827,2766.95372812755,42.7194314528315,445.726641991756,,36442.7442714689,513.026301476977,12767.1458055419
NF1,SACS,728.999154973064,754.240935702303,11264.9891140025,0.001,0.518475424434876,0.947487429857628,0.0563263637815945,3.15147904842348,0.717517928117796,4.39219554651476,1126.30141113148,739.177887653699,5,12,3,166,186,261.389657710299,1567.14287472761,433.933204689931,1203.24236030846,2708.79422998596,31693.6246442026,,10562.5696799102
NF1,SF3B1,1003.914576085,2244.03381406123,7458.92819549973,0.001,0.797052893018501,0.948292299956108,0.566261040449061,1.01356196161107,0.329552193450875,3.07557340461809,1126.30141113932,2181.50410589687,7,6,1,172,186,431.309311327159,1941.94449543481,964.100311252421,4340.78429008568,411.964216753575,37890.2860920785,,36331.5767741994
NF1,SMAD4,1175.43301607306,2686.95955415792,0.001,0.001,0.714991039130188,0.620537979032923,0.443838999128174,4.50624892033014e-07,0.667796055725488,6.74794180303235e-07,1126.30141112521,2601.0134448427,8,15,0,163,186,537.048379170018,2188.61551573528,1545.7668477318,4286.90490870707,,6708.78453080415,,11003.1426999982
NF1,SPHKAP,1001.17561055078,870.546873803482,8688.13603167812,0.001,0.75151674906564,0.947509862192289,0.504148509539136,1.14128453435178,0.32509295645785,3.51064060811096,1126.30141114508,848.404460445177,7,6,1,172,186,430.139769169197,1936.59260953923,374.020603540031,1683.89014770088,481.105706679273,43612.9732667113,,15257.7306906751
NF1,SPTA1,857.2477992564,418.785085906047,17051.0337776185,0.001,0.46470397688149,0.944776377503239,0.0818485791959261,2.29485229701837,0.376314290209043,6.09823319689396,1126.30141113643,408.80889137455,6,6,2,172,186,340.691023817857,1737.36162014118,191.355688265064,779.68742554454,2692.97742256364,61704.3674623058,,7841.92613685817
NF1,SYNE1,873.330714517021,473.698948947746,8142.09040042775,0.000999999999748979,0.505841162294447,0.889904459650585,0.251226921702228,2.35248742958768,0.703328362020438,3.34479249895416,1126.30141113929,462.234631721603,6,13,2,165,186,347.067313132079,1770.08738140204,272.525978346946,755.717313253673,1317.93433505711,27120.2576215182,,4579.1136044744
NF1,SYNE2,1419.03026308477,1014.37057177537,0.001,0.001,0.796106054339392,0.888005998956785,0.79690196121614,1.73772866783606e-07,0.190960521218031,9.09993676573594e-07,1396.72522695301,974.626174004554,7,3,0,115,125,609.592898593988,2745.3855976447,252.227840950814,2631.12640466261,,29525.3662248859,,16880.1140752779
NF1,TENM1,1004.56097335633,371.843598749649,7227.72504342402,0.001,0.805437101430162,0.948414274731893,0.578797360719128,1.01701654905956,0.340832628539658,2.98391780568984,1126.30141114546,361.294397585496,7,6,1,172,186,431.586309690087,1943.20200264013,159.750124860195,719.313873270138,399.545913102458,36572.7338798349,,5985.70899264144
NF1,TP53,942.43082488458,1370.8356797275,2684.67065573919,0.001,0.799065977461702,0.846220364857257,0.797963987960472,2.20198536097574,1.78727105662222,1.232037721876,1126.30141113605,1339.34191422927,6,38,2,140,186,374.464011399816,1910.59880154526,987.871835813764,1842.59098846481,443.144191744539,8449.69139230524,,5671.62409364963
NF1,TTN,1414.81382759593,453.89004583524,0.001,0.001,0.915787621210482,0.921851907065841,0.844255321615727,2.14763489318027e-07,0.137370104077989,1.56339321979475e-06,1396.72522695301,435.615072817666,7,2,0,116,125,607.784411827046,2737.20928839849,75.4625255501384,1402.0056462971,,40378.0645545316,,11119.5669637526
NF1,XIRP2,1149.57697061481,320.097992279792,0.001,2624.20517767131,0.965948109474683,0.855558151133617,0.543390996851373,0.910603661777476,0.272692588390328,3.33930477228099,1126.30141113032,375.215368909649,7,5,1,173,186,525.250500440145,2140.45061804808,114.77874594649,688.077144915617,,24542.080980334,146.454478483671,12686.8386679172
NF1,ZFHX3,1422.68276615611,214.91699372341,0.001,2827.24331006995,0.947104897282873,0.754991230211696,0.409802882446229,0.845246584436471,0.197772871383185,4.27382470874281,1396.72522695326,310.699805727316,6,2,1,116,125,611.133700572368,2752.66131637209,35.7316009925904,663.833955858309,,42006.2364610005,156.629257732533,14193.4077562444
NF1,ZNF521,997.678315341508,448.675222183431,11018.0107022278,0.001,0.703511808627981,0.948651017715055,0.419384189393267,1.24222186188694,0.291065354392779,4.26784515277838,1126.30141113981,437.194808266289,7,5,1,173,186,428.646548953297,1929.80404568721,178.313731898662,909.306269330751,609.530156737982,55696.3649388776,,9152.6110798985
NF1,ZNF536,1215.22968135272,265.011294624948,12092.1013229873,0.001,0.758733398397529,0.970215386752233,0.469143825253375,1.18768324859633,0.320628906394669,3.7042301081063,1396.72522695382,256.618557387666,6,4,1,114,125,482.908621243034,2463.10633030358,95.0187570560271,569.737270279726,661.026653253425,64837.4200321869,,5423.19380888417
NRAS,PBRM1,2928.61760778298,688.597640238189,0.001,0.001,0.977649783374313,0.976950885732552,0.955116634477714,3.87116306527907e-08,0.0421709608778752,9.17968901986784e-07,2895.6291565585,684.572099396016,2,4,0,180,186,486.963516679233,9043.34476524153,213.770200172842,1599.73400438334,,270561.759547033,,70242.709514647
NRAS,PEG3,2927.33401514055,188.532000311492,0.001,0.001,0.978511696134335,0.976904338941135,0.955913038924313,1.203966475136e-07,0.0416841350366629,2.88830864326934e-06,2895.6291565585,187.428292991073,2,4,0,180,186,486.748900379714,9039.33649790115,58.5286388769577,437.98998822827,,281395.819966482,,19289.2949109172
NRAS,PIK3CA,2953.88587963926,1242.5816258943,0.001,0.001,0.961047563843201,0.943649647258433,0.906895621106242,4.79370124185918e-08,0.080829540673098,5.93063031404141e-07,2895.6291565585,1233.51236681579,2,8,0,176,186,491.163595412506,9121.5135091471,567.79816709442,2313.26238530202,,147498.553150448,,50361.0925728094
NRAS,PLEC,2908.25416859627,107.555780690478,0.001,0.001,0.991354397337656,0.987792719037774,0.979252864954964,1.03117413503395e-07,0.0210828819253661,4.89104923456066e-06,2895.62915659593,106.895190297106,2,2,0,182,186,483.581704485059,8980.34661234919,17.8839647756609,332.12994129365,,800865.564139819,,21110.8561578079
NRAS,POLE,2916.48897311721,396.884048068805,0.001,0.001,0.985823443129554,0.981228545208316,0.967318543172533,4.5347384122936e-08,0.0311101468480065,1.45763966799925e-06,2895.6291565585,394.372924241964,2,3,0,181,186,484.938819683596,9005.61652441778,98.6978413675306,1029.19720483796,,445309.705426329,,49574.451864568
NRAS,PREX2,2949.78189038458,415.870660855468,0.001,0.001,0.963695297016691,0.966035401715012,0.93096570441649,9.15926752879937e-08,0.064643887456578,1.41688068109328e-06,2895.62915645837,413.460400023589,2,6,0,178,186,490.481087537951,9108.96021735558,165.284972150659,842.763186483397,,161827.825542772,,28482.7500584597
NRAS,PTPRT,2940.49212806397,218.537074261577,0.001,0.001,0.969796124308079,0.960924304639476,0.931902580770976,1.55048189495743e-07,0.061213155702368,2.53292266534374e-06,2895.6291565585,217.07804656352,2,6,0,178,186,488.936784656523,9080.06133647108,86.8544015753682,442.881707525073,,193568.303239622,,13074.4686274011
NRAS,RASA1,2932.69323649137,496.805862380015,0.001,0.001,0.974213713909903,0.97540711382083,0.95025596465132,6.48878812391576e-08,0.0537580455605486,1.20703572018952e-06,2895.6291565585,494.314011225175,2,5,0,179,186,487.821974404227,9059.31579269883,178.144831979038,1067.86433331735,,230125.720763599,,48240.2545904388
NRAS,ROBO2,2926.10502547358,211.188043798237,0.001,0.001,0.979328657133598,0.978690701001896,0.958460656876851,1.1030223364978e-07,0.0424990700468309,2.59540346478722e-06,2895.62915658581,210.046271448885,2,4,0,180,186,486.545126728278,9035.53294861129,65.5604522060362,490.647143701891,,292650.655612455,,23671.4704389953
NRAS,ROS1,2939.98500648278,717.801758949708,0.001,0.001,0.970139652860081,0.961970555469112,0.933247662135063,5.66344493593829e-08,0.0634554284367638,8.92507556163169e-07,2895.6291565585,713.137975254688,2,6,0,178,186,488.850131010447,9078.45563884307,285.280903812666,1454.65710904867,,196229.838407879,,43569.9460480306
NRAS,RYR1,4371.47713813664,280.617011032706,0.001,0.001,0.971997338758429,0.955327798313861,0.928580743398544,1.52493058493131e-07,0.0776893771447541,1.96285597976927e-06,4309.65905860943,278.027544666296,2,5,0,118,125,726.887624265368,13499.1906086013,100.605417902862,603.373424702855,,314124.383411771,,14617.2768673084
NRAS,SACS,3015.49365119525,743.883455998149,0.001,0.001,0.92224763055574,0.911018893446428,0.840195541371214,1.41024116419308e-07,0.157869254353239,8.93296905702494e-07,2895.6291565721,739.177887653332,2,15,0,169,186,501.402205259208,9312.21195143861,427.996223862355,1186.63344143439,,71586.9866855935,,18733.3401948004
NRAS,SF3B1,2946.78467882815,2196.66405044472,0.001,0.001,0.965672111819753,0.953088717120585,0.920373655173351,2.89265403886907e-08,0.070430724216665,4.10709114671381e-07,2895.62915659593,2181.50410595226,2,7,0,177,186,489.982633974398,9099.52523695637,943.811392876136,4248.69351469853,,168630.255215224,,107912.038402326
NRAS,SMAD4,1500.91638149025,2610.79661911779,40296.9889937461,0.001,0.731336482496903,0.989127776760005,0.261559213150119,1.00484666172406,0.149117017128905,6.73864513300593,2895.62915658581,2601.01344481607,1,14,1,170,186,85.6406946043712,6609.07436729246,1502.18102686304,4164.52792995555,2273.37876323387,185499.442443358,,275352.572810129
NRAS,SPHKAP,2946.15351676131,854.420471340798,0.001,0.001,0.966142624994655,0.95221525644736,0.919978251691355,5.69741566737447e-08,0.073027081364217,7.8017847090986e-07,2895.62915650264,848.404460446161,2,7,0,177,186,489.863813184865,9097.31008051717,367.107028201268,1652.5448377855,,171057.309036739,,40909.5074687897
NRAS,SPTA1,2951.67065637504,411.619293441058,0.001,0.001,0.962487607874211,0.947182746463995,0.911654710006329,1.17731499306439e-07,0.0820887342746264,1.43419800959009e-06,2895.62915650264,408.808891377067,2,8,0,176,186,490.794700044287,9114.62794250309,188.090810232169,766.286914833526,,153209.66934497,,17846.3198347211
NRAS,SYNE1,3007.20034581153,465.308435895991,0.001,0.001,0.929827832585323,0.906997829559715,0.843359838783514,2.05262954584839e-07,0.155573282538346,1.31939720777085e-06,2895.6291565721,462.234631721515,2,15,0,169,186,499.355048713165,9274.0278754865,267.721016049997,742.246912195873,,79528.6210398857,,11178.1905025338
NRAS,SYNE2,4333.38539998092,983.366597654753,0.001,0.001,0.962164808326852,0.973700734644721,0.963126744473932,2.86750700493471e-08,0.0449723530781159,6.37615514570456e-07,4309.65905860943,974.626173998885,2,3,0,120,125,720.547142414279,13381.0568216854,244.537750966309,2550.27436340344,,871711.457859556,,87330.3956690888
NRAS,TENM1,2949.04050129689,363.385854402506,0.001,0.001,0.964180337915515,0.960777859141123,0.926365320465388,1.17074879959003e-07,0.0732696886109135,1.59786239273801e-06,2895.6291565585,361.294397586129,2,7,0,177,186,490.358921114385,9106.54720363171,156.129900447896,702.855221631221,,161489.992470817,,21604.2316591979
NRAS,TP53,3219.91565521888,1348.88675135881,0.000999999999976353,0.001,0.809164251690447,0.764800502279305,0.618911318153149,2.57467297176683e-07,0.419588149293119,6.13619087217881e-07,2895.62915618831,1339.34191423055,2,40,0,144,186,535.360849915749,9944.73247403891,972.155543273836,1812.83401554151,,27875.7251291402,,11417.2785378785
NRAS,TTN,4335.19095180264,439.06315130651,0.001,0.001,0.988296429811697,0.984445524281624,0.972924673518842,3.94400374906755e-08,0.0308146799742341,1.27991066347772e-06,4309.65905843478,435.615072818194,2,2,0,121,125,720.846613028283,13386.7079832215,73.0029830305105,1355.94758732363,,870712.359470213,,67958.7572274174
NRAS,XIRP2,2935.28487768706,377.7467479479,0.001,0.001,0.973236264382057,0.960758738247004,0.935047012749111,9.74015410132312e-08,0.063407656237623,1.53611640600962e-06,2895.6291565721,375.215368909102,2,6,0,178,186,488.072070969412,9063.93421773185,150.13096800429,765.52323530789,,219126.897929239,,22156.9141980339
NRAS,ZFHX3,4335.85777978456,313.310166896215,0.001,0.001,0.988009617248952,0.975367640347662,0.96367367670718,8.09065631426562e-08,0.0462422586928309,1.74962394635795e-06,4309.65905860943,310.699805727506,2,3,0,120,125,720.957709171321,13388.7173484753,77.9102613545646,812.583155556517,,793171.419864031,,30045.8602327404
NRAS,ZNF521,2944.62138815092,439.658451143855,0.001,0.001,0.967049329566427,0.967108370889177,0.935242997389211,8.54233663874493e-08,0.0633902176897624,1.34757963453477e-06,2895.6291565721,437.194808267963,2,6,0,178,186,489.628835136998,9092.9761969619,174.740845788024,890.950398170872,,177112.989788363,,31333.704938756
NRAS,ZNF536,4376.29659585804,206.222820149812,0.001,9648.86466238954,0.999681560553131,1,0.14672022308002,0.923281468971281,0.0771582417894251,11.9660770846883,4309.65905851949,256.618557388473,1,4,1,119,125,727.673610223716,13513.9688454521,64.0180024216618,479.126412610478,,516504.440463856,463.78602429657,177985.197780469
PBRM1,PEG3,344.0044921626,188.655701451472,54808.1574235793,0.001,0.737836562751514,0.993954156430899,0.00326889988978809,2.19658451037681,0.102434322583855,21.4438330333922,684.572099396016,187.428292991073,2,2,2,180,186,57.2000758575742,1062.2552064637,58.5666775509193,438.274343669984,7960.50826973348,319179.850793214,,32932.6991583481
PBRM1,PIK3CA,347.763719884115,1239.78454203056,19881.9182592179,0.001,1,0.99852221386818,0.01937941780319,2.17583306307289,0.189496105685294,11.4822046353101,684.572099396016,1233.51236682595,2,6,2,176,186,57.8247962057874,1073.89101783819,566.52756691648,2308.01128075669,3151.75738623196,71425.1011674525,,132954.536575031
PBRM1,PLEC,689.144928446295,53.9499272155541,0.001,5348.87683415294,0.985050082880394,0.624336795580578,0.0813165328717528,1.00743372334655,0.0496521986238389,20.2898109503426,684.572099396016,106.895190297062,3,1,1,181,186,213.925471657956,1600.94947712706,3.07803462051944,237.533976967961,,165668.934534816,288.969026849842,31301.4674802641
PBRM1,POLE,688.799004313585,132.186093577388,0.001,38675.8824761634,0.984609293395438,0.490245612870643,0.00165769505182475,2.0694245418741,0.0699615374877733,29.5794606034174,684.572099396016,394.372924241964,2,1,2,181,186,213.830682277496,1600.22614011126,7.54232926049145,582.032654965049,,179928.475964945,5595.52315044749,229246.172852394
PBRM1,PREX2,692.703498666964,277.232426826323,0.001,19563.4161653098,0.994243664415454,0.946278146312337,0.0115676293356785,2.05539413279694,0.146667090233536,14.0140104335892,684.572099393922,413.460400024872,2,4,2,178,186,215.04284396347,1609.29323392915,86.0646205455063,644.069147613104,,58465.2514913792,2819.84753837514,117284.410790242
PBRM1,PTPRT,694.904962973554,145.577765341499,0.001,10071.1734770317,0.982259528524947,0.700420816526088,0.0119357428192164,2.03065039941357,0.148963483726999,13.6318670093342,684.572099396016,217.07804656349,2,4,2,178,186,215.724142236613,1614.46385217521,45.1926574674312,338.214372165785,,45406.6724514122,1448.05388465507,60794.3429998759
PBRM1,RASA1,690.603525606317,198.26426938706,0.001,70879.3262616688,0.989247454659606,0.505324523231,5.79961850550949e-05,2.99531342203683,0.128900636183968,23.2373827679321,684.572099396574,494.314011220037,1,2,3,180,186,214.391329673159,1604.41719860587,32.9665793317438,612.241251036792,,99234.8580171163,12436.5041370014,1094780.49000585
PBRM1,ROBO2,691.225064503668,105.643456257144,0.001,14744.584358441,0.98110729272158,0.568203793020331,0.00432470995465499,2.03385480191952,0.102279712352292,19.8852221534815,684.572099402752,210.046271448717,2,2,2,180,186,214.582590043683,1605.89900449852,17.565843136992,326.230487074793,,79859.7932168179,2109.17954207089,90217.9478939374
PBRM1,ROS1,692.004029205632,357.571959521334,0.001,83073.3831864324,0.992192540980793,0.701528855511574,0.000131764552689229,3.01145920367989,0.143648750398943,20.9640473398929,684.572099396574,713.137975251553,1,3,3,179,186,214.826461581521,1607.69163924069,88.9218276434933,927.267651800626,,80671.6921846911,14701.0817430534,1284969.46818254
PBRM1,RYR1,251.669086266353,279.751003651928,0.001,0.001,0.963568206330452,0.970269015098167,0.934925402943959,2.00106657270369e-07,0.0501432183257669,3.99070231133411e-06,242.475384174142,278.027544666296,1,5,0,119,125,14.3592165681357,1108.29876977207,100.296217539376,601.509038219756,,13695.7107862399,,30926.0698068153
PBRM1,SACS,713.474241142763,644.391041046786,0.001,13888.7973584877,0.973354219263593,0.796061384046194,0.0766283120025656,2.07703603471894,0.36382616800731,5.70886928253386,684.572099402752,739.177887651286,2,13,2,169,186,221.479584061159,1657.71116911037,354.429538321757,1061.06244024756,,16191.934117203,2008.29862356559,82320.51464542
PBRM1,SF3B1,695.804209276807,1566.75906475653,0.001,93134.7901925731,0.985253561685031,0.733689027170545,0.0146163399137145,2.09197910825097,0.169492153616612,12.3426309927183,684.572099396016,2181.50410595226,2,5,2,177,186,216.008219107832,1616.57971591598,561.814936766108,3367.64317077268,,41424.319247461,13479.0013800412,551136.564466491
PBRM1,SMAD4,714.891706154224,2628.79917838316,0.001,0.001,0.841628938412188,0.855773035194642,0.720280962238504,3.24656970536463e-07,0.33882960356241,9.58171798222653e-07,684.572099409142,2601.01344485104,4,15,0,167,186,221.921059444984,1660.98809082369,1512.49991284103,4193.39513054161,,7952.40821139647,,34985.6875414377
PBRM1,SPHKAP,346.871813411989,853.207225988219,23344.4761173,0.001,0.884889561396721,0.995026236004658,0.0148588620918262,2.16433085484564,0.167233809863005,12.9419455110102,684.572099396016,848.404460451588,2,5,2,177,186,57.6764953093353,1071.13767109265,366.592541122036,1650.19006203512,3624.28763658754,90131.444625491,,91221.0604648116
PBRM1,SPTA1,585.559076471018,340.904234744977,6400.24331246376,10439.6305128605,0.997776490528746,1,0.0217504182325391,2.11128391450697,0.192380684191645,10.9745108942629,684.572099396016,408.808891374149,2,6,2,176,186,129.142214425293,1499.0111231791,137.030972128694,681.492380101123,,53582.7696849139,,71826.6124259313
PBRM1,SYNE1,354.558041479069,464.974974830838,9477.42285204222,0.001,0.877167966300943,0.98658191514734,0.0730826317884046,2.27475105650022,0.363648867810233,6.25535030590906,684.572099396016,462.23463172353,2,13,2,169,186,58.9548683816556,1094.96221313536,267.52926427686,741.702851356943,1535.32785260624,31511.2874923166,,22241.3136117065
PBRM1,SYNE2,246.274783398778,979.44597820047,0.001,0.001,0.969307919324266,0.985443241297018,0.970276996034132,7.46106730235147e-08,0.0285492198323003,2.6134049708462e-06,242.475384177563,974.626173998885,1,3,0,121,125,14.0519599881864,1084.44389865339,243.565214732603,2540.07798277484,,35964.610705314,,224887.64073771
PBRM1,TENM1,695.399137677823,259.573746386634,0.001,14591.7337459271,0.989389515569084,0.877469625285141,0.0165429036440772,2.05092052108117,0.176338404622346,11.6305947389822,684.572099396016,361.294397586076,2,5,2,177,186,215.876928154595,1615.59070356016,93.0782492194455,557.950623973117,,44447.0982745093,2099.19003971524,87932.7928373713
PBRM1,TP53,423.134272149657,1340.90423135709,2858.0601129472,1109.40344847739,0.968429919611039,0.999950859517164,0.431935078140116,2.13393330909877,0.901692980428309,2.36658525176179,684.572099404075,1339.34191423305,2,38,2,144,186,70.7020709424871,1294.06995396654,964.562847565335,1804.40675206592,200.453135146909,9694.5983839265,,26234.9664131167
PBRM1,TTN,245.772599816282,438.285535523228,0.001,0.001,0.986626254857931,0.987971371183572,0.974759347978644,6.74370693933978e-08,0.020683168447304,3.26048059634635e-06,242.475384174169,435.615072818194,1,2,0,122,125,14.0231658262357,1082.23488362234,72.8737273782671,1353.54839736257,,47136.9496507672,,122038.353367776
PBRM1,XIRP2,697.261766287363,251.527012506645,0.001,18415.5281251964,0.968799248154127,0.454274400708489,0.0103272332506474,2.08016836557522,0.136608191396094,15.2272593928412,684.572099396016,375.215368909104,2,4,2,178,186,216.451393250604,1619.9920784153,78.0838228609993,584.355188818869,,35285.9871700792,2673.99912883124,107547.018355508
PBRM1,ZFHX3,247.856188860889,312.487703685628,0.001,0.001,0.978347992492332,0.9831643644275,0.961878523499779,1.10422715917172e-07,0.0294558872956205,3.74874858832005e-06,242.475384177563,310.699805727506,1,3,0,121,125,14.1419528343752,1091.45441303358,77.7059218292171,810.445927276198,,24981.7266007106,,61862.3904602354
PBRM1,ZNF521,345.563370210557,439.981257270988,31475.3255106455,0.001,0.719099729050934,0.991951730253343,0.00831059652881224,2.35619049842399,0.150111485330276,15.696270630058,684.572099403551,437.194808267049,2,4,2,178,186,57.459301704088,1067.08004463882,174.869767155764,891.606289810663,4885.39745062998,123745.498457861,,52711.2277728824
PBRM1,ZNF536,247.763082486799,258.032606069625,0.001,0.001,0.978722599861339,0.973194807798262,0.952489683589766,1.95355913428646e-07,0.0475262568206223,4.11048389874203e-06,242.475384177563,256.618557388473,1,5,0,119,125,14.1367808806838,1090.99046569662,92.5238530667122,554.65881248806,,23727.4592728291,,31748.5186314823
PEG3,PIK3CA,98.9162105669547,1227.07568619182,5160.23479549952,2218.95511872287,1,0.997726190057431,0.0201020214465029,2.16866638284623,0.192007663318407,11.2946866045129,187.428292991205,1233.51236682595,2,6,2,176,186,16.4596313518841,305.038707118375,554.494477564836,2294.82345667365,669.813205772837,18993.2400324875,,153755.438201616
PEG3,PLEC,188.875983317611,53.875875816437,0.001,6130.97459829647,0.980263025985522,0.496741911941378,0.0705833367571988,1.13456418187334,0.0503607135938549,22.5287550733154,187.428292991069,106.895190297062,3,1,1,181,186,58.6338579320031,438.799550048238,3.07414195585907,237.231890350955,,37129.1918448572,332.184458337407,35267.0751708043
PEG3,POLE,188.773951243777,132.132238439457,0.001,41304.2409109627,0.981879595776983,0.397892867749829,0.00143913287981403,2.15816076103564,0.0706169575784094,30.5615086665173,187.428292991203,394.372924241964,2,1,2,181,186,58.6029216956478,438.562050690417,7.53924770744343,581.793630374532,,43625.7675389185,5997.8636653402,240744.443157193
PEG3,PREX2,189.816597511473,277.048960445287,0.001,21722.5130862861,0.989933999862528,0.728277978157986,0.0092388131011237,2.18549122370261,0.148017336036113,14.7651030766383,187.428292991541,413.460400023233,2,4,2,178,186,58.9272157043986,440.985657196766,86.0074272765919,643.636726377928,,15052.974043395,3156.3218562035,126265.81409894
PEG3,PTPRT,190.430427468224,145.464134464411,0.001,11367.5403060332,0.977482469879,0.524580508127253,0.00917977500298428,2.18153617296807,0.150702261483077,14.4758024962554,187.428292991354,217.07804656349,2,4,2,178,186,59.1163805641096,442.423183039867,45.1575764721482,337.948984863288,,11759.0116492032,1651.77357764732,66075.8232040058
PEG3,RASA1,189.928280093947,298.044648781205,0.001,32542.4415749231,0.976550646112792,0.422258886540831,0.00541209290395324,2.22735471111721,0.13051994671481,17.0652437974408,187.428292991203,494.314011225175,2,3,2,179,186,58.9607011115194,441.249314735639,74.1177909507251,772.913112035085,,13585.8877738033,4727.42816574075,189352.529423272
PEG3,ROBO2,189.384982229797,105.545985902242,0.001,17051.1359606036,0.978556183594544,0.408606166102048,0.00313163070526365,2.21237572270237,0.10392006826903,21.2892058247588,187.428292991238,210.046271448717,2,2,2,180,186,58.7922001233824,439.98871109913,17.5497154652325,325.92855146206,,20631.0050751041,2476.56412189897,99300.1992068545
PEG3,ROS1,190.235653965884,477.946714966647,0.001,36203.8146113648,0.982736337773503,0.626105311898138,0.00979843864444802,2.13741743147279,0.144380457878165,14.8040632567909,187.428292991541,713.137975252937,2,4,2,178,186,59.0560730467085,441.967518631722,148.373509312228,1110.38120061345,,13235.0756615549,5260.75318129846,210417.003157163
PEG3,RYR1,,,,,,,,,,,,,0,5,0,120,125,,,,,,,,
PEG3,SACS,195.582849070648,643.975470641758,0.001,15363.7286512418,0.961903934523989,0.629743870691561,0.0622924681798903,2.2052667829219,0.367887415042953,5.99440669277697,187.42829299108,739.177887651286,2,13,2,169,186,60.7136168291824,454.426544330859,354.202691875389,1060.37076896004,,4208.32998191876,2236.65611271319,88569.5852389848
PEG3,SF3B1,190.534900944552,1566.05581623412,0.001,100153.718529489,0.984067831366329,0.660790882854481,0.0125792502625596,2.18872552267119,0.171967357768534,12.7275638299751,187.428292991203,2181.50410595226,2,5,2,177,186,59.1490652453999,442.662748816507,561.565663961946,3366.13324942486,,11652.4287653593,14555.6427058344,581693.841606323
PEG3,SMAD4,195.925833051142,2629.27730128946,0.001,0.001,0.838224571892469,0.853534714274886,0.715490395605276,1.01191754067753e-06,0.34208810687233,2.95806115544142e-06,187.428292991205,2601.01344485104,4,15,0,167,186,60.8205485377925,455.216510782466,1512.7725942435,4194.16134817344,,2128.96595568556,,34405.311418361
PEG3,SPHKAP,94.952479120508,852.700621668901,6474.310679029,0.001,0.980926227283969,0.998521002938635,0.0146559950722992,2.17415852559132,0.1678877140657,12.9500752195631,187.428292991203,848.404460451588,2,5,2,177,186,15.7884825928081,293.213274153773,366.367654046132,1649.16727128093,1001.79264043288,25235.5089010436,,101448.216247259
PEG3,SPTA1,108.217826120211,396.755718625024,4823.30694529131,2599.64839899854,1,1,0.0190366158081695,2.26729505081849,0.194843293773758,11.6365054547433,187.42829299124,408.808891375618,2,6,2,176,186,18.1452814600764,328.879732097008,174.530669099583,750.327389801815,224.078260495539,19372.4171017271,,51663.7801632378
PEG3,SYNE1,193.865058127327,370.769060258678,0.001,23057.8003402986,0.9884874956937,0.824111140210617,0.00263427672414217,3.07672463193996,0.367416803964155,8.37393553790784,187.42829299108,462.234631722427,1,12,3,170,186,60.1813822408475,450.419803233432,198.519464472512,621.953948509464,,6414.07363093053,4090.27420163999,356505.671365702
PEG3,SYNE2,,,,,,,,,,,,,0,3,0,122,125,,,,,,,,
PEG3,TENM1,190.605066914307,259.377465914311,0.001,16444.8038405713,0.983040086007686,0.645040073200628,0.0127749825010902,2.1996452355881,0.178454672490005,12.3260725252868,187.428292991047,361.294397586076,2,5,2,177,186,59.1708792324498,442.826839412311,93.0081215699662,557.525254249221,,11281.174071004,2390.00252890652,95508.1128644586
PEG3,TP53,210.540715063172,1318.56238183744,0.001,3291.88129526804,0.99303964038913,0.990463554222701,0.974284454310194,1.06094133333747,0.904488155330785,1.17297426957401,187.428292991365,1339.34191423466,3,39,1,143,186,65.3494170343443,489.286129759052,946.139674055962,1778.40945825779,,1457.15993374266,179.011402587936,18554.3602599181
PEG3,TTN,,,,,,,,,,,,,0,2,0,123,125,,,,,,,,
PEG3,XIRP2,191.118363098292,251.480004073022,0.001,18904.9867323608,0.965144278879835,0.406566326584979,0.00976735860979097,2.11810114369297,0.137164468359493,15.4420541195965,187.428292990911,375.215368909104,2,4,2,178,186,59.3287614216839,444.037914882274,78.0712009237163,584.259863174882,,9144.43916722661,2746.6183464237,109851.742850483
PEG3,ZFHX3,,,,,,,,,,,,,0,3,0,122,125,,,,,,,,
PEG3,ZNF521,47.1791289639322,438.381969303316,16234.2170497497,0.001,0.83159248551254,0.999442150678559,7.63904697479026e-05,3.38497370616606,0.151877395088145,22.2875412381252,187.42829299108,437.194808270175,1,3,3,179,186,2.69197838670559,207.735219493266,174.236485500307,888.353999029574,3563.94325614511,64713.080151663,,219905.30418306
PEG3,ZNF536,,,,,,,,,,,,,0,5,0,120,125,,,,,,,,
PIK3CA,PLEC,1239.73553306512,54.5284381997506,0.001,2596.45714842249,0.981694927366993,0.714002356889163,0.157526441177754,1.04115445297794,0.0939108814319337,11.0866220942944,1233.51236679983,106.895190297333,7,1,1,177,186,566.499041852809,2307.95640032882,3.11127064768773,240.10404482789,,195012.390853064,144.784491159388,12598.8172024445
PIK3CA,POLE,1239.03356401917,133.792497776919,0.001,13876.9267520129,0.983802684514679,0.740580128493041,0.0100896541858325,2.04848589637057,0.140928018638719,14.5356893267764,1233.51236681546,394.37292424158,6,1,2,177,186,566.18080568869,2306.63619646839,7.63397532388435,589.121754121676,,235351.899592018,2200.85034822849,49791.6652636595
PIK3CA,PREX2,1242.93648191441,209.488893878038,0.001,13546.5232867915,0.996783981535688,1,0.00215554116780168,3.18354509392471,0.27773221107285,11.4626426716117,1233.51236681377,413.460400023233,5,3,3,175,186,567.965363017412,2313.8916445472,52.0958884034691,543.25944062898,,86704.0354670409,3115.60077438258,44137.0573776013
PIK3CA,PTPRT,1248.89019062124,147.249692183793,0.001,3885.56698781411,0.988144132296382,0.914375357735503,0.0583759038237895,2.10099481332199,0.288668559400256,7.27822530339661,1233.51236681546,217.078046563637,6,4,2,174,186,570.674664934944,2325.04770468813,45.7110009350127,342.109714431367,,51981.6541371854,616.266917622103,13938.7795980336
PIK3CA,RASA1,1245.42298832198,301.320598974852,0.001,11581.4051740155,0.982529622117168,0.743622071739353,0.0328155943038615,2.1816536740815,0.237981941505144,9.16730765487241,1233.51236681546,494.31401121736,6,3,2,175,186,569.095161800473,2318.56126038142,74.9308957977225,781.425318367717,,63846.9160549556,1832.13314067795,41906.2605214843
PIK3CA,ROBO2,1243.10318796158,106.73566328026,0.001,6032.93039988517,0.977580544350404,0.643619652300204,0.0194666544810168,2.15620176831898,0.190974511731836,11.2905211735621,1233.51236682595,210.046271448717,6,2,2,176,186,568.04124429313,2314.2766026812,17.7468132402398,329.601047498418,,88143.7984590556,954.546875502483,21824.5804019131
PIK3CA,ROS1,1248.08668533274,483.050027545299,0.001,13768.7494667041,0.988721163270032,0.863370309505026,0.0506951398897221,2.14786883983191,0.272596179213603,7.87930647461081,1233.51236681546,713.137975255439,6,4,2,174,186,570.309623907952,2323.5388873066,149.95560546508,1122.26695814201,,54392.6431998231,2185.57608206751,49229.4820696034
PIK3CA,RYR1,667.660771764312,281.915597086728,0.001,0.001,0.918394443554838,0.934367219786309,0.858140911488076,3.67445031516228e-07,0.137584146022227,2.670693115011e-06,648.852398114012,278.027544666529,3,5,0,117,125,166.02373475333,1731.65569184695,101.070330130034,606.182337969088,,15872.2434593702,,8987.15864433038
PIK3CA,SACS,1276.5771106711,599.866665662306,0.001,9119.00394598373,0.981901163317887,0.915898257964996,0.0503782424462495,3.14769268326511,0.699972617652969,4.49687974055247,1233.51236681377,739.177887647902,5,12,3,166,186,583.300706428706,2376.75127620921,321.169438161974,1006.32625891023,,20136.1469266318,2102.39705691197,29513.1722553341
PIK3CA,SF3B1,779.327831221378,2214.41820994925,36366.1232617062,0.001,0.731997861746188,0.978452342943268,0.00410811730147409,3.24481795926252,0.341081198190999,9.51332989467652,1233.51236680686,2181.50410592662,5,4,3,174,186,279.452527162759,1675.15651876618,951.427764884395,4283.11551751139,8092.45551547274,131652.680231053,,82154.2024802004
PIK3CA,SMAD4,1288.30469478083,2481.14984782781,0.001,7829.10251637945,0.99229541652474,0.986372049239129,0.919274058438754,1.02526806429439,0.702653988821543,1.45913647485859,1233.51236681579,2601.01344482616,7,14,1,164,186,588.642647861275,2398.69889108786,1397.49681755033,4018.18076726929,,12438.4172813273,436.837047068071,37890.5551331607
PIK3CA,SPHKAP,1250.17011948831,491.398350090274,0.001,23309.0680135663,0.975708744009257,0.658019960984019,0.00399001253358747,3.1312319321291,0.318176841144556,9.84116858054575,1233.51236680686,848.404460453239,5,4,3,174,186,571.257239900133,2327.44566795236,152.548630171723,1141.64062689538,,48912.4545478553,5375.09662117568,75268.1104282135
PIK3CA,SPTA1,1254.18814773222,311.882662609784,0.001,5538.97648530551,0.997751618862769,1,0.105020194498595,2.10887766121313,0.376390040451437,5.60290505743395,1233.51236681546,408.808891375486,6,6,2,172,186,573.150192657636,2335.14785569684,123.960971357758,632.106659163352,,37944.1242285346,879.701796315794,19772.3525674981
PIK3CA,SYNE1,794.994041701313,468.83382430775,14301.9179132202,0.001,0.761658814277546,0.973509473718868,0.0403893309993328,3.45316539629986,0.694744946876067,4.97040735859552,1233.51236681377,462.234631721381,5,12,3,166,186,285.061359318032,1708.92281649929,269.743717621967,747.884404219483,3435.83445040543,40378.1696160703,,9063.63094003427
PIK3CA,SYNE2,659.082479032273,987.48392621146,0.001,0.001,0.91711412557739,0.961808155014639,0.918031022007011,1.07363271491939e-07,0.0816046472326852,1.31565143815654e-06,648.852398107647,974.626173991706,3,3,0,119,125,163.895277864791,1709.30308261275,245.560018751142,2560.98539508027,,30933.1090144178,,54760.1655176895
PIK3CA,TENM1,1247.25717866784,209.349851692467,0.001,9743.34350304337,0.991873417362381,0.994071793425032,0.00434262820854133,3.11017587139224,0.331691190352408,9.37672136570105,1233.51236680686,361.294397586049,5,4,3,174,186,569.932848117992,2321.97965203783,64.9889187242097,486.388822723908,,61304.7386188759,2237.98388600337,31875.7257890952
PIK3CA,TP53,1129.21742952779,1349.02260916785,2060.59959362569,877.841535911594,0.997479741807028,0.999422439521835,0.971041562974355,2.0682360383485,1.78376623851477,1.15947706246004,1233.51236681953,1339.34191422547,6,38,2,140,186,451.983133913209,2268.17324042861,968.091636756225,1818.62503494492,,7954.39204052514,,8186.67585322892
PIK3CA,TTN,656.157767941161,440.799526675383,0.001,0.001,0.967258443067525,0.976827843279066,0.944848655381806,1.09222737119881e-07,0.0557408762456831,1.95947291245426e-06,648.852398110195,435.615072819788,3,2,0,120,125,163.165413193182,1701.65446663218,73.292653174802,1361.35362175765,,48068.5079855185,,41531.9999690048
PIK3CA,XIRP2,1249.50662804798,190.290307703607,0.001,11568.8715583876,0.962699827035797,0.452878585269329,0.0024453189127743,3.09462250746692,0.272160384095944,11.3705839949725,1233.51236680865,375.215368909883,5,3,3,175,186,570.931601311463,2326.14246912146,47.3190994570894,493.457977843364,,48935.9274581648,2669.6144126633,37320.8475069901
PIK3CA,ZFHX3,661.369787780016,315.077734569493,0.001,0.001,0.944674103110094,0.959410581642549,0.906339545069659,2.01001476161228e-07,0.0821155742834173,2.44778749847724e-06,648.852398110195,310.699805727835,3,3,0,119,125,164.461888274965,1715.28204914677,78.348773200986,817.187658067445,,25035.5045372503,,16534.543842296
PIK3CA,ZNF521,934.349149543683,444.568929044171,27475.6172801464,0.001,0.834379429534274,0.989437254540583,0.0447821858675655,2.26507718046584,0.282058053046303,8.03053540220672,1233.51236681546,437.194808267751,6,4,2,174,186,371.345352869769,1893.51876012641,176.691796700861,900.939463961981,4257.07398271956,108794.959288955,,17705.4023640241
PIK3CA,ZNF536,558.370275802332,231.076997139446,5438.8643733539,2963.28718443551,0.992869516643064,0.984962371843765,0.24098226684389,1.03791968542371,0.135115320656805,7.68173202252942,648.852398114012,256.618557387818,2,4,1,118,125,101.003142966068,1596.05930992559,73.424309792727,524.057184974339,,52364.3745223213,,30840.3668063939
PLEC,POLE,53.868162929214,396.046410594005,6228.15600639732,0.001,1,0.996304504233777,0.0739784687239037,0.807846738837768,0.0350081100466128,23.0759883284796,106.895190297117,394.372924241964,1,2,1,182,186,3.0736064154199,237.193771579482,98.490092980703,1027.0282576697,322.891697011581,48639.080867902,,206648.091487056
PLEC,PREX2,54.2772904907172,415.664257014271,3327.16592316531,0.001,0.730592478866268,0.985517101257837,0.126196182117219,0.993357847364227,0.0722714672507613,13.7448136194269,106.895190297371,413.46040002669,1,5,1,179,186,3.09696170501341,238.998520575692,165.202650425081,842.356965704992,183.486323981938,17082.2222669491,,84414.0262419013
PLEC,PTPRT,54.3279593422712,218.467649171046,3151.12337793275,0.001,0.654544570383515,0.97817088847903,0.132640353638314,0.97139561372766,0.074177192175049,13.0956104598201,106.895190297282,217.07804656349,1,5,1,179,186,3.09982705903835,239.222348909983,86.8257619112021,442.749989578037,172.948208157266,16599.5382073021,,34967.4089159639
PLEC,RASA1,54.2488704976073,497.938190385898,3441.26407502724,0.001,0.662850200581112,0.978174639694985,0.122615524902376,0.889457311341004,0.0630358926151107,14.1103310263554,106.895190297106,494.314011225175,1,4,1,180,186,3.09532964254464,238.874617457827,178.546245499847,1070.34370655095,187.866639341395,18741.4532261042,,87491.9131187429
PLEC,ROBO2,54.0205400876526,211.524737326599,4703.9668389707,0.001,0.635693514819371,0.98195005241432,0.092581185605029,0.930573047709485,0.0509737139338104,18.2559396970336,106.895190297062,210.046271448412,1,3,1,181,186,3.08229354035125,237.865392835217,65.6636928855043,491.447068846662,252.320131465761,28530.0453923172,,45308.7241766342
PLEC,ROS1,54.3286708092739,717.120758855975,3145.40738509835,0.001,0.724555348351704,0.983713246469014,0.133521652419484,0.93610323996124,0.0714090839541788,13.1090218236368,106.895190297333,713.137975253672,1,5,1,179,186,3.09988883175138,239.226951614384,285.009128219117,1453.29609031043,172.742496095245,16497.9303814084,,134424.886032091
PLEC,RYR1,81.5030142396228,281.385504681004,0.001,0.001,0.961875498771091,0.94285304663485,0.906920021558109,4.25200315224555e-07,0.050457113193806,8.42696476889906e-06,78.3772562401564,278.027544666296,1,5,0,119,125,4.65015996898305,358.940118005925,100.8764774311,605.083896535129,,4226.54239375108,,15640.2451234671
PLEC,SACS,56.0083321230908,744.454694792246,1152.90688354141,0.001,0.653791441382019,0.94407872773791,0.317448170123102,0.946069327713367,0.17919757764017,5.27947609656354,106.895190297333,739.177887648527,1,14,1,170,186,3.19564681800735,246.636585984653,428.314874707641,1187.60284327448,64.9982280294282,5321.07039254514,,44095.7623377581
PLEC,SF3B1,54.4460227014807,2194.52444625621,2799.19383868855,0.001,0.669477469931375,0.977897210450253,0.147249271360646,0.990162898099334,0.0836252711694183,11.8404745868428,106.895190297333,2181.50410595226,1,6,1,178,186,3.10656337677736,239.742275820056,942.884940763423,4244.6075444958,154.914591198114,14085.3088770963,,330026.354375755
PLEC,SMAD4,111.919531237694,2622.04494096727,0.001,0.001,0.912685233682223,0.888596847989084,0.811033114351347,8.43763770581873e-07,0.168595319777596,5.00466900086512e-06,106.895190296971,2601.01344485104,2,15,0,169,186,18.6088960877584,345.636998129206,1508.6032650225,4182.6580532218,,2348.88129592232,,52591.5835606957
PLEC,SPHKAP,54.3142123605585,852.881686091853,3198.01949115692,0.001,0.634623990544622,0.980763928462132,0.130112063471891,1.10563673174092,0.0830576445382982,13.311679350973,106.895190297062,848.404460449396,1,6,1,178,186,3.09905154798297,239.160035837854,366.482104717297,1649.73739088606,176.648482535345,16215.6789809898,,135404.810295029
PLEC,SPTA1,54.4577267917341,411.387504221171,2771.39094019264,0.001,0.569855643998122,0.970689325767362,0.146746603444943,1.11730055358119,0.0950720091683974,11.7521504315971,106.895190296956,408.808891374241,1,7,1,177,186,3.107226238909,239.79181325302,187.983534798507,765.870367540478,154.064071272494,13640.8726139864,,48067.9380963398
PLEC,SYNE1,55.5656900805442,465.405898796386,1378.93342105163,0.001,0.565731272446428,0.940060838766318,0.268959630445061,1.11915220748126,0.179005151375234,6.25206704322866,106.895190297333,462.234631722719,1,14,1,170,186,3.1704062834125,244.68065621006,267.769423178512,742.423572522636,77.6479763558785,6396.23720083436,,26067.1310992883
PLEC,SYNE2,79.5076366030712,984.051720146855,0.001,0.001,0.95712289841636,0.971797733755896,0.958079793931869,1.98744184720656e-07,0.0283388096744976,7.01314511807136e-06,78.3772562401924,974.626173998885,1,3,0,121,125,4.53649690402256,350.111486036213,244.701380059479,2552.12901229646,,12826.3524887739,,114493.980605722
PLEC,TENM1,54.4472272299722,363.889390755389,2799.1781419897,0.001,0.578516319225494,0.968859483112705,0.145875846486152,1.02236475907968,0.0863961963903338,11.833446399199,106.895190297117,361.294397586355,1,6,1,178,186,3.10662545642455,239.74705683576,156.342403067258,703.856960484953,154.917772040801,14085.0184497818,,43368.5140724355
PLEC,TP53,120.966315242843,1350.30422893923,0.001,0.001,0.781880479811016,0.736369158034243,0.575874553347656,2.4115052307816e-06,0.44916461205427,5.36886737303835e-06,106.895190297006,1339.34191420631,2,40,0,144,186,20.1113932080041,373.651049994674,973.160301257244,1814.76743146337,,893.545762901175,,10010.886394495
PLEC,TTN,79.2803507236472,440.553741439791,0.001,0.001,0.988691151173618,0.977864647152572,0.966807734364849,1.56655298054877e-07,0.0204447860756506,7.66235936513175e-06,78.3772562401829,435.615072818194,1,2,0,122,125,4.52351909368437,349.106205470404,73.2490151938486,1360.63845037634,,17417.8726546907,,65676.863893531
PLEC,XIRP2,54.4562851864466,376.677644930681,2766.73412158561,0.001,1,0.996148966948875,0.152906344490883,0.802395040066027,0.068356378789611,11.7384076552045,106.895190297333,375.215368909749,1,5,1,179,186,3.10713914371109,239.790142531793,149.706783921168,763.350552958124,151.985196997411,14511.7232103859,,109581.618911794
PLEC,ZFHX3,0.001,310.895788351135,5233.06658073086,1958.71024124678,0.698440416119315,0.99999811384206,0.0327562873095362,0.780927120237692,0.0293354854045873,26.6205624167234,78.3772562401924,310.699805727506,0,2,1,122,125,,171.27700552299,77.3118240370747,806.276687773949,271.88588684249,40048.6100052699,,
PLEC,ZNF521,54.1222669942846,439.899657922045,4043.04057375631,0.001,0.560073991380821,0.978987370670542,0.103520497178909,1.19382903282469,0.0736975987001249,16.1990221375105,106.895190297062,437.194808266317,1,5,1,179,186,3.08810682192574,238.31140945248,174.835471460587,891.458864558311,223.552631968001,20490.6867478709,,72760.6545768848
PLEC,ZNF536,80.245959124543,258.803463841717,0.001,0.001,0.976860701824318,0.958969667054969,0.936784218374024,4.0357873550001e-07,0.0473634446836544,8.52089070369683e-06,78.3772562401839,256.618557388473,1,5,0,119,125,4.57857855129022,353.367728424887,92.798167036581,556.337071444849,,7046.58938877204,,20425.9574047436
POLE,PREX2,132.931647835513,415.556502853,20996.4176198233,0.001,0.601142712655203,0.984087997504144,0.00475084258968873,2.06297287683963,0.102843471960757,20.0593468647853,394.372924241964,413.460400024979,1,4,2,179,186,7.5848454076997,585.321184550052,165.159661210368,842.132594937665,3247.40161860874,83681.8358208093,,90557.9057681953
POLE,PTPRT,0.001,217.186622428293,38596.9770456779,45541.3964795406,0.50790240735139,0.999993581161198,1.42481960584755e-05,3.12649070263039,0.106553650660756,29.3419388565528,394.372924241964,217.078046564068,0,3,3,180,186,,533.055515788778,86.3196919394423,440.126353274183,8347.17993869572,158683.311092859,,
POLE,RASA1,132.769045076155,497.272876868719,24147.9950966726,0.001,0.557743893699073,0.976870979506596,0.003809782616167,1.94256950364157,0.0883623297103948,21.9841363396403,394.372924241964,494.314011222709,1,3,2,180,186,7.57259824208996,584.376340811954,178.342541734022,1069.10396266443,3636.89449287635,110111.405851676,,93807.1720352041
POLE,ROBO2,317.350648457509,137.006975775792,10503.4428349934,13619.7103725271,1,1,0.0041376696235353,1.6434463116865,0.0707858070375325,23.2171727704553,394.372924241964,210.046271448717,1,2,2,181,186,38.1890387061468,945.496547910772,23.8135704142056,398.544102950766,,133377.853299321,,324121.973250337
POLE,ROS1,0.001,713.467094734072,38184.7011388677,13476.076631202,0.567504421688816,0.999997525383378,1.43152129618466e-05,3.02784270638917,0.101906294258853,29.7120283728316,394.372924241964,713.137975252937,0,3,3,180,186,,333.156588034575,283.56499073892,1445.82466660405,8322.70101704529,153439.439358311,,
POLE,RYR1,0.001,278.220182312595,7733.77473399201,1854.1372342962,0.552143002643049,0.999998128619101,0.0498989118706772,0.834071303006906,0.0455577611740756,18.3079958609013,188.522851761289,278.027544666481,0,4,1,120,125,,428.567159000554,99.7513772289916,598.17274488471,424.663884233215,40759.2368765357,,
POLE,SACS,136.581065656239,744.005675177553,6746.26394598469,0.001,0.522463208605963,0.943359136704215,0.0365221855642871,2.05659733595112,0.259021793559941,7.93986215478506,394.37292424158,739.177887651286,1,13,2,170,186,7.79298484874774,601.421010576711,428.057191138087,1186.86547857687,1097.75267144933,22134.2052828115,,49276.9261013982
POLE,SF3B1,0.001,2183.5727083559,31049.0377815965,13594.9013968003,0.514876297815103,0.999996150474798,2.33807648278241e-05,3.2097239868152,0.124309435522268,25.8204373089622,394.372924241964,2181.50410595226,0,4,3,179,186,,286.168086301216,938.211598095837,4223.19639145803,6999.03561280836,108216.427280303,,
POLE,SMAD4,412.211056814125,2628.06718541027,0.001,0.001,0.876339811885757,0.859146297843456,0.752937415637571,3.8731004040754e-07,0.256414411435794,1.51048468078996e-06,394.372924241134,2601.01344483995,3,15,0,168,186,102.506198117915,1069.05438227227,1512.06752297978,4192.30283117736,,5986.49346918253,,37485.9915871915
POLE,SPHKAP,133.365731826662,852.875838913159,16669.0878273594,0.001,0.598644371804887,0.981681125461039,0.00723637832019638,2.00670884686153,0.118524441294739,16.9307598073496,394.372924241964,848.404460457073,1,5,2,178,186,7.60960444369169,587.237422134998,366.447215182157,1649.57053130028,2610.71764095677,62749.7477811385,,154741.587303046
POLE,SPTA1,133.691381559427,411.129312390383,14462.1731353423,0.001,0.542511902037233,0.974983406152933,0.00922485560297999,2.08833474746015,0.138339507095409,15.0957220486544,394.372924242045,408.808891375618,1,6,2,177,186,7.62817473854212,588.672176539388,187.866267882029,765.380288514386,2292.75694910889,51949.7779687917,,59493.3091324987
POLE,SYNE1,0.001,462.700319176079,12190.765094747,2103.18340193019,0.403596500294947,0.999991543112001,0.000292202448531582,3.40851151263086,0.258114346482046,13.2054322399625,394.37292424158,462.234631721432,0,12,3,171,186,,304.926636195447,266.230727457965,738.038277393179,2931.249877314,34309.3814289907,,
POLE,SYNE2,0.001,975.978115363814,18550.1830872689,7231.79267554118,0.485158665026594,0.999996678205477,0.0220471072817514,0.992832927742633,0.0266783158067449,37.2149776970412,188.522851761284,974.626173998885,0,2,1,122,125,,401.1484208052,242.706351993383,2530.97874354017,971.720672785248,133755.61665653,,
POLE,TENM1,0.001,361.757412085176,30909.960132313,15068.0350292989,0.428276190818725,0.99999101340736,2.35925172376112e-05,3.17978997777124,0.12293969903509,25.8646312194375,394.372924241964,361.294397586355,0,4,3,179,186,,405.036147978104,155.433873561346,699.676725022077,6969.47626602806,107668.583904794,,
POLE,TP53,296.006526894143,1350.34507317528,1171.984985218,0.001,0.893753751925848,0.943891655939097,0.846435398490263,1.02469459377213,0.665143526062084,1.54056162861379,394.372924241134,1339.34191420261,2,39,1,144,186,49.2116074658194,914.242859711811,973.18304167826,1814.79576236839,66.60747596481,5233.32963969545,,16609.8031775227
POLE,TTN,190.441124558202,440.249662415718,0.001,0.001,0.989982343176233,0.979192388252075,0.969384271920614,7.03997522307387e-08,0.0182269343797594,3.86240224296392e-06,188.522851761284,435.615072818908,1,2,0,122,125,10.8661819382212,838.563894057491,73.1987469779563,1359.68516770011,,45644.9850149573,,70014.6664301452
POLE,XIRP2,0.001,375.048252781189,32425.8901785748,20686.0826770036,1,0.999995030174585,2.39269271320558e-05,2.73579513472764,0.101384353381378,26.984392004123,394.37292424158,375.215368909104,0,3,3,180,186,,467.584680189934,149.061921986166,760.027181300964,7024.98661614013,133894.711003499,,
POLE,ZFHX3,0.001,310.922088974187,14120.8088330139,4214.49020169753,0.631664524380278,0.999998272260337,0.0287832033069067,0.818059517738169,0.0271229076407386,30.1612027948451,188.522851761284,310.699805728247,0,2,1,122,125,,437.335781521293,77.3191736572437,806.354402117716,743.927424624842,100503.761446676,,
POLE,ZNF521,132.793968524005,439.930474989987,22917.1694195009,0.001,0.457041362301165,0.979003292545348,0.00395270796372682,2.21807247341169,0.104221354125853,21.2823225337607,394.372924241964,437.194808267049,1,4,2,179,186,7.57699989745483,584.71253119694,174.847821006911,891.518586711873,3554.13383324547,90429.9258692747,,80650.4876066263
POLE,ZNF536,192.670716598691,258.747496179635,0.001,0.001,0.978576974668219,0.95996881595838,0.93940655734955,2.08431710798859e-07,0.0442250075677186,4.71298304425844e-06,188.52285176113,256.618557388221,1,5,0,119,125,10.9933072575078,848.401179566513,92.7782944718945,556.215178509645,,18173.630167656,,20977.6673136459
PREX2,PTPRT,419.289066384247,146.427854199638,0.001,5534.33438630649,0.981331042883025,0.776037484228072,0.0320936097568402,2.03447960359538,0.215086572260238,9.45888709934817,413.460400024979,217.078046562869,4,4,2,176,186,166.639753922696,849.721937317226,45.456224971355,340.196587540345,,19776.571205254,852.144951157587,22359.9660345056
PREX2,RASA1,417.96125103809,300.298633029266,0.001,14377.0404037757,0.984628503559182,0.835508569646008,0.0234779375538366,1.98881389101392,0.186968705056029,10.6371485560534,413.460400023233,494.31401121736,4,3,2,177,186,166.112623037541,847.014021435152,74.6797833693357,778.807632275806,,25876.9132012516,2203.1415195081,58977.0434821852
PREX2,ROBO2,417.138868824537,106.331988566999,0.001,7668.73952405317,0.979185622050725,0.699173615795464,0.013231243739499,1.98735405408921,0.14868230998465,13.3664459093646,413.460400023233,210.046271448517,4,2,2,178,186,165.786586496359,845.359869516649,17.6804673462122,328.368446610666,,36034.1781034343,1174.85699155653,31454.753843597
PREX2,ROS1,418.759192086028,481.000902732896,0.001,18245.058436321,0.98941171788525,0.891607652916119,0.0318014012256387,2.03704410761048,0.210054564858218,9.69769025960201,413.460400023233,713.137975256976,4,4,2,176,186,166.428133047147,848.630710846555,149.317463067359,1117.48041799933,,22702.2302741767,2822.71955955896,72649.4914795952
PREX2,RYR1,186.340567488022,231.648518157181,542.454389740012,7322.30915454724,0.999118026848096,0.864612513251906,0.184134926990757,0.890189477491255,0.0957114021467772,9.30076728085243,195.67538768777,278.027544666504,1,4,1,119,125,21.6383095820466,605.629393936946,72.0368452831314,536.727696846905,,14471.8732916786,,119989.443401946
PREX2,SACS,286.827197043584,748.488190910779,3401.91701265057,0.001,1,0.990928020022919,0.215012124472222,2.04614426208229,0.53392588029116,3.83226274959081,413.46040002321,739.17788765121,4,13,2,167,186,89.0460269919543,666.486482566093,430.633359902797,1194.00848475795,553.242551898625,11182.0929299101,,16648.1520033328
PREX2,SF3B1,285.956497979502,2177.30497515973,8110.72763223391,2391.35742009208,1,0.9998845603934,0.0478165474449675,2.01281277763958,0.246797143495469,8.15573774125361,413.460400025407,2181.50410596456,4,5,2,175,186,88.8032663737961,663.969783002502,920.180702069726,4236.77682518282,1006.15035653896,31644.9218067935,,125080.737264915
PREX2,SMAD4,432.026432715398,2645.66983881796,0.001,0.001,0.77002175726036,0.779047555110567,0.599961375941687,7.28359052439009e-07,0.498226122328175,1.46190458468022e-06,413.460400024223,2601.01344480133,6,15,0,165,186,171.695042204604,875.617218306828,1522.1816177236,4220.47543436919,,3165.78016605479,,21224.218010507
PREX2,SPHKAP,279.28675883028,858.32840523497,9512.10695625558,0.001,0.83816633832796,0.989736969360841,0.0382553831549915,2.18167383246383,0.244377836121455,8.92746194617889,413.460400023233,848.404460458658,4,5,2,175,186,86.7010817019196,648.85401975834,368.787943034999,1660.13079624973,1480.54760938259,36475.0609869141,,41260.1856223473
PREX2,SPTA1,232.41791446438,394.998867651773,13020.0905930822,2135.69064239783,0.737098831600384,0.995322054287542,0.0018155848326761,3.37958506305789,0.281019971263122,12.0261383839284,413.460400024581,408.808891376463,3,5,3,175,186,58.0766194134824,597.585110506708,171.963809128228,749.775181950367,2136.56270581267,44622.2238995223,,32469.9959811934
PREX2,SYNE1,227.784584934342,459.629811409615,5913.41040654777,787.512669972825,0.779203370131041,0.999575872615922,0.0158014896630048,3.46260771521386,0.53022320958159,6.53047179497532,413.460400024581,462.234631721549,3,12,3,168,186,56.741769985214,588.649014389913,261.870056013624,736.879057338756,1142.59677159364,17370.978421925,,18101.0248212475
PREX2,SYNE2,198.332270366721,984.390567321014,0.001,0.001,0.94416226988304,0.970794570682509,0.945106207888431,1.70470514209917e-07,0.0544841293305192,3.12881046838034e-06,195.67538768689,974.626174000763,2,3,0,120,125,32.9774282820107,612.471403326847,244.791221719126,2552.95505740409,,16624.1440084107,,79521.0965006869
PREX2,TENM1,356.622162399358,308.405098606487,3883.14866883625,4246.70804955017,1,1,0.0515308753459152,2.00400989001098,0.255457624805814,7.84478400883249,413.460400024979,361.294397586253,4,5,2,175,186,118.299807275415,780.486175526873,114.131781719815,641.774076787272,,25168.9575019724,,25213.4082395546
PREX2,TP53,256.62649473979,1340.50760208806,1763.60651884476,1236.36845068313,0.922052663683876,0.999955894991878,0.266208337913575,3.22067221253838,1.33590550279388,2.410853316947,413.460400023335,1339.34191421845,3,37,3,143,186,64.1467674930852,659.570301187599,963.101653395918,1805.40538482359,270.769017627675,5033.82798117653,,18143.4556911068
PREX2,TTN,198.096722125661,440.207274203173,0.001,0.001,0.975829417914096,0.979461499173225,0.95578988742205,1.47752303466983e-07,0.0391357155914657,3.77538269669977e-06,195.675387687598,435.615072819896,2,2,0,121,125,32.9381956493079,611.755298155206,73.1924404754337,1359.50058880784,,20542.1016347047,,51038.2970045436
PREX2,XIRP2,420.253781592871,252.95797760539,0.001,9962.51640300061,0.967174509360982,0.571969190291849,0.0287854175856366,2.07007211531601,0.20228439957113,10.2334738600942,413.460400023233,375.215368909619,4,4,2,176,186,167.020809194364,851.701303183187,78.5274232592395,587.688506854973,,16619.0136671763,1546.04920999864,39249.7523005983
PREX2,ZFHX3,199.247670820171,314.1332340885,0.001,0.001,0.964655347940295,0.96793726902066,0.933730806652562,2.39306252027179e-07,0.0561568246395589,4.26139215604086e-06,195.67538768707,310.69980572749,2,3,0,120,125,33.1291353175139,615.318858912388,78.1146280882757,814.742400017462,,12204.3145000219,,23162.6888653521
PREX2,ZNF521,278.341067891559,442.603172992667,12425.8963378994,0.001,0.719855524223967,0.98644866490348,0.0232117405975376,2.32587825917572,0.218373529693683,10.6509166309592,413.460400024466,437.19480826778,4,4,2,176,186,86.407940051743,646.643612803707,175.911112396152,896.944533943324,1928.90093236663,48835.853363093,,24061.9784818442
PREX2,ZNF536,199.924263938667,259.335280088084,0.001,0.001,0.95818065523331,0.949278885421009,0.909587484036868,4.25521111534211e-07,0.0918968497054615,4.63042109602285e-06,195.675387687073,256.618557388221,2,5,0,118,125,33.2419041193372,617.398518850267,92.9894295106958,557.474303692603,,9592.68740392025,,11812.8110059549
PTPRT,RASA1,146.343840694385,501.712534315104,5792.1921892628,0.001,0.986473818106648,0.98242783653717,0.0318773630332997,1.82046821571968,0.189199969936733,9.62192655912386,217.07804656308,494.314011223687,4,3,2,177,186,45.4297974742266,340.00477312803,179.898782723345,1078.48848567538,861.260738592783,27516.3406456799,,27134.9520996032
PTPRT,ROBO2,218.723862224135,106.546629507296,0.001,6690.55341455825,0.984953942238742,0.993035658962308,0.0181782682835519,1.80705167148381,0.149334644967115,12.1006861594759,217.078046563685,210.046271448717,4,2,2,178,186,86.9280841815092,443.26698958686,17.7157322566415,329.034224286302,,20831.2726219454,1003.25613121192,29694.1026124368
PTPRT,ROS1,150.892160988751,583.603600725236,6708.36837976347,13460.1239245254,0.861234487117957,0.942878360550471,0.00101522496654718,3.00770116448223,0.2145253319023,14.0202610936969,217.078046563456,713.137975255095,3,3,3,177,186,40.0146900034224,364.524708040498,175.128366036298,1312.40540749207,,33382.4849671655,,86171.2231789848
PTPRT,RYR1,159.586320804454,224.630686366446,0.001,4491.58214841945,0.993924508542544,0.769101804893511,0.292556277600238,0.929298676848336,0.147949456420582,6.28119020732718,154.8668467416,278.027544666481,2,4,1,118,125,39.6826595521942,413.922098388341,69.723759872898,522.017567879342,,6193.03381508312,231.153992128975,34910.3948816347
PTPRT,SACS,150.997311822624,750.60241441698,1687.12525683113,0.001,0.855540803596291,0.960401849087433,0.229187726051292,1.95731474336198,0.538468285801624,3.63496754585667,217.078046563179,739.177887651265,4,13,2,167,186,46.8721605607422,350.851746141742,431.838447550202,1197.44504311862,274.060706388159,5564.60627869435,,13740.6656822225
PTPRT,SF3B1,147.583526721869,1874.51904492155,5931.37606331704,35611.2343170399,0.796304094058839,0.934517375955305,0.00142016729880405,3.30633415194145,0.258429539538674,12.7939482376652,217.078046563456,2181.50410593868,3,4,3,176,186,38.6943374150305,359.816406968786,669.91889269386,3908.19151465979,,25206.9474414849,,251130.356831738
PTPRT,SMAD4,226.672133134957,2464.25612843879,0.001,11202.3163102735,0.981649081208723,0.952151592833941,0.77857665598222,1.04439195901073,0.520997122791118,2.00460216251415,217.078046563022,2601.01344484562,5,14,1,166,186,90.0809189459217,459.424461180384,1388.01135973097,3990.69973089442,,2876.00969982854,618.028169940395,57450.3739869513
PTPRT,SPHKAP,146.841470152107,860.773690639107,4558.88919716061,0.001,0.726330003532053,0.975847543886866,0.0449290196128118,2.0398370667995,0.246868118786773,8.26286146961474,217.078046563825,848.404460458658,4,5,2,175,186,45.5844098447787,341.162717261847,369.828922727701,1664.88085596867,708.006982471836,17571.9097858505,,32719.0258985959
PTPRT,SPTA1,147.179976409007,414.523048511109,3990.23370158366,0.001,0.734968212254575,0.974965077808761,0.0552672265829489,2.13743979855372,0.287633402094492,7.43112511616971,217.07804656302,408.808891375618,4,6,2,174,186,45.689451233234,341.948854989899,189.413604391005,771.720326572327,630.472460733434,14478.9616269557,,14795.5431296796
PTPRT,SYNE1,74.463112294792,465.723434533972,4573.68570974619,0.001,0.467994647092312,0.979190650159702,0.000763792431607451,4.48638661196389,0.54250076515795,8.2698254087396,217.078046563133,462.234631721841,2,11,4,169,186,12.3811958389563,229.952011808786,267.963061130646,742.888484833593,1351.72252702513,11864.5566019325,,21069.0800303147
PTPRT,SYNE2,125.842175591048,847.240939092764,3170.84191324659,13887.134288978,0.877446524110648,0.939005310280246,0.142840370572746,1.05383193423482,0.0860820965851059,12.242173181655,154.866846741244,974.626173998885,2,2,1,120,125,21.9286990251082,368.505507336595,156.167538169618,2398.12496159895,,31416.0405559748,,175176.194469794
PTPRT,TENM1,116.180665234522,355.701710551687,8017.73933948183,1003.86081633843,0.594555734530369,0.998426904140371,0.00147623862427546,3.22862179129911,0.260863854741094,12.376654460249,217.078046563269,361.294397586129,3,4,3,176,186,28.9309079867089,300.507848925956,147.762410989826,696.526546496135,1553.1428921976,29068.0122606204,,28213.3886241833
PTPRT,TP53,163.104718834577,1359.76022238915,636.81744401398,0.001,0.899641457107275,0.945462916975545,0.770735682076053,2.03143967709013,1.34827020677982,1.50670070945347,217.078046563602,1339.341914206,4,38,2,142,186,50.6242194716045,379.07650518939,979.93412084413,1827.57209540331,105.119481441633,2004.24585636346,,9329.13734773894
PTPRT,TTN,156.800046665698,444.460556090329,0.001,0.001,0.963877216477854,0.960945166439215,0.926241045774316,2.73678268146579e-07,0.0607593951323286,4.504295468224e-06,154.866846741244,435.615072818908,3,2,0,120,125,38.9912559796333,406.666221865576,73.897590676735,1372.75096455979,,10592.170202133,,24994.1056913656
PTPRT,XIRP2,219.755558472547,189.242602682567,0.001,17196.1621119938,0.985223826642206,0.496943296771452,0.000954369656458894,3.01697660679337,0.20728896340999,14.5544488098298,217.078046563597,375.215368909802,3,3,3,177,186,87.3378994875205,445.357387016926,47.061031464237,490.755222971454,,13833.2855913909,3765.59231636678,68797.3090165704
PTPRT,ZFHX3,157.214886211639,209.13673378286,0.001,8726.65525938069,0.995634978819347,0.738977825819182,0.166015462236454,0.929436780731704,0.0864842580623739,10.7468896832228,154.866846741659,310.699805728247,2,2,1,120,125,39.0943627746698,407.738944412021,34.7731793844526,645.868829247444,,14779.5087513714,449.023352020094,70247.9823135437
PTPRT,ZNF521,146.151081992522,443.932491694735,6484.78313297186,0.001,0.527516905335999,0.969360157405649,0.0230843754529488,2.31103599790344,0.220182948360957,10.4959807973633,217.07804656349,437.194808267049,4,4,2,176,186,45.3705793789295,339.548391745521,176.434836412394,899.659375908529,1006.38114702425,25513.4846120798,,18850.5967742515
PTPRT,ZNF536,158.593648475707,260.980191423216,0.001,0.001,0.931857343044992,0.920163877588049,0.857481604524562,7.55540479110972e-07,0.141052361055506,5.3564539682796e-06,154.866846741223,256.618557388459,3,5,0,117,125,39.436750417262,411.329096893061,93.5765125634329,561.039904526907,,4601.30088953281,,6927.18005551415
RASA1,ROBO2,498.750365931777,106.248540906885,0.001,8143.63189132654,0.979225757999237,0.906868329667923,0.0128975452482352,1.81737607858935,0.13318214175587,13.6457940578904,494.314011224276,210.046271448355,3,2,2,179,186,178.838590940775,1072.1012634682,17.6662959393422,328.109767342001,,49959.1289219302,1198.96238474556,39797.7445938034
RASA1,ROS1,199.329599176146,717.576421351373,29091.1547102692,0.001,0.771926318542399,0.986666344586808,0.000520845943997434,3.04048345318328,0.182386304929979,16.670568847538,494.31401122255,713.137975256381,2,3,3,178,186,33.1434556844806,615.542585014848,285.193897542047,1454.19062053089,5795.51937177439,130440.708430954,,72149.2641126579
RASA1,RYR1,288.86605471169,282.712380791417,0.001,0.001,0.919444232647925,0.921611624741361,0.847404324591998,3.87826969996952e-07,0.102962188880253,3.76669313477787e-06,276.88356905481,278.027544666391,2,5,0,118,125,48.0245310819288,892.259508931026,101.351247799687,607.93852556396,,6919.95522155033,,8128.55513753594
RASA1,SACS,309.494481932835,747.969455817359,4601.08222026681,0.001,0.836827347614118,0.962640589795794,0.161040678811627,1.97729118911073,0.460371825908999,4.29498739460565,494.314011222709,739.177887649974,3,13,2,168,186,76.9603254700594,802.709992402485,430.332950313995,1193.20789048705,746.365859099335,15239.9401152745,,17636.6495612584
RASA1,SF3B1,301.392424245838,2203.92511852935,11426.6459793724,0.001,0.947873649115179,0.985692459171926,0.0360626695355775,1.93209195571463,0.214468335605876,9.0087515728438,494.314011223687,2181.50410593629,3,5,2,176,186,74.9472529337357,781.623460118312,946.840138335003,4262.42159514033,1755.920984482,45270.2237243564,,123743.841685196
RASA1,SMAD4,411.703866954641,2632.83154243455,2470.16231891584,0.001,0.975821274209475,0.991787386301266,0.692283154540882,1.02275821330619,0.419928784548721,2.43555157669247,494.314011221031,2601.01344489415,4,14,1,167,186,127.801355044832,956.596898900994,1514.80122795871,4199.87098215629,139.309826288567,11383.8198753354,,52022.2961944883
RASA1,SPHKAP,300.211891012301,857.448303680203,14743.1782155548,0.001,0.558336669557646,0.974417967466518,0.0219671141421695,2.30284735183241,0.210817304660396,10.9234265922432,494.314011222007,848.404460454722,3,5,2,176,186,74.6556876973196,778.552162966903,368.407710758909,1658.43282853064,2265.26216465076,58827.7120539433,,42406.210208408
RASA1,SPTA1,301.029702324773,413.349921263018,12283.0109884547,0.001,0.550823605812649,0.968094761413335,0.0298146732843388,2.30480204469866,0.241179566384219,9.55637361511348,494.314011218682,408.808891375486,3,6,2,175,186,74.8588691103935,780.679723907298,188.879338764302,769.525886418373,1916.45615694725,46500.8217284461,,17350.8914402671
RASA1,SYNE1,307.197559148142,467.823032078458,5521.92123041685,0.001,0.577092619151209,0.936167697944793,0.115236853197968,2.31175882100156,0.458692936736828,5.03988318949832,494.31401122288,462.23463172353,3,13,2,168,186,76.3913811569731,796.746225563709,269.159506996068,746.293678207911,890.97157060152,18581.8294959938,,9711.26970370072
RASA1,SYNE2,281.362845354155,987.525509097775,0.001,0.001,0.930657539470065,0.961677737922718,0.931587976098557,1.37160453477642e-07,0.0577628960151732,2.3745425340449e-06,276.883569055612,974.626173991706,2,3,0,120,125,46.7815134649195,868.959640880368,245.567592067592,2561.16265432622,,20761.1401207951,,59773.1300360931
RASA1,TENM1,301.344950437446,365.520515069987,11540.373227356,0.001,0.739930669166574,0.972357256449156,0.0349735261928825,2.02626026973697,0.224637381279846,9.02013840346868,494.31401121736,361.294397587417,3,5,2,176,186,74.936416777269,781.509593685334,157.043089789507,707.012116474465,1771.95866136803,45817.6166112506,,16890.8069589423
RASA1,TP53,330.458250793334,1354.44313170622,1901.72893280991,0.001,0.783858346184955,0.930637792037387,0.553648639145655,2.22068597483406,1.13570413072948,1.95533846778183,494.31401122278,1339.34191421739,3,38,2,143,186,82.1669166062033,857.223903101773,976.139401186436,1820.35115977679,313.682095413525,5997.34529911171,,12239.7278985284
RASA1,TTN,280.786370149606,442.696926971546,0.001,0.001,0.972674628392288,0.968547982771113,0.942087474963338,1.32022857596991e-07,0.0436043396415333,3.02774583177586e-06,276.883569055612,435.615072818378,2,2,0,121,125,46.6850810041103,867.176454174732,73.6052653760353,1367.2710848162,,27017.7044789092,,32726.539569299
RASA1,XIRP2,503.684907036173,252.440433161943,0.001,11954.2939086436,0.958208251523169,0.495122855641293,0.0213613262318853,1.99218591606073,0.171485707744656,11.6172125494395,494.314011222657,375.21536891047,3,4,2,177,186,180.602659523361,1082.7870777262,78.3653496285929,586.473330971837,,19644.8472849445,1809.22587956347,53444.2879880662
RASA1,ZFHX3,283.505790894275,315.270859359941,0.001,0.001,0.954196914495513,0.957695064177505,0.913840248876043,2.12887728935802e-07,0.0605504597463149,3.51587303924243e-06,276.883569055955,310.69980572784,2,3,0,120,125,47.1365988119251,875.653288147946,78.3955529301989,817.714341934189,,13613.8847686631,,17161.6095948781
RASA1,ZNF521,299.223562808789,442.536685735036,19570.1597154365,0.001,0.413885404138756,0.969629498629386,0.0124663727252717,2.48144800963277,0.191110734133643,12.9843465929941,494.314011222709,437.194808267751,3,4,2,177,186,74.4108449548797,775.976712720407,175.881189464699,896.81139253212,3033.16567828006,77304.860601006,,22906.8391999599
RASA1,ZNF536,282.904258510942,260.073196851893,0.001,0.001,0.958299150276658,0.936026811754702,0.897004898086095,3.7587393764138e-07,0.0970602083602456,3.87258531576914e-06,276.883569054484,256.618557388221,2,5,0,118,125,47.0380370771488,873.707951064257,93.2524270438535,559.077845504727,,13730.4437070986,,9198.79896182822
ROBO2,ROS1,106.39557198205,718.470221771076,7362.00199617131,0.001,0.858726750312752,0.984271972518789,0.0153061032868035,1.89679865865233,0.145563738635959,13.0307085846156,210.046271448717,713.137975252937,2,4,2,178,186,17.6902509945851,328.557033599196,285.548150760478,1456.04641605395,1097.29599288626,32822.6150953005,,66749.2671131955
ROBO2,RYR1,77.1863296139607,280.604935815344,0.001,0.001,0.958557641505397,0.955866973222451,0.916265477774336,4.56111065319509e-07,0.0517755291267645,8.80939457330876e-06,73.9705091334938,278.027544666579,1,5,0,119,125,4.40380419742514,339.950082394326,100.599696179834,603.371096737631,,3674.10548067613,,20498.6377759711
ROBO2,SACS,109.641492713896,746.135940914378,2419.9902597927,0.001,0.747790459438071,0.952324785992974,0.0983702637549083,1.94792797541194,0.366546536038427,5.31427195156394,210.046271448547,739.177887650048,2,13,2,169,186,18.2295165221812,338.608590855579,429.277182617319,1190.2842805302,392.594876538889,8014.37780795879,,25495.7516753835
ROBO2,SF3B1,106.702688156417,2198.88471270167,6129.44097232416,0.001,0.808538905609,0.979893279039884,0.0202491470561485,1.95273797603379,0.172244479957962,11.3370133923036,210.046271448717,2181.50410592497,2,5,2,177,186,17.7417210669368,329.51493121602,944.756959506902,4253.05185809041,941.812473955047,24281.4797896094,,175391.886045857
ROBO2,SMAD4,219.49943601191,2632.73044608872,0.001,0.001,0.839705235989687,0.837141216287495,0.703005079327938,9.03963342582803e-07,0.339299458828167,2.66420508215606e-06,210.046271448384,2601.01344485104,4,15,0,167,186,68.1365101972629,510.013050659611,1514.74544098261,4199.72180594002,,2409.76321421937,,30715.5580481597
ROBO2,SPHKAP,106.348097646825,855.252105622593,7594.9509068475,0.001,0.53121981076924,0.97626596165372,0.0133057952798075,2.25460156834243,0.168575923050376,13.3743984760426,210.046271448717,848.404460452962,2,5,2,177,186,17.6828958627289,328.413088564776,367.465810229317,1654.18321538602,1167.66535746498,30212.453708553,,62120.9062312404
ROBO2,SPTA1,106.627722433029,412.128316933245,6394.08534057229,0.001,0.541171406789191,0.972694840630904,0.0177803134258186,2.27216729120303,0.193200285927492,11.7606828597333,210.046271448717,408.808891375618,2,6,2,176,186,17.7293654907224,329.278464172006,188.321917450529,767.24487539861,999.696933612828,24017.5962679406,,26554.9908735027
ROBO2,SYNE1,108.919822680312,466.523044286291,2833.60877305281,0.001,0.557591696693736,0.940418724045317,0.0734853023299967,2.227763476556,0.36459699373005,6.11020802383646,210.046271448717,462.23463172149,2,13,2,169,186,18.1100260026036,336.379104333,268.409640385864,744.209845140249,457.805748845533,9497.82554126556,,14543.2298836322
ROBO2,SYNE2,75.1579706260978,983.838685442199,0.001,0.001,0.956231416019021,0.972431906659484,0.957187420237999,2.15352757447843e-07,0.0290920656697786,7.40245673484628e-06,73.9705091334938,974.626174001204,1,3,0,121,125,4.28826143510599,330.97105052815,244.649325813571,2551.57345586214,,11187.6968285818,,117116.30828009
ROBO2,TENM1,106.685965594344,364.511297102795,6194.33012819742,0.001,0.666213970079653,0.970560780007416,0.019692119632882,2.02908146059738,0.178170749562097,11.3884095205549,210.046271448353,361.294397587351,2,5,2,177,186,17.7389428086176,329.463048655756,156.609619792607,705.060081873766,950.901599993581,24607.9907539118,,25055.9425563187
ROBO2,TP53,176.7325360591,1355.1038025253,482.831676077535,0.001,0.906475031351308,0.923259895149843,0.906038091767783,1.08280005663384,0.906959889780217,1.19387865862099,210.046271448913,1339.34191420261,3,39,1,143,186,43.9448360746864,458.48633900073,976.601701082785,1821.27782107729,27.4299996107987,2160.50297643475,,10559.7529699888
ROBO2,TTN,0.001,436.50727700187,12182.3748725672,3799.729692742,0.422177349770085,0.999994496454757,0.0156737201370418,0.990436772010782,0.0212734614304898,46.5573867819771,73.9705091335183,435.615072818194,0,1,1,123,125,,159.012466825937,72.5788310534417,1347.97795922169,540.900146183811,211313.292836665,,
ROBO2,XIRP2,212.67459844586,188.174681683736,0.001,40761.9742525399,0.992061688564272,0.515996628104575,0.000167547359949378,2.96466029291011,0.137427606374221,21.5725236808478,210.04627144881,375.215368910161,1,3,3,179,186,66.020906607955,494.115276031962,46.7957445650619,487.979653283618,,21775.2519933628,7142.40303657093,628170.197516161
ROBO2,ZFHX3,75.760052168983,313.786532059932,0.001,0.001,0.976525001723356,0.971123792750338,0.948331070901805,2.5761195051547e-07,0.0301518690170342,8.54381366441771e-06,73.9705091335183,310.699805729271,1,3,0,121,125,4.32252150295763,333.643474050514,78.027020332007,813.856178847052,,7157.35528161306,,35602.0234975353
ROBO2,ZNF521,105.972011026952,441.630828050513,10232.7963143519,0.001,0.363596104765498,0.96878852501758,0.00727223549711948,2.44898227011358,0.151711191498521,16.1423969182751,210.046271448717,437.194808266503,2,4,2,178,186,17.6205831073627,327.247429507222,175.521228900996,894.987353874454,1586.04293015268,40414.8913808882,,32063.5192029689
ROBO2,ZNF536,75.6547927501181,258.883712850021,0.001,0.001,0.977913755308577,0.957499396898898,0.936356781407377,4.33668480905383e-07,0.0486564870388918,8.91286048988177e-06,73.9705091334962,256.618557388459,1,5,0,119,125,4.31659964258976,333.156089065483,92.8266887775207,556.512330010054,,6995.93489612561,,19678.064293393
ROS1,RYR1,708.888174648312,225.5975990951,0.001,3313.86964969131,0.994830231763249,0.812515077982606,0.368894965183769,0.936106058636702,0.186732827846344,5.01307707612607,690.188411197252,278.027544666481,3,4,1,117,125,220.04103929695,1647.12673259173,70.022979111526,524.270186305453,,23428.6676874307,176.928680927148,20060.2475975318
ROS1,SACS,495.16765648911,750.096510221778,5761.40612003506,0.001,0.854876599960674,0.964203241351083,0.215424117227239,1.9811828185077,0.522264709654106,3.79344570269707,713.137975253525,739.177887652503,4,13,2,167,186,153.710494849745,1150.51792157013,431.549394657431,1196.62448169307,937.162008115536,18923.7269723354,,14399.6419469546
ROS1,SF3B1,590.466292826826,1598.81094803456,10623.0314782574,63490.3426414469,0.9364420542951,0.814797429598722,0.0014918103226493,3.10896178464537,0.242597913265432,12.8152865900531,713.137975254273,2181.50410591607,3,4,3,176,186,178.983788171374,1321.79400100782,516.516172538594,3551.11716018649,,63012.5837015984,,307417.359694805
ROS1,SMAD4,745.631364165535,2651.47312886393,0.001,0.001,0.76753082847192,0.754416576296498,0.579131433277725,4.65232879713617e-07,0.497444887816457,9.35245071581227e-07,713.13797525647,2601.01344485104,6,15,0,165,186,296.320983784062,1511.24500059771,1525.48331020442,4229.7968289989,,5394.78518817786,,18837.0835457662
ROS1,SPHKAP,481.89023591878,860.278021946574,15986.4328218115,0.001,0.678211256194983,0.977001311602393,0.0390067671110254,2.15220233843937,0.24360199348877,8.83491266888415,713.137975252937,848.40446046052,4,5,2,175,186,149.595796647271,1119.56845565144,369.621280941377,1663.93417184698,2506.28937903087,59946.4492852369,,34208.6018670455
ROS1,SPTA1,483.668240826418,414.660145429732,12843.2605285348,0.001,0.734380615478481,0.974756526109051,0.0569771884301603,2.0759130423234,0.278707212847116,7.44836497454458,713.137975252937,408.80889137426,4,6,2,174,186,150.14707624449,1123.71426525019,189.476137731295,771.97611537352,2035.6419967004,46170.1449492392,,14442.9981049179
ROS1,SYNE1,244.847804869718,465.423568602126,14516.5786873666,0.001,0.617128717812339,0.995661615256604,0.000865659012026975,4.31747700398354,0.525077704765534,8.22254871002654,713.137975251243,462.234631723531,2,11,4,169,186,40.7116698332178,756.11954204546,267.792408481643,742.402552937225,4307.95602461829,37326.9236918042,,25348.8290860964
ROS1,SYNE2,577.197447247981,881.894033244614,14247.5001549609,8029.46472504457,0.836136175908014,0.969071656563708,0.172087156393948,1.1332045345928,0.108164813056638,10.4766467261347,690.188411199304,974.626173991706,3,2,1,119,125,145.739545080461,1467.6953678267,170.352421042602,2446.14899355925,,126837.722497112,,101833.642671886
ROS1,TENM1,544.46494745171,284.798360251364,13760.2046874502,8639.79763624226,0.87831796928371,0.854600465931416,0.00158461721357771,3.15570979231842,0.250858837442678,12.5796237616684,713.137975254273,361.294397586205,3,4,3,176,186,153.102040543062,1265.56615041285,95.4108312780873,615.792914974974,,67959.9938053916,,48294.3177081943
ROS1,TP53,399.338097161981,1354.16022554275,3264.16864056403,0.001,0.864535956602636,0.960590283604706,0.286812551356096,3.05980037233929,1.32804855266907,2.30398231012698,713.137975258046,1339.3419142168,3,37,3,143,186,99.2937473657016,1035.87969716002,975.940605952229,1819.96320907847,803.882550105945,8649.88149936317,,14041.9082813866
ROS1,TTN,695.485496939354,221.689835746732,0.001,11990.1932030199,0.985488813842001,0.875588147793049,0.147854798052388,0.869007934287564,0.0773833424401408,11.2299095242594,690.188411196279,435.615072819015,3,1,1,120,125,215.895413159389,1615.92373003607,12.648728249218,976.283886692694,,145471.378798131,635.961259517331,78348.5691324179
ROS1,XIRP2,721.219709707686,189.263568375854,0.001,16998.0546147467,0.990386088565387,0.616240065776647,0.000985435899793516,2.95404781447601,0.20276661073615,14.5687093341021,713.137975251766,375.215368907937,3,3,3,177,186,286.638307383262,1461.60713608107,47.0662344815773,490.809643916091,,50670.8655262548,3730.69292891607,67687.844922749
ROS1,ZFHX3,699.994748723196,209.655119022624,0.001,7190.58363966391,0.990154481586386,0.67482136703844,0.191314424563516,1.02157206905784,0.109019419293217,9.37055137223064,690.188411199304,310.699805728247,3,2,1,119,125,217.294365802562,1626.41135135063,34.8594423967578,647.470010098302,,50237.4222783047,382.803550792384,44308.3607688612
ROS1,ZNF521,359.376723604,442.244459107637,36431.0477370534,0.001,0.611378142329248,0.978278634213094,0.000685612910430042,3.18283722380895,0.211998710157416,15.0134744756022,713.137975254145,437.194808266374,3,3,3,177,186,89.3701143887211,931.957437975277,175.765816078608,896.222521522488,8013.63918090215,144815.133584524,,29673.5094491722
ROS1,ZNF536,705.28292956279,261.608013893571,0.001,0.001,0.918009373202394,0.909248417082077,0.83472305538363,4.92017108688972e-07,0.177518329900469,2.77164115370416e-06,690.188411197252,256.61855738802,4,5,0,116,125,218.934658615794,1638.74652552122,93.8019591302215,562.392350419006,,16818.7158537484,,5820.87776980602
RYR1,SACS,238.931272329062,192.568793102627,2843.11915077094,3504.82314526692,0.962469301503201,0.947517387743227,0.042124849685219,1.5005428653227,0.194087762839158,7.73125952596102,278.027544666296,272.994692577138,3,2,2,118,125,67.6650474610086,559.1992205643,34.4990982313214,545.929159193537,,25357.7967341177,,20107.2452293958
RYR1,SF3B1,245.272960282852,721.416106252463,6246.53421362476,6688.34922377368,0.840776478721216,0.968566750832227,0.178683685229955,0.919678231379313,0.095801120430637,9.59986926296116,278.027544666481,874.44564757676,4,1,1,119,125,77.3435836434618,559.771014746194,54.6038697536852,2576.57657114098,,121740.636004682,,70629.4934472037
RYR1,SMAD4,288.076577738455,1773.4511666658,0.001,0.001,0.840465991157712,0.822866839249996,0.691698983834696,6.66687688655881e-07,0.303944531279921,2.19345183099178e-06,278.027544666529,1723.94670324493,5,7,0,113,125,103.271457932595,619.510142005073,761.859867504341,3430.98219311606,,3274.49234518961,,18321.4429654861
RYR1,SPHKAP,281.675972918497,548.649172941439,0.001,0.001,0.938618412825611,0.903055535792426,0.847650344500844,3.97363808681168e-07,0.13903078636904,2.85809941135206e-06,278.027544666296,530.193702209338,5,3,0,117,125,100.983891176444,605.672757750927,136.427448989893,1423.03387692953,,10134.1341998822,,10841.7191053668
RYR1,SPTA1,225.746338616078,378.454293322731,3292.48032391173,0.001,0.611531707228963,0.952369974415738,0.350655773006807,1.15994482473874,0.231582254748995,5.00878111751686,278.027544666189,367.606718407483,4,4,1,116,125,70.0695055868981,524.618979024329,135.693104096343,813.632002155816,178.8150052222,18064.5486362258,,8443.91364061704
RYR1,SYNE1,169.851789572433,311.776140983216,4957.86692841688,0.001,0.359459997288468,0.963274195778521,0.0551023424189551,2.2232451379654,0.323747100612159,6.86722794972239,278.027544666715,304.402957565777,3,5,2,115,125,42.2339196953207,440.575619487873,133.940495631003,603.146676968971,760.979622884988,19388.5575563104,,7518.87012973299
RYR1,SYNE2,224.25931222823,1001.62907599675,5226.15540797091,0.001,0.72880635606295,0.995801862250873,0.257872409922187,1.00999132585578,0.144006789372894,7.01349797640782,278.027544666481,974.626174004554,4,2,1,118,125,69.6089670331902,521.145467958384,249.069298268454,2597.85894353397,266.626356020789,40132.9440329946,,42769.7571195076
RYR1,TENM1,225.113536318115,147.933098532897,7767.95315799839,68.7326334535343,0.747128066528621,0.999794804568299,0.192928043469928,0.91345403003245,0.100714749128581,9.06971459429698,278.02754466618,145.321772494984,4,1,1,119,125,69.8742937155173,523.061561523301,22.9055474251358,461.347099451435,265.262532246676,126142.280719904,,8374.25431710107
RYR1,TP53,179.480726785012,866.551644478401,1477.84154390898,0.001,0.718137495446233,0.952479921711522,0.371250192022972,2.00544300371527,0.780757706645811,2.56858560171092,278.027544666949,849.973700932189,3,16,2,104,125,44.6207071444725,465.659510170596,525.073115787274,1331.77656428467,240.913498995265,4816.77312571797,,10259.5880098905
RYR1,TTN,281.537012311502,454.203527752875,0.001,0.001,0.940761895845328,0.920427178673687,0.865931148535055,3.2296828201883e-07,0.104738950968417,3.08355467600796e-06,278.027544666264,435.615072817666,5,2,0,118,125,100.933232867753,605.383172671513,75.5134069753387,1403.03393541225,,11342.7727815138,,11024.7427454076
RYR1,XIRP2,281.80186734867,185.170259535255,0.001,4218.69582201088,0.988492611721117,0.717424553966727,0.267377182719696,0.922742562591412,0.132864095821413,6.94501066587393,278.027544666465,272.257282359539,4,2,1,118,125,101.02997277523,605.932423462909,30.7885543876848,571.848504840972,,16051.5536292695,231.678219558854,22213.0035139914
RYR1,ZFHX3,276.816320136599,224.474841003897,362.063314043771,2890.12257853036,0.999927961423986,0.933957143798411,0.388853984089652,0.701731028266628,0.149118973227076,4.70584670133184,278.02754466673,310.699805727976,4,2,1,118,125,95.9322184150184,601.77729210854,37.4068290976907,690.040631996407,,16046.5218129986,,16358.6466478349
RYR1,ZNF521,279.885066435766,212.267943524492,0.001,0.001,0.968393259693781,0.931011134764959,0.901593087350781,4.25073545192584e-07,0.0969999337543254,4.38220448963584e-06,278.027544666542,204.790406919133,5,2,0,118,125,100.34464696988,601.785897007201,35.2929835277933,655.572540286579,,20489.6318491137,,5989.03029643345
RYR1,ZNF536,284.825050380698,265.967213683658,0.001,0.001,0.889069143023596,0.837906383741746,0.745029791337387,9.24631156879602e-07,0.235250510730424,3.93041083740365e-06,278.027544666546,256.618557388459,5,5,0,115,125,102.109594339227,612.479308289519,95.3572673292599,571.839836111795,,4953.52494351942,,3018.67713101942
SACS,SF3B1,598.713445996949,2260.79826407189,10349.9331301526,0.001,1,0.978969348979231,0.0429084952650756,3.02613436814102,0.623165042593252,4.85607208573189,739.177887646468,2181.50410597016,12,4,3,167,186,320.548850142583,1004.40397747491,971.310324275929,4373.15494177732,2267.32257039755,38341.9446697816,,38162.0335214465
SACS,SMAD4,766.758660155968,2156.39126952591,0.001,14041.847619783,0.971453797543978,0.920295229037217,0.294855136257823,3.12132406844442,1.27318924586057,2.45157903948101,739.177887648305,2601.01344484795,12,12,3,159,186,441.108027275575,1223.28716796134,1154.47459272252,3617.79260619333,,6147.88683534994,3386.38938604823,39240.5002258224
SACS,SPHKAP,598.059595813103,881.015362279903,11225.2178815482,0.001,0.714497285545298,0.958507511506959,0.0320746492322723,3.14145507470259,0.609230685649144,5.15642949165525,739.177887647902,848.404460448929,12,4,3,167,186,320.203422443156,1003.28784569243,378.517640457891,1704.19028666438,2501.05089203101,40411.6342794959,,13604.3607633969
SACS,SPTA1,651.792963430904,425.854375367483,5352.24966902588,0.001,0.826643650922865,0.959674998420175,0.306697601049936,2.15201644024507,0.705416401182373,3.05070372143035,739.17788764861,408.80889137395,13,6,2,165,186,358.487012593351,1073.31051198034,194.579634349109,792.890684199224,846.785174760502,19355.0625395482,,4979.82293568231
SACS,SYNE1,559.528582369438,479.496237491149,5836.26518631221,0.001,0.612869852173409,0.905011823445634,0.0612716650636902,4.35227320550893,1.3273867662036,3.27882823327875,739.177887645234,462.234631723568,11,11,4,160,186,290.470660341068,958.595563259603,275.850067829158,765.000203837274,1720.74456848218,15248.7356868901,,3737.29024339681
SACS,SYNE2,277.448493642745,998.524290231675,0.001,0.001,0.872136299976221,0.930530400805933,0.873008227274053,2.72194117642913e-07,0.112065747115842,2.42887880238326e-06,272.99469257704,974.626173998842,4,3,0,118,125,86.1235353020251,644.681864107948,248.296522530734,2589.81784466627,,9762.41814136123,,28781.6152193663
SACS,TENM1,747.353075259578,160.511944696314,0.001,5412.88760323489,0.959414815210594,1,0.00371959931119717,3.88660390023016,0.632704779211893,6.14283948521991,739.177887647791,361.294397587772,11,3,4,168,186,429.972570410767,1192.20021770476,39.914140404958,416.298758566993,,20877.3520336375,1601.0979957863,14053.2078715691
SACS,TP53,380.236385812827,1373.30030338468,3986.38166060737,0.001,0.593353393401056,0.91514137982728,0.0137919760483505,8.34570275749779,3.34135319381112,2.49770146207703,739.177887645586,1339.34191420512,7,32,8,139,186,163.332112221246,735.724247213022,989.670244047026,1845.83298897049,1780.85598241757,7716.23445282344,,7146.77188393636
SACS,TTN,276.57935997931,448.642970493567,0.001,0.001,0.949890906317943,0.943245662980156,0.895995589199309,2.44292217929887e-07,0.0791358368897811,3.08699860304924e-06,272.99469257752,435.615072817666,4,2,0,119,125,85.8540891178813,642.659024388254,74.5918411833124,1385.7301490871,,13458.3795718279,,15932.8476522077
SACS,XIRP2,751.210852499243,194.19954578175,0.001,5199.49582147012,0.888850833181687,0.334679600911131,0.0182968331879499,3.12134138409602,0.506118276145832,6.16721729131284,739.177887652503,375.215368909808,12,3,3,168,186,432.176117149174,1198.46004480094,48.2924080522055,503.644948215089,,11883.5243994663,1253.72254862534,14537.9677262438
SACS,ZFHX3,279.493257515485,319.3206742583,0.001,0.001,0.911314609252235,0.922148220344328,0.840397921917229,4.09829907638964e-07,0.114601950144934,3.57611634985849e-06,272.994692576707,310.699805727619,4,3,0,118,125,86.7543364018611,649.485479771781,79.400070722863,828.27818525266,,6539.68917129212,,8161.9372224787
SACS,ZNF521,595.872865442965,454.573406573829,15707.5355008738,0.001,0.511142381773604,0.949553179373007,0.0134186219395725,3.32128023870455,0.542226450635549,6.12526414897622,739.177887648931,437.194808266042,12,3,3,168,186,319.035977733853,999.5836508107,180.657093414368,921.291100224339,3459.06087092652,62174.7723690595,,7825.68540696581
SACS,ZNF536,208.000572343714,261.605756458106,3927.06110297421,0.001,0.67916660625921,0.974754139665844,0.295494167631091,1.1254227565063,0.183885046664105,6.12025162960672,272.994692576865,256.618557387926,3,4,1,117,125,51.7230209845501,539.442213079712,93.8013615801585,562.377800744984,214.936615787751,20961.4222933655,,9356.37825091857
SF3B1,SMAD4,2283.64539281091,2654.45044281771,0.001,0.001,0.728449686383826,0.742482260156053,0.540970192983933,2.73825120834792e-07,0.614283409493346,4.45763497113881e-07,2181.50410591232,2601.01344485615,7,15,0,164,186,981.10199360389,4417.52439310858,1527.19533562332,4234.53901313146,,13780.4944602602,,17717.8044630159
SF3B1,SPHKAP,2209.10253983157,490.948606635696,0.001,24756.6545330346,0.987204597789338,1,0.00381947345667649,2.89083231584951,0.284891942322487,10.1471185611041,2181.50410591369,848.404460456964,4,4,3,175,186,949.144465398496,4272.83508866912,152.408118881973,1140.60418595157,,107626.657962509,5530.15321795594,88915.3488782367
SF3B1,SPTA1,2218.89073445025,311.204503658586,0.001,6292.47073390844,0.996679171945336,1,0.0877396754294954,2.05192242539931,0.332777377399039,6.16605143485704,2181.50410596456,408.808891375618,5,6,2,173,186,953.336001351127,4291.75374569247,123.683423812078,630.698190854186,,74223.0728073642,977.568610209776,24269.7136822516
SF3B1,SYNE1,858.461163930478,443.458369185979,48921.828906316,3863.10727018165,0.544569621836683,0.967610764805136,4.59025849318299e-05,5.77137014055852,0.622629080656259,9.26935525477773,2181.50410591823,462.234631722651,2,10,5,169,186,145.807528014768,2550.97889054229,246.873612071447,719.650324818707,12786.8825624325,128266.998335847,,41025.3059902732
SF3B1,SYNE2,610.029795533237,854.540860707606,26700.2654914123,25918.9211535428,0.856237807038063,0.918147757857819,0.0876678576975137,1.01431376463114,0.0559310340351166,18.135079784048,874.44564757676,974.626173998885,1,2,1,121,125,38.1173292280247,2391.46338861999,159.956872359948,2401.27337857906,,258705.525915936,,607593.027908788
SF3B1,TENM1,1211.34163065437,319.771906871393,103159.697996461,5111.91172101338,0.607851096667776,0.946027473133508,4.24594054496122e-05,4.37740097017109,0.301716037618348,14.5083470031123,2181.50410595226,361.294397587861,3,3,4,176,186,309.013456327706,3027.90066715207,115.475339153546,658.853191838652,16833.9678651399,424617.47660839,,39754.3941516372
SF3B1,TP53,1754.30568114216,1363.79460772789,5531.95645456377,0.001,0.932226334620999,0.955221766994937,0.873580548789963,2.05413513038743,1.57157955104892,1.30705132235683,2181.50410588908,1339.341914206,5,38,2,141,186,628.953238116839,3772.36191660573,982.835418492141,1833.04874340639,913.370144574396,17404.6662452028,,7776.04560404811
SF3B1,TTN,885.067585187614,441.768563469345,0.001,0.001,0.976290512193263,0.972607482449081,0.949551084654603,6.96066411174149e-08,0.0396267986122207,1.75655474464567e-06,874.445647602189,435.615072818194,2,2,0,121,125,147.164472305948,2733.30768359341,73.4497947223,1364.36572622723,,91579.0433524593,,39789.4684184917
SF3B1,XIRP2,2210.17829242083,189.581786976354,0.000999999999748979,14695.5618666887,0.97570992771669,0.369190141481504,0.0013341120359272,3.17896735469172,0.238902001503443,13.3065748076033,2181.50410595226,375.215368909104,4,3,3,176,186,949.606357108256,4274.9159331315,47.1453517936786,491.635564862017,,108206.453382824,3318.36312729148,51114.4216813009
SF3B1,ZFHX3,851.421707305302,216.46053253948,2641.15220181226,15288.1107291936,0.999380724815352,0.768787641591469,0.101268710952213,0.919599588354335,0.0571425513901199,16.0930789050021,874.445647573312,310.699805728247,1,2,1,121,125,115.625448200844,2703.36604693869,36.0391981574085,666.536609177136,,139064.261585947,126.859515766324,250165.299936473
SF3B1,ZNF521,1573.67044609251,444.467378886721,55862.6290215797,0.001,0.646811144527541,0.976389548152672,0.0328407418733696,2.29146279439465,0.252305117401045,9.08210985967563,2181.50410595226,437.194808266503,5,4,2,175,186,564.291120984957,3382.53575433085,176.641104476687,900.701577686929,8659.7989168795,220847.560654367,,17600.4395697341
SF3B1,ZNF536,894.693595951654,259.710092560288,0.001,0.001,0.955570415143817,0.88388134595088,0.90068425148714,2.3996145321302e-07,0.0921305153828239,2.60458168735867e-06,874.44564757676,256.618557388459,2,5,0,118,125,148.761275569621,2763.03507083146,93.1227322080318,558.292143934927,,40266.5580439418,,10585.0697849065
SMAD4,SPHKAP,2661.62911350301,888.089809164232,0.001,0.001,0.713277349195182,0.728590018426904,0.519796378723473,4.78743391469846e-07,0.582246731207926,8.22234571376034e-07,2601.01344483484,848.404460452445,15,7,0,164,186,1531.31034809103,4246.12513415117,381.549387550999,1717.9302604201,,15595.1418326084,,5363.17336935621
SMAD4,SPTA1,2659.47253404247,373.230211866358,0.001,1212.49060585577,0.990041161719917,0.979877651425321,0.914283940792539,1.01304961097485,0.685483822266131,1.47786071394919,2601.01344484289,408.8088913761,14,7,1,164,186,1530.07686426197,4242.59374030404,160.349300721393,721.970055396533,,27609.3476252076,68.4265843108411,5573.36827101962
SMAD4,SYNE1,2528.54294042503,483.023508237982,4297.2574912832,0.001,0.972562285222684,0.955908505614742,0.939179269231408,1.06395381332514,1.25852491845552,0.845397494894925,2601.01344484289,462.234631720927,14,14,1,157,186,1424.10866802075,4095.26855095991,277.875316354766,770.646015137858,242.427231766066,19779.6453537421,,2446.19847923311
SMAD4,SYNE2,1744.14154696346,668.016510711691,0.001,11389.3023367362,0.986129199976224,0.833892816055153,0.341003284278804,0.980527770092772,0.182774666295959,5.36468094820671,1723.94670324902,974.626173990786,6,2,1,116,125,749.322725287925,3373.88188477936,111.07006772839,2063.07029933135,,84413.250047212,633.088906510469,56162.6607755671
SMAD4,TENM1,2656.70354694978,377.885490012598,0.001,0.001,0.733066694690348,0.733057053498817,0.537494878445458,9.77625882012112e-07,0.591558435355794,1.65262774323236e-06,2601.01344487202,361.294397586057,15,7,0,164,186,1528.48465385453,4238.15398039082,162.345944619425,731.003174753243,,16967.1749074741,,2328.38122875009
SMAD4,TP53,2913.98024018458,1175.2506620106,0.001,5649.24688753513,0.950896445400927,0.908515241658618,0.256211666422836,5.91715114291568,3.28491225064588,1.80131178291056,2601.01344480266,1339.34191422244,9,34,6,137,186,1675.90286792706,4650.95023983974,822.508424746669,1617.38402476865,,9300.45703150417,2109.07630900681,13099.4935307993
SMAD4,TTN,1741.64458538838,450.195415380958,0.001,0.001,0.932092795192368,0.936761566920011,0.873165908002663,1.7978662820848e-07,0.12131753709113,1.48195085821294e-06,1723.94670324171,435.615072820717,7,2,0,116,125,748.247782488716,3369.02522100054,74.8501756984723,1390.45122982456,,57712.7329126323,,13705.5589257674
SMAD4,XIRP2,2657.21826703672,392.503434701289,0.001,0.001,0.730754215038078,0.765441452773408,0.559450936874897,8.00108281051246e-07,0.501501334182317,1.59542602684357e-06,2601.01344485423,375.215368909156,15,6,0,165,186,1528.76831683748,4239.06859367081,155.984292847061,795.52290222716,,16918.3101051256,,2809.03815921416
SMAD4,ZFHX3,1763.6478174646,321.342685041239,0.001,0.001,0.854825663991769,0.905094292367404,0.773744902050521,3.57015718053036e-07,0.18050318501515,1.97789151489527e-06,1723.94670324904,310.6998057278,7,3,0,115,125,757.641560778379,3412.0412198891,79.9036213796346,833.508874035395,,23890.4755009681,,6383.7161324072
SMAD4,ZNF521,2645.64721299876,456.8526372798,0.001,0.001,0.779218957541958,0.769543810254207,0.599712969480071,7.00870988360608e-07,0.502601178248139,1.39448735636386e-06,2601.01344481499,437.194808266337,15,6,0,165,186,1522.15945546447,4220.40220995157,181.562580899391,925.914256163712,,21218.0827723525,,3340.28179343172
SMAD4,ZNF536,1247.58182830879,262.822738117866,32294.4195506058,0.001,0.832215747086575,0.989840920601916,0.0617164446105647,2.00254627727905,0.298281529235686,6.71361140735183,1723.94670324495,256.618557388627,5,3,2,115,125,447.33522610636,2681.92261952271,94.2378099457791,564.993891015458,4890.24635071325,143537.288515004,,8682.24819011079
SPHKAP,SPTA1,861.523977256482,258.610231065771,0.001,10951.2405196856,0.985463279416103,0.960095904922995,0.005312283773061,2.98169252797409,0.324797037328543,9.18017156960089,848.404460445108,408.808891373993,4,5,3,174,186,370.156187115303,1666.3256462769,92.732874553371,555.881485279894,,33423.3408892257,2452.43867108429,39251.7268417519
SPHKAP,SYNE1,878.858881656487,374.021053148951,0.001,6949.37438946078,0.978025433446392,0.881518845875651,0.0337570807299652,3.10654580837309,0.607213547109923,5.11606801784796,848.404460448929,462.234631722117,4,12,3,167,186,377.581567833448,1699.94627770294,200.252737372695,627.43272672864,,15230.0547025871,1545.99227330263,25081.9575330244
SPHKAP,SYNE2,538.373177952556,988.364739719473,0.001,0.001,0.915603108661793,0.959268739353267,0.916518494414882,1.21992135344862e-07,0.0817141227163571,1.49291372518697e-06,530.193702208639,974.626173995937,3,3,0,119,125,133.879658164308,1396.22019670065,245.777827694688,2563.30824257147,,26004.2730397784,,52295.8162047072
SPHKAP,TENM1,859.167968481624,208.531686384569,0.001,12993.3724512536,0.977691799027903,0.607653550951066,0.00222921449492982,3.2541179604062,0.289573975009709,11.2376050378736,848.404460448329,361.294397585677,4,4,3,175,186,369.147067965984,1661.76705095618,64.7351816630934,484.484112181131,,38481.4403494172,2845.28669621092,48254.6952854781
SPHKAP,TP53,545.432466282951,1358.30506220523,3222.36726178893,0.001,1,0.980935532506076,0.458989604246821,2.98126739559854,1.5508952601382,1.92228803080673,848.404460451239,1339.34191420864,4,37,3,142,186,169.295493330133,1267.60816543305,978.908403755356,1825.58916806834,793.707029970869,8536.52901230987,,11063.5610660635
SPHKAP,TTN,536.617261720279,441.038802055479,0.001,0.001,0.964761305747934,0.975832089372551,0.941449171191385,1.22753663791311e-07,0.0574304457357118,2.13743184853917e-06,530.193702208639,435.615072818908,3,2,0,120,125,133.44335139783,1391.65694638328,73.330634339705,1362.0914572802,,36251.6226946181,,42259.1235419571
SPHKAP,XIRP2,862.215229100548,253.81399480694,0.001,7857.40753871995,0.966488428679639,0.6181288180797,0.0435995403326799,2.012457574913,0.235063068945945,8.56135157231264,848.40446045172,375.215368910002,5,4,2,175,186,370.448406493651,1667.71951812708,78.7926866501397,589.684080260523,,29402.8640155757,1234.59024678515,29267.6295035057
SPHKAP,ZFHX3,541.353973268531,314.611402766231,0.001,0.001,0.939812184609232,0.963733146802027,0.905737149366727,2.15652447305842e-07,0.0821226012567566,2.6259816908576e-06,530.193702208639,310.699805727728,3,3,0,119,125,134.61775891605,1404.0184070295,78.2327848214911,815.981096342653,,18819.2801598135,,19527.344056566
SPHKAP,ZNF521,857.062624148896,295.256833438884,0.001,10215.3613735203,0.998236068038929,0.986242501754817,0.037931606738131,2.20210612920216,0.247554779491872,8.89542966499043,848.404460453114,437.194808267049,5,4,2,175,186,368.246609130011,1657.66461946972,91.6594407973408,685.947124600766,,47332.5377496197,1581.49356193069,39788.5818073123
SPHKAP,ZNF536,541.837010485847,259.885858102023,0.001,0.001,0.937348426609574,0.939466053224262,0.880618789432528,3.99664984985365e-07,0.133795369970631,2.98713613986114e-06,530.193702208639,256.618557388459,3,5,0,117,125,134.740354933865,1405.2164263304,93.1862398671338,558.664426378055,,17117.5661448799,,9403.26219597745
SPTA1,SYNE1,349.940010700461,384.883160888362,2243.59929359779,6440.7426643322,0.981154193407772,0.902250067049948,0.00405664342190393,4.32311165954886,0.700571648438839,6.17083444524557,408.808891377236,462.234631721623,4,11,4,167,186,130.502366527591,708.978002663713,202.041287960716,651.2564996118,,11144.3972515797,366.535872338691,24581.2156248898
SPTA1,SYNE2,373.737136422326,996.095409349521,0.001,0.001,0.8629423259203,0.937371299773099,0.863805062202655,2.66103425072828e-07,0.137237678865938,1.93899683579444e-06,367.60671840607,974.626174001204,5,3,0,117,125,134.007762366781,803.423390757325,247.697301571637,2583.41316420619,,10032.978606796,,31462.6510189869
SPTA1,TENM1,415.291096736758,262.242267414942,0.001,5968.32692494396,0.976896136381468,0.772855914096858,0.0716599406620554,2.20744599849155,0.335671793295249,6.57620343020581,408.808891376424,361.294397587417,6,5,2,173,186,189.763951930005,773.150070717168,94.0331694774703,563.707413980127,,12823.3256669616,936.468827768918,22156.750097686
SPTA1,TP53,457.715220648479,1221.62700343664,0.001,8298.06157474221,0.985250378351583,0.927662227058407,0.189901538052075,4.04919182711056,1.78201002196682,2.27226097339308,408.808891376143,1339.34191421179,4,36,4,142,186,209.102091250879,852.439683986184,864.162704308143,1666.76528447031,,2444.74422260889,2312.29279286185,26402.189811661
SPTA1,TTN,372.128142986615,444.014229157392,0.001,0.001,0.941334262628959,0.962934250728251,0.906453062231521,2.47334736320733e-07,0.0957305397362707,2.58365550849414e-06,367.606718407044,435.615072819865,5,2,0,118,125,133.43216311603,799.947733817781,73.825987217945,1371.31333695714,,14872.980594249,,24430.9337537342
SPTA1,XIRP2,415.901810714643,254.502273539554,0.001,6733.24690000886,0.952779995123238,0.552165917063115,0.055833188461224,2.05701083555812,0.271678029466784,7.57150233898327,408.80889137395,375.215368910423,6,4,2,174,186,190.039806298308,774.310303117996,79.00611111633,591.286463143628,,11319.0294240523,1069.17377761029,24055.3908515599
SPTA1,ZFHX3,376.216721733813,316.907782972449,0.001,0.001,0.891794503280869,0.943346285263332,0.841294908772921,4.21920716572877e-07,0.13710203502392,3.07742125417223e-06,367.606718407044,310.699805727835,5,3,0,117,125,134.891299413032,808.819875672653,78.8033089232379,821.956875685051,,7056.7795318223,,11267.8849569876
SPTA1,ZNF521,412.975125090645,295.936347965649,0.001,8807.09304692862,0.997215883780936,0.95948652764358,0.0480459999735209,2.26467220621301,0.284846325367968,7.95050525327114,408.808891374149,437.194808267049,6,4,2,174,186,188.710563396022,768.80971104991,91.8702792467878,687.526873453139,,20039.3655428985,1387.44390925532,32314.0231686732
SPTA1,ZNF536,375.973635514469,261.667441864208,0.001,0.001,0.894565469167837,0.908436376009196,0.812683816097009,7.78688026992908e-07,0.226419887366251,3.43913264886189e-06,367.606718406581,256.618557388459,5,5,0,115,125,134.812175253907,808.250083030403,93.8219516464912,562.491905113433,,6870.92101029202,,5609.91358736277
SYNE1,SYNE2,292.885670338339,771.358082329712,1754.82165906098,9179.26610847229,0.96642688812013,0.874363229410489,0.299967319849815,1.19594401979665,0.193088092444425,6.19377406786938,304.402957565907,974.626173992186,6,2,1,116,125,120.080704782683,578.536534158103,131.613642571727,2299.70782647231,,25417.0480914628,,60174.6673918916
SYNE1,TENM1,443.164631342947,143.003696211104,3665.47113760738,7758.30616143234,0.972338443979482,0.610881266602295,5.89785436210142e-05,5.63059560790706,0.63483209232204,8.86942496450031,462.234631719484,361.294397585743,10,2,5,169,186,246.561309640243,719.385399953437,24.3091499904428,424.413808897714,,39038.3685108126,2003.78670478972,20586.2152925613
SYNE1,TP53,514.736048709553,1172.95545728235,0.001,5985.05582744515,0.959988358170706,0.906555617833564,0.2168184162993,6.17887750931233,3.33790248239733,1.85112583183514,462.234631723803,1339.34191421384,9,34,6,137,186,296.053530341945,821.516825172301,820.923149003915,1614.20510446555,,1745.05534737303,2228.7887249213,13951.9034123133
SYNE1,TTN,307.136172328024,223.449613550297,0.001,8452.20901296818,0.959726897787192,0.611934927121894,0.194218849627582,1.15987536350805,0.137047130773336,8.46333197173158,304.402957565857,435.615072820712,6,1,1,117,125,131.94885709414,594.15365867226,12.7491095096365,984.054713602168,,28334.3160492007,462.460748980096,45089.46883518
SYNE1,XIRP2,467.159846631424,128.881351909669,0.001,7605.62093239321,0.945836770462957,0.298502194921343,0.000822030255482082,4.24709554186363,0.506544205795521,8.38445192595506,462.234631722741,375.215368909377,11,2,4,169,186,268.781547366277,745.21038485346,21.429451425882,398.000443873967,,15865.5134323328,2263.35416741135,19436.4707892129
SYNE1,ZFHX3,309.075333944639,211.488005693562,0.001,4499.08944040776,0.963667900138924,0.549625736875009,0.275757355626482,1.25611027827679,0.196151345729263,6.40378108856073,304.402957565895,310.699805727751,6,2,1,116,125,132.782353568704,597.89958031748,35.1636842050814,653.145399945942,,11166.6954078743,247.016638947601,23376.9029119798
SYNE1,ZNF521,404.746994960455,452.916209745887,5320.9927281711,0.001,0.891995177280003,0.987090488549625,0.156799207207095,2.28064736120573,0.539910417958487,4.22412179010978,462.23463172353,437.194808266503,13,4,2,167,186,222.621176614943,666.460392106173,180.001078930738,917.912349790748,826.924230685592,20829.2366718061,,8599.22848221611
SYNE1,ZNF536,311.445954628402,263.943373115227,0.001,0.001,0.854404975270507,0.870410781606789,0.743741131153003,1.18615337342705e-06,0.315293935247943,3.76205578611677e-06,304.402957565331,256.618557388459,7,5,0,113,125,133.798148526766,602.507833388363,94.637016762144,567.430112191348,,4032.87295407066,,3824.72991918899
SYNE2,TENM1,834.528207137093,105.575948075592,34199.0530152632,4798.31943844888,0.859910879570797,0.825138559122625,0.0758704866571217,1.15802190957721,0.0570451049152591,20.3001100847735,974.626174002036,145.321772494984,2,1,1,121,125,152.23649244606,2374.40705961909,6.84356366516206,403.7743020274,,763450.636659326,,51923.8496407948
SYNE2,TP53,1061.91445661201,863.266423256821,0.001,0.001,0.77491644552623,0.592699503199221,0.593292009231401,5.54618898793158e-07,0.462092041035006,1.20023469253205e-06,974.626173997767,849.973700931282,3,18,0,104,125,264.028332236607,2754.90698925497,523.078465240628,1326.68716231953,,7785.67261321564,,6878.50719949456
SYNE2,TTN,987.082699819051,443.039747118575,0.001,0.001,0.96299022660293,0.930384139157198,0.93131430245001,1.00641873037688e-07,0.0591388892673234,1.70178835423777e-06,974.626174001204,435.615072819788,3,2,0,120,125,245.456586559935,2560.02736308544,73.6620758420773,1368.32342616283,,64771.3692913514,,30307.3893146248
SYNE2,XIRP2,988.984375317073,183.073283099536,0.001,8926.07545372766,0.989734036631814,0.640261516453133,0.139371912105584,0.992041246488506,0.0778999230702578,12.7348167673258,974.626174004758,272.257282359722,2,2,1,120,125,245.925188809732,2564.85337179604,30.440560113241,565.350234063426,,91346.3898747385,470.629440754209,62398.8159746348
SYNE2,ZFHX3,989.823219884581,208.755128757874,0.001,10406.3815287719,0.991347788697641,0.616072633202971,0.140207216177099,1.04157711014978,0.0852569376165667,12.2169191067378,974.626173989286,310.699805727407,2,2,1,120,125,246.138479350128,2567.11361126005,34.7102536167305,644.685423663703,,86813.7471115207,533.880862897859,80007.4781757497
SYNE2,ZNF521,981.674190693312,207.794018166507,0.001,0.001,0.978853563866981,0.949910466403204,0.950860150824367,1.67711357440536e-07,0.0557592431617352,3.00777679055064e-06,974.626173988979,204.790406919121,3,2,0,120,125,244.118163193467,2545.85072002963,34.5508134283885,641.682201376199,,107931.160456594,,16225.2302775605
SYNE2,ZNF536,996.538830034944,260.545731208531,0.001,0.001,0.936095478709894,0.867602216801495,0.868469611733896,3.49680471937661e-07,0.137182517182329,2.54901629682813e-06,974.626173992123,256.618557388234,3,5,0,117,125,247.807130709873,2584.57277120743,93.4216888063643,560.095482695245,,30824.726581697,,7708.9723689887
TENM1,TP53,230.716745341254,1357.92856576195,1448.67137492731,0.001,0.896671911198159,0.96381512332647,0.405650567663701,3.17303605207806,1.57627476109329,2.01299680131734,361.294397587417,1339.34191422914,4,37,3,142,186,71.6112007441615,536.211058014827,978.619144916143,1825.03293516176,356.468819341527,3846.40245961726,,11035.1452522729
TENM1,TTN,147.296785128125,441.429539595795,0.001,0.001,0.973595328488312,0.974095046101422,0.94837877549662,1.99962618363129e-07,0.0426077543185318,4.69310390940172e-06,145.321772494984,435.615072819865,2,2,0,121,125,24.4908045871553,454.903723949952,73.3947633672548,1363.3368051702,,14172.4623132974,,43315.9979017764
TENM1,XIRP2,365.245470058763,126.11708342957,0.001,22804.8050306515,0.973880381015301,0.300437760827826,2.14081013998389e-05,4.08139232661119,0.238799747460693,17.0912757237443,361.2943975871,375.215368909529,3,2,4,177,186,156.926454988852,706.47115153523,20.9702364851269,389.44860655559,,28230.9913058667,6077.18254672919,86331.3470948153
TENM1,ZFHX3,142.923879250182,214.438233367781,341.847603625908,16083.7644463358,0.999618996004993,0.716394919589818,0.0982774082318409,0.963586040181,0.0592499990010149,16.2630558046844,145.321772494984,310.699805727407,1,2,1,121,125,20.3519014955696,450.803003896579,35.6821544207651,661.103446727229,,25376.3577632073,294.988927654887,263742.937898913
TENM1,ZNF521,260.457124801951,444.220206563402,9822.68430276622,0.001,0.608386354112462,0.976396225471851,0.0293430591383603,2.41825005995628,0.261180407053427,9.25892599386905,361.294397585424,437.194808267751,5,4,2,175,186,93.3949370851574,559.851760688924,176.55022380189,900.234405423437,1522.60594547805,38793.0329606464,,18103.4485642117
TENM1,ZNF536,148.571804294311,259.488261160041,0.001,0.001,0.95709623342136,0.946561955830216,0.9059607619482,5.27712514245687e-07,0.0952009712783192,5.54314212512522e-06,145.321772494984,256.618557388459,2,5,0,118,125,24.7028547938121,458.838202070951,93.0435187663756,557.812418704618,,6963.54341275743,,11682.0542565821
TP53,TTN,855.809808346335,235.443338503005,0.001,2895.83445270868,0.958471669354592,0.821894903454314,0.485537751103467,1.04451888565016,0.317852526737894,3.28617455513097,849.973700930476,435.615072819025,17,1,1,106,125,518.583162087019,1315.13624210635,13.4330038680981,1037.07732165618,,43166.9018080041,163.36335448915,13333.5264270251
TP53,XIRP2,1361.82702905866,281.391970266887,0.001,1116.92410081697,0.885998320519717,0.791929345511084,0.712431197698965,2.01798181598194,1.31473538486096,1.53489579668942,1339.34191423484,375.215368910407,38,4,2,142,186,981.404141003968,1830.40126151674,87.3399144395564,653.953912598122,,8168.2452273329,184.468889688908,3510.07493978202
TP53,ZFHX3,865.475738815633,337.45567637603,0.001,0.001,0.731953180472394,0.782883568839525,0.573221548728672,1.09524193250398e-06,0.465481998017179,2.35292006386799e-06,849.973700932741,310.699805726836,18,3,0,104,125,524.400283373979,1330.13685410213,83.900479684404,875.515235886294,,5856.15051148609,,2586.89785732564
TP53,ZNF521,1250.57080576666,487.304301207892,8810.51767737593,0.001,0.972406356445533,0.994684390459451,0.262594130121591,3.1229148900433,1.344191280997,2.32326673606082,1339.34191421137,437.194808266802,37,3,3,143,186,889.049537511287,1699.41927018854,193.63827153618,987.851182878928,1951.80255177006,34134.1286077291,,3354.30794325289
TP53,ZNF536,866.575298221416,221.477687973874,0.001,690.297321926596,0.994019490765403,0.98392775278951,0.939473630783649,1.04415405810136,0.767035376327983,1.36128539872571,849.973700926529,256.618557387573,17,4,1,103,125,525.081163006773,1331.77983140405,68.7426416371666,514.74275922366,,8926.33279681061,38.9958313529397,3159.46193342135
TTN,XIRP2,442.274238122323,182.373628132283,0.001,14430.2482015616,0.997334726324,0.656213483554511,0.0953804686822898,0.936106957434531,0.0534039826110747,17.5287855262017,435.61507281894,272.257282359762,1,2,1,121,125,73.536142984478,1365.90151725672,30.3241529891866,563.178845457407,,69471.9562674596,705.438334749976,224861.124173504
TTN,ZFHX3,446.505804387392,314.635556225762,0.001,0.001,0.952130866428688,0.963963611980653,0.91783020648856,1.74826275247363e-07,0.0615155495491766,2.84198510016729e-06,435.615072820712,310.699805729271,2,3,0,120,125,74.239628336731,1379.21165873264,78.2253018437711,815.931204902691,,20163.9216191042,,21966.2286634749
TTN,ZNF521,438.181040862585,207.449064216046,0.001,0.001,0.988511569544251,0.974627359458577,0.963431723361334,1.46822114196511e-07,0.0402246694577543,3.65005147775571e-06,435.615072820717,204.790406919133,2,2,0,121,125,72.8569389937364,1353.210251095,34.4932859426709,640.626098645736,,89316.6873125449,,20873.3115003238
TTN,ZNF536,445.420472506651,259.623963030095,0.001,0.001,0.95691261252013,0.9441400050361,0.903471384491574,3.12167301135327e-07,0.0976366513560905,3.1972348170445e-06,435.615072819788,256.618557388459,2,5,0,118,125,74.0581674484495,1375.67040522863,93.0916996942787,558.108322303252,,20962.4251923501,,11220.6874692899
XIRP2,ZFHX3,183.608269446931,314.99033453384,6906.36838452767,0.001,0.833550227548722,0.996602982935953,0.17861374598607,0.817992826769924,0.0782649528419149,10.4515852507081,272.257282360241,310.699805727181,2,2,1,120,125,30.5294548658596,567.018862128261,78.326239257822,816.959921392439,364.966151009037,48521.6370850878,,33000.0489335628
XIRP2,ZNF521,252.905733067953,445.13922661867,10139.7629477392,0.001,0.498573719096931,0.959071985700078,0.0275874532743219,2.10417023639128,0.202994512473192,10.3656508284635,375.215368908779,437.194808267292,4,4,2,176,186,78.5112422488087,587.566158878065,176.911091150582,902.135273801771,1574.28141837051,39874.607244842,,16080.455069585
XIRP2,ZNF536,278.204581485645,261.896822140849,0.001,0.001,0.938050287804541,0.904234029291292,0.84823661711763,5.03179237333964e-07,0.128546331970459,3.91438036092385e-06,272.257282359307,256.618557388459,3,5,0,117,125,69.1782407809478,721.49154933812,93.9033843442528,563.036093685299,,8853.89368340599,,5668.41424868371
ZFHX3,ZNF521,312.593767907391,208.77676964811,0.001,0.001,0.982285937668546,0.962306935446524,0.945263057730418,2.36130945894565e-07,0.0570852762458123,4.13645972172881e-06,310.699805728118,204.790406919972,3,2,0,120,125,77.7326863679618,810.712376375162,34.7136861234712,644.743540160697,,41551.3285981633,,12082.1833246351
ZFHX3,ZNF536,317.856701762408,261.68139254162,0.001,0.001,0.934882255841308,0.908011843234945,0.848909091436145,5.15885301357807e-07,0.139929337200935,3.6867558417504e-06,310.699805727525,256.618557388459,3,5,0,117,125,79.038357430171,824.429624234968,93.8262113061852,562.565938300939,,9688.38123299673,,5941.21789574433
ZNF521,ZNF536,209.343821721409,258.205381857397,0.001,0.001,0.957097209729983,0.97008800942147,0.928471808064301,4.2436893217708e-07,0.0941677577157261,4.50652051690735e-06,204.790406919447,256.618557388459,2,5,0,118,125,34.8083661106279,646.476352383654,92.5862379776505,555.02443372088,,9813.95286638175,,20139.0616234429
