variant_A,variant_B,ces_A0,ces_B0,ces_A_on_B,ces_B_on_A,p_A_change,p_B_change,p_epistasis,expected_nAB_epistasis,expected_nAB_null,AB_epistatic_ratio,ces_A_null,ces_B_null,nA0,nB0,nAB,n00,n_total,ci_low_95_ces_A0,ci_high_95_ces_A0,ci_low_95_ces_B0,ci_high_95_ces_B0,ci_low_95_ces_A_on_B,ci_high_95_ces_A_on_B,ci_low_95_ces_B_on_A,ci_high_95_ces_B_on_A
APC,ARID1A,282.933165566583,450.868871783256,0.001,2609.54902122538,0.926390078558776,0.752112687298126,0.429391847985603,2.38669296174453,0.918231503683271,2.59922792037832,274.614378288737,465.206457645925,13,52,2,863,930,162.811762215312,451.235815559561,339.149740003895,584.792263433288,,2373.6642257058,424.294896875845,8581.36856100509
APC,ARID1B,276.983905614998,261.979269054167,0.001,0.001,0.879626447309271,0.894541726259426,0.786867393744775,9.33446315225933e-07,0.24562146633863,3.80034501519922e-06,274.614378288847,259.891264914272,15,14,0,901,930,159.389856914354,441.739340374143,147.587536299832,424.152707844038,,4260.96833135992,,4603.05946875861
APC,ARID2,277.043551075618,314.062796500884,0.001,14302.9355635649,0.9759929256095,0.493470611390667,0.000333807380461156,4.59492201271632,0.322133845240244,14.2640150378781,274.614378287381,395.723262511885,11,15,4,900,930,159.425713536868,441.836969963536,180.727600599251,500.87101615129,,9273.79167002773,4241.84651005381,36895.311169094
APC,ATM,279.410352583781,445.668380062531,0.001,2048.74940846709,0.962555828423213,0.899444516527785,0.747420042545302,1.18031223020353,0.544424062512564,2.16800158456678,274.614378288408,457.220745010633,14,30,1,885,930,160.784472852675,445.609730441268,304.612431320595,624.729958925956,,3506.37526669029,115.50237487739,9456.06447068897
APC,BAP1,282.297338929129,585.12829658945,0.001,1598.1447904944,0.964066779927541,0.946218079341148,0.926231891271431,1.09092427718666,0.819100209919172,1.33185691320273,274.614378288375,592.996955517858,14,47,1,868,930,162.445562406128,450.221415554444,433.374785082105,768.756501417801,,2245.11316774053,90.1321655380153,7364.59597341727
APC,BRAF,279.903795290997,1732.76364227483,0.001,15451.932082265,0.961845539069287,0.761890138591961,0.245399732411489,2.30221438460163,0.592762786480583,3.88387131768274,274.614378288852,1825.88653420798,13,33,2,882,930,161.069396850016,446.398813408763,1206.77576017801,2393.09499898698,,3754.94527949459,2513.77329722156,50732.0467517
APC,BRCA2,277.239135110134,383.376850204815,0.001,19399.0554458077,0.954409556407973,0.282312220888859,0.000231707724538618,4.46155914461145,0.288080871188985,15.4871759662397,274.61437828834,498.591654501171,11,13,4,902,930,159.537224964292,442.148911888965,210.8992416379,631.14619494153,,7764.91481764463,5764.05285161101,49801.9078734553
APC,ERBB2,276.682089788529,421.657699069373,0.001,5506.22922867019,0.974700782208037,0.752994457229193,0.364019473371217,1.11112808508006,0.194029334276909,5.72659845080079,274.614378289003,460.470638183965,14,10,1,905,930,159.194408961242,441.197946264502,211.304929974311,739.652072662192,,8264.24235005659,310.529777725358,25437.5644475696
APC,ERBB3,266.850884426467,773.467402070405,0.001,20919.142847246,0.953944538263111,0.468402742625273,0.0410035927418689,2.23137164568151,0.217769992593587,10.2464605848879,264.22169662925,908.259667906261,11,11,2,811,835,146.794379494721,439.312942658784,401.625756869605,1324.70563525012,,7314.29752364571,3386.14372789317,69774.4274297708
APC,ERBB4,276.714582358816,142.509989749379,0.001,1378.10221112757,0.991679702649086,0.95896056194477,0.469751420446014,1.17188967280666,0.270944623274729,4.32519995651804,274.614378289716,151.584124952909,14,14,1,901,930,159.235235471068,441.309071057189,80.2839367605509,230.728064860052,,8322.16696530793,77.6393717801558,6379.42971434538
APC,FBXW7,277.105869155089,536.413613537364,0.001,5470.21030814604,0.96720492943545,0.788350884487725,0.439808784348623,1.15695367443201,0.254364966686165,4.54840023571115,274.61437828762,573.446403735463,14,13,1,902,930,159.463329290158,441.94397451774,295.090309295328,883.109421805475,,6591.93671381286,308.127372030534,25387.9171722408
APC,FGFR2,278.37202533984,785.218762660295,0.001,4319.51639161699,0.989468511931256,0.939841450198144,0.689098816786169,1.14021791744058,0.442396750590349,2.57736503696973,274.614378289003,810.870493143649,14,25,1,890,930,160.189040430697,443.954916946602,516.243118957431,1134.504774481,,4548.05221585102,243.616982502267,19901.8071038857
APC,GNAS,277.00817148987,383.694045926327,0.001,3651.04438296823,0.986743273629904,0.860316939069635,0.471441586915551,1.17261905364374,0.275231247512756,4.26048664256189,274.614378288788,408.168855163671,14,14,1,901,930,159.404281348876,441.776922453269,216.156041915767,621.214743491438,,7013.00791557979,205.344595884016,17017.5014655022
APC,IDH2,279.057724203647,5646.71741155777,0.001,0.000999999999976353,0.78680345542168,0.756066605054417,0.594889417606971,8.86714682625869e-07,0.456002687112025,1.94453828384575e-06,274.614378288542,5593.9076799812,15,30,0,885,930,160.583132802794,445.048028483936,3859.49051715563,7915.44619987516,,2238.69492751504,,39385.0996046228
APC,KMT2C,277.910564089296,270.512330689241,0.001,2002.43550895426,0.959136201308668,0.822157662415568,0.551835885698705,1.18994244109936,0.349901664217405,3.40079103013358,274.614378288413,282.750745038253,14,19,1,896,930,159.922822595866,443.219184578382,166.380876990634,411.029588572313,,4984.74440558389,112.880818833846,9246.20331366921
APC,KRAS,200.37327798798,8524.80705156084,1161.41233703433,1079.62361968033,1,1,0.227327114536454,4.37322298897759,2.00557679605411,2.18053130529917,274.614378287887,8476.28103637238,10,120,5,795,930,100.402625008519,351.443256525522,7114.01538941781,10110.8707103974,398.265821390987,2549.38435693034,,61088.6561388936
APC,MED12,277.833270919446,376.222753763423,0.001,0.001,0.840366802928833,0.869250619853773,0.730498964357008,9.20998409401335e-07,0.286305874321446,3.21683378514022e-06,274.614378289211,372.914615771789,15,16,0,899,930,159.877840532335,443.096950814556,220.670184352738,591.845751265104,,3132.70231484247,,5257.86936634649
APC,NF1,277.924438082359,297.907717406112,0.001,8355.08509674851,0.944526680420363,0.395562644519836,0.00810959148868732,3.22099906210948,0.322354631495593,9.99209797968584,274.614378287489,355.116014617016,12,15,3,900,930,159.929219771168,443.239722154164,171.430893267127,475.112840808763,,5940.18873356243,2004.13221498253,23693.2162474751
APC,NRAS,278.769060796899,4715.65156255628,0.001,0.001,0.798993483309317,0.812263362869441,0.649004418575135,8.82655744089897e-07,0.450499279454119,1.95928336480234e-06,274.614378288134,4680.4559132906,15,28,0,887,930,160.417066960241,444.587234014905,3177.56921795773,6684.51420046842,,2392.91214000632,,44362.357845316
APC,PBRM1,281.275445246589,800.492251787811,0.001,0.001,0.699177939503574,0.76420363493427,0.534338658809256,1.49405985805547e-06,0.595205525784819,2.51015790904402e-06,274.614378287843,793.894769817265,15,33,0,882,930,161.856499912556,448.590893554731,557.490238137692,1105.56665104825,,1505.73019211105,,5816.79577950803
APC,PIK3CA,281.639186766751,967.597897537018,0.001,7014.47873112478,0.920964988869495,0.681726052896224,0.317812698284225,2.39985639527961,0.755455932413605,3.17669938418818,274.614378288486,1008.20815974338,13,41,2,874,930,162.066536958389,449.171030943368,700.810584139464,1294.79425299601,,2735.84791900704,1139.60706730497,23125.9368384439
APC,POLE,277.050762123444,261.503011515229,0.001,5572.45813576296,0.971328465541704,0.650067650318805,0.0623115630150932,2.18973439924246,0.259055717369484,8.45275457140098,274.614378289147,299.668378359034,13,13,2,902,930,159.42804234041,441.845058824005,143.85393591266,430.504773833395,,7877.20889128501,905.400841678065,18363.0362174292
APC,PTPRT,276.41668422924,97.4065511118802,0.001,1170.40542458571,0.988939765202949,0.901804044762316,0.396172738441418,1.14659709681515,0.217086406708711,5.28175445988964,274.614378285902,105.480497371978,14,11,1,904,930,159.064165100705,440.833247171876,50.5787067467895,166.825969137434,,9434.09854735394,65.8827233253201,5437.20977623881
APC,RASA1,278.08075972273,360.215475351096,0.001,2487.30247862087,0.96327570153854,0.83834630979717,0.58225544998194,1.10215268063732,0.348727912610993,3.16049458841793,274.614378285902,377.226423278214,14,18,1,897,930,160.021546255718,443.495175605278,218.37307591954,553.176886796093,,4806.39383918198,140.011627740186,11568.9544612689
APC,ROS1,276.192284411019,201.006522845529,0.001,0.001,0.918021778012313,0.91567991734112,0.840616541336697,8.41674565898055e-07,0.192017641624108,4.38331894287978e-06,274.614378288542,199.397233908318,15,11,0,904,930,158.93485519668,440.474070452748,104.373101765599,344.257183163169,,6406.43515608892,,4463.76926423975
APC,SF3B1,277.906548485081,682.021545991683,0.001,16150.1835108271,0.970375099738363,0.585051617088966,0.0124470449238249,3.55463607241657,0.413300841525119,8.60060206821653,274.614378288999,779.739661432612,12,20,3,895,930,159.917983173328,443.202706320467,425.08771430878,1026.11439158401,,6459.40990536647,3870.15354027623,45896.9624694154
APC,SMAD4,278.609773220262,609.16592506507,0.001,12467.2357145545,0.962120147867683,0.513948671154943,0.0175389423109378,3.44139003703353,0.443184226239496,7.76514558343917,274.614378288815,684.617138429682,12,23,3,892,930,160.324879904613,444.334618897907,392.899918075763,893.14733482901,,5372.5808334321,2998.44200165313,35077.8167852564
APC,TP53,137.907556499517,648.834266400592,2040.75553221639,0.001,0.820594417719273,0.958261685553852,0.00167109870839536,8.52205645698136,2.31679081032135,3.67838840650413,274.614378288461,646.062753206653,7,131,8,784,930,59.2545184897864,266.723003899591,546.765540549254,762.908216980011,926.90585906956,3836.70891223474,,5699.97288564914
ARID1A,ARID1B,468.76849337574,229.562688572024,0.001,1244.47542051508,0.966975835186083,0.895006107457867,0.509667447784349,2.00533353069832,0.841949435795087,2.3817743031143,465.206457650369,259.891264913353,52,12,2,864,930,354.581264095494,605.188946251753,122.926580743813,385.027474060824,,4583.9855560807,205.808918773335,3896.88448413967
ARID1A,ARID2,452.30400187889,407.772454235057,1751.8587974527,0.001,0.948617544265918,0.981074527863647,0.704820649230723,2.08151987923322,1.14580170259683,1.81664931594681,465.206457642324,395.723262514417,52,17,2,859,930,340.227583833698,586.656657394518,250.799822409928,619.600729475959,286.548642688895,5657.53923638035,,2888.84231283789
ARID1A,ATM,455.549076662085,439.834554676726,1048.43080158527,1035.11835469372,1,1,0.349804766955035,4.03821415109204,1.88017394192571,2.14778753233651,465.206457647865,457.22074501238,50,27,4,849,930,341.609343606143,592.11610417748,295.99818986512,623.212431635329,,3948.3029428706,,3743.76991874796
ARID1A,BAP1,451.026700826111,611.146306295555,991.788584620955,0.001,0.9602966775202,0.963765867712069,0.95663135051601,3.07324169999096,2.86957620617184,1.07097406696539,465.206457642066,592.996955506664,51,45,3,831,930,338.277045093514,586.442946440394,454.126357647906,800.777367237346,244.576137052723,2619.6912650835,,1944.86950004405
ARID1A,BRAF,453.070578711072,1849.45470849007,1080.42054501252,1052.31735384601,1,1,0.830486308191399,2.99365961147997,2.10430554119138,1.42263542669049,465.20645763773,1825.88653426195,51,32,3,844,930,339.910246211896,588.891211716502,1294.116856258,2542.75762204546,74.6116840913591,3295.40812303798,,9486.00567032626
ARID1A,BRCA2,442.872190597355,513.579200682343,3049.91049373985,0.001,0.938838250256606,0.995870332409938,0.228312787726147,3.05151781069849,1.02179210723972,2.98643705414977,465.20645764363,498.59165449873,51,14,3,862,930,332.167240049477,575.819081114211,306.499532974279,797.89686483271,737.400673065161,8462.07082255489,,4727.85039114693
ARID1A,ERBB2,467.762237500869,388.214782356669,0.001,2804.74021848413,0.99237452928138,0.943689727774128,0.370468382905645,1.99933508631046,0.661924198369975,3.02048949295695,465.20645763721,460.470638186034,52,9,2,867,930,353.821553122192,603.886663494087,186.538674995854,699.854948254596,,6485.21677943889,463.819518166413,8783.92546969712
ARID1A,ERBB3,424.570812743347,717.409397351862,0.001,7875.82577180156,0.969003817838309,0.839278728414537,0.0953921236075713,2.99972609108945,0.711809301441149,4.2142271603028,421.546871090461,908.25966788549,41,10,3,781,835,311.145415677819,562.702467757634,359.469126666527,1258.32714252715,,5945.75307198793,1940.61491486285,20844.322304003
ARID1A,ERBB4,441.978254789063,156.097948681063,4057.15201927411,0.001,0.662765070028141,0.943532219606072,0.117620426112658,3.46320686567315,0.91202470072993,3.79727310335061,465.206457648508,151.584124952507,51,12,3,864,930,331.496008731798,574.651821453689,89.8254710988923,248.952629633088,975.010258721941,11443.6590099811,,1516.07145260578
ARID1A,FBXW7,469.01594780891,548.869570053374,0.001,1369.17645285688,0.969901093710033,0.960106429174112,0.953137395071115,1.02685858136348,0.853606168011915,1.20296527818569,465.206457650729,573.446403755249,53,13,1,863,930,354.759980457856,605.493809443559,301.928446106553,903.604784563547,,3619.09535575575,77.88217225474,6098.60563137889
ARID1A,FGFR2,463.062902187434,836.115004425366,615.03652041102,0.001,0.990605065831301,0.968858316146803,0.879188553687004,1.04467122804509,1.55247849229154,0.672905443284497,465.206457652947,810.870493100497,53,25,1,851,930,349.302928344888,599.200374853249,554.497695246264,1199.99203843254,34.8643904761614,2775.62422852883,,3494.64946725261
ARID1A,GNAS,442.439817504054,420.423174170658,3490.04170015205,0.001,0.944380853263277,0.98944847607584,0.171962402365228,3.07376510596145,0.917748245226426,3.34924650845079,465.206457652948,408.16885515922,51,12,3,864,930,331.840540248224,575.251490471237,241.927993722038,670.513847179172,841.324104317992,9763.3726139938,,4340.34918270161
ARID1A,IDH2,472.590185528748,5366.81770460751,0.001,13678.5919367107,0.95665899931329,0.938433526293739,0.915791398746515,2.05617973113589,1.67435468508011,1.22804310786607,465.206457637733,5593.90768060848,52,28,2,848,930,357.468332478765,610.127176832674,3616.03295167238,7607.11359149396,,2239.99976488365,2261.63843374198,42807.0427531133
ARID1A,KMT2C,470.128939602328,247.628844484885,0.001,1424.96041892058,0.968839818027447,0.918735345525008,0.33722680046708,3.02159503523019,1.21681242420812,2.4832052789045,465.206457643492,282.750745038591,51,17,3,859,930,355.609060325405,606.947721623785,147.77654081121,384.703340417568,,3749.11566106904,351.757025376235,3755.5756682603
ARID1A,KRAS,499.363784048189,7712.40801356928,0.001,36582.0431960557,0.741440559316354,0.401818187688027,0.0267936711830093,14.0213691806234,7.15449329524434,1.95979905242816,465.206457643821,8476.2810357784,40,111,14,765,930,377.689480425032,644.757925431949,6364.05849162738,9239.37166053861,,925.961065361139,20078.7570997446,61653.3212280157
ARID1A,MED12,460.64912230368,384.60823363326,969.892057849431,0.001,0.992638426500498,0.99284566186777,0.992047018803382,1.00645501096891,0.965248847874414,1.04268967861007,465.206457645218,372.914615772654,53,15,1,861,930,347.493469124652,596.088481235757,225.567736715448,605.002846449756,54.7755455281258,4462.14239516276,,2612.51280850594
ARID1A,NF1,469.30471771193,284.163160614884,0.001,2746.46945721002,0.970282868842506,0.779087783330141,0.0638068838574706,4.07745633211195,1.09011121743145,3.74040397613682,465.206457646461,355.116014616968,50,14,4,862,930,354.986476667153,605.880626853524,160.082302221536,460.080757539806,,4769.04076809584,844.588700304809,6502.37937371788
ARID1A,NRAS,472.47561665094,4822.40760103159,0.001,0.001,0.438484093590881,0.436197118434268,0.191317450984957,2.00011084972376e-06,1.62016378464125,1.23451151586298e-06,465.206457644519,4680.45591249058,54,28,0,848,930,357.382375301814,609.980448564632,3249.43981692573,6836.01743395054,,1099.43144576637,,11035.7814115588
ARID1A,PBRM1,474.091152512385,743.168276186105,0.001,2461.01523600459,0.935036463627094,0.861116124456011,0.707255339275677,3.08699847730249,2.00596099549176,1.53891251337403,465.206457644561,793.894769765306,51,30,3,846,930,358.595254532201,612.059623712412,507.902442148111,1041.73367365963,,2093.18557884123,607.36890487735,6488.04011251761
ARID1A,PIK3CA,413.559992857064,1036.91810691456,2730.70880741746,0.001,0.890727271155406,0.984389811539136,0.0457778986253034,7.1401691037303,2.62581905841945,2.71921596457151,465.206457644208,1008.20815975172,47,36,7,840,930,306.296045281391,543.358321749024,757.028166162588,1378.58625156081,1151.23416415292,5460.9967192706,,5244.00458347887
ARID1A,POLE,451.243410434719,308.904306000838,2296.55483704535,0.001,0.901753148478439,0.970702370908685,0.525346964087162,2.10474631780736,0.905781452454611,2.32368007989525,465.206457639534,299.668378362219,52,13,2,863,930,339.430702749537,585.278888681733,177.756258369026,492.655627227635,373.602196255809,7540.15515956311,,2692.60099328439
ARID1A,PTPRT,450.562232559234,108.704999875489,2856.14846436927,0.001,0.953982913032796,0.989922922113049,0.408814608980216,2.06627709435937,0.734308646524399,2.81390816264985,465.206457636946,105.480497370996,52,10,2,866,930,338.918013875398,584.392250367623,58.2096030559545,182.322700276196,462.059588322143,9555.35607899236,,1217.19782913116
ARID1A,RASA1,470.566550386035,368.414651951741,0.001,661.902995797937,0.949537420465409,0.96458451829525,0.941905466554652,1.02860950214539,1.1591416205985,0.88738898152435,465.206457643881,377.226423271377,53,18,1,858,930,355.939513134237,607.513792132975,223.345886162304,565.796272698877,,2551.85491828356,37.6464581168449,2948.64802370779
ARID1A,ROS1,467.937455672835,205.627692584729,0.001,0.001,0.732831688300671,0.713584424525846,0.522958376584956,2.41266254967466e-06,0.656156639215298,3.67696127034541e-06,465.206457646388,199.397233907837,54,11,0,865,930,353.954038252798,604.113051010641,106.771951475676,352.179807092148,,2963.22593620418,,1158.15680214995
ARID1A,SF3B1,471.488532667539,805.013393811102,0.001,0.001,0.490413864370428,0.482561988326019,0.236704703090422,2.52817302026642e-06,1.41464452207968,1.78714368225152e-06,465.206457641688,779.739661394323,54,23,0,853,930,356.636416619971,608.705086705189,519.206249252992,1180.3299724867,,1273.88140301328,,2096.37500740803
ARID1A,SMAD4,470.371050464046,599.528917278844,76.8639926538531,3483.26768766684,0.998193039113746,0.952851985595755,0.219485103573907,4.01615858376174,1.57115641247934,2.55617999065039,465.206457637841,684.617138415584,50,22,4,854,930,355.557370154688,607.561510284099,382.61308493369,886.104832315647,,3436.0548190012,1003.95299200144,8375.89240813526
ARID1A,TP53,427.956435954395,665.567230811644,921.787875727566,0.001,0.81266459424291,0.810036943751456,0.808877874398272,8.31220421212506,8.17437644751787,1.01686095147344,465.206457639262,646.062753220668,46,131,8,745,930,315.857410828212,563.908653800143,560.830741955877,782.638450241889,418.936456591696,1731.1934954805,,1003.12213235817
ARID1B,ARID2,262.64804323936,399.103465618324,0.001,0.001,0.863236815849745,0.851526623801872,0.735075986854789,9.55250979868365e-07,0.295029076893733,3.23781977670099e-06,259.891264913232,395.723262511328,14,19,0,897,930,147.964224324491,425.237002244062,245.471768051052,606.41681112791,,3472.00999123555,,4860.09495882326
ARID1B,ATM,245.34606823579,460.920227697015,1124.67376191096,0.001,0.920783334642645,0.973745984664273,0.761420529050929,1.05944060066711,0.493247000222889,2.14789061096847,259.89126491412,457.220744997835,13,30,1,886,930,134.964932091791,403.908561401348,317.112204359227,642.766799985487,63.8091045211929,5058.6056573781,,6203.14538232724
ARID1B,BAP1,248.01120729049,597.719863009156,688.630522526213,0.001,0.97795484214354,0.98404668978458,0.946201099780541,1.00228017062225,0.752469503975722,1.33198776206429,259.891264915123,592.996955512115,13,47,1,869,930,136.429937352352,408.299760799493,444.162851320653,783.161645116556,39.1560927587954,3071.15981555999,,5396.85814720094
ARID1B,BRAF,246.125783047809,1840.39105545512,946.137871085705,0.001,0.972583092083202,0.989003054636086,0.844600305827836,0.988727234773964,0.54463769293835,1.81538525077052,259.89126491492,1825.88653424825,13,34,1,882,930,135.393623044032,405.193252291131,1296.03175423291,2519.30167434352,53.7328375969109,4239.40552167884,,22724.6554616723
ARID1B,BRCA2,249.745862325648,493.106857274069,1266.09038138017,1163.64456528291,1,0.996359416473926,0.567392821783944,0.916981774031324,0.264209198494871,3.47066559096021,259.891264916492,498.591654522319,13,16,1,900,930,137.652453495916,410.23287267829,291.333803303504,770.699578357763,,7830.99037284649,,14240.9742267307
ARID1B,ERBB2,259.56839306944,383.261843899594,326.286299101364,11118.8093998596,1,0.859033589391749,0.0343833007676839,2.02270962660153,0.177392353006819,11.4024623514847,259.891264915104,460.470638183697,12,9,2,907,930,145.484842391349,421.328055686381,184.181854960197,690.767252298793,,14294.3391581497,1425.96448858291,38385.3088667006
ARID1B,ERBB3,229.161469436548,772.735398135012,0.001,23267.2290520402,0.999464704682568,0.775893133445202,0.0355631827983594,2.02774327064943,0.180175374715511,11.2542753073285,227.383183645974,908.259667845027,9,11,2,813,835,118.994231539226,392.484788349618,401.235521965622,1323.41421907377,,10910.6538196479,3740.72912029357,79197.1861527503
ARID1B,ERBB4,261.894385259454,152.879257786169,0.001,0.001,0.898567397852313,0.880703378910829,0.791375982723018,1.29098140643153e-06,0.243695186138845,5.29752526870183e-06,259.891264916043,151.584124954067,14,15,0,901,930,147.54000062508,424.015842005518,87.9741546829349,243.814675114109,,4799.4746267098,,2368.05210255105
ARID1B,FBXW7,252.826390489623,514.349294268182,1242.39828677185,9203.43497048379,0.988999068543869,0.853526618931477,0.0538687354432524,2.11484936149199,0.229570537007928,9.21219852101036,259.891264914934,573.446403728583,12,12,2,904,930,139.229302612592,414.485032457661,276.086598069881,860.191960404352,,11921.8612017991,,36287.6946320757
ARID1B,FGFR2,263.615239974443,817.669870269239,0.001,0.001,0.820134388821024,0.806112040925635,0.661131426263219,1.0543555065412e-06,0.407771545657488,2.58565247568015e-06,259.891264914272,810.870493145741,14,26,0,890,930,148.508720453729,426.803950625626,542.275441624945,1173.49078672803,,2566.05120999348,,7418.29726023958
ARID1B,GNAS,262.170587577366,383.890870507933,0.001,3490.22231800907,0.992482205696443,0.952822465195974,0.493809217802867,1.0205327503705,0.249267966231027,4.09411913532704,259.891264916492,408.168855159472,13,14,1,902,930,147.69546505109,424.463730853078,216.266432688081,621.534936802556,,7213.03030505238,196.02091030982,16370.0005871273
ARID1B,IDH2,264.148888956478,5633.11853411069,0.001,0.001,0.797145259843966,0.812469107060117,0.647666922147718,8.80083864392839e-07,0.430499777970288,2.04433058837392e-06,259.891264914311,5593.90768135329,14,30,0,886,930,148.809636893928,427.669298787832,3850.20263587819,7896.32481483122,,2240.89463580786,,53103.9838790311
ARID1B,KMT2C,246.333147219396,282.99071386845,1526.14457210376,256.964278753095,0.949501347898185,0.99998105319322,0.587553370234219,1.04834417435033,0.318395003204702,3.29258990812845,259.891264915204,282.750745037415,13,19,1,897,930,135.551444546764,405.360103804471,175.735733197637,426.683187251422,,7731.72548128191,,6613.59242483594
ARID1B,KRAS,281.306935071277,8398.38236405534,0.001,19238.0407315697,0.84373595895767,0.83277346868991,0.830937629984038,2.09670392191708,1.85487802015028,1.13037294050593,259.891264914151,8476.28103575545,12,123,2,793,930,158.467544308202,455.47967279226,6999.19588779677,9973.01584923771,,938.813006364309,3125.80572705157,63412.8844923545
ARID1B,MED12,257.750945922389,357.764043517128,500.63099091803,2401.32721428889,0.998242221219096,0.944363512784332,0.507053416052228,1.03572450955862,0.259414757829541,3.99254274592652,259.891264914536,372.914615770767,13,15,1,901,930,143.592763010495,419.878065119146,206.04783743077,569.954073471957,,7524.24578606969,,13613.0802374864
ARID1B,NF1,262.660391910694,337.711727592238,0.546926285643905,2684.42344114624,0.997039623182761,0.906012660078397,0.541842902352231,1.05614387517369,0.291100458296296,3.62810790939632,259.891264913653,355.116014617127,13,17,1,899,930,147.966363318308,425.253730926844,201.537539013309,524.639400854719,,5965.55291723771,150.263183949956,12518.0662555945
ARID1B,NRAS,263.754848289043,4541.39037097032,0.001,26236.3994736175,0.978576918083389,0.899066562098418,0.660804308183413,1.13199714290788,0.419112715482416,2.70093724454268,259.891264913873,4680.45591309844,13,27,1,889,930,148.586803297516,427.027929305045,3036.59573987317,6476.37478695397,,4187.24666281504,1478.25346969284,121395.494085032
ARID1B,PBRM1,265.389907215671,775.93359004152,0.001,3020.65075035488,0.974299818467728,0.937839372147124,0.823631500843504,0.996156717264047,0.536994589099682,1.85505913371341,259.891264915609,793.894769766581,13,32,1,884,930,149.507562926015,429.681064553651,537.179928985206,1076.73605453791,,2984.31723167708,169.556684163063,14197.2562887846
ARID1B,PIK3CA,247.342347588342,1016.60580708597,760.091656653986,0.001,0.908414900411287,0.975444802802869,0.909717074341182,1.00304145884845,0.683470789688842,1.46757033948019,259.891264914377,1008.20815975076,13,42,1,874,930,136.062406811581,407.198255809012,742.206277383221,1351.53186704341,43.2014422769438,3395.53940940801,,9727.31532908671
ARID1B,POLE,262.274641980781,281.925000532409,0.001,2530.45881098616,0.989421791804548,0.961719774051991,0.496714083353233,0.966974052738716,0.237123898802765,4.07792743633583,259.891264914432,299.668378362473,13,14,1,902,930,147.701984540171,424.482979310659,158.81034157145,456.407101140099,,7207.10808327845,142.658142036545,11744.3522694571
ARID1B,PTPRT,261.640732236664,106.398589646807,0.001,0.001,0.910775381774228,0.901588445938494,0.821148029559513,1.32646196723775e-06,0.196494017023391,6.75064812319371e-06,259.89126491412,105.480497370846,14,12,0,904,930,147.396922874732,423.60402578224,56.9750943458037,178.450953054289,,5510.32610313406,,2019.67497349109
ARID1B,RASA1,253.964823228935,348.755774325173,844.956726676735,4597.41011190495,0.992585321301873,0.85498166218801,0.0937915490266354,2.16185613703209,0.314340340620598,6.87743778849373,259.891264914387,377.226423279397,12,17,2,899,930,139.974076825609,416.131855876689,208.399675335856,540.951225207708,,8446.77058962384,,18037.2122541472
ARID1B,ROS1,261.420890959387,201.014583532601,0.001,0.001,0.921470103380695,0.915225813173216,0.843355697757379,7.82558058790754e-07,0.174495848896057,4.48468008689941e-06,259.891264914691,199.397233908442,14,11,0,905,930,147.273389796986,423.248475980318,104.377758874364,344.273168399497,,6321.53045783756,,4456.16541273343
ARID1B,SF3B1,263.383049983646,786.695208236342,0.001,0.001,0.830313784815081,0.816455931996352,0.677925494145308,9.72198735711607e-07,0.372280690005841,2.61146699737865e-06,259.891264915694,779.739661401714,14,23,0,893,930,148.377964045172,426.427800403274,507.400948629414,1153.4442866766,,2738.42370932407,,7615.94515398141
ARID1B,SMAD4,264.012151591709,690.807789683639,0.001,0.001,0.803124242862624,0.792829921420926,0.636754338733788,1.09745557652294e-06,0.405826957369453,2.70424513846143e-06,259.891264914202,684.617138421145,14,26,0,890,930,148.7320545751,427.447874243801,458.139265204097,991.428298364197,,2322.37104703493,,5821.78920333582
ARID1B,TP53,260.78294244849,651.4644755412,249.983095758576,0.001,0.999159946050498,0.922151237386606,0.644301617538527,1.06271146048905,2.13742305598119,0.497192849826919,259.891264914307,646.062753211406,13,138,1,778,930,143.409442241558,429.219833490368,548.961017926951,765.992132818826,14.2414636626291,1105.00120356096,,1941.26211609412
ARID2,ATM,391.43962760038,454.726813074089,646.283679132128,699.671711875645,0.999301891023528,1,0.912408859760846,1.02922937118236,0.659573018546618,1.56044795987909,395.72326250944,457.220745007689,18,30,1,881,930,237.997385285791,599.389536369087,311.295077045698,636.431028317239,,4960.16147677199,,5769.61446622593
ARID2,BAP1,390.177144435399,596.081167701038,601.051411364332,298.417150428711,0.998167608622513,0.998338348867811,0.99815305963288,1.0229255786571,1.00898071685721,1.01382074163254,395.723262514039,592.996955498088,18,47,1,864,930,236.708180902764,598.716929631062,442.279061155783,781.872228502801,,3341.70412677931,,4434.70339102228
ARID2,BRAF,403.525951846305,1791.88817233123,0.001,5099.94681587391,0.98991074428487,0.983203425485054,0.940554850560332,1.02502656735479,0.739898298185349,1.38536143395483,395.723262510649,1825.88653430614,18,34,1,877,930,248.190208702425,613.142766585034,1255.0502318437,2463.58074204609,,3654.88293137011,288.426872975,23232.2449313051
ARID2,BRCA2,399.196568264353,444.030407991373,0.001,6140.84818230456,0.989736951534927,0.892969658465766,0.13070845542134,2.07418924497074,0.358899861845821,5.77929797549432,395.723262512924,498.591654501976,17,15,2,896,930,245.529183730612,606.558299132478,255.517109829423,708.147585770203,,9651.26945157293,1004.24657367522,19842.3728121862
ARID2,ERBB2,398.416865312115,465.271806268391,0.001,0.001,0.879845347887529,0.892374250116819,0.785156313764843,5.52288065969533e-07,0.231686937788804,2.38376868044661e-06,395.723262514253,460.470638191997,19,11,0,900,930,245.047387132978,605.366528559964,241.599098523845,796.88166366015,,6140.54597744018,,7949.59683669441
ARID2,ERBB3,421.857888909164,847.306939814071,0.001,6525.06668975411,0.987905137700928,0.93159504912846,0.555816268251445,1.0163578354334,0.290231063920888,3.50189198117828,418.419365398107,908.259667905601,17,12,1,805,835,255.745533397049,647.83888901201,453.732593111852,1421.13995870816,,9664.45482833818,368.79443367268,29800.2350114179
ARID2,ERBB4,377.439034795458,153.043937199883,3034.9232347406,0.001,0.909946675823219,0.992042613213796,0.535008606138739,1.17702992868567,0.319424214552544,3.6848487843493,395.723262502104,151.584124952293,18,14,1,897,930,228.802104165569,579.581633404082,88.0663421577954,244.068988364628,170.985189573558,14035.2650674768,,3533.97329191378
ARID2,FBXW7,399.072930870423,579.835700965793,0.001,0.001,0.852726516850164,0.857086968528314,0.730868697338836,6.49137029077457e-07,0.298959762042267,2.17131905860188e-06,395.723262514577,573.446403755985,19,14,0,897,930,245.453868126644,606.372056255885,326.64945819862,938.773490265114,,4898.39345584449,,7318.4579770789
ARID2,FGFR2,401.420326521575,819.586283974933,0.001,0.001,0.763300178631086,0.75887049119613,0.579262440131955,1.04526442848245e-06,0.544723812784093,1.91888880924828e-06,395.723262510912,810.870493175226,19,26,0,885,930,246.896323389531,609.941120796932,543.545226359424,1176.24251667438,,2866.55469719014,,5761.59381573989
ARID2,GNAS,388.237903244292,398.919964174374,1302.99950088739,1292.65363742771,0.999658131392847,0.99939170411142,0.61482769341615,1.00000462938333,0.321117375721922,3.1141405136834,395.7232625146,408.168855157921,18,14,1,897,930,236.0766443684,594.428183035955,225.798796065516,642.845452033343,,10318.7971958628,,10522.5795291119
ARID2,IDH2,402.299082875434,5649.42826668042,0.001,0.001,0.732309412323661,0.745439547339127,0.54591077553456,8.14844664020174e-07,0.590889971219315,1.37901251283504e-06,395.723262512498,5593.90768135329,19,30,0,881,930,247.436276073722,611.27652872472,3861.3495844638,7919.23168844241,,2482.27769188495,,37311.0656165377
ARID2,KMT2C,400.37203129011,285.764164908567,0.001,0.001,0.80195500951359,0.810038626895799,0.649626769808675,1.31939371718001e-06,0.427033154896766,3.08967512721342e-06,395.723262496504,282.750745036367,19,20,0,891,930,246.251669114208,608.346197222403,178.109314534537,429.939922561711,,3515.91934576638,,2633.92514720701
ARID2,KRAS,426.388674993053,8281.54523596901,0.001,27384.9249579393,0.976712969865776,0.92747499716175,0.662243192442344,3.88189718321098,2.53397655501078,1.53193887115284,395.723262501074,8476.28103247173,15,121,4,790,930,262.239720949754,647.920216866886,6891.1601369619,9847.82256664103,,1513.16718341511,8242.77958191144,68037.8851397021
ARID2,MED12,378.19895561582,377.048251783804,2364.80629376836,0.001,0.947715975421383,0.988062113682426,0.637834379781473,0.985597817484566,0.338336820265014,2.91306697483462,395.723262512896,372.914615770664,18,15,1,896,930,229.265499595562,580.758908938733,221.163333109125,593.172199358024,133.458175327408,10884.3955684115,,7150.56927804597
ARID2,NF1,399.415163828436,298.656164719075,0.001,6173.12286529804,0.983373955642744,0.834692108170127,0.0187273345315301,2.98960680751371,0.383411425583601,7.79738580550424,395.723262513001,355.116014627227,16,15,3,896,930,245.663605344357,606.891233457996,171.860572122816,476.306048151822,,9934.72792865835,1493.66168153337,17083.4342356584
ARID2,NRAS,401.777303648209,4731.20607538002,0.001,0.001,0.750716048352417,0.741513532133981,0.556684992724557,8.03592298861608e-07,0.574786961172472,1.39806981220035e-06,395.723262513665,4680.45591338679,19,28,0,883,930,247.113344644833,610.477156653542,3188.00370054177,6706.54358911873,,2697.5110485005,,30770.563605231
ARID2,PBRM1,403.369446140654,752.766446935212,0.001,4916.03659513599,0.97953087848506,0.856540445665096,0.388724000721074,2.05634918747143,0.702723337761501,2.92625714412994,395.723262497235,793.89476976766,17,31,2,880,930,248.093385757804,612.904304994389,517.8963721749,1049.76794090518,,4455.48249911262,802.412516625594,15965.8498911041
ARID2,PIK3CA,319.491735556867,1017.09419899485,3665.18523145984,0.001,0.976633244920504,0.986962440097185,0.0379709665861835,4.07686797219159,0.9217959050652,4.42274472015931,395.723262513819,1008.20815977073,15,39,4,872,930,183.849823789229,509.538093404284,742.564501748876,1352.17883998533,1124.24463433332,8724.16975227058,,13229.8429662428
ARID2,POLE,389.924374345412,291.151792219093,1113.64595053381,1125.44818407839,0.996763109106858,1,0.607136841682648,1.00820570915498,0.317976919999209,3.17068832906956,395.723262512523,299.668378362261,18,14,1,897,930,237.392323919156,596.399129934322,164.544109955929,469.789565800378,,10398.7145524691,,7947.90383354985
ARID2,PTPRT,392.248334182255,100.231655897066,924.06427683069,599.677235433463,0.996511600210289,1,0.521531956300769,0.991209214519566,0.257316143216191,3.85210660369169,395.723262508599,105.480497370923,18,11,1,900,930,239.427174586826,598.79365791222,52.1464354258032,171.271465274151,,12651.0588964132,,3562.65028078095
ARID2,RASA1,400.111567058533,361.175583962648,0.001,1863.58750977628,0.990556196743898,0.967801768500429,0.722323978945094,0.979352945883316,0.40565629439337,2.41424318917045,395.723262512095,377.226423278352,18,18,1,893,930,246.091477494937,607.950242098678,218.960569153418,554.66888010302,,6449.31219873167,105.179820953547,8560.2860505026
ARID2,ROS1,397.995817113931,201.497709333783,0.001,0.001,0.897474927237375,0.891447358265675,0.800055419273162,8.80568080346414e-07,0.230464477098599,3.82084081430772e-06,395.72326250079,199.397233908076,19,11,0,900,930,244.791127969696,604.73143227199,104.62843832555,345.100653142691,,7273.17663063975,,3409.71093191358
ARID2,SF3B1,315.824661046931,786.686662571025,7301.89286171846,0.001,0.880999638419696,0.989843081509574,0.00371026742353992,4.07396055228233,0.495905892792057,8.21518883218963,395.723262504996,779.739661395825,15,19,4,892,930,181.740792413521,503.683668677477,507.396481468109,1153.4278982114,2211.9055897883,17871.229335688,,18727.5661469381
ARID2,SMAD4,388.422662567713,681.866000501777,885.176499282668,939.842427478536,1,0.999904357341055,0.863727143792296,0.979693961685127,0.551685998099866,1.77581806509395,395.723262510854,684.617138426354,18,25,1,886,930,235.88656787206,595.401387037554,449.672568092868,982.353033661323,,5826.56540864642,,9612.69187703205
ARID2,TP53,291.954811178314,651.298610425895,1700.37706482295,0.001,0.840234248839781,0.97298897199369,0.158702942430333,6.2236843215417,2.86984952961665,2.16864482172801,395.723262511784,646.062753209201,13,133,6,778,930,160.600847889176,480.671161032029,548.834726640097,765.808357293792,672.75922084179,3472.90761210269,,3188.16837497102
ATM,BAP1,469.644662858642,577.891961794368,0.001,1474.70224470725,0.977262114740869,0.971628867854713,0.93389176400634,2.06275634829468,1.66652613277636,1.23775817715994,457.220744995113,592.996955495645,29,46,2,853,930,323.105029522731,654.940669230558,426.553137060673,761.398317872918,,2302.52558562103,242.857404987262,4671.1879210938
ATM,BRAF,465.980636961635,1749.24476280649,0.001,6449.80018849773,0.984535303767276,0.944877142009796,0.740204510401076,2.11118304232593,1.21476683168195,1.73793273512648,457.22074499571,1825.8865342399,29,33,2,866,930,320.590710647645,649.829148223646,1218.22530066815,2415.85083363646,,3217.42658433642,1062.0046578535,20438.9438895352
ATM,BRCA2,462.093569517296,507.857056530442,0.001,0.001,0.722012094630201,0.732605422255297,0.528971980526197,1.26475831597507e-06,0.58890219765573,2.14765426417112e-06,457.220744998708,498.591654521724,31,17,0,882,930,317.921176707226,644.410261144624,303.071934077174,788.963401351404,,2759.01179778563,,3136.7440197938
ATM,ERBB2,460.6252869385,468.528533329317,0.001,0.001,0.796295307495282,0.826998964217511,0.658548827850499,8.65210327993153e-07,0.388686410221383,2.22598553805974e-06,457.22074499789,460.470638183171,31,11,0,888,930,316.909107831672,642.355861772324,243.283969488811,802.446581570015,,3998.98759903055,,4744.82626227114
ATM,ERBB3,446.948527296111,780.492680996468,0.001,8956.50190878758,0.941532289986123,0.660388314928172,0.17400867754833,2.10098814254268,0.442740531122428,4.74541632142034,442.996926332636,908.259667900965,25,11,2,797,835,298.848815065187,637.391190806535,405.271269291502,1336.74861378731,,6985.60594240235,1471.78455585261,28539.7042990561
ATM,ERBB4,460.781237716165,154.245798172656,0.001,0.001,0.788146023285146,0.771091914172616,0.607748753805316,2.41825402393309e-06,0.539559176988342,4.48190694750307e-06,457.220745011141,151.584124952224,31,15,0,884,930,317.017657691112,642.572622553174,88.7601368322332,245.995865500587,,3787.7590457283,,1141.43833364496
ATM,FBXW7,461.413894109259,583.60821419637,0.001,0.001,0.755520587965244,0.783128392019362,0.591689252666797,1.0153371712558e-06,0.504513391461794,2.01250787082961e-06,457.220744997835,573.446403743927,31,14,0,885,930,317.451765809778,643.457399800822,328.775466791388,944.892862957411,,3219.75597424816,,4593.62728991697
ATM,FGFR2,463.861292781052,825.238043709358,0.001,0.001,0.642144310392948,0.635534358136532,0.408136918838142,1.58525234072657e-06,0.901642376793033,1.75818304632597e-06,457.22074501237,810.870493154325,31,26,0,873,930,319.135572763234,646.875174054185,547.29050976557,1184.36381578636,,2017.82868565468,,3494.6178572761
ATM,GNAS,461.085961389769,387.176024987691,0.001,1681.22596344886,0.974886011119737,0.927479876086413,0.783818651810657,1.11116463342383,0.544934897221356,2.03907776706851,457.220745001636,408.168855157581,30,14,1,885,930,317.226532569674,642.997037689434,218.116167275539,626.858159724334,,5892.4073246478,95.3310133910202,7578.78651262537
ATM,IDH2,464.827340335119,5688.01316837716,0.001,0.001,0.602114212508934,0.608735503971018,0.366561595475671,1.16181230331268e-06,0.955394913345927,1.21605452057919e-06,457.22074501237,5593.90767877435,31,30,0,869,930,319.798572895067,648.220186357606,3887.70825461788,7973.41434595126,,1759.26502078799,,22006.0294166584
ATM,KMT2C,461.923343523317,244.334131031726,0.001,2516.46696311931,0.988664552566358,0.966181361314105,0.102258735390727,2.99229056357168,0.707774613306533,4.22774497320906,457.220745009686,282.750745037085,28,17,3,882,930,317.816200225682,644.19631959792,145.820003359638,379.603032366589,,6633.86693164392,616.050802399434,6764.54465052153
ATM,KRAS,493.964862152089,8263.35196565225,0.001,21142.1735782803,0.800226831966925,0.730564599855844,0.708696155155888,5.08184014324542,4.13102528593087,1.23016437603342,457.220744996429,8476.28103362026,26,120,5,779,930,339.822350352673,688.925193178265,6870.64583142793,9833.32609997038,,1048.60900750369,7423.62627327874,47336.8645678714
ATM,MED12,461.953857197062,379.455683043446,0.001,0.001,0.728728719926321,0.758277132801988,0.552603294266676,1.42135506229829e-06,0.570303698792248,2.49227747480569e-06,457.220745010105,372.914615771767,31,16,0,883,930,317.824574381029,644.216071444856,222.572342004644,596.954877925185,,2848.08645466907,,2636.49149905805
ATM,NF1,462.450028261347,340.998669288186,0.001,1188.32403111889,0.946307944231318,0.883976201480342,0.838616656473508,1.07045818930682,0.642637100848142,1.66572734112931,457.220745000343,355.116014618124,30,17,1,882,930,318.163454978846,644.903207439828,203.497799236982,529.752949996317,,4268.88237038494,67.4212555073607,5344.45932284864
ATM,NRAS,463.958296828665,4585.230814688,0.001,10599.613406256,0.987991605039788,0.985008006415568,0.979901210385341,1.05581977928303,0.931164470246731,1.13387034516391,457.220745006502,4680.45591349382,30,27,1,872,930,319.201223626999,647.006426462987,3065.88166169303,6538.97139446529,,3457.02628609793,601.470764476107,47645.4649884305
ATM,PBRM1,467.370344767668,808.637413395216,0.001,0.001,0.509610636354231,0.549325172913435,0.279995570914716,2.10650035597365e-06,1.18184298499389,1.78238597065798e-06,457.220745008544,793.894769805855,31,33,0,866,930,321.544552993542,651.774469433145,563.155531581262,1116.83760943845,,1325.89530547443,,2591.68581103051
ATM,PIK3CA,456.273906602712,996.591380469152,497.007329484525,1679.26045099228,0.908861306835919,0.992934608386299,0.910164101808695,2.07271697459624,1.52748555062093,1.35694702562239,457.220745002325,1008.20815977423,29,41,2,858,930,311.1006014355,640.341787071861,722.650585318207,1332.03470584772,,3079.37256079776,,7564.8036624312
ATM,POLE,458.832639909238,287.362321655251,262.729491870741,1008.88793520971,0.999426602454872,0.982226571615986,0.822145591675436,1.0248813499915,0.526226248888998,1.94760590554974,457.220745016738,299.668378360957,30,14,1,885,930,315.090136101806,640.66606955538,161.938820183376,465.053712934675,,6465.2645877896,,5098.10374898645
ATM,PTPRT,460.411771837403,107.295083545043,0.001,0.001,0.807664982532297,0.815559788346909,0.658711163960832,2.57564139079063e-06,0.433534753276148,5.94102634523979e-06,457.220745015712,105.480497371386,31,12,0,887,930,316.763246218245,642.055693170436,57.4549093639953,179.955482446643,,4231.71345074096,,1012.89952023188
ATM,RASA1,462.940530372118,384.021698528004,0.000999999999997669,0.001,0.682868445456721,0.714296779421751,0.487802001262549,1.71008876370757e-06,0.688705608301901,2.483047535977e-06,457.220744995851,377.226423275456,31,19,0,880,930,318.498135320373,645.584193726792,236.192362602514,583.515502973668,,2352.99105058267,,2195.60576736809
ATM,ROS1,459.892668414221,203.056428546868,0.001,0.001,0.836287518055638,0.819218245366324,0.685111738250652,1.4130973358254e-06,0.385288060171544,3.66763853309195e-06,457.220744997835,199.397233907562,31,11,0,888,930,316.406399539975,641.330763643638,105.437321260029,347.773579104411,,5082.74153160962,,1959.7738733761
ATM,SF3B1,463.332686623555,793.826616629519,0.001,0.001,0.665163158324397,0.664387266166673,0.441956372358097,1.47815396123402e-06,0.828658157425851,1.78379220428575e-06,457.220745010572,779.739661395897,31,23,0,876,930,318.770833637578,646.13386951217,511.996945237227,1163.90976713009,,2193.06052792222,,3729.87384741484
ATM,SMAD4,463.969531377012,642.534166299528,0.001,3139.70343460802,0.976181514644456,0.909265318008315,0.558620371070946,2.03760055801561,0.907367739897564,2.24561714993927,457.220745012015,684.617138412559,29,24,2,875,930,319.208766138018,647.024968661163,418.537061291884,934.994916862519,,4113.35109345042,516.955941678518,9949.33085549562
ATM,TP53,381.665600006665,655.937437282832,1407.05254658042,0.001,0.791262720322858,0.900530691900698,0.425720869184945,7.37457567943083,4.73577489834719,1.55720570291561,457.220745014803,646.062753209565,24,132,7,767,930,248.59762432357,555.426206528327,552.736623258123,771.283149320761,601.480461882574,2744.72449621894,,1813.30493387417
BAP1,BRAF,605.033185585082,1821.88581951185,0.001,1971.42563193799,0.973179103454204,0.998214066653851,0.768518652137903,1.0228566930607,1.85487512101099,0.5514423485842,592.996955517497,1825.88653424357,47,34,1,848,930,449.58559311287,792.748326116865,1276.06283877663,2504.92240869525,,2120.85016347901,112.121727508731,8788.80964677412
BAP1,BRCA2,599.330270752692,512.221005428555,0.001,0.001,0.604758122890516,0.633804490510453,0.383333460268389,1.71203689178223e-06,0.899615522556898,1.90307620183816e-06,592.996955518772,498.591654521626,48,17,0,865,930,445.357895822738,785.275896785282,305.677839214051,795.754465361967,,2311.50165909556,,2139.56137040412
BAP1,ERBB2,596.925364130967,430.323393210307,0.001,1534.76979013776,0.967812121398018,0.936652811954817,0.858361554325214,0.990185590824593,0.592088270282315,1.67236143751414,592.996955501055,460.470638182563,47,10,1,872,930,443.572424990717,782.119241121993,215.620767045115,754.780954441014,,6439.55857221252,87.2662340307402,6845.4651974792
BAP1,ERBB3,583.115829782513,860.706286766256,0.001,2695.14039279984,0.94522011663463,0.906721947114996,0.877412447312537,1.01011838463259,0.677892991047443,1.49008530545773,577.867062982166,908.259667890735,41,12,1,781,835,424.069943973631,777.746275800483,460.869922951714,1443.53112615349,,5091.44204610768,153.183803628242,12040.9822700884
BAP1,ERBB4,584.876211032912,155.734381506148,1661.10914659004,0.001,0.945666796978123,0.971780275156323,0.920733035156713,1.1262898784604,0.815571586757355,1.38098224208428,592.996955522169,151.584124952424,47,14,1,868,930,433.178985334118,768.406266441115,89.6054138889942,248.341704153702,93.6053135954546,7663.35617763764,,1272.31869282002
BAP1,FBXW7,598.272630917622,589.762228564819,0.001,0.001,0.65765359079978,0.676601165669504,0.445002694140631,1.34935873482038e-06,0.762837036096142,1.76886893395448e-06,592.996955511231,573.446403764114,48,14,0,868,930,444.573099409679,783.887593271381,332.240394949519,954.869088610415,,2782.84263269322,,2876.67299699719
BAP1,FGFR2,550.363865638342,831.811193648431,3830.85380787683,0.001,0.879942879728062,0.973071701398574,0.137230056346927,4.12235656999404,1.37949125281268,2.98831657075668,592.996955486722,810.870493144009,44,22,4,860,930,403.340371906165,729.432778380271,551.638331768563,1193.7910365804,1163.08046297968,9311.42016851505,,6238.75496623598
BAP1,GNAS,598.176063858045,391.937389728281,0.001,968.287327834848,0.995172277286875,0.993742811164475,0.979433459618321,0.983609854647271,0.824424860512394,1.19308611586014,592.996955518943,408.168855164788,47,14,1,868,930,444.501354498844,783.759364574139,220.796342095059,634.575503308533,,4930.16551805507,55.0423298291819,4322.96298537934
BAP1,IDH2,602.404651271626,5351.97001548566,0.001,15100.9065287367,0.974803127100419,0.95712408999249,0.890794878936912,2.02234472697553,1.4976864203404,1.35031252170657,592.996955520484,5593.90768076023,46,28,2,854,930,447.642080042275,789.309467973007,3606.29651894077,7586.59846348879,,3244.2260565281,2495.83218037724,47367.565758937
BAP1,KMT2C,598.627126936616,231.977196433086,0.001,2215.25927310027,0.98808860598985,0.961243930683653,0.0653138580413376,4.0491828022999,1.07438311706593,3.76884440753122,592.996955496943,282.750745036272,44,16,4,866,930,444.82290590401,784.327177796657,136.075470745829,364.964874600074,,6563.70873377053,680.352177642713,5261.26509654289
BAP1,KRAS,642.680709942184,8659.19307640993,0.001,2367.34647804669,0.218508034404963,0.270180673680076,0.0125678665452973,0.985731746115661,6.40020855511282,0.154015566465909,592.99695551998,8476.28103812002,47,124,1,758,930,477.522470071206,842.178178790597,7221.66214275161,10276.4030581692,,540.324565298038,134.62687038552,10549.5159061117
BAP1,MED12,599.058307109047,383.979791454281,0.001,0.001,0.618217949855208,0.628292183216801,0.388464596248519,1.95269571697529e-06,0.86739513349396,2.25121820675847e-06,592.996955512444,372.914615762127,48,16,0,866,930,445.15564312019,784.918911840175,225.216211381718,604.061495888882,,2420.43083843598,,1572.72951569379
BAP1,NF1,598.735200534733,303.574333221759,0.001,2281.1485244384,0.973257533363364,0.808284756368551,0.202004183864198,3.05490637957096,0.975121028241372,3.13284842711317,592.996955511151,355.11601462862,45,15,3,867,930,444.868334892516,784.407640815468,174.704845662661,484.199864278311,,5860.47189499429,562.183329013939,6034.25320429228
BAP1,NRAS,601.761351930602,4456.06028995932,0.001,13444.5102952601,0.979172343707604,0.959128572331787,0.861505604392999,2.07692030803613,1.44897339690574,1.43337366474178,592.996955492976,4680.45591221757,46,26,2,856,930,447.162816801807,788.461955420092,2955.18639940031,6395.33594396447,,3477.59854980643,2221.40586012267,42201.5503682905
BAP1,PBRM1,604.694920975974,740.82462191252,0.001,2738.71426014172,0.926021022507102,0.818522261574385,0.614583112144578,3.05042034654099,1.7917128907075,1.70251626940991,592.996955508322,793.894769799243,45,30,3,852,930,449.338272299912,792.314188578463,506.335969755145,1038.51767946542,,2871.74874501735,674.886500783424,7246.82206959352
BAP1,PIK3CA,563.7783996942,995.350066661132,1834.10846164758,1493.60690892292,1,1,0.258685147075381,5.01859925650469,2.31544868663886,2.16744136264569,592.996955513512,1008.20815975971,43,38,5,844,930,412.305946188858,748.157013880382,718.256031592555,1334.54018072758,123.646077763609,5025.89768175611,,6857.87956388133
BAP1,POLE,598.13468106825,287.443534748699,0.001,741.10426828776,0.978715475298518,0.972128219185035,0.956505977752327,0.999116918748168,0.802744845881591,1.24462576605013,592.99695551105,299.668378353131,47,14,1,868,930,444.472063349397,783.708095540891,161.9308539145,465.388483017492,,4931.11940146891,42.1422141504985,3304.43771635147
BAP1,PTPRT,591.030980661215,103.658491449493,876.907986450998,170.058519504058,0.997741585122224,1,0.917739807576027,0.99822481807506,0.65606592211567,1.52153127365007,592.996955488825,105.48049737167,47,11,1,871,930,438.115508204396,775.852051790858,54.1296907193422,176.516688381708,,7628.27744510793,,1273.93559985529
BAP1,RASA1,598.459761444505,347.840253323872,71.9773462976815,1437.61933511289,0.996126201251848,0.959234139252661,0.664785315865495,2.02481346730892,1.04168615811909,1.94378455691971,592.996955516439,377.226423281261,46,17,2,865,930,444.523501894361,784.356304173148,207.578923385459,540.363823916381,,5015.26361066626,202.59019575182,4608.2796904921
BAP1,ROS1,583.814377321329,204.858496578097,2224.3489418856,0.001,0.949488559372877,0.98014455251891,0.834225348304756,1.06672900016703,0.587095206972189,1.81696083956884,592.996955484197,199.397233907411,47,10,1,872,930,432.400513314195,767.023560080596,106.373676333319,350.864897011588,124.814057559774,10479.1029411732,,2275.89754425426
BAP1,SF3B1,594.402666167459,784.501219033625,486.619485815088,611.092319197772,1,0.999684314769991,0.973727290972065,1.01056025765897,1.25114708634491,0.807706998392338,592.996955511303,779.739661411046,47,22,1,860,930,440.555901407434,780.38058798347,501.869488531837,1156.74659584374,,3802.48371731508,,4894.12711413779
BAP1,SMAD4,602.076198726061,676.470197833871,0.001,977.627178956612,0.974833143985171,0.989419367382419,0.915510528406253,0.999773633402525,1.3794887761565,0.724742129608383,592.99695552127,684.617138430177,47,25,1,857,930,447.396177837239,788.878852602871,444.738337402404,977.412365960964,,2798.45698910203,55.5900525794505,4359.52269697314
BAP1,TP53,602.103076160683,665.010554915626,484.891507897482,0.001,0.932698156352179,0.763330059140755,0.150495634468578,3.12452432081314,7.27678066674602,0.429382781192214,592.996955492281,646.062753217567,45,136,3,746,930,442.767816761026,795.57981482983,560.356317655706,781.974736751536,120.236447488752,1264.39254568811,,767.651687961928
BRAF,BRCA2,1843.31697109048,478.502170338325,0.001,1509.28750319881,0.991069974555368,0.983649896728334,0.914847630329975,0.996394823263667,0.658391664786953,1.5133770315669,1825.88653428978,498.591654521503,34,16,1,879,930,1298.08905511326,2523.30870631254,280.662275633134,752.745675002061,,18956.9736514096,85.7212757883288,6760.70600882917
BRAF,ERBB2,1837.77282674538,469.916955913015,0.001,0.001,0.798732754864794,0.800494496948918,0.639395212975883,5.92079883297673e-07,0.427593098109915,1.3846806366025e-06,1825.88653420611,460.470638187977,35,11,0,884,930,1294.18937700164,2515.71116720561,244.004529792984,804.826336122273,,16117.0599231944,,4049.01592092759
BRAF,ERBB3,1818.10920649069,854.707056182009,0.001,3635.13917082544,0.983692388775811,0.956609827436802,0.801516906486604,0.996543032022718,0.500322179795853,1.991802626918,1803.10920416199,908.259667824313,30,12,1,792,835,1250.84965339073,2535.41467066206,457.680471132103,1433.52494166237,,24130.3410825655,206.315495926075,16327.6842419062
BRAF,ERBB4,1839.98372621951,154.669746230611,0.001,0.001,0.766224983034368,0.740034908924101,0.567050755580314,2.14178340515693e-06,0.588453727065898,3.63968024441976e-06,1825.8865342247,151.584124952111,35,15,0,880,930,1295.7469224041,2518.73911358311,89.0039752752306,246.6723380912,,13486.7070267568,,984.813229653204
BRAF,FBXW7,1826.14682947452,511.254532868958,1826.4551142952,3745.04747238981,1,0.949284303137147,0.287591492389307,1.9932983884657,0.550994519538826,3.6176374134067,1825.88653426534,573.446403731722,33,12,2,883,930,1282.45795915186,2504.33740403023,273.927109047283,856.758315940383,,31799.0566576318,200.489102803179,12925.2648825867
BRAF,FGFR2,1797.99542042758,826.946986281422,3831.36474371833,0.001,0.969386372232849,0.970759501625035,0.969346289647758,1.05631347742464,1.00387404918077,1.05223705930706,1825.88653424354,810.870493160554,34,25,1,870,930,1259.32517474126,2471.98886078771,548.422723284743,1186.81812698786,217.196596842956,17288.7151490342,,5401.35848499996
BRAF,GNAS,1841.4313130915,416.881980973933,0.001,0.001,0.745673757950449,0.72958955439411,0.544057356367584,9.08449847892645e-07,0.593576682492285,1.53046754478003e-06,1825.88653426428,408.168855169694,35,15,0,880,930,1296.76070939357,2520.71608053035,239.891284283517,664.859918619488,,12225.5744551418,,2533.55300370272
BRAF,IDH2,1856.55524266967,5700.86487666779,0.001,0.001,0.561361660475881,0.569198051055013,0.319564650130042,4.09036516375687e-07,1.09285391499181,3.74282885172949e-07,1825.88653416417,5593.9076811406,35,30,0,865,930,1307.40486646451,2541.45234278403,3896.48110880246,7991.43020064655,,6170.74509523665,,19373.0836770654
BRAF,KMT2C,1793.03103080571,288.391195110076,4791.2627733423,0.001,0.984663717120393,0.990266882788171,0.956388146726694,1.02230866188353,0.783412475162287,1.30494304634574,1825.88653422206,282.750745037482,34,19,1,876,930,1255.86047768391,2465.1760291326,179.74034768321,433.884176315221,271.015472455357,21796.5673649303,,2459.51838465682
BRAF,KRAS,1971.57484831217,8510.95033609807,0.001,6822.43586371784,0.810921545277735,0.950706067766333,0.275278845979597,2.00079308927552,4.65072380331879,0.430211118503262,1825.88653420772,8476.28103492291,33,123,2,772,930,1388.30034151114,2699.14345635943,7092.77197794016,10107.0032268882,,2865.68925100483,1125.29110926072,21517.0205156118
BRAF,MED12,1842.78128443071,380.677117735215,0.001,0.001,0.726881123102598,0.720603347731602,0.5238189261357,1.02984928906013e-06,0.624440426834618,1.64923545113918e-06,1825.88653421043,372.914615760114,35,16,0,879,930,1297.71370806285,2522.57678868223,223.281088242785,598.859186386433,,11246.8318864477,,2226.16208814681
BRAF,NF1,1834.39375347866,345.737076303844,976.85251700534,824.345997855761,0.99979758014075,0.999350619323983,0.942552292307672,1.00187816918029,0.705788109776139,1.41951692767687,1825.88653430614,355.116014625049,34,17,1,878,930,1289.2795488653,2514.45173943704,206.412641465513,536.835610853188,,19301.2251351102,,4329.27913416307
BRAF,NRAS,1853.39206445732,4597.17723571183,0.001,9120.43012908219,0.990258994654698,0.990772288494018,0.990039240839043,1.03003637141146,1.05121537427505,0.979852841404465,1825.88653427216,4680.45591248437,34,27,1,868,930,1305.17988448135,2537.11737524282,3073.86368840503,6556.02348053051,,12025.0235359267,518.000021466059,40854.4546148659
BRAF,PBRM1,1862.12990850316,785.484552349557,0.001,1205.26832694155,0.975574483437921,0.987517701860713,0.936479134764146,0.993630975825754,1.2937012519172,0.76805288265219,1825.8865341755,793.894769763242,34,32,1,863,930,1311.30425081665,2549.06055224706,543.797377088454,1090.02596549416,,9116.84376298247,68.4480107779433,5402.78512813157
BRAF,PIK3CA,1762.54857018412,1028.29781689848,4448.23857280061,0.001,0.928255805849519,0.967921655012687,0.929586422530797,2.06755108605574,1.69401129902093,1.22050607764582,1825.88653428466,1008.20815975979,33,41,2,854,930,1227.49619739394,2434.28439547326,750.731433405494,1367.0932563074,734.61529629338,13981.960360913,,4927.05925534214
BRAF,POLE,1733.28128143092,305.499927177119,14759.1800551261,0.001,0.815977662036431,0.968611418186173,0.265469615957946,2.18629503789881,0.585383203282415,3.73480999393153,1825.88653421085,299.668378362316,33,13,2,882,930,1207.13433013975,2393.80924971041,175.798720150494,487.221917237145,2400.11147986205,48511.8823618665,,4118.85060567778
BRAF,PTPRT,1838.39022822625,107.671338802398,0.001,0.000999999999976353,0.789479164422861,0.782080073429391,0.617450255176022,2.42038474537049e-06,0.474579044567962,5.10006662340919e-06,1825.8865343297,105.480497370821,35,12,0,883,930,1294.62532511649,2516.556533386,57.6562670181951,180.586993680882,,15255.6916121477,,839.75804923626
BRAF,RASA1,1847.23586359285,385.118713471393,0.001,0.001,0.668548636795579,0.676568528826727,0.4523507100961,1.22580008796429e-06,0.748122165322202,1.63850256653787e-06,1825.88653422426,377.22642326587,35,19,0,876,930,1300.84522756816,2528.68077149713,236.866607830548,585.182902715393,,8883.18343253406,,1888.68644444109
BRAF,ROS1,1782.93232178038,203.213781071141,9645.84208157529,0.001,0.953527138365058,0.99434984350664,0.698705172284089,1.0721236009407,0.423636191131258,2.53076489541121,1825.88653428511,199.397233908219,34,10,1,885,930,1248.78496910495,2451.24944338486,105.519241345086,348.041978524513,541.345255549978,45387.4584540311,,3266.38458483889
BRAF,SF3B1,1742.23049065337,795.154974885196,8623.13172229703,0.001,0.916977550186509,0.974255848915489,0.546494054185334,2.08385406047434,0.912760382078157,2.28302422124178,1825.88653423741,779.739661421388,33,21,2,874,930,1213.36177884459,2406.18886287779,512.853741985441,1165.85911181918,1414.99055774166,27589.9497488699,,7070.59303962089
BRAF,SMAD4,1799.00376043929,698.337566001342,3688.70911502835,0.001,0.982525252148846,0.98242718243273,0.982320926708408,1.02814244994751,1.01369607712916,1.01425118745578,1825.8865341755,684.617138418522,34,25,1,870,930,1260.02839986655,2473.37613969192,463.129012182306,1002.24444701067,209.106635877591,16644.8558853193,,4545.41734307369
BRAF,TP53,1576.62328182537,657.607426497469,4906.67905741578,0.001,0.850880815907644,0.92661029706838,0.626464903085096,7.22491464336457,5.28842220999208,1.36617583779783,1825.88653398541,646.062753202723,28,132,7,763,930,1062.26635991801,2234.97223506943,554.138569575351,773.246640822248,2097.6971020527,9567.45996931701,,1602.53650573716
BRCA2,ERBB2,487.970884778707,442.056596433139,2249.81793639803,2378.66448612168,0.994246729613033,0.989737848031321,0.453249355651355,0.958588666715522,0.208415381740139,4.5994142021184,498.591654500596,460.470638185779,16,10,1,903,930,287.47279829479,764.367452230762,222.885547081919,770.394850904933,,19508.9220003551,,17731.8390830533
BRCA2,ERBB3,470.681859860736,898.017987627007,2862.07224165306,1968.47772416729,0.998346329550543,1,0.525455563140815,0.923477754864551,0.241242657951155,3.8280035658185,490.709485962785,908.259667905601,14,12,1,808,835,265.487127726661,760.954602260389,487.216095779315,1489.65163254631,,17018.4200673464,,27264.5505171969
BRCA2,ERBB4,472.559304710427,153.145676386936,4120.89394486572,0.001,0.809097437922207,0.966945995616275,0.493500678583735,1.14081590151783,0.286721185467871,3.97883365212879,498.591654501965,151.584124952671,16,14,1,899,930,277.176040602211,743.380460800024,88.1290746755839,244.244702159936,232.238355707674,19027.9657269992,,3195.15632284254
BRCA2,FBXW7,472.945033931876,579.80912499365,3696.1587965649,0.001,0.888237991125869,0.978804088952505,0.54235906094948,0.962886229933806,0.26813620035719,3.59103406645997,498.591654517041,573.446403739938,16,13,1,900,930,277.403793289178,743.993410902741,326.636036443875,938.739499645432,208.295085532114,17089.6187231369,,12437.915877317
BRCA2,FGFR2,505.769296159685,818.867783270227,0.001,0.001,0.785267607178453,0.776222847074739,0.609557099793254,8.05706588303048e-07,0.487819981961467,1.65164736602916e-06,498.591654520129,810.87049314425,17,26,0,887,930,301.830090342967,785.721849021136,543.069232492552,1175.21123543498,,4035.61257040252,,6287.34320470035
BRCA2,GNAS,472.936863393496,412.748181837266,3705.22910892131,0.001,0.826513654685477,0.966219766235714,0.533766668317106,1.03566897802371,0.287549207426188,3.60171042477856,498.591654517041,408.168855160086,16,14,1,899,930,277.39925710908,743.980219911416,237.514019869168,658.264243258087,209.062156769391,17042.2015764657,,7969.900241656
BRCA2,IDH2,506.887166782753,5648.09222008614,0.001,0.000999999999976353,0.756377369806786,0.750686436295239,0.567818599780167,5.88889170101414e-07,0.529206286862886,1.11277810698797e-06,498.591654501253,5593.90768135329,17,30,0,883,930,302.497018407574,787.460111572417,3860.43441392592,7917.37758032213,,3490.34956758801,,38347.3515145036
BRCA2,KMT2C,474.582754078261,285.52425265601,2584.8242986196,0.001,0.977712262488267,0.993842438227582,0.701571208054583,0.974857217871807,0.382623383407662,2.54782446694628,498.5916544997,282.750745037182,16,19,1,894,930,278.362237276541,746.568094923734,177.961137635395,429.582617999975,146.227318403548,11757.4380989031,,4980.3192029281
BRCA2,KRAS,442.143699460225,8561.04013363005,1227.77508439084,0.001,0.853044383672135,0.889931447494291,0.817933030478115,2.84545451713762,2.2599597028273,1.25907312133833,498.591654521681,8476.28103570237,14,122,3,791,930,249.073351500454,715.889670649886,7145.42318995053,10152.7274039059,304.410842553665,3204.49966878853,,30956.992686745
BRCA2,MED12,473.25022116313,376.979827885299,3390.73132521058,0.001,0.851084682898445,0.976934483902032,0.573031434586389,1.00635673501996,0.304065071986153,3.30967555216534,498.591654501251,372.91461577322,16,15,1,898,930,277.582724778036,744.473348529365,221.116303655365,593.045491262369,191.327840362131,15592.0770727677,,7041.18320749567
BRCA2,NF1,481.918120781336,333.569524210838,2028.42441819888,2455.06444987156,1,1,0.166538241153969,1.73541721827671,0.342149353520052,5.07210433228249,498.591654500848,355.116014619805,15,16,2,897,930,281.054340580942,759.388118957476,196.420017681368,522.524686558355,,13904.2101795558,,11102.4278295887
BRCA2,NRAS,506.012065295493,4717.51540406723,0.001,0.001,0.77873057145058,0.803288214872206,0.625558428539236,5.72204959796863e-07,0.506990991012791,1.12862944300805e-06,498.591654519196,4680.45591348764,17,28,0,885,930,301.975702988169,786.100261727481,3178.8439483456,6687.19509827392,,3896.87752058814,,42012.3534427092
BRCA2,PBRM1,429.825673683154,791.327155389972,4145.32028311236,1111.06243296554,0.868571924078899,0.999602057306007,0.0833536412837132,2.8837454798653,0.631900400792707,4.5636076132373,498.59165452286,793.894769816721,14,30,3,883,930,242.343435596469,695.161952333351,548.465086769979,1096.37483151997,580.403507540532,12021.631172685,,13777.8498095187
BRCA2,PIK3CA,491.957985415528,1009.57882219905,756.655960352578,879.986249740843,0.981837511039389,0.999313107062611,0.98324491750361,0.978815362115187,0.822023460258686,1.1907389623736,498.591654498902,1008.20815974764,16,42,1,871,930,289.08731002232,772.359384642972,735.295160564186,1344.5939882351,,4836.64728434524,,9218.92649291076
BRCA2,POLE,477.727316903401,258.527686461351,3255.6090675256,4886.9426639829,1,1,0.00943942679745656,2.80342400453345,0.283633031509758,9.88398279851619,498.591654499354,299.668378360875,14,12,3,901,930,277.082075059332,754.593000518643,139.109729008374,431.1474028678,,22534.9719925684,,16509.3225140023
BRCA2,PTPRT,472.18436703054,106.661420101113,4632.1112019096,0.001,0.831381629250419,0.974359575799269,0.454822917574266,1.02340598035023,0.230304307365299,4.44371185262701,498.591654521776,105.480497372101,16,11,1,902,930,276.95564684365,742.788812843856,57.1156216854908,178.892172260049,260.540910487241,21595.5701002442,,2592.47623574205
BRCA2,RASA1,474.508441884097,381.618014777039,2620.57851864687,0.000999999999976353,0.883003269789699,0.966875591403217,0.676972524425668,0.941312842830218,0.36385467350894,2.58705717244852,498.591654501965,377.226423265461,16,18,1,895,930,278.320237530433,746.455791178785,234.713915226211,579.860199450036,148.190944173999,11942.9000321204,,5742.27591768534
BRCA2,ROS1,501.394343074843,201.421327683777,0.000999999999976353,0.001,0.909564801066251,0.895126017867593,0.814178414419415,7.3818845031234e-07,0.207698577784267,3.55413338977739e-06,498.59165449899,199.397233908448,17,11,0,902,930,299.221527991494,778.920194678754,104.589041460051,344.971096905279,,10449.0513164532,,3546.51919920034
BRCA2,SF3B1,475.020584288715,788.027473808292,2393.05781783809,0.001,0.875406024662606,0.962685568469538,0.711137464057571,1.04814552471698,0.442569396912717,2.36831902980335,498.591654502366,779.739661397735,16,22,1,891,930,278.620723098229,747.261102090499,508.25922239437,1155.39978881202,135.572280437991,10826.2752053563,,10642.6408913432
BRCA2,SMAD4,476.480914840231,691.476324881706,1913.59144863544,0.45230048747751,0.988473348674327,0.998083920500142,0.832191475666399,0.939165896913907,0.492635226850219,1.9064123832936,498.59165452125,684.61713841247,16,25,1,888,930,279.476582360932,749.563794800436,458.581037389394,992.389624919735,108.127901508984,8654.643127768,,9097.17141322614
BRCA2,TP53,443.836852440611,652.176517531983,1171.89689404673,0.001,0.844596611126063,0.878223481065625,0.829727117254123,3.10009293375907,2.57246848986893,1.20510433693088,498.591654524049,646.062753219721,14,136,3,777,930,250.027369394425,718.632439577281,549.578273657783,766.859061057148,290.626038412301,3056.56869330864,,2208.77767930824
ERBB2,ERBB3,414.737605765539,855.400998623292,969.089782499666,10210.211226803,0.998856367439408,0.937384341755788,0.342313093463345,0.934734641120299,0.147885124359602,6.32068063078047,419.433461201601,908.259667887942,8,12,1,814,835,195.610471080109,754.054360896256,458.351608459097,1433.48672515513,,19298.3255053536,,56564.5717358765
ERBB2,ERBB4,464.082556199138,152.759659469452,0.001,0.001,0.918020722650261,0.89105348389921,0.818009448923453,8.57380642621097e-07,0.192923521779525,4.4441477882667e-06,460.470638189795,151.584124954235,11,15,0,904,930,240.977397178001,794.828240342581,87.9053675381593,243.624455531088,,10638.3473893062,,2634.38344633755
ERBB2,FBXW7,423.420920517036,575.758650959972,5040.76254132077,245.078947927801,0.882541047884864,0.999549435089836,0.389106316043959,0.984514864355429,0.18076825784543,5.44628175372062,460.470638188469,573.446403749186,10,13,1,906,930,212.171930786364,742.621576700243,323.69636441351,933.129618466804,115.687868460744,24005.7710042621,,21075.7309289002
ERBB2,FGFR2,424.31455531154,815.888769153377,3055.27258234098,0.001,0.910443714839638,0.985278634732618,0.582801708216015,1.04750156256146,0.320858039266917,3.26468853625967,460.470638193165,810.870493143698,10,25,1,894,930,212.611826426388,744.232581666994,541.095367697284,1170.93185302292,173.161215734964,13798.6472940665,,17173.5497447063
ERBB2,GNAS,422.198535745864,410.943437637213,4776.73291938595,0.001,0.911977230805189,0.994428688778449,0.417954125544119,0.984214144405384,0.196762863769488,5.00203201737504,460.470638184839,408.168855156125,10,14,1,905,930,211.5519320649,740.518550503716,236.476426221484,655.382294276552,269.419010949635,22002.4912172057,,13894.0060279238
ERBB2,IDH2,467.972068145588,5625.622610945,0.001,0.001,0.837590094380358,0.845231283823779,0.707965196336139,4.03451498031185e-07,0.338568915403136,1.19163774249858e-06,460.470638176676,5593.90768135329,11,30,0,889,930,242.995422711057,801.49173603305,3845.09104371612,7885.82704113765,,5080.63129474873,,66099.8171233573
ERBB2,KMT2C,429.689476793712,282.321876074327,3175.01263704668,361.291792910001,0.9443625671533,0.99987291092977,0.510297405907025,0.990304154083301,0.250603570256355,3.95167615956256,460.470638182425,282.750745037386,10,19,1,900,930,215.437690008901,753.041862120263,175.235974179893,425.801855845279,,16357.7006971605,,8223.99372817421
ERBB2,KRAS,499.14304408745,8538.37006533467,0.001,0.001,0.413265176198405,0.415445482763061,0.171746095494867,1.73785024066425e-06,1.46250356471276,1.18827077252668e-06,460.470638189987,8476.28103540542,11,125,0,794,930,259.168693883943,854.932130344173,7126.57792881254,10125.7671610278,,1043.28220054545,,18915.8025328421
ERBB2,MED12,407.40960664257,359.748457563238,6453.58641157034,2766.11717977984,0.821518494694493,0.95461259367006,0.0505823976965284,1.95634906597594,0.205735001046561,9.50907262266565,460.470638177919,372.91461577229,9,14,2,905,930,197.106173152721,728.689222831878,206.160072296723,573.752702724386,,27238.8284700509,,19807.1156255839
ERBB2,NF1,437.09295667011,350.819171961145,2598.93926331901,1035.57984133584,0.961776917549069,0.99349029540807,0.497229714365779,0.939431077640429,0.229434491831256,4.09455034481633,460.470638189321,355.116014628306,10,17,1,902,930,219.685258254102,763.954865072391,210.703851922694,541.87806006627,,16149.9072216143,,11716.2758505283
ERBB2,NRAS,467.52580253486,4703.56078599216,0.001,0.001,0.846341696085697,0.87237067403991,0.738330449651098,3.96033174233489e-07,0.327685295256028,1.20857780305357e-06,460.470638187751,4680.45591303935,11,28,0,891,930,242.764882071841,800.730817226501,3169.41901125446,6667.3237281992,,5400.02893826159,,67951.6132274104
ERBB2,PBRM1,430.525799675254,797.63634058606,1859.94137103584,259.601518301537,0.966351248203514,0.998372346901029,0.771965443565432,0.919729375270924,0.424889350303077,2.16463268522704,460.470638189621,793.894769806746,10,32,1,887,930,215.732905780583,754.930020602432,554.993995111257,1102.25162270836,,8830.04465408537,,12543.4554201816
ERBB2,PIK3CA,429.067055504527,1015.0427622125,1708.12106686395,0.001,0.814412569359183,0.967975142092027,0.815579995143377,1.00073476519614,0.538857043475813,1.85714333200705,460.470638186678,1008.20815975546,10,42,1,877,930,214.991620384433,752.57568146201,741.066430738767,1349.45146519344,97.0783957619789,7632.10930650213,,11860.4274327024
ERBB2,POLE,422.278573312305,301.644096393923,4756.66638847382,0.001,0.967329084569956,0.991757125501122,0.420555879104455,0.931342726792923,0.186634788589633,4.99018823784634,460.470638188359,299.668378354396,10,14,1,905,930,211.592732092952,740.662770827669,173.576846910076,481.055892717697,268.145350142796,21951.1950803086,,10608.0607518315
ERBB2,PTPRT,463.560940167944,106.316099857859,0.001,0.001,0.929394933599117,0.909994432268698,0.845747071538465,9.13308274231618e-07,0.154897932958438,5.89619407301373e-06,460.470638178769,105.480497371233,11,12,0,907,930,240.70621862611,793.932456054545,56.9308677547611,178.312799300149,,12469.2364647842,,2242.58140399494
ERBB2,RASA1,423.154966178825,379.82008390638,3758.02894399152,0.001,0.885104112004839,0.997165125651002,0.503347977794465,0.987459368748336,0.248125086882626,3.97968371983058,460.470638188865,377.226423277837,10,18,1,901,930,212.033133510293,742.204778108707,233.607652903399,577.116251113335,212.353873676286,17171.9756273944,,9909.9145008062
ERBB2,ROS1,463.120530640946,200.864371921704,0.001,0.001,0.939214915786691,0.922845586316986,0.866752296155264,4.99455406303756e-07,0.137504402835058,3.63228664687103e-06,460.470638189453,199.397233908318,11,11,0,908,930,240.474992552299,793.168548334818,104.298784926407,344.013030703859,,14607.2289478735,,4959.2370224011
ERBB2,SF3B1,466.700437864756,785.867566511185,0.001,0.001,0.863221572106183,0.836396749526451,0.722004772732915,5.15196764295373e-07,0.293194348803968,1.75718517903576e-06,460.470638178597,779.739661420541,11,23,0,896,930,242.33442786371,799.310330177672,506.865396582907,1152.22812220235,,6136.4550753949,,8731.11603071698
ERBB2,SMAD4,339.513973012436,688.312196298886,8842.08881271224,0.001,0.767637927191567,0.987166798431265,0.0118414944978674,2.85262529753799,0.318768508527939,8.94889307200169,460.470638183531,684.617138416483,8,23,3,896,930,155.150763857339,631.996405797525,456.485931262176,987.841140887974,2159.58678196032,23896.4048254613,,21659.317203103
ERBB2,TP53,406.922461441749,650.007969553116,1124.42299768449,0.001,0.874087264023169,0.913019743743124,0.860556505425407,2.11249563436834,1.68653738248268,1.25256377730485,460.470638177008,646.062753203626,9,137,2,782,930,195.52310219705,733.606578844821,547.750855315746,764.294485030518,186.576455383935,3490.61353774792,,3066.17157654637
ERBB3,ERBB4,914.532735799408,136.328400942752,0.001,0.001,0.914964845388233,0.880419790466781,0.805557849027373,8.57328858226833e-07,0.19871666642376,4.31432790040164e-06,908.25966787724,134.883245065501,13,12,0,810,835,503.086057917822,1505.57038700502,73.001667134868,228.650552214903,,20290.5669895103,,2113.16232991301
ERBB3,FBXW7,856.796172561108,356.97983290127,10831.7111510585,1053.10925615213,0.921244129864166,0.997189305147071,0.317008423309387,0.916632913220511,0.133719936976189,6.85487096351035,908.259667887829,363.058466431206,12,7,1,815,835,459.222576452666,1435.54234650241,158.984140028343,672.187279023949,,61840.7859435706,,18178.630996585
ERBB3,FGFR2,922.77687808926,914.980657956263,0.001,0.001,0.814626017479655,0.787231694378702,0.64131443010561,4.71223260445006e-07,0.418709528205275,1.1254180492735e-06,908.259667835624,906.532271458843,13,26,0,796,835,507.618063194706,1519.15450399513,606.807857370526,1313.15703961989,,8677.38584098194,,7491.70510416921
ERBB3,GNAS,912.814087778284,214.473487034624,0.001,0.001,0.93740063456364,0.927421418681238,0.869367983312202,3.46334118095956e-07,0.117846486010754,2.93885825381634e-06,908.259667895345,212.169982781026,13,7,0,815,835,502.141192886427,1502.73993622674,92.1546006894401,414.791135328028,,28394.5004386019,,5615.47480050449
ERBB3,IDH2,924.334587786691,6059.91721334881,0.001,0.001,0.796762002188334,0.819356325255948,0.652844414848719,2.79968837597552e-07,0.434507033859081,6.44336721343737e-07,908.259667882001,6018.02811727484,13,29,0,793,835,508.4747538538,1521.72017080645,4113.3313775709,8541.00662432476,,7822.20740512836,,59649.9107609536
ERBB3,KMT2C,705.360528072432,285.92016597602,20616.0067833754,0.001,0.691064276498787,0.987146847976351,0.00819436126735617,2.99127103251538,0.29488265291286,10.1439369286986,908.259667895951,283.808422491513,10,15,3,807,835,353.434358830589,1237.17107940194,173.339330215403,439.093837782759,4991.09398957189,56966.8654438442,,9365.2399965272
ERBB3,KRAS,979.303241860509,8174.83323264431,0.001,29777.6737160673,0.986522757727798,0.944238390617328,0.658512239400434,2.85922905205703,1.71369851652261,1.66845511301422,908.259667833333,8342.96787738512,10,108,3,714,835,538.711768829563,1612.38654050749,6727.30027947022,9816.69584684269,,4554.92792711346,7123.10851784774,85092.8425371847
ERBB3,MED12,846.244805733901,393.818071404279,7240.24754461319,0.001,0.845792169984498,0.985226157037622,0.51055658743389,0.959572652972329,0.248068892080193,3.86817002698642,908.259667887942,390.019899594813,12,14,1,808,835,453.151399646158,1419.31679450311,226.620326647871,628.079332300768,408.020879110935,33460.8790255333,,8851.99748286871
ERBB3,NF1,776.073693422458,375.390769448767,13613.8149353614,0.001,0.75212532223719,0.993667190170805,0.0903493120696597,1.96607963380539,0.281520930352453,6.98377783614149,908.259667883701,372.306775769906,11,15,2,807,835,402.969248098455,1329.14302517476,224.021245486336,583.176433015713,2220.29336030609,44495.7152030453,,10633.7027822869
ERBB3,NRAS,910.783594734396,4689.36044448933,745.243751373208,21502.9458249316,0.999974105364127,0.990588649674005,0.702119006948631,1.03003988551072,0.403816535363337,2.55076203004895,908.259667910644,4812.03287213076,12,25,1,797,835,496.586258453662,1506.25633264244,3083.62748403546,6774.12560069529,,16785.8190442312,,113670.427333824
ERBB3,PBRM1,927.835375783146,811.715631468446,0.001,0.001,0.759179541574798,0.718378555606624,0.545407071795225,5.98957951026755e-07,0.496891150381863,1.20541078376311e-06,908.259667882001,802.699488792947,13,30,0,792,835,510.398186729193,1527.49500649361,554.784909456953,1137.88950365305,,6460.87836916996,,4825.88415951062
ERBB3,PIK3CA,858.688170360144,1029.46982670059,2944.03078693982,0.001,0.831935406659912,0.93403041210375,0.838175656413583,1.04542124399225,0.643232089990782,1.6252628876262,908.25966788474,1019.83728935179,12,38,1,784,835,459.81100957255,1440.20877031304,739.216350006323,1387.30190462413,167.260300932308,13171.592308628,,9272.5999667084
ERBB3,POLE,916.017013240111,315.143909294093,0.001,0.001,0.895871765660279,0.875763371346748,0.784577315515146,4.98145236600342e-07,0.228079906208298,2.18408208281795e-06,908.259667895345,312.158521477682,13,14,0,808,835,503.902453110642,1508.01764941173,177.537525767149,510.231628600383,,16316.1386915636,,4659.5859169324
ERBB3,PTPRT,914.142121369703,99.1861737118614,0.001,0.001,0.920030651670645,0.899108739271213,0.827211412213413,9.54354547746689e-07,0.166977855470454,5.7154557714125e-06,908.25966787724,98.1332014202763,13,10,0,812,835,502.868975331602,1504.92007967391,49.6992149798587,173.969725634025,,21693.9853122516,,1838.8441814458
ERBB3,RASA1,848.348375154097,423.183268545323,5777.80677019161,0.001,0.838869040728226,0.978518912389541,0.595274850159056,0.996851593912308,0.319774180360717,3.11736111023042,908.259667887942,419.090827207782,12,18,1,804,835,454.274320404316,1422.83829158398,260.278404557474,643.016854895192,326.670072667066,26361.9836842505,,7522.84036577211
ERBB3,ROS1,912.965839873869,183.350765015,0.001,0.001,0.935393296188204,0.914413774521801,0.85533898043092,4.8684147655343e-07,0.14572096634856,3.34091578413582e-06,908.25966787724,181.531589755199,13,9,0,813,835,502.225351627248,1502.99044819464,88.1013073237977,330.530370166787,,27256.735544531,,4030.92061794839
ERBB3,SF3B1,848.149865300864,724.587161080462,5995.9897346533,0.001,0.828681244149351,0.962746579310549,0.575179873236864,1.02298593847424,0.316608270178857,3.2310777538955,908.259667885929,717.563658721557,12,18,1,804,835,454.172795713534,1422.52118122048,445.65987244648,1100.98618552789,339.113173225285,27311.6735602586,,12848.7299847692
ERBB3,SMAD4,706.859132369223,651.692614745393,16940.6988920447,0.001,0.768553652794125,0.994820688534976,0.0138714278441933,3.03932865809542,0.356006618893306,8.53728132230682,908.259667912031,647.218692732168,10,19,3,803,835,354.186277762962,1239.80560084761,415.89956564849,963.217986900248,4124.17944069576,46148.2529569781,,19321.8767087897
ERBB3,TP53,827.709116761302,619.224827095086,1952.32161807123,0.001,0.840876218704845,0.846434076978883,0.838017682297348,2.0809081947629,1.88658165577482,1.10300457358591,908.259667876573,613.800747799705,11,117,2,705,835,429.773147436375,1417.69298852913,514.431975527176,737.399458239343,323.858924717336,6064.92193251932,,2304.87447317119
ERBB4,FBXW7,153.018731992861,578.281842886646,0.001,0.001,0.868814459308571,0.889753750073483,0.773037287833708,1.06401622129671e-06,0.251212233155814,4.23552709965665e-06,151.584124954067,573.446403744072,15,14,0,901,930,88.0543751635007,244.037693978242,325.777441108794,936.263988557666,,2136.70048420809,,9735.32960715294
ERBB4,FGFR2,153.795625993742,817.079936022084,0.001,0.001,0.805450858324613,0.821369633392067,0.661583763174534,1.76323141211701e-06,0.442717414136336,3.98274690765613e-06,151.584124952272,810.87049316523,15,26,0,889,930,88.5012986847345,245.277121358645,541.884878542547,1172.64138232069,,1372.21052802609,,8115.76266334931
ERBB4,GNAS,152.894708184445,383.592863581314,0.001,3769.95080427425,0.983466126529253,0.840879350739352,0.45866404631456,1.2015477967717,0.273518591036079,4.39292916880082,151.584124953033,408.16885516726,14,14,1,901,930,87.9856561652031,243.845622115366,216.104577930037,621.066798718067,,3853.47360178731,211.845114598129,17637.2587757658
ERBB4,IDH2,154.046636286051,5651.08012372575,0.001,0.001,0.786031485022972,0.738927869430528,0.580834268715048,1.57844871194034e-06,0.457390618830036,3.45098619638914e-06,151.584124952941,5593.90768075238,15,30,0,885,930,88.6457826293128,245.677430145761,3862.46453184765,7921.59496993825,,1230.68107842161,,36470.7547332906
ERBB4,KMT2C,153.324598994302,270.491599940184,0.001,1994.98456270721,0.971259270745745,0.854182228185376,0.559480873053286,1.17841238242533,0.347765602691487,3.38852483772161,151.584124952561,282.750745037197,14,19,1,896,930,88.2302552412376,244.525550728988,166.368020300459,410.998061439353,,2914.64577084613,112.315054049568,9261.59903259227
ERBB4,KRAS,121.577983114143,8528.83908165623,509.900918917758,994.664669661393,1,1,0.552785003231701,3.49863160153924,1.99448131757014,1.75415611603803,151.584124953275,8476.28103628993,11,121,4,794,930,63.1305536753709,208.220192721744,7117.78229064638,10116.3277903497,147.912886574346,1213.51368752315,,53289.4867828881
ERBB4,MED12,153.242017437752,376.14986637483,0.001,0.001,0.850134920432676,0.871849248484477,0.74119849453501,1.33986326752815e-06,0.284110882506758,4.71598713750882e-06,151.584124952539,372.914615762823,15,16,0,899,930,88.1827051806906,244.394628293884,220.627959188895,591.73338448348,,1848.70662736528,,5391.19438359346
ERBB4,NF1,153.441635403837,337.905833473894,0.001,2607.67026184659,0.953573184143281,0.781509662878515,0.533422272748019,1.11655162078932,0.316239911295323,3.53071064375116,151.584124952594,355.116014626907,14,17,1,898,930,88.2973684612606,244.713050607629,201.650803841373,524.938101290788,,2658.6402505467,146.621895011751,12182.9351336618
ERBB4,NRAS,153.844722039302,4713.01563649221,0.001,0.001,0.80151253331386,0.824918644224231,0.661193000780528,1.53837769278214e-06,0.444849443288706,3.45819853433815e-06,151.584124952224,4680.45591153338,15,28,0,887,930,88.5296636930554,245.355237880454,3175.80084476299,6680.7766745983,,1339.81893567628,,47876.2476314987
ERBB4,PBRM1,154.928413512945,775.403682823302,0.001,3198.61110743921,0.941811538833544,0.837855973290567,0.768184884022487,1.15742878914863,0.592197930780097,1.95446273786191,151.584124952697,793.894769761806,14,32,1,883,930,89.1524973914974,247.086154802277,536.815833821535,1075.99377800646,,1511.59392873529,180.02798343845,14854.3269141096
ERBB4,PIK3CA,155.449722850893,991.816595942969,0.001,3248.73792534371,0.853011730281668,0.890749227770066,0.854234487439894,1.17633616375068,0.746716383880351,1.57534532406773,151.584124953337,1008.20815976167,14,42,1,873,930,89.452317207337,247.91807157123,721.278430324829,1322.80584779624,,1323.25681967289,182.940137326437,15067.4537937849
ERBB4,POLE,152.810315452149,261.393008697748,0.001,5845.26071007101,0.982757807121817,0.682385962672512,0.0578494338034906,2.27143087383797,0.257518283748752,8.82046447643342,151.584124952766,299.668378359652,13,13,2,902,930,87.9336165179656,243.701424845279,143.792708937,430.321024101471,,4863.60851624549,948.113013342758,19352.3225120065
ERBB4,PTPRT,152.428995770366,88.4787442594869,0.001,2511.04473883512,0.999584880382069,0.852976890795799,0.0398663511424618,2.2920364381174,0.216316683658181,10.5957450870466,151.584124952026,105.480497371137,13,10,2,905,930,87.7143619634562,243.092262318237,44.3335834289434,155.18490251674,,7382.20129013,406.031537073157,8386.6704720152
ERBB4,RASA1,153.371918822981,360.038636033785,0.001,2595.11824909574,0.97899326645524,0.857760871189099,0.572053597970566,1.13999403503969,0.346779532752196,3.28737404422976,151.584124952048,377.226423277099,14,18,1,897,930,88.2547840546987,244.593971497453,218.245190823975,552.85136314117,,2888.30771826691,145.83737641009,12178.0290053656
ERBB4,ROS1,146.64158399588,192.874398098555,1087.11598934315,1084.80398886383,1,0.993694576264877,0.365201089156219,1.12930836351681,0.191242358014179,5.90511628931641,151.584124952671,199.397233907212,14,10,1,905,930,82.8905819759867,236.582330106336,97.5857960833382,335.213191841013,,8030.50321237216,,10010.3431584605
ERBB4,SF3B1,153.606163224546,785.868491794305,0.001,0.001,0.820463065698828,0.836366632885713,0.68621814695233,1.63794486459723e-06,0.40855127431124,4.00915372827701e-06,151.584124952224,779.739661391133,15,23,0,892,930,88.3923460464946,244.974521488923,506.868809347708,1152.22844031927,,1500.69793533299,,8635.70742043406
ERBB4,SMAD4,154.088522928446,690.128129004157,0.001,0.001,0.78293112686072,0.81338011302232,0.63683397335193,1.80686275421359e-06,0.440525134902417,4.10161103432573e-06,151.584124952332,684.617138423076,15,26,0,889,930,88.6694822249364,245.745341673445,457.68954411588,990.44984724456,,1215.1742059593,,6534.55442568421
ERBB4,TP53,117.802576080544,635.794769105554,591.790812948676,2657.60387030468,0.942980880175372,0.961305778251356,0.00981620299586552,7.52643164966978,2.31042722637198,3.25759303896726,151.584124952284,646.062753212095,8,132,7,783,930,56.1989350544014,209.812582734676,534.162829748035,749.494316874335,31.5528953504424,1522.98972539625,,9026.89830182485
FBXW7,FGFR2,581.7478103224,817.883843960546,0.001,0.001,0.818614873836358,0.800700074351929,0.655477918414568,6.24853112996329e-07,0.411812011864603,1.51732609781614e-06,573.44640374414,810.870493136495,14,26,0,890,930,327.728784513519,941.878979439654,542.416790332407,1173.7976749271,,5614.71797790257,,7191.44884658719
FBXW7,GNAS,537.360006797739,411.851569864803,4449.03264916955,0.001,0.947381156219727,0.990023699772481,0.528440083896719,0.95617685382765,0.255251835948204,3.74601361935622,573.44640373021,408.168855159472,13,14,1,902,930,295.601542047532,884.643606107327,236.999665735548,656.834997897177,250.722364984012,20561.0353271755,,10352.5936476359
FBXW7,IDH2,582.443908531295,5443.8851771201,0.001,27257.0014734522,0.991287201768255,0.966720238703944,0.731624232569693,1.01396902829446,0.428341788236432,2.36719614135519,573.44640375944,5593.90768089975,13,29,1,887,930,328.113987235443,942.984337464924,3695.23047649457,7672.79243892508,,8964.03467263767,1536.22360490314,125978.037340577
FBXW7,KMT2C,549.86565397187,280.955805242523,2699.02282129194,515.740846343772,0.959242004105678,0.997902841100651,0.607068231939682,1.0265485347541,0.325393382249717,3.154792293736,573.446403749186,282.750745037949,13,19,1,897,930,302.940919210234,903.660683049143,173.90139164821,424.535701055486,,15751.8419387619,,6667.04845837195
FBXW7,KRAS,620.770846079413,8328.59680704909,0.001,28888.1373358263,0.873972533348119,0.759584310484807,0.619095671318419,3.01157418568513,1.8720782386372,1.6086796606735,573.446403728187,8476.28103414804,11,122,3,794,930,349.693799367436,1005.13678451975,6935.69478960864,9896.84689129104,,2353.46905733455,6951.47357530201,81248.4334835797
FBXW7,MED12,560.146917753729,339.252500255188,1988.01200715428,4624.87769113307,0.994062277291159,0.870429982289278,0.089171017812899,1.89796115778365,0.266001560853568,7.13515045435566,573.446403762492,372.914615768641,12,14,2,902,930,308.929039591963,917.978640769755,191.455306389291,548.200812284639,,19976.1749391641,,17823.2282852049
FBXW7,NF1,578.346724699845,338.941100394583,165.35817131347,2279.15996196225,0.998238225436592,0.913057532238899,0.591338812793973,0.971787958607279,0.300649915536139,3.23229080864474,573.446403749186,355.1160146263,13,17,1,899,930,325.016676275733,937.524511847516,202.274235621576,526.528773412476,,11972.5012496817,37.723475333333,10950.8896194447
FBXW7,NRAS,582.255903502409,4715.81858830418,0.001,0.001,0.808534225313083,0.811389024747202,0.656047962478753,4.17943975561299e-07,0.420028689902318,9.95036733463363e-07,573.446403745825,4680.45591309573,14,28,0,888,930,328.015204563617,942.700590029236,3177.68212710174,6684.74992665428,,5276.79187106558,,44104.8269416423
FBXW7,PBRM1,586.906742723414,776.77770003904,0.001,2665.3645377875,0.976719323485856,0.953559504200421,0.872269459025403,0.909326863738398,0.551663393822434,1.64833642021766,573.446403734303,793.894769766182,13,32,1,884,930,330.63209622962,950.249147187103,537.761902625803,1077.90779175879,,5996.70661201297,149.79336685284,12462.1641001537
FBXW7,PIK3CA,588.649987081533,1017.67553971252,0.001,0.001,0.694719085055781,0.672868042145793,0.467487671250059,9.81840166046702e-07,0.698047943904686,1.4065511898145e-06,573.446403744115,1008.20815974622,14,43,0,873,930,331.613713915291,953.067563335315,742.986296939666,1352.95666038529,,3085.60103083784,,5013.73648604219
FBXW7,POLE,579.015440135965,302.272240156816,0.001,0.001,0.874074518425378,0.878884894901421,0.768217263553956,6.217022598589e-07,0.240980103016378,2.5798904228066e-06,573.446403743927,299.668378355084,14,15,0,901,930,326.189789152747,937.451952087053,173.942147260661,482.069193345514,,8428.690874475,,4583.36931739044
FBXW7,PTPRT,577.548353011873,106.490706312023,0.001,0.001,0.90557035456598,0.892328810157718,0.808071025284683,1.14717317319882e-06,0.201647755454838,5.68899549916265e-06,573.44640374414,105.480497370846,14,12,0,904,930,325.364386666709,935.073270101703,57.0242939854328,178.605464198407,,11474.5078979192,,1834.59073259521
FBXW7,RASA1,559.771684730684,370.089681538054,1752.67651777986,1237.67990695981,0.982635364178386,0.979147533025542,0.623085102467012,0.988654863079378,0.324619915044206,3.04557674147855,573.446403763862,377.226423278942,13,18,1,898,930,309.533525278234,916.68385635311,225.049388338875,566.661586912462,,13960.9941372603,,9534.03095806659
FBXW7,ROS1,535.088213553027,201.000147343555,7916.00501415972,0.001,0.832465039822271,0.989736106038682,0.331331742662006,1.14447124449498,0.178221888938713,6.42160876708327,573.446403735163,199.397233908798,13,10,1,906,930,294.353652579984,880.899447741898,104.370271134501,344.248309020901,443.727984293911,37422.0638225145,,7562.47075765669
FBXW7,SF3B1,497.754230888342,786.194205498282,6384.8287354577,0.001,0.809706785027025,0.975491338339192,0.149039798821527,2.02078938674836,0.383363402464161,5.27121100699559,573.446403757654,779.739661416781,12,21,2,895,930,266.54027410387,834.836714777078,507.07449766194,1152.70088094886,1046.94441519282,20480.3346116126,,16402.8970473681
FBXW7,SMAD4,558.920291214504,678.643097102733,1494.09416821428,1410.05979244152,1,1,0.756520023078961,0.935415445282808,0.411613254319075,2.2725590963543,573.446403757507,684.617138428274,13,25,1,891,930,308.618365909251,916.539509803479,447.287035511216,978.172262692364,,10759.426637316,,12811.4901590402
FBXW7,TP53,620.450430422772,652.151997079755,0.001,0.001,0.333863204532357,0.286111997327244,0.0955827700782349,3.82297202697335e-06,2.15910243357593,1.77063022463538e-06,573.446403752915,646.062753213318,14,139,0,777,930,349.516998759688,1004.6049298289,549.552477439402,766.823521480882,,1045.23769990564,,1004.41088486956
FGFR2,GNAS,817.618303943784,386.19453897287,0.001,1961.72704246366,0.991537163076256,0.95528541162187,0.729707508912281,1.05785222994302,0.446984407175038,2.36664235477182,810.870493112733,408.168855163671,25,14,1,890,930,542.241554760359,1173.41549503182,217.563661277383,625.266448077659,,12863.9219290338,111.118660746087,8880.06021933283
FGFR2,IDH2,824.385028501585,5677.62840950923,0.001,0.001,0.652614350855822,0.642802778472074,0.419530327083736,5.85390130882456e-07,0.80862642230614,7.23931490159533e-07,810.870493160222,5593.90768084858,26,30,0,874,930,546.725705143209,1183.13708838533,3880.59841468144,7958.82724099134,,3710.60875793876,,24754.7513839798
FGFR2,KMT2C,820.31175238102,286.8615764547,0.001,0.001,0.74171825367821,0.750632643244395,0.556777239660513,1.4188208698235e-06,0.582347095812635,2.43638352457756e-06,810.870493109509,282.750745037569,26,20,0,884,930,544.026501573754,1177.28704178706,178.792814156946,431.592890423323,,5318.44538259967,,1928.91515023819
FGFR2,KRAS,875.102238350566,8468.12316456834,0.001,8989.5570069053,0.942300041520006,0.997399252330368,0.580595788139171,1.92240843219461,3.44002289964162,0.558835940422048,810.870493142592,8476.28103237375,24,123,2,781,930,580.325835869458,1256.02239263065,7057.13360085294,10056.0106805254,,1752.0473464881,1477.79831820767,28614.7637492462
FGFR2,MED12,818.592723909857,378.454212805317,0.001,0.001,0.783034681570556,0.791036862963945,0.619426277756627,9.37054344219562e-07,0.469426897042734,1.99616670907176e-06,810.870493101776,372.914615771173,26,16,0,888,930,542.886734400065,1174.81698633844,221.978097062468,595.359053129512,,6523.9656969436,,3116.14795641126
FGFR2,NF1,820.008458850539,360.246637993927,0.001,0.001,0.748817048439649,0.773855925882913,0.579495616244477,1.08283856639483e-06,0.523753910926104,2.06745676510587e-06,810.870493156833,355.116014626709,26,18,0,886,930,543.824841753053,1176.85181508056,218.397317963253,553.240631932861,,5502.29661738336,,2713.21958343317
FGFR2,NRAS,823.282988203884,4747.2244171876,0.001,0.001,0.675495596258694,0.674820184201458,0.455864965180834,5.71755000691298e-07,0.77139177660641,7.41199242759139e-07,810.870493134667,4680.455912186,26,28,0,876,930,545.998500922133,1181.56021098431,3198.81984137294,6729.31575573746,,4037.56917734355,,23263.9363007116
FGFR2,PBRM1,827.178319090814,780.906593913064,0.001,1690.35466097439,0.955648935793258,0.953827100278447,0.953553302795293,1.03537826112085,0.971333760872991,1.06593459717728,810.870493145628,793.894769759284,25,32,1,872,930,548.574888342869,1187.15229384377,540.6206027298,1083.64344240646,,5282.54787556338,95.7848605637882,7639.77650771905
FGFR2,PIK3CA,830.033398649111,950.335457859548,0.001,5237.70113217392,0.97141249149271,0.915990773967331,0.344894024788877,3.08582684271975,1.25406257465228,2.46066416867226,810.870493129751,1008.2081597565,23,40,3,864,930,550.467936525435,1191.25369914365,685.400170504898,1276.09175158943,,6181.48629220675,1279.35725899079,14155.4662768777
FGFR2,POLE,817.518059214279,283.53632175774,0.001,1465.47935096576,0.988239661047254,0.956036895320007,0.723063964355728,1.0483518543124,0.434068568062717,2.41517569215224,810.870493110638,299.668378364301,25,14,1,890,930,542.162092300761,1173.24356926066,159.730772242735,459.055458534501,,13033.1871210378,82.6483829445082,6585.12563096274
FGFR2,PTPRT,816.377543257054,107.017973806422,0.001,0.001,0.839714501352492,0.8411380651964,0.706324339021996,1.93493756994387e-06,0.355682682747127,5.44006684553578e-06,810.870493128962,105.480497372141,26,12,0,892,930,541.419807962459,1171.63369455295,57.3066296275692,179.490377854006,,9176.32984496033,,1194.78752997105
FGFR2,RASA1,820.234293880476,382.769546353675,0.001,0.001,0.743543638764339,0.759489183482671,0.564734173452376,1.11196629045242e-06,0.560156212020047,1.98510034628095e-06,810.870493136495,377.226423264646,26,19,0,885,930,543.974695657185,1177.17580948801,235.422467847378,581.608954635462,,5366.34814108192,,2687.33766321264
FGFR2,ROS1,815.621778348784,202.323215297521,0.001,0.001,0.860028982374594,0.852290306648394,0.733000970323679,1.01057636650169e-06,0.318710284094955,3.17083074169205e-06,810.870493136472,199.397233907917,26,11,0,893,930,540.919657544356,1170.54927386254,105.057618623763,346.518063999604,,10676.1022087059,,2443.02351882783
FGFR2,SF3B1,821.161451987586,756.179609417991,0.001,2457.47394170479,0.987688231467834,0.974240275203568,0.900038544678326,1.06007789835578,0.678351709901018,1.56272606508277,810.870493124252,779.739661383162,25,22,1,882,930,544.589457612917,1178.50621371475,482.580027880103,1117.65617856417,,8446.64438069549,139.234403742813,11113.4816868109
FGFR2,SMAD4,823.180436807105,667.288141276859,0.001,1929.37002457885,0.965448816638676,0.940240450014198,0.91315312488061,1.05456245644991,0.75105602053133,1.40410625522164,810.870493179611,684.617138432712,25,25,1,879,930,545.926815681848,1181.40847420067,438.707240302192,964.128887794054,,6967.14333718415,109.362266445791,8709.66038037603
FGFR2,TP53,809.50738912199,655.620914012821,827.234702612596,0.001,0.999865620613064,0.95759358242907,0.539300777227199,2.08478896884059,3.94075305925217,0.52903314099976,810.870493110505,646.06275319657,24,137,2,767,930,527.254145208223,1178.00355170099,552.474709901699,770.915598329866,137.296750382633,2567.62751986649,,1339.15490204126
GNAS,IDH2,414.826972543119,5638.20605219151,0.001,0.001,0.785387010885036,0.790817811518915,0.621112431023241,6.04530392264366e-07,0.452364010397602,1.33638038917601e-06,408.168855160456,5593.90768135329,15,30,0,885,930,238.710394003853,661.579043615663,3853.68639354566,7903.48173122569,,3302.9324103222,,46856.1036183037
GNAS,KMT2C,412.990841499477,285.272816641073,0.001,0.001,0.839312985642838,0.838209580599852,0.703530367016715,1.06778788407482e-06,0.350296046849629,3.04824417425751e-06,408.168855163498,282.750745037506,15,20,0,895,930,237.653293788196,658.648924907199,177.803656886242,429.200920895227,,4587.48606800276,,3154.31135123646
GNAS,KRAS,443.927925053136,8411.61540490309,0.001,15788.4983256336,0.87608121941273,0.902544617967271,0.87161102840018,1.89546344796197,1.99422915933209,0.950474241684842,408.168855153646,8476.28103879563,13,123,2,792,930,255.441468453723,708.058911206826,7010.17876102585,9988.78938316974,,1333.96096113353,2569.4736288106,51776.2546020621
GNAS,MED12,412.760592555948,376.744815671508,0.001,0.001,0.846369764360076,0.850185096886287,0.71958222180566,7.5670437347207e-07,0.289690560600716,2.61211263460892e-06,408.168855155425,372.914615771767,15,16,0,899,930,237.52094455875,658.285053350411,220.975952071078,592.66849666881,,4847.97503154645,,4536.01498374364
GNAS,NF1,413.37543012477,358.511451374839,0.001,0.001,0.827747236870063,0.843665781062714,0.698353843577059,8.65275250525131e-07,0.322515906982424,2.68289170174879e-06,408.168855158112,355.11601462804,15,18,0,897,930,237.873979317727,659.264008470163,217.346523860028,550.574760763306,,4257.0127308954,,4120.58560220772
GNAS,NRAS,414.501061756582,4717.55761878202,0.001,0.001,0.794653786597248,0.803143557897384,0.638234572880873,6.05961213962902e-07,0.447383266482624,1.35445659093831e-06,408.168855163228,4680.45591263686,15,28,0,887,930,238.522868471598,661.059553979969,3178.84954800989,6687.20898282324,,3474.5739887946,,41994.9232956629
GNAS,PBRM1,417.910774998592,776.91884660918,0.001,2613.97190121939,0.954490145682716,0.910688694442324,0.85778293209197,0.970384819059489,0.599267251582092,1.61928558001064,408.168855159265,793.894769763561,14,32,1,883,930,240.482193266346,666.508111212996,537.862047372944,1078.10268909773,,3844.2278067219,147.394500070988,12055.7111356664
GNAS,PIK3CA,399.603979199272,1009.06980523485,745.941662297692,905.987140436916,0.954942236094173,1,0.956311104266091,1.02098813410942,0.754625745990501,1.35297283393015,408.168855151466,1008.20815975989,14,42,1,873,930,225.521713585523,645.671714350976,735.06042051739,1343.71174045852,,4558.06668069412,,10672.4460553969
GNAS,POLE,411.800812863215,282.039082977906,0.00099999999999989,2351.50601948587,0.996117929873107,0.94192570392346,0.525886565817145,0.990966474273151,0.260795570756413,3.79978260903337,408.168855157461,299.668378354523,14,14,1,901,930,236.971728744226,656.75518445786,158.876499114608,456.596596958881,,10436.3185143143,132.599292892315,10821.8693899524
GNAS,PTPRT,383.318439920723,106.427554844127,4196.47651152348,0.001,0.907286272377227,0.9955815885254,0.4263472707257,1.0721096033021,0.220892614009885,4.85353305318811,408.168855162752,105.480497371843,14,11,1,904,930,215.944620115748,620.605836111808,56.9906155126076,178.499082222461,235.648391490817,19691.4261945825,,3328.87001394384
GNAS,RASA1,396.478789810633,372.557658453178,1400.77104523282,889.947135104626,0.988058742231127,0.996272556881298,0.661560161354166,0.986590834521233,0.352740713688259,2.79692929178896,408.168855150548,377.226423266475,14,18,1,897,930,223.99622221638,639.957342316826,226.898855658818,569.684237833894,,9624.78182147709,,8460.82239175262
GNAS,ROS1,410.639776258617,201.231668792609,0.001,0.001,0.913916587715205,0.90444995338602,0.826595070134527,7.27913565750672e-07,0.192527719756884,3.78082473874333e-06,408.168855159657,199.397233908442,15,11,0,904,930,236.302126662429,654.89615456138,104.490466793647,344.645206055185,,9046.60866102852,,3914.3216253741
GNAS,SF3B1,414.057700996376,787.113449248812,0.001,0.001,0.807634166183496,0.8066114167142,0.651460459413747,7.89696483238876e-07,0.414835065802765,1.90363965907921e-06,408.168855169694,779.739661388356,15,23,0,892,930,238.266450759361,660.349996048684,507.670971977788,1154.05536372831,,3746.69915081686,,7146.36376764605
GNAS,SMAD4,414.229879874416,636.79239996084,0.001,6640.40162140292,0.990060933916753,0.899575326944195,0.201250652372471,1.99480445354154,0.443449280862505,4.49838242980496,408.16885516227,684.617138412333,13,24,2,891,930,238.366791505432,660.628522349312,414.79990133809,926.630536929012,,7514.89401272541,1080.46851510298,21786.507086754
GNAS,TP53,322.449514257271,650.637026875295,1497.32976239006,0.001,0.766141538665406,0.937600734359821,0.417867969376789,4.3375159614125,2.32894756592091,1.86243607408026,408.168855159999,646.062753216133,11,135,4,780,930,167.427550796759,552.291447212934,548.288481181305,765.043541842553,462.991905175474,3505.12462468387,,3155.4045834947
IDH2,KMT2C,5636.07904043762,259.213672608272,1112.68391983094,1781.44719632467,1,1,0.36490496248023,1.93805153637043,0.614849554580079,3.1520743927253,5593.90768104827,282.75074503719,28,18,2,882,930,3849.16162828739,7905.622492607,157.148987898903,398.066080338475,,84053.9439209174,250.701441052499,5757.13545930779
IDH2,KRAS,5775.81127620937,8631.902948316,2934.87550030351,0.001,0.759994497479647,0.577224164692164,0.165991825473931,1.11025831928112,4.05858233429347,0.27355816091246,5593.90767954882,8476.28103836841,29,124,1,776,930,3920.21221955967,8140.90820203945,7204.49252295854,10236.9858287481,167.253521161349,12980.4176270796,,12650.0766778261
IDH2,MED12,5644.33369954579,378.957521880416,0.001,0.001,0.765714769422993,0.774217917704447,0.592846166649634,7.17549246439034e-07,0.492876748984583,1.45583910768223e-06,5593.90768133484,372.914615762823,30,16,0,884,930,3857.86408478872,7912.0970463004,222.273447117515,596.150269087122,,41266.8452306939,,2848.22715335372
IDH2,NF1,5644.22879791107,360.994996165226,0.001,0.001,0.766271519140213,0.745190465895157,0.571035410614823,8.47311969710482e-07,0.555693046789722,1.52478418545178e-06,5593.9076799812,355.116014625721,30,18,0,882,930,3857.78646752836,7911.91198444991,218.851662376965,554.391769897971,,41245.8525792141,,2359.9227429974
IDH2,NRAS,5490.46965349404,4761.16787817189,12283.8050245844,0.001,0.973352413739922,0.97667283355076,0.972110788285492,0.995812169108668,0.903965360275855,1.10160434555234,5593.9076808177,4680.45591354289,29,27,1,873,930,3726.78988756056,7738.46649941201,3208.20763578425,6749.12061308959,696.859298247382,55274.1465643929,,33340.2332994573
IDH2,PBRM1,5496.56957656411,806.571643460064,11441.5181333237,0.001,0.967366099071638,0.9670347275521,0.96663494731303,1.0433936200393,1.01490525627778,1.02806997361114,5593.90767899398,793.894769770327,29,32,1,868,930,3730.91852495613,7747.03775199667,561.721067144544,1113.97277037118,649.572005688191,51331.6370848002,,5145.48035986018
IDH2,PIK3CA,5722.24806914644,1025.06316781392,0.001,0.001,0.509269873572162,0.494273456200847,0.251762617859871,7.99770181004154e-07,1.31948792279695,6.06121637937288e-07,5593.90768007046,1008.20815975439,30,43,0,857,930,3911.07510127573,8021.42707177818,748.376167567034,1362.7864653126,,16185.4363278539,,2789.95588914221
IDH2,POLE,5639.82601933465,304.598943599137,0.001,0.001,0.784098466513833,0.783678923198076,0.614495079223855,8.28553680806959e-07,0.463543820305569,1.78743334397334e-06,5593.90768135329,299.668378362061,30,15,0,885,930,3854.79040099781,7905.7591215609,175.280508452585,485.782525669247,,45245.6460413798,,2403.12251757475
IDH2,PTPRT,5632.75867751743,107.158297581614,0.001,0.001,0.813860210744775,0.828041848586966,0.673920092199701,1.78414213512085e-06,0.364042595800946,4.90091587001097e-06,5593.90768135329,105.480497371808,30,12,0,888,930,3849.96243255677,7895.84566676061,57.3817765722422,179.725482869333,,53731.5749281847,,1092.8981931213
IDH2,RASA1,5648.17823268444,383.352674978846,0.001,0.001,0.750196927962308,0.737557590304466,0.553331937675645,8.36407229659001e-07,0.579985776106322,1.44211679685343e-06,5593.90768135329,377.226423264646,30,19,0,881,930,3860.52448595516,7917.53614321356,235.780896264644,582.492787065659,,38148.2442524098,,2421.48150372699
IDH2,ROS1,5623.80143828627,184.725153135098,1006.69387632651,1105.09612807378,0.979606091637308,0.900933624467843,0.643457550492453,0.965614128767982,0.341260589138423,2.82955067037145,5593.90768110458,199.3972339106,29,10,1,890,930,3842.34300432766,7885.9781068439,92.560719468287,323.983693013301,,100754.330568314,31.585862181997,5078.98897461796
IDH2,SF3B1,5664.35783857638,792.333931119688,0.001,0.001,0.689044511292737,0.693369632337489,0.477786709569028,5.20073943646943e-07,0.696021534283999,7.47209558942664e-07,5593.90768133484,779.739661399329,30,23,0,877,930,3871.54736878942,7940.19306929139,511.037336319125,1161.71717665707,,29365.3659385456,,4158.94233436218
IDH2,SMAD4,5666.33747958135,695.905237876201,0.001,0.001,0.682054564322238,0.655544905826329,0.447144320275276,6.78387694272135e-07,0.808509354376097,8.39059796402266e-07,5593.90767877435,684.617138426135,30,26,0,874,930,3872.89895765248,7942.95674476527,461.517857580928,998.74887243427,,28554.5017585811,,3166.01466464612
IDH2,TP53,6112.51596889273,658.172201028248,0.001,0.001,0.0715938126964324,0.0842541581328373,0.0060470893613931,4.23677011412993e-06,4.38717522974272,9.65717094089808e-07,5593.90768032774,646.0627532125,30,139,0,761,930,4177.47696904591,8569.42765229137,554.614369270357,773.919231505068,,4253.94113979187,,504.761650576059
KMT2C,KRAS,291.45754281633,8354.33943238899,174.232217397238,19230.2670314785,0.998884231579445,0.989014225488683,0.792778109790768,3.69323106633764,2.66032952438477,1.38826075209301,282.750745037964,8476.28103518811,16,121,4,789,930,177.178112928185,445.108442560126,6952.67436402017,9932.89391819385,,1181.41454328102,2426.90755918784,55003.1116597284
KMT2C,MED12,280.640707340013,361.014452167728,522.276374363605,1450.31420728564,0.997462167668312,0.971299605896939,0.664490851472201,1.02101024194697,0.367210558804655,2.78044902976256,282.750745037415,372.914615771389,19,15,1,895,930,173.566710332134,424.303316788176,208.085237215894,574.696906070701,,5974.78938286882,,8880.52622281188
KMT2C,NF1,285.87627309188,318.914003355789,0.001,3655.06855720542,0.980606353729543,0.753807297283421,0.17457113077907,2.0061508473203,0.413704926128263,4.84923122887429,282.750745038241,355.116014628503,18,16,2,894,930,178.178769069663,430.109906069295,187.0568295548,501.690375714644,,5152.89567904225,596.942279249782,11845.5070693936
KMT2C,NRAS,286.782140798275,4556.00599218249,0.001,17617.4186332119,0.984627839703704,0.956290462386933,0.832587444580481,1.10707519729604,0.598415299327691,1.85001151965837,282.75074503592,4680.45591205256,19,27,1,883,930,178.744374142583,431.474373747166,3046.32112269826,6497.16245929497,,3376.75661195786,996.350816044286,80218.5195484852
KMT2C,PBRM1,288.964612545503,803.681001415263,0.001,0.001,0.649252014369091,0.671069757139032,0.435729835744877,1.87867249710691e-06,0.763014607810859,2.4621710749378e-06,282.750745036658,793.894769817265,20,33,0,877,930,180.102130916653,434.761789444777,559.705935785924,1109.97880858311,,1281.12328763207,,3909.37579624077
KMT2C,PIK3CA,290.273642877739,1020.99888442389,0.001,0.001,0.593577130194732,0.586259858056847,0.34803385721724,2.29411337009794e-06,0.984492427983536,2.33024988805328e-06,282.750745038458,1008.20815978179,20,43,0,867,930,180.917247247569,436.733675485315,745.403785809062,1357.37049587309,,1061.44231901156,,3697.59107326687
KMT2C,POLE,285.485582216702,303.198716333005,0.001,0.001,0.825883456762149,0.839661183244191,0.693472368022975,1.18774027684301e-06,0.339533392130121,3.49815453906175e-06,282.750745037007,299.668378362498,20,15,0,895,930,177.935779121474,429.522687943689,174.474901558901,483.547770915828,,2923.27256208134,,3365.81489205177
KMT2C,PTPRT,284.69653376452,106.729200933807,0.001,0.001,0.872627525690371,0.868777731330409,0.758125737201982,1.84398185478028e-06,0.279078537101084,6.60739401150141e-06,282.750745037002,105.480497371194,20,12,0,898,930,177.444389663708,428.332018628369,57.1519916196029,179.005800167776,,4107.92224541477,,1476.17862422059
KMT2C,RASA1,279.261554175184,329.733330994185,635.266633721029,4901.42280085674,0.997931211061726,0.842798993181798,0.0281231584515204,2.99473664151328,0.44321856892099,6.75679416772616,282.750745037497,377.226423264776,17,16,3,894,930,171.918729506109,423.211548789866,193.535929224583,518.040585713917,,7207.52267181203,642.734946274869,14834.1489044877
KMT2C,ROS1,284.362592848484,201.804911629822,0.001,0.001,0.893263634696879,0.876706304907056,0.783134617592461,1.08217580149046e-06,0.249394143100059,4.33921898902125e-06,282.750745034937,199.397233908448,20,11,0,899,930,177.236269074696,427.828714064045,104.787472760706,345.626537958413,,4985.47717090222,,2978.07844316507
KMT2C,SF3B1,286.49826098349,789.351575874084,0.001,0.001,0.769860054196155,0.755946715280667,0.581991481185618,1.31582849621087e-06,0.534358166047255,2.46244668804127e-06,282.750745034937,779.739661412339,20,23,0,887,930,178.566523054241,431.045477638432,509.112710129845,1157.34313258741,,2116.44649213451,,5476.88116658603
KMT2C,SMAD4,287.310407156999,665.979596235671,0.001,2253.64138368005,0.984644678518218,0.967299625313175,0.883172930705202,0.956744887118712,0.586411896490563,1.63152366594955,282.750745038482,684.617138421703,19,25,1,885,930,179.072292587872,432.271907647847,437.847153533229,962.237993444436,,3027.4070882847,127.478603865748,10258.1187022905
KMT2C,TP53,244.172333310044,652.837894248738,765.355063023865,0.001,0.810517186409871,0.882542854302838,0.703113061017941,4.21901437181555,3.05232260875171,1.38223081653252,282.750745034784,646.062753218498,16,135,4,775,930,143.210360554312,384.134584221201,550.143511524203,767.650479194469,236.690997173924,1789.47960903078,,2160.44269939143
KRAS,MED12,8554.23214158303,383.103347470709,1029.1812562195,253.020186289209,0.977823552815648,0.971965677709414,0.546470034167632,0.892252708377958,2.15466074313429,0.414103571163616,8476.28103671268,372.914615774655,124,15,1,790,930,7138.14089120303,10146.480026056,220.518320631587,610.766508381773,,24383.505189084,,1276.43171336631
KRAS,NF1,8501.70203191655,384.950003909641,6253.75625485706,0.001,0.95073623388471,0.875852688844602,0.456696220425739,0.961694906300246,2.42779792582333,0.396118184331222,8476.28103417403,355.116014628261,124,17,1,788,930,7090.44120346305,10088.8444146265,233.371190299936,591.258760687803,353.671381195627,28524.0005934185,,851.467173488829
KRAS,NRAS,8628.79868221921,5064.58571367282,0.001,0.001,0.117287496059634,0.112258694110737,0.0131926137418874,6.79947039281155e-07,3.82594873029382,1.77719851261294e-07,8476.28103354117,4680.4559127014,125,28,0,777,930,7201.8272026564,10233.1925916859,3412.20869237959,7179.41092015814,,7654.49750029464,,4273.13541945664
KRAS,PBRM1,8590.69982601434,863.086486799915,3247.16759251989,0.001,0.522926558944102,0.468057370699061,0.0698938875901661,0.926378477185813,4.4018833855643,0.210450481315297,8476.2810356888,793.894769799396,124,32,1,773,930,7164.63563956673,10194.9894049557,601.019236568529,1192.17871685437,184.371526340415,14554.4994600736,,1012.9901887977
KRAS,PIK3CA,8404.67265676714,1091.25498895988,11399.0015022877,0.001,0.904259222860425,0.705657729664552,0.496951714925297,4.01943563126964,5.71614123139017,0.703172904335695,8476.28103505242,1008.2081597591,121,39,4,766,930,6993.34275733912,9994.6004943802,796.623952560745,1450.95423269771,3498.07369990592,27107.300349632,,1491.50736661703
KRAS,POLE,8559.12641043788,324.085358723562,0.001,0.001,0.310352125505878,0.310532153416414,0.0964273080861394,3.59306551843191e-06,2.00072331121411,1.79588326796248e-06,8476.28103419676,299.668378361138,125,15,0,790,930,7143.8409526855,10150.4257768882,186.485193099946,516.893828793012,,14107.8550414039,,512.205542786704
KRAS,PTPRT,8522.26350616127,86.5971822535856,1029.99756083165,330.088018563585,1,1,0.690204772572624,2.61277812472081,1.58988584683586,1.643374667383,8476.28103833514,105.480497371031,122,9,3,796,930,7112.05468271816,10107.6716377578,41.6127385870401,156.103683269893,,54746.1570171859,73.9904945816188,878.935185059889
KRAS,RASA1,8502.31573914662,409.947785547092,6220.850639628,0.001,0.94871354884929,0.776091107854288,0.401523284562575,1.00894598611835,2.55248957936951,0.395279179305235,8476.28103233792,377.226423277896,124,18,1,787,930,7091.07887565239,10089.7309181418,252.115321915788,622.958039501907,351.803995541174,28301.0506277206,,813.724234639461
KRAS,ROS1,8455.85642138959,215.512843995796,11964.3388700494,0.001,0.963890585067607,0.885054679684165,0.830325213790269,1.07583155134201,1.47354941238809,0.730095334637253,8476.28103245286,199.397233907249,124,10,1,795,930,7052.46277538342,10034.4828965636,111.901280061703,369.127872818437,672.310785473729,56000.4020682241,,791.754029600065
KRAS,SF3B1,8009.77553527167,841.362102939617,51001.0449649322,0.001,0.581533263756688,0.867660675229214,0.0323714028906692,7.7080695247994,3.03967679816447,2.53581878489646,8476.28103343185,779.739661376039,117,15,8,790,930,6643.63246952632,9551.72465763299,542.63113646483,1233.7240736212,22195.8828240794,104018.181692748,,2836.3382873073
KRAS,SMAD4,8016.49883224176,734.540902828009,47909.7032858933,0.001,0.509209751077725,0.833858947516509,0.0410091145734446,8.29402116222393,3.45057953090218,2.40366033819699,8476.28103614946,684.617138409799,117,18,8,787,930,6649.20788733542,9559.76188240721,487.129173591094,1054.29752081286,20999.0756379474,96257.034761937,,2311.57098204969
KRAS,TP53,6672.54934193965,688.214614677676,32061.6194620225,0.001,0.219002042912118,0.608224393714416,0.000766350374868388,32.9359868982214,18.5047731715898,1.77986439459781,8476.28103622339,646.06275320838,92,106,33,699,930,5398.97877942466,8132.67666232616,579.8685070108,809.343346300451,21983.5218658599,45199.6847505492,,755.532001665777
MED12,NF1,369.660854929091,345.176590544993,652.483979634776,1325.76534640653,0.997814205750256,0.972539832658535,0.685000565286781,0.895685275535626,0.33720121091694,2.65623386434473,372.914615762724,355.116014628306,15,17,1,897,930,214.4108932114,585.435687863785,206.269104368724,535.422297179255,,7459.38589967677,,8222.74403139015
MED12,NRAS,378.366616427359,4547.26834027913,0.001,22581.0068464682,0.974845165666868,0.91228583583484,0.722477275387382,1.12447582146467,0.4795516731145,2.34484808313073,372.914615770393,4680.45591164902,15,27,1,887,930,221.959379897926,595.307058623824,3039.90285634077,6483.44826325514,,5289.85774703823,1275.57625148365,103983.042111463
MED12,PBRM1,360.067249065209,748.92157800842,987.036618461102,5781.10101518945,0.986891701955937,0.850168048051683,0.0891260956969798,2.77740424562295,0.627191903248179,4.42831648693006,372.914615772665,793.894769804905,13,30,3,884,930,204.335783987903,577.217930333836,512.569066877658,1048.15571310523,,6239.49949339252,,19904.4558484391
MED12,PIK3CA,358.586482111676,1018.10996397938,928.786513166033,0.001,0.948319050149366,0.973712666033539,0.949678410388212,0.988776089010633,0.790009097857828,1.25160088876416,372.914615761647,1008.20815978368,15,42,1,872,930,206.344154055793,571.896151233224,743.302528532592,1353.53641370873,52.7678268825354,4155.40380869995,,8261.90832926961
MED12,POLE,376.80946528258,302.706822797273,0.001,0.001,0.847928190298499,0.860307432700881,0.729488256686808,8.37176097326017e-07,0.273602020647018,3.05983155879569e-06,372.914615760114,299.668378362498,16,15,0,899,930,221.010730169681,592.763047194057,174.191528948297,482.76210816464,,4470.38249965733,,3926.89300426091
MED12,PTPRT,375.708002851041,106.655734425648,0.001,0.001,0.88834042384922,0.876100699386808,0.77828231049197,1.41247173447105e-06,0.228893462640701,6.17086970582568e-06,372.914615772665,105.480497371191,16,12,0,902,930,220.367109606218,591.031539691298,57.1119751374528,178.881117964171,,6252.27262502893,,1580.08870332635
MED12,RASA1,333.128165689224,378.111254398255,3860.45114491848,297.342950432863,0.828964715574476,0.999894702371866,0.156558026523152,1.9067127053077,0.366405406907386,5.20383342975517,372.914615763932,377.226423261065,14,17,2,897,930,187.699093350213,539.240766120379,231.52205004149,575.971049316522,413.843056723395,13221.6746877611,,8633.36267361438
MED12,ROS1,375.129738605828,201.494192643916,0.001,0.001,0.910249033031879,0.891593895190352,0.81157682012275,7.92061446780934e-07,0.203090733246228,3.90003735828081e-06,372.914615762823,199.397233907562,16,11,0,903,930,220.029512932493,590.123573282838,104.626808255736,345.096639142994,,7892.87803641283,,3432.74492309459
MED12,SF3B1,378.222010459431,788.328198598601,0.001,0.001,0.798979094740587,0.778763055556753,0.6222338181756,8.74121977742243e-07,0.431987043569983,2.02349119204691e-06,372.914615760114,779.739661404154,16,23,0,891,930,221.841849704613,594.993609502731,508.452342504233,1155.84426643447,,3257.89807335401,,6163.8043630154
MED12,SMAD4,378.728351791037,664.292501025421,0.001,2867.98894039384,0.992173745207617,0.976024123025324,0.796180555762078,0.959072719566582,0.466553347860247,2.05565499415057,372.914615772649,684.617138425049,15,25,1,889,930,222.138504366254,595.791972175703,436.738910751639,959.798402064227,,5144.33807236746,161.722788835018,13224.1674516052
MED12,TP53,378.703491588406,652.84877018497,304.681209445252,0.001,0.976709141315741,0.829046631838158,0.472570710442029,1.04159720902663,2.46005929265525,0.423403294439455,372.914615773227,646.062753216676,15,138,1,776,930,217.910764221558,604.01035696628,550.13644491699,767.645185685074,17.3625043648756,1347.44661285851,,1523.84708108169
NF1,NRAS,360.731210929925,4722.47875282542,0.001,0.001,0.755061598347847,0.780340219975674,0.58922220374589,8.50574153265019e-07,0.551216308915593,1.54308597098361e-06,355.116014626709,4680.45591312417,18,28,0,884,930,218.69146719328,553.985617512814,3182.16827238234,6694.20226234951,,2471.41668683989,,37029.0785080989
NF1,PBRM1,363.454606560832,805.046514056274,0.001,0.001,0.660686884615592,0.635010791032165,0.419586848525327,1.46474417921094e-06,0.698683404559501,2.0964347652345e-06,355.116014627001,793.894769803378,18,33,0,879,930,220.339954738014,558.176889637246,560.654599065603,1111.87977738493,,1679.46707591691,,3443.4311951509
NF1,PIK3CA,282.655425731901,1018.31204638532,3375.2194726133,0.001,0.557389416432427,0.931807025845935,0.0322673787130089,4.01668499513872,0.887660831150232,4.52502223167141,355.116014619523,1008.20815976171,14,39,4,873,930,159.2331178777,457.639063074083,743.450770211245,1353.8033805589,1033.93238941482,8056.19131414483,,10647.4174223751
NF1,POLE,278.090524948449,302.367239476872,10580.1086710645,0.001,0.889925631831307,0.992904449074187,0.000703892795839721,3.7660154747723,0.307808289660142,12.2349384382417,355.116014616147,299.668378357565,14,11,4,901,930,156.663113460822,450.240595972363,173.996843359694,482.2207867596,3123.86361231527,27583.3071677558,,10808.4211107597
NF1,PTPRT,317.550106149753,106.701709205923,6308.98077577277,0.001,0.710405679020331,0.97362019319541,0.0702890876561464,2.00565514719489,0.25433499977665,7.88587944622722,355.116014617019,105.480497371834,16,10,2,902,930,186.256811322508,499.543203935469,57.1372287151442,178.960160306909,1017.11717922072,21313.4956683353,,2927.0353960429
NF1,RASA1,263.048368767709,376.193722740295,10147.6653969016,517.81568469107,0.461248298390402,0.999812062908235,9.99053550918495e-05,4.97389509755123,0.41334379536574,12.0333125918829,355.116014626955,377.22642326707,13,14,5,898,930,144.728710199479,432.946647937552,229.696321764534,573.918284918397,3237.87029937317,24500.1558960689,,11976.4874160034
NF1,ROS1,337.10112816784,201.854995032614,3778.88066871785,0.001,0.737787320700626,0.961072787325636,0.404136092726331,1.12926420667768,0.226045229580365,4.99574447456409,355.11601462745,199.397233907845,17,10,1,902,930,201.173539322255,523.692468595021,104.813719304471,345.715428792739,211.63456838883,17955.6970844586,,4687.0014453644
NF1,SF3B1,319.651152354299,788.8517145881,3091.34175977148,0.001,0.732759817782613,0.951173427680176,0.222089224036541,2.00962224874441,0.484254773052361,4.14992760128586,355.116014617579,779.739661416556,16,21,2,891,930,187.488868695032,502.852815747471,508.78502260255,1156.60154398677,506.916598760472,9908.65952110115,,11302.0392255336
NF1,SMAD4,320.121504211827,691.692570689644,2769.99965871746,0.001,0.849625105154319,0.978322363790729,0.269298397299545,1.9668711325752,0.524173290758424,3.752329939836,355.116014617196,684.617138420921,16,24,2,888,930,187.764003181849,503.593063819866,458.7257033248,992.697979291785,454.447349694926,8866.40699176042,,10221.77514932
NF1,TP53,319.602253338851,652.986901559473,797.162003146645,0.001,0.769569707091569,0.794990976202509,0.769552835176885,3.17951332752886,2.7609028885979,1.15162084862157,355.116014626269,646.062753231801,15,136,3,776,930,183.926832443896,509.805831449879,550.247009080569,767.799597786776,197.682826007228,2080.36988895572,,1884.82081169354
NRAS,PBRM1,4762.01668935691,806.205758697879,0.001,0.001,0.618994747750466,0.604822399171436,0.374420137859864,7.5140928884089e-07,0.991079568613866,7.58172514737458e-07,4680.45591301883,793.894769805855,28,33,0,869,930,3208.78546752923,6750.30916405517,561.468742016038,1113.47222628507,,19048.9831736042,,3082.61786231847
NRAS,PIK3CA,4706.40273405763,1010.04043320935,3538.25188450883,881.28429635871,0.976138258022961,0.999894359570444,0.977537356291953,1.05014787605845,1.28093936408276,0.819826375474395,4680.45591158925,1008.20815976884,27,42,1,860,930,3153.04569201215,6698.39265600798,735.099610780195,1346.11766768532,,29597.8353196174,,6552.32079776427
NRAS,POLE,4711.55792093191,304.292086971584,0.001,0.001,0.832237370043104,0.795490092765548,0.662047432239298,8.10681195494503e-07,0.449716488478324,1.80264948309445e-06,4680.45591309844,299.668378354516,28,15,0,887,930,3174.80642529896,6678.6815662127,175.103561671278,485.291521656057,,50239.5694596475,,2561.01612454576
NRAS,PTPRT,4702.54771917207,98.3860617178687,1004.81615925655,594.846472959158,0.997172409905959,0.983558722244465,0.646505130703115,1.02048846815857,0.354228790105512,2.88087387774045,4680.45591172571,105.480497371759,27,11,1,891,930,3166.87929880228,6668.35188841828,51.0885906223296,168.497902327039,,97898.5265327205,13.9641367768791,2753.1998081781
NRAS,RASA1,4724.0501779416,383.084516469134,0.001,0.001,0.773372982959121,0.747166917225617,0.577856547850742,8.34350168027291e-07,0.571556905603021,1.45978494852933e-06,4680.45591348764,377.226423277562,28,19,0,883,930,3183.18944849827,6696.35023322022,235.619508157255,582.093989682776,,35694.6903232077,,2530.40825995824
NRAS,ROS1,4700.50056187409,184.485345652407,1019.06031442238,1219.66370472684,0.997837754768244,0.988180446754203,0.611534189876263,1.02415731442899,0.328330402933187,3.1192886960194,4680.4559127148,199.397233907432,27,10,1,892,930,3165.63847806862,6665.30342999431,92.4423075526889,323.564979738412,,108793.385392226,31.5697111320215,5629.428399538
NRAS,SF3B1,4741.41701088105,791.464010356418,0.000999999999976353,0.001,0.698339818056281,0.711048118151558,0.496577082360951,5.21671612706276e-07,0.681569428262372,7.6539761185629e-07,4680.45591166059,779.739661402265,28,23,0,879,930,3194.86904827757,6720.98537013175,510.477142764586,1160.44186936954,,25497.825570151,,4467.77671580462
NRAS,SMAD4,4571.19709578404,694.301119531141,13126.7303201224,0.000999999999997669,0.985388516200665,0.992151733391893,0.940195213101347,1.07258567523136,0.769168580031259,1.39447411539844,4680.45591349954,684.617138434552,27,25,1,877,930,3056.37414646176,6518.64420378362,460.437430776263,996.405072463864,744.717790418088,59274.0871761096,,6441.1905230335
NRAS,TP53,4691.02272595655,656.541005219517,4550.00327773743,0.001,0.999130918427756,0.891109882007429,0.4469427599127,2.09541914104038,4.15405440946926,0.504427466396161,4680.45591195326,646.062753184578,26,137,2,765,930,3110.85395269126,6732.9445852155,553.245343874513,771.998367328943,755.004143842372,14121.9878154637,,1205.49631893683
PBRM1,PIK3CA,764.884592675093,1029.24623112533,1896.5164461878,0.001,0.919405367931457,0.953814790876587,0.92072329355825,1.95882221835827,1.6371919377997,1.19645239701755,793.894769812448,1008.20815975274,31,41,2,856,930,526.222189220795,1066.69708699402,751.423020925328,1368.36299247256,312.840607629727,5979.55977032649,,4677.94293286845
PBRM1,POLE,802.173768914052,306.156252200008,0.001,0.001,0.713171028635395,0.726457247651777,0.518115021847482,1.33293206067532e-06,0.566394065846628,2.35336515873078e-06,793.894769817265,299.668378360291,33,15,0,882,930,558.658250444311,1107.8994932074,176.175277614312,488.269384833537,,4639.96033664769,,1835.91213426423
PBRM1,PTPRT,799.527793970188,108.00486371369,0.001,0.001,0.794512973581714,0.753724171269636,0.598862453643554,2.59258620297249e-06,0.473409422915022,5.47641444694663e-06,793.894769807368,105.480497370999,33,12,0,885,930,556.81987551802,1104.23457416043,57.8344891577946,181.147927428077,,6831.49140695436,,731.911993107136
PBRM1,RASA1,779.399986124788,386.410863678632,1951.73197487342,0.001,0.939485096599419,0.95334707635796,0.934501530397702,0.929681982474917,0.758313890570965,1.22598569541555,793.894769756634,377.226423276006,32,18,1,879,930,539.575760312614,1081.55631566039,237.658381020675,587.154110911393,110.129446843051,8974.05158931926,,2780.78255781543
PBRM1,ROS1,798.691688486431,203.751077647164,0.001,0.001,0.82196380791652,0.789094958333197,0.648620942417161,1.34612708980477e-06,0.420933146342017,3.19795934699571e-06,793.8947698039,199.397233907562,33,11,0,886,930,556.237505364945,1103.07624356301,105.797604603072,348.963841966207,,8045.24351917904,,1649.37478775902
PBRM1,SF3B1,804.998823782889,797.883727824098,0.001,0.001,0.636211680925757,0.591337216083058,0.376257486368391,1.17536721255286e-06,0.896279481636156,1.31138471496327e-06,793.894769810119,779.739661396149,33,23,0,874,930,560.625920821598,1111.80100982306,514.609455226832,1169.8714931089,,3434.05598524343,,2906.17608145267
PBRM1,SMAD4,807.695530043941,699.486975735059,0.001,0.001,0.570334564631574,0.574709841141964,0.327824715701751,1.35418853525887e-06,0.964963011628026,1.40335797221302e-06,793.894769748358,684.617138411734,33,26,0,871,930,562.498824876936,1115.53978783865,463.890078066879,1003.90142626631,,2770.00251367938,,2416.99854273134
PBRM1,TP53,833.122846369347,660.3755801338,317.752575274654,0.001,0.540050705070603,0.362570908975409,0.0573311790661356,1.07157731410645,5.09351409832992,0.21038074960032,793.894769815123,646.062753189306,32,138,1,759,930,576.734357200911,1156.21345437232,556.46412215657,776.520443948294,18.1079007846894,1405.15618531175,,722.209258641222
PIK3CA,POLE,976.864183170236,257.508326335822,5709.91413145529,2101.59413031215,0.978188644138178,0.955348063707168,0.0162107153924641,4.05718783300321,0.733623592212313,5.53033991282691,1008.20815980285,299.668378359779,39,11,4,876,930,705.479025671385,1309.20315976038,135.82598430406,433.786499988318,,24988.6693376928,,6809.5315780441
PIK3CA,PTPRT,1007.68351065176,83.2183427807605,1080.65673712924,1021.10789739516,0.999765137661357,1,0.0594288699636921,3.06158329902139,0.603440188844018,5.07354888789612,1008.20815976089,105.480497371387,40,9,3,878,930,734.204671571945,1341.53074605098,40.011012442354,149.890456813229,,21662.5321670641,185.436768444535,2855.45374934342
PIK3CA,RASA1,1021.02113113409,387.329393036748,0.001,0.001,0.585527804132609,0.607660063976434,0.355850179399155,1.78807774562587e-06,0.952502077296411,1.8772428829774e-06,1008.20815973752,377.226423275013,43,19,0,868,930,745.425712250211,1357.41305827537,238.224007643338,588.547876558972,,3691.3090228179,,1483.8988989496
PIK3CA,ROS1,965.934390621519,204.484076812646,9321.92136901042,0.001,0.752696173128228,0.955497850284424,0.219870634842893,2.17723478224585,0.533442953296908,4.08147632055049,1008.20815978082,199.397233909548,41,9,2,878,930,699.610942715946,1292.57473882694,106.178172865198,350.221242151313,1494.74771889786,32089.0828204485,,2792.12137608628
PIK3CA,SF3B1,973.315270322997,799.463692706271,3755.94658825935,0.001,0.926590005249528,0.698528929274217,0.699530125316279,2.09379732667798,1.15886548489759,1.80676476602719,1008.20815976076,779.73966136943,41,21,2,866,930,704.946374874086,1302.45786855433,515.630322446054,1172.19014062048,616.225007358656,12023.2522227578,,5570.23022560238
PIK3CA,SMAD4,1022.98025225614,619.994519314741,0.001,3335.46631360863,0.968523912464058,0.849397656255528,0.365766408550329,3.01930319107713,1.26605694830927,2.38480835724586,1008.20815975247,684.617138417408,40,23,3,864,930,746.855456215388,1360.01629072454,399.877860605405,909.043320827785,,7378.00837085521,821.405013898385,8839.17456403273
PIK3CA,TP53,859.27203188644,660.465850701775,2873.89859719717,0.001,0.684447690394525,0.828773880728094,0.419670961835285,9.4474024855041,6.56506056052637,1.43904270164823,1008.20815975416,646.0627532008,34,130,9,757,930,601.769159115218,1181.44706493739,556.545168565277,776.626138207932,1372.22796326242,5231.60934540058,,1356.88702616694
POLE,PTPRT,240.955299087054,106.298100933593,10652.5991738213,0.001,0.713210255884515,0.993242866924508,0.00259901637718412,3.04625984081903,0.207427575207353,14.6858962111178,299.668378362011,105.480497371224,12,9,3,906,930,129.028892669253,404.126818321782,56.9213621367685,178.281972981973,2536.99652688422,30830.8207805204,,5083.21518590148
POLE,RASA1,262.42320426467,380.557052894975,3724.00160015346,0.001,0.818449998355031,0.987643615980158,0.126588694540757,1.92971597256883,0.329149467860132,5.86273459627419,299.668378360713,377.226423277981,13,17,2,898,930,144.357968531276,432.015969734425,234.062869926158,578.2445671993,608.422919478819,12066.6221152404,,9035.51591991385
POLE,ROS1,281.122232902124,201.287699424859,3801.56573915663,0.001,0.785071999419956,0.975667922496694,0.352684888735179,1.10371791026473,0.184630405118352,5.97798563869922,299.668378360405,199.397233907756,14,10,1,905,930,158.373156141052,455.147935734339,104.518349134218,344.738945062651,213.148150778419,17972.8188484215,,6260.66726377923
POLE,SF3B1,303.677415438289,787.013647743199,0.001,0.001,0.820001662579445,0.808955134826151,0.66335628089942,9.33845247663365e-07,0.396945783929756,2.3525763100903e-06,299.668378354516,779.739661427289,15,23,0,892,930,174.751566217615,484.315259044969,507.605123176523,1153.90661775916,,2957.88922274492,,7254.92743124958
POLE,SMAD4,287.413278237078,685.765826040469,1111.50368747547,553.862137912048,0.987218929333288,0.999938311427868,0.766164959688246,0.969259369655102,0.4364918375357,2.22056699874904,299.668378353927,684.617138410157,14,25,1,890,930,161.993813957736,465.029386829132,453.417740524449,986.095942431505,,5815.69202171256,,11289.1581442009
POLE,TP53,237.19297295367,650.610465899622,1077.51733365413,0.001,0.841947322014658,0.954840951799485,0.446887952793376,4.17769125037265,2.28352053628857,1.82949580876671,299.668378355951,646.0627532147,11,135,4,780,930,123.158800229756,406.258439245777,548.258367825063,765.002892979681,333.363066942919,2520.03290194106,,3242.89865600579
PTPRT,RASA1,106.677767281932,339.418313436431,0.001,6436.28282667827,0.992673480181629,0.790722358828365,0.0764337507095513,2.06736724361292,0.277160558068946,7.45909612109615,105.480497372214,377.226423276664,10,17,2,901,930,57.1226178228721,178.913796159043,202.563311445485,527.312859908277,,3197.35142975283,1041.37074971784,21848.9612778459
PTPRT,ROS1,79.4413809757611,200.438570130187,5670.73403163153,0.001,0.79582974738263,0.9948573289605,0.000773137658809083,3.19305162393651,0.152882889672399,20.8856048625105,105.480497370969,199.397233908048,9,8,3,910,930,38.1723552822495,143.210130293868,104.078869280241,343.285430744225,1330.63558789493,17117.6571697519,,15168.1046737557
PTPRT,SF3B1,106.938139954444,785.274270561749,0.001,0.001,0.848691619728019,0.850861188720602,0.722126794257281,1.80370484683225e-06,0.329887451121113,5.46763704015539e-06,105.480497372214,779.739661412508,12,23,0,895,930,57.2638614755047,179.356256064131,506.486006757421,1151.35532507006,,1260.56568259768,,9563.552817133
PTPRT,SMAD4,107.214873162606,689.479265880504,0.001,0.001,0.822868761661862,0.833234989427211,0.685653311594659,1.97636312573857e-06,0.355510460704942,5.55922636374647e-06,105.4804973711,684.617138420354,12,26,0,892,930,57.4118779675402,179.821185159041,457.259571198173,989.517557538078,,1061.3958002871,,7421.32095740041
PTPRT,TP53,47.3435293886285,648.10036488305,843.745311147748,0.001,0.733080736911269,0.977835344263564,0.00192643347066395,7.37809170933217,1.85309875329612,3.98148868008719,105.480497371177,646.062753218098,5,132,7,786,930,16.977218580809,101.761221395726,546.149540676809,762.043538357179,360.557976191075,1646.99795320439,,7514.40218212794
RASA1,ROS1,379.443170034272,201.789830998979,0.001,0.001,0.895484697216571,0.877399753946159,0.785703450101499,9.50613976761572e-07,0.244332639994022,3.89065487437467e-06,377.226423266245,199.397233908178,19,11,0,900,930,233.378382118194,576.548620809895,104.779973117776,345.602189202783,,6813.11427447329,,3000.02915795972
RASA1,SF3B1,362.253015380828,789.374377129262,1463.56620483942,0.001,0.929044862205734,0.971994492183356,0.808510160904812,1.00017712519763,0.522885505319073,1.91280330975575,377.226423278775,779.73966137611,18,22,1,889,930,219.613373290295,556.324674804612,509.126679168734,1157.37863325999,82.8635006698783,6637.42041227755,,9358.1031964246
RASA1,SMAD4,342.694931092539,692.293464006978,2578.574845066,0.001,0.953463627699925,0.988615905227386,0.334121638563083,1.83660815172377,0.55778076925053,3.29270611855543,377.226423278518,684.617138428631,17,24,2,887,930,204.508606530929,532.391708307071,459.123417936621,993.562096229613,422.32201256023,8293.83483466205,,9695.92906695182
RASA1,TP53,256.655803458642,651.413102855076,1912.19738691405,0.001,0.508895900627459,0.857098861434254,0.0437372810533854,7.46177402878073,2.9452063185023,2.53353185544407,377.226423278515,646.062753204324,12,132,7,779,930,137.430334916639,430.495096603951,548.933961019913,765.952944349627,816.949646555594,3733.68354176363,,2928.29788225003
ROS1,SF3B1,202.018079612065,784.272905266358,0.001,0.001,0.866572109204692,0.87606294920308,0.759177353904749,9.26281110363771e-07,0.289893956442847,3.19524119001905e-06,199.397233908628,779.739661380372,11,23,0,896,930,104.898658343964,345.992906555103,505.839927240768,1149.88331858075,,2727.7100483558,,11735.8963100603
ROS1,SMAD4,202.752991844014,688.562205598729,0.001,0.001,0.832752489755818,0.862423731395058,0.718193278388267,1.04428403599303e-06,0.317570863272684,3.28834964653654e-06,199.397233908759,684.617138421657,11,26,0,893,930,105.27973286551,347.25401530951,456.651900410763,988.19908406627,,2139.17560287678,,9184.81441652233
ROS1,TP53,136.878332900902,648.876270490279,988.247956165661,0.001,0.905344616718398,0.962822844068653,0.188353586028028,4.21493839166224,1.6777193035773,2.51230249462767,199.397233908868,646.062753215889,7,135,4,784,930,58.8125081478293,264.731736800203,546.79995398745,762.959028428435,305.750811246561,2311.16623683673,,5088.58196652644
SF3B1,SMAD4,792.709527670584,693.740798049116,0.001,0.001,0.686046716144898,0.710887350807232,0.487727845238799,9.60404376094612e-07,0.682903736493678,1.40635396289635e-06,779.739661399757,684.617138426426,23,26,0,881,930,511.276347623248,1162.27257680136,460.083240723076,995.639699230535,,4053.40854476259,,3924.72628178566
SF3B1,TP53,621.378883492624,653.190978266057,2775.34262592714,0.001,0.727156485477128,0.894124279692795,0.302075326392773,6.36648110186657,3.5394139770311,1.79873875821863,779.739661418245,646.062753213363,17,133,6,774,930,370.8025087971,965.3845839515,550.431969332975,768.051315963427,1097.74214515378,5672.45203854616,,2295.0605576366
SMAD4,TP53,626.827624542946,655.531734935461,1382.50796203286,0.001,0.876731652425639,0.878457176376955,0.875488620684516,4.08444580118115,3.93818710902791,1.03713858384686,684.617138422798,646.062753208691,22,135,4,769,930,400.007165538351,926.539943634866,552.394393951166,770.806908543541,427.740600603186,3233.05064423222,,1599.60952329893
