variant_A,variant_B,ces_A0,ces_B0,ces_A_on_B,ces_B_on_A,p_A_change,p_B_change,p_epistasis,expected_nAB_epistasis,expected_nAB_null,AB_epistatic_ratio,ces_A_null,ces_B_null,nA0,nB0,nAB,n00,n_total,ci_low_95_ces_A0,ci_high_95_ces_A0,ci_low_95_ces_B0,ci_high_95_ces_B0,ci_low_95_ces_A_on_B,ci_high_95_ces_A_on_B,ci_low_95_ces_B_on_A,ci_high_95_ces_B_on_A
ADGRG4,AKAP6,950.148639513362,457.716293541277,0.001,0.001,0.967443627750273,0.934603794824328,0.941381787774567,9.61572478542713e-08,0.0565603733456143,1.70008156181535e-06,942.216585337928,445.33579249984,4,1,0,69,74,294.939753194499,2207.75072294583,26.1158049216985,2015.60807041705,,95463.6485565138,,34676.0266322147
ADGRG4,ANK2,761.421689990997,982.350502860431,0.001,0.001,0.921884771287525,0.955055271142725,0.923451465326292,1.23261665569731e-07,0.100513320925222,1.22632168985275e-06,752.818513153529,959.899168701257,3,2,0,63,68,189.341026458436,1974.82067199217,163.333307454287,3033.89134580063,,53167.8553310504,,45848.312952925
ADGRG4,ANK3,946.181065866734,235.218907359411,0.001,0.001,0.983634140858184,0.97335300561646,0.957424745560538,1.7634848272787e-07,0.0633783494911888,2.78247199782927e-06,942.216585337928,228.939222303118,4,1,0,69,74,293.715363617406,2198.43066434794,13.4208974940505,1035.79205480145,,193059.109576846,,18058.1107653847
ADGRG4,APC,973.301655149413,1168.0272420195,0.001,0.001,0.879797567994766,0.783379401852711,0.789060687671627,2.4757172762107e-07,0.2418351809832,1.02372089376966e-06,942.216585340071,1136.08231302028,4,4,0,66,74,302.095674955497,2261.99638358031,362.534773560007,2714.54686685357,,15737.8387290018,,22141.0257430244
ADGRG4,APOB,967.411232188959,669.611706615655,0.001,0.001,0.901148031673234,0.80156208189128,0.807375233424549,3.18739042852109e-07,0.233872977485286,1.36287247154136e-06,942.216585337928,651.196063365282,4,4,0,66,74,300.283248359619,2248.07970325174,207.83903417237,1556.15972651582,,19168.5783727892,,12553.0480697257
ADGRG4,ARID1A,949.444423519391,102.88155843804,0.001,12362.0154739877,0.997112937314554,0.866840814221913,0.0094607986979007,2.08902197589882,0.169181857747895,12.3477895544318,942.216585338367,304.58819391677,2,1,2,69,74,294.728593795254,2206.01409912256,5.87007266280811,453.051510557002,,224782.843005386,1786.54342107974,72653.7959522516
ADGRG4,ARID1B,960.093524783212,719.661507093969,0.001,0.001,0.928458235972727,0.846710521771584,0.852851099265799,2.32037868261661e-07,0.178546646819988,1.29959241685229e-06,942.216585337928,699.354905474789,4,3,0,67,74,298.030296610123,2231.0471431794,178.944674825332,1866.69722997554,,27849.3256383804,,17479.1332465529
ADGRG4,ARID2,968.694034539108,1407.2503838601,0.001,0.001,0.896443207878204,0.795891330064792,0.801663355922069,2.10745274360075e-07,0.22408301370862,9.40478579220247e-07,942.216585340191,1367.81027206381,4,4,0,66,74,300.678781414403,2251.09848075984,436.770094844613,3270.73415249991,,18264.6541243153,,25959.0433286008
ADGRG4,ASTN1,,,,,,,,,,,,,4,0,0,70,74,,,,,,,,
ADGRG4,ATM,948.227756739739,180.875734849085,0.001,0.001,0.975212475234635,0.973735171066405,0.949601555250407,2.03733763381054e-07,0.059043421570108,3.45057515237563e-06,942.216585337928,176.109955095365,4,1,0,69,74,294.348507125257,2203.23753621335,10.3202006929426,796.503634714827,,126318.343916236,,14092.6394421681
ADGRG4,BAP1,,,,,,,,,,,,,4,0,0,70,74,,,,,,,,
ADGRG4,BRAF,,,,,,,,,,,,,4,0,0,70,74,,,,,,,,
ADGRG4,BRCA2,,,,,,,,,,,,,4,0,0,70,74,,,,,,,,
ADGRG4,CDH8,,,,,,,,,,,,,4,0,0,70,74,,,,,,,,
ADGRG4,CSMD3,973.773180722178,822.836028766353,0.001,0.001,0.878042735318499,0.780170972595561,0.785828989917903,2.78794493187642e-07,0.229167015427161,1.21655593702251e-06,942.216585337928,799.917777399432,4,4,0,66,74,302.246937634774,2263.12523398054,255.395971562744,1912.28631844341,,15440.2764274986,,15262.4919718209
ADGRG4,CTNNA2,,,,,,,,,,,,,4,0,0,70,74,,,,,,,,
ADGRG4,CUBN,948.209489223686,195.378713278063,0.001,0.001,0.97529490029099,0.972976389916,0.948941603392257,1.99465156793064e-07,0.061547448232034,3.24083552645562e-06,942.216585342154,190.084039983653,4,1,0,69,74,294.342836875359,2203.19438528852,11.1476944904612,860.366508291064,,126805.925771696,,14783.5158070506
ADGRG4,DMXL1,,,,,,,,,,,,,4,0,0,70,74,,,,,,,,
ADGRG4,DMXL2,957.504538728884,753.094451265387,0.001,0.001,0.938420786095045,0.883124447924049,0.889529107215138,1.54416280083143e-07,0.122515640824503,1.2603801363153e-06,942.216585337928,733.030412749743,4,2,0,68,74,297.216358407623,2224.99991281145,125.213015836215,2325.96265917872,,35567.7049500165,,29144.6885527193
ADGRG4,DNAH5,757.725443636442,210.02712916575,0.001,0.001,0.980929956573203,0.97729559909142,0.958660284700073,1.65197008846244e-07,0.0520336145385998,3.17481324930247e-06,752.818513157056,205.246198294797,3,1,0,64,68,188.422799334683,1965.18657827926,11.9835256629529,924.862296702469,,132095.973862753,,19741.8401197294
ADGRG4,EPHA2,,,,,,,,,,,,,4,0,0,70,74,,,,,,,,
ADGRG4,ERBB2,971.637711447984,1758.75259664423,0.001,0.001,0.885781548913744,0.784465168298568,0.790154328547102,2.08250751282391e-07,0.240121362967508,8.67272901955709e-07,942.216585337928,1708.44525395026,4,4,0,66,74,301.584763702236,2258.03935831485,545.897514717576,4087.24824904286,,16520.2648937064,,31700.7593220598
ADGRG4,ERBB3,779.422363623615,3428.64941881829,0.001,0.001,0.902153789306609,0.910214215029472,0.82119573821526,1.602055142505e-07,0.188132577598884,8.51556473074393e-07,752.818513155479,3347.56672361418,3,4,0,61,68,193.795892873658,2021.92067329892,1064.20688410129,7968.13746447852,,15666.2414844921,,77894.6886694056
ADGRG4,ERBB4,949.345620935837,241.277583093332,0.001,0.001,0.970687541880518,0.973262075284267,0.944737052048356,1.69419888715328e-07,0.0620211715232857,2.73164605818062e-06,942.216585337928,234.801311061851,4,1,0,69,74,294.692327931249,2205.8590684069,13.7664881333331,1062.5005357522,,106329.264924729,,18461.9131084998
ADGRG4,FAT2,,,,,,,,,,,,,4,0,0,70,74,,,,,,,,
ADGRG4,FBN2,,,,,,,,,,,,,4,0,0,70,74,,,,,,,,
ADGRG4,FBXW7,999.999812181413,1000.99996745499,1001.99994257199,1002.99994587645,1,1,1,0.135257168782408,0.122269710913406,1.10621974789978,942.216585342065,959.382208997649,4,2,0,68,74,296.024412887066,2221.18534586119,163.739992090925,3042.11250407358,,42227.2080913133,,39912.6149720421
ADGRG4,FGFR2,,,,,,,,,,,,,4,0,0,70,74,,,,,,,,
ADGRG4,GLI3,954.860917239661,243.046601379405,0.001,0.001,0.948793670239282,0.890687563258418,0.897147069804822,3.38941116847548e-07,0.123754285870593,2.73882326145836e-06,942.216585337928,236.292841494806,4,2,0,68,74,296.399311789194,2218.7397220613,40.4103113026501,750.645020451075,,42481.7835791622,,8992.68202810351
ADGRG4,GNAS,951.094505271754,375.573588814874,0.001,0.001,0.963664758295566,0.929162763617719,0.935901298082927,1.23395637877371e-07,0.0629584938316781,1.95995219020445e-06,942.216585337928,364.69091774081,4,1,0,69,74,295.231068219491,2209.98222061303,21.4286816027691,1653.9708682587,,85121.8008071889,,26612.8327758183
ADGRG4,HMCN1,,,,,,,,,,,,,4,0,0,70,74,,,,,,,,
ADGRG4,HYDIN,778.652266294991,927.758488020038,0.001,0.001,0.904790633215318,0.90964104279303,0.82307849849159,2.67539420637473e-07,0.208530760187171,1.2829734107205e-06,752.818513153764,905.655689619276,3,4,0,61,68,193.607667698529,2019.87353986703,287.954089320053,2156.23573710325,,16029.6620861416,,21014.8643870127
ADGRG4,IDH2,706.666838554767,2550.50613906395,317206628.312682,0.001,0.775626903813177,0.98938003023894,0.0381231081247385,1.00159751502647,0.0501685152456948,19.9646632977128,942.216585338947,2497.33029491362,3,0,1,70,74,175.72761439446,1832.71128441641,145.530633852632,11231.8352466164,6812.37784912648,,,409475.160854752
ADGRG4,KMT2C,964.923816791726,592.730607900965,0.001,0.001,0.910289852666507,0.832539676469882,0.838577485469067,2.56189395891025e-07,0.175377409393592,1.46078903079285e-06,942.21658533435,576.506898672522,4,3,0,67,74,299.5089586325,2242.32972538293,147.380364174551,1537.5537738633,,21963.5333532633,,14915.4391824644
ADGRG4,KRAS,1035.16897857601,14843.954453642,0.001,55581.2939166045,0.940346271804822,0.880321839020541,0.823943412409973,0.948902029537125,0.575496240564922,1.64884140442978,942.216585331487,15930.2202228255,3,10,1,60,74,321.203757653505,2407.41980007921,7432.53995817012,26059.2511672097,,8772.26287159758,3020.82927372824,314397.509052705
ADGRG4,LAMA1,964.816424774034,401.108346276785,0.001,0.001,0.910786145341906,0.830909567808983,0.836935554753105,3.50679205000926e-07,0.1847187261243,1.89844967188085e-06,942.216585342059,389.785987712143,4,3,0,67,74,299.47187963236,2242.13934469874,99.7324205815104,1040.5224380897,,22621.0925982074,,9793.67179381654
ADGRG4,LAMA2,957.497590949231,562.003868757416,0.001,0.001,0.938394484465913,0.882033556242624,0.8884303040954,1.86182829649099e-07,0.123980512948325,1.50171043191844e-06,942.216585337928,546.68408963635,4,2,0,68,74,297.2192265867,2225.02138500256,93.4393938602181,1735.78576373221,,35545.5406345873,,21253.8174027073
ADGRG4,LRP1B,952.674328927451,257.397453697407,0.001,0.001,0.957444375636777,0.900452118735866,0.906982438001874,3.07318735926279e-07,0.117879479416204,2.60705881505644e-06,942.216585337928,250.485700606529,4,2,0,68,74,295.724362107505,2213.60400940292,42.797042951017,794.941471215948,,51456.5178046444,,9829.06466384726
ADGRG4,LRP2,,,,,,,,,,,,,4,0,0,70,74,,,,,,,,
ADGRG4,LRRIQ1,946.180616578111,623.837868247919,0.001,0.001,0.983628426135249,0.973947411114566,0.958003960299686,8.49054071962868e-08,0.0609799972554706,1.39234849159771e-06,942.216585337928,607.551723215317,4,1,0,69,74,293.715194559202,2198.42940128516,35.5943911539391,2747.08173584911,,192912.937612321,,48938.4135031917
ADGRG4,MACF1,771.157141408098,745.943124823654,0.001,0.001,0.931104759793492,0.934946290024567,0.870553472157657,2.1672588287544e-07,0.153658228814322,1.41044111042909e-06,752.818513153764,729.218775332758,3,3,0,62,68,191.750653772113,2000.27308167572,185.485279956186,1934.78904249173,,23211.02881719,,23797.5702704728
ADGRG4,MED12,946.500212127991,306.34628517507,0.001,0.001,0.982323409028024,0.972405965432915,0.955219632385717,1.3938717255131e-07,0.0615234225368727,2.26559522867524e-06,942.216585337928,297.867235812778,4,1,0,69,74,293.81407516455,2199.17807115578,17.4789964039212,1349.06393146725,,178174.029427486,,22682.5933149733
ADGRG4,NF1,960.46790483215,835.230416804197,0.001,0.001,0.927137109512447,0.848705432405924,0.854860477762048,2.14725248328523e-07,0.17953287010603,1.19602192178908e-06,942.216585337928,812.710687779919,4,3,0,67,74,298.134670941182,2231.85021830475,207.686388077132,2166.4040423679,,27402.7207215298,,21278.8406692868
ADGRG4,NRAS,,,,,,,,,,,,,4,0,0,70,74,,,,,,,,
ADGRG4,PBRM1,711.017080016913,628.300692365875,31266.8661667656,0.001,0.891693964502991,0.993513868789396,0.156158285560556,1.1256256360542,0.123086763803535,9.14497709803197,942.216585338535,615.15486354303,3,1,1,69,74,176.806517070069,1844.02342881623,104.468356005078,1940.34877456719,1533.80480359074,517286.975094056,,54154.8798715784
ADGRG4,PEG3,956.556940364886,592.941410835859,0.001,0.001,0.942166540604139,0.885478076175193,0.891899803766973,1.80986554503687e-07,0.12464904874726,1.45196899874189e-06,942.216585337928,576.777933246576,4,2,0,68,74,296.920228064266,2222.72895808495,98.5854545793505,1831.28954315571,,37837.9236296229,,22384.3787523613
ADGRG4,PIK3CA,999.999855210558,1001.00004753405,1001.99989954234,1002.99991915951,1,1,1,0.188703999431434,0.175917698706319,1.07268342423272,942.216585337928,989.995686923811,4,3,0,67,74,299.267810357204,2243.73751837376,252.864346732659,2638.71624595124,,22824.0535455647,,27068.1929709072
ADGRG4,PLEC,954.561809370586,254.480156210298,0.001,0.001,0.949997324297473,0.888878910388468,0.895325299775226,3.23846197669542e-07,0.122506001042293,2.64351292927879e-06,942.216585337928,246.99959838073,4,2,0,68,74,296.307275329926,2218.0367068495,42.3110434186481,785.969136118235,,43480.3789110533,,8871.72089275856
ADGRG4,POLE,955.90714588689,218.567362359795,0.001,0.001,0.944682549714235,0.912418439079369,0.919035544818723,1.71506534503776e-07,0.0577224935399038,2.97122532284946e-06,942.216585337928,212.586197803358,4,1,0,69,74,296.709005243778,2221.39480684577,12.4706354589011,962.515926396468,,54924.6386746408,,16451.1358488786
ADGRG4,PREX2,959.173470659828,742.730712251987,0.001,0.001,0.932160704316404,0.852544218637796,0.858727103036159,2.28692964204802e-07,0.179324485582931,1.2753024968196e-06,942.216585337928,722.493784878851,4,3,0,67,74,297.732029632107,2228.81449857296,184.685807338219,1926.47758873302,,29934.4992148724,,18682.8068311199
ADGRG4,PTPRT,,,,,,,,,,,,,4,0,0,70,74,,,,,,,,
ADGRG4,RASA1,946.499345497612,314.362719986518,0.001,0.001,0.982331881280757,0.973542785031094,0.956344290030677,1.39544526522525e-07,0.062838331332546,2.22069115400349e-06,942.216585337928,306.025946874233,4,1,0,69,74,293.812733739032,2199.16802834459,17.9366959964553,1384.35163364823,,178357.629890174,,24335.5329016531
ADGRG4,ROBO2,947.992620628595,325.693264551369,0.001,0.001,0.9761851940104,0.972959638343769,0.949791687159173,1.35791811297151e-07,0.0626870355367393,2.16618651902221e-06,942.216585337928,316.857661590083,4,1,0,69,74,294.275565624091,2202.68227682562,18.5829305507061,1434.23007214845,,131586.027608786,,24651.6320865692
ADGRG4,ROS1,,,,,,,,,,,,,4,0,0,70,74,,,,,,,,
ADGRG4,RYR1,764.178029058694,358.978302546653,0.001,0.001,0.956588178721299,0.953398345769379,0.912020816916723,2.1554931978196e-07,0.099663793390868,2.16276455519413e-06,752.818513153764,350.440387335635,3,2,0,63,68,190.021390575411,1982.0520314601,59.6845229624809,1108.75319881912,,41179.0118628277,,16153.8223882325
ADGRG4,SACS,718.832081631144,539.391073463242,12228.3570743621,0.001,0.892011599150136,0.998992404180589,0.335337341147818,1.23181447261286,0.240032091670796,5.13187409249549,942.216585337928,528.75434806463,3,3,1,67,74,178.754349253626,1864.4402073726,167.430933018716,1253.35483576563,660.200717827251,71164.9517737757,,24512.0044009721
ADGRG4,SF3B1,954.54083939393,883.764510836337,0.001,0.001,0.950024300051925,0.893690426268766,0.900171710059254,1.3734076194003e-07,0.11906048904732,1.15353769364616e-06,942.216585338047,860.12760537155,4,2,0,68,74,296.301453015249,2217.99019342771,146.942092723399,2729.40097864748,,43392.2112631057,,33978.265726546
ADGRG4,SMAD4,995.737000795854,2591.78468465217,0.001,0.001,0.804163452130071,0.654175452737589,0.658919702175258,3.06554001905379e-07,0.394248658443994,7.77565111103422e-07,942.216585337928,2516.73934831837,4,7,0,63,74,309.034280013256,2314.50108940964,1113.08079488793,5016.57261796667,,8916.85850167801,,26631.835900383
ADGRG4,SPHKAP,,,,,,,,,,,,,4,0,0,70,74,,,,,,,,
ADGRG4,SPTA1,947.687379582454,224.188245066607,0.001,0.001,0.977437113896064,0.973262016154396,0.951304867302012,1.71779749821334e-07,0.0594154404271291,2.89116345156131e-06,942.216585337928,218.177744395084,4,1,0,69,74,294.180759473601,2201.96135856273,12.7914842169223,987.22900307388,,139119.015354814,,17136.157216154
ADGRG4,SYNE1,989.558754414318,327.179512374881,0.001,0.001,0.824237890009069,0.670202038646769,0.675062522918198,9.47337334685633e-07,0.417607965626526,2.26848482946049e-06,942.216585337928,317.737630658425,4,7,0,63,74,307.130054457043,2299.9448425753,140.5299728373,633.147552927907,,10038.213547506,,3356.71302267418
ADGRG4,SYNE2,756.453751266723,519.487493721182,0.001,0.001,0.985871459771631,0.977930973282916,0.964115621252608,8.35446248613828e-08,0.0494473264847698,1.68956808791503e-06,752.818513158502,507.97033233548,3,1,0,64,68,188.106620459143,1961.8447120123,29.6390315089981,2287.47392483286,,179000.211945618,,50133.9498633816
ADGRG4,TENM1,,,,,,,,,,,,,4,0,0,70,74,,,,,,,,
ADGRG4,TP53,1098.44153817686,1781.04362330828,0.001,3753.48836635241,0.924082919507584,0.917177896975359,0.923829524491533,1.04804120406211,1.01350416042969,1.03407686419144,942.216585338272,1835.80904331215,3,17,1,53,74,340.737693416703,2555.6947280566,1061.02395868322,2773.5556317397,,5480.49419802437,204.30842252186,21089.3904307517
ADGRG4,TTN,773.082803463108,1131.84494738756,0.001,0.001,0.924263881141666,0.932362849872372,0.861778743704898,1.83822419998377e-07,0.157214593598464,1.16924527037147e-06,752.818513155479,1105.30947629262,3,3,0,62,68,192.225515977658,2005.37063026269,281.423117137746,2936.1690766168,,21276.1819825891,,34700.3160876195
ADGRG4,XIRP2,954.662446484265,504.383648006167,0.001,0.001,0.949557961563206,0.892440321138333,0.89891253895365,1.83197502635728e-07,0.114273822115635,1.60314496569781e-06,942.216585342154,490.657497141621,4,2,0,68,74,296.338401309066,2218.2769231292,83.8621148006308,1557.75837142228,,43196.1552259275,,19013.4507632853
ADGRG4,ZFHX3,756.454453580023,217.984514001676,0.001,0.001,0.985862067151745,0.97696920751317,0.963158540547681,1.55293489781903e-07,0.0504392843786726,3.07882024288922e-06,752.818513158502,212.948989883329,3,1,0,64,68,188.107693315733,1961.85590310453,12.4374284413952,959.924798975899,,178745.118058366,,20163.1807513746
ADGRG4,ZNF521,,,,,,,,,,,,,4,0,0,70,74,,,,,,,,
ADGRG4,ZNF536,771.194017701521,625.93584023302,0.001,0.001,0.930971299914351,0.931341815506789,0.867075672826266,2.29025662484318e-07,0.148069257874201,1.54674687894294e-06,752.818513153529,611.094230959232,3,3,0,62,68,191.761439145928,2000.37186826532,155.640587903623,1623.61831601597,,23055.3620120323,,18867.5993506315
AKAP6,ANK2,489.379417342856,969.185300169435,0.001,0.001,0.964902013400265,0.981050300522967,0.966541812071278,4.86996524461103e-08,0.0306349473961895,1.58967638547889e-06,482.109303301245,959.899168701257,1,2,0,65,68,27.922706578086,2154.95465312015,161.147997540565,2993.03817961596,,76876.8512886047,,169600.882508217
AKAP6,ANK3,447.717733724714,230.783074391548,0.001,0.001,0.994702762974483,0.992027534423262,0.986772677820745,4.82918517358093e-08,0.0144307192247247,3.34646187648561e-06,445.335792500228,228.939222303118,1,1,0,72,74,25.5459840618315,1971.39707206886,13.1680604835023,1016.1869962169,,285389.258740752,,97214.5619982848
AKAP6,APC,459.491524109899,1145.84896161292,0.001,0.001,0.969309824272009,0.96684675019045,0.937178965753491,9.10309394261746e-08,0.0566035598735941,1.6082193351348e-06,445.335792499669,1136.08231302317,1,4,0,69,74,26.2168198492383,2023.4997712425,355.672764861724,2662.69685471208,,30517.570128785,,112970.957758166
AKAP6,APOB,459.408545256471,655.96241922007,0.001,0.001,0.969499252891251,0.971670664605286,0.942038142154551,1.10586001952906e-07,0.0567845117802293,1.94746768944501e-06,445.33579249984,651.196063366595,1,4,0,69,74,26.2113953371003,2023.0701093804,203.618210160892,1524.24926171124,,30653.9912295603,,76125.9311064905
AKAP6,ARID1A,455.178071986306,306.979638314617,0.001,0.001,0.978456091920249,0.977067221883454,0.956019759920535,1.19186229247982e-07,0.0420043579953155,2.83747294176652e-06,445.335792500228,304.588193916872,1,3,0,70,74,25.9711027691863,2004.3968132446,76.335268897794,796.182192042917,,44934.9462305524,,44251.4633663862
AKAP6,ARID1B,455.141184046277,705.373693309771,0.001,0.001,0.978526229633757,0.974887470685894,0.95395548502972,7.87588309396348e-08,0.0418440008779257,1.88220125435431e-06,445.335792500228,699.354905481499,1,3,0,70,74,25.9693746418865,2004.26132991418,175.40229481734,1829.44347859072,,45065.985955008,,92603.8883882742
AKAP6,ARID2,458.874448521178,1376.63339672825,0.001,0.001,0.970588999254782,0.975070271604081,0.946396344844685,8.58861630061852e-08,0.0562970598981263,1.52558878139645e-06,445.335792498766,1367.81027208484,1,4,0,69,74,26.1817504185913,2020.75133041488,427.302836835535,3199.08229391653,,31750.0008403393,,182288.561962152
AKAP6,ASTN1,,,,,,,,,,,,,1,0,0,73,74,,,,,,,,
AKAP6,ATM,448.355459416068,177.409418683641,0.001,0.001,0.993288729675042,0.992699117412724,0.986037066737673,5.66207418398884e-08,0.0141221387899725,4.00936024507082e-06,445.335792499434,176.109955095365,1,1,0,72,74,25.582315160655,1974.22542077282,10.1226261625445,781.181119790975,,224823.448805683,,81691.1463778001
AKAP6,BAP1,,,,,,,,,,,,,1,0,0,73,74,,,,,,,,
AKAP6,BRAF,,,,,,,,,,,,,1,0,0,73,74,,,,,,,,
AKAP6,BRCA2,,,,,,,,,,,,,1,0,0,73,74,,,,,,,,
AKAP6,CDH8,,,,,,,,,,,,,1,0,0,73,74,,,,,,,,
AKAP6,CSMD3,459.82017363592,806.254736085142,0.001,0.001,0.968635576285062,0.969421437429507,0.939020756871381,1.01382989966745e-07,0.0563564149494356,1.79896095338407e-06,445.33579249984,799.917777400406,1,4,0,69,74,26.234909617778,2024.90280258491,250.265582075054,1873.50749979122,,29779.9336323269,,86450.3001796961
AKAP6,CTNNA2,,,,,,,,,,,,,1,0,0,73,74,,,,,,,,
AKAP6,CUBN,448.889647209239,191.564965741363,0.001,0.001,0.992113414687262,0.99229329831132,0.98446774389816,5.43632387691242e-08,0.0142951372164494,3.80291828934448e-06,445.335792500228,190.08403998389,1,1,0,72,74,25.6126500948834,1976.59155659186,10.9303276595621,843.507934953403,,191278.906688831,,83511.2012681654
AKAP6,DMXL1,,,,,,,,,,,,,1,0,0,73,74,,,,,,,,
AKAP6,DMXL2,451.90181069905,739.323587849542,0.001,0.001,0.98552720321095,0.983173542745435,0.96894548035485,5.24655352587312e-08,0.0285268341828148,1.83916430833175e-06,445.335792507162,733.030412740511,1,2,0,71,74,25.7843787184009,1989.90981261272,122.927292532276,2283.23984749264,,72723.6656856684,,146143.282606209
AKAP6,DNAH5,485.77056514531,206.991526217782,0.001,0.001,0.992493320239318,0.991591597082658,0.984148292365216,5.5233324948716e-08,0.0156830489496695,3.52184866131404e-06,482.109303300208,205.246198294797,1,1,0,66,68,27.7170425012785,2138.99643659507,11.8105282351353,911.436140738937,,217667.593641443,,82597.2197771759
AKAP6,EPHA2,,,,,,,,,,,,,1,0,0,73,74,,,,,,,,
AKAP6,ERBB2,459.417746249085,1725.19981543718,0.001,0.001,0.969474463234374,0.962236244424004,0.932868769627152,8.12071155077698e-08,0.0558328914949411,1.45446731010032e-06,445.335792507162,1708.44525395709,1,4,0,69,74,26.2126535058903,2023.16553622474,535.51537397833,4008.84308332819,,30610.1782738373,,148494.938114662
AKAP6,ERBB3,498.085906234803,3376.90509413374,0.001,0.001,0.968051859878113,0.966232051255097,0.935368203638451,7.33818731127323e-08,0.0603165608344953,1.21661235484044e-06,482.109303300208,3347.56672367054,1,4,0,63,68,28.4187394664867,2193.49855709547,1048.20399487285,7847.04347699859,,31723.7334182023,,326558.45455751
AKAP6,ERBB4,448.608027465713,236.6649958578,0.001,0.001,0.992734323309048,0.992159314368546,0.984950879761471,4.73481588433161e-08,0.0143732180539876,3.29419331603199e-06,445.335792499434,234.801311062041,1,1,0,72,74,25.5966362056069,1975.3418626023,13.50350892699,1042.10551090658,,207534.716597194,,101387.590608812
AKAP6,FAT2,,,,,,,,,,,,,1,0,0,73,74,,,,,,,,
AKAP6,FBN2,,,,,,,,,,,,,1,0,0,73,74,,,,,,,,
AKAP6,FBXW7,452.042406308441,967.82578017648,0.001,0.001,0.96651982897683,0.982729775490316,0.968206247159984,4.72357777677335e-08,0.0282027076876635,1.67486676424319e-06,445.335792500228,959.382209006246,1,2,0,71,74,25.7924428919951,1990.53771658561,160.923241612926,2988.81177471577,,71071.502984367,,186287.162109412
AKAP6,FGFR2,,,,,,,,,,,,,1,0,0,73,74,,,,,,,,
AKAP6,GLI3,451.537677536515,238.664502612371,0.001,0.001,0.986327464840819,0.980350468652978,0.966947807439203,9.32772651124e-08,0.0282131824211702,3.30615893379004e-06,445.335792499434,236.29284149481,1,2,0,71,74,25.7636267618355,1988.2905707791,39.682919765127,737.054701317157,,76889.3375615597,,40248.7113091101
AKAP6,GNAS,449.809291540981,367.90971103723,0.001,0.001,0.990102727681359,0.991300580328314,0.98148990159978,3.61528871908878e-08,0.0142831605867887,2.53115456983154e-06,445.335792499434,364.69091774081,1,1,0,72,74,25.664732526268,1980.66298156639,20.9918556716154,1620.07825146289,,151972.102836863,,141863.741367029
AKAP6,HMCN1,,,,,,,,,,,,,1,0,0,73,74,,,,,,,,
AKAP6,HYDIN,498.89498638917,914.493907891905,0.001,0.001,0.966481833711183,0.962531929585853,0.930276297459271,1.02100828234955e-07,0.0620423889324844,1.64566242518584e-06,482.109303300757,905.655689617643,1,4,0,63,68,28.4651847306363,2197.12835015824,283.851639242898,2125.19383895345,,30229.6147301054,,79345.3613814932
AKAP6,IDH2,448.205649642287,2513.4027912593,0.001,0.001,0.993620257395676,0.993624526147003,0.987285657112274,1.74630659672409e-08,0.0130529907908859,1.33785936472385e-06,445.335792500282,2497.33029488685,1,1,0,72,74,25.5737231332679,1973.55598964109,143.410427206454,11067.2546733705,,236443.929576034,,1327256.49286537
AKAP6,KMT2C,457.182866656852,580.994964507654,0.001,0.001,0.974176495045083,0.977327764128568,0.952092829249393,8.70522755360738e-08,0.0426256500942289,2.04225097666862e-06,445.335792500228,576.506898672438,1,3,0,70,74,26.0851980561342,2013.31291610979,144.470204828419,1506.93943810026,,37559.813698617,,84740.0148630214
AKAP6,KRAS,485.882299956102,16027.9500651853,0.001,0.001,0.916829269109978,0.93882821219604,0.86076780831812,1.76596477892421e-07,0.14712922020079,1.2002814780872e-06,445.335792500787,15930.2202228255,1,11,0,62,74,27.7195029348893,2140.22566488629,8317.10994300331,27470.5476739365,,10579.784911783,,831807.832197083
AKAP6,LAMA1,455.339678446691,393.181074280671,0.001,0.001,0.978114900194251,0.974623564809014,0.953296730079689,1.05712241388507e-07,0.042776130699458,2.47129040565248e-06,445.335792498937,389.785987711587,1,3,0,70,74,25.9803135430494,2005.1150286025,97.7666516239066,1019.84216570866,,44228.7294263168,,51064.578822836
AKAP6,LAMA2,451.904394985717,551.803190615971,0.001,0.001,0.985521421686606,0.981674742647125,0.967462855475199,5.91793200637424e-08,0.028476262843713,2.0781982659922e-06,445.335792507162,546.684089636808,1,2,0,71,74,25.7846209954867,1989.92851085854,91.7472568789483,1704.16327661137,,72682.5260466395,,99956.3972344004
AKAP6,LRP1B,451.14400710781,252.399176792443,0.001,0.001,0.987174385340453,0.984981085856514,0.972348891328122,9.01351504831518e-08,0.0283661018736811,3.17756563395769e-06,445.335792500228,250.485700605922,1,2,0,71,74,25.7412399837863,1986.54607412341,41.9674288819403,779.431367161566,,81969.5671717265,,56030.1806055006
AKAP6,LRP2,,,,,,,,,,,,,1,0,0,73,74,,,,,,,,
AKAP6,LRRIQ1,447.719238310084,613.09545593952,0.001,0.001,0.994700895964211,0.990987652144705,0.985736489770659,2.76550964333627e-08,0.0140324812062201,1.97079162458484e-06,445.335792500228,607.551723212913,1,1,0,72,74,25.5460941707362,1971.40556938236,34.9816997767866,2699.60910498705,,285175.214913565,,228087.475308651
AKAP6,MACF1,495.249879296565,736.488229337104,0.001,0.001,0.973579278291391,0.97100331300045,0.945352331679141,8.18042108583633e-08,0.0461160478919837,1.77387730730897e-06,482.109303300208,729.218775334211,1,3,0,64,68,28.2570425767159,2180.97611107306,183.139714060455,1910.14514338274,,39793.6193256482,,83314.0900823124
AKAP6,MED12,448.351242683575,300.118013726236,0.001,0.001,0.993299421135734,0.992529217618472,0.985878957890643,4.06058729260274e-08,0.0143173224590945,2.83613594944453e-06,445.335792500228,297.867235811976,1,1,0,72,74,25.5820499051418,1974.20465119239,17.1240400882214,1321.525365166,,225006.152635215,,135016.005392596
AKAP6,NF1,0.001,813.150600799786,31401.7694586274,6851.04238470283,0.80149357592778,0.999999283637568,0.0305343977353337,1.0911796172949,0.0418137121597588,26.096214876254,445.335792507162,812.710687784217,0,2,1,71,74,,989.937484612562,202.212397502425,2108.76772422705,1658.51894672485,220629.594667175,,
AKAP6,NRAS,,,,,,,,,,,,,1,0,0,73,74,,,,,,,,
AKAP6,PBRM1,451.815133799443,620.526043747289,0.001,0.001,0.985717110512087,0.98286004306962,0.968822925096654,5.57625901235342e-08,0.0282624979087424,1.973024122057e-06,445.335792500228,615.154863544753,1,2,0,71,74,25.7794295091256,1989.524358646,103.17713484853,1916.25069157428,,73754.7081405331,,120367.060607168
AKAP6,PEG3,452.494733175914,581.546687077278,0.001,0.001,0.984241362706779,0.983785728814912,0.968283824878449,5.81236654613806e-08,0.0286370587281491,2.02966603564798e-06,445.335792500787,576.777933246576,1,2,0,71,74,25.818033813965,1992.54678654996,96.6948647196197,1795.93988305881,,67677.9819587547,,119391.681909081
AKAP6,PIK3CA,456.383691621348,998.08529962003,0.001,0.001,0.952463259693548,0.976151629742746,0.952608154897495,7.13912925547067e-08,0.0428343153686761,1.66668457147593e-06,445.335792498531,989.995686924205,1,3,0,70,74,26.0397739931007,2009.75546611267,248.185958753778,2588.83639190097,,40085.7296433354,,138195.978901071
AKAP6,PLEC,451.851530836235,248.946167595613,0.001,0.001,0.985633448353735,0.984528798847696,0.970385522976788,9.14824305537536e-08,0.0284874456979577,3.21132443827044e-06,445.335792499379,246.99959838121,1,2,0,71,74,25.7815168362406,1989.68702633595,41.3928911777805,768.786072171092,,73301.8673592424,,53615.8728989621
AKAP6,POLE,449.084022692081,214.222950736488,0.001,0.001,0.991683091222379,0.992395957822022,0.98414263866531,4.94456122743063e-08,0.0140458055500332,3.52031160464054e-06,445.335792500787,212.586197803358,1,1,0,72,74,25.6237598364218,1977.45886250588,12.2230274371008,943.308814676561,,181056.199086849,,94664.6561570465
AKAP6,PREX2,453.848376902616,728.905498742778,0.001,0.001,0.981323228376152,0.974072883080659,0.955882502669128,7.78750864818129e-08,0.0419321677762679,1.85716815065038e-06,445.335792500787,722.49378487345,1,3,0,70,74,25.8953968604899,1998.50057303817,181.256393398371,1890.44031403873,,52073.1768897324,,92593.9894552298
AKAP6,PTPRT,,,,,,,,,,,,,1,0,0,73,74,,,,,,,,
AKAP6,RASA1,448.351034914371,308.75925419471,0.001,0.001,0.993302515709245,0.991176964396795,0.984538852349221,3.95140808719108e-08,0.0141482477109486,2.79286040781805e-06,445.335792500228,306.025946873843,1,1,0,72,74,25.5820510941581,1974.20474293382,17.6170878854589,1359.57544959557,,225230.761261842,,117366.203628873
AKAP6,ROBO2,448.134948835737,319.657909838513,0.001,0.001,0.993780590364398,0.991266926026525,0.985102080663692,3.89020462340968e-08,0.0142220947493568,2.73532464237422e-06,445.335792500228,316.85766158962,1,1,0,72,74,25.5697374770452,1973.24550539151,18.238965000059,1407.55999794694,,242647.591666011,,122778.18717975
AKAP6,ROS1,,,,,,,,,,,,,1,0,0,73,74,,,,,,,,
AKAP6,RYR1,490.664435587279,353.285571184957,0.001,0.001,0.982629054756602,0.984108458912057,0.967015092432388,7.77193735566201e-08,0.0308465126765121,2.5195513791677e-06,482.109303300208,350.440387335635,1,2,0,65,68,27.9958425837006,2160.67923444028,58.7402573866995,1091.06720621306,,66250.8740271711,,74017.2129671298
AKAP6,SACS,457.848414058991,533.080550546604,0.001,0.001,0.972767263423964,0.968387416689433,0.942019444786165,1.20056206611568e-07,0.0563163115481528,2.13181941983035e-06,445.335792500228,528.754348063775,1,4,0,69,74,26.1235287258232,2016.21383520487,165.474263173648,1238.64226958325,,34348.1109487209,,55220.9362622381
AKAP6,SF3B1,451.692022929068,866.960563035427,0.001,0.001,0.985980847338502,0.984390261215607,0.970590837270391,4.91608485705865e-08,0.0283391264990227,1.73473408124566e-06,445.335792500228,860.12760537155,1,2,0,71,74,25.7724400005633,1988.97848962458,144.152970597288,2677.25515656504,,75048.6210760655,,185028.28898776
AKAP6,SMAD4,0.001,2514.60472652993,9691.4476976613,2547.02803456967,1,0.999997498637447,0.0930798336729573,0.99349803366963,0.0988751958629921,10.0480006638499,445.335792500228,2516.73934834095,0,6,1,67,74,,941.355360037116,1080.11871856469,4865.88127894783,539.027432619819,47658.5846285692,,
AKAP6,SPHKAP,,,,,,,,,,,,,1,0,0,73,74,,,,,,,,
AKAP6,SPTA1,448.205592471145,219.779619767031,0.001,0.001,0.993556853978986,0.992884553441835,0.986487430755817,4.90886131890647e-08,0.0142086918300318,3.45482988696469e-06,445.335792499434,218.177744392883,1,1,0,72,74,25.5753998379347,1973.68666641612,12.53828581236,967.59066684593,,234307.256941533,,103852.626494669
AKAP6,SYNE1,467.807488487995,320.530409382197,0.001,0.001,0.952151976735277,0.941933540914666,0.896876347714107,2.80337375525158e-07,0.0984936273545584,2.84624886964511e-06,445.335792500787,317.737630658759,1,7,0,66,74,26.6908661951601,2060.24353598781,137.687753333634,620.179382367846,,18742.4585285192,,17561.3842757978
AKAP6,SYNE2,485.643272642474,512.132313996069,0.001,0.001,0.992752268733436,0.991898282757191,0.984709532275905,3.16027586209564e-08,0.0154273231358456,2.0484926868179e-06,482.109303300208,507.97033233548,1,1,0,66,68,27.709790244629,2138.43063756216,29.2212458878971,2255.05875418832,,225372.206819882,,212198.041204838
AKAP6,TENM1,,,,,,,,,,,,,1,0,0,73,74,,,,,,,,
AKAP6,TP53,0.001,1836.23014985871,3363.97122664468,1177.35518314495,0.910891587618701,0.999999622051419,0.253125263209021,0.956823013857909,0.248677744098875,3.84764232651826,445.335792499519,1835.80904331106,0,17,1,56,74,,1076.32501124014,1111.56838092797,2825.61724086759,190.312244030248,15306.2087788218,,
AKAP6,TTN,0.001,1104.87447833355,28322.5515774396,11307.8330870208,0.825693333518162,0.999999414758098,0.0367429169878385,1.03264268325647,0.0464072483640964,22.251754190524,482.10930330243,1105.30947628079,0,2,1,65,68,,1120.43951405781,274.741281597511,2865.66003376299,1490.36216061887,203804.746275441,,
AKAP6,XIRP2,451.608698268143,494.479607856971,0.001,0.001,0.986161529236061,0.984700547822367,0.971074744975928,6.11890444398092e-08,0.0280601696394346,2.18063701061225e-06,445.335792500228,490.657497141621,1,2,0,71,74,25.7676984894538,1988.60805344475,82.218485672141,1527.02700648609,,75941.2327757074,,107717.010541668
AKAP6,ZFHX3,485.646765650301,215.01170376473,0.001,0.001,0.992747472973873,0.990442980106328,0.983260119569465,5.29885210969611e-08,0.0154402148439157,3.4318512813856e-06,482.109303300208,212.94898988174,1,1,0,66,68,27.7100262898038,2138.44885423084,12.267998388826,946.781859913874,,225054.479730086,,75350.2417531403
AKAP6,ZNF521,,,,,,,,,,,,,1,0,0,73,74,,,,,,,,
AKAP6,ZNF536,494.517694995797,616.983554570917,0.001,0.001,0.975012777952277,0.971965822682412,0.947682639993183,8.780575754333e-08,0.0460232636828516,1.90785595190301e-06,482.109303301799,611.094230963032,1,3,0,64,68,28.2154191088355,2177.71019691016,153.420427922604,1600.25531845768,,41899.2995856513,,72278.5212845976
ANK2,ANK3,964.63262347759,249.320611743791,0.001,0.001,0.990282901924175,0.975337432173632,0.976994964262656,9.35740305904771e-08,0.0360005955956694,2.59923562491653e-06,959.899168701257,245.967469308683,2,1,0,65,68,160.394103489655,2978.83790966314,14.2256765308339,1097.83408311849,,333680.694935668,,44216.0965577551
ANK2,APC,989.481743090345,1231.36733806334,0.001,0.001,0.941447768956986,0.897828113849789,0.899353924219003,1.31225577341531e-07,0.13533031299608,9.69668764050907e-07,959.899168701016,1217.07035871907,2,4,0,62,68,164.514680699391,3056.10089220226,382.211194007935,2861.51631994945,,34349.8321291545,,62920.8901190841
ANK2,APOB,484.106379933225,526.135725821024,47509.8147790762,0.001,0.719780599777868,0.997902991378142,0.084840547974198,1.45009790836096,0.0962671464869466,15.0632688438271,959.899168705593,523.482168826506,1,2,1,64,68,27.6220654447901,2131.64661385682,130.832399735946,1364.57927812875,2507.63350066781,332154.158406675,,173417.72715517
ANK2,ARID1A,974.528803728939,218.816655418494,0.001,0.001,0.970345561436991,0.947858750744654,0.949469586015191,1.75481148796848e-07,0.0604128533398631,2.90469890256049e-06,959.899168705593,216.426011525365,2,2,0,64,68,162.036832646684,3009.62212612612,36.3824102734628,675.781233973375,,76017.5138952478,,23732.9098491031
ANK2,ARID1B,975.885092215363,506.34216449026,0.001,34956.7445178489,0.991007811135329,0.737738280930369,0.107879882574993,1.19617283181532,0.0991645540995218,12.0625040134284,959.899168701257,755.156715153016,1,2,1,64,68,162.261945720452,3013.79600242623,84.1898183860208,1563.73662907648,,112158.210429515,1719.25018765691,564053.779614673
ANK2,ARID2,984.632998655475,1492.91995891614,0.001,0.001,0.950710648054497,0.899054152323295,0.900582046811948,1.07073001154659e-07,0.120176940596073,8.90961282785041e-07,959.899168701257,1472.49942332168,2,4,0,62,68,163.71305662882,3040.914456148,463.373523899443,3469.64837887859,,40470.1939272923,,64140.5503894174
ANK2,ASTN1,,,,,,,,,,,,,2,0,0,66,68,,,,,,,,
ANK2,ATM,966.559026000039,190.615552852655,0.001,0.001,0.986342269047266,0.974071920623334,0.975727302520351,1.04067932202301e-07,0.0322514454575324,3.22676800143218e-06,959.899168701257,188.555982097344,2,1,0,65,68,160.713327335173,2984.83531213917,10.876115876912,839.336845697006,,236360.978199192,,41470.2186631447
ANK2,BAP1,,,,,,,,,,,,,2,0,0,66,68,,,,,,,,
ANK2,BRAF,,,,,,,,,,,,,2,0,0,66,68,,,,,,,,
ANK2,BRCA2,,,,,,,,,,,,,2,0,0,66,68,,,,,,,,
ANK2,CDH8,,,,,,,,,,,,,2,0,0,66,68,,,,,,,,
ANK2,CSMD3,984.723787485433,652.670804495704,0.001,24810.592552031,0.989256166189998,0.858847045499624,0.17772092098282,1.08451236321792,0.124988190533764,8.67691866396734,959.899168701016,864.071620792517,1,3,1,63,68,163.729963957101,3041.41205161551,162.289581155254,1692.86002079095,,70499.1682993434,1219.16765777328,406685.21300176
ANK2,CTNNA2,,,,,,,,,,,,,2,0,0,66,68,,,,,,,,
ANK2,CUBN,963.347782328617,206.994896215458,0.001,0.001,0.992924017227377,0.977370136823301,0.979031123025315,1.0368695485324e-07,0.0343604703141023,3.0176232718993e-06,959.899168705593,204.092214682975,2,1,0,65,68,160.180714892551,2974.84168407224,11.8106391330109,911.476429174867,,458845.936562664,,34923.5276543455
ANK2,DMXL1,,,,,,,,,,,,,2,0,0,66,68,,,,,,,,
ANK2,DMXL2,977.200116096052,794.5481357245,0.001,0.001,0.965118449251622,0.939690880799028,0.941287835376449,8.09398906694838e-08,0.0679056697248586,1.1919459891558e-06,959.899168705466,784.568556380486,2,2,0,64,68,162.476872856276,3017.96454996247,132.108410372312,2453.8369704969,,65632.3657264627,,74579.2127621809
ANK2,DNAH5,959.327699170212,0.001,9462.91023902137,24745.6956933527,0.999999179714989,1,0.0198352172963936,1.10541815650494,0.0356664447354912,30.9932252766688,959.899168701257,205.246198297335,1,0,1,66,68,159.513606982027,2962.37051180517,,439.775306353818,,,1186.47869975823,460838.519524687
ANK2,EPHA2,,,,,,,,,,,,,2,0,0,66,68,,,,,,,,
ANK2,ERBB2,984.566745419833,1390.0408462474,0.001,0.001,0.950818559995017,0.913759960793143,0.915312847023056,9.22200536282447e-08,0.10069307076701,9.15853026685709e-07,959.899168701257,1372.26295713304,2,3,0,63,68,163.699017611896,3040.84054959023,345.650575100997,3605.31285339485,,42269.0318411618,,85334.1332246374
ANK2,ERBB3,992.706954977137,3388.7934706146,0.001,0.001,0.935377518348336,0.890026166887661,0.891538717732031,8.72660567488581e-08,0.12579531195058,6.93714697278554e-07,959.899168701257,3347.56672367054,2,4,0,62,68,165.048671368995,3066.15770835417,1051.89281455104,7874.66166862648,,30888.9865892111,,164571.835747956
ANK2,ERBB4,968.233196108103,254.339979152903,0.001,0.001,0.982951996739648,0.971205757213981,0.972856268578152,8.80883256624068e-08,0.0344650206543582,2.55587618953792e-06,959.899168701257,251.713475669465,2,1,0,65,68,160.990320801801,2990.05790486007,14.5120759360971,1119.94029180187,,188770.761168717,,58015.2429147735
ANK2,FAT2,,,,,,,,,,,,,2,0,0,66,68,,,,,,,,
ANK2,FBN2,,,,,,,,,,,,,2,0,0,66,68,,,,,,,,
ANK2,FBXW7,999.999941415885,1001.00007351715,1001.99997503652,1002.99997793764,1,1,1,0.0694732173228856,0.0683381015676594,1.01661029102634,959.899168705466,1027.46154195466,2,2,0,64,68,161.458426608053,3000.88103868175,172.653629336591,3210.42279463131,,96925.7993930522,,108570.217720147
ANK2,FGFR2,,,,,,,,,,,,,2,0,0,66,68,,,,,,,,
ANK2,GLI3,968.23368085059,127.195684498199,0.001,0.001,0.982950980978703,0.971041117969812,0.972691349538638,1.5997185565976e-07,0.0349270174961059,4.58017509446937e-06,959.899168701257,125.860774662297,2,1,0,65,68,160.990536884982,2990.06191799627,7.25749186741268,560.084607585237,,188746.870905358,,28533.028231451
ANK2,GNAS,967.920870609043,398.23591458434,0.001,0.001,0.983587525809768,0.970480526193568,0.972129805004255,6.50898953182336e-08,0.0356235533600416,1.82715897710653e-06,959.899168701257,393.567598166573,2,1,0,65,68,160.938827053396,2989.08510253899,22.7221992135393,1753.63674797796,,195955.303875617,,80373.0345795495
ANK2,HMCN1,,,,,,,,,,,,,2,0,0,66,68,,,,,,,,
ANK2,HYDIN,991.750233793249,916.223690370623,0.001,0.001,0.937155233907911,0.894025860932436,0.895545209210986,1.6031027761168e-07,0.142833266345834,1.12235952949175e-06,959.899168697483,905.655689621757,2,4,0,62,68,164.89123542975,3063.12760707438,284.391419770582,2129.17453247898,,31580.9117480609,,47732.6256005963
ANK2,IDH2,,,,,,,,,,,,,2,0,0,66,68,,,,,,,,
ANK2,KMT2C,979.289922721437,626.348642528895,0.001,0.001,0.961022886220858,0.926182009459936,0.927756006479855,1.30395165595654e-07,0.095083259808457,1.37137878800466e-06,959.899168705593,618.932723161659,2,3,0,63,68,162.825571516684,3024.34032907278,155.744841070169,1624.64119055348,,53280.8271020552,,41708.4993647659
ANK2,KRAS,1071.70376239565,18035.2899471616,0.001,0.001,0.803834596851772,0.616946714153545,0.617995145410517,1.86547060576636e-07,0.3184398039513,5.85815775106951e-07,959.899168705198,17587.7956959831,2,11,0,55,68,178.132455417407,3312.4952482353,9356.11584278799,30931.7067733776,,9181.62464571123,,156930.196146627
ANK2,LAMA1,974.471441921974,139.820213849114,0.001,148328545.640724,0.982171906696431,0.404697002383538,0.000505880156671003,2.00106367309812,0.103164590823164,19.3968071518665,959.899168705593,419.462766678375,0,1,2,65,68,162.020980869998,3009.64004376658,7.97758811367018,615.742488386502,,207173.92985528,12340.8547011446,
ANK2,LAMA2,977.207295174867,594.83183352815,0.001,0.001,0.965101460107712,0.939402894985498,0.940999360146734,9.85981224044946e-08,0.069755552203267,1.41348063760116e-06,959.899168705466,587.266754298693,2,2,0,64,68,162.478437535644,3017.99360845768,98.9005267651216,1837.0716373947,,65585.9129215254,,55343.9166246987
ANK2,LRP1B,970.819536413943,273.427154759802,0.001,0.001,0.977785945458919,0.949800909617405,0.951415045047473,1.58376390249799e-07,0.0650880040223286,2.43326543237473e-06,959.899168705593,269.696788153729,2,2,0,64,68,161.420781667377,2998.03239296138,45.4637800428657,844.406153475695,,102483.945497451,,23431.7030256501
ANK2,LRP2,,,,,,,,,,,,,2,0,0,66,68,,,,,,,,
ANK2,LRRIQ1,964.631602202323,661.33422089398,0.001,0.001,0.990279296220592,0.976650622603622,0.978310386387722,4.5207637273427e-08,0.0345127542267098,1.30988205045775e-06,959.899168701257,653.321771363375,2,1,0,65,68,160.393873557751,2978.83364027618,37.734406276652,2912.0354080535,,333412.41440235,,128238.216009806
ANK2,MACF1,979.714496401084,739.309584685785,0.001,0.001,0.960203297101593,0.92025403056938,0.921817953306135,1.32703926169001e-07,0.106149770941674,1.25015744256214e-06,959.899168701257,729.218775332758,2,3,0,63,68,162.897503983912,3025.68481342304,183.841667913793,1917.48006811266,,51988.8206481278,,43179.0377830699
ANK2,MED12,960.336198474705,0.001,12966.0765914127,37566.8846966983,0.999999254799161,0.991690698828191,0.0201350812394332,1.09468107487288,0.0346048877445468,31.633712640648,959.899168701257,321.954565624965,1,0,1,66,68,159.6806746986,2965.48155209089,,739.794556866324,,,1831.30669096039,586533.872778168
ANK2,NF1,978.755401008197,883.24164030426,0.000999999999997669,0.001,0.962088357154417,0.923938880810975,0.925509065747137,1.1281846703376e-07,0.0998006691372238,1.13043798212051e-06,959.899168705593,871.788696781425,2,3,0,63,68,162.737031044954,3022.70790350931,219.63415140955,2290.80162204566,,55540.8420753007,,53725.2483661391
ANK2,NRAS,,,,,,,,,,,,,2,0,0,66,68,,,,,,,,
ANK2,PBRM1,963.336351186167,331.662001837782,0.001,0.001,0.99292711562033,0.980644710109294,0.982311261266108,7.19750648456308e-08,0.0346497925079389,2.07721488748136e-06,959.899168705593,328.108917736105,2,1,0,65,68,160.179252079921,2974.81451730752,18.9240128499429,1460.37934076788,,459270.312811408,,72435.0341462891
ANK2,PEG3,974.150568976774,626.010525177544,0.001,0.001,0.971120010921873,0.947532827963938,0.949143109311716,9.57298194174429e-08,0.0700841878747157,1.36592607149236e-06,959.899168705593,618.824418092236,2,2,0,64,68,161.97274049447,3008.41105192173,104.087255207566,1933.27186375029,,77933.9333350075,,64238.2784226358
ANK2,PIK3CA,999.999962351209,1001.00019214632,1001.99995410115,1002.9999718073,1,1,1,0.0941150938641045,0.095318379954308,0.987376137836373,959.899168705593,1058.94678437191,2,3,0,63,68,163.158963773943,3031.64700782453,265.202551365916,2778.07797853967,,50425.3377719056,,85317.3177780002
ANK2,PLEC,965.551489861007,134.701389027648,0.001,0.001,0.988406779050235,0.973279255048443,0.974933289613246,1.50513519492693e-07,0.0345430098059108,4.35727866038292e-06,959.899168701424,132.858961816726,2,1,0,65,68,160.546387217675,2981.69580639426,7.68571324068178,593.145996498368,,278867.562143816,,23276.8553751428
ANK2,POLE,975.123081090584,231.931955536732,0.001,0.001,0.969230105514157,0.955281943732697,0.956905394365489,8.6885074954135e-08,0.0313608616400904,2.77049387071256e-06,959.899168705466,228.954362245627,2,1,0,65,68,162.128370598343,3011.69674678347,13.2333767466279,1021.31198250248,,103339.774887132,,42528.8122187838
ANK2,PREX2,979.729840717452,785.16039113083,0.001,0.001,0.960167803427577,0.927319194816203,0.928895124423473,1.21007488942688e-07,0.100562593203446,1.20330517628837e-06,959.899168709649,776.431526323257,2,3,0,63,68,162.897673880342,3025.74816596153,195.243759500535,2036.33746848064,,53022.0478204335,,55453.5472186096
ANK2,PTPRT,,,,,,,,,,,,,2,0,0,66,68,,,,,,,,
ANK2,RASA1,960.340477343222,0.001,16459.2827661617,46995.9635401536,0.999999241608144,0.823016793439284,0.0164095518839471,1.2017812789488,0.0356014605195174,33.7565162050013,959.899168701257,327.639863118135,1,0,1,66,68,159.681879262041,2965.50428359371,,753.172601036273,,,2286.99471357118,733556.883274352
ANK2,ROBO2,966.756084150305,343.633672556128,0.001,0.001,0.98595065546034,0.972377787095613,0.974030289948987,7.19591748067801e-08,0.0354135102803593,2.03196955729885e-06,959.899168701257,339.46242032534,2,1,0,65,68,160.745847456396,2985.44739659238,19.6069377035183,1513.14023322634,,229677.786044939,,67104.8190696249
ANK2,ROS1,,,,,,,,,,,,,2,0,0,66,68,,,,,,,,
ANK2,RYR1,972.219145513318,356.105735005607,0.001,0.001,0.975002039304975,0.942868590752773,0.944470945269188,1.35426656125426e-07,0.0676914521023457,2.00064634336206e-06,959.899168705593,350.440387335635,2,2,0,64,68,161.652987481581,3002.40778539793,59.2079551640271,1099.83738818745,,91898.3315869033,,26702.3270190914
ANK2,SACS,979.765977877625,428.26993042683,0.001,18450.1023399716,0.997125776722016,0.906183885493473,0.158999402154491,1.16101637371763,0.132701797450224,8.74906290665071,959.899168705593,567.554420346206,1,3,1,63,68,162.913388630684,3025.93338850965,106.499190781611,1110.77577259984,,87753.6776910057,908.111274637196,295406.273166862
ANK2,SF3B1,999.99994192193,1000.99984766286,1001.99997453046,1002.99997685786,1,1,1,0.0737156958678247,0.0650779563376192,1.13272911468507,959.899168701424,920.179227831568,2,2,0,64,68,161.499335525132,3001.61645894975,154.135603080632,2875.9887062179,,95196.2355978488,,103149.960637932
ANK2,SMAD4,1007.30320306599,2340.58944512361,0.001,0.001,0.908669526247374,0.833362193099026,0.834778442673316,1.40795753323514e-07,0.182144925147929,7.72987516446952e-07,959.89916870099,2306.78280631001,2,6,0,60,68,167.470085973916,3111.49915668499,929.90905895631,4746.2016602662,,20919.0879014124,,64098.1043101291
ANK2,SPHKAP,,,,,,,,,,,,,2,0,0,66,68,,,,,,,,
ANK2,SPTA1,965.694322879014,237.720790437137,0.001,0.001,0.988109212954486,0.974183728974252,0.975839300678569,8.78945722263685e-08,0.032606215814647,2.69563854714123e-06,959.899168705172,234.760085704651,2,1,0,65,68,160.570045581638,2982.14052603787,13.5638392307123,1046.75831542036,,271983.804772222,,44616.5406621472
ANK2,SYNE1,1011.30104950353,346.964510527446,0.001,0.001,0.901513509926688,0.822179006354195,0.823576249237635,4.90046261656524e-07,0.230379184616135,2.12712907406567e-06,959.899168705466,342.378647198026,2,7,0,59,68,168.13590296765,3123.87221953401,149.036230879714,671.379918745423,,19174.2328702854,,8889.14538499596
ANK2,SYNE2,960.194905988652,0.001,17324.3792865028,68063.3252583157,0.999999568506415,0.876192085722492,0.0174066047378679,1.1664952637847,0.0333214205097128,35.0073690119148,959.899168701257,507.970332349016,1,0,1,66,68,159.657846081856,2965.04931604499,,1159.79743031159,,,3340.4798148699,1117202.60954415
ANK2,TENM1,,,,,,,,,,,,,2,0,0,66,68,,,,,,,,
ANK2,TP53,1142.32208939502,2047.68274783666,0.001,0.001,0.707848265308466,0.757701631006312,0.536633699729389,4.83582068638855e-07,0.553066845075777,8.74364596150395e-07,959.899168701257,2013.06067339286,2,18,0,48,68,189.836308548916,3532.36821024805,1238.9064313051,3153.31308400378,,5898.05475467075,,16604.7372406515
ANK2,TTN,986.773684341607,1117.22851224231,0.001,0.001,0.946583520657344,0.915676647950261,0.917232791286364,1.08529546515544e-07,0.107434373353333,1.01019388048748e-06,959.899168709649,1105.30947629912,2,3,0,63,68,164.062946340509,3047.73801013814,277.803384829881,2897.92554557113,,38927.5965342169,,82967.2499997204
ANK2,XIRP2,973.428308762281,536.082122578198,0.001,0.001,0.9725617208542,0.947190627575174,0.948800327300774,9.36869408111468e-08,0.0623600139150432,1.50235599592364e-06,959.899168705593,529.442548287956,2,2,0,64,68,161.852991401664,3006.16640123801,89.1350019509967,1655.54093521614,,82878.1347905903,,50952.4904181196
ANK2,ZFHX3,960.321136040356,0.001,9639.77181659151,28824.6396892707,0.999999291017798,0.852736462520209,0.0173125495947043,1.17501782373793,0.0344505674664005,34.1073575895062,959.899168701257,212.948989883329,1,0,1,66,68,159.678652274178,2965.44326639313,,462.070749056593,,,1408.55835693275,450593.821318047
ANK2,ZNF521,,,,,,,,,,,,,2,0,0,66,68,,,,,,,,
ANK2,ZNF536,979.316019873259,618.706117559366,0.001,0.001,0.960973994706801,0.924782681686935,0.926354300623958,1.39411287922685e-07,0.100723390642954,1.38410042625424e-06,959.899168701257,611.094230961434,2,3,0,63,68,162.830507427167,3024.42078073324,153.849441762021,1604.70758065978,,52973.8601515033,,39586.8789926671
ANK3,APC,0.001,1133.53372008457,10361.0526753428,5470.40129499202,1,0.999989525047182,0.0477189615727799,1.11029046412877,0.0640211892718785,17.3425466904981,228.939222302878,1136.08231302317,0,3,1,70,74,,500.590069087745,351.865030411707,2633.86619165931,546.76567274496,69506.6307439612,,
ANK3,APOB,232.532268093121,654.307601038375,0.001,0.001,0.98458329419225,0.981317141843623,0.966189486993393,1.8236709358431e-07,0.0604356367950198,3.01754235175591e-06,228.939222302878,651.196063366595,1,4,0,69,74,13.2678383948614,1023.88947147891,203.105960799661,1520.35283656706,,31530.2184215613,,116628.061999204
ANK3,ARID1A,233.527975391043,306.066088875733,0.001,0.001,0.980389759615497,0.985767626136552,0.966437513748492,1.64133885201083e-07,0.0419771603816226,3.9100759486566e-06,228.939222303118,304.588193917153,1,3,0,70,74,13.3245272939409,1028.31599691144,76.109182397806,793.788868014799,,25516.7038889298,,71950.4529879408
ANK3,ARID1B,234.712749227043,702.410924104242,0.001,0.001,0.975450516701155,0.987211778441737,0.962977368022333,1.38443296753693e-07,0.0467366306207701,2.96220105974366e-06,228.939222303113,699.354905480027,1,3,0,70,74,13.391982525099,1033.57489161112,174.669434866209,1821.68320886268,,20252.5747097504,,184096.461723151
ANK3,ARID2,234.239008843737,1375.33555285388,0.001,0.001,0.977423257152568,0.978628748097655,0.9565364440268,1.45312491432043e-07,0.0558114617250904,2.60363170826462e-06,228.939222303113,1367.81027208484,1,4,0,69,74,13.3650851375887,1031.45072253304,426.902221882637,3196.03524034998,,21466.2733992827,,213622.301057134
ANK3,ASTN1,,,,,,,,,,,,,1,0,0,73,74,,,,,,,,
ANK3,ATM,230.377638874238,176.921318015215,0.001,0.001,0.993767695537316,0.995432957677906,0.989229213593935,7.74771537629185e-08,0.015244368997553,5.08234573535677e-06,228.939222303118,176.109955095365,1,1,0,72,74,13.1449873327579,1014.38799592472,10.0948114108785,779.015993626279,,124492.136121228,,130954.5152364
ANK3,BAP1,,,,,,,,,,,,,1,0,0,73,74,,,,,,,,
ANK3,BRAF,,,,,,,,,,,,,1,0,0,73,74,,,,,,,,
ANK3,BRCA2,,,,,,,,,,,,,1,0,0,73,74,,,,,,,,
ANK3,CDH8,,,,,,,,,,,,,1,0,0,73,74,,,,,,,,
ANK3,CSMD3,236.330494347907,804.373909006148,0.001,0.001,0.968801761602097,0.978463966429263,0.947940284427972,1.69146937770495e-07,0.0587250559104088,2.88031973998537e-06,228.939222302878,799.917777398272,1,4,0,69,74,13.4840469962986,1040.75350027118,249.68505818341,1869.08252273484,,15686.5427359386,,123956.124487287
ANK3,CTNNA2,,,,,,,,,,,,,1,0,0,73,74,,,,,,,,
ANK3,CUBN,229.558988780984,190.902296787005,0.001,0.001,0.997306517405866,0.995721620836517,0.993039696893237,8.08130978763137e-08,0.0166130179403828,4.86444414653126e-06,228.939222303118,190.08403998389,1,1,0,72,74,13.0983351315661,1010.76452580274,10.8925852908468,840.569916824854,,288743.719142909,,150905.555576103
ANK3,DMXL1,,,,,,,,,,,,,1,0,0,73,74,,,,,,,,
ANK3,DMXL2,233.204665999337,736.054815396881,0.001,0.001,0.98175101265395,0.991922926620478,0.973821950099431,9.42696546460137e-08,0.0323233789708878,2.91645420891541e-06,228.939222302878,733.030412749743,1,2,0,71,74,13.3059607378481,1026.93180757918,122.385449746878,2273.05029135433,,30964.0569929399,,306997.617351385
ANK3,DNAH5,247.116100106681,206.079949343047,0.001,0.001,0.995352335620934,0.995963441863817,0.991334591423704,8.61471449613077e-08,0.0190383130125831,4.52493584407242e-06,245.967469312896,205.246198297335,1,1,0,66,68,14.1002035381102,1088.08907178983,11.7586259727557,907.394503685079,,179646.695384615,,172709.410170419
ANK3,EPHA2,,,,,,,,,,,,,1,0,0,73,74,,,,,,,,
ANK3,ERBB2,236.887276292792,1715.88257048385,0.001,0.001,0.966523084589829,0.983170840454718,0.950259385632149,1.58600821274779e-07,0.0625687710122883,2.53482398181723e-06,228.939222302878,1708.44525396051,1,4,0,69,74,13.5157623723343,1043.21966978579,532.639444445433,3986.90608298994,,14499.8436375653,,340279.519280737
ANK3,ERBB3,254.340097821518,3368.16404566431,0.001,0.001,0.96716607090731,0.976240732236879,0.944190090566776,1.44776106422717e-07,0.0648190151506738,2.23354375388426e-06,245.967469308502,3347.56672364534,1,4,0,63,68,14.5115498409619,1120.09772608069,1045.50721683508,7826.45040033229,,16075.4466669438,,469175.885799421
ANK3,ERBB4,230.728505864048,235.704882606926,0.001,0.001,0.992259697215204,0.996188456052941,0.988477765218404,7.22472250302107e-08,0.0165381237284717,4.36852609258398e-06,228.939222303118,234.801311062041,1,1,0,72,74,13.1649553133423,1015.94462156303,13.4489029680491,1037.85541590601,,100121.152878285,,209292.508643362
ANK3,FAT2,,,,,,,,,,,,,1,0,0,73,74,,,,,,,,
ANK3,FBN2,,,,,,,,,,,,,1,0,0,73,74,,,,,,,,
ANK3,FBXW7,231.160695512034,963.291568084139,0.001,0.001,0.980726726924093,0.991950010583941,0.982437932706025,8.93081736198613e-08,0.0325189598176325,2.74634164563395e-06,228.939222303118,959.382209023284,1,2,0,71,74,13.1896032208032,1017.84283521221,160.171778317672,2974.68068953391,,59045.743534686,,403147.231146485
ANK3,FGFR2,,,,,,,,,,,,,1,0,0,73,74,,,,,,,,
ANK3,GLI3,232.09122575762,237.144676719742,0.001,0.001,0.986442833320709,0.992900009433602,0.979439432199266,1.44831369463388e-07,0.0330590554766266,4.38098933485221e-06,228.939222303118,236.29284149481,1,2,0,71,74,13.2426440105781,1021.96584627535,39.431154585327,732.31658437946,,40019.1431971569,,112665.67079387
ANK3,GNAS,231.320350772756,365.954391264342,0.001,0.001,0.989728571562608,0.996584999339639,0.98634881025037,6.11744928320605e-08,0.0169831744938815,3.60206467018871e-06,228.939222303118,364.69091774081,1,1,0,72,74,13.198622945571,1018.57690494787,20.8805594369745,1611.4119040662,,75264.8653929157,,362901.68207208
ANK3,HMCN1,,,,,,,,,,,,,1,0,0,73,74,,,,,,,,
ANK3,HYDIN,254.741156956227,909.269362968458,0.001,0.001,0.965634419783007,0.984675031060569,0.950838411028619,2.01448515418511e-07,0.0755286909288854,2.66717869647954e-06,245.967469308617,905.655689617643,1,4,0,63,68,14.5344063436427,1121.861717199,282.240297283718,2112.90522024413,,15183.6421855772,,198351.066086865
ANK3,IDH2,230.27623022123,2521.46450707456,0.001,0.001,0.99421009665971,0.990458484421511,0.984724035679892,3.10298816095025e-08,0.012826917412519,2.41912227322969e-06,228.939222303118,2497.33029491362,1,1,0,72,74,13.1392169526076,1013.9387237817,143.868692871837,11103.0364533237,,133976.006086029,,886420.554848895
ANK3,KMT2C,233.411375774621,579.140711816207,0.001,0.001,0.980883174538426,0.986625531936694,0.967765463354023,1.39171908355735e-07,0.0447004992369671,3.11343073861332e-06,228.939222303118,576.506898672438,1,3,0,70,74,13.3178130026661,1027.81138906284,144.011267243161,1502.08255543948,,26972.1440911389,,145031.467761103
ANK3,KRAS,255.069501074235,16091.3457267926,0.001,0.001,0.897877799499478,0.89952922668118,0.807701128709626,3.48485206656812e-07,0.150710686970279,2.31227933242409e-06,228.939222303118,15930.2202228255,1,11,0,62,74,14.5507693670326,1123.97019695386,8350.40321595764,27584.3039273978,,4455.5350048133,,486445.299281117
ANK3,LAMA1,235.632847993999,391.312999553858,0.001,0.001,0.971662545739931,0.988666793425909,0.960652018192064,1.76111763518314e-07,0.0494661401252927,3.56024874939182e-06,228.939222302878,389.785987711132,1,3,0,70,74,13.4441846767356,1037.70764182158,97.3043589578561,1014.94676427756,,18163.1024612624,,115933.466495133
ANK3,LAMA2,233.206794909742,548.980923003387,0.001,0.001,0.981742693873352,0.991784209240712,0.973677558700471,1.04419862024391e-07,0.0330789171873903,3.15668924205885e-06,228.939222302878,546.684089631876,1,2,0,71,74,13.3060757360139,1026.94068150694,91.2796394185549,1695.36187844198,,30943.3037842696,,225064.721647188
ANK3,LRP1B,230.958480052015,251.698048108724,0.001,0.001,0.991276114450745,0.990440246407935,0.981800019765006,1.32466285759913e-07,0.0311879601272544,4.24735331260587e-06,228.939222298865,250.485700605922,1,2,0,71,74,13.178108068723,1016.94866268727,41.8512486242067,777.247577731374,,64892.1225525978,,88526.7624287636
ANK3,LRP2,,,,,,,,,,,,,1,0,0,73,74,,,,,,,,
ANK3,LRRIQ1,0.001,607.549944391472,327273595.491905,174059641.287925,0.776680921975191,1,0.00265840942285262,0.996434930874209,0.0165948545550798,60.0448125391491,228.939222303118,607.551723212913,0,0,1,73,74,,723.496617063332,34.6641106458296,2675.09443151211,10299.797236745,,,
ANK3,MACF1,251.594806817197,732.624922562539,0.001,0.001,0.977682174383668,0.986309146736398,0.964297985543824,1.55702893698054e-07,0.0558635469470016,2.78720028009984e-06,245.967469308569,729.218775334211,1,3,0,64,68,14.3552489798437,1107.90688132822,182.184262201585,1900.0101841127,,24343.0549360143,,179139.029492726
ANK3,MED12,230.821960479908,299.200990925307,0.001,0.001,0.991859757054163,0.99556927408958,0.987465246266201,6.49204453212308e-08,0.0165922231432912,3.91270324419909e-06,228.939222303113,297.867235811976,1,1,0,72,74,13.1702744269479,1016.3598137225,17.0718161042619,1317.45974484545,,95138.2908063618,,228326.358011692
ANK3,NF1,232.376672284446,816.495088576972,0.001,0.001,0.985238188553437,0.986294364283885,0.971735572327428,1.35446315507187e-07,0.0474552265601702,2.85419173661409e-06,228.939222303113,812.710687779919,1,3,0,70,74,13.2589420976282,1023.22306423913,203.040893348656,2117.51221067192,,35161.0830717121,,199450.504026033
ANK3,NRAS,,,,,,,,,,,,,1,0,0,73,74,,,,,,,,
ANK3,PBRM1,230.90693250196,617.581445619004,0.001,0.001,0.991506921781798,0.99218713222202,0.983760604846804,1.00322491517271e-07,0.0329640700081089,3.04338910494344e-06,228.939222303118,615.154863545168,1,2,0,71,74,13.175011895301,1016.70657491968,102.689785005646,1907.08850065892,,65759.1200759,,266392.293774135
ANK3,PEG3,232.499887881021,579.111598099683,0.001,0.001,0.984716735454225,0.992045948613086,0.976884702727428,1.04784116419267e-07,0.0337370338343559,3.10590779656985e-06,228.939222303118,576.777933242145,1,2,0,71,74,13.2658755307942,1023.78673898222,96.2911573325853,1788.35176626156,,36351.5371384231,,245315.576057983
ANK3,PIK3CA,234.240461191756,994.5200215701,0.001,0.001,0.964215291159097,0.986635847751012,0.964361974314309,1.25740944975639e-07,0.0458383127187928,2.7431407815342e-06,228.939222303118,989.995686924205,1,3,0,70,74,13.3649672402864,1031.51314348137,247.2998260997,2579.45331710879,,23241.3548019984,,249247.304137719
ANK3,PLEC,231.511413641207,248.013344082493,0.001,0.001,0.988908551718996,0.991904056880193,0.98090271203924,1.41391133848777e-07,0.0330183337813752,4.28220075504028e-06,228.939222303118,246.99959838073,1,2,0,71,74,13.2096367946227,1019.39422165504,41.2382967031216,765.881358583418,,48720.1580159398,,103199.991910063
ANK3,POLE,232.659408497998,213.655455503483,0.001,0.001,0.984056192892001,0.995050543665784,0.97918599663335,6.75877091078046e-08,0.0146562682860061,4.6115223731499e-06,228.939222298796,212.586197803358,1,1,0,72,74,13.2747479428689,1024.56522821614,12.1907166047962,940.791962556072,,48347.658289427,,145837.264256968
ANK3,PREX2,0.001,721.54955354142,17260.9070155961,4511.39495099654,1,0.999997631401472,0.0299688341056868,1.17835906278462,0.0475457733359594,24.78367644708,228.939222302878,722.493784870766,0,2,1,71,74,,487.01882385327,179.409508527627,1870.96591386003,873.137034881633,151322.772741356,,
ANK3,PTPRT,,,,,,,,,,,,,1,0,0,73,74,,,,,,,,
ANK3,RASA1,230.821190481438,307.219436271238,0.001,0.001,0.991863573928048,0.996137176017336,0.988032293808237,6.60235194120673e-08,0.0170707101818628,3.8676492488412e-06,228.939222303113,306.025946873843,1,1,0,72,74,13.1702146856257,1016.35520351557,17.5294154919229,1352.74654551593,,95233.9121793187,,269150.722760244
ANK3,ROBO2,230.6073290843,318.112929790554,0.001,0.001,0.992780672581836,0.996073584114215,0.988882701779112,6.47801198395276e-08,0.017006394182703,3.80916255048438e-06,228.939222303118,316.857661590069,1,1,0,72,74,13.1580476272456,1015.40574837106,18.1509818531908,1400.70713528078,,107403.715265655,,274153.704114235
ANK3,ROS1,,,,,,,,,,,,,1,0,0,73,74,,,,,,,,
ANK3,RYR1,249.405989509399,351.97732328161,0.001,0.001,0.986246685083719,0.991397996693052,0.977763564587414,1.25653705983567e-07,0.0356318714623072,3.52644138033805e-06,245.967469308502,350.440387335635,1,2,0,65,68,14.2304855200946,1098.22997831903,58.5235192351643,1086.99202595004,,46485.5014140016,,137738.016714822
ANK3,SACS,0.001,528.253546528266,10511.4027035864,2023.75982161656,1,0.999997892659085,0.0459728264693148,1.11171687182077,0.0631918836332734,17.5927161512147,228.939222302878,528.754348065211,0,3,1,70,74,,489.662561531095,163.982208806422,1227.34734573932,566.64504289856,62706.5505982881,,
ANK3,SF3B1,230.928870278542,863.822916241566,0.001,0.001,0.99140148113881,0.991504914516495,0.982979656671776,8.69410468093239e-08,0.0309871003311925,2.80571740756933e-06,228.939222302878,860.127605371454,1,2,0,71,74,13.1764241894113,1016.81641510925,143.633034428173,2667.48443294394,,65001.8740202106,,342377.466391525
ANK3,SMAD4,240.408420102265,2530.08972779474,0.001,0.001,0.952392775213062,0.964807537784572,0.918882193402727,2.42447300430326e-07,0.0987350524146032,2.45553422519344e-06,228.939222302878,2516.7393483453,1,7,0,66,74,13.7166113049053,1058.77819196153,1086.73133981908,4896.05788490135,,9751.85556579507,,235171.798482109
ANK3,SPHKAP,,,,,,,,,,,,,1,0,0,73,74,,,,,,,,
ANK3,SPTA1,230.121654755989,219.165149038579,0.001,0.001,0.994871139656377,0.995507693313064,0.99040194398503,7.02127231589841e-08,0.0155136276392497,4.52587394719626e-06,228.939222303118,218.177744395109,1,1,0,72,74,13.1304049490639,1013.25338635815,12.5052129323751,965.016810180228,,151428.457152006,,164941.386612497
ANK3,SYNE1,239.941481481356,319.179867443765,0.001,0.001,0.954246628684785,0.96980109701014,0.92543461313994,4.30292577915936e-07,0.109180800441847,3.94110114758796e-06,228.939222302878,317.737630658759,1,7,0,66,74,13.6898792211412,1056.7176133101,137.112729448162,617.528786973862,,10206.0369536976,,34772.321604064
ANK3,SYNE2,248.140917392956,510.30601444316,0.001,0.001,0.991261626338584,0.995443692991291,0.986745263487153,5.29359336226554e-08,0.0173173958706622,3.05680680963905e-06,245.967469308761,507.97033233548,1,1,0,66,68,14.1584091996324,1092.62470754064,29.1172435163501,2246.95850283546,,95288.9542316363,,378578.771484641
ANK3,TENM1,,,,,,,,,,,,,1,0,0,73,74,,,,,,,,
ANK3,TP53,0.001,1834.13313011069,1528.86753979441,1113.27260794371,1,0.999992791271949,0.291979956566829,0.875745218273716,0.258030744058598,3.39395687699462,228.939222303118,1835.80904331428,0,17,1,56,74,,570.351963265722,1110.2803024998,2822.46237687235,86.3614459644524,7000.42442590061,,
ANK3,TTN,252.670189092941,1109.53502635075,0.001,0.001,0.973537288896829,0.988942252205818,0.962773649698004,1.41933843155091e-07,0.0557280173955005,2.54690279303837e-06,245.967469308761,1105.30947630217,1,3,0,64,68,14.4163342294343,1112.71673375755,275.895438497643,2877.86910792147,,21030.1445040144,,336988.776144182
ANK3,XIRP2,231.611969977894,493.276368800336,0.001,0.001,0.988521605134057,0.989454833847162,0.978097894868039,9.49262013811777e-08,0.0291766974495952,3.2534937014434e-06,228.939222303118,490.657497141621,1,2,0,71,74,13.2148485457691,1019.80567771511,82.0201946544284,1523.29723884886,,48488.6676773047,,157080.431083438
ANK3,ZFHX3,248.14172764446,213.926344241829,0.001,0.001,0.991255932619597,0.995457173829903,0.986752984204913,7.99853686166141e-08,0.0180009653625937,4.44339328505264e-06,245.967469308761,212.94898988174,1,1,0,66,68,14.1584902765955,1092.63096421845,12.2062428499902,941.966595258316,,95155.9279117847,,159178.671707172
ANK3,ZNF521,,,,,,,,,,,,,1,0,0,73,74,,,,,,,,
ANK3,ZNF536,250.691323986584,614.094083811725,0.001,0.001,0.981195233349514,0.985603706565995,0.96707072396656,1.5306511146583e-07,0.0524855631777529,2.91632788520235e-06,245.967469308569,611.094230963032,1,3,0,64,68,14.3038553139067,1103.88585737456,152.705801465351,1592.6746520611,,28505.276906265,,142675.247045104
APC,APOB,866.366180083444,666.933087173881,15937.3164584607,0.001,0.698814531630302,0.972835830743434,0.304329929336312,1.28184472596917,0.234506571874228,5.46613562137889,1136.08231302224,651.196063365549,3,3,1,67,74,215.426276615532,2247.21178264482,207.011605023965,1549.87831969834,864.014192066465,91467.4224684063,,23263.0756895154
APC,ARID1A,1162.3506926775,315.631149870335,0.001,0.001,0.914102654762753,0.899774714483071,0.822528243434004,3.73639423780544e-07,0.171803076704158,2.17481218001668e-06,1136.08231302028,304.588193917465,4,3,0,67,74,360.775137591089,2701.29227551716,78.4779841324091,818.802386042617,,27740.7905574094,,6164.22790953414
APC,ARID1B,1160.23709818023,720.831758947715,0.001,0.001,0.920618147028589,0.914163713490103,0.841629603688716,2.17056785090791e-07,0.179769180279008,1.20741934047823e-06,1136.08231302028,699.354905476331,4,3,0,67,74,360.125704396297,2696.32291855704,179.233914004214,1869.81607227053,,30051.452201492,,16713.0924268647
APC,ARID2,869.767555220852,1404.82294089228,12571.7676287572,0.001,0.798203936037382,0.981090259948555,0.376065303818605,1.05628976566258,0.228230949927658,4.62816180714049,1136.08231301371,1367.81027207465,3,3,1,67,74,216.269808136715,2256.08157579781,436.01532485513,3265.11249180197,681.584679112513,71784.111298223,,45822.4051496838
APC,ASTN1,,,,,,,,,,,,,4,0,0,70,74,,,,,,,,
APC,ATM,1144.24870292173,181.935899487034,0.001,0.001,0.972232984478728,0.968083456212377,0.941207047568869,2.00050100611707e-07,0.0594966131364211,3.36237795843954e-06,1136.08231302028,176.109955095365,4,1,0,69,74,355.181012470104,2658.93666639561,10.3805313590582,801.221174757379,,135587.947889482,,11658.6512742834
APC,BAP1,,,,,,,,,,,,,4,0,0,70,74,,,,,,,,
APC,BRAF,,,,,,,,,,,,,4,0,0,70,74,,,,,,,,
APC,BRCA2,,,,,,,,,,,,,4,0,0,70,74,,,,,,,,
APC,CDH8,,,,,,,,,,,,,4,0,0,70,74,,,,,,,,
APC,CSMD3,1010.24535927566,719.735217839057,6641.86817181042,4163.34658987578,0.96105800798232,0.971193525820015,0.400699408755709,1.04855041593025,0.232910090467776,4.50195358141997,1136.08231301763,799.917777400163,3,3,1,67,74,260.848320141372,2522.07276335331,187.184332336538,1788.17952919219,,58899.6874823153,,39490.7744368692
APC,CTNNA2,,,,,,,,,,,,,4,0,0,70,74,,,,,,,,
APC,CUBN,1142.93109160658,195.927811252626,0.001,0.001,0.976689137421209,0.970261426512531,0.947647094269358,1.95618758128211e-07,0.0621397625881757,3.14804482638037e-06,1136.08231302028,190.084039983634,4,1,0,69,74,354.773797306789,2655.83371535039,11.1788674809164,862.822641077059,,162257.566371143,,13655.3227108188
APC,DMXL1,,,,,,,,,,,,,4,0,0,70,74,,,,,,,,
APC,DMXL2,1154.98467577444,756.828224384846,0.001,0.001,0.937210533892007,0.938637631050171,0.879722513059989,1.46611366610787e-07,0.125432269522113,1.16884887094337e-06,1136.08231302028,733.030412749213,4,2,0,68,74,358.49529650999,2684.11617813293,125.829918674797,2337.66769060436,,42513.5101152949,,24980.5656482202
APC,DNAH5,1223.50522143163,211.924939414239,0.001,0.001,0.9796197148117,0.968570867489958,0.948834202549458,2.038920603666e-07,0.0697303476704753,2.92400751148026e-06,1217.07035871882,205.246198297335,4,1,0,63,68,379.778371418465,2843.13728268404,12.0915138169821,933.295817098817,,199431.647071966,,14078.5761355836
APC,EPHA2,,,,,,,,,,,,,4,0,0,70,74,,,,,,,,
APC,ERBB2,1172.78365104584,1762.42077735544,0.001,0.001,0.882466545352011,0.884712232088989,0.780794037261496,1.87752319011358e-07,0.242704263022801,7.73584759793527e-07,1136.08231301451,1708.44525395423,4,4,0,66,74,363.998625110536,2725.76982280173,547.027586766336,4095.99076055938,,19364.6762636503,,29825.5231922464
APC,ERBB3,1259.04595522773,3463.48054553324,0.001,0.001,0.87534934226172,0.874707607802341,0.765755601100222,1.48847955017128e-07,0.251009720675077,5.92996775650004e-07,1217.07035871895,3347.56672356445,4,4,0,60,68,390.755793334482,2926.51034462305,1074.96430571635,8049.99444914852,,19600.3118005529,,53390.4276960723
APC,ERBB4,1144.69852695405,242.240706809852,0.001,0.001,0.970730546749534,0.969404276038888,0.941035139620494,1.64707813107151e-07,0.0623864198238271,2.64012285962665e-06,1136.08231302028,234.801311059853,4,1,0,69,74,355.318842633699,2659.98891900426,13.8212836259199,1066.80088343199,,128403.058270184,,16336.3469294097
APC,FAT2,,,,,,,,,,,,,4,0,0,70,74,,,,,,,,
APC,FBN2,,,,,,,,,,,,,4,0,0,70,74,,,,,,,,
APC,FBXW7,1150.36671385454,988.197644299172,0.001,0.001,0.896205168156975,0.942888801138311,0.897768899305264,1.24817958083211e-07,0.124930450598256,9.99099558878506e-07,1136.08231302028,959.382208997224,4,2,0,68,74,357.073257438325,2673.2240583556,164.301793475339,3052.10765618329,,55623.737539652,,35261.3527620245
APC,FGFR2,,,,,,,,,,,,,4,0,0,70,74,,,,,,,,
APC,GLI3,1151.33027969588,243.320339299309,0.001,0.001,0.948981842868536,0.943468410651845,0.895349195988439,3.32577476496766e-07,0.125707571492873,2.64564395403679e-06,1136.08231302028,236.292841495303,4,2,0,68,74,357.371121208736,2675.47936229857,40.4550689808673,751.52519797086,,51428.0502957604,,8859.533111474
APC,GNAS,1146.95102331026,375.235275044713,0.001,0.001,0.963207872741199,0.972067868887512,0.936310026980234,1.18916015182016e-07,0.0637297885153283,1.86594084104663e-06,1136.08231302028,364.69091774081,4,1,0,69,74,356.012071357402,2665.29760468624,21.4092333372828,1652.52376103462,,101320.383862749,,28286.7291266048
APC,HMCN1,,,,,,,,,,,,,4,0,0,70,74,,,,,,,,
APC,HYDIN,1259.25080330211,936.534332110434,0.001,0.001,0.874894477196524,0.876821548259625,0.767215100515161,2.92643267853308e-07,0.285491891311319,1.02504931579367e-06,1217.07035871166,905.655689623617,4,4,0,60,68,390.822048910552,2926.94712891849,290.65352115479,2176.9836488934,,19412.5942474139,,15128.0061384183
APC,IDH2,1142.53665728536,2549.43139393564,0.001,0.001,0.977870968354463,0.979643345675416,0.957966985836242,3.34287912767683e-08,0.0507310420915206,6.58941545424232e-07,1136.08231302317,2497.33029491362,4,1,0,69,74,354.651291306943,2654.9036370579,145.463297929784,11226.4791588232,,170956.256612984,,265140.264225886
APC,KMT2C,865.529173376769,591.135989459255,16789.2555634641,0.001,0.880651435454939,0.986938382017416,0.304241336667787,1.00375517333479,0.176542505855084,5.6856288998114,1136.08231301932,576.506898673477,3,2,1,68,74,215.214596769366,2245.11731216528,146.98399593804,1533.41709760528,883.119379575957,123465.540584728,,27210.4692461125
APC,KRAS,1260.94473608223,16346.959525868,0.001,0.001,0.66281123681135,0.76371255159389,0.506477955432198,2.90133877624277e-07,0.575525858110009,5.04119621274809e-07,1136.08231300958,15930.2202228034,4,11,0,59,74,391.195685606551,2933.07621956073,8482.31010927027,28026.093496533,,5729.79383450087,,125439.610599285
APC,LAMA1,1164.53746050781,401.892348941734,0.001,0.001,0.907385194842621,0.913657182856804,0.82908761220488,3.36699415823954e-07,0.18641406402231,1.80619105961693e-06,1136.08231301556,389.785987712143,4,3,0,67,74,361.444104096162,2706.5420084676,99.9247049412809,1042.61891643431,,26291.5350683244,,9355.02738340168
APC,LAMA2,1154.98342170099,562.9877249649,0.001,0.001,0.937184735685206,0.943480381293548,0.884236180367791,1.75917843319839e-07,0.124886523639402,1.40862150849667e-06,1136.08231302028,546.684089632467,4,2,0,68,74,358.493782195833,2684.10482372609,93.6016972313285,1738.91008398251,,42486.9251979022,,20367.4332915878
APC,LRP1B,1148.59450771105,258.297233899792,0.001,0.001,0.957972633459501,0.940747452456668,0.901221707511629,3.00878455488859e-07,0.119636805642918,2.51493220561987e-06,1136.08231302317,250.485700605612,4,2,0,68,74,356.525993497408,2669.06201630025,42.945711289938,797.757139706191,,63967.8663797504,,8790.5150437791
APC,LRP2,,,,,,,,,,,,,4,0,0,70,74,,,,,,,,
APC,LRRIQ1,1133.79962537389,0.001,9336.81185688614,29859.4428088368,0.999991654016402,1,0.043517038828445,1.16254082673667,0.0614628738742596,18.914521132139,1136.08231302317,607.55172319214,3,0,1,70,74,351.947220818555,2634.48907244183,,1401.98465872731,,,1590.35841864669,189876.099426775
APC,MACF1,1245.78954349507,751.030551261402,0.001,0.001,0.912470874016751,0.916359881862957,0.83619031222273,2.37369080783451e-07,0.205945534171027,1.15258183062288e-06,1217.07035871882,729.218775332758,4,3,0,61,68,386.665249593671,2895.35413073239,186.742550311234,1948.15743096036,,29265.2806846266,,18262.7046335896
APC,MED12,1142.84001963421,306.68676717863,0.001,0.001,0.976996207483448,0.971307740373705,0.948967809943509,1.35624000432337e-07,0.0623587843927542,2.17489807976591e-06,1136.08231302028,297.867235812778,4,1,0,69,74,354.744582793552,2655.61133765484,17.4990427787877,1350.66159512142,,164266.523746461,,22167.1307666849
APC,NF1,1158.12193322082,837.374838403607,0.001,0.001,0.927318313591883,0.915053118753296,0.848575608858398,2.00080597811958e-07,0.181440299332664,1.10273516163638e-06,1136.08231302028,812.710687781804,4,3,0,67,74,359.472489649982,2691.36224468783,208.213673265536,2172.06333353279,,33152.3150944041,,19684.696602756
APC,NRAS,,,,,,,,,,,,,4,0,0,70,74,,,,,,,,
APC,PBRM1,1149.52258774725,633.437892122362,0.001,0.001,0.954892144453761,0.943412474143437,0.900868589690134,1.62150990273835e-07,0.124788248200262,1.29940913998258e-06,1136.08231302028,615.154863545168,4,2,0,68,74,356.813449581491,2671.22776316269,105.318788569234,1956.36857188409,,58134.2011987698,,22827.4453980014
APC,PEG3,1153.14744394044,594.250674524198,0.001,0.001,0.94309398525154,0.942512234090043,0.888895013862753,1.7161159728777e-07,0.126313622388207,1.35861512038936e-06,1136.08231302028,576.777933241621,4,2,0,68,74,357.930309586181,2679.77061136129,98.8010588808745,1835.43484610543,,46608.5981927067,,21177.4678202664
APC,PIK3CA,1163.76019809319,1025.83340339054,0.001,0.001,0.818797610163846,0.900045936172467,0.818922158451684,1.77685278260863e-07,0.17903961355611,9.92435555079978e-07,1136.08231302028,989.995686923286,4,3,0,67,74,361.20919588522,2704.6461489995,255.053880722166,2661.38756407935,,26542.2481184593,,20168.06108195
APC,PLEC,1150.28474478507,254.503868509505,0.000999999999976353,0.001,0.952396066808608,0.942271562614476,0.897429576177616,3.17350775940416e-07,0.124523403061131,2.54852315419473e-06,1136.08231302028,246.999598381877,4,2,0,68,74,357.049125430892,2673.02200648674,42.314603563029,786.064179806021,,55049.1294665205,,8989.06655414986
APC,POLE,1153.25603395198,219.563109373838,0.001,0.001,0.942644165850036,0.968452294460389,0.912916376896574,1.67658813192938e-07,0.0581909545676338,2.88118341482218e-06,1136.08231302028,212.586197804593,4,1,0,69,74,357.94778515201,2680.26288077806,12.5272668103175,966.943604308808,,63747.7931985096,,14210.4133516265
APC,PREX2,862.292072851421,739.199804025506,21892.6764044871,0.001,0.793667170060382,0.976830829656911,0.243412950488527,1.21998212261316,0.181975295450324,6.7041084867819,1136.08231302028,722.493784870833,3,2,1,68,74,214.411018350285,2236.64254918936,183.807541100405,1917.33017056992,1125.87872140253,177042.988259725,,36638.5317584343
APC,PTPRT,,,,,,,,,,,,,4,0,0,70,74,,,,,,,,
APC,RASA1,1142.83501034386,314.56988947071,0.001,0.001,0.977007189075298,0.97293701911682,0.950569898550273,1.35742331597299e-07,0.0637334406391314,2.12984471316861e-06,1136.08231302028,306.025946873843,4,1,0,69,74,354.743522613964,2655.60338347247,17.9481125166112,1385.30486078374,,164436.207810645,,24611.3819688986
APC,ROBO2,1144.47570944352,325.937787846364,0.001,0.001,0.971469983331396,0.972248097219443,0.94451405863188,1.31503354490036e-07,0.0633780935747786,2.07490233727018e-06,1136.08231302028,316.857661590517,4,1,0,69,74,355.249728728091,2659.46134023969,18.5967478326408,1435.36597461025,,131856.274385272,,24713.9222546625
APC,ROS1,,,,,,,,,,,,,4,0,0,70,74,,,,,,,,
APC,RYR1,1234.64862459376,361.765419905932,0.000999999999976353,0.001,0.945341613730488,0.938942660443912,0.887642473834555,2.59017889320951e-07,0.135694554545175,1.90883038887695e-06,1217.0703587155,350.440387335635,4,2,0,62,68,383.219128229727,2869.26350791993,60.1452810499531,1117.42441285545,,53437.4419147233,,12030.9913371668
APC,SACS,870.926519334807,542.63251263587,12494.2435672956,0.001,0.860224619047971,0.972601120650853,0.379421566166236,1.10052172291859,0.243614780636266,4.51746696175116,1136.08231302028,528.754348065915,3,3,1,67,74,216.552980472451,2259.19717626519,168.426912362532,1261.05455472741,675.306060136398,73346.2331498786,,18606.3636439937
APC,SF3B1,1148.89793913294,890.245071051915,0.001,0.001,0.957049120315391,0.933837526312327,0.893741104850836,1.2834735218549e-07,0.120899851909634,1.06160057401413e-06,1136.08231302028,860.127605376301,4,2,0,68,74,356.620310702371,2669.76526288992,148.01336102668,2749.68197407567,,61613.606512934,,27050.0817899396
APC,SMAD4,892.380271270462,2591.52678762665,6002.02414008722,0.001,0.849968497939941,0.965671931696825,0.641608898092139,0.990154450278038,0.395232619455383,2.50524476355832,1136.08231301976,2516.73934833631,3,6,1,64,74,221.87149094665,2315.20234985925,1112.93432575212,5016.35703451931,333.440134329692,29675.3950929645,,45233.8532216225
APC,SPHKAP,,,,,,,,,,,,,4,0,0,70,74,,,,,,,,
APC,SPTA1,1142.12995077177,225.280821581733,0.001,0.001,0.979415538439575,0.968554074904742,0.948619882960828,1.6680437003435e-07,0.0595971870575837,2.79886313884548e-06,1136.08231302028,218.177744395109,4,1,0,69,74,354.525567686321,2653.94675299097,12.853624205921,992.089603872162,,184209.947329708,,14652.811620601
APC,SYNE1,1192.69083226296,328.374796282943,0.001,0.001,0.82626942035417,0.798822998664552,0.660200726281832,9.18475650160677e-07,0.422430965083327,2.17426213056967e-06,1136.08231302028,317.737630658474,4,7,0,63,74,370.155391347101,2772.33446581723,141.035663596836,635.519131264305,,12303.3514401868,,3014.38473304464
APC,SYNE2,1224.83556080685,525.300829168588,0.001,0.001,0.975387804060821,0.967105911369964,0.943307301717679,9.49787264149793e-08,0.0660207038583438,1.43862032459952e-06,1217.07035871882,507.970332336706,4,1,0,63,68,380.189069619635,2846.2611871438,29.9714550308486,2313.36545235736,,164408.526580509,,32672.8097572958
APC,TENM1,,,,,,,,,,,,,4,0,0,70,74,,,,,,,,
APC,TP53,1300.48453935883,1543.50703703432,0.001,23186.1404754947,0.966597958717083,0.739690030034692,0.0895402325535823,3.03323555889712,1.01926274183949,2.97591134688487,1136.08231301556,1835.80904332071,1,15,3,55,74,403.44221125345,3025.33560755844,886.998941215209,2466.32633191166,,10095.3191905271,4181.76823063391,339602.809427171
APC,TTN,1139.73833329021,868.50651836175,6290.64553305298,11818.4280543122,0.975371965684415,0.866301125409675,0.288609960030914,1.24018928624731,0.209761867795803,5.91236767330182,1217.0703587207,1105.30947628836,3,2,1,62,68,309.399412759542,2767.74363225833,147.943520094112,2593.98605568327,,96466.1324181053,,88549.2046167053
APC,XIRP2,1149.88965319579,506.479296609172,0.001,0.001,0.95367444727346,0.938861147264907,0.895381204071775,1.73884877519362e-07,0.115162510969946,1.5099087025355e-06,1136.08231302028,490.657497140541,4,2,0,68,74,356.926058911496,2672.10055520327,84.2089456854646,1564.30639565499,,57409.8182807576,,16586.5785654353
APC,ZFHX3,1224.83947986123,219.829501326201,0.001,0.001,0.975371581009676,0.96881401001852,0.944958088797758,1.92476148690775e-07,0.0679215318161399,2.83380164646166e-06,1217.07035871882,212.94898988174,4,1,0,63,68,380.191083578615,2846.27624614589,12.542487218687,968.120826279834,,164174.638646034,,14641.4305633449
APC,ZNF521,,,,,,,,,,,,,4,0,0,70,74,,,,,,,,
APC,ZNF536,1057.05624963015,536.8170831095,10941.8810068345,3725.92552067097,0.976803972772985,0.989840132620777,0.307377811981981,1.13483894468687,0.199982199603959,5.67469978295208,1217.07035872352,611.094230962153,3,2,1,62,68,270.369604626906,2657.6769797394,98.6498244933255,1521.90755453223,,106144.354181617,,41946.1156760051
APOB,ARID1A,666.453304782369,315.676153986685,0.001,0.001,0.912984823475791,0.899408477146394,0.821188404986311,4.25385577420764e-07,0.168912556337295,2.51837747675388e-06,651.196063366265,304.588193916903,4,3,0,67,74,206.860532875099,1548.79304644849,78.4889300322324,818.933536636691,,15659.1138111427,,6168.14840879951
APOB,ARID1B,664.562742861163,715.639319703524,0.001,0.001,0.922930679206668,0.93402176607135,0.862061234803938,2.6678113205364e-07,0.172878956693642,1.54316717983439e-06,651.196063366201,699.354905476261,4,3,0,67,74,206.277439155322,1544.34662802941,177.951273981461,1856.16605219277,,17795.6752203426,,21687.0507780381
APOB,ARID2,671.148133910641,1418.40310650941,0.001,0.001,0.888157269259839,0.866880428558595,0.770001423861926,2.70745318267304e-07,0.226388273905637,1.19593348894102e-06,651.196063367285,1367.81027206803,4,4,0,66,74,208.313182602807,1559.77251994264,440.200500389675,3297.10166095153,,11630.2004867854,,20472.4989724753
APOB,ASTN1,,,,,,,,,,,,,4,0,0,70,74,,,,,,,,
APOB,ATM,655.767090256404,181.063930856127,0.001,0.001,0.972805547244196,0.972734258065648,0.946284772956607,2.13451558616663e-07,0.0577481390016948,3.69624999708474e-06,651.196063366595,176.109955095196,4,1,0,69,74,203.556796282165,1523.7809301916,10.3308777887611,797.337064988928,,79396.595468293,,13585.7002737549
APOB,BAP1,,,,,,,,,,,,,4,0,0,70,74,,,,,,,,
APOB,BRAF,,,,,,,,,,,,,4,0,0,70,74,,,,,,,,
APOB,BRCA2,,,,,,,,,,,,,4,0,0,70,74,,,,,,,,
APOB,CDH8,,,,,,,,,,,,,4,0,0,70,74,,,,,,,,
APOB,CSMD3,668.196117987843,613.45759964287,0.001,8442.7594682814,0.981899324484635,0.875197409562685,0.393983859617617,1.02748076620956,0.227189402454271,4.522573478824,651.196063366703,799.917777397744,3,3,1,67,74,207.398389684575,1552.88441963616,152.535933006847,1591.28079815379,,22775.199610065,457.469156440003,48650.0453474205
APOB,CTNNA2,,,,,,,,,,,,,4,0,0,70,74,,,,,,,,
APOB,CUBN,651.219282623441,0.001,2033.08927636071,11029.9952442403,0.999999780552549,0.699929406784495,0.0360327136743112,1.29023001908369,0.0592332741144272,21.7821830444694,651.196063366823,190.084039983653,3,0,1,70,74,202.151124290714,1513.11600638242,,394.231884794026,,,597.764312402463,63291.7160366917
APOB,DMXL1,,,,,,,,,,,,,4,0,0,70,74,,,,,,,,
APOB,DMXL2,661.413387579044,750.665206875725,0.001,0.001,0.940194973535312,0.953989167822112,0.896949780736498,1.77973913471322e-07,0.118387654901884,1.50331479763512e-06,651.196063366265,733.030412748401,4,2,0,68,74,205.312641614819,1537.08808755405,124.810133545921,2318.37395151186,,25102.8898486189,,33000.9276843652
APOB,DNAH5,523.229325674023,0.001,4848.59946341621,19930.1887003093,0.999999176369707,0.611821526382127,0.0221582999594153,1.41772492308484,0.0494130878615461,28.6912837153035,523.482168827377,205.246198297416,2,0,1,65,68,130.11100234079,1357.00460754662,,442.098064779107,,,1053.66577196533,139861.597692035
APOB,EPHA2,,,,,,,,,,,,,4,0,0,70,74,,,,,,,,
APOB,ERBB2,672.140183424919,1748.70532573922,0.001,0.001,0.882541445317625,0.912504413433943,0.805369354619098,2.57043178585742e-07,0.231350188024246,1.11105670922905e-06,651.196063366293,1708.44525395709,4,4,0,66,74,208.61561358818,1562.09794869344,542.79540603468,4063.59016335339,,11057.8741877184,,39476.689159227
APOB,ERBB3,541.83771683023,3419.26842543428,0.001,0.001,0.902849430858662,0.920104080450642,0.830755353857393,2.11821337345319e-07,0.183936065813695,1.1516030660342e-06,523.482168827216,3347.56672360595,3,4,0,61,68,134.720895625102,1405.65077236068,1061.31974485271,7946.10524849949,,10930.3074777473,,88219.3326923773
APOB,ERBB4,656.395849335448,240.381217996827,0.001,0.001,0.969090881656566,0.9768867217221,0.946695561614875,1.77438053741794e-07,0.0596832576764245,2.97299545383033e-06,651.196063366595,234.801311060102,4,1,0,69,74,203.749829049705,1525.25542912607,13.7154580448677,1058.52142426687,,69587.2724317825,,21309.2653195265
APOB,FAT2,,,,,,,,,,,,,4,0,0,70,74,,,,,,,,
APOB,FBN2,,,,,,,,,,,,,4,0,0,70,74,,,,,,,,
APOB,FBXW7,661.412724767094,979.364211727485,0.001,0.001,0.901069751914733,0.959910935975072,0.902641971541608,1.56610387792031e-07,0.117344222309002,1.33462376511073e-06,651.196063366595,959.382209011018,4,2,0,68,74,205.301625937924,1536.99688306663,162.839889018246,3024.50061495565,,24976.7546091788,,49652.1725411644
APOB,FGFR2,,,,,,,,,,,,,4,0,0,70,74,,,,,,,,
APOB,GLI3,656.109740442197,119.725665455883,0.001,8005.76449195812,0.987472538290488,0.636569816236998,0.118175423618593,1.43818839188651,0.117964287385531,12.1917270367279,651.196063366595,236.29284149481,3,1,1,69,74,203.656993939365,1524.5319043551,6.83120697690542,527.191546559788,,116373.239340339,433.551147742525,45980.1293425611
APOB,GNAS,657.662760198811,371.032232705665,0.001,0.001,0.961657305740115,0.983053496532328,0.945364294946329,1.31524004352065e-07,0.0598924450397588,2.1960032565836e-06,651.196063366595,364.69091774063,4,1,0,69,74,204.140159215672,1528.24788538263,21.1700616224088,1633.83657916385,,55645.6859314193,,45520.7590724928
APOB,HMCN1,,,,,,,,,,,,,4,0,0,70,74,,,,,,,,
APOB,HYDIN,541.900406386012,917.264495654783,0.001,0.001,0.902269454383516,0.951627789648958,0.85865030362109,3.11123274955366e-07,0.197506478223702,1.57525605111027e-06,523.48216882692,905.655689621757,3,4,0,61,68,134.736700047197,1405.81065132816,284.716477640936,2131.56319321294,,10837.548411526,,39942.6009963471
APOB,IDH2,655.269225985884,2546.87917281516,0.001,0.001,0.975651123414551,0.980632238525579,0.956757232256926,5.13103422684208e-08,0.0515047420299595,9.96225594889387e-07,651.196063366595,2497.33029491362,4,1,0,69,74,203.402548326853,1522.60616087514,145.317450489642,11215.1364890521,,88872.3853000755,,279718.3379543
APOB,KMT2C,662.965864697903,393.205332047228,0.001,7641.14943251219,0.996328727920769,0.893406798449248,0.315379514808616,0.981713439687065,0.173686573621994,5.6522125989061,651.196063365549,576.506898673474,3,2,1,68,74,205.77521703113,1540.53306737434,65.3769012500416,1214.52512016469,,37426.6068277281,413.127390192722,44285.3303745408
APOB,KRAS,716.352029097079,16296.5740419438,0.001,0.001,0.6860893498096,0.788813060134828,0.541433065389184,4.92351702748028e-07,0.57944433106376,8.49696297561762e-07,651.196063366265,15930.2202242837,4,11,0,59,74,222.272940372989,1665.84408454327,8456.45482367436,27938.2961079191,,3564.64657882981,,142999.341319513
APOB,LAMA1,661.219059120425,263.878654677157,0.001,7869.9717975096,0.978708967779956,0.685609762805811,0.212077231014151,1.353769507782,0.179154476087293,7.55643697745166,651.19606336593,389.785987711587,3,2,1,68,74,205.242285382759,1536.53759165971,43.873319775132,815.013381376467,,39545.9669045142,426.407545089145,45286.6922229266
APOB,LAMA2,661.436159876257,557.30682198006,0.001,0.001,0.940173965447802,0.96265507051369,0.905074903826296,2.06256783385345e-07,0.118524219105558,1.74020790807026e-06,651.196063366265,546.68408963661,4,2,0,68,74,205.308569979954,1537.0575911306,92.6621602765102,1721.17432440602,,25089.1029324586,,30461.8889746309
APOB,LRP1B,659.685051836879,256.895488246721,0.001,0.001,0.950216432341577,0.951002716059729,0.903668675145056,3.30762327866406e-07,0.115899221069111,2.8538787820599e-06,651.19606336632,250.485700605573,4,2,0,68,74,204.7689488644,1532.93186884249,42.7138189017083,793.373567756206,,30153.5786705914,,10574.9804379765
APOB,LRP2,,,,,,,,,,,,,4,0,0,70,74,,,,,,,,
APOB,LRRIQ1,654.310545875935,617.330434250791,0.001,0.001,0.981310617847408,0.984200354733185,0.965807406471026,9.50759929197256e-08,0.0583524596661604,1.62933993637396e-06,651.196063366595,607.55172319192,4,1,0,69,74,203.106470600895,1520.35665432817,35.2236774219413,2718.26286818621,,116540.405458961,,81742.7699166269
APOB,MACF1,537.308806500123,736.872825232151,0.001,0.001,0.925343506267766,0.969737736666771,0.897351537624065,2.4680494854594e-07,0.145092185121852,1.70102165281105e-06,523.482168827216,729.218775331153,3,3,0,62,68,133.598895888149,1393.81382728363,183.239369926069,1911.05383061867,,14844.5045387248,,52317.5678276218
APOB,MED12,654.538145406301,303.879345210839,0.001,0.001,0.979998815671907,0.980289904291354,0.960685037396987,1.48972596414592e-07,0.0594795882988447,2.50460032887426e-06,651.196063367212,297.867235812778,4,1,0,69,74,203.176831744641,1520.89015625342,17.3385236819883,1338.12399032153,,108595.306027582,,31789.322475713
APOB,NF1,663.844770905468,829.946061994376,0.001,0.001,0.926833686162873,0.939619624494704,0.870890864307009,2.49267672045028e-07,0.173386030251488,1.43764564932641e-06,651.19606336916,812.710687781929,4,3,0,67,74,206.056098455461,1542.65617088763,206.378797660849,2152.55302141021,,18748.681792346,,27601.9233211808
APOB,NRAS,,,,,,,,,,,,,4,0,0,70,74,,,,,,,,
APOB,PBRM1,655.253148136727,312.384927591419,0.001,18449.2980243661,0.99514304462432,0.764743912039515,0.133736995440087,1.32116001609063,0.11769042977459,11.2257217398306,651.196063366823,615.154863544753,3,1,1,69,74,203.39963191279,1522.54241025997,17.8239855689083,1375.53717078901,,142628.767298232,999.657615664418,106307.72874372
APOB,PEG3,661.546721592565,588.442717940943,0.001,0.001,0.939578347159086,0.96110975001165,0.903049132866903,2.01790089970899e-07,0.119251464127833,1.69213930786282e-06,651.196063366229,576.777933242145,4,2,0,68,74,205.342247425015,1537.32349556027,97.8403438340908,1817.27690094224,,25029.7226492846,,30799.9747467715
APOB,PIK3CA,662.808286953589,673.721643241782,0.001,14041.2405106287,0.994335365910967,0.868522617726962,0.296912434939572,1.0299214144662,0.173428786040834,5.93858400314066,651.196063365959,989.995686923286,3,2,1,68,74,205.73357554552,1540.25942232255,112.015408642248,2080.83634087507,,37979.9472668717,757.952874020043,81289.5671331701
APOB,PLEC,660.553706507091,252.148397697806,0.001,0.001,0.945148886875183,0.959900787264963,0.907259166314583,3.41161176668856e-07,0.118298803889027,2.88389371196762e-06,651.196063366595,246.999598381877,4,2,0,68,74,205.038349670653,1534.98837266771,41.9245919890079,778.698475341764,,27326.5239193792,,12808.0874290519
APOB,POLE,658.303019403008,218.742284651044,0.001,0.001,0.958091041016046,0.972024125696892,0.931294194296612,1.82575200205655e-07,0.0569155829585338,3.20782447820435e-06,651.196063366229,212.586197804593,4,1,0,69,74,204.337081844583,1529.76170010942,12.4805833305277,963.294902183187,,50751.4352733005,,15995.5066729179
APOB,PREX2,663.568020316391,737.587707125187,0.001,0.001,0.928369439937157,0.94048550239442,0.873137110730848,2.63372032203134e-07,0.173617170536112,1.51696995976762e-06,651.196063367267,722.49378487409,4,3,0,67,74,205.970050710705,1542.01505786182,183.412821728962,1913.00331016475,,19324.0485013856,,24922.3056476274
APOB,PTPRT,,,,,,,,,,,,,4,0,0,70,74,,,,,,,,
APOB,RASA1,654.527293891253,310.675803121717,0.001,0.001,0.980008713759863,0.985091987631676,0.965400151848423,1.46139555842056e-07,0.0595038208294792,2.4559692773486e-06,651.196063367212,306.025946873827,4,1,0,69,74,203.173611975498,1520.86605123917,17.7264859557695,1368.00219521277,,108708.411341433,,43509.1078718977
APOB,ROBO2,655.29228011277,322.126311518231,0.001,0.001,0.975490680599924,0.983712109618094,0.959603848125563,1.43198862862567e-07,0.0596225483457006,2.40175683253722e-06,651.196063366595,316.857661590069,4,1,0,69,74,203.409794768239,1522.66152411039,18.3798168236349,1418.42499126004,,88309.2505270624,,41066.9458420493
APOB,ROS1,,,,,,,,,,,,,4,0,0,70,74,,,,,,,,
APOB,RYR1,532.434841336222,355.962599308154,0.001,0.001,0.950804930954451,0.96957037889074,0.92188094989996,2.36604801565413e-07,0.0962735281446646,2.45763094097767e-06,523.482168827216,350.440387335635,3,2,0,63,68,132.394560834872,1381.1103500758,59.1850751691415,1099.34881898386,,24887.3994582283,,24816.9161439958
APOB,SACS,668.940373177407,541.839678447148,0.001,0.001,0.899389869659931,0.908106910319961,0.816783249078554,4.17339470003275e-07,0.232401596960831,1.79576851218287e-06,651.196063366265,528.754348063775,4,4,0,66,74,207.631449286263,1554.59308223251,168.188042294252,1259.10296346099,,13066.6160808103,,11598.8131536375
APOB,SF3B1,660.867064682793,884.923709400272,0.001,0.001,0.943565707602788,0.945078300827505,0.891756424330615,1.63221721584741e-07,0.116436319772515,1.40181106637201e-06,651.196063367148,860.127605380892,4,2,0,68,74,205.133512166179,1535.71225261607,147.133406042454,2733.02384358892,,26494.7638083908,,32557.0541717882
APOB,SMAD4,511.664553663935,2590.02980484352,3435.28788630878,0.001,0.848323616502358,0.973411039588566,0.643996080183404,1.00253689181868,0.39819142541869,2.51772596751557,651.196063367561,2516.73934832825,3,6,1,64,74,127.217751539495,1327.44035570963,1112.33807123204,5013.11962556982,191.03141730127,16908.886089019,,45779.5732528997
APOB,SPHKAP,,,,,,,,,,,,,4,0,0,70,74,,,,,,,,
APOB,SPTA1,655.312396681902,224.347412515832,0.001,0.001,0.975483534847093,0.972578761250663,0.948737505701934,1.82471089352904e-07,0.0581723253764311,3.13673363016073e-06,651.196063366595,218.17774439531,4,1,0,69,74,203.416649283427,1522.71294688885,12.8005192091016,987.933076767323,,88326.7722253806,,16704.1147407896
APOB,SYNE1,684.75340856271,325.900126249288,0.001,0.001,0.820193111092297,0.841220805491589,0.690082319454521,1.01984947432215e-06,0.405527756500086,2.51486971723954e-06,651.196063366744,317.737630658798,4,7,0,63,74,212.520797771228,1591.60762146922,139.985895604594,630.631631270079,,6757.56459066923,,3870.91957028406
APOB,SYNE2,526.362227075799,518.796313416086,0.001,0.001,0.983912322776088,0.979181276998871,0.963430139863365,9.5157160948621e-08,0.0478594590470766,1.98826235906721e-06,523.482168827216,507.970332336046,3,1,0,64,68,130.887012335382,1365.18250490962,29.6012949207752,2284.5267514982,,109122.674022023,,53062.272997023
APOB,TENM1,,,,,,,,,,,,,4,0,0,70,74,,,,,,,,
APOB,TP53,762.816485688903,1897.44287371289,0.001,0.001,0.536168804359208,0.579849823816296,0.311513252716415,1.18188885678272e-06,1.00684202488567,1.1738572959516e-06,651.196063366846,1835.80904330675,4,18,0,52,74,236.623246780874,1774.86053376216,1148.1703390682,2921.38450346172,,2193.6612471494,,6986.09953066891
APOB,TTN,536.353663020597,1120.8544771501,0.001,0.001,0.93034850439285,0.959778278866129,0.892945167598487,2.16857066794203e-07,0.148454874211864,1.46076084025857e-06,523.482168827216,1105.30947629204,3,3,0,62,68,133.362769698833,1391.30594492039,278.703978894198,2907.35547446846,,16005.6716056343,,58980.8170264308
APOB,XIRP2,660.722388732687,505.366567781938,0.001,0.001,0.94440772396215,0.943012938433581,0.890603175932725,2.10717569004704e-07,0.113765336054351,1.8522124252684e-06,651.196063366293,490.657497140541,4,2,0,68,74,205.088894288647,1535.37200181479,84.0248731549001,1560.8256295937,,26929.7479309115,,17782.9825130319
APOB,ZFHX3,526.351164298253,216.037423910625,0.001,0.001,0.983902354687667,0.985757686355912,0.969890543656055,1.63020334796853e-07,0.0483784093109081,3.36969191668103e-06,523.482168827216,212.94898988174,3,1,0,64,68,130.884751057052,1365.15892009349,12.3265923940748,951.288592360461,,108972.176706859,,32577.8347570667
APOB,ZNF521,,,,,,,,,,,,,4,0,0,70,74,,,,,,,,
APOB,ZNF536,537.173045742112,620.861582403733,0.001,0.001,0.926156620362021,0.954245153729918,0.883798037951912,2.63132147819943e-07,0.142878090176815,1.8416549905889e-06,523.482168827216,611.094230961434,3,3,0,62,68,133.565795737819,1393.44734580244,154.385031942094,1610.30752146244,,14944.3686036329,,28574.1664838879
ARID1A,ARID1B,310.584823846442,715.31343524147,0.001,0.001,0.943871218422398,0.935206710336077,0.882732312286296,3.10179304480879e-07,0.126877093228458,2.44472265708643e-06,304.588193916872,699.354905480027,3,3,0,68,74,77.229556026283,805.580455760428,177.867359399581,1855.37469568115,,11620.8976187529,,22887.4571790023
ARID1A,ARID2,316.266173633244,1403.74183465925,0.001,0.001,0.894499697577739,0.903307893297494,0.80806282659272,3.68494427303509e-07,0.175387499154556,2.10103017079217e-06,304.588193916356,1367.81027208484,3,4,0,67,74,78.6352484679687,820.47002655181,435.676744647224,3262.66370529735,,5825.20789135886,,29660.5395918279
ARID1A,ASTN1,,,,,,,,,,,,,3,0,0,71,74,,,,,,,,
ARID1A,ATM,306.675920153835,180.138379253991,0.001,0.001,0.979961730376129,0.977710219951848,0.958120742314489,1.98253404767087e-07,0.0432433817166163,4.58459530446269e-06,304.588193916872,176.109955095365,3,1,0,70,74,76.2601622025384,795.385234520497,10.2781315530903,793.252800013475,,50780.7191876423,,17243.2844642698
ARID1A,BAP1,,,,,,,,,,,,,3,0,0,71,74,,,,,,,,
ARID1A,BRAF,,,,,,,,,,,,,3,0,0,71,74,,,,,,,,
ARID1A,BRCA2,,,,,,,,,,,,,3,0,0,71,74,,,,,,,,
ARID1A,CDH8,,,,,,,,,,,,,3,0,0,71,74,,,,,,,,
ARID1A,CSMD3,315.104802323675,817.234972106597,0.001,0.001,0.90417143104699,0.919270665206539,0.831215781564999,4.00531253514497e-07,0.169463851788263,2.3635202982105e-06,304.588193916872,799.917777398272,3,4,0,67,74,78.3486340304632,817.412321147178,253.662898379612,1899.18238975969,,6434.84436024163,,20774.0331330963
ARID1A,CTNNA2,,,,,,,,,,,,,3,0,0,71,74,,,,,,,,
ARID1A,CUBN,308.504432719479,194.075735787559,0.001,0.001,0.962790096416878,0.979523383128365,0.943078689733729,1.8739853344346e-07,0.0427360156280495,4.38502585440983e-06,304.588193916872,190.08403998389,3,1,0,70,74,76.7114547480899,800.201062132428,11.0734406933776,854.606523413641,,26938.8669470193,,20240.4085049927
ARID1A,DMXL1,,,,,,,,,,,,,3,0,0,71,74,,,,,,,,
ARID1A,DMXL2,308.382757571638,748.797484101171,0.001,0.001,0.963967941890333,0.958617841221319,0.924084449136882,2.07833680941996e-07,0.0866468634664097,2.3986290169934e-06,304.588193917219,733.030412749743,3,2,0,69,74,76.6836905676683,799.832159513697,124.49956644034,2312.6339404847,,19639.2944955494,,38154.6336393365
ARID1A,DNAH5,217.816666254764,208.606092806033,0.001,0.001,0.98738874711113,0.98392947568629,0.971521804000177,1.49768576237445e-07,0.0309329103559679,4.84172276432922e-06,216.426011525365,205.246198294797,2,1,0,65,68,36.216417851289,672.683491606906,11.9026030437735,918.584866303478,,57817.1209750848,,30328.9566697856
ARID1A,EPHA2,,,,,,,,,,,,,3,0,0,71,74,,,,,,,,
ARID1A,ERBB2,313.547063015695,1745.36756706368,0.001,0.001,0.917598209394698,0.919162345952308,0.843452104759167,3.3876010994971e-07,0.168216489208017,2.01383414637074e-06,304.588193917219,1708.44525395877,3,4,0,67,74,77.9637105775476,813.318427024867,541.758309622782,4055.9251814105,,7524.55957785316,,44401.6039287443
ARID1A,ERBB3,223.515338652242,3401.61133536559,0.001,0.001,0.938102677449094,0.938916909933227,0.88082101618612,3.13242283410398e-07,0.123197774233511,2.54259693699233e-06,216.426011524853,3347.56672364534,2,4,0,62,68,37.1613821497792,690.396979115916,1055.84612021094,7904.8270019319,,7240.72191773519,,125278.559218351
ARID1A,ERBB4,306.57781753769,239.823947442386,0.000999999999976353,0.001,0.980880809999159,0.97912962871503,0.960411466850239,1.65542129052908e-07,0.0428876710870361,3.85990017310471e-06,304.588193916872,234.801311059853,3,1,0,70,74,76.2358881238334,795.128104942377,13.6836291818608,1056.07654318681,,53247.3447621438,,24530.4534115411
ARID1A,FAT2,,,,,,,,,,,,,3,0,0,71,74,,,,,,,,
ARID1A,FBN2,,,,,,,,,,,,,3,0,0,71,74,,,,,,,,
ARID1A,FBXW7,309.714088392688,979.842739030746,0.001,0.001,0.911045964321931,0.958963573337656,0.91263559080992,1.90739853903575e-07,0.0853382062649189,2.23510502800415e-06,304.588193917153,959.382209006246,3,2,0,69,74,77.012872106495,803.326290671865,162.917393288266,3026.07209274612,,14579.3969710334,,50320.6172849823
ARID1A,FGFR2,,,,,,,,,,,,,3,0,0,71,74,,,,,,,,
ARID1A,GLI3,308.360870800045,241.261713861918,0.001,0.001,0.964162706182028,0.959487265758846,0.925108611491109,3.32191731227706e-07,0.0858597167246652,3.86900567460498e-06,304.588193916872,236.292841495669,3,2,0,69,74,76.6782597179825,799.774793009111,40.114185513298,745.101631910904,,19751.7359250329,,12571.5925935119
ARID1A,GNAS,307.829634185989,372.876864111441,0.001,0.001,0.969057987776607,0.978175966424397,0.947913202140936,1.32661930318193e-07,0.0428481978953452,3.09609124384213e-06,304.588193916872,364.69091774081,3,1,0,70,74,76.545484053896,798.422030688029,21.2750896557918,1642.04925641675,,32520.5864057123,,36443.9525881165
ARID1A,HMCN1,,,,,,,,,,,,,3,0,0,71,74,,,,,,,,
ARID1A,HYDIN,223.654660664987,920.575962802248,0.001,0.001,0.93694098733992,0.937802036987313,0.878687189073961,3.72938296096855e-07,0.125371860256121,2.97465711472241e-06,216.426011525174,905.655689617643,2,4,0,62,68,37.1844036887,690.831193491317,285.733476339042,2139.4182408835,,7101.12715696214,,33568.4206827399
ARID1A,IDH2,203.054251768531,2528.67299923734,141275915.03756,0.001,0.846178437796615,0.962786540543059,0.0275746829162387,0.999803221764585,0.0369003567441855,27.0946763115543,304.588193916872,2497.33029488685,2,0,1,71,74,33.7624919968204,627.085223984046,144.278985629936,11134.581518703,2920.79156385355,,,746712.594210594
ARID1A,KMT2C,313.335922403257,590.569875538559,0.001,0.001,0.919471732605158,0.931243164572517,0.856281454180135,3.41785669262344e-07,0.130806961764075,2.6129012145301e-06,304.588193916872,576.506898674456,3,3,0,68,74,77.9093757517581,812.808099955504,146.843504426399,1531.95545647181,,7984.498938355,,17811.3088234447
ARID1A,KRAS,333.34700887501,16303.1999372779,0.001,0.001,0.765199828641592,0.783386631196077,0.599640455615509,7.46954282947188e-07,0.421665067613391,1.77143979977977e-06,304.588193916729,15930.2202228255,3,11,0,60,74,82.868007806247,865.098195491273,8459.68937627023,27950.6808597513,,2346.80296129785,,140905.614319913
ARID1A,LAMA1,310.452548760568,398.539269783653,0.001,0.001,0.945060851745334,0.936297049070492,0.884876847675717,3.89658489400539e-07,0.128452471077003,3.03348379469438e-06,304.588193917368,389.785987711132,3,3,0,68,74,77.1968004025812,805.235026745872,99.0952875858896,1033.82158681249,,11905.1048461162,,13002.7587775558
ARID1A,LAMA2,308.382156529415,557.97230727469,0.001,0.001,0.963954547130962,0.96024289432727,0.925637982892464,2.22873767920673e-07,0.084566559557027,2.63548344745395e-06,304.588193917219,546.684089636808,3,2,0,69,74,76.6835374038342,799.830563858523,92.7715383826084,1723.29058567656,,19628.5542202055,,29678.8476916451
ARID1A,LRP1B,308.367570833892,255.850827604441,0.001,0.001,0.964107664619748,0.958728451889791,0.924323800461636,3.16235025541768e-07,0.0844589200777834,3.74424661421823e-06,304.588193917153,250.485700605577,3,2,0,69,74,76.6799083405722,799.792918503737,42.5402291916889,790.142499229885,,19767.0619062648,,13047.7820156251
ARID1A,LRP2,,,,,,,,,,,,,3,0,0,71,74,,,,,,,,
ARID1A,LRRIQ1,306.064709749334,618.418377231188,0.001,0.001,0.985762776171371,0.982468012126284,0.968481388325641,1.03259383543719e-07,0.0409219686555397,2.52332394887704e-06,304.588193917153,607.551723212913,3,1,0,70,74,76.10883890054,793.785286018526,35.2855521325467,2723.11245687524,,71896.7150681635,,75801.3312938188
ARID1A,MACF1,222.475484776921,739.652076597943,0.001,0.001,0.946761667516521,0.958794704734824,0.907761172515226,2.79250600912148e-07,0.0902642888283594,3.09369967388934e-06,216.426011524956,729.218775334211,2,3,0,63,68,36.9885534819939,687.18092224945,183.925827528363,1918.36817485002,,8757.94172939951,,41675.4536263264
ARID1A,MED12,305.890921011046,304.187043483685,0.001,0.001,0.987463749225857,0.979284468021115,0.9670093080631,1.44158493803684e-07,0.0424376607004816,3.39694722621805e-06,304.588193916872,297.867235811976,3,1,0,70,74,76.0657556789495,793.330912420851,17.3559533689276,1339.51669433825,,81648.2756633737,,31359.0348602378
ARID1A,NF1,311.156652133069,831.787351128725,0.001,0.001,0.938728525192452,0.93342196119448,0.876248677133905,2.94573570099044e-07,0.125689913482132,2.34365321717657e-06,304.588193916903,812.710687779919,3,3,0,68,74,77.3711541579982,807.077464329254,206.830898693491,2157.45520803606,,10565.7609421645,,25921.4756842805
ARID1A,NRAS,,,,,,,,,,,,,3,0,0,71,74,,,,,,,,
ARID1A,PBRM1,308.217596446353,312.095042457374,0.001,19085.8472539676,0.982638522246953,0.735835524885285,0.131858089638924,0.991201430311331,0.0846796382152623,11.7053101690352,304.588193916872,615.154863545168,2,1,1,70,74,76.6406354907438,799.44779613502,17.8073656357177,1374.27971282945,,53419.8940470561,1006.43677440084,137386.139855051
ARID1A,PEG3,309.388702804366,588.786006586888,0.001,0.001,0.954668508657248,0.959948577558064,0.916441648910762,2.20029052537714e-07,0.0849542609870918,2.58997076757746e-06,304.588193916903,576.777933246576,3,2,0,69,74,76.9320683840211,802.480147318955,97.8961991770112,1818.39344230706,,16007.407729999,,31046.9679518476
ARID1A,PIK3CA,313.410174971111,1012.49213465832,0.001,0.001,0.859720634780117,0.935814843861923,0.859851417039564,2.95147510247056e-07,0.132176840886962,2.2329744625949e-06,304.588193916872,989.995686927016,3,3,0,68,74,77.9275117270095,813.01118709395,251.75399634122,2626.39602785326,,7954.29009193963,,32798.8229499132
ARID1A,PLEC,309.237213181166,252.763457907028,0.001,0.001,0.956085423741539,0.95522500268244,0.913285867489505,3.21849349525566e-07,0.0850663960937311,3.78350752241735e-06,304.588193917153,246.99959838073,3,2,0,69,74,76.8948826329302,802.076606023995,42.0261869934146,780.640346829749,,16248.9519794121,,11857.8062103178
ARID1A,POLE,307.292088034051,217.364805019637,0.001,0.001,0.974122511859269,0.978124394246685,0.952816224539097,1.77578620475394e-07,0.0433854585842569,4.09304468063942e-06,304.588193916356,212.586197804566,3,1,0,70,74,76.41237769786,797.002079601278,12.4020883235083,957.204534228323,,39073.116798347,,21153.3499945194
ARID1A,PREX2,309.577344599208,738.095880882458,0.001,0.001,0.953021000291362,0.938432103269467,0.894358829526583,3.03020600422085e-07,0.125383380737968,2.4167525124829e-06,304.588193916663,722.493784873088,3,3,0,68,74,76.9804989349614,802.944151373229,183.536557455774,1914.39888809709,,13948.4224628543,,24931.95261877
ARID1A,PTPRT,,,,,,,,,,,,,3,0,0,71,74,,,,,,,,
ARID1A,RASA1,305.889872666592,312.246827963141,0.001,0.001,0.987469716610471,0.980130605248236,0.967850520537965,1.41655726025071e-07,0.0422765582420198,3.35069201267845e-06,304.588193916872,306.025946873843,3,1,0,70,74,76.0654774321023,793.328009562047,17.8159030151522,1374.98037223071,,81731.7644428655,,33621.1330330628
ARID1A,ROBO2,306.5022402792,323.397708700719,0.001,0.001,0.981594932688562,0.97984274814533,0.961810452992246,1.39986352037935e-07,0.0424519704890636,3.29752306960635e-06,304.588193916872,316.857661590069,3,1,0,70,74,76.21719309105,794.9302102088,18.4521489802217,1424.08132478687,,55362.4314897567,,34299.5198211541
ARID1A,ROS1,,,,,,,,,,,,,3,0,0,71,74,,,,,,,,
ARID1A,RYR1,220.17289194856,356.431111210082,0.001,0.001,0.966554401644884,0.966972359671864,0.934638072056768,2.35343693042248e-07,0.0612176445543694,3.8443768092585e-06,216.426011524936,350.440387335635,2,2,0,64,68,36.6068300602303,680.016122098154,59.2619436336256,1100.84530032104,,15442.7976820165,,24812.6176543588
ARID1A,SACS,157.790447914857,461.183965144643,10802.1118226273,9733.74910751057,0.733589357741075,0.954739304365374,0.00773842215275618,2.26167580086631,0.169603777110265,13.3350556184602,304.588193916954,528.754348065212,1,2,2,69,74,9.76783596127838,611.694130080171,106.616454527432,1162.37126277144,,68432.8770339684,,211312.243219298
ARID1A,SF3B1,308.689294992368,879.203666377166,0.001,0.001,0.961133639393512,0.95731764582753,0.920117306389902,2.02375435298446e-07,0.0880966349944035,2.29719824498748e-06,304.588193916602,860.127605371454,3,2,0,69,74,76.7595281237135,800.636407218491,146.184594499547,2715.25960862745,,18237.9947000241,,43385.9686392489
ARID1A,SMAD4,324.386020695963,2581.41761169859,0.001,0.001,0.829750625184569,0.842147221727267,0.698902821832242,5.89615808753441e-07,0.30333279651302,1.94379182050673e-06,304.58819391662,2516.7393483453,3,7,0,64,74,80.6466840236345,841.702587048164,1108.63130407891,4996.49813871735,,3383.26157540366,,31994.8092208283
ARID1A,SPHKAP,,,,,,,,,,,,,3,0,0,71,74,,,,,,,,
ARID1A,SPTA1,306.339989688377,223.015547511728,0.001,0.001,0.983160224766554,0.978365101619461,0.961891258773994,1.71920519353649e-07,0.0427264367285579,4.02375045796271e-06,304.588193917153,218.177744395109,3,1,0,70,74,76.1770209225545,794.505226070879,12.724623657607,982.050638513442,,60622.9923922284,,21953.710769447
ARID1A,SYNE1,318.993079001359,325.07252012245,0.001,0.001,0.872003756505008,0.855474258822384,0.746056441709791,1.01040576667641e-06,0.295928720408008,3.41435520446722e-06,304.588193917103,317.737630658759,3,7,0,64,74,79.3152775192144,827.524840750096,139.630156288666,629.04478681063,,4576.60375634463,,4433.68119056445
ARID1A,SYNE2,217.409383305904,516.53780500843,0.001,0.001,0.991088847754381,0.983453628347383,0.974690655551445,1.04313568529552e-07,0.0309896309211105,3.36607973147857e-06,216.426011524838,507.97033233548,2,1,0,65,68,36.1487942568888,671.41378557396,29.4722784465709,2274.55372986753,,82029.6878960697,,72363.3647040905
ARID1A,TENM1,,,,,,,,,,,,,3,0,0,71,74,,,,,,,,
ARID1A,TP53,354.776701011248,1884.14749417015,0.001,0.001,0.636218368634364,0.650137581543387,0.414095996310822,1.57930750011026e-06,0.74913141884112,2.10818483965523e-06,304.588193916638,1835.80904332589,3,18,0,53,74,88.1750042305019,921.150756501469,1140.20088095413,2900.6553082768,,1412.86636399576,,9088.41978945328
ARID1A,TTN,221.666149434974,1123.78612313374,0.001,0.001,0.953687867134448,0.952167950430383,0.908084703380364,2.62775884591823e-07,0.0920126667076201,2.85586641485809e-06,216.426011525287,1105.30947630217,2,3,0,63,68,36.8546803816093,684.648928175769,279.423677281857,2915.12107598724,,10099.4806484564,,53682.8139350911
ARID1A,XIRP2,308.529051639318,501.829081441439,0.001,0.001,0.96264025694647,0.956235571552755,0.920518444229487,2.3148452791763e-07,0.0843421186084426,2.74458991233425e-06,304.588193917153,490.657497140541,3,2,0,69,74,76.7195388416027,800.211446442299,83.4381372970245,1549.84950823622,,18917.5737754176,,24081.3986447169
ARID1A,ZFHX3,217.409151783103,216.319835796291,0.001,0.001,0.991083042521555,0.98446135631662,0.975683727239226,1.4830561712682e-07,0.031249581313335,4.74584333274039e-06,216.426011524838,212.948989883829,2,1,0,65,68,36.1487603394126,671.413156441126,12.3425972425522,952.562809137967,,81914.251427824,,32493.0072382225
ARID1A,ZNF521,,,,,,,,,,,,,3,0,0,71,74,,,,,,,,
ARID1A,ZNF536,223.252214979238,621.348932568753,0.001,0.001,0.94026614690333,0.951966931232075,0.895117865703213,3.00799181934992e-07,0.0929055108341489,3.23768933870851e-06,216.426011524936,611.094230960393,2,3,0,63,68,37.1171180201582,689.606205496183,154.503151514196,1611.64109887012,,7725.95950541614,,29415.7613001758
ARID1B,ARID2,719.367775171902,1397.2805855188,0.001,0.001,0.919687817060572,0.919578220232468,0.845757592669014,1.89906372032381e-07,0.168689049483998,1.12577771119871e-06,699.354905477337,1367.81027206381,3,4,0,67,74,178.873422106396,1865.94066618737,433.687622777033,3247.39635536375,,17739.8355653964,,35675.2254874317
ARID1B,ASTN1,,,,,,,,,,,,,3,0,0,71,74,,,,,,,,
ARID1B,ATM,704.216187365521,179.559989396072,0.001,0.001,0.979648835026854,0.980852295023905,0.960892623016749,1.59250849843078e-07,0.0439107050205858,3.62669763030266e-06,699.354905481499,176.109955095365,3,1,0,70,74,175.116323147921,1826.40658843321,10.2452090007794,790.685759560897,,114771.012676266,,20114.9653612532
ARID1B,BAP1,,,,,,,,,,,,,3,0,0,71,74,,,,,,,,
ARID1B,BRAF,,,,,,,,,,,,,3,0,0,71,74,,,,,,,,
ARID1B,BRCA2,,,,,,,,,,,,,3,0,0,71,74,,,,,,,,
ARID1B,CDH8,,,,,,,,,,,,,3,0,0,71,74,,,,,,,,
ARID1B,CSMD3,721.92640513875,817.852928376329,0.001,0.001,0.910057544483378,0.916482532527228,0.834087891663264,2.37390829582393e-07,0.169517727256047,1.4003894072024e-06,699.354905482015,799.917777398967,3,4,0,67,74,179.505087810437,1872.67846216594,253.853348764022,1900.6374525946,,15851.5304170455,,20053.9529027814
ARID1B,CTNNA2,,,,,,,,,,,,,3,0,0,71,74,,,,,,,,
ARID1B,CUBN,703.2477785964,194.634210499116,0.001,0.001,0.98374087308144,0.976687570853488,0.960809070759607,1.56140001652486e-07,0.04570836490852,3.41600496900255e-06,699.354905478534,190.084039983653,3,1,0,70,74,174.874264061835,1823.84461827807,11.1051607838355,857.079571168266,,144245.477580809,,17713.8142781849
ARID1B,DMXL1,,,,,,,,,,,,,3,0,0,71,74,,,,,,,,
ARID1B,DMXL2,710.025847999868,748.601919482291,0.001,0.001,0.956053569944356,0.959168310494249,0.917025376847806,1.31050177881384e-07,0.0908262616207708,1.44286658443084e-06,699.354905474789,733.030412749743,3,2,0,69,74,176.556187808946,1841.58422062353,124.467318847744,2312.01735768151,,37290.4148367325,,38546.4874873993
ARID1B,DNAH5,759.433302195712,210.362300490157,0.001,0.001,0.983438314182307,0.975738735637688,0.959580507298527,1.62460257652794e-07,0.0512549766339104,3.16964845800573e-06,755.156715153016,205.246198297335,3,1,0,64,68,188.846377384777,1969.63199858449,12.0026010004992,926.347425478086,,152917.354768751,,18377.00780483
ARID1B,EPHA2,,,,,,,,,,,,,3,0,0,71,74,,,,,,,,
ARID1B,ERBB2,715.351126103171,1299.89511457709,0.001,26559.868942255,0.994999154445515,0.942909693789381,0.292006362706786,1.05889264158501,0.179982874519865,5.8832966436934,699.354905476083,1708.44525395026,2,3,1,68,74,177.877910975325,1855.44967903528,323.232458407108,3371.55588378298,,38004.5146392211,1403.11200008955,187918.164407439
ARID1B,ERBB3,781.880652589257,3425.40876471334,0.001,0.001,0.902024776155533,0.913622184829902,0.82415202605146,1.58837695454772e-07,0.18721634063052,8.48417904761024e-07,755.156715151381,3347.56672367054,3,4,0,61,68,194.406536939187,2028.3332829156,1063.20752911679,7960.50339105842,,15657.3925175495,,81166.102678639
ARID1B,ERBB4,705.225441459388,239.635160081358,0.001,0.001,0.975487696213592,0.979913668839764,0.955896175403789,1.33175344433235e-07,0.0457628302798752,2.91012036665487e-06,699.354905481499,234.801311062041,3,1,0,70,74,175.365977664539,1829.05714863042,13.6728684385206,1055.24140228061,,94901.4954664174,,25637.9304247104
ARID1B,FAT2,,,,,,,,,,,,,3,0,0,71,74,,,,,,,,
ARID1B,FBN2,,,,,,,,,,,,,3,0,0,71,74,,,,,,,,
ARID1B,FBXW7,708.567640463697,979.283123459783,0.001,0.001,0.921857805833729,0.960016210040104,0.923466297221132,1.15661276927498e-07,0.0906601135747961,1.27576805683213e-06,699.354905480027,959.382209004257,3,2,0,69,74,176.195573061204,1837.75706747914,162.824901002238,3024.32483997321,,43196.3259307273,,51556.3612289431
ARID1B,FGFR2,,,,,,,,,,,,,3,0,0,71,74,,,,,,,,
ARID1B,GLI3,709.732561294381,241.413728676982,0.001,0.001,0.957240327580074,0.958317422127998,0.917348318858567,2.70148049301248e-07,0.0925254851919858,2.91971502490049e-06,699.354905481499,236.292841494956,3,2,0,69,74,176.483848130226,1840.80713989349,40.1393797746757,745.575788533482,,38016.4557205813,,12209.4196488428
ARID1B,GNAS,705.991292626841,373.607421572088,0.001,0.001,0.972377550650043,0.976260539372448,0.949297654899937,1.01046234623082e-07,0.0471885778183694,2.14132824710277e-06,699.354905481499,364.69091774081,3,1,0,70,74,175.554663653476,1831.06557644285,21.3165891694515,1645.28898550153,,83892.7826017432,,33472.0851192509
ARID1B,HMCN1,,,,,,,,,,,,,3,0,0,71,74,,,,,,,,
ARID1B,HYDIN,781.469230120483,928.59881991306,0.000999999999976353,0.001,0.903475949943379,0.906392678774451,0.8189508765674,2.62886591715413e-07,0.205313384062354,1.28041624230194e-06,755.156715146479,905.655689619897,3,4,0,61,68,194.305633968484,2027.23521872533,288.213764427778,2158.20532094433,,15857.6234422235,,20158.6759628761
ARID1B,IDH2,703.770670843518,2567.3942861446,0.001,0.001,0.981536651351015,0.972805039516495,0.954846211305107,3.57701760494641e-08,0.0378359776959137,9.45401129500277e-07,699.354905481499,2497.33029488685,3,1,0,70,74,175.006212991675,1825.23979071175,146.484629009675,11306.5730856844,,126661.049323344,,203341.073383312
ARID1B,KMT2C,715.106208092232,588.33395561509,0.001,0.001,0.936032666833289,0.941670336656619,0.881453750318689,2.13844465696798e-07,0.130250635661586,1.64179210804317e-06,699.354905479307,576.506898674456,3,3,0,68,74,177.815907511073,1854.83852186666,146.290130144485,1526.07826099748,,23286.0966990474,,21098.5249158801
ARID1B,KRAS,771.956037912912,16396.5644552714,0.001,0.001,0.746195536726261,0.738286429512892,0.551136135745785,3.43221018953011e-07,0.431070897571729,7.9620549864631e-07,699.354905475923,15930.2202234046,3,11,0,60,74,191.889961073492,2003.66097817156,8507.10337338913,28115.8095067844,,4949.27197293277,,115471.347571647
ARID1B,LAMA1,711.601556609358,264.023731747881,0.001,7389.01859865157,0.99096594940772,0.956123029714573,0.233803990063149,0.989063663217925,0.137595959599626,7.18817373777458,699.354905475865,389.785987710287,2,2,1,69,74,176.94405167554,1845.75310795287,43.896912024173,815.485790641354,,59480.8539178216,390.36650616155,52552.3129712349
ARID1B,LAMA2,710.033750952647,558.646541804315,0.001,0.001,0.956034975186649,0.957991427323911,0.915883029332971,1.54641474693282e-07,0.0918687558045699,1.68328691663406e-06,699.354905474789,546.684089632467,3,2,0,69,74,176.557832217319,1841.60137388717,92.8834106645472,1725.38867049291,,37267.6449906372,,27927.4176725263
ARID1B,LRP1B,707.190263650141,256.278085336835,0.001,0.001,0.967551453915398,0.955539769507239,0.924539949232626,2.42521246525233e-07,0.0870176515022518,2.78703507091268e-06,699.354905480027,250.48570060586,3,2,0,69,74,175.85445242053,1834.14524997575,42.6109771635586,791.474823151011,,50892.1698726445,,12084.4324639949
ARID1B,LRP2,,,,,,,,,,,,,3,0,0,71,74,,,,,,,,
ARID1B,LRRIQ1,702.40520596251,620.420853849277,0.001,0.001,0.987207474438142,0.979300798597477,0.966774112513748,7.06571490656505e-08,0.0448714904075027,1.57465572068086e-06,699.354905480027,607.551723215317,3,1,0,70,74,174.668038725365,1821.66864829731,35.3996039376174,2731.98915554648,,183959.373517859,,63798.9334770601
ARID1B,MACF1,773.577559684664,748.184540241388,0.001,0.001,0.931081235466514,0.926637739888261,0.862798471850676,2.12909740658976e-07,0.151092760647994,1.40913263974969e-06,755.15671515139,729.218775334211,3,3,0,62,68,192.351641575737,2006.60025424361,186.03918579936,1940.66964392602,,23295.2794118421,,20963.9746817439
ARID1B,MED12,698.869150665863,0.001,4030.79548058085,16338.537297014,0.999998911479108,1,0.0393021641435651,0.948836436334918,0.0458552005138036,20.6920136800905,699.354905481499,297.867235812778,2,0,1,71,74,173.789889840638,1812.44152123684,,659.303408671268,,,863.786237776585,114462.624197105
ARID1B,NF1,713.319663865019,829.87201283304,0.001,0.001,0.943063626909584,0.93970333193355,0.88621524582481,1.85219898720529e-07,0.134210835395386,1.38006665538494e-06,699.354905476261,812.710687779919,3,3,0,68,74,177.371796951188,1850.12778037475,206.366136588924,2152.5128676939,,26271.2925974672,,28616.1310892456
ARID1B,NRAS,,,,,,,,,,,,,3,0,0,71,74,,,,,,,,
ARID1B,PBRM1,707.700940235807,627.735166707665,0.001,0.001,0.965438161920902,0.960525949789126,0.927333947126055,1.43539075063426e-07,0.0911608682047089,1.57456897778878e-06,699.354905478534,615.154863544753,3,2,0,69,74,175.980945271832,1835.47552523951,104.373859251305,1938.59960423654,,47078.0513407229,,33571.8488378417
ARID1B,PEG3,709.500503466688,589.527015119493,0.001,0.001,0.958184427139826,0.957527065252734,0.917496115872679,1.50485636469383e-07,0.0920959578656373,1.63400913522104e-06,699.354905474789,576.777933246576,3,2,0,69,74,176.426050496647,1840.21064081293,98.0189503205928,1820.70241805577,,39632.1480679612,,29190.4728495356
ARID1B,PIK3CA,716.069404130368,1010.80643098799,0.001,0.001,0.876547826362414,0.940304281576194,0.876681169204008,1.6614161176421e-07,0.131123690927327,1.26706021306471e-06,699.354905474789,989.995686927643,3,3,0,68,74,178.053509941021,1857.38142176999,251.336285374518,2621.98900209361,,22102.4688486803,,35627.1721843925
ARID1B,PLEC,708.689583966461,253.40259457522,0.001,0.001,0.961496081902211,0.950410707553714,0.91382485567341,2.59367392634936e-07,0.0918261393960286,2.82454859085749e-06,699.354905481499,246.99959838073,3,2,0,69,74,176.225830253045,1838.0665688976,42.1320157316861,782.635923665947,,42135.3801393335,,10664.8460519339
ARID1B,POLE,707.672590578101,217.324026653161,0.001,0.001,0.965519385696263,0.978342883844488,0.944613162628523,1.36193165807107e-07,0.0433271981581601,3.143364251479e-06,699.354905475865,212.586197804619,3,1,0,70,74,175.969348932779,1835.49870774897,12.3996678529287,957.01448127819,,66810.6795815954,,21344.1271151184
ARID1B,PREX2,711.907561597138,737.214859958549,0.001,0.001,0.948638117657933,0.941823744736852,0.893463811540336,1.94193863892623e-07,0.133191881229673,1.45800075875315e-06,699.354905477337,722.493784868452,3,3,0,68,74,177.02347171077,1846.46339501724,183.318828045629,1912.09362034642,,29674.2715178903,,26479.3224220578
ARID1B,PTPRT,,,,,,,,,,,,,3,0,0,71,74,,,,,,,,
ARID1B,RASA1,698.839554118639,0.001,4451.24211915671,18482.3155853718,0.999998832879526,1,0.0357062803128686,1.01992667942759,0.0468044657484749,21.7912257541542,699.354905481499,306.025946873843,2,0,1,71,74,173.783490027157,1812.37413962983,,674.464068325612,,,976.820118531227,130133.839890756
ARID1B,ROBO2,704.015602196433,323.924160328797,0.001,0.001,0.980493120161535,0.97825590931807,0.959175167934824,1.09360691270561e-07,0.046600310605903,2.34678030787005e-06,699.354905480027,316.857661590069,3,1,0,70,74,175.066853357774,1825.88220226275,18.4821313145822,1426.41507467559,,119817.880325335,,31658.0190353438
ARID1B,ROS1,,,,,,,,,,,,,3,0,0,71,74,,,,,,,,
ARID1B,RYR1,766.438282797965,360.910592078354,0.001,0.001,0.957109199766645,0.943278207268014,0.902834056816225,2.14819943852515e-07,0.0993170434861229,2.16297159391913e-06,755.156715153016,350.440387335635,3,2,0,63,68,190.581411602649,1987.94836737178,60.0042339228174,1114.79587959256,,42193.9800620754,,13195.9906965854
ARID1B,SACS,475.688479891617,536.317726535419,10896.67229393,0.001,0.944725001743007,0.993209791830276,0.274096048689461,1.12772495579806,0.178009018450262,6.33521248314262,699.354905480027,528.754348063775,2,3,1,68,74,79.0876600600879,1469.10389937758,166.48370562708,1246.24557171313,588.443610149035,63958.2597741669,,36840.2068812687
ARID1B,SF3B1,707.160932708273,878.367142428092,0.001,0.001,0.967644562988085,0.959111427548656,0.928084479580225,1.18717280973022e-07,0.0888571340883307,1.33604670228288e-06,699.354905481499,860.127605371454,3,2,0,69,74,175.847688228129,1834.06739559687,146.045878485758,2712.65234332582,,50431.9895300017,,45417.2435891258
ARID1B,SMAD4,739.426630042903,2571.63720719331,0.001,0.001,0.84758821161836,0.86378539789957,0.732230048278723,2.85160647241212e-07,0.295667069688882,9.64465361466443e-07,699.354905480276,2516.73934831256,3,7,0,64,74,183.842402241149,1918.38543753527,1104.47837752113,4977.2190261473,,8736.15584843393,,37424.2857025504
ARID1B,SPHKAP,,,,,,,,,,,,,3,0,0,71,74,,,,,,,,
ARID1B,SPTA1,703.3429171693,222.708579155043,0.001,0.001,0.983286037414475,0.979711564437901,0.963338157318761,1.35403430364701e-07,0.0441368832736075,3.06780679381746e-06,699.354905480027,218.177744395298,3,1,0,70,74,174.900211012707,1824.1189749526,12.7071300776377,980.686329040827,,140257.7439175,,23415.3810348774
ARID1B,SYNE1,733.091123211353,325.102079909646,0.001,0.001,0.869644613627587,0.855101340365008,0.743715520880959,7.60184281679149e-07,0.310535503146955,2.44797864970501e-06,699.354905474789,317.737630659059,3,7,0,64,74,182.276371259152,1901.74896845905,139.641833265873,629.096627310954,,10315.6336407352,,4415.74206130145
ARID1B,SYNE2,754.454216079226,0.001,6178.85913241742,30466.1898373395,0.99999845353133,1,0.0360069407792618,1.07324356886607,0.0489582260001497,21.9216188279124,755.156715146479,507.97033233548,2,0,1,65,68,187.612917812127,1956.6543796923,,1145.26159830477,,,1607.30327746479,219085.270289432
ARID1B,TENM1,,,,,,,,,,,,,3,0,0,71,74,,,,,,,,
ARID1B,TP53,814.461105585033,1764.91975140906,0.001,5339.74572625087,0.950995577745976,0.919840678790179,0.895778931242554,1.03057901413912,0.758535308178455,1.35864343166035,699.354905476152,1835.80904332341,2,17,1,54,74,202.417175306247,2114.86944027443,1051.54329001591,2747.99560535556,,5493.26297836696,283.848656819945,36188.540350882
ARID1B,TTN,775.933525900511,1129.45604854158,0.001,0.001,0.922649836742031,0.938240367253026,0.865695139172751,1.78706131885586e-07,0.153437076280538,1.16468676422671e-06,755.156715151118,1105.30947629262,3,3,0,62,68,192.932164501164,2012.80660813325,280.833047143101,2929.894329586,,20782.3875113895,,38078.01809877
ARID1B,XIRP2,708.887450048971,500.012272456591,0.001,0.001,0.960650531132026,0.963187157743723,0.92529285608463,1.51023851463657e-07,0.0846547461618079,1.7839974521333e-06,699.354905480027,490.657497143736,3,2,0,69,74,176.272044513977,1838.56796649629,83.1367696064899,1544.17653118421,,41758.5308733179,,28747.0569251609
ARID1B,ZFHX3,754.51958559155,0.001,3711.70599576113,11282.806344466,0.999998512380516,1,0.0406910529534623,0.992009932380592,0.05028159580064,19.7290860917339,755.156715146479,212.948989883829,2,0,1,65,68,187.62794521496,1956.81315462159,,463.851827528577,,,596.198290844647,79775.6404353993
ARID1B,ZNF521,,,,,,,,,,,,,3,0,0,71,74,,,,,,,,
ARID1B,ZNF536,774.226175321496,626.510584195116,0.001,0.001,0.928756897973567,0.928824253853857,0.862677389761442,2.28101121102497e-07,0.147617239223335,1.54522007255125e-06,755.156715153016,611.094230960349,3,3,0,62,68,192.511851344415,2008.28826711677,155.782400293502,1625.12128390133,,22400.8103886823,,18143.8950821593
ARID2,ASTN1,,,,,,,,,,,,,4,0,0,70,74,,,,,,,,
ARID2,ATM,1378.5569917116,181.673961920383,0.001,0.001,0.96969665924124,0.969478618851396,0.940104949706332,1.88838702351851e-07,0.0575693969664799,3.28019246860972e-06,1367.81027208484,176.109955095365,4,1,0,69,74,427.896847578618,3203.61609567649,10.3656480795126,800.046819465426,,149225.10866506,,12100.5065557761
ARID2,BAP1,,,,,,,,,,,,,4,0,0,70,74,,,,,,,,
ARID2,BRAF,,,,,,,,,,,,,4,0,0,70,74,,,,,,,,
ARID2,BRCA2,,,,,,,,,,,,,4,0,0,70,74,,,,,,,,
ARID2,CDH8,,,,,,,,,,,,,4,0,0,70,74,,,,,,,,
ARID2,CSMD3,1417.3466393677,825.518145823173,0.001,0.001,0.869437803534206,0.883523918385061,0.768246724332254,2.35607164139617e-07,0.225525987152106,1.04470073322731e-06,1367.81027206803,799.917777400406,4,4,0,66,74,439.880481634655,3294.54729224196,256.222269645582,1918.59562705819,,20772.202725605,,13685.2996320979
ARID2,CTNNA2,,,,,,,,,,,,,4,0,0,70,74,,,,,,,,
ARID2,CUBN,1384.81710693485,195.273597597484,0.001,0.001,0.952440077924905,0.973543256016924,0.927247513154778,1.75146187361957e-07,0.0569102531409287,3.07758580739813e-06,1367.81027208484,190.084039983653,4,1,0,69,74,429.823955785348,3218.43977065695,11.1416829347776,859.896352050893,,93577.0323893604,,15088.6800173613
ARID2,DMXL1,,,,,,,,,,,,,4,0,0,70,74,,,,,,,,
ARID2,DMXL2,1385.33768861064,754.213462501592,0.001,0.001,0.951209092344215,0.944997987514504,0.898905254708107,1.2413797025252e-07,0.114568322989074,1.08352786366925e-06,1367.81027208484,733.030412749743,4,2,0,68,74,429.995635025724,3219.42622293089,125.398216456392,2329.44615269293,,64551.8872163309,,27545.6348698162
ARID2,DNAH5,1482.68476233704,210.818920661019,0.001,0.001,0.973263847852802,0.973637835992815,0.947609779014175,1.74872631233036e-07,0.0615394684810178,2.84163376040494e-06,1472.49942331796,205.246198297335,4,1,0,63,68,460.207612365299,3445.70626570904,12.0286920928505,928.350532019049,,182831.224671328,,16392.5361063841
ARID2,EPHA2,,,,,,,,,,,,,4,0,0,70,74,,,,,,,,
ARID2,ERBB2,1410.08323164394,1755.29668932906,0.001,0.001,0.887081567689559,0.898911126139215,0.79746276546385,1.53493744714517e-07,0.222181231281449,6.90849284744841e-07,1367.81027208484,1708.44525395463,4,4,0,66,74,437.643380862769,3277.41071665644,544.830842423298,4079.12874170714,,24232.8399113928,,34058.2919152364
ARID2,ERBB3,1140.98210040999,3410.96168113471,13690.2866998941,888.574241333128,0.977407832154347,0.999897487214409,0.4359076713332,0.997381302392166,0.243802855614901,4.09093363519737,1472.49942332255,3347.5667236074,3,3,1,61,68,283.712858662867,2959.48538438226,1043.46317472889,7956.96547116256,462.923644682826,80224.1913032435,,126990.221280531
ARID2,ERBB4,1377.31368629119,241.039140685844,0.001,0.001,0.973118172477129,0.974216471725629,0.948031498230027,1.45221939632043e-07,0.0569032138410101,2.55208677734441e-06,1367.81027208037,234.801311059853,4,1,0,69,74,427.512083472977,3200.6782746772,13.7529139358534,1061.44131242634,,168703.073342873,,19133.1576999662
ARID2,FAT2,,,,,,,,,,,,,4,0,0,70,74,,,,,,,,
ARID2,FBN2,,,,,,,,,,,,,4,0,0,70,74,,,,,,,,
ARID2,FBXW7,1391.79749575215,985.873237059573,0.001,0.001,0.883135572456188,0.947362000983988,0.884676499562635,1.03687040489599e-07,0.112729829987497,9.19783525807669e-07,1367.81027206647,959.382208997649,4,2,0,68,74,431.986478315459,3234.64498829549,163.91832290151,3044.77828859372,,47168.7977082674,,37726.5518171965
ARID2,FGFR2,,,,,,,,,,,,,4,0,0,70,74,,,,,,,,
ARID2,GLI3,1385.82453524213,242.939963464972,0.001,0.001,0.949860750073132,0.946374287390745,0.89893727318404,2.89978385363716e-07,0.11331611628648,2.55902156609928e-06,1367.81027208037,236.292841494956,4,2,0,68,74,430.145758366283,3220.57184198518,40.3926126146268,750.313186775704,,62812.6979410437,,9143.44149913244
ARID2,GNAS,1382.99750995223,374.245506256349,0.001,0.001,0.957392890506707,0.97464325860526,0.933123229508557,1.01426442247147e-07,0.0568491948602797,1.78413155184389e-06,1367.81027208484,364.69091774081,4,1,0,69,74,429.262206478198,3214.1001152368,21.3530830199824,1648.08314362414,,104758.619340411,,30397.7008747537
ARID2,HMCN1,,,,,,,,,,,,,4,0,0,70,74,,,,,,,,
ARID2,HYDIN,1523.7721345698,931.881636991833,0.001,0.001,0.874040929214932,0.894021379602074,0.781484489465752,2.33486387209137e-07,0.247634553283788,9.42866753096297e-07,1472.49942332071,905.655689616032,4,4,0,60,68,472.900604987804,3542.05467766676,289.231886404039,2165.84636974608,,23304.0806609798,,17194.1838595717
ARID2,IDH2,1376.12328213482,2547.27512567564,0.001,0.00099999999991951,0.976366580141539,0.980478681866115,0.957309053632906,2.92949215584433e-08,0.0504230724359136,5.80982477727361e-07,1367.81027208484,2497.33029491362,4,1,0,69,74,427.144957056954,3197.88185921821,145.33992716463,11216.8348676816,,192454.82958493,,275384.504352141
ARID2,KMT2C,1409.49703404821,596.35294390837,0.001,0.001,0.888507994586276,0.90486666359619,0.804040399760286,2.2549351258146e-07,0.17424634985939,1.29410752514141e-06,1367.81027208484,576.506898673513,4,3,0,67,74,437.468793577124,3276.392634291,148.273415909676,1547.04049332901,,25368.3014736538,,12260.6584037152
ARID2,KRAS,1497.42292384038,16325.0812616445,0.001,0.001,0.699773648414405,0.773495909877103,0.541534685319882,2.42784396413398e-07,0.573183052357856,4.23572182420042e-07,1367.8102720738,15930.2202228034,4,11,0,59,74,464.621722632823,3482.26744467112,8471.1222834108,27987.8290303511,,7887.81316506406,,131330.481338707
ARID2,LAMA1,1396.67272784649,400.470648018645,0.001,0.001,0.921114279074526,0.923032485858188,0.850252251141379,2.94146818886117e-07,0.171369573585577,1.71644716580467e-06,1367.81027207634,389.785987712143,4,3,0,67,74,433.500111282341,3245.9646223844,99.5746522481937,1038.85134500564,,36392.0286065238,,10350.0916696556
ARID2,LAMA2,1385.30724732255,560.382535505561,0.001,0.001,0.951192880553432,0.95208193545876,0.905626544307146,1.48719970415479e-07,0.112562199284789,1.3212248104642e-06,1367.81027208484,546.684089636448,4,2,0,68,74,429.986186572586,3219.35548412631,93.1718188550135,1730.75585259404,,64518.2533352879,,23722.2724612359
ARID2,LRP1B,1387.67513451016,257.651850377715,0.001,0.001,0.944897448884078,0.945471989866756,0.89338801834289,2.73977881465326e-07,0.112418077235117,2.43713367283728e-06,1367.81027206381,250.48570060586,4,2,0,68,74,430.71304719929,3224.90237207297,42.8391094686258,795.731251812705,,57070.3891278166,,9483.94958234766
ARID2,LRP2,,,,,,,,,,,,,4,0,0,70,74,,,,,,,,
ARID2,LRRIQ1,1375.334080579,620.834563355455,0.001,0.001,0.978621397222925,0.978658800845246,0.957738435640712,6.58247601113826e-08,0.0541273752436368,1.21610848143096e-06,1367.81027208484,607.551723215317,4,1,0,69,74,426.901403760382,3196.02911683323,35.423297332351,2733.77766080678,,213461.861993537,,60231.7579677134
ARID2,MACF1,1500.29083834441,495.088705189246,0.001,12384.9267922735,0.974673295705539,0.662546688985024,0.247892277396254,1.18547734651989,0.179340501337535,6.61020426327855,1472.49942332714,729.21877533396,3,2,1,62,68,465.649177348476,3486.94665325384,82.3171753059657,1529.02159963178,,71675.0782070257,667.465749442654,73690.5539946821
ARID2,MED12,1376.48388294656,305.616040563347,0.001,0.001,0.975436066908144,0.974743720281821,0.950803755560414,1.18098371302763e-07,0.0564859032826253,2.09075830321527e-06,1367.81027207212,297.867235812778,4,1,0,69,74,427.256092084786,3198.72685761572,17.437424818989,1345.82434630609,,184940.429249015,,24818.7094475278
ARID2,NF1,1397.44458659296,835.01994485428,0.001,0.001,0.919111463617753,0.922751406847333,0.848141585388445,1.71924637460547e-07,0.168248284332069,1.02185076146881e-06,1367.81027208484,812.710687779919,4,3,0,67,74,433.737503190932,3247.79241643591,207.634437225034,2165.84637204172,,35565.3485314207,,21462.0203961943
ARID2,NRAS,,,,,,,,,,,,,4,0,0,70,74,,,,,,,,
ARID2,PBRM1,1393.40232729526,630.888539629008,0.001,0.001,0.929571542198283,0.951069841647713,0.884102412033162,1.36724805983868e-07,0.111946096625387,1.22134500536807e-06,1367.81027208484,615.154863544753,4,2,0,68,74,432.476568428302,3238.4863943672,104.897585624025,1948.37450185465,,45387.3544778911,,26085.0816190227
ARID2,PEG3,1390.41431444706,591.763396883634,0.001,0.001,0.937491781729047,0.950415796837053,0.891023331439843,1.44423466384453e-07,0.113195882782138,1.27587207975062e-06,1367.81027208484,576.777933246576,4,2,0,68,74,431.55746893974,3231.42423346226,98.3905715905156,1827.61942276554,,51462.885275857,,24121.0700533976
ARID2,PIK3CA,1407.89358864404,1026.66096935569,0.001,0.001,0.801722661759408,0.898067188163909,0.801844612138096,1.60794425369155e-07,0.175721307779091,9.15053657415861e-07,1367.81027206381,989.995686927643,4,3,0,67,74,436.953408820632,3272.46831823658,255.26069790806,2663.51129402874,,26570.5699622202,,19612.1573902046
ARID2,PLEC,1302.4272544233,153.188808452857,10798.3584443141,4514.41281327394,0.990405632417556,0.917752332546461,0.172732454901591,1.0723198567345,0.113276504121075,9.46639256794471,1367.81027207895,246.999598381877,3,1,1,69,74,365.37814939234,3120.83967484158,8.96535542881448,641.758357664942,,373084.966536317,,30954.0453524554
ARID2,POLE,1378.83244203954,219.644567778451,0.001,0.001,0.968962613005084,0.968006044572201,0.937967753347034,1.60852667645175e-07,0.0577794307174696,2.78390883481898e-06,1367.81027208484,212.586197804593,4,1,0,69,74,427.980297084265,3204.25346105106,12.5319479000068,967.300582553967,,145430.921871813,,13936.5443550938
ARID2,PREX2,1391.54342254501,741.397051163403,0.001,0.001,0.934615064291783,0.926097517208682,0.865568024632149,1.83007788959102e-07,0.166643258140573,1.09820097735202e-06,1367.81027208484,722.493784868452,4,3,0,67,74,431.917239362423,3233.912903122,184.355495939787,1922.98268461048,,44342.3882151859,,19993.3633325256
ARID2,PTPRT,,,,,,,,,,,,,4,0,0,70,74,,,,,,,,
ARID2,RASA1,1376.47612362225,313.442951816897,0.001,0.001,0.975447888311685,0.97642089083623,0.952450744777641,1.14357155380634e-07,0.0559281634547411,2.0447150114839e-06,1367.81027207212,306.025946873843,4,1,0,69,74,427.252251609254,3198.69809716796,17.8841244652069,1380.26003970794,,185130.837784924,,27418.1231323588
ARID2,ROBO2,1366.64503451257,0.001,6662.23879852589,16202.3942319826,0.999998278051032,0.890965275555641,0.041128442892004,1.11982354988563,0.0562213383532588,19.9181233084381,1367.81027208484,316.857661590069,3,0,1,70,74,424.213840139977,3175.69577177957,,688.302459881367,,,874.273098547833,95159.7762968752
ARID2,ROS1,,,,,,,,,,,,,4,0,0,70,74,,,,,,,,
ARID2,RYR1,1500.88310596514,360.822382806658,0.000999999999976353,0.001,0.927650880681798,0.943865945994381,0.875602278416295,2.24415742896764e-07,0.122367053446118,1.83395559978553e-06,1472.49942332457,350.440387336191,4,2,0,62,68,465.823639173814,3488.45923005854,59.9906068867494,1114.46728309913,,46909.3311641103,,12934.8922805229
ARID2,SACS,1412.01758601481,544.117173205991,0.001,0.001,0.882381961083911,0.89325078918516,0.788248455422244,3.1081197605573e-07,0.225305406798482,1.37951405815009e-06,1367.81027206381,528.754348063775,4,4,0,66,74,438.23684128803,3282.01384890801,168.892242675066,1264.47176561183,,23334.8932904391,,9920.97770967782
ARID2,SF3B1,1386.73778545315,889.959569549147,0.001,0.001,0.947558592543744,0.934450683022025,0.885462820820612,1.14322677589136e-07,0.116336430063679,9.8269026758479e-07,1367.81027206381,860.12760537155,4,2,0,68,74,430.427008981328,3222.72651834376,147.967336154559,2748.73236425664,,60426.7456587843,,27046.9807830353
ARID2,SMAD4,1078.96910931703,2591.02220132626,6620.39195636272,0.001,0.916935488820493,0.982389120115608,0.69156562044886,0.942112039759686,0.404714697321808,2.32784241836063,1367.8102720776,2516.73934832016,3,6,1,64,74,268.249598788208,2799.5795135679,1112.728430717,5015.2884834374,367.837004022769,32712.9479759154,,46128.2746346991
ARID2,SPHKAP,,,,,,,,,,,,,4,0,0,70,74,,,,,,,,
ARID2,SPTA1,1376.05147727663,224.665184774608,0.001,0.001,0.976705343169016,0.971202489437308,0.948581896995617,1.54763457743679e-07,0.0569760811996785,2.71628821226392e-06,1367.81027208484,218.177744395109,4,1,0,69,74,427.122477944762,3197.70914687795,12.8186312873651,989.344484168364,,195484.52249475,,15889.7378611933
ARID2,SYNE1,1066.66218019299,324.729102334334,8379.47545720751,0.001,0.948472102937301,0.995357868347325,0.596940054271518,1.12537866784872,0.393512582377033,2.85982893113813,1367.81027208346,317.737630658485,3,6,1,64,74,265.21275170902,2767.22782971941,139.485266601574,628.356064726186,466.002404656633,41268.0018825855,,7855.28616691167
ARID2,SYNE2,1482.57951379991,523.640311159342,0.001,0.001,0.973590779825518,0.970163612785793,0.944546383440831,8.39304312829151e-08,0.0617228731401633,1.35979462738751e-06,1472.49942332457,507.97033233548,4,1,0,63,68,460.175194709442,3445.45786246655,29.877077923966,2305.95060242417,,185066.326789075,,35703.4098216019
ARID2,TENM1,,,,,,,,,,,,,4,0,0,70,74,,,,,,,,
ARID2,TP53,1578.08477049362,1780.98542344695,0.001,3635.27961896591,0.989298845059551,0.989651465513656,0.989250207475168,1.00116131898742,0.999828659619024,1.00133288774589,1367.81027208882,1835.80904330567,3,17,1,53,74,489.570374148738,3671.5020651479,1061.02910013114,2773.40489201945,,8788.02344304491,197.956690491077,20292.0044393961
ARID2,TTN,1507.38595884942,1133.54912282163,0.001,0.001,0.91193989071102,0.928239430814426,0.84653738085729,1.5114175109035e-07,0.182512965994145,8.28115143858868e-07,1472.49942333466,1105.30947629204,4,3,0,61,68,467.840905624897,3503.59596418447,281.848895615663,2940.5416423267,,35246.1505292912,,31676.1100918937
ARID2,XIRP2,1386.04547389444,505.441156198322,0.001,0.001,0.949313155790515,0.942716864534054,0.894948064509401,1.60893405179614e-07,0.11251089241378,1.43002514448022e-06,1367.81027208484,490.657497140541,4,2,0,68,74,430.214331204214,3221.09332935437,84.037071468574,1561.0516531401,,62098.9814515474,,17668.1605865566
ARID2,ZFHX3,1482.58250455625,219.414761482083,0.001,0.001,0.973573452280641,0.970637139654701,0.944990998173832,1.7040539934763e-07,0.061918883798778,2.75207479355422e-06,1472.49942332457,212.948989883449,4,1,0,63,68,460.176094025522,3445.46460947516,12.518978999402,966.248974878915,,184802.629623395,,15239.8280865879
ARID2,ZNF521,,,,,,,,,,,,,4,0,0,70,74,,,,,,,,
ARID2,ZNF536,1489.18531607627,206.682000682743,0.001,22104.2226473412,0.98949464521962,0.522977369400305,0.0115174455149913,2.04300380221171,0.183938930953784,11.1069679029777,1472.49942333906,611.094230963032,2,1,2,63,68,462.225331487395,3460.78371488516,11.7926964062104,910.155509541026,,214867.234397569,3211.23042130755,125983.421636888
ASTN1,ATM,,,,,,,,,,,,,0,1,0,73,74,,,,,,,,
ASTN1,BAP1,,,,,,,,,,,,,0,0,0,74,74,,,,,,,,
ASTN1,BRAF,,,,,,,,,,,,,0,0,0,74,74,,,,,,,,
ASTN1,BRCA2,,,,,,,,,,,,,0,0,0,74,74,,,,,,,,
ASTN1,CDH8,,,,,,,,,,,,,0,0,0,74,74,,,,,,,,
ASTN1,CSMD3,,,,,,,,,,,,,0,4,0,70,74,,,,,,,,
ASTN1,CTNNA2,,,,,,,,,,,,,0,0,0,74,74,,,,,,,,
ASTN1,CUBN,,,,,,,,,,,,,0,1,0,73,74,,,,,,,,
ASTN1,DMXL1,,,,,,,,,,,,,0,0,0,74,74,,,,,,,,
ASTN1,DMXL2,,,,,,,,,,,,,0,2,0,72,74,,,,,,,,
ASTN1,DNAH5,,,,,,,,,,,,,0,1,0,67,68,,,,,,,,
ASTN1,EPHA2,,,,,,,,,,,,,0,0,0,74,74,,,,,,,,
ASTN1,ERBB2,,,,,,,,,,,,,0,4,0,70,74,,,,,,,,
ASTN1,ERBB3,,,,,,,,,,,,,0,4,0,64,68,,,,,,,,
ASTN1,ERBB4,,,,,,,,,,,,,0,1,0,73,74,,,,,,,,
ASTN1,FAT2,,,,,,,,,,,,,0,0,0,74,74,,,,,,,,
ASTN1,FBN2,,,,,,,,,,,,,0,0,0,74,74,,,,,,,,
ASTN1,FBXW7,,,,,,,,,,,,,0,2,0,72,74,,,,,,,,
ASTN1,FGFR2,,,,,,,,,,,,,0,0,0,74,74,,,,,,,,
ASTN1,GLI3,,,,,,,,,,,,,0,2,0,72,74,,,,,,,,
ASTN1,GNAS,,,,,,,,,,,,,0,1,0,73,74,,,,,,,,
ASTN1,HMCN1,,,,,,,,,,,,,0,0,0,74,74,,,,,,,,
ASTN1,HYDIN,,,,,,,,,,,,,0,4,0,64,68,,,,,,,,
ASTN1,IDH2,,,,,,,,,,,,,0,1,0,73,74,,,,,,,,
ASTN1,KMT2C,,,,,,,,,,,,,0,3,0,71,74,,,,,,,,
ASTN1,KRAS,,,,,,,,,,,,,0,11,0,63,74,,,,,,,,
ASTN1,LAMA1,,,,,,,,,,,,,0,3,0,71,74,,,,,,,,
ASTN1,LAMA2,,,,,,,,,,,,,0,2,0,72,74,,,,,,,,
ASTN1,LRP1B,,,,,,,,,,,,,0,2,0,72,74,,,,,,,,
ASTN1,LRP2,,,,,,,,,,,,,0,0,0,74,74,,,,,,,,
ASTN1,LRRIQ1,,,,,,,,,,,,,0,1,0,73,74,,,,,,,,
ASTN1,MACF1,,,,,,,,,,,,,0,3,0,65,68,,,,,,,,
ASTN1,MED12,,,,,,,,,,,,,0,1,0,73,74,,,,,,,,
ASTN1,NF1,,,,,,,,,,,,,0,3,0,71,74,,,,,,,,
ASTN1,NRAS,,,,,,,,,,,,,0,0,0,74,74,,,,,,,,
ASTN1,PBRM1,,,,,,,,,,,,,0,2,0,72,74,,,,,,,,
ASTN1,PEG3,,,,,,,,,,,,,0,2,0,72,74,,,,,,,,
ASTN1,PIK3CA,,,,,,,,,,,,,0,3,0,71,74,,,,,,,,
ASTN1,PLEC,,,,,,,,,,,,,0,2,0,72,74,,,,,,,,
ASTN1,POLE,,,,,,,,,,,,,0,1,0,73,74,,,,,,,,
ASTN1,PREX2,,,,,,,,,,,,,0,3,0,71,74,,,,,,,,
ASTN1,PTPRT,,,,,,,,,,,,,0,0,0,74,74,,,,,,,,
ASTN1,RASA1,,,,,,,,,,,,,0,1,0,73,74,,,,,,,,
ASTN1,ROBO2,,,,,,,,,,,,,0,1,0,73,74,,,,,,,,
ASTN1,ROS1,,,,,,,,,,,,,0,0,0,74,74,,,,,,,,
ASTN1,RYR1,,,,,,,,,,,,,0,2,0,66,68,,,,,,,,
ASTN1,SACS,,,,,,,,,,,,,0,4,0,70,74,,,,,,,,
ASTN1,SF3B1,,,,,,,,,,,,,0,2,0,72,74,,,,,,,,
ASTN1,SMAD4,,,,,,,,,,,,,0,7,0,67,74,,,,,,,,
ASTN1,SPHKAP,,,,,,,,,,,,,0,0,0,74,74,,,,,,,,
ASTN1,SPTA1,,,,,,,,,,,,,0,1,0,73,74,,,,,,,,
ASTN1,SYNE1,,,,,,,,,,,,,0,7,0,67,74,,,,,,,,
ASTN1,SYNE2,,,,,,,,,,,,,0,1,0,67,68,,,,,,,,
ASTN1,TENM1,,,,,,,,,,,,,0,0,0,74,74,,,,,,,,
ASTN1,TP53,,,,,,,,,,,,,0,18,0,56,74,,,,,,,,
ASTN1,TTN,,,,,,,,,,,,,0,3,0,65,68,,,,,,,,
ASTN1,XIRP2,,,,,,,,,,,,,0,2,0,72,74,,,,,,,,
ASTN1,ZFHX3,,,,,,,,,,,,,0,1,0,67,68,,,,,,,,
ASTN1,ZNF521,,,,,,,,,,,,,0,0,0,74,74,,,,,,,,
ASTN1,ZNF536,,,,,,,,,,,,,0,3,0,65,68,,,,,,,,
ATM,BAP1,,,,,,,,,,,,,1,0,0,73,74,,,,,,,,
ATM,BRAF,,,,,,,,,,,,,1,0,0,73,74,,,,,,,,
ATM,BRCA2,,,,,,,,,,,,,1,0,0,73,74,,,,,,,,
ATM,CDH8,,,,,,,,,,,,,1,0,0,73,74,,,,,,,,
ATM,CSMD3,181.970570050177,805.102902585039,0.001,0.001,0.967887273641183,0.974931502530368,0.94362771031564,2.02860024714133e-07,0.0571792746941738,3.54778940095235e-06,176.109955095223,799.917777400406,1,4,0,69,74,10.3825717457945,801.377059354909,249.911380668762,1870.80430625614,,11559.1312182462,,106012.556878239
ATM,CTNNA2,,,,,,,,,,,,,1,0,0,73,74,,,,,,,,
ATM,CUBN,177.627233801709,191.272617593088,0.001,0.001,0.991485757278982,0.993807573433498,0.985346267344908,8.33857843999825e-08,0.015047990849354,5.54132343877405e-06,176.109955095365,190.084039983831,1,1,0,72,74,10.1350042702681,782.147501565335,10.9136833477812,842.210414083361,,70041.2354211692,,104031.374642383
ATM,DMXL1,,,,,,,,,,,,,1,0,0,73,74,,,,,,,,
ATM,DMXL2,178.616678387676,737.489494741567,0.001,0.001,0.98600890260044,0.988021114599795,0.974198449108827,1.07611984875378e-07,0.0300702359486387,3.57868774489112e-06,176.109955095365,733.030412749743,1,2,0,71,74,10.1914346944761,786.520618891333,122.625135904584,2277.54705998615,,30060.4573905029,,206111.833003327
ATM,DNAH5,189.699448317979,206.652190826938,0.001,0.001,0.994015796811526,0.993205146245295,0.987261763971929,8.5970615446994e-08,0.0166787615382193,5.15449634854438e-06,188.555982098578,205.246198294797,1,1,0,66,68,10.8236524223362,835.273712538725,11.7913099016273,909.936597417773,,106879.064817385,,102318.193261497
ATM,EPHA2,,,,,,,,,,,,,1,0,0,73,74,,,,,,,,
ATM,ERBB2,181.416502469257,1719.0664399593,0.001,0.001,0.970842949154237,0.975908042144469,0.94745664832924,1.87096403481135e-07,0.0584292645424783,3.20210094968961e-06,176.109955095365,1708.44525397349,1,4,0,69,74,10.3509337126661,798.900800977133,533.622384531148,3994.36959298356,,12690.4589018426,,235810.445442493
ATM,ERBB3,194.716372969981,3370.74947392787,0.001,0.001,0.968469557146792,0.973238221680068,0.942555813882268,1.79130814466355e-07,0.0625442427632833,2.8640656046365e-06,188.555982097362,3347.56672367054,1,4,0,63,68,11.1097177206429,857.500508378185,1046.30680008517,7832.54195386638,,12614.6894629218,,414844.549242556
ATM,ERBB4,177.299327534006,236.294903891547,0.001,0.001,0.993313574492019,0.993702682226574,0.987058561774327,7.5890903004569e-08,0.0150887532072325,5.02963379162384e-06,176.109955095365,234.801311059853,1,1,0,72,74,10.1163541420519,780.692132378609,13.4825132424406,1040.46842132252,,89208.5502118619,,126357.891847747
ATM,FAT2,,,,,,,,,,,,,1,0,0,73,74,,,,,,,,
ATM,FBN2,,,,,,,,,,,,,1,0,0,73,74,,,,,,,,
ATM,FBXW7,178.635586956241,965.762775115456,0.001,0.001,0.971348160094835,0.986939561614651,0.973043002468039,1.01993039582386e-07,0.0298603819614725,3.41566426424092e-06,176.109955095365,959.382209006246,1,2,0,71,74,10.1923911137539,786.593424418047,160.579348581639,2982.32895382378,,29640.1850184122,,247200.068635413
ATM,FGFR2,,,,,,,,,,,,,1,0,0,73,74,,,,,,,,
ATM,GLI3,178.297825544593,237.738364677287,0.001,0.001,0.98776943484011,0.987957230965101,0.975874610268582,1.52096859898365e-07,0.0301619223399468,5.0426779229826e-06,176.109955095365,236.29284149481,1,2,0,71,74,10.1732687756103,785.102515081569,39.5295931749605,734.162230592653,,34037.6083936149,,66083.785753973
ATM,GNAS,177.781781500518,367.260268949392,0.001,0.001,0.99062671915082,0.993044346900743,0.983736630339304,6.50278630903549e-08,0.0152359243689172,4.26806155739511e-06,176.109955095365,364.69091774081,1,1,0,72,74,10.1438118385142,782.83596619692,20.9549505702379,1617.19714723714,,63475.9765979239,,177619.769802751
ATM,HMCN1,,,,,,,,,,,,,1,0,0,73,74,,,,,,,,
ATM,HYDIN,194.714515686471,911.70568066278,0.001,0.001,0.968475836473106,0.974198029807035,0.94349152720374,2.19950294592019e-07,0.0666935111806676,3.29792645038871e-06,188.555982097449,905.655689617643,1,4,0,63,68,11.1096191918027,857.488843624615,282.993781063599,2118.62914473194,,12586.6921485346,,116513.509504067
ATM,IDH2,177.091823208226,2516.75602541428,0.001,0.001,0.994479960879507,0.992301108215219,0.986823771716876,3.85277352139835e-08,0.0125214831181104,3.07693065194961e-06,176.109955095365,2497.33029491362,1,1,0,72,74,10.1045192311356,779.770629634083,143.601393885456,11082.1448579938,,108115.710062299,,1098427.58320135
ATM,KMT2C,0.001,575.934047961725,9644.49606952737,3804.58666900327,1,0.999997839693724,0.0394214269331272,0.937350761956549,0.0440729035676261,21.2681871644391,176.10995509544,576.50689867297,0,2,1,71,74,,392.138784403411,143.215279453328,1493.7046185724,508.528053738,69360.9838979368,,
ATM,KRAS,193.499787989117,16078.355308941,0.001,0.001,0.910461443585656,0.906947761837104,0.825776322695569,4.30598935577398e-07,0.144120394957329,2.98777238089646e-06,176.109955095357,15930.2202228255,1,11,0,62,74,11.0392397404022,852.439921250631,8343.76618913598,27561.5090901042,,3890.90906537837,,528786.845882765
ATM,LAMA1,179.801996581265,392.476920894699,0.001,0.001,0.979537790252114,0.979847676348548,0.959800097697886,1.88980798542567e-07,0.0448101507273402,4.21736583062336e-06,176.109955095223,389.785987711132,1,3,0,70,74,10.2589562880931,791.764649842928,97.5925779399267,1017.99262627102,,19051.9603423532,,64611.4494918046
ATM,LAMA2,178.619192651085,550.073436300377,0.001,0.001,0.986003066773928,0.987841479879846,0.974015610866021,1.14165983399611e-07,0.0299055764178452,3.81754833294189e-06,176.109955095365,546.684089636808,1,2,0,71,74,10.1914991436763,786.525592298873,91.4602119726948,1698.75037680993,,30042.508411279,,151422.808415849
ATM,LRP1B,0.001,250.606053457934,25543.7123302541,20994.5641753433,0.861042392533238,0.999996689657576,0.0160872342641371,1.14598677889191,0.0291449829741889,39.3202075261736,176.109955095365,250.485700605922,0,1,1,72,74,,509.384416676969,41.6697592788635,773.856893645658,1253.66229578334,403102.92632264,,
ATM,LRP2,,,,,,,,,,,,,1,0,0,73,74,,,,,,,,
ATM,LRRIQ1,176.921213123593,611.039035169461,0.001,0.001,0.995431378609146,0.994305537567003,0.989763029837208,5.43724936984125e-08,0.0146817255180983,3.70341303761515e-06,176.109955095365,607.551723212913,1,1,0,72,74,10.0948153172758,779.016295185426,34.8649133219019,2690.49973728431,,130857.159319882,,361685.777022018
ATM,MACF1,193.175762256268,733.943880533733,0.001,0.001,0.976152455050608,0.98101271463516,0.957620067630266,1.6690405713754e-07,0.0488426955903495,3.41717538559681e-06,188.555982097463,729.218775334211,1,3,0,64,68,11.0220630314445,850.690738483167,182.512380125836,1903.47696340831,,17293.2435067473,,128400.749272275
ATM,MED12,176.899097358938,299.830351052768,0.001,0.001,0.995556829895621,0.993473430192895,0.989059406827238,6.84244502971616e-08,0.0149733656390926,4.56974416750489e-06,176.109955095365,297.867235811976,1,1,0,72,74,10.093561867423,778.918886593484,17.1076501407816,1320.24755754874,,134353.144707389,,154647.007281573
ATM,NF1,179.513330981675,818.707091894117,0.001,0.001,0.981109261008188,0.978390923343085,0.959910196356139,1.55229381050559e-07,0.0440273356239763,3.52575005619974e-06,176.109955095365,812.710687779919,1,3,0,70,74,10.242553978598,790.47681933901,203.588800770426,2123.30701618424,,20305.3824944526,,125468.090873698
ATM,NRAS,,,,,,,,,,,,,1,0,0,73,74,,,,,,,,
ATM,PBRM1,178.627191357904,619.335335694939,0.001,0.001,0.985949740424087,0.986623276224607,0.972761680410275,1.11097491321127e-07,0.0299058199564319,3.71491206337023e-06,176.109955095365,615.154863545168,1,2,0,71,74,10.1920782093826,786.570555688001,102.979929980917,1912.53307647846,,29895.19610804,,154716.266738124
ATM,PEG3,178.766059634059,580.473339718599,0.001,0.001,0.985190976793153,0.987413717500927,0.972791957553411,1.1400145579453e-07,0.0302322075956523,3.77086110677952e-06,176.109955095365,576.777933246576,1,2,0,71,74,10.1999112215808,787.183268950997,96.5166929693713,1792.58341206019,,28519.865393232,,154274.505145303
ATM,PIK3CA,180.542058582774,995.793377643821,0.001,0.001,0.958700116527017,0.98290329512484,0.958845960671508,1.520033818753e-07,0.0445696635916192,3.41046733643919e-06,176.109955095337,989.995686924205,1,3,0,70,74,10.3011218542919,795.044994805642,247.615823353708,2582.79013951516,,15630.5503314088,,193960.151508054
ATM,PLEC,178.440628796057,248.803572213302,0.001,0.001,0.986985608118437,0.985646265608496,0.972819508567713,1.48153685863893e-07,0.0299118102323182,4.95301637424207e-06,176.109955095365,246.99959838121,1,2,0,71,74,10.1814019226811,785.736698695626,41.3692740511666,768.340991997639,,32084.7775978465,,57848.7130152888
ATM,POLE,178.166694469203,213.948482368207,0.001,0.001,0.988497154254522,0.993680965518698,0.982251198970137,7.63780502160277e-08,0.0145106094585855,5.26360043208502e-06,176.109955095365,212.586197804821,1,1,0,72,74,10.1656552314507,784.547609464126,12.207344415727,942.085953856795,,51677.3099968738,,114009.17266449
ATM,PREX2,179.099538577067,727.555297519315,0.001,0.001,0.98337868132844,0.979505865994028,0.963226715089207,1.57713560261855e-07,0.0437799582475636,3.60241458820101e-06,176.109955095365,722.49378487345,1,3,0,70,74,10.2188887168937,788.639273285712,180.919528106817,1886.86192673483,,23399.1555440575,,117725.772034602
ATM,PTPRT,,,,,,,,,,,,,1,0,0,73,74,,,,,,,,
ATM,RASA1,176.899276326834,307.945303318984,0.001,0.001,0.995558916118542,0.993782563957136,0.989369220373746,6.86638645646526e-08,0.015174247346787,4.52502605206258e-06,176.109955095365,306.025946873843,1,1,0,72,74,10.0935337542716,778.916716922746,17.5707936009581,1355.96342776706,,134488.372047847,,166810.66086575
ATM,ROBO2,177.268872367456,318.860653673062,0.001,0.001,0.993483350855705,0.993741381373867,0.987265700904997,6.77807798239033e-08,0.0151578937955113,4.471648946635e-06,176.109955095486,316.85766158962,1,1,0,72,74,10.1146242557131,780.55735484072,18.1935550202157,1404.01705565339,,91563.9657954276,,171574.327951979
ATM,ROS1,,,,,,,,,,,,,1,0,0,73,74,,,,,,,,
ATM,RYR1,191.467212875955,353.059725168767,0.001,0.001,0.984851173572108,0.985350737576249,0.97042505804528,1.33859899153002e-07,0.032189028044194,4.15855672837399e-06,188.555982097502,350.440387335635,1,2,0,65,68,10.9245883737238,843.120413600323,58.7028922297184,1090.36265581284,,30102.2912393081,,80386.9739992049
ATM,SACS,180.797583131105,532.314802968847,0.001,0.001,0.974160726929304,0.973867397273999,0.948706388392154,2.28458872007786e-07,0.0588438691728347,3.88245836344926e-06,176.109955095365,528.754348063775,1,4,0,69,74,10.3157242529848,796.161235663543,165.239999299273,1236.85383063001,,14419.1379256187,,67154.0172046396
ATM,SF3B1,178.218746942164,865.238237177504,0.001,0.001,0.98820433059587,0.988282126875502,0.976625228307307,1.03824057852116e-07,0.0298953425369964,3.47291748618135e-06,176.10995509544,860.127605371454,1,2,0,71,74,10.1687836495947,784.753022432575,143.868041846399,2671.89222874411,,35237.1004276219,,247284.680222293
ATM,SMAD4,186.136686435914,2533.96312824407,0.00099999999991951,0.001,0.94629869578768,0.954855154841278,0.903590284274582,3.13238158460016e-07,0.099975990474239,3.13313383517545e-06,176.10995509544,2516.7393483453,1,7,0,66,74,10.6199404152989,819.802675362083,1088.38248443494,4903.65720615736,,6606.1797893227,,181294.631178193
ATM,SPHKAP,,,,,,,,,,,,,1,0,0,73,74,,,,,,,,
ATM,SPTA1,177.060629412217,219.63554123544,0.001,0.001,0.994664299825889,0.993384319240589,0.988084061959668,7.61971824872476e-08,0.0146821576360102,5.18978098289604e-06,176.109955095365,218.177744392883,1,1,0,72,74,10.1026219357835,779.6230896962,12.5319508800451,967.096901845286,,111957.405989845,,111741.752811785
ATM,SYNE1,184.522977709894,319.934077683985,0.001,0.001,0.954559142145191,0.954053386582493,0.910709766727878,4.71601638313973e-07,0.10228251644432,4.61077469257127e-06,176.109955095365,317.737630658759,1,7,0,66,74,10.5280441972685,812.632692782235,137.434210754331,619.006239536245,,7817.97216333994,,22470.138739447
ATM,SYNE2,189.461229032617,511.598727938432,0.001,0.001,0.995247046571865,0.992919823153282,0.988200666961502,5.93893236255916e-08,0.0161317722963889,3.68151264067159e-06,188.555982097502,507.97033233548,1,1,0,66,68,10.8102680547584,834.232666592709,29.1910340492944,2252.70149190657,,134594.914280422,,242988.970114614
ATM,TENM1,,,,,,,,,,,,,1,0,0,73,74,,,,,,,,
ATM,TP53,205.335248706513,1850.7955924711,0.001,0.001,0.858131236834746,0.87440407694117,0.750437950835247,8.46097929108058e-07,0.253015239186046,3.34405916351114e-06,176.109955095271,1835.80904331323,1,18,0,55,74,11.7134244180602,904.863998815305,1120.25296722562,2848.49259231443,,2423.03042862057,,43496.7193878925
ATM,TTN,193.324819578145,1113.00453011002,0.001,0.001,0.975416054686889,0.979718256495697,0.955635837671334,1.57000064408309e-07,0.0493976616716302,3.17828939863518e-06,188.55598209758,1105.30947630217,1,3,0,64,68,11.0304216417368,851.35252261909,276.755915418851,2886.96215660853,,16937.0163723904,,181996.436396035
ATM,XIRP2,178.257869835789,494.086126945495,0.001,0.001,0.98799345300321,0.98625406107377,0.974413279350195,1.11723922044393e-07,0.0285033298333343,3.91967965489189e-06,176.109955095365,490.657497141621,1,2,0,71,74,10.1710006531129,784.926055909697,82.1533289896964,1525.79955608996,,34710.7107498924,,120054.839200431
ATM,ZFHX3,189.460765725129,214.36257523838,0.001,0.001,0.99524395146805,0.993419683698545,0.988695087091435,8.30446747726761e-08,0.0164133325628447,5.05958643405952e-06,188.555982097502,212.948989883829,1,1,0,66,68,10.8102887538744,834.234264242512,12.2311520805183,943.904646797226,,134406.776830671,,109632.920171928
ATM,ZNF521,,,,,,,,,,,,,1,0,0,73,74,,,,,,,,
ATM,ZNF536,193.536913757857,615.501194405068,0.001,0.001,0.9743545888812,0.978954900601476,0.953851877634693,1.71819864821197e-07,0.0483587534466071,3.55302510042786e-06,188.555982097502,611.094230963032,1,3,0,64,68,11.042458127432,852.278682722226,153.054043038697,1596.35834114496,,15972.1525972453,,96902.4483324316
BAP1,BRAF,,,,,,,,,,,,,0,0,0,74,74,,,,,,,,
BAP1,BRCA2,,,,,,,,,,,,,0,0,0,74,74,,,,,,,,
BAP1,CDH8,,,,,,,,,,,,,0,0,0,74,74,,,,,,,,
BAP1,CSMD3,,,,,,,,,,,,,0,4,0,70,74,,,,,,,,
BAP1,CTNNA2,,,,,,,,,,,,,0,0,0,74,74,,,,,,,,
BAP1,CUBN,,,,,,,,,,,,,0,1,0,73,74,,,,,,,,
BAP1,DMXL1,,,,,,,,,,,,,0,0,0,74,74,,,,,,,,
BAP1,DMXL2,,,,,,,,,,,,,0,2,0,72,74,,,,,,,,
BAP1,DNAH5,,,,,,,,,,,,,0,1,0,67,68,,,,,,,,
BAP1,EPHA2,,,,,,,,,,,,,0,0,0,74,74,,,,,,,,
BAP1,ERBB2,,,,,,,,,,,,,0,4,0,70,74,,,,,,,,
BAP1,ERBB3,,,,,,,,,,,,,0,4,0,64,68,,,,,,,,
BAP1,ERBB4,,,,,,,,,,,,,0,1,0,73,74,,,,,,,,
BAP1,FAT2,,,,,,,,,,,,,0,0,0,74,74,,,,,,,,
BAP1,FBN2,,,,,,,,,,,,,0,0,0,74,74,,,,,,,,
BAP1,FBXW7,,,,,,,,,,,,,0,2,0,72,74,,,,,,,,
BAP1,FGFR2,,,,,,,,,,,,,0,0,0,74,74,,,,,,,,
BAP1,GLI3,,,,,,,,,,,,,0,2,0,72,74,,,,,,,,
BAP1,GNAS,,,,,,,,,,,,,0,1,0,73,74,,,,,,,,
BAP1,HMCN1,,,,,,,,,,,,,0,0,0,74,74,,,,,,,,
BAP1,HYDIN,,,,,,,,,,,,,0,4,0,64,68,,,,,,,,
BAP1,IDH2,,,,,,,,,,,,,0,1,0,73,74,,,,,,,,
BAP1,KMT2C,,,,,,,,,,,,,0,3,0,71,74,,,,,,,,
BAP1,KRAS,,,,,,,,,,,,,0,11,0,63,74,,,,,,,,
BAP1,LAMA1,,,,,,,,,,,,,0,3,0,71,74,,,,,,,,
BAP1,LAMA2,,,,,,,,,,,,,0,2,0,72,74,,,,,,,,
BAP1,LRP1B,,,,,,,,,,,,,0,2,0,72,74,,,,,,,,
BAP1,LRP2,,,,,,,,,,,,,0,0,0,74,74,,,,,,,,
BAP1,LRRIQ1,,,,,,,,,,,,,0,1,0,73,74,,,,,,,,
BAP1,MACF1,,,,,,,,,,,,,0,3,0,65,68,,,,,,,,
BAP1,MED12,,,,,,,,,,,,,0,1,0,73,74,,,,,,,,
BAP1,NF1,,,,,,,,,,,,,0,3,0,71,74,,,,,,,,
BAP1,NRAS,,,,,,,,,,,,,0,0,0,74,74,,,,,,,,
BAP1,PBRM1,,,,,,,,,,,,,0,2,0,72,74,,,,,,,,
BAP1,PEG3,,,,,,,,,,,,,0,2,0,72,74,,,,,,,,
BAP1,PIK3CA,,,,,,,,,,,,,0,3,0,71,74,,,,,,,,
BAP1,PLEC,,,,,,,,,,,,,0,2,0,72,74,,,,,,,,
BAP1,POLE,,,,,,,,,,,,,0,1,0,73,74,,,,,,,,
BAP1,PREX2,,,,,,,,,,,,,0,3,0,71,74,,,,,,,,
BAP1,PTPRT,,,,,,,,,,,,,0,0,0,74,74,,,,,,,,
BAP1,RASA1,,,,,,,,,,,,,0,1,0,73,74,,,,,,,,
BAP1,ROBO2,,,,,,,,,,,,,0,1,0,73,74,,,,,,,,
BAP1,ROS1,,,,,,,,,,,,,0,0,0,74,74,,,,,,,,
BAP1,RYR1,,,,,,,,,,,,,0,2,0,66,68,,,,,,,,
BAP1,SACS,,,,,,,,,,,,,0,4,0,70,74,,,,,,,,
BAP1,SF3B1,,,,,,,,,,,,,0,2,0,72,74,,,,,,,,
BAP1,SMAD4,,,,,,,,,,,,,0,7,0,67,74,,,,,,,,
BAP1,SPHKAP,,,,,,,,,,,,,0,0,0,74,74,,,,,,,,
BAP1,SPTA1,,,,,,,,,,,,,0,1,0,73,74,,,,,,,,
BAP1,SYNE1,,,,,,,,,,,,,0,7,0,67,74,,,,,,,,
BAP1,SYNE2,,,,,,,,,,,,,0,1,0,67,68,,,,,,,,
BAP1,TENM1,,,,,,,,,,,,,0,0,0,74,74,,,,,,,,
BAP1,TP53,,,,,,,,,,,,,0,18,0,56,74,,,,,,,,
BAP1,TTN,,,,,,,,,,,,,0,3,0,65,68,,,,,,,,
BAP1,XIRP2,,,,,,,,,,,,,0,2,0,72,74,,,,,,,,
BAP1,ZFHX3,,,,,,,,,,,,,0,1,0,67,68,,,,,,,,
BAP1,ZNF521,,,,,,,,,,,,,0,0,0,74,74,,,,,,,,
BAP1,ZNF536,,,,,,,,,,,,,0,3,0,65,68,,,,,,,,
BRAF,BRCA2,,,,,,,,,,,,,0,0,0,74,74,,,,,,,,
BRAF,CDH8,,,,,,,,,,,,,0,0,0,74,74,,,,,,,,
BRAF,CSMD3,,,,,,,,,,,,,0,4,0,70,74,,,,,,,,
BRAF,CTNNA2,,,,,,,,,,,,,0,0,0,74,74,,,,,,,,
BRAF,CUBN,,,,,,,,,,,,,0,1,0,73,74,,,,,,,,
BRAF,DMXL1,,,,,,,,,,,,,0,0,0,74,74,,,,,,,,
BRAF,DMXL2,,,,,,,,,,,,,0,2,0,72,74,,,,,,,,
BRAF,DNAH5,,,,,,,,,,,,,0,1,0,67,68,,,,,,,,
BRAF,EPHA2,,,,,,,,,,,,,0,0,0,74,74,,,,,,,,
BRAF,ERBB2,,,,,,,,,,,,,0,4,0,70,74,,,,,,,,
BRAF,ERBB3,,,,,,,,,,,,,0,4,0,64,68,,,,,,,,
BRAF,ERBB4,,,,,,,,,,,,,0,1,0,73,74,,,,,,,,
BRAF,FAT2,,,,,,,,,,,,,0,0,0,74,74,,,,,,,,
BRAF,FBN2,,,,,,,,,,,,,0,0,0,74,74,,,,,,,,
BRAF,FBXW7,,,,,,,,,,,,,0,2,0,72,74,,,,,,,,
BRAF,FGFR2,,,,,,,,,,,,,0,0,0,74,74,,,,,,,,
BRAF,GLI3,,,,,,,,,,,,,0,2,0,72,74,,,,,,,,
BRAF,GNAS,,,,,,,,,,,,,0,1,0,73,74,,,,,,,,
BRAF,HMCN1,,,,,,,,,,,,,0,0,0,74,74,,,,,,,,
BRAF,HYDIN,,,,,,,,,,,,,0,4,0,64,68,,,,,,,,
BRAF,IDH2,,,,,,,,,,,,,0,1,0,73,74,,,,,,,,
BRAF,KMT2C,,,,,,,,,,,,,0,3,0,71,74,,,,,,,,
BRAF,KRAS,,,,,,,,,,,,,0,11,0,63,74,,,,,,,,
BRAF,LAMA1,,,,,,,,,,,,,0,3,0,71,74,,,,,,,,
BRAF,LAMA2,,,,,,,,,,,,,0,2,0,72,74,,,,,,,,
BRAF,LRP1B,,,,,,,,,,,,,0,2,0,72,74,,,,,,,,
BRAF,LRP2,,,,,,,,,,,,,0,0,0,74,74,,,,,,,,
BRAF,LRRIQ1,,,,,,,,,,,,,0,1,0,73,74,,,,,,,,
BRAF,MACF1,,,,,,,,,,,,,0,3,0,65,68,,,,,,,,
BRAF,MED12,,,,,,,,,,,,,0,1,0,73,74,,,,,,,,
BRAF,NF1,,,,,,,,,,,,,0,3,0,71,74,,,,,,,,
BRAF,NRAS,,,,,,,,,,,,,0,0,0,74,74,,,,,,,,
BRAF,PBRM1,,,,,,,,,,,,,0,2,0,72,74,,,,,,,,
BRAF,PEG3,,,,,,,,,,,,,0,2,0,72,74,,,,,,,,
BRAF,PIK3CA,,,,,,,,,,,,,0,3,0,71,74,,,,,,,,
BRAF,PLEC,,,,,,,,,,,,,0,2,0,72,74,,,,,,,,
BRAF,POLE,,,,,,,,,,,,,0,1,0,73,74,,,,,,,,
BRAF,PREX2,,,,,,,,,,,,,0,3,0,71,74,,,,,,,,
BRAF,PTPRT,,,,,,,,,,,,,0,0,0,74,74,,,,,,,,
BRAF,RASA1,,,,,,,,,,,,,0,1,0,73,74,,,,,,,,
BRAF,ROBO2,,,,,,,,,,,,,0,1,0,73,74,,,,,,,,
BRAF,ROS1,,,,,,,,,,,,,0,0,0,74,74,,,,,,,,
BRAF,RYR1,,,,,,,,,,,,,0,2,0,66,68,,,,,,,,
BRAF,SACS,,,,,,,,,,,,,0,4,0,70,74,,,,,,,,
BRAF,SF3B1,,,,,,,,,,,,,0,2,0,72,74,,,,,,,,
BRAF,SMAD4,,,,,,,,,,,,,0,7,0,67,74,,,,,,,,
BRAF,SPHKAP,,,,,,,,,,,,,0,0,0,74,74,,,,,,,,
BRAF,SPTA1,,,,,,,,,,,,,0,1,0,73,74,,,,,,,,
BRAF,SYNE1,,,,,,,,,,,,,0,7,0,67,74,,,,,,,,
BRAF,SYNE2,,,,,,,,,,,,,0,1,0,67,68,,,,,,,,
BRAF,TENM1,,,,,,,,,,,,,0,0,0,74,74,,,,,,,,
BRAF,TP53,,,,,,,,,,,,,0,18,0,56,74,,,,,,,,
BRAF,TTN,,,,,,,,,,,,,0,3,0,65,68,,,,,,,,
BRAF,XIRP2,,,,,,,,,,,,,0,2,0,72,74,,,,,,,,
BRAF,ZFHX3,,,,,,,,,,,,,0,1,0,67,68,,,,,,,,
BRAF,ZNF521,,,,,,,,,,,,,0,0,0,74,74,,,,,,,,
BRAF,ZNF536,,,,,,,,,,,,,0,3,0,65,68,,,,,,,,
BRCA2,CDH8,,,,,,,,,,,,,0,0,0,74,74,,,,,,,,
BRCA2,CSMD3,,,,,,,,,,,,,0,4,0,70,74,,,,,,,,
BRCA2,CTNNA2,,,,,,,,,,,,,0,0,0,74,74,,,,,,,,
BRCA2,CUBN,,,,,,,,,,,,,0,1,0,73,74,,,,,,,,
BRCA2,DMXL1,,,,,,,,,,,,,0,0,0,74,74,,,,,,,,
BRCA2,DMXL2,,,,,,,,,,,,,0,2,0,72,74,,,,,,,,
BRCA2,DNAH5,,,,,,,,,,,,,0,1,0,67,68,,,,,,,,
BRCA2,EPHA2,,,,,,,,,,,,,0,0,0,74,74,,,,,,,,
BRCA2,ERBB2,,,,,,,,,,,,,0,4,0,70,74,,,,,,,,
BRCA2,ERBB3,,,,,,,,,,,,,0,4,0,64,68,,,,,,,,
BRCA2,ERBB4,,,,,,,,,,,,,0,1,0,73,74,,,,,,,,
BRCA2,FAT2,,,,,,,,,,,,,0,0,0,74,74,,,,,,,,
BRCA2,FBN2,,,,,,,,,,,,,0,0,0,74,74,,,,,,,,
BRCA2,FBXW7,,,,,,,,,,,,,0,2,0,72,74,,,,,,,,
BRCA2,FGFR2,,,,,,,,,,,,,0,0,0,74,74,,,,,,,,
BRCA2,GLI3,,,,,,,,,,,,,0,2,0,72,74,,,,,,,,
BRCA2,GNAS,,,,,,,,,,,,,0,1,0,73,74,,,,,,,,
BRCA2,HMCN1,,,,,,,,,,,,,0,0,0,74,74,,,,,,,,
BRCA2,HYDIN,,,,,,,,,,,,,0,4,0,64,68,,,,,,,,
BRCA2,IDH2,,,,,,,,,,,,,0,1,0,73,74,,,,,,,,
BRCA2,KMT2C,,,,,,,,,,,,,0,3,0,71,74,,,,,,,,
BRCA2,KRAS,,,,,,,,,,,,,0,11,0,63,74,,,,,,,,
BRCA2,LAMA1,,,,,,,,,,,,,0,3,0,71,74,,,,,,,,
BRCA2,LAMA2,,,,,,,,,,,,,0,2,0,72,74,,,,,,,,
BRCA2,LRP1B,,,,,,,,,,,,,0,2,0,72,74,,,,,,,,
BRCA2,LRP2,,,,,,,,,,,,,0,0,0,74,74,,,,,,,,
BRCA2,LRRIQ1,,,,,,,,,,,,,0,1,0,73,74,,,,,,,,
BRCA2,MACF1,,,,,,,,,,,,,0,3,0,65,68,,,,,,,,
BRCA2,MED12,,,,,,,,,,,,,0,1,0,73,74,,,,,,,,
BRCA2,NF1,,,,,,,,,,,,,0,3,0,71,74,,,,,,,,
BRCA2,NRAS,,,,,,,,,,,,,0,0,0,74,74,,,,,,,,
BRCA2,PBRM1,,,,,,,,,,,,,0,2,0,72,74,,,,,,,,
BRCA2,PEG3,,,,,,,,,,,,,0,2,0,72,74,,,,,,,,
BRCA2,PIK3CA,,,,,,,,,,,,,0,3,0,71,74,,,,,,,,
BRCA2,PLEC,,,,,,,,,,,,,0,2,0,72,74,,,,,,,,
BRCA2,POLE,,,,,,,,,,,,,0,1,0,73,74,,,,,,,,
BRCA2,PREX2,,,,,,,,,,,,,0,3,0,71,74,,,,,,,,
BRCA2,PTPRT,,,,,,,,,,,,,0,0,0,74,74,,,,,,,,
BRCA2,RASA1,,,,,,,,,,,,,0,1,0,73,74,,,,,,,,
BRCA2,ROBO2,,,,,,,,,,,,,0,1,0,73,74,,,,,,,,
BRCA2,ROS1,,,,,,,,,,,,,0,0,0,74,74,,,,,,,,
BRCA2,RYR1,,,,,,,,,,,,,0,2,0,66,68,,,,,,,,
BRCA2,SACS,,,,,,,,,,,,,0,4,0,70,74,,,,,,,,
BRCA2,SF3B1,,,,,,,,,,,,,0,2,0,72,74,,,,,,,,
BRCA2,SMAD4,,,,,,,,,,,,,0,7,0,67,74,,,,,,,,
BRCA2,SPHKAP,,,,,,,,,,,,,0,0,0,74,74,,,,,,,,
BRCA2,SPTA1,,,,,,,,,,,,,0,1,0,73,74,,,,,,,,
BRCA2,SYNE1,,,,,,,,,,,,,0,7,0,67,74,,,,,,,,
BRCA2,SYNE2,,,,,,,,,,,,,0,1,0,67,68,,,,,,,,
BRCA2,TENM1,,,,,,,,,,,,,0,0,0,74,74,,,,,,,,
BRCA2,TP53,,,,,,,,,,,,,0,18,0,56,74,,,,,,,,
BRCA2,TTN,,,,,,,,,,,,,0,3,0,65,68,,,,,,,,
BRCA2,XIRP2,,,,,,,,,,,,,0,2,0,72,74,,,,,,,,
BRCA2,ZFHX3,,,,,,,,,,,,,0,1,0,67,68,,,,,,,,
BRCA2,ZNF521,,,,,,,,,,,,,0,0,0,74,74,,,,,,,,
BRCA2,ZNF536,,,,,,,,,,,,,0,3,0,65,68,,,,,,,,
CDH8,CSMD3,,,,,,,,,,,,,0,4,0,70,74,,,,,,,,
CDH8,CTNNA2,,,,,,,,,,,,,0,0,0,74,74,,,,,,,,
CDH8,CUBN,,,,,,,,,,,,,0,1,0,73,74,,,,,,,,
CDH8,DMXL1,,,,,,,,,,,,,0,0,0,74,74,,,,,,,,
CDH8,DMXL2,,,,,,,,,,,,,0,2,0,72,74,,,,,,,,
CDH8,DNAH5,,,,,,,,,,,,,0,1,0,67,68,,,,,,,,
CDH8,EPHA2,,,,,,,,,,,,,0,0,0,74,74,,,,,,,,
CDH8,ERBB2,,,,,,,,,,,,,0,4,0,70,74,,,,,,,,
CDH8,ERBB3,,,,,,,,,,,,,0,4,0,64,68,,,,,,,,
CDH8,ERBB4,,,,,,,,,,,,,0,1,0,73,74,,,,,,,,
CDH8,FAT2,,,,,,,,,,,,,0,0,0,74,74,,,,,,,,
CDH8,FBN2,,,,,,,,,,,,,0,0,0,74,74,,,,,,,,
CDH8,FBXW7,,,,,,,,,,,,,0,2,0,72,74,,,,,,,,
CDH8,FGFR2,,,,,,,,,,,,,0,0,0,74,74,,,,,,,,
CDH8,GLI3,,,,,,,,,,,,,0,2,0,72,74,,,,,,,,
CDH8,GNAS,,,,,,,,,,,,,0,1,0,73,74,,,,,,,,
CDH8,HMCN1,,,,,,,,,,,,,0,0,0,74,74,,,,,,,,
CDH8,HYDIN,,,,,,,,,,,,,0,4,0,64,68,,,,,,,,
CDH8,IDH2,,,,,,,,,,,,,0,1,0,73,74,,,,,,,,
CDH8,KMT2C,,,,,,,,,,,,,0,3,0,71,74,,,,,,,,
CDH8,KRAS,,,,,,,,,,,,,0,11,0,63,74,,,,,,,,
CDH8,LAMA1,,,,,,,,,,,,,0,3,0,71,74,,,,,,,,
CDH8,LAMA2,,,,,,,,,,,,,0,2,0,72,74,,,,,,,,
CDH8,LRP1B,,,,,,,,,,,,,0,2,0,72,74,,,,,,,,
CDH8,LRP2,,,,,,,,,,,,,0,0,0,74,74,,,,,,,,
CDH8,LRRIQ1,,,,,,,,,,,,,0,1,0,73,74,,,,,,,,
CDH8,MACF1,,,,,,,,,,,,,0,3,0,65,68,,,,,,,,
CDH8,MED12,,,,,,,,,,,,,0,1,0,73,74,,,,,,,,
CDH8,NF1,,,,,,,,,,,,,0,3,0,71,74,,,,,,,,
CDH8,NRAS,,,,,,,,,,,,,0,0,0,74,74,,,,,,,,
CDH8,PBRM1,,,,,,,,,,,,,0,2,0,72,74,,,,,,,,
CDH8,PEG3,,,,,,,,,,,,,0,2,0,72,74,,,,,,,,
CDH8,PIK3CA,,,,,,,,,,,,,0,3,0,71,74,,,,,,,,
CDH8,PLEC,,,,,,,,,,,,,0,2,0,72,74,,,,,,,,
CDH8,POLE,,,,,,,,,,,,,0,1,0,73,74,,,,,,,,
CDH8,PREX2,,,,,,,,,,,,,0,3,0,71,74,,,,,,,,
CDH8,PTPRT,,,,,,,,,,,,,0,0,0,74,74,,,,,,,,
CDH8,RASA1,,,,,,,,,,,,,0,1,0,73,74,,,,,,,,
CDH8,ROBO2,,,,,,,,,,,,,0,1,0,73,74,,,,,,,,
CDH8,ROS1,,,,,,,,,,,,,0,0,0,74,74,,,,,,,,
CDH8,RYR1,,,,,,,,,,,,,0,2,0,66,68,,,,,,,,
CDH8,SACS,,,,,,,,,,,,,0,4,0,70,74,,,,,,,,
CDH8,SF3B1,,,,,,,,,,,,,0,2,0,72,74,,,,,,,,
CDH8,SMAD4,,,,,,,,,,,,,0,7,0,67,74,,,,,,,,
CDH8,SPHKAP,,,,,,,,,,,,,0,0,0,74,74,,,,,,,,
CDH8,SPTA1,,,,,,,,,,,,,0,1,0,73,74,,,,,,,,
CDH8,SYNE1,,,,,,,,,,,,,0,7,0,67,74,,,,,,,,
CDH8,SYNE2,,,,,,,,,,,,,0,1,0,67,68,,,,,,,,
CDH8,TENM1,,,,,,,,,,,,,0,0,0,74,74,,,,,,,,
CDH8,TP53,,,,,,,,,,,,,0,18,0,56,74,,,,,,,,
CDH8,TTN,,,,,,,,,,,,,0,3,0,65,68,,,,,,,,
CDH8,XIRP2,,,,,,,,,,,,,0,2,0,72,74,,,,,,,,
CDH8,ZFHX3,,,,,,,,,,,,,0,1,0,67,68,,,,,,,,
CDH8,ZNF521,,,,,,,,,,,,,0,0,0,74,74,,,,,,,,
CDH8,ZNF536,,,,,,,,,,,,,0,3,0,65,68,,,,,,,,
CSMD3,CTNNA2,,,,,,,,,,,,,4,0,0,70,74,,,,,,,,
CSMD3,CUBN,806.930097781459,196.322568412778,0.001,0.001,0.966209866095201,0.968330550975536,0.935615370093527,1.94985184911317e-07,0.0583373828853444,3.34237113952367e-06,799.917777398967,190.084039983831,4,1,0,69,74,250.475358453698,1875.1130098582,11.2013806807839,864.57353949306,,78040.8454484982,,12737.5629451722
CSMD3,DMXL1,,,,,,,,,,,,,4,0,0,70,74,,,,,,,,
CSMD3,DMXL2,812.057167589364,757.676507726384,0.001,0.001,0.942515735856368,0.9364943191984,0.882679873527875,1.57750006472054e-07,0.11603759629326,1.35947323549666e-06,799.917777399329,733.030412747637,4,2,0,68,74,252.060267149859,1887.08536168116,125.970828570551,2340.30711459327,,32120.8125904677,,24007.9223301276
CSMD3,DNAH5,863.110302464123,0.001,2293.54967130681,7159.4442956693,0.999997284075623,1,0.0607003019470721,0.912575796997275,0.0638955157727171,14.2823136484789,864.07162079033,205.246198297335,3,0,1,64,68,267.919356193572,2005.55136162765,,438.964744165025,,,383.842000203556,43774.695686665
CSMD3,EPHA2,,,,,,,,,,,,,4,0,0,70,74,,,,,,,,
CSMD3,ERBB2,614.191506109724,1750.52474991403,7930.71092341249,0.001,0.983454617194546,0.994832892297911,0.420325477107911,0.97166250331184,0.226366951929274,4.2924220829524,799.917777398466,1708.44525394404,3,3,1,67,74,152.717793280732,1593.19660186907,543.346506489765,4068.06096851231,429.857077432594,45558.6488886791,,67633.5447345772
CSMD3,ERBB3,893.003793115265,3466.2014841709,0.001,0.001,0.87865926430053,0.871937154156322,0.766213873452528,1.89834204425421e-07,0.246676834719774,7.69566403108236e-07,864.071620798355,3347.56672361418,4,4,0,60,68,277.158688216874,2075.58627587429,1075.796894478,8056.32542528682,,14211.7364678793,,52059.4718967452
CSMD3,ERBB4,805.279257253365,242.415846113593,0.001,0.001,0.974095506094841,0.9686992703532,0.943609818915958,1.64481477602559e-07,0.0582084826298161,2.82573037762553e-06,799.917777398272,234.801311059853,4,1,0,69,74,249.964896774895,1871.21202765993,13.8312235951035,1067.57053503141,,102475.917642606,,15900.1283140937
CSMD3,FAT2,,,,,,,,,,,,,4,0,0,70,74,,,,,,,,
CSMD3,FBN2,,,,,,,,,,,,,4,0,0,70,74,,,,,,,,
CSMD3,FBXW7,604.002894344567,983.069448274786,23274.0750539534,0.001,0.881709491519527,0.996168488572203,0.175973242465414,1.04408264198303,0.11511316588432,9.0700540981755,799.917777396735,959.382209006246,3,1,1,69,74,150.193251030216,1566.57757775836,163.451746687817,3036.13114455108,1145.65451905466,366933.463159571,,77917.1303114017
CSMD3,FGFR2,,,,,,,,,,,,,4,0,0,70,74,,,,,,,,
CSMD3,GLI3,810.475415239313,243.931344488058,0.001,0.001,0.949797244137741,0.938751974492546,0.891638833343179,3.28909668774295e-07,0.116076144422632,2.83356817553086e-06,799.917777398272,236.292841494956,4,2,0,68,74,251.572806624057,1883.35752164763,40.5564416465262,753.420795780953,,36656.455073876,,8056.69294852767
CSMD3,GNAS,807.532349572222,376.781458338875,0.001,0.001,0.963395418978283,0.968084511966068,0.932655301298427,1.20246699894608e-07,0.0584636414992903,2.05677745708105e-06,799.917777398176,364.690917740789,4,1,0,69,74,250.659064969678,1876.52113893574,21.4973194703451,1659.36983990407,,71717.0741329751,,24306.1154204804
CSMD3,HMCN1,,,,,,,,,,,,,4,0,0,70,74,,,,,,,,
CSMD3,HYDIN,893.570750660223,939.267087086267,0.001,0.000999999999976353,0.876572762410274,0.866669112392756,0.759786725421921,3.05459395415512e-07,0.254521866668481,1.2001302654808e-06,864.071620790478,905.655689623617,4,4,0,60,68,277.333759845079,2076.91552042687,291.497826784074,2183.38799776189,,13939.0693803384,,13717.646759449
CSMD3,IDH2,804.994450805254,2548.92520733714,0.001,0.001,0.975322289559495,0.9798384233186,0.955660773997687,4.41398881967717e-08,0.0519679051724069,8.49368240846629e-07,799.917777400406,2497.33029488685,4,1,0,69,74,249.876916452115,1870.54297253346,145.435284843443,11224.1033130005,,107681.830432073,,261662.745945248
CSMD3,KMT2C,819.028893322523,596.894758476518,0.001,0.001,0.911363302518027,0.902184974309279,0.822264164761773,2.68727053630291e-07,0.172068038432442,1.56174880633512e-06,799.917777398967,576.506898673793,4,3,0,67,74,254.215450231753,1903.41180268893,148.409264337081,1548.50199769744,,18888.6257850894,,11933.9926914563
CSMD3,KRAS,870.285478195482,14792.5759332031,0.001,65744.001235692,0.92459251393546,0.826240453901601,0.749555998560493,1.09415163699189,0.588661812162076,1.8587100681344,799.917777396745,15930.2202224732,3,10,1,60,74,270.052960677357,2023.53485269034,7407.50674135064,25969.6749254076,,7905.49345375364,3570.13388648335,374508.775236609
CSMD3,LAMA1,609.426827340584,400.119435067819,11614.6125128094,0.001,0.891635635529696,0.981885153275762,0.307648700580452,1.00521476448103,0.174505490952668,5.76036180290558,799.917777400885,389.785987713001,3,2,1,68,74,151.536109480012,1580.77231091821,99.4844712814328,1038.00382226494,612.277029887561,83596.775329818,,17933.8316736179
CSMD3,LAMA2,812.053917215364,563.991569991805,0.001,0.001,0.942493554438357,0.940071965963439,0.886030673005339,1.86313579241242e-07,0.116563540824562,1.59838640730432e-06,799.917777399329,546.684089632467,4,2,0,68,74,252.059321557293,1887.07827797505,93.7688275119925,1742.0431196133,,32102.3043410148,,19047.1784389441
CSMD3,LRP1B,809.584844212892,258.604939748,0.001,0.001,0.953936993834168,0.938527960309046,0.895308971580666,3.09346551028745e-07,0.1143164863436,2.70605370164148e-06,799.917777400406,250.485700605922,4,2,0,68,74,251.297966840335,1881.26610074026,42.9967115180965,798.71504781489,,40110.8447183825,,8443.69668238174
CSMD3,LRP2,,,,,,,,,,,,,4,0,0,70,74,,,,,,,,
CSMD3,LRRIQ1,804.363272095146,624.43380817517,0.001,0.001,0.978456807476389,0.973032822952247,0.952073074933519,8.54236713258155e-08,0.0573542836323368,1.48940350948178e-06,799.917777398272,607.551723214289,4,1,0,69,74,249.682170210431,1869.06090788564,35.6281513996725,2749.76527675843,,123863.534783021,,47927.0424115321
CSMD3,MACF1,886.270809805433,753.27816523024,0.001,0.001,0.905101381077678,0.908219027852499,0.822073229656097,2.51282488967705e-07,0.189169333976961,1.32834685033204e-06,864.071620794322,729.218775332758,4,3,0,61,68,275.077905362339,2059.82570084357,187.302432082031,1954.05791820617,,19023.1850341975,,16355.1936255423
CSMD3,MED12,805.296833569345,307.777842959158,0.001,0.001,0.974014274041913,0.96792219638244,0.942774683630252,1.37214522625238e-07,0.05798835762343,2.36624260884046e-06,799.917777400406,297.867235811976,4,1,0,69,74,249.970632982147,1871.25558924986,17.5604124827325,1355.44174335607,,102101.234237715,,19662.362570744
CSMD3,NF1,815.183316594194,838.443547057714,0.001,0.001,0.928455383428734,0.911559076315239,0.84637158203421,2.19426719693522e-07,0.169509163301824,1.29448293779148e-06,799.917777395565,812.710687779919,4,3,0,67,74,253.028387729162,1894.35551067893,208.478710533407,2174.86478547589,,23668.7451342782,,18813.743238455
CSMD3,NRAS,,,,,,,,,,,,,4,0,0,70,74,,,,,,,,
CSMD3,PBRM1,812.139626215529,634.346385002081,0.001,0.001,0.942089437420264,0.940759570175803,0.886294140045011,1.72393783538435e-07,0.115462133848505,1.49307636878277e-06,799.917777398967,615.154863545168,4,2,0,68,74,252.085819827028,1887.27981492136,105.469442145948,1959.19137345434,,31832.3937020675,,21668.38593321
CSMD3,PEG3,812.484134130856,595.382969634312,0.001,0.001,0.940545347536567,0.938948631677343,0.88314201128264,1.82249039706005e-07,0.117547789148763,1.55042507414035e-06,799.91777739984,576.777933242145,4,2,0,68,74,252.191384802219,1888.09283846996,98.9888864765752,1838.95712665948,,31133.1293411495,,19769.4905786264
CSMD3,PIK3CA,610.23933693033,1016.71875927013,10599.7803068187,0.001,0.941026172513038,0.991654483831575,0.334413643642392,0.938955963416154,0.174386999283552,5.38432318506392,799.917777395487,989.99568692587,3,2,1,68,74,151.737751420566,1582.89314054204,252.797717763056,2637.51108395915,560.635973841575,74716.3200617404,,46065.1471211662
CSMD3,PLEC,811.23965509281,255.524863364807,0.001,0.001,0.946292276297789,0.934817405015926,0.88462724551823,3.17162282303701e-07,0.115673601686445,2.74187262849678e-06,799.917777398272,246.999598381877,4,2,0,68,74,251.808551933506,1885.15646792588,42.4837081419283,789.243595462976,,34254.5624232337,,7865.69166178223
CSMD3,POLE,808.475369143574,219.68199948065,0.001,0.001,0.958956173931341,0.967875317311094,0.928157613585387,1.74329647919993e-07,0.0569592484104993,3.06060302382534e-06,799.917777400406,212.586197804593,4,1,0,69,74,250.949295245931,1878.75251569411,12.5340544355335,967.471731152868,,63708.6098936399,,13929.8549682864
CSMD3,PREX2,815.278563479113,744.524730924581,0.001,0.001,0.927979592819575,0.914632456845029,0.848789058623471,2.34590922327995e-07,0.170773675615803,1.37369487119177e-06,799.917777400406,722.493784867174,4,3,0,67,74,253.058517858059,1894.58942087624,185.128101539495,1931.22068905659,,23549.4801575253,,17356.6266381904
CSMD3,PTPRT,,,,,,,,,,,,,4,0,0,70,74,,,,,,,,
CSMD3,RASA1,805.289902202145,315.362558474843,0.001,0.001,0.974026902136254,0.970500755964388,0.945297817350685,1.34735201421168e-07,0.0580854322359125,2.31960400800574e-06,799.917777400406,306.025946874233,4,1,0,69,74,249.968479340711,1871.23945852295,17.9933041749453,1388.81009527428,,102207.58749824,,22224.8497463797
CSMD3,ROBO2,805.294882316195,326.882245240742,0.001,0.001,0.974016021205736,0.96943842266006,0.944252543220772,1.31792478774879e-07,0.0582335097501769,2.2631725159667e-06,799.917777400063,316.857661590517,4,1,0,69,74,249.969789753326,1871.24939655523,18.6505389632194,1439.54256683777,,102180.605536885,,22111.934997654
CSMD3,ROS1,,,,,,,,,,,,,4,0,0,70,74,,,,,,,,
CSMD3,RYR1,878.30055830492,363.650330877224,0.001,0.001,0.937933640474525,0.929271778950923,0.871620605271032,2.59889582892442e-07,0.12461950475136,2.08546473853327e-06,864.071620798355,350.440387335635,4,2,0,62,68,272.613563185024,2041.14512793304,60.4583448359519,1123.3229229909,,32310.5134394502,,10254.0901772143
CSMD3,SACS,822.227758382059,546.374084535912,0.001,0.001,0.897546288312821,0.878659824483023,0.788694129868804,3.7799948116729e-07,0.228947483925562,1.65103138364338e-06,799.917777398967,528.754348066342,4,4,0,66,74,255.208083941967,1910.85418936664,169.584607256955,1269.80156054704,,15680.6418432663,,8729.72314162056
CSMD3,SF3B1,810.770864425096,891.049274439788,0.001,0.001,0.948489732263476,0.932187213503321,0.884185149283439,1.44978942440447e-07,0.11544798168712,1.25579451733821e-06,799.917777399432,860.127605371454,4,2,0,68,74,251.663971483931,1884.05287157101,148.146808767878,2752.17769199011,,35738.5902291748,,26281.3257749127
CSMD3,SMAD4,846.870237393626,2616.49194461921,0.001,0.001,0.799236005864572,0.76776180520163,0.613830389287709,3.48784129688973e-07,0.39495837177495,8.8309086378276e-07,799.917777396321,2516.73934833526,4,7,0,63,74,262.822856043935,1968.63654534986,1123.56456288509,5065.29780176632,,7355.38922440172,,20112.3993447094
CSMD3,SPHKAP,,,,,,,,,,,,,4,0,0,70,74,,,,,,,,
CSMD3,SPTA1,804.793051471033,225.500004248363,0.001,0.001,0.976414131812336,0.967623867939837,0.944805060560414,1.70882806149221e-07,0.0571655501552669,2.98926198882172e-06,799.917777398176,218.177744395214,4,1,0,69,74,249.816260334408,1870.08017018993,12.8660550577839,993.054705378204,,112879.284607425,,14182.0413405126
CSMD3,SYNE1,840.780216712225,328.778875251365,0.001,0.001,0.822239542666581,0.791983020469529,0.651356686001619,9.4365879549016e-07,0.398764800583341,2.36645459707003e-06,799.917777401,317.737630658479,4,7,0,63,74,260.944286978848,1954.28723576643,141.207910622672,636.309388294973,,8408.43967276396,,2893.15746519383
CSMD3,SYNE2,870.359538763868,525.890842777848,0.001,0.001,0.971968979405753,0.966024290471596,0.93895024176482,1.00716275610278e-07,0.062447328738648,1.61281959764511e-06,864.07162079543,507.970332335569,4,1,0,63,68,270.158826382822,2022.51777776473,30.0052217034091,2315.98986783477,,102158.235710043,,31517.9163644301
CSMD3,TENM1,,,,,,,,,,,,,4,0,0,70,74,,,,,,,,
CSMD3,TP53,558.616829231641,1700.80302752215,2557.82492262628,13566.9474564228,0.970756042251997,0.910560335727888,0.0934911749538319,2.99173939870827,1.00485375699946,2.97728836446981,799.917777396638,1835.80904332475,1,15,3,55,74,50.7236108777107,1729.79105054225,989.308829374753,2685.36753914428,,10693.474008055,,204561.33213644
CSMD3,TTN,777.18869232522,924.250526234179,6245.90952206867,9066.73809574258,0.957312460272908,0.934754972715742,0.299653892199196,1.11406293622846,0.190419966662813,5.85055735358464,864.071620798355,1105.30947628894,3,2,1,62,68,203.167949305488,1924.62063436107,162.773632510701,2685.85721729497,,71339.9530512177,,77634.8552919072
CSMD3,XIRP2,810.134294380817,506.289578317588,0.001,0.001,0.951420743692648,0.939566058642965,0.893936333183184,1.91568639792451e-07,0.11258356753398,1.70156839038372e-06,799.917777400406,490.657497142028,4,2,0,68,74,251.462708231821,1882.51971200351,84.1775986614195,1563.70777304729,,37941.5816592257,,16754.4389183728
CSMD3,ZFHX3,870.360534309763,220.435852583084,0.001,0.001,0.971950384106083,0.966163073546663,0.939067815215793,1.89922350086764e-07,0.0631759516392026,3.00624438823508e-06,864.07162079543,212.94898988174,4,1,0,63,68,270.160545849245,2022.53064881031,12.5770193669569,970.806146151903,,102011.890584732,,13358.6350962153
CSMD3,ZNF521,,,,,,,,,,,,,4,0,0,70,74,,,,,,,,
CSMD3,ZNF536,886.844431179427,632.813712313878,0.001,0.001,0.902841013938298,0.901717303863015,0.814156804146981,2.75268832291599e-07,0.187649108789919,1.4669338643104e-06,864.071620798355,611.09423095714,4,3,0,61,68,275.254655619863,2061.16183225769,157.342079065116,1641.63837723981,,18483.5881070716,,12660.7383569826
CTNNA2,CUBN,,,,,,,,,,,,,0,1,0,73,74,,,,,,,,
CTNNA2,DMXL1,,,,,,,,,,,,,0,0,0,74,74,,,,,,,,
CTNNA2,DMXL2,,,,,,,,,,,,,0,2,0,72,74,,,,,,,,
CTNNA2,DNAH5,,,,,,,,,,,,,0,1,0,67,68,,,,,,,,
CTNNA2,EPHA2,,,,,,,,,,,,,0,0,0,74,74,,,,,,,,
CTNNA2,ERBB2,,,,,,,,,,,,,0,4,0,70,74,,,,,,,,
CTNNA2,ERBB3,,,,,,,,,,,,,0,4,0,64,68,,,,,,,,
CTNNA2,ERBB4,,,,,,,,,,,,,0,1,0,73,74,,,,,,,,
CTNNA2,FAT2,,,,,,,,,,,,,0,0,0,74,74,,,,,,,,
CTNNA2,FBN2,,,,,,,,,,,,,0,0,0,74,74,,,,,,,,
CTNNA2,FBXW7,,,,,,,,,,,,,0,2,0,72,74,,,,,,,,
CTNNA2,FGFR2,,,,,,,,,,,,,0,0,0,74,74,,,,,,,,
CTNNA2,GLI3,,,,,,,,,,,,,0,2,0,72,74,,,,,,,,
CTNNA2,GNAS,,,,,,,,,,,,,0,1,0,73,74,,,,,,,,
CTNNA2,HMCN1,,,,,,,,,,,,,0,0,0,74,74,,,,,,,,
CTNNA2,HYDIN,,,,,,,,,,,,,0,4,0,64,68,,,,,,,,
CTNNA2,IDH2,,,,,,,,,,,,,0,1,0,73,74,,,,,,,,
CTNNA2,KMT2C,,,,,,,,,,,,,0,3,0,71,74,,,,,,,,
CTNNA2,KRAS,,,,,,,,,,,,,0,11,0,63,74,,,,,,,,
CTNNA2,LAMA1,,,,,,,,,,,,,0,3,0,71,74,,,,,,,,
CTNNA2,LAMA2,,,,,,,,,,,,,0,2,0,72,74,,,,,,,,
CTNNA2,LRP1B,,,,,,,,,,,,,0,2,0,72,74,,,,,,,,
CTNNA2,LRP2,,,,,,,,,,,,,0,0,0,74,74,,,,,,,,
CTNNA2,LRRIQ1,,,,,,,,,,,,,0,1,0,73,74,,,,,,,,
CTNNA2,MACF1,,,,,,,,,,,,,0,3,0,65,68,,,,,,,,
CTNNA2,MED12,,,,,,,,,,,,,0,1,0,73,74,,,,,,,,
CTNNA2,NF1,,,,,,,,,,,,,0,3,0,71,74,,,,,,,,
CTNNA2,NRAS,,,,,,,,,,,,,0,0,0,74,74,,,,,,,,
CTNNA2,PBRM1,,,,,,,,,,,,,0,2,0,72,74,,,,,,,,
CTNNA2,PEG3,,,,,,,,,,,,,0,2,0,72,74,,,,,,,,
CTNNA2,PIK3CA,,,,,,,,,,,,,0,3,0,71,74,,,,,,,,
CTNNA2,PLEC,,,,,,,,,,,,,0,2,0,72,74,,,,,,,,
CTNNA2,POLE,,,,,,,,,,,,,0,1,0,73,74,,,,,,,,
CTNNA2,PREX2,,,,,,,,,,,,,0,3,0,71,74,,,,,,,,
CTNNA2,PTPRT,,,,,,,,,,,,,0,0,0,74,74,,,,,,,,
CTNNA2,RASA1,,,,,,,,,,,,,0,1,0,73,74,,,,,,,,
CTNNA2,ROBO2,,,,,,,,,,,,,0,1,0,73,74,,,,,,,,
CTNNA2,ROS1,,,,,,,,,,,,,0,0,0,74,74,,,,,,,,
CTNNA2,RYR1,,,,,,,,,,,,,0,2,0,66,68,,,,,,,,
CTNNA2,SACS,,,,,,,,,,,,,0,4,0,70,74,,,,,,,,
CTNNA2,SF3B1,,,,,,,,,,,,,0,2,0,72,74,,,,,,,,
CTNNA2,SMAD4,,,,,,,,,,,,,0,7,0,67,74,,,,,,,,
CTNNA2,SPHKAP,,,,,,,,,,,,,0,0,0,74,74,,,,,,,,
CTNNA2,SPTA1,,,,,,,,,,,,,0,1,0,73,74,,,,,,,,
CTNNA2,SYNE1,,,,,,,,,,,,,0,7,0,67,74,,,,,,,,
CTNNA2,SYNE2,,,,,,,,,,,,,0,1,0,67,68,,,,,,,,
CTNNA2,TENM1,,,,,,,,,,,,,0,0,0,74,74,,,,,,,,
CTNNA2,TP53,,,,,,,,,,,,,0,18,0,56,74,,,,,,,,
CTNNA2,TTN,,,,,,,,,,,,,0,3,0,65,68,,,,,,,,
CTNNA2,XIRP2,,,,,,,,,,,,,0,2,0,72,74,,,,,,,,
CTNNA2,ZFHX3,,,,,,,,,,,,,0,1,0,67,68,,,,,,,,
CTNNA2,ZNF521,,,,,,,,,,,,,0,0,0,74,74,,,,,,,,
CTNNA2,ZNF536,,,,,,,,,,,,,0,3,0,65,68,,,,,,,,
CUBN,DMXL1,,,,,,,,,,,,,1,0,0,73,74,,,,,,,,
CUBN,DMXL2,193.241715742384,737.852890382922,0.001,0.001,0.983711606657686,0.987087996681315,0.9710109068849,1.05968682302584e-07,0.0314266692071887,3.37193488765726e-06,190.084039983831,733.030412749743,1,2,0,71,74,11.0257938726523,850.932396033069,122.684132698558,2278.65629057286,,28354.9043943065,,191158.206200231
CUBN,DNAH5,205.166273080025,206.153005200694,0.001,0.001,0.994778149110133,0.995612657632909,0.990413797298861,8.92967509844001e-08,0.0180555076670653,4.94567932572091e-06,204.092214682683,205.246198294797,1,1,0,66,68,11.7064393532967,903.383148177516,11.7627798198636,907.717000582668,,132630.02653215,,158748.436834044
CUBN,EPHA2,,,,,,,,,,,,,1,0,0,73,74,,,,,,,,
CUBN,ERBB2,196.22187577959,1716.5464671109,0.001,0.001,0.96879827881395,0.981634404970464,0.951008159340033,1.82367550158324e-07,0.061027086658201,2.98830503215276e-06,190.084039983831,1708.44525394812,1,4,0,69,74,11.1956473604964,864.115794264278,532.844337453472,3988.45897809231,,12851.3999210968,,311137.89577442
CUBN,ERBB3,211.002767686728,3377.43203198263,0.001,0.001,0.967366831129257,0.965659188833635,0.934151887246527,1.7104382345895e-07,0.0641887675734768,2.66470022598823e-06,204.092214685025,3347.56672364925,1,4,0,63,68,12.0389076215119,929.236507060549,1048.36613301945,7848.2857363326,,13293.7468430038,,321138.479557594
CUBN,ERBB4,191.471339156004,236.140137094225,0.001,0.001,0.992780217673905,0.994349961204464,0.987171147546913,7.67299845332199e-08,0.0159172992698774,4.82054042160451e-06,190.08403998389,234.801311059853,1,1,0,72,74,10.9249208806131,843.086154715781,13.4737538388503,1039.7865199514,,89147.6022419245,,140946.081516152
CUBN,FAT2,,,,,,,,,,,,,1,0,0,73,74,,,,,,,,
CUBN,FBN2,,,,,,,,,,,,,1,0,0,73,74,,,,,,,,
CUBN,FBXW7,192.366687198693,964.450326833727,0.001,0.001,0.976201178757591,0.989611376510494,0.977904488519609,1.00530513412554e-07,0.0314045216490566,3.20114773713082e-06,190.084039983831,959.382208997649,1,2,0,71,74,10.9759915561567,847.041967496623,160.361661879141,2978.23929822909,,38578.838725324,,311583.553427534
CUBN,FGFR2,,,,,,,,,,,,,1,0,0,73,74,,,,,,,,
CUBN,GLI3,192.591045024703,237.437159769628,0.001,0.001,0.987014383437986,0.99045907607253,0.977597858787367,1.54323582433023e-07,0.0319353885016471,4.83236903240002e-06,190.08403998389,236.292841494956,1,2,0,71,74,10.9888234508034,848.038795687297,39.4796780163518,733.225245948655,,34629.6414563433,,83617.3393295402
CUBN,GNAS,191.962999775699,365.902705298383,0.001,0.001,0.990234001635659,0.996723634849194,0.986989801530917,6.5930674383527e-08,0.0162802739925692,4.04972756684684e-06,190.084039983831,364.69091774081,1,1,0,72,74,10.9529694003185,845.277590238657,20.8776183152727,1611.18379018814,,65743.6810814257,,378014.459677031
CUBN,HMCN1,,,,,,,,,,,,,1,0,0,73,74,,,,,,,,
CUBN,HYDIN,211.021967821264,910.041606118247,0.001,0.001,0.967245427878292,0.981311940216184,0.949172519022501,2.22527390250854e-07,0.0719755219714989,3.09170929443168e-06,204.092214682869,905.655689619897,1,4,0,63,68,12.0400384174635,929.31208831272,282.480034956182,2114.72211869056,,13151.233078576,,162018.775164346
CUBN,IDH2,191.183452876732,2502.67625349941,0.001,0.001,0.99425995175844,0.997886224523258,0.99215836319088,3.59941615254641e-08,0.0126228435685032,2.85150975135884e-06,190.08403998389,2497.33029491362,1,1,0,72,74,10.9085886167402,841.813895014387,142.79767070785,11019.6721073767,,112208.584340648,,4014822.25187521
CUBN,KMT2C,194.142905887772,582.269801912046,0.001,0.001,0.979172859921295,0.97093422288364,0.950715346052662,1.60082771949802e-07,0.0447014688570485,3.581152388118e-06,190.084039983799,576.506898672438,1,3,0,70,74,11.0772361039173,854.908444773657,144.785087357806,1510.29341411851,,20077.9114790435,,65757.9200398399
CUBN,KRAS,210.364492545568,15978.0842654967,0.001,0.001,0.903814884467365,0.970227207786325,0.876917423182635,4.05993129379278e-07,0.147267127439407,2.75684829627932e-06,190.084039983492,15930.2202228255,1,11,0,62,74,12.0009632919149,926.849191627455,8292.30213473592,27386.8990048109,,3917.61865902337,,1766410.99214364
CUBN,LAMA1,195.29769392194,391.595644731332,0.001,0.001,0.973376173459995,0.986503663258198,0.960241032265442,1.91254495258714e-07,0.0476849902781287,4.0107902747426e-06,190.084039983831,389.785987711587,1,3,0,70,74,11.1428935970603,860.051142953775,97.3745058777562,1015.68613000627,,15843.4571301727,,97093.9836174259
CUBN,LAMA2,193.240367137486,548.757971154394,0.001,0.001,0.983704876285628,0.992567450358914,0.976394038021582,1.1424256502867e-07,0.0316978687143321,3.60410871968233e-06,190.084039983831,546.684089633947,1,2,0,71,74,11.0257577753736,850.92960824945,91.2429050958039,1694.67425639768,,28337.5020928326,,248757.902689114
CUBN,LRP1B,191.973571658586,252.195732901554,0.001,0.001,0.990186762240799,0.986556046856784,0.976875225594944,1.4232944908852e-07,0.0302541079333538,4.70446689097742e-06,190.08403998389,250.48570060586,1,2,0,71,74,10.9536924550764,845.306300607931,41.9336789610167,778.795837651482,,46494.693480877,,62708.5534061165
CUBN,LRP2,,,,,,,,,,,,,1,0,0,73,74,,,,,,,,
CUBN,LRRIQ1,190.90249922052,609.143796769411,0.001,0.001,0.995720139275839,0.997392827566127,0.993124162842116,5.47974738900753e-08,0.0157192633422426,3.48600775348151e-06,190.08403998389,607.551723212913,1,1,0,72,74,10.8925997753894,840.571034623812,34.7569694062298,2682.11942105988,,150793.531658537,,791666.780544953
CUBN,MACF1,208.900398636245,731.28398349243,0.001,0.001,0.977030707440913,0.991729811493556,0.96895129447898,1.69097128209506e-07,0.0527520423923429,3.20550865029731e-06,204.092214682975,729.218775331153,1,3,0,64,68,11.9191944122431,919.913600592558,181.851549543897,1896.50930497037,,19500.2998806534,,297753.887826825
CUBN,MED12,191.647931532269,299.050910681644,0.001,0.001,0.991856263865291,0.99607018255468,0.987958601025585,6.93741621427858e-08,0.0159104277127746,4.36029523499766e-06,190.084039983653,297.867235811976,1,1,0,72,74,10.9350648483609,843.877778011652,17.0632303893156,1316.79305244566,,78957.7500296406,,257316.232051943
CUBN,NF1,193.174471840536,816.856474529484,0.001,0.001,0.98404496085134,0.984996494800332,0.969281809059239,1.5228294445585e-07,0.0460372467606245,3.30782041001847e-06,190.084039983795,812.710687779919,1,3,0,70,74,11.0220954247784,850.613475215026,203.130659563341,2118.45908137369,,26397.3423909991,,181856.595154654
CUBN,NRAS,,,,,,,,,,,,,1,0,0,73,74,,,,,,,,
CUBN,PBRM1,0.001,614.932617467434,26831.4238433365,10457.7812454384,1,0.999999020596107,0.0165611528641126,1.14753103525828,0.0316246735231318,36.2859409258066,190.08403998389,615.154863545168,0,1,1,72,74,,430.249341131037,102.249271330846,1898.86678252742,1316.00379340274,442853.349868531,,
CUBN,PEG3,192.93806092745,579.612362541361,0.001,0.001,0.985245802671492,0.990332583877402,0.97572164112349,1.14614411220095e-07,0.0322147311965218,3.55782609269358e-06,190.084039983831,576.777933243652,1,2,0,71,74,11.008555558389,849.583636685651,96.3743067129473,1789.90964428558,,31160.8207781217,,201415.671089729
CUBN,PIK3CA,0.001,990.840140780329,10295.3097709347,4503.83157161487,0.698878488395211,0.999998542143623,0.040095415577539,0.935387103525524,0.0453262640714211,20.636757136031,190.084039983653,989.995686924205,0,2,1,71,74,,405.933059918656,246.39105277883,2569.76900351037,537.456149267032,78206.2902073947,,
CUBN,PLEC,192.411958390859,248.051956480666,0.001,0.001,0.987924851578232,0.991589933443637,0.979616749762668,1.50511224845311e-07,0.0317920385358853,4.73424265246221e-06,190.084039983831,246.99959838073,1,2,0,71,74,10.9786719040413,847.247577656593,41.2449279829232,766.005498832594,,37151.5357895493,,99249.2636974794
CUBN,POLE,192.734332323322,214.565946646007,0.001,0.001,0.98629700796076,0.99082927052082,0.977252574768632,7.4934038667672e-08,0.0147886353203297,5.06700158902839e-06,190.084039983653,212.586197803358,1,1,0,72,74,10.9968199649512,848.72000417766,12.2425712132405,944.835642477818,,46764.6301741696,,78468.6010677326
CUBN,PREX2,193.437056844688,725.877820779951,0.001,0.001,0.982713099695868,0.986244145644414,0.969196047202388,1.55487463392515e-07,0.0459077696209551,3.38695311657094e-06,190.084039983831,722.493784870315,1,3,0,70,74,11.0370109451347,851.780824028489,180.506589828362,1882.49612113438,,24671.6748941672,,176528.817223482
CUBN,PTPRT,,,,,,,,,,,,,1,0,0,73,74,,,,,,,,
CUBN,RASA1,191.647186282642,306.973172493296,0.001,0.001,0.991860093806622,0.996938328072647,0.988823449762477,7.01153503842103e-08,0.0162523501300134,4.31416686345733e-06,190.084039983653,306.025946873843,1,1,0,72,74,10.9350052035132,843.873175021894,17.5153277854999,1351.65383434115,,79037.1929034419,,339485.928819814
CUBN,ROBO2,191.371495570909,317.96118292486,0.001,0.001,0.993286777310666,0.996545954074855,0.989856014586621,6.90552388279454e-08,0.0162260583203851,4.25582340852244e-06,190.084039983653,316.857661590069,1,1,0,72,74,10.9193044936639,842.648365196251,18.1423562786296,1400.03788124942,,95925.1512441951,,311504.395530777
CUBN,ROS1,,,,,,,,,,,,,1,0,0,73,74,,,,,,,,
CUBN,RYR1,207.087006753087,352.07926061542,0.001,0.001,0.985588852201252,0.990819165065859,0.976541028203105,1.35450774409185e-07,0.0343035981369911,3.94858795477558e-06,204.092214682869,350.440387335635,1,2,0,65,68,11.8157098985215,911.881970885367,58.5405803947485,1087.31175182891,,35175.8645627551,,128894.430633545
CUBN,SACS,195.421519972708,532.184032416566,0.001,0.001,0.972765801140989,0.974826150465435,0.948280313859664,2.25606224358438e-07,0.0614160395336149,3.67340886959923e-06,190.084039983653,528.754348063775,1,4,0,69,74,11.1501185942257,860.559560043062,165.199586472759,1236.5459721035,,14717.7668586287,,69805.2895878358
CUBN,SF3B1,192.070787912815,868.834326738021,0.001,0.001,0.989701512084266,0.980167420583221,0.970073909527525,1.00084710036351e-07,0.0305815857787044,3.27271158404237e-06,190.084039983653,860.127605371454,1,2,0,71,74,10.9591936569977,845.7327075883,144.462465118637,2683.10453732743,,43841.0624453503,,145215.184824665
CUBN,SMAD4,0.001,2520.50432049408,4093.13356224227,1344.51397610084,0.592297914800866,0.999992314136629,0.0927985463795418,0.979956268552294,0.0994083718054469,9.85788471085892,190.084039983898,2516.73934829378,0,6,1,67,74,,392.634773986586,1082.67849963464,4877.04960669349,227.26295154213,20300.9864942294,,
CUBN,SPHKAP,,,,,,,,,,,,,1,0,0,73,74,,,,,,,,
CUBN,SPTA1,191.085325228515,219.81524888474,0.001,0.001,0.994777627669657,0.992570237542084,0.987386809249804,7.5573679066479e-08,0.0151675393727133,4.98259323476276e-06,190.08403998389,218.177744395298,1,1,0,72,74,10.9030178126506,841.380514257097,12.5422280535909,967.898185841721,,123470.746557944,,99497.2760595822
CUBN,SYNE1,199.181836598928,319.773848532319,0.001,0.001,0.954458247237232,0.957391443878472,0.913798402007227,4.67813336429979e-07,0.106317281471278,4.40016270126657e-06,190.084039983898,317.737630658425,1,7,0,66,74,11.3643801880224,877.198642207693,137.366006535395,618.691790491925,,8462.09772265888,,24323.0047326313
CUBN,SYNE2,205.896572052333,511.608358919596,0.001,0.001,0.991263341549255,0.992931560748037,0.984256898633886,5.87390678189262e-08,0.0168650136160206,3.48289477591219e-06,204.092214682975,507.970332335513,1,1,0,66,68,11.7480159968524,906.624425688454,29.1909189290105,2252.69239644313,,79081.9936305621,,243506.83398668
CUBN,TENM1,,,,,,,,,,,,,1,0,0,73,74,,,,,,,,
CUBN,TP53,223.463712813375,1851.85265385647,0.001,0.001,0.851090353666726,0.866438070061506,0.737504889669007,8.03330063914309e-07,0.256642535253397,3.13015168401894e-06,190.084039983951,1835.80904330617,1,18,0,55,74,12.7470814697567,984.89441516295,1120.87877153683,2850.15441342021,,2493.78926277325,,40560.4962755806
CUBN,TTN,209.499044381889,1109.32226480748,0.001,0.001,0.974256391224512,0.98949331465564,0.964021713776498,1.57182385518775e-07,0.0529549326574831,2.96822935335305e-06,204.092214682869,1105.30947628894,1,3,0,64,68,11.9531981150188,922.591788798849,275.842584693975,2877.31284047834,,17728.4942203391,,354559.137489148
CUBN,XIRP2,192.319622905546,494.510705729299,0.001,0.001,0.988415921050528,0.984569336647475,0.973164727372908,1.07042184864167e-07,0.0288443843417229,3.71102338659843e-06,190.084039983728,490.657497140541,1,2,0,71,74,10.973359724074,846.836429843116,82.2235895641617,1527.12344046583,,39288.2742751578,,106849.073761646
CUBN,ZFHX3,205.897246626223,214.14250751219,0.001,0.001,0.991257695513582,0.994455166143827,0.985761557715847,8.46089006642861e-08,0.0173915988658096,4.86492940166761e-06,204.092214682975,212.948989881774,1,1,0,66,68,11.7480474777651,906.62685485709,12.2185430034739,942.922839024159,,78971.9934228152,,130241.51602558
CUBN,ZNF521,,,,,,,,,,,,,1,0,0,73,74,,,,,,,,
CUBN,ZNF536,208.775627625464,614.82107132678,0.001,0.001,0.977630198153787,0.982158175219351,0.960189318600718,1.70057700861308e-07,0.0508472048320921,3.34448474449821e-06,204.092214682975,611.094230961509,1,3,0,64,68,11.9121092700515,919.352558990638,152.885862553825,1594.5769634865,,19844.677550342,,114681.345446097
DMXL1,DMXL2,,,,,,,,,,,,,0,2,0,72,74,,,,,,,,
DMXL1,DNAH5,,,,,,,,,,,,,0,1,0,67,68,,,,,,,,
DMXL1,EPHA2,,,,,,,,,,,,,0,0,0,74,74,,,,,,,,
DMXL1,ERBB2,,,,,,,,,,,,,0,4,0,70,74,,,,,,,,
DMXL1,ERBB3,,,,,,,,,,,,,0,4,0,64,68,,,,,,,,
DMXL1,ERBB4,,,,,,,,,,,,,0,1,0,73,74,,,,,,,,
DMXL1,FAT2,,,,,,,,,,,,,0,0,0,74,74,,,,,,,,
DMXL1,FBN2,,,,,,,,,,,,,0,0,0,74,74,,,,,,,,
DMXL1,FBXW7,,,,,,,,,,,,,0,2,0,72,74,,,,,,,,
DMXL1,FGFR2,,,,,,,,,,,,,0,0,0,74,74,,,,,,,,
DMXL1,GLI3,,,,,,,,,,,,,0,2,0,72,74,,,,,,,,
DMXL1,GNAS,,,,,,,,,,,,,0,1,0,73,74,,,,,,,,
DMXL1,HMCN1,,,,,,,,,,,,,0,0,0,74,74,,,,,,,,
DMXL1,HYDIN,,,,,,,,,,,,,0,4,0,64,68,,,,,,,,
DMXL1,IDH2,,,,,,,,,,,,,0,1,0,73,74,,,,,,,,
DMXL1,KMT2C,,,,,,,,,,,,,0,3,0,71,74,,,,,,,,
DMXL1,KRAS,,,,,,,,,,,,,0,11,0,63,74,,,,,,,,
DMXL1,LAMA1,,,,,,,,,,,,,0,3,0,71,74,,,,,,,,
DMXL1,LAMA2,,,,,,,,,,,,,0,2,0,72,74,,,,,,,,
DMXL1,LRP1B,,,,,,,,,,,,,0,2,0,72,74,,,,,,,,
DMXL1,LRP2,,,,,,,,,,,,,0,0,0,74,74,,,,,,,,
DMXL1,LRRIQ1,,,,,,,,,,,,,0,1,0,73,74,,,,,,,,
DMXL1,MACF1,,,,,,,,,,,,,0,3,0,65,68,,,,,,,,
DMXL1,MED12,,,,,,,,,,,,,0,1,0,73,74,,,,,,,,
DMXL1,NF1,,,,,,,,,,,,,0,3,0,71,74,,,,,,,,
DMXL1,NRAS,,,,,,,,,,,,,0,0,0,74,74,,,,,,,,
DMXL1,PBRM1,,,,,,,,,,,,,0,2,0,72,74,,,,,,,,
DMXL1,PEG3,,,,,,,,,,,,,0,2,0,72,74,,,,,,,,
DMXL1,PIK3CA,,,,,,,,,,,,,0,3,0,71,74,,,,,,,,
DMXL1,PLEC,,,,,,,,,,,,,0,2,0,72,74,,,,,,,,
DMXL1,POLE,,,,,,,,,,,,,0,1,0,73,74,,,,,,,,
DMXL1,PREX2,,,,,,,,,,,,,0,3,0,71,74,,,,,,,,
DMXL1,PTPRT,,,,,,,,,,,,,0,0,0,74,74,,,,,,,,
DMXL1,RASA1,,,,,,,,,,,,,0,1,0,73,74,,,,,,,,
DMXL1,ROBO2,,,,,,,,,,,,,0,1,0,73,74,,,,,,,,
DMXL1,ROS1,,,,,,,,,,,,,0,0,0,74,74,,,,,,,,
DMXL1,RYR1,,,,,,,,,,,,,0,2,0,66,68,,,,,,,,
DMXL1,SACS,,,,,,,,,,,,,0,4,0,70,74,,,,,,,,
DMXL1,SF3B1,,,,,,,,,,,,,0,2,0,72,74,,,,,,,,
DMXL1,SMAD4,,,,,,,,,,,,,0,7,0,67,74,,,,,,,,
DMXL1,SPHKAP,,,,,,,,,,,,,0,0,0,74,74,,,,,,,,
DMXL1,SPTA1,,,,,,,,,,,,,0,1,0,73,74,,,,,,,,
DMXL1,SYNE1,,,,,,,,,,,,,0,7,0,67,74,,,,,,,,
DMXL1,SYNE2,,,,,,,,,,,,,0,1,0,67,68,,,,,,,,
DMXL1,TENM1,,,,,,,,,,,,,0,0,0,74,74,,,,,,,,
DMXL1,TP53,,,,,,,,,,,,,0,18,0,56,74,,,,,,,,
DMXL1,TTN,,,,,,,,,,,,,0,3,0,65,68,,,,,,,,
DMXL1,XIRP2,,,,,,,,,,,,,0,2,0,72,74,,,,,,,,
DMXL1,ZFHX3,,,,,,,,,,,,,0,1,0,67,68,,,,,,,,
DMXL1,ZNF521,,,,,,,,,,,,,0,0,0,74,74,,,,,,,,
DMXL1,ZNF536,,,,,,,,,,,,,0,3,0,65,68,,,,,,,,
DMXL2,DNAH5,788.926673281354,209.171829872267,0.001,0.001,0.989097936805442,0.981281964804203,0.970584921806551,1.10576116276752e-07,0.0353064431253916,3.1318962344646e-06,784.568556386591,205.246198297335,2,1,0,65,68,131.177131487469,2436.41697474399,11.9346927926661,921.110167415653,,242789.156589159,,26900.9403943466
DMXL2,EPHA2,,,,,,,,,,,,,2,0,0,72,74,,,,,,,,
DMXL2,ERBB2,556.676266115283,1511.21075800851,8537.14947096588,26818.0786669951,0.957431042021511,0.948397246153434,0.179793860489407,1.09493056471598,0.12203713353588,8.97210982421232,733.030412740511,1708.44525393125,1,3,1,69,74,37.3220499811924,2089.66265211772,392.567985791378,3756.98699678397,,76710.6436544339,,559825.252671428
DMXL2,ERBB3,811.352690859708,3401.31791838874,0.001,0.001,0.935653770694324,0.939335437859849,0.878914072128156,1.03705248638564e-07,0.127095843109462,8.15960979536103e-07,784.568556380486,3347.56672364534,2,4,0,62,68,134.890556102817,2506.09652659904,1055.74335237951,7904.0899135198,,25376.3613072664,,127355.838225051
DMXL2,ERBB4,738.318098912661,238.605753220026,0.001,0.001,0.985853658961877,0.984114900596338,0.970194483157525,9.02805197167296e-08,0.031520117789154,2.86421898295681e-06,733.030412749743,234.801311062041,2,1,0,71,74,122.760832800134,2280.10001350652,13.614138404569,1050.70707613906,,174168.996431469,,35952.016312442
DMXL2,FAT2,,,,,,,,,,,,,2,0,0,72,74,,,,,,,,
DMXL2,FBN2,,,,,,,,,,,,,2,0,0,72,74,,,,,,,,
DMXL2,FBXW7,742.533884024272,975.054290294577,0.001,0.001,0.942266929918903,0.968318009184701,0.943911031738486,7.75210893132119e-08,0.0627183856777158,1.23601856896574e-06,733.030412740511,959.382209006246,2,2,0,70,74,123.461388912049,2293.19177527935,162.120839303057,3011.25499960178,,68700.1441582122,,72394.3179060413
DMXL2,FGFR2,,,,,,,,,,,,,2,0,0,72,74,,,,,,,,
DMXL2,GLI3,742.481073146711,240.078263486516,0.001,0.001,0.97491395338927,0.968795290706969,0.9444959874178,1.81759761999981e-07,0.0633024066155212,2.87129307901249e-06,733.030412749743,236.292841495579,2,2,0,70,74,123.453357464986,2293.03594668412,39.9200280983354,741.488257154681,,68611.8255979545,,18094.1400304109
DMXL2,GNAS,740.190076426936,370.918910935738,0.001,0.001,0.980905921027884,0.983300905013114,0.964527681868389,6.7577724092386e-08,0.0322150918972687,2.0977039056069e-06,733.030412749743,364.69091774081,2,1,0,71,74,123.07064758551,2285.94932016708,21.1633272781609,1633.41417100502,,128387.901353763,,53167.1731683781
DMXL2,HMCN1,,,,,,,,,,,,,2,0,0,72,74,,,,,,,,
DMXL2,HYDIN,402.77368390693,917.01171302382,14194.4092536717,0.001,0.83503343138171,0.977591002036608,0.213676803685212,1.05834943923208,0.142083164502387,7.44880255826716,784.568556388831,905.655689615946,1,3,1,63,68,22.9804486893105,1773.83405062148,284.622774500786,2131.2097517207,767.092804464903,83297.3682247325,,121630.710708407
DMXL2,IDH2,737.119600683634,2537.26590320116,0.001,0.001,0.98903349157929,0.984305505221485,0.973512001504485,2.25092022269544e-08,0.0249844579745903,9.00928179024201e-07,733.030412749743,2497.33029488685,2,1,0,71,74,122.56253939637,2276.37099756451,144.770037849513,11172.8724616088,,225220.385776927,,375014.398268564
DMXL2,KMT2C,749.452542419051,584.611032339884,0.001,0.001,0.956984581424204,0.95953345280911,0.918268494430842,1.4315632045547e-07,0.0894754339428559,1.59995111671543e-06,733.030412740511,576.506898671447,2,3,0,69,74,124.607860733473,2314.68330362277,145.366432365494,1516.36271946726,,36805.6658417058,,33223.4116468067
DMXL2,KRAS,802.626064803553,14612.9587896428,0.001,131002.341256056,0.99148536479891,0.943072562665761,0.543284039134935,0.894176868605082,0.290735804790655,3.07556501081432,733.030412749743,15930.2202237554,1,10,1,62,74,133.42630667181,2480.31066613545,7318.21531636649,25651.2137797509,,14538.472209694,6483.05353842007,2042890.2654998
DMXL2,LAMA1,751.547922163785,396.502632939528,0.001,0.001,0.951759820335987,0.950758401851049,0.90490814319591,1.93355058784785e-07,0.0947868470493649,2.03989334811492e-06,733.030412749743,389.785987712143,2,3,0,69,74,124.953942960747,2321.26460810099,98.5892225221613,1028.53090466855,,33249.8734371847,,18777.5528995287
DMXL2,LAMA2,0.001,546.684453462383,202396677.910684,399619234.786366,0.881172743624676,1,0.000117135958183125,1.99983762216421,0.0637388895269368,31.3754700937966,733.030412749743,546.684089636808,0,0,2,72,74,,1485.02330831981,90.8979357926089,1688.2546002478,26695.0550363773,,,
DMXL2,LRP1B,740.575635037841,254.471625144682,0.001,0.001,0.979933630695928,0.969044020456074,0.949601698093549,1.64621890026868e-07,0.0600705011616774,2.74047805234378e-06,733.030412749743,250.48570060586,2,2,0,70,74,123.136337416215,2287.08209265145,42.3119063786407,785.887970228079,,86418.9602126463,,19223.9600459752
DMXL2,LRP2,,,,,,,,,,,,,2,0,0,72,74,,,,,,,,
DMXL2,LRRIQ1,736.051667635111,618.398891444403,0.001,0.001,0.991920129961573,0.9825003832258,0.97456253296814,4.74319168013507e-08,0.0309025626513124,1.5348861949265e-06,733.030412749743,607.551723215317,2,1,0,71,74,122.385176296491,2273.04521598309,35.2840716218035,2723.12698649452,,306766.974649466,,84139.2906856838
DMXL2,MACF1,398.997135516146,738.710099643341,21331.7663873747,0.001,0.796391801318304,0.982732603885804,0.150237811552285,1.05262589201974,0.104458093270416,10.0770161417245,784.568556380486,729.218775329286,1,2,1,64,68,22.7647404961646,1757.05951921481,183.689553615259,1916.02959492495,1120.80162764936,157558.290657031,,124436.76049639
DMXL2,MED12,737.856873793757,303.018750535275,0.001,0.001,0.98708472745424,0.983063387309894,0.970368105245213,7.56533361922097e-08,0.0314517246008866,2.40537958258979e-06,733.030412749743,297.867235811976,2,1,0,71,74,122.684466721755,2278.66233761678,17.2892575509777,1334.37664434223,,190873.266636927,,42317.7270529505
DMXL2,NF1,370.934766700116,820.498510243474,27403.2519444916,0.001,0.730531005611975,0.987066372674185,0.111705394445102,1.18638235559143,0.0913514547924372,12.9870110803057,733.030412749743,812.710687788407,1,2,1,70,74,21.1641757512383,1633.40943961,204.028231144003,2127.97712776115,1431.50828722959,205322.917574232,,170084.295231219
DMXL2,NRAS,,,,,,,,,,,,,2,0,0,72,74,,,,,,,,
DMXL2,PBRM1,742.014010017921,625.221155024812,0.001,0.001,0.976164415772541,0.968232065094318,0.945157073913639,9.61037376432522e-08,0.0626186578896507,1.53474604665929e-06,733.030412749743,615.15486354303,2,2,0,70,74,123.374534788914,2291.55233114717,103.955708023901,1930.8477377292,,72127.3570870128,,46555.6534921667
DMXL2,PEG3,744.099465091507,586.852428074653,0.001,0.001,0.970745509656694,0.966217653524978,0.937956730813864,1.00986538363428e-07,0.0633607548736442,1.593834204861e-06,733.030412749743,576.777933242145,2,2,0,70,74,123.719637478794,2298.06897789283,97.5739812291675,1812.4557691904,,59802.1060938143,,41354.5753855366
DMXL2,PIK3CA,751.23640827962,1003.84570441111,0.001,0.001,0.914003779233564,0.959744821372103,0.914142822641248,1.10838910008515e-07,0.0903906555585786,1.22622088891351e-06,733.030412749743,989.995686927071,2,3,0,69,74,124.903101041835,2320.25612889451,249.61090286819,2603.81610045592,,33251.4486909465,,57841.7679345006
DMXL2,PLEC,742.428616616015,251.181571019755,0.001,0.001,0.975082541810008,0.967189194993339,0.943093388748498,1.73774594854417e-07,0.0625793690372223,2.77686716130129e-06,733.030412749743,246.999598381489,2,2,0,70,74,123.443179751618,2292.84410820045,41.7635088881925,775.73903617215,,69057.1857026128,,17908.4820098851
DMXL2,POLE,743.858220488304,215.576404336894,0.001,0.001,0.971312285898323,0.986237454698474,0.957946871375337,9.13558928818114e-08,0.0294367763636319,3.1034611858749e-06,733.030412749743,212.586197803414,2,1,0,71,74,123.676392177512,2297.46968577214,12.3001724518473,949.290956822311,,84811.9093875089,,36641.3566693142
DMXL2,PREX2,745.622229666872,734.319410965248,0.001,0.001,0.966854366790588,0.952905155432472,0.921328553916219,1.29895972550247e-07,0.0916228631947839,1.4177244414868e-06,733.030412749743,722.493784877277,2,3,0,69,74,123.972946453034,2302.76586986916,182.597657622409,1904.58093173635,,49156.2791778049,,36292.4123461684
DMXL2,PTPRT,,,,,,,,,,,,,2,0,0,72,74,,,,,,,,
DMXL2,RASA1,737.855730349158,311.340693839561,0.001,0.001,0.98709078355813,0.982989796132328,0.970301340038036,7.58765812351042e-08,0.032136416258613,2.36107786955766e-06,733.030412749743,306.025946873827,2,1,0,71,74,122.684301729696,2278.65927024753,17.7641047521274,1371.01412945279,,191066.725243634,,44092.8719016449
DMXL2,ROBO2,737.621128155908,322.324654624284,0.001,0.001,0.987721947790807,0.983093565123369,0.971024163576973,7.37964144996266e-08,0.0320374367550902,2.30344315819528e-06,733.030412749743,316.857661590069,2,1,0,71,74,122.644970474896,2277.91961771831,18.3908754769768,1419.37496773369,,201023.805288282,,45624.5177500056
DMXL2,ROS1,,,,,,,,,,,,,2,0,0,72,74,,,,,,,,
DMXL2,RYR1,796.373112126277,356.997603752077,0.001,0.001,0.970875451281691,0.963911346451853,0.935844392192038,1.44868788532967e-07,0.0681714216760756,2.12506626635027e-06,784.568556384695,350.440387336191,2,2,0,64,68,132.41006552665,2459.55487803788,59.3554639671135,1102.62569702142,,65406.6427206907,,23042.2982556572
DMXL2,SACS,752.788415837552,537.292162687602,0.001,0.001,0.948659818598747,0.938715476790622,0.890537133186498,2.06188329274909e-07,0.121766267253359,1.69331239205923e-06,733.030412749743,528.754348066246,2,4,0,68,74,125.161709463794,2325.00701871054,166.779009163681,1248.53101213585,,29670.4408863667,,20084.9032119374
DMXL2,SF3B1,741.720517951139,872.203043141098,0.001,0.001,0.976917856844185,0.972615812526767,0.950168612274718,7.91235921432983e-08,0.0611124328613257,1.29472168654851e-06,733.030412749743,860.127605371454,2,2,0,70,74,123.325028500759,2290.6237506468,145.025580039016,2693.57075229686,,74679.7495720245,,74563.3021631666
DMXL2,SMAD4,769.186740261759,2172.65857482785,0.001,41359.3376815932,0.981770755335815,0.85841436856065,0.306045459211275,1.04831784297392,0.200065910240323,5.23986241191547,733.030412749743,2516.73934832723,1,6,1,66,74,127.8803183625,2376.03719653276,863.248946963138,4405.1653285474,,25822.2098560945,2035.99136122239,671574.388690894
DMXL2,SPHKAP,,,,,,,,,,,,,2,0,0,72,74,,,,,,,,
DMXL2,SPTA1,731.787567356252,0.001,5624.82373323211,23089.486106615,0.999996729207469,1,0.0224634695487683,0.982520831539894,0.0301219470709508,32.6181049726172,733.030412749743,218.177744395084,1,0,1,72,74,121.677453775654,2259.8111221622,,464.312988525753,,,1113.64347706666,418932.781327272
DMXL2,SYNE1,0.001,317.966841288493,20621.5436629808,34721.8258943185,0.721802721770617,0.99999613297552,0.00563634401520822,2.28943931792987,0.213045706884625,10.7462354037001,733.030412749743,317.737630658712,0,5,2,67,74,,1425.92707317412,136.597907096528,615.135170723771,3223.3029275636,77937.008158045,,
DMXL2,SYNE2,790.094571130777,516.362480158471,0.001,0.001,0.986190864892439,0.983797908786168,0.970213615514288,5.52990852709795e-08,0.033415223549023,1.65490693754752e-06,784.568556392101,507.97033233548,2,1,0,65,68,131.369108247999,2440.02714902356,29.4622512466381,2273.78399106572,,191139.344396697,,75030.5885216064
DMXL2,TENM1,,,,,,,,,,,,,2,0,0,72,74,,,,,,,,
DMXL2,TP53,851.253745517871,1748.85457838725,0.001,9591.03369552105,0.986953598249885,0.922831544650231,0.725504529036509,1.02252245136845,0.511724446745578,1.99818956837299,733.030412748177,1835.80904331323,1,17,1,55,74,141.482691699449,2631.46758488818,1042.09681001678,2722.52571347286,,8971.15272180178,476.346081525578,141521.585140251
DMXL2,TTN,806.240404877258,1126.95346355843,0.001,0.001,0.947492786451171,0.944356396296454,0.894790031269429,1.19689313445547e-07,0.105446398292606,1.13507256182821e-06,784.568556384695,1105.30947629204,2,3,0,63,68,134.044385334593,2490.30847394096,280.204566149813,2923.53635979865,,32736.0007939903,,47632.5847608966
DMXL2,XIRP2,741.808208042167,497.741616396804,0.001,0.001,0.976673810597726,0.971907435739779,0.949239716927967,1.00924241817034e-07,0.0579528190931405,1.7414897738595e-06,733.030412749743,490.657497141621,2,2,0,70,74,123.340362829866,2290.91600465454,82.7598402255739,1537.14917343387,,74352.5869704826,,40981.7139458027
DMXL2,ZFHX3,790.09488976597,216.594056035237,0.001,0.001,0.986181742414087,0.983233225461752,0.969647961103921,1.04736060002348e-07,0.0344221481155516,3.04269389727683e-06,784.568556392101,212.948989883126,2,1,0,65,68,131.370056032854,2440.04475370787,12.3581776111584,953.786844052386,,190868.966692297,,30630.3093312523
DMXL2,ZNF521,,,,,,,,,,,,,2,0,0,72,74,,,,,,,,
DMXL2,ZNF536,804.012034711918,621.803254503838,0.001,0.001,0.952644438300291,0.949818461433089,0.904852328572928,1.52245645356278e-07,0.100795414187296,1.51044218215502e-06,784.568556380486,611.094230960349,2,3,0,63,68,133.677505844261,2483.27953555539,154.614749227627,1612.8487160014,,35521.3084628197,,28581.0784502618
DNAH5,EPHA2,,,,,,,,,,,,,1,0,0,67,68,,,,,,,,
DNAH5,ERBB2,211.298703821088,1380.5157408479,0.001,0.001,0.971432102865073,0.98246505692254,0.954400248108533,1.47846613948038e-07,0.0516297612171557,2.86359282829515e-06,205.246198297335,1372.26295713304,1,3,0,64,68,12.0558425151688,930.525423490366,343.288339672551,3580.46904036098,,15765.1711512577,,262231.273991609
DNAH5,ERBB3,212.393015379943,3368.12959133951,0.001,0.001,0.966444048877314,0.976278410259602,0.943521887043835,1.71285278252609e-07,0.0647554855990688,2.64510838993804e-06,205.246198294797,3347.56672367054,1,4,0,63,68,12.1181897856206,935.368691043826,1045.49844187958,7826.3832523148,,13061.2569980925,,469795.101009402
DNAH5,ERBB4,206.915262516781,253.167550279843,0.001,0.001,0.99195326253438,0.994283764785605,0.986283219331664,8.06965382593207e-08,0.0179911695127055,4.4853414449979e-06,205.246198297335,251.713475669474,1,1,0,66,68,11.8061882340831,911.097200924257,14.4452307628271,1114.76408726007,,86308.7952501819,,149389.919187897
DNAH5,FAT2,,,,,,,,,,,,,1,0,0,67,68,,,,,,,,
DNAH5,FBN2,,,,,,,,,,,,,1,0,0,67,68,,,,,,,,
DNAH5,FBXW7,207.674955579771,1032.57404505093,0.001,0.001,0.977926108074488,0.990189621024976,0.978637639815928,1.05391510434342e-07,0.0354614018848311,2.97200631764714e-06,205.246198297335,1027.46154195496,1,2,0,65,68,11.8495101359918,914.447590339467,171.690827604474,3188.66995927024,,42547.852413547,,353638.534290886
DNAH5,FGFR2,,,,,,,,,,,,,1,0,0,67,68,,,,,,,,
DNAH5,GLI3,206.914450418036,126.450655819603,0.001,0.001,0.991952830523036,0.995361457475188,0.98735177554926,1.17948769640108e-07,0.0181474843332298,6.49945565315257e-06,205.246198297335,125.860774662297,1,1,0,66,68,11.8061734495023,911.096059977678,7.21501994856124,556.792827083821,,86298.5445928162,,92106.4116818483
DNAH5,GNAS,207.420343413334,395.450889855029,0.001,0.001,0.989543492866091,0.995279137906083,0.984872253528755,6.99236164932934e-08,0.0185981910840502,3.75969986421205e-06,205.246198294682,393.567598166609,1,1,0,66,68,11.8349258808677,913.344872018896,22.5634949311947,1741.32468006275,,66253.944512792,,282987.458437581
DNAH5,HMCN1,,,,,,,,,,,,,1,0,0,67,68,,,,,,,,
DNAH5,HYDIN,212.288661714521,909.615869490246,0.001,0.001,0.966902385925157,0.983159521167737,0.950621840869165,2.30817815899571e-07,0.0749592996718726,3.07924189406725e-06,205.246198297335,905.655689619276,1,4,0,63,68,12.1123090779845,934.888186997704,282.347523859008,2113.71742133034,,13106.7373995583,,180190.304478627
DNAH5,IDH2,,,,,,,,,,,,,1,0,0,67,68,,,,,,,,
DNAH5,KMT2C,209.835358472647,623.103404030451,0.001,0.001,0.978192955005301,0.980337232853393,0.958961016956605,1.62878523170609e-07,0.0490780112625599,3.31876779397669e-06,205.246198297335,618.932723164276,1,3,0,64,68,11.9725433600141,924.012940847875,154.939451294975,1616.18436469353,,20773.505291371,,105275.258660624
DNAH5,KRAS,229.747171133697,17735.3995199601,0.001,0.001,0.893698600947911,0.916416350350307,0.819034369888484,4.15700894720872e-07,0.161484855881912,2.57424073886445e-06,205.246198297335,17587.7956948725,1,11,0,56,68,13.1060096889731,1012.44565414631,9202.72299980494,30406.65224084,,3833.61554319954,,657063.181571773
DNAH5,LAMA1,0.001,418.295667394835,9053.17119930139,2942.58583457284,1,0.999987648459835,0.0500465490486471,0.902195120275019,0.0539060435911461,16.7364373300659,205.246198297335,419.462766677445,0,2,1,65,68,,471.960484312495,104.013965945656,1084.93043125916,468.083710051507,73789.4275887869,,
DNAH5,LAMA2,209.174075121072,590.414562213938,0.001,0.001,0.981272516118717,0.989512238350935,0.970982133064996,1.2081209448166e-07,0.0360302296484946,3.35307589377821e-06,205.246198297335,587.26675429736,1,2,0,65,68,11.9347999645245,921.11843716146,98.1681765498291,1823.3670910342,,26881.0350789454,,188975.863237858
DNAH5,LRP1B,207.366765177626,271.35251250312,0.000999999999976353,0.001,0.989805909186259,0.987886267745223,0.977816108938171,1.47499951011834e-07,0.0337765242848653,4.36693692245671e-06,205.246198294797,269.696788153729,1,2,0,65,68,11.8319193777295,913.078416019827,45.1193281299598,837.960848949007,,48833.6044343973,,75036.0863484509
DNAH5,LRP2,,,,,,,,,,,,,1,0,0,67,68,,,,,,,,
DNAH5,LRRIQ1,206.080545851405,656.676181965932,0.001,0.001,0.995961923994791,0.99490326868658,0.990885839935625,5.78463049882502e-08,0.0178475168370236,3.24114023908646e-06,205.246198297335,653.32177136357,1,1,0,66,68,11.7586521597334,907.396524481804,37.4689119230461,2891.4418509909,,172570.510157499,,435016.92087688
DNAH5,MACF1,209.982180432037,732.709171718828,0.001,0.001,0.97749813502681,0.985970122906303,0.963785180445849,1.76327120711764e-07,0.0551353353008813,3.19807832399172e-06,205.246198294682,729.218775334211,1,3,0,64,68,11.9809478293685,924.666168011413,182.205131747713,1900.23024967331,,20041.2360543764,,174704.609631242
DNAH5,MED12,206.968284940609,323.665237075046,0.001,0.001,0.991700162087575,0.994745229795054,0.986489209961263,7.31541402842605e-08,0.0180881452139412,4.04431407526946e-06,205.246198297335,321.954565624965,1,1,0,66,68,11.8091933409592,911.331847019818,18.4676415501709,1425.19950648699,,83622.5233091614,,207911.377227595
DNAH5,NF1,208.71646845397,876.261560550433,0.001,0.001,0.983414002790466,0.984911542653729,0.968576793604011,1.59196106377241e-07,0.0518065544737185,3.07289508044781e-06,205.246198297335,871.788696781405,1,3,0,64,68,11.9088853561409,919.052860269563,217.902231154614,2272.56744765067,,27624.5393526385,,194024.589891038
DNAH5,NRAS,,,,,,,,,,,,,1,0,0,67,68,,,,,,,,
DNAH5,PBRM1,206.152645640896,329.809613934499,0.001,0.001,0.995614511209737,0.994854167812684,0.990491315828116,7.22147981647645e-08,0.0180143226312062,4.00874346724905e-06,205.246198294797,328.108917736493,1,1,0,66,68,11.7627565199987,907.715202540991,18.8184347766347,1452.19867633532,,158892.306016792,,216381.68025223
DNAH5,PEG3,208.437028572469,621.971226193295,0.001,0.001,0.984728904117925,0.990009904785761,0.974892023045654,1.20918017939165e-07,0.036574174876671,3.30610378352768e-06,205.246198297227,618.82441809407,1,2,0,65,68,11.8928909949003,917.834679612649,103.416798284901,1920.73906866941,,32761.1453298562,,209131.028242813
DNAH5,PIK3CA,210.535371962275,1065.16034218756,0.001,0.001,0.953632393714245,0.982857793017228,0.95824633159634,1.48383889012754e-07,0.0499225343324464,2.97228277764565e-06,205.246198297335,1058.94678437408,1,3,0,64,68,12.0122391733242,927.131324189338,264.862696441357,2762.80678216557,,18351.2820464444,,207067.766258639
DNAH5,PLEC,206.580579908121,133.56207923593,0.001,0.001,0.993551761504166,0.994763477020165,0.988349142172734,1.13775495881531e-07,0.0181122131647985,6.28170035579398e-06,205.246198297335,132.858961816748,1,1,0,66,68,11.7871819648335,909.614965459601,7.62074124834053,588.10073505776,,107820.686385647,,86096.3543444453
DNAH5,POLE,208.654602045541,230.316094934897,0.001,0.001,0.983718388755044,0.994149681756794,0.977963798458558,7.58130860355546e-08,0.0161322388374688,4.6994770409344e-06,205.246198297335,228.954362245617,1,1,0,66,68,11.9050462220063,918.863054651465,13.1412828680198,1014.16799993795,,42424.9739510173,,132761.082356401
DNAH5,PREX2,209.004384467576,780.904920562684,0.001,0.001,0.982068996423517,0.983108298831773,0.965481464368487,1.6237754835776e-07,0.0515763090869793,3.14829717814672e-06,205.246198297335,776.431526330029,1,3,0,64,68,11.9252335934627,920.339267313802,194.188476762834,2025.25914427771,,26181.1612958674,,154107.912000498
DNAH5,PTPRT,,,,,,,,,,,,,1,0,0,67,68,,,,,,,,
DNAH5,RASA1,206.966811879828,329.028107515443,0.001,0.001,0.99170459604141,0.995805415349458,0.987544951836597,7.45562556856913e-08,0.0185649363779872,4.01597151574913e-06,205.246198297335,327.639863118135,1,1,0,66,68,11.8091209479052,911.326260436256,18.7737433666836,1448.78247326765,,83718.1434710426,,265214.091236104
DNAH5,ROBO2,206.75950239409,341.045042353683,0.001,0.001,0.992696973159235,0.995381048752863,0.988111889349468,7.32312028070732e-08,0.0184878245489174,3.96105029087164e-06,205.246198294682,339.46242032534,1,1,0,66,68,11.7973216278996,910.405317133331,19.4594177934391,1501.69297862156,,95162.7591768694,,249479.57284646
DNAH5,ROS1,,,,,,,,,,,,,1,0,0,67,68,,,,,,,,
DNAH5,RYR1,208.144498937822,352.381622005043,0.001,0.001,0.986112869466869,0.989128175498502,0.975392776365386,1.3919768659422e-07,0.035348848396718,3.93782804554232e-06,205.246198294797,350.440387335635,1,2,0,65,68,11.8762148541144,916.539653533724,58.5905804090489,1088.24988443915,,37201.8879588721,,108749.582174145
DNAH5,SACS,211.29600755278,570.943722563372,0.001,0.001,0.97143884264395,0.976840604016617,0.948943532430554,2.34844725846561e-07,0.0687800027760683,3.41443321267609e-06,205.246198297335,567.554420346206,1,4,0,63,68,12.0558571914308,930.475366736029,177.229568863493,1326.63035477098,,15187.1859954659,,81625.338667941
DNAH5,SF3B1,207.470142723799,925.257516644455,0.001,0.001,0.971588699768026,0.98910001711268,0.978526811913143,1.02870295638595e-07,0.0339649967480175,3.02871501510152e-06,205.246198297335,920.179227831568,1,2,0,65,68,11.837829660246,913.536728045597,153.84831595279,2857.25447687871,,46049.2518385647,,284802.423603962
DNAH5,SMAD4,215.398339996707,2325.54089918377,0.001,0.001,0.953012640761644,0.953749823349301,0.908945470557258,2.55192638420193e-07,0.0932055757675821,2.73795463756957e-06,205.246198297335,2306.78280631001,1,6,0,61,68,12.2894329240716,948.646178181183,923.967949049804,4715.52224295312,,8921.33076613641,,162232.275992716
DNAH5,SPHKAP,,,,,,,,,,,,,1,0,0,67,68,,,,,,,,
DNAH5,SPTA1,206.385085326317,236.291346377459,0.000999999999999446,0.001,0.994495403125359,0.993541873207598,0.988072952108081,7.82490000685379e-08,0.016920420039627,4.62453058997836e-06,205.246198294682,234.760085704651,1,1,0,66,68,11.7760187351159,908.745995672343,13.4822937971287,1040.43750176073,,126443.783687408,,123271.349785193
DNAH5,SYNE1,215.906883236553,344.506706450781,0.001,0.001,0.950759635180999,0.958808902469004,0.911605438619858,4.85932738658601e-07,0.118610664425935,4.09687224172019e-06,205.246198294797,342.378647197703,1,7,0,60,68,12.3184576333678,950.904620319319,147.985580503904,666.584909519068,,8489.92281767095,,27158.9288155071
DNAH5,SYNE2,206.966306307039,511.02814409693,0.001,0.001,0.991709905801768,0.994038781572718,0.985798279960939,5.99804637025844e-08,0.0172998136034519,3.46711618272097e-06,205.246198297335,507.970332349016,1,1,0,66,68,11.8090903841676,911.32390211366,29.1583743206354,2250.15701077606,,83833.6846931939,,289046.619684858
DNAH5,TENM1,,,,,,,,,,,,,1,0,0,67,68,,,,,,,,
DNAH5,TP53,245.533886756468,2029.71314732805,0.001,0.001,0.836400755481059,0.875181921091031,0.732094543009479,8.20414407021186e-07,0.28136731499661,2.91581275895912e-06,205.246198297335,2013.060673394,1,18,0,49,68,14.0049489974545,1082.46455224379,1228.16340499189,3125.19262581765,,2451.67395097048,,48078.8336731362
DNAH5,TTN,210.859806096232,1111.11289228029,0.001,0.001,0.973449401322859,0.984748483792668,0.958604969740099,1.63970009140792e-07,0.0553831798399765,2.96064634812527e-06,205.246198297335,1105.30947628894,1,3,0,64,68,12.0308156754232,928.594650723539,276.286873166139,2881.99725600204,,17431.5657444814,,243342.185514186
DNAH5,XIRP2,207.718128892047,533.205545623946,0.001,0.001,0.988134394101654,0.986024899378125,0.974325771838402,1.09387085281236e-07,0.0318013312080882,3.43970145669295e-06,205.246198294797,529.442548288764,1,2,0,65,68,11.8519714871046,914.640488942206,88.657479439323,1646.6241140772,,42101.8643287878,,127493.396993829
DNAH5,ZFHX3,206.966910334245,213.952863324109,0.001,0.001,0.991704540829381,0.995333404088626,0.987076817585769,8.70073672701657e-08,0.0179406205748194,4.84974122870004e-06,205.246198297335,212.948989883329,1,1,0,66,68,11.8091303234125,911.326984022549,12.207746377512,942.083411259779,,83717.0808656704,,154899.766160541
DNAH5,ZNF521,,,,,,,,,,,,,1,0,0,67,68,,,,,,,,
DNAH5,ZNF536,209.676321510633,614.298820414885,0.001,0.001,0.978920680028066,0.984640149055179,0.963885958238665,1.73905345140883e-07,0.0522385590298639,3.32906091535688e-06,205.246198297335,611.09423095714,1,3,0,64,68,11.9635584712945,923.30118097996,152.756580048182,1593.21053447219,,21186.2869434936,,133570.277962479
EPHA2,ERBB2,,,,,,,,,,,,,0,4,0,70,74,,,,,,,,
EPHA2,ERBB3,,,,,,,,,,,,,0,4,0,64,68,,,,,,,,
EPHA2,ERBB4,,,,,,,,,,,,,0,1,0,73,74,,,,,,,,
EPHA2,FAT2,,,,,,,,,,,,,0,0,0,74,74,,,,,,,,
EPHA2,FBN2,,,,,,,,,,,,,0,0,0,74,74,,,,,,,,
EPHA2,FBXW7,,,,,,,,,,,,,0,2,0,72,74,,,,,,,,
EPHA2,FGFR2,,,,,,,,,,,,,0,0,0,74,74,,,,,,,,
EPHA2,GLI3,,,,,,,,,,,,,0,2,0,72,74,,,,,,,,
EPHA2,GNAS,,,,,,,,,,,,,0,1,0,73,74,,,,,,,,
EPHA2,HMCN1,,,,,,,,,,,,,0,0,0,74,74,,,,,,,,
EPHA2,HYDIN,,,,,,,,,,,,,0,4,0,64,68,,,,,,,,
EPHA2,IDH2,,,,,,,,,,,,,0,1,0,73,74,,,,,,,,
EPHA2,KMT2C,,,,,,,,,,,,,0,3,0,71,74,,,,,,,,
EPHA2,KRAS,,,,,,,,,,,,,0,11,0,63,74,,,,,,,,
EPHA2,LAMA1,,,,,,,,,,,,,0,3,0,71,74,,,,,,,,
EPHA2,LAMA2,,,,,,,,,,,,,0,2,0,72,74,,,,,,,,
EPHA2,LRP1B,,,,,,,,,,,,,0,2,0,72,74,,,,,,,,
EPHA2,LRP2,,,,,,,,,,,,,0,0,0,74,74,,,,,,,,
EPHA2,LRRIQ1,,,,,,,,,,,,,0,1,0,73,74,,,,,,,,
EPHA2,MACF1,,,,,,,,,,,,,0,3,0,65,68,,,,,,,,
EPHA2,MED12,,,,,,,,,,,,,0,1,0,73,74,,,,,,,,
EPHA2,NF1,,,,,,,,,,,,,0,3,0,71,74,,,,,,,,
EPHA2,NRAS,,,,,,,,,,,,,0,0,0,74,74,,,,,,,,
EPHA2,PBRM1,,,,,,,,,,,,,0,2,0,72,74,,,,,,,,
EPHA2,PEG3,,,,,,,,,,,,,0,2,0,72,74,,,,,,,,
EPHA2,PIK3CA,,,,,,,,,,,,,0,3,0,71,74,,,,,,,,
EPHA2,PLEC,,,,,,,,,,,,,0,2,0,72,74,,,,,,,,
EPHA2,POLE,,,,,,,,,,,,,0,1,0,73,74,,,,,,,,
EPHA2,PREX2,,,,,,,,,,,,,0,3,0,71,74,,,,,,,,
EPHA2,PTPRT,,,,,,,,,,,,,0,0,0,74,74,,,,,,,,
EPHA2,RASA1,,,,,,,,,,,,,0,1,0,73,74,,,,,,,,
EPHA2,ROBO2,,,,,,,,,,,,,0,1,0,73,74,,,,,,,,
EPHA2,ROS1,,,,,,,,,,,,,0,0,0,74,74,,,,,,,,
EPHA2,RYR1,,,,,,,,,,,,,0,2,0,66,68,,,,,,,,
EPHA2,SACS,,,,,,,,,,,,,0,4,0,70,74,,,,,,,,
EPHA2,SF3B1,,,,,,,,,,,,,0,2,0,72,74,,,,,,,,
EPHA2,SMAD4,,,,,,,,,,,,,0,7,0,67,74,,,,,,,,
EPHA2,SPHKAP,,,,,,,,,,,,,0,0,0,74,74,,,,,,,,
EPHA2,SPTA1,,,,,,,,,,,,,0,1,0,73,74,,,,,,,,
EPHA2,SYNE1,,,,,,,,,,,,,0,7,0,67,74,,,,,,,,
EPHA2,SYNE2,,,,,,,,,,,,,0,1,0,67,68,,,,,,,,
EPHA2,TENM1,,,,,,,,,,,,,0,0,0,74,74,,,,,,,,
EPHA2,TP53,,,,,,,,,,,,,0,18,0,56,74,,,,,,,,
EPHA2,TTN,,,,,,,,,,,,,0,3,0,65,68,,,,,,,,
EPHA2,XIRP2,,,,,,,,,,,,,0,2,0,72,74,,,,,,,,
EPHA2,ZFHX3,,,,,,,,,,,,,0,1,0,67,68,,,,,,,,
EPHA2,ZNF521,,,,,,,,,,,,,0,0,0,74,74,,,,,,,,
EPHA2,ZNF536,,,,,,,,,,,,,0,3,0,65,68,,,,,,,,
ERBB2,ERBB3,1422.93169001179,3434.3556349496,0.001,0.001,0.898153980412235,0.904280162902294,0.812231460395281,1.00977148170811e-07,0.187310499836161,5.39089630635415e-07,1372.26295714453,3347.56672364534,3,4,0,61,68,353.791725955523,3691.42708021274,1065.96540802199,7981.59912608048,,27346.6759710602,,72835.6487786354
ERBB2,ERBB4,1722.88885550565,242.189663257205,0.001,0.001,0.967363811639626,0.969615887104857,0.937976171026508,1.52868461878591e-07,0.0615074307207502,2.48536575316614e-06,1708.44525395709,234.801311059853,4,1,0,69,74,534.80295568207,4003.38000704248,13.8183837160366,1066.55828455453,,172622.443018847,,16311.4156845964
ERBB2,FAT2,,,,,,,,,,,,,4,0,0,70,74,,,,,,,,
ERBB2,FBN2,,,,,,,,,,,,,4,0,0,70,74,,,,,,,,
ERBB2,FBXW7,1731.09107602665,989.21360327066,0.001,0.001,0.891885137510447,0.940954823192793,0.893441330772316,1.02949405512845e-07,0.121928616610716,8.4434161868279e-07,1708.44525394831,959.382209006841,4,2,0,68,74,537.343863851069,4022.50543610726,164.47094389752,3055.22403686609,,78265.6500805122,,33693.1760014754
ERBB2,FGFR2,,,,,,,,,,,,,4,0,0,70,74,,,,,,,,
ERBB2,GLI3,1733.73113105286,243.539615238066,0.001,0.001,0.943766332571683,0.941775626297316,0.888830998310813,3.10109623154198e-07,0.124415242360995,2.49253722670414e-06,1708.44525395709,236.292841495579,4,2,0,68,74,538.15806779256,4028.71678383374,40.4918582405383,752.186402983993,,70016.0436167754,,8417.76771314189
ERBB2,GNAS,1723.8273157614,376.804449801772,0.001,0.001,0.965300750881531,0.968015705019959,0.934432707167824,1.08573667321078e-07,0.0634532232353133,1.71108198741043e-06,1708.44525395026,364.69091774081,4,1,0,69,74,535.091700991331,4005.59055883036,21.49869882362,1659.45208859599,,161871.903528887,,24060.0001147227
ERBB2,HMCN1,,,,,,,,,,,,,4,0,0,70,74,,,,,,,,
ERBB2,HYDIN,1420.06262510283,933.161805208021,0.001,0.001,0.903681327697696,0.889053919924506,0.803477517519916,2.015367019533e-07,0.207808024173743,9.69821558886487e-07,1372.26295712819,905.655689619897,3,4,0,61,68,353.086553013188,3683.82905264604,289.61449067768,2169.03403119851,,28839.0913610118,,17058.9446751494
ERBB2,IDH2,1719.04986125411,2568.45528024912,0.001,0.001,0.975927407476525,0.972401212945491,0.948996268751879,2.5547078734596e-08,0.05023662623664,5.08534920602675e-07,1708.44525395709,2497.33029488685,4,1,0,69,74,533.617304532327,3994.33107630643,146.547522567885,11310.7690587241,,235897.670767718,,191061.302490164
ERBB2,KMT2C,1746.11800866911,594.457384513432,0.001,0.001,0.917639058253385,0.91313499986032,0.83796441793459,2.10705659953268e-07,0.174099433831358,1.2102604547087e-06,1708.44525395026,576.506898671447,4,3,0,67,74,541.991883694787,4057.71084442254,147.809160302965,1542.1062685653,,43573.2424948899,,13479.3434718685
ERBB2,KRAS,1867.96493999922,14842.1916931141,0.001,55018.6515859259,0.967217122010764,0.921691011424407,0.848819484199969,0.934389138041547,0.573451793908234,1.62941183194044,1708.44525394244,15930.2202237776,3,10,1,60,74,579.61452692524,4343.66329013692,7432.24494289017,26057.8321626023,,17043.2978936411,2988.57618132748,311474.861220614
ERBB2,LAMA1,1753.20551006169,402.866992173819,0.001,0.001,0.903217908632148,0.907075946659445,0.819336295013166,3.03798206231689e-07,0.183937808994487,1.65163545163678e-06,1708.44525395184,389.785987713689,4,3,0,67,74,544.165935000055,4074.50324064924,100.166664524185,1045.15048892393,,37492.4666601446,,8534.27153375922
ERBB2,LAMA2,1507.70743032911,417.336999976362,27177.1384000443,6337.85814298167,0.943055956381001,0.953546387319891,0.17901539974026,1.11182276855831,0.123924502560556,8.97177511779815,1708.44525393125,546.684089631876,3,1,1,69,74,391.038006391248,3752.19405204262,28.1681063609984,1561.3088663015,,562254.440399031,,57354.0956591471
ERBB2,LRP1B,1726.59466335865,258.615940904194,0.001,0.001,0.959357886424707,0.938426752170524,0.900297486185754,2.74216739769122e-07,0.11630589126617,2.35772011876482e-06,1708.44525395026,250.485700605577,4,2,0,68,74,535.955944562782,4011.9457041951,42.9986145103106,798.745584618706,,97963.6193055252,,8406.80918256253
ERBB2,LRP2,,,,,,,,,,,,,4,0,0,70,74,,,,,,,,
ERBB2,LRRIQ1,1715.86584390589,626.417407877419,0.001,0.001,0.983165123184761,0.969951656272789,0.953624670964232,6.91774452877408e-08,0.0604174159139106,1.14499179154422e-06,1708.44525396051,607.551723215317,4,1,0,69,74,532.635366937054,3986.87556526527,35.7410797975192,2758.5768524426,,340023.534785403,,42895.4662799653
ERBB2,MACF1,1405.57664797573,749.892842038741,0.001,0.001,0.931493820569406,0.920411093629791,0.857383464123588,1.68399014784798e-07,0.153273400866976,1.09868388012705e-06,1372.26295712819,729.218775332758,3,3,0,62,68,349.499066387103,3645.94751288417,186.458907466049,1945.20726372654,,42485.5408966023,,19569.7747343991
ERBB2,MED12,1719.40459074762,307.974249119005,0.001,0.001,0.975173519481308,0.967300639218728,0.943290252731073,1.242892412386e-07,0.0614944871080478,2.02114444861081e-06,1708.44525395026,297.867235811976,4,1,0,69,74,533.728518129116,3995.17656020659,17.5716351661166,1356.30343399968,,228493.774077902,,19174.346330104
ERBB2,NF1,1742.69289862854,837.7582275711,0.001,0.001,0.924864212625555,0.91378848912566,0.845158936518228,1.69646330143436e-07,0.179053390174629,9.47462262389902e-07,1708.44525395709,812.710687781804,4,3,0,67,74,540.930904335396,4049.69211010152,208.310648924474,2173.03960219816,,48695.0582779824,,19205.5683482963
ERBB2,NRAS,,,,,,,,,,,,,4,0,0,70,74,,,,,,,,
ERBB2,PBRM1,1727.2866807229,634.140405305078,0.001,0.001,0.957842828236632,0.941320838572799,0.90164738626038,1.40021632019996e-07,0.122463679593629,1.14337273291664e-06,1708.44525394812,615.154863544753,4,2,0,68,74,536.165448526464,4013.53390522,105.435330997223,1958.52533055104,,94067.8199773199,,21770.7536251318
ERBB2,PEG3,1732.66294671008,595.701003701057,0.001,0.001,0.946146621700594,0.937909432677732,0.887415842947964,1.48444079481249e-07,0.123435801147741,1.20260149892474e-06,1708.445253954,576.777933242145,4,2,0,68,74,537.825242056878,4026.20223501991,99.0424527773949,1839.94279096673,,74152.2285077873,,19316.1477715876
ERBB2,PIK3CA,1629.34585521823,758.31622974843,6435.73338599877,10077.1133925563,1,1,0.31951640996231,0.96915909186618,0.17320030092603,5.59559704391094,1708.44525395721,989.995686928657,3,2,1,68,74,452.158567161257,3920.2405861926,127.902735435963,2289.96886266604,,138787.076247445,,70299.9935298626
ERBB2,PLEC,1731.49815249559,255.541792979517,0.001,0.001,0.948664866631977,0.934672111127175,0.886705651098194,2.94341754501402e-07,0.122884922277324,2.39526338176084e-06,1708.44525396051,246.999598380668,4,2,0,68,74,537.468916763006,4023.4477682821,42.486729696216,789.287724129816,,76587.2952275727,,7802.91303452481
ERBB2,POLE,1731.22869350938,219.154719673695,0.001,0.001,0.949115815958778,0.970225481366252,0.920864585450818,1.56910004490019e-07,0.0576671185698377,2.72096141408546e-06,1708.44525394414,212.586197803414,4,1,0,69,74,537.364386624183,4023.10681202759,12.5040959343575,965.125457233713,,108728.305138665,,14985.9889395508
ERBB2,PREX2,1739.52843995597,744.615019056141,0.001,0.001,0.931557615128844,0.914295422119832,0.851745486343122,1.82918527485022e-07,0.178257468935825,1.02614790043314e-06,1708.44525395709,722.493784870315,4,3,0,67,74,539.953913244676,4042.24176425198,185.15071724176,1931.44310176389,,53721.9094814319,,17226.7268169422
ERBB2,PTPRT,,,,,,,,,,,,,4,0,0,70,74,,,,,,,,
ERBB2,RASA1,1719.3955562758,315.603949431648,0.001,0.001,0.975185572053862,0.96975184426043,0.945691663986946,1.24226425661858e-07,0.0628760143263556,1.97573632795911e-06,1708.44525395026,306.025946873827,4,1,0,69,74,533.724418100879,3995.14585601293,18.0071466365135,1389.87016298553,,228731.82066689,,21464.3814416393
ERBB2,ROBO2,1719.08021087749,326.877083966134,0.001,0.001,0.975903994766245,0.969443929487673,0.946087677484412,1.20128293533504e-07,0.0626234447772318,1.91826390197524e-06,1708.44525396051,316.857661590069,4,1,0,69,74,533.626094164953,3994.39738494129,18.6503472263495,1439.50774800218,,235749.216946899,,21943.4595623743
ERBB2,ROS1,,,,,,,,,,,,,4,0,0,70,74,,,,,,,,
ERBB2,RYR1,1392.01926849458,361.218116831468,0.000999999999976353,0.001,0.958660044814695,0.941671371668208,0.902756555133755,1.85705421705193e-07,0.100293772944597,1.85161467410123e-06,1372.26295713915,350.440387335635,3,2,0,63,68,346.13854236762,3610.53033566596,60.0550221325894,1115.76265050216,,79062.2884777109,,12847.1178711734
ERBB2,SACS,1753.62253146422,545.484758352485,0.001,0.001,0.902390758915011,0.884285843448077,0.798020145606581,3.08555523922949e-07,0.237187588343678,1.30089236994923e-06,1708.44525395026,528.754348063775,4,4,0,66,74,544.314514195157,4075.19663511346,169.311597686542,1267.69186415813,,35361.9674051011,,9142.51019802507
ERBB2,SF3B1,1729.93589914423,886.979780395779,0.001,0.001,0.951994689742035,0.940687082777154,0.895540576675083,1.0676011519533e-07,0.117927039338637,9.05306499629483e-07,1708.44525395709,860.127605371454,4,2,0,68,74,536.987659425823,4019.78711948734,147.474181196024,2739.42362432903,,82247.2205585761,,29962.1732857658
ERBB2,SMAD4,1809.10121046449,2601.28468073208,0.001,0.001,0.798107319915267,0.798938239768477,0.637808803016334,2.05261938550361e-07,0.389579270977645,5.26881058212512e-07,1708.44525396552,2516.73934831256,4,7,0,63,74,561.448743557625,4205.34727398044,1117.11282393159,5035.32986159233,,15648.2782468636,,23724.6091885741
ERBB2,SPHKAP,,,,,,,,,,,,,4,0,0,70,74,,,,,,,,
ERBB2,SPTA1,1718.88631356119,224.999359060744,0.001,0.001,0.9763129665459,0.969764586652768,0.946796766816746,1.55489116172858e-07,0.0588085011173412,2.64399046428014e-06,1708.44525395026,218.177744395084,4,1,0,69,74,533.568435815152,3993.95899880857,12.8376508367907,990.831957229542,,240030.111784361,,15159.0480079357
ERBB2,SYNE1,1333.40057959282,325.135677261255,10267.5873076818,0.001,0.905610672392696,0.995401424516929,0.602164572755476,1.15574634476637,0.41527197858564,2.78310698617972,1708.44525394547,317.73763065855,3,6,1,64,74,331.535726353913,3458.76105844397,139.661704948877,629.126521516565,570.594027402009,50642.5069362453,,7296.94960179748
ERBB2,SYNE2,1381.64684637897,521.458143650706,0.001,0.001,0.980041027020789,0.974211107026523,0.954769233463132,6.80142700033512e-08,0.0492124255478989,1.38205482144245e-06,1372.2629571447,507.97033233548,3,1,0,64,68,343.568233778995,3583.43305742421,29.7525665713743,2296.34151252938,,229776.322331288,,42866.0898910642
ERBB2,TENM1,,,,,,,,,,,,,4,0,0,70,74,,,,,,,,
ERBB2,TP53,1955.29221856472,1543.8236145755,0.001,22551.1778971682,0.969802080775485,0.784681635828065,0.0930074412664283,3.00470193090406,1.02073247804793,2.94367230936977,1708.44525394841,1835.80904331841,1,15,3,55,74,606.595585254954,4548.39810238934,887.17943320094,2466.84095020042,,15376.9389904482,4117.39478367421,324317.008553519
ERBB2,TTN,1411.57721450294,1136.40077598162,0.001,0.001,0.919788064738404,0.921354664057874,0.847488132599747,1.34740002233694e-07,0.157155098046228,8.57369591625078e-07,1372.26295714416,1105.30947628545,3,3,0,62,68,350.978736902651,3661.77152818899,282.545438905407,2948.21559422159,,36364.8252363293,,30112.2814159795
ERBB2,XIRP2,1733.16564779623,505.353721393031,0.001,0.001,0.944953783776325,0.943064133054166,0.891165861755433,1.53555873729991e-07,0.113232737154962,1.35610846817069e-06,1708.44525395677,490.657497141621,4,2,0,68,74,537.984477158891,4027.39631045194,84.0225404153513,1560.78016191038,,71713.7099833998,,17791.2582403235
ERBB2,ZFHX3,1381.65630421864,218.751845136573,0.001,0.001,0.980027768422335,0.973565008930979,0.954123535117439,1.40536981053409e-07,0.0506722490643252,2.77345062925875e-06,1372.2629571447,212.948989883126,3,1,0,64,68,343.570608290849,3583.45782626831,12.4811180536807,963.340194774005,,229448.338165892,,17568.3036376343
ERBB2,ZNF521,,,,,,,,,,,,,4,0,0,70,74,,,,,,,,
ERBB2,ZNF536,1406.26294627993,628.039100181398,0.001,0.001,0.930110352888383,0.922116762946074,0.857697998604944,1.83249225492628e-07,0.148353467646588,1.23522037199137e-06,1372.26295712214,611.094230959232,3,3,0,62,68,349.668514927347,3647.73794731179,156.159570319707,1629.1476646748,,41530.6654532183,,16574.4582060891
ERBB3,ERBB4,3370.87986234336,260.404280060495,0.001,0.001,0.973109477533266,0.966749825764858,0.940758232328116,1.39721169327943e-07,0.063906686162962,2.18633100410893e-06,3347.56672367054,251.713475669179,4,1,0,63,68,1046.34890853349,7832.86168611357,14.8574509146194,1146.82610813667,,412656.698915417,,16089.7904863498
ERBB3,FAT2,,,,,,,,,,,,,4,0,0,64,68,,,,,,,,
ERBB3,FBN2,,,,,,,,,,,,,4,0,0,64,68,,,,,,,,
ERBB3,FBXW7,3397.5414001525,1062.19353649309,0.001,0.001,0.882530651862186,0.936109962501357,0.883172762685986,8.3552094204669e-08,0.126663432768347,6.59638637439082e-07,3347.56672364534,1027.46154195496,4,2,0,62,68,1054.58981802236,7895.28077048454,176.601567797384,3280.78104574673,,137267.355936346,,33433.6544208996
ERBB3,FGFR2,,,,,,,,,,,,,4,0,0,64,68,,,,,,,,
ERBB3,GLI3,3370.89213795556,130.269631605238,0.001,0.001,0.973107806128182,0.966284006641304,0.940303449608139,2.72373234396894e-07,0.0645988383383848,4.21637975856678e-06,3347.56672367054,125.860774662312,4,1,0,63,68,1046.35099870624,7832.87733433591,7.43254889365848,573.714382463548,,412602.520748605,,7937.52623229209
ERBB3,GNAS,3379.86067520976,407.82162979472,0.001,0.001,0.962936632079149,0.965243726942436,0.929476751064696,9.50002288762492e-08,0.0651158663358967,1.45894133368656e-06,3347.56672364534,393.567598166573,4,1,0,63,68,1049.11660211667,7854.03838346295,23.2680100867322,1796.1663945832,,296191.082874301,,24180.0055686657
ERBB3,HMCN1,,,,,,,,,,,,,4,0,0,64,68,,,,,,,,
ERBB3,HYDIN,3458.68789447458,938.591280523855,0.001,0.001,0.879603308680925,0.86907899003627,0.764526184917365,1.92891341541145e-07,0.259358737144987,7.43724092985981e-07,3347.56672364534,905.655689614667,4,4,0,60,68,1073.4871981476,8038.51459138877,291.291575130615,2181.78316350911,,55434.7785718427,,13969.4295458574
ERBB3,IDH2,,,,,,,,,,,,,4,0,0,64,68,,,,,,,,
ERBB3,KMT2C,3424.54664361688,640.384121809992,0.000999999999976353,0.001,0.914521029599917,0.904052531499824,0.82682022738502,1.86501447656945e-07,0.186554622487134,9.99714963749061e-07,3347.56672367054,618.932723161587,4,3,0,61,68,1062.93845933259,7958.48025544519,159.220098931621,1661.37204664585,,82263.6605211934,,13111.8085265494
ERBB3,KRAS,3716.65522491913,18196.2470858073,0.001,0.001,0.662416061592151,0.70049462646581,0.464381052002104,1.21597787991479e-07,0.628970844745949,1.93328178892925e-07,3347.56672362136,17587.7956964966,4,11,0,53,68,1153.11671982668,8644.39115461559,9439.75543924114,31207.068043732,,16827.2787948161,,104048.788059135
ERBB3,LAMA1,3429.65812070668,434.732544474075,0.001,0.001,0.909235143651016,0.899708543904668,0.818099999194712,2.68288651573013e-07,0.191028753434904,1.40444119929012e-06,3347.56672362079,419.462766677524,4,3,0,61,68,1064.51024996762,7970.62737973018,108.084563250056,1127.93195858691,,77917.0785571969,,8552.80978647683
ERBB3,LAMA2,3401.31706651893,607.684913818378,0.001,0.001,0.939306923927884,0.934518798449472,0.877822588834189,1.32450100629421e-07,0.127640368327609,1.0376819055353e-06,3347.56672364534,587.266754297129,4,2,0,62,68,1055.75545537612,7904.18052391635,101.030695000927,1877.10483341637,,127269.14735456,,18694.5246747856
ERBB3,LRP1B,3387.97405310606,278.552374066942,0.001,0.001,0.954006373622308,0.937781697971066,0.894662738703926,2.55633391878229e-07,0.123814925578946,2.06464116246821e-06,3347.56672367054,269.696788154108,4,2,0,62,68,1051.63933583626,7872.75152715236,46.3130015043442,860.337444263476,,168795.454295091,,8996.18885457325
ERBB3,LRP2,,,,,,,,,,,,,4,0,0,64,68,,,,,,,,
ERBB3,LRRIQ1,3368.13228730194,674.189239849017,0.001,0.001,0.976231976757462,0.969136978261368,0.946105699410529,5.92517148245014e-08,0.0631833571083761,9.37774083812437e-07,3347.56672364534,653.321771338319,4,1,0,63,68,1045.50049254466,7826.40009425991,38.4664667662893,2968.9695654216,,468793.365186568,,44924.5112603024
ERBB3,MACF1,2550.53737821107,749.389118415667,47479.612100029,0.001,0.90737878769154,0.986624154020755,0.314851505427354,1.05446554167937,0.191624766163062,5.50276231404285,3347.56672365731,729.218775336908,3,2,1,62,68,634.203073433393,6615.68790351379,186.335011478866,1943.88635611432,2503.43423577343,338537.784486342,,34584.7100529031
ERBB3,MED12,3367.93393431426,333.54849952189,0.001,0.001,0.976507642609778,0.965369884480676,0.942695798093996,1.1096858682294e-07,0.0636910440127686,1.74229498892644e-06,3347.56672367054,321.954565625591,4,1,0,63,68,1045.43828629993,7825.9241029767,19.0305725825519,1468.99215705382,,473608.791524668,,19705.596869496
ERBB3,NF1,3417.97345437827,901.313865336044,0.001,0.001,0.921491624957572,0.905861996279095,0.834779668684449,1.41238722866505e-07,0.18714911102292,7.54685513035685e-07,3347.56672367054,871.788696781405,4,3,0,61,68,1060.91315099784,7943.00763432921,224.107469955296,2338.05232405505,,89887.519495474,,18875.9004433366
ERBB3,NRAS,,,,,,,,,,,,,4,0,0,64,68,,,,,,,,
ERBB3,PBRM1,3377.4017238396,339.047856311461,0.001,0.001,0.965673921117536,0.967841887448421,0.934624338300427,1.09803468596216e-07,0.0639632618089313,1.71666462107916e-06,3347.56672364925,328.108917736011,4,1,0,63,68,1048.36019037084,7848.2412411668,19.344614358339,1493.10479800904,,321436.572280501,,21652.1034049568
ERBB3,PEG3,3401.60213419567,640.088659357197,0.001,0.001,0.939018434921482,0.935173792578563,0.878165890094866,1.27823579205641e-07,0.128712505375503,9.93093707815967e-07,3347.56672367054,618.824418092236,4,2,0,62,68,1055.8363957031,7904.80297403883,106.420552101791,1977.13305939484,,126697.195399552,,19978.0988255434
ERBB3,PIK3CA,3436.92353418712,1093.30895177486,0.001,0.001,0.901492354487593,0.909958955302689,0.82037011855152,1.23289442148511e-07,0.18923246467128,6.5152373490817e-07,3347.56672365749,1058.94678437191,4,3,0,61,68,1066.75493368382,7987.65892012916,271.833562888146,2836.37294651918,,70676.9573849182,,24050.3896293571
ERBB3,PLEC,3346.0933027457,0.001,1417.13653554455,4666.88267505972,0.999999766983687,1,0.0601217648075049,0.928181207266509,0.0639085833869247,14.5235766164144,3347.56672358287,132.858961816787,3,0,1,64,68,1038.69453151866,7774.81841157682,,265.891819944426,,,250.568791595328,28448.3536507806
ERBB3,POLE,3388.50506210841,236.551733013595,0.001,0.001,0.953421854509192,0.967986865106252,0.922908735381912,1.49138784255425e-07,0.062209959410578,2.39734578945996e-06,3347.56672361418,228.95436224538,4,1,0,63,68,1051.72346013699,7874.12181157372,13.4979381477497,1041.88282042846,,233635.443961219,,15063.9785257453
ERBB3,PREX2,3416.44407072613,801.905148330632,0.001,0.001,0.923108160788473,0.908626380069814,0.838794383397059,1.54695835298275e-07,0.18690171082039,8.27685496399419e-07,3347.56672364925,776.431526333577,4,3,0,61,68,1060.44014425266,7939.45118679124,199.391164683567,2080.15347919634,,92322.7906271329,,17371.8499490945
ERBB3,PTPRT,,,,,,,,,,,,,4,0,0,64,68,,,,,,,,
ERBB3,RASA1,3367.9001517368,338.693807386627,0.001,0.001,0.976520571701006,0.967475097442182,0.944763402868262,1.10895820080656e-07,0.0646540463477279,1.71521855699838e-06,3347.56672367054,327.639863117821,4,1,0,63,68,1045.42973879246,7825.86009196871,19.3243216512006,1491.60583293815,,474168.34199485,,21476.0429146081
ERBB3,ROBO2,3373.02571547056,351.322353183272,0.001,0.001,0.970672137440436,0.966368968308471,0.938032525431998,1.07499845002686e-07,0.0646344479507623,1.66319738794054e-06,3347.56672364534,339.46242032169,4,1,0,63,68,1047.00885097768,7837.89875688695,20.0447866919022,1547.23489498868,,377598.473910829,,21518.1231096461
ERBB3,ROS1,,,,,,,,,,,,,4,0,0,64,68,,,,,,,,
ERBB3,RYR1,3397.3041384785,363.152637010299,0.001,0.001,0.943755735509403,0.931784291372937,0.879398545977677,2.04537161303461e-07,0.125449432763913,1.63043512271902e-06,3347.56672367054,350.440387335447,4,2,0,62,68,1054.51480325207,7894.74894736062,60.3758047280993,1121.77629915079,,139455.747656824,,10691.9496833126
ERBB3,SACS,3444.72961078945,587.259437522433,0.001,0.001,0.893681817849391,0.87408968638593,0.781220367622257,2.7188143983739e-07,0.250538616345907,1.08518775988615e-06,3347.56672367054,567.554420347751,4,4,0,60,68,1069.18938812366,8005.62413673739,182.270188553465,1364.88678139757,,63142.3825839972,,9012.4825377354
ERBB3,SF3B1,3390.81928229356,950.958916403449,0.001,0.001,0.884332223687981,0.936675194068456,0.890647247058202,9.08309863677237e-08,0.126701694471435,7.16888489507939e-07,3347.56672361599,920.179227810467,4,2,0,62,68,1052.51830636555,7879.4353611406,158.109309023543,2937.15991840002,,157216.814880077,,30187.6416121565
ERBB3,SMAD4,3404.75276896504,2015.00607611658,2138.8371366406,12488.3398382924,0.999759029169477,0.966393480642936,0.634090162192837,0.975163847478247,0.366883461681048,2.65796621905517,3347.56672365749,2306.78280630253,3,5,1,59,68,999.110074456974,8038.41061068938,722.842112102555,4328.75196656915,,70436.738114344,,78152.3694414331
ERBB3,SPHKAP,,,,,,,,,,,,,4,0,0,64,68,,,,,,,,
ERBB3,SPTA1,3368.60330511397,242.677478748977,0.001,0.001,0.975710941520978,0.967470858963079,0.943975589218906,1.45246375179813e-07,0.0623376117146258,2.32999582731423e-06,3347.56672364534,234.760085707363,4,1,0,63,68,1045.64484520557,7827.49806778856,13.8461722067957,1068.7174978699,,458334.101979345,,15238.6852725865
ERBB3,SYNE1,1737.55635689031,349.900668743892,41737.2104832463,0.001,0.646202268032928,0.94443429290243,0.0897164350378331,2.21484570468276,0.435558847583414,5.08506650013256,3347.56672360207,342.378647197958,2,5,2,59,68,288.87549682708,5367.21090168334,150.281796595094,677.164148143928,6559.5102689006,155475.436187798,,9426.04261920084
ERBB3,SYNE2,3367.88403174969,525.249242684209,0.001,0.001,0.976536034238445,0.967198401119443,0.944507648492248,7.2978992340586e-08,0.062853866823257,1.16108993812267e-06,3347.56672367054,507.970332348689,4,1,0,63,68,1045.42408821399,7825.81780062001,29.9685177122371,2313.12520735862,,474843.105707108,,32691.0586776962
ERBB3,TENM1,,,,,,,,,,,,,4,0,0,64,68,,,,,,,,
ERBB3,TP53,3978.62115110287,2100.18672073026,0.001,0.001,0.507312275745086,0.49845514516694,0.253629858237772,5.21840057082779e-07,1.09223848160383,4.77771169824116e-07,3347.5667236232,2013.06067340159,4,18,0,46,68,1233.97176791321,9259.6488646524,1270.16900857829,3235.91450948152,,10425.5894433468,,5984.13357815505
ERBB3,TTN,3412.96386950089,758.378625312546,0.001,12541.2971196816,0.984838393496313,1,0.363346388428355,0.91901471651242,0.194401637321474,4.7274021411285,3347.56672361126,1105.30947629397,3,2,1,62,68,1059.32992609687,7931.6951360643,126.07915443775,2342.8200108825,,178082.766789855,672.424272165094,77439.1194053636
ERBB3,XIRP2,3390.92434382892,547.025014189163,0.001,0.001,0.950696609747231,0.93713699121258,0.890947924246845,1.37050444010828e-07,0.121417069195612,1.12875763612799e-06,3347.56672364534,529.442548287956,4,2,0,62,68,1052.55313041587,7879.69582451743,90.9499730896853,1689.57956532709,,156487.972667728,,17389.1959579836
ERBB3,ZFHX3,3367.93047764705,220.263426587138,0.001,0.001,0.976520407266953,0.96690750898294,0.944209034193601,1.63791991281224e-07,0.0641407744387323,2.55363289131594e-06,3347.56672367054,212.948989883528,4,1,0,63,68,1045.43049783384,7825.86578580044,12.5671807192511,970.033558482067,,474161.780764325,,13644.4122477406
ERBB3,ZNF521,,,,,,,,,,,,,4,0,0,64,68,,,,,,,,
ERBB3,ZNF536,3405.63726013668,417.922347086421,0.001,7469.1050708201,0.996557461369333,1,0.341493042275009,0.981335042283173,0.190081897041575,5.16269596188075,3347.5667236074,611.094230957806,3,2,1,62,68,1057.09420868447,7914.22887166408,69.4837650377205,1290.86173893655,,198698.626409367,402.259505141237,44628.2921684107
ERBB4,FAT2,,,,,,,,,,,,,1,0,0,73,74,,,,,,,,
ERBB4,FBN2,,,,,,,,,,,,,1,0,0,73,74,,,,,,,,
ERBB4,FBXW7,237.804810909112,966.473009973443,0.001,0.001,0.971376955513643,0.985468137858153,0.973071848297271,8.48156173221832e-08,0.0314386147430931,2.69781661867964e-06,234.801311059853,959.382209006246,1,2,0,71,74,13.5685731378132,1047.14316575877,160.698823716119,2984.57821667382,,44404.1065618218,,221831.87240436
ERBB4,FGFR2,,,,,,,,,,,,,1,0,0,73,74,,,,,,,,
ERBB4,GLI3,0.001,236.437229552665,29248.2916459732,15074.4542270689,0.820994206529261,0.999997552757708,0.018696263411764,1.09122543136802,0.0319622944365103,34.1410230587675,234.801311062041,236.29284149481,0,1,1,72,74,,661.383478318883,39.3137644934465,730.118040105022,1436.74126234229,462714.520874048,,
ERBB4,GNAS,237.016158264425,367.938609524289,0.001,0.001,0.990690104605407,0.991215142160891,0.981987517210391,5.82327080657537e-08,0.01637940355711,3.55523983902796e-06,234.801311062041,364.69091774081,1,1,0,72,74,13.5235903238001,1043.67460465875,20.9936226015534,1620.21638719682,,85209.5534805445,,140445.885707531
ERBB4,HMCN1,,,,,,,,,,,,,1,0,0,73,74,,,,,,,,
ERBB4,HYDIN,260.176702347658,913.132460689144,0.001,0.001,0.96760450322692,0.968211704755974,0.936851797587315,1.88713566623465e-07,0.0719321392041859,2.62349443115802e-06,251.713475669179,905.655689617643,1,4,0,63,68,14.8445223601906,1145.79673283728,283.432990523486,2121.98352985231,,16394.2149595392,,94006.1345138673
ERBB4,IDH2,236.133166158334,2513.34889949677,0.001,0.001,0.994381103811157,0.993647784580047,0.988064763024298,2.95471700518038e-08,0.0125414576445859,2.35595980061849e-06,234.801311062041,2497.33029488685,1,1,0,72,74,13.4733022368865,1039.75136192217,143.406783731275,11066.9709487618,,141603.723471046,,1331835.61398968
ERBB4,KMT2C,240.12123839006,580.708371249215,0.001,0.001,0.977927551159244,0.978729122124098,0.957128744461493,1.37339221996293e-07,0.0448067245946077,3.06514754735769e-06,234.801311062041,576.506898672438,1,3,0,70,74,13.7005271706039,1057.39587153338,144.399381209524,1506.18780290603,,23215.4915020436,,90415.6567254641
ERBB4,KRAS,259.897635403733,16048.8591212191,0.001,0.001,0.903788346839303,0.925839887543338,0.83679585972654,3.28904253180107e-07,0.146358534868608,2.2472502438985e-06,234.801311062041,15930.2202228255,1,11,0,62,74,14.8265867907668,1145.11168545284,8328.03886018405,27507.6841956737,,4840.06593843068,,676681.147775157
ERBB4,LAMA1,240.41591662609,393.010597981051,0.001,0.001,0.976745362524526,0.975935949574579,0.95324428170913,1.65834073884499e-07,0.0473268509656789,3.50401665229662e-06,234.801311062041,389.785987711132,1,3,0,70,74,13.7172160578738,1058.73373837823,97.7245210764331,1019.39342077043,,22831.5578123597,,53901.5982804844
ERBB4,LAMA2,238.608025067971,550.946238870903,0.001,0.001,0.984107777501069,0.984726213601571,0.969078082616156,9.90520681812962e-08,0.0319037715111745,3.10471343949422e-06,234.801311062041,546.684089631876,1,2,0,71,74,13.6142760090587,1050.71769600437,91.6055880526756,1701.48742248984,,35928.7667362972,,120195.783942529
ERBB4,LRP1B,237.175902244284,252.219018313219,0.001,0.001,0.990060729794689,0.986181302254597,0.976379970878501,1.2713194185842e-07,0.0302957771543046,4.19635849613307e-06,234.801311059853,250.485700605922,1,2,0,71,74,13.5323548978829,1044.32541456598,41.9416622290481,778.946054421356,,56741.7050680736,,60942.1923166176
ERBB4,LRP2,,,,,,,,,,,,,1,0,0,73,74,,,,,,,,
ERBB4,LRRIQ1,235.704309957037,611.790004624975,0.001,0.001,0.996187141239067,0.993088799867771,0.989302399388486,4.69813926668589e-08,0.0157157244816885,2.98945127993305e-06,234.801311062041,607.551723212913,1,1,0,72,74,13.4488924861211,1037.85460725933,34.9075941213443,2693.82370226251,,209136.861690526,,297710.239281177
ERBB4,MACF1,257.40438006575,735.256973206738,0.001,0.001,0.977985162589429,0.975818669021521,0.954338824499721,1.45175453847637e-07,0.0529087623272774,2.74388300655431e-06,251.713475672037,729.218775334211,1,3,0,64,68,14.6866341027958,1133.5143695395,182.835547933842,1906.9056873186,,25083.7811304676,,100316.84544723
ERBB4,MED12,235.804209288319,300.228244971668,0.001,0.001,0.995769651109022,0.992158533854213,0.987961536269218,6.14834268961549e-08,0.0159444860560588,3.85609336544226e-06,234.801311059853,297.867235811976,1,1,0,72,74,13.4545632744439,1038.29476528248,17.1303153343006,1322.01519717448,,188162.368033237,,128578.422003541
ERBB4,NF1,238.75106812986,818.819251142656,0.001,0.001,0.983529427049169,0.977983425784884,0.961877192201554,1.28811847785459e-07,0.045942162223533,2.80378287723424e-06,234.801311062041,812.710687779919,1,3,0,70,74,13.6225095535722,1051.32030675209,203.616075074065,2123.59654349263,,31460.7677484124,,123059.57472396
ERBB4,NRAS,,,,,,,,,,,,,1,0,0,73,74,,,,,,,,
ERBB4,PBRM1,237.492404809611,620.011227155543,0.001,0.001,0.988717979562319,0.984477601319812,0.973371432397811,9.50766166941952e-08,0.0317287444945098,2.99654518982454e-06,234.801311059853,615.154863545168,1,2,0,71,74,13.5507930382838,1045.75679331714,103.091765876553,1914.63974672907,,49123.1666559257,,133054.757264274
ERBB4,PEG3,238.191365466816,581.125329413555,0.001,0.001,0.985821542071279,0.985196561616881,0.971229043808338,9.86819647676683e-08,0.0323059464799852,3.05460683000901e-06,234.801311062041,576.777933246576,1,2,0,71,74,13.5905880943982,1048.86439933438,96.6252096305847,1794.62629337386,,39991.5470556772,,130890.000185014
ERBB4,PIK3CA,240.467132096715,996.060000827164,0.001,0.001,0.958903605706849,0.982109608913815,0.95904948079959,1.22068429368911e-07,0.0453783471379021,2.69001488745178e-06,234.801311062041,989.995686924205,1,3,0,70,74,13.7201971714739,1058.94453984975,247.681136076676,2583.48131326077,,22084.1449623246,,185160.495378777
ERBB4,PLEC,237.60107214811,249.156976529672,0.001,0.001,0.988273510194794,0.982857681534461,0.971333159657129,1.34408485518355e-07,0.0317352601073444,4.23530436062977e-06,234.801311062041,246.99959838121,1,2,0,71,74,13.5569441173912,1046.2354635,41.427843877002,769.445801463226,,47252.0888817822,,48313.1213514518
ERBB4,POLE,238.12768146918,214.044120242619,0.001,0.001,0.986080780264542,0.993240617922422,0.979416019074457,6.69975305546411e-08,0.0147122076954901,4.5538733507126e-06,234.801311061851,212.586197804821,1,1,0,72,74,13.586749671891,1048.63256558594,12.2128530578233,942.515091576221,,56862.3769833468,,106520.022062104
ERBB4,PREX2,238.916509523792,727.966352661257,0.001,0.001,0.982851100965416,0.977826421880277,0.961059639140275,1.32385809181387e-07,0.045908130219427,2.88371163339964e-06,234.801311062041,722.493784868749,1,3,0,70,74,13.6319196994036,1052.0634958036,181.023856507405,1887.9683791366,,30810.9873221884,,108609.409474819
ERBB4,PTPRT,,,,,,,,,,,,,1,0,0,73,74,,,,,,,,
ERBB4,RASA1,235.803488403153,308.322062497443,0.001,0.001,0.995771642722367,0.992572440599439,0.988375644712037,6.20392834362049e-08,0.0162775042351606,3.8113510855181e-06,234.801311059853,306.025946873843,1,1,0,72,74,13.4545222564265,1038.2915998364,17.5922092908522,1357.63264999555,,188352.117765952,,139493.225489945
ERBB4,ROBO2,236.310084969444,319.252995813957,0.001,0.001,0.993642478187689,0.992453100792226,0.986143786157429,6.10226570788887e-08,0.0162379630250628,3.75802414284982e-06,234.801311059853,316.85766158962,1,1,0,72,74,13.4833596072359,1040.53431765672,18.217168137899,1405.85775295812,,125145.996898184,,142137.063739178
ERBB4,ROS1,,,,,,,,,,,,,1,0,0,73,74,,,,,,,,
ERBB4,RYR1,255.284355171023,353.668947578327,0.001,0.001,0.986079926999267,0.981974212532859,0.968306564758803,1.1943894881114e-07,0.0342577406483142,3.48648061870997e-06,251.713475669179,350.440387335635,1,2,0,65,68,14.5658173971172,1124.13923755377,58.8037172069869,1092.26604865609,,44692.4496000364,,65127.579434421
ERBB4,SACS,240.438524303649,532.643672651467,0.001,0.001,0.976650754171402,0.971477901828516,0.948797803777488,1.94014872008375e-07,0.0614019917630332,3.1597488361148e-06,234.801311059853,528.754348063775,1,4,0,69,74,13.7186898724925,1058.78399187335,165.340900966618,1237.62344640791,,21305.4262000002,,61369.283278473
ERBB4,SF3B1,237.473151691823,865.741054718478,0.001,0.001,0.988789226813975,0.987147070808338,0.976081003775059,8.421339125304e-08,0.0305650093718,2.75522216363975e-06,234.801311062041,860.12760537155,1,2,0,71,74,13.5497246000824,1045.67407701828,143.950620713082,2673.4444478455,,49524.6380444368,,225164.900618942
ERBB4,SMAD4,247.590153511524,2533.98792481249,0.001,0.001,0.948536345991579,0.954692920130009,0.905573059917251,2.40012583682669e-07,0.09986622726876,2.40334085152479e-06,234.801311062041,2516.7393483453,1,7,0,66,74,14.1259598620634,1090.44235804357,1088.397086869,4903.72578137883,,9211.528577124,,180552.947321337
ERBB4,SPHKAP,,,,,,,,,,,,,1,0,0,73,74,,,,,,,,
ERBB4,SPTA1,235.998903081922,219.790484635848,0.001,0.001,0.994948824734701,0.992680572053131,0.987666529898731,6.80923535551284e-08,0.015218111180947,4.47442870836558e-06,234.801311059853,218.177744392883,1,1,0,72,74,13.4656464525485,1039.15593837225,12.540829770521,967.789063970128,,157702.252243949,,100924.873276191
ERBB4,SYNE1,245.906400153559,320.31128681839,0.001,0.001,0.955026716059886,0.94637123631356,0.903821521254806,4.15542191239959e-07,0.106913906982869,3.88669914856392e-06,234.801311059853,317.737630658759,1,7,0,66,74,14.0302507402951,1082.98183438239,137.594662078401,619.747765108009,,10571.684597295,,19096.2031052438
ERBB4,SYNE2,252.865480755614,511.961278948366,0.001,0.001,0.99546899805862,0.992223442828908,0.987727840082133,5.08247722241784e-08,0.0168833664924608,3.01034584819764e-06,251.713475669327,507.97033233548,1,1,0,66,68,14.4280194896339,1113.42583146443,29.2115116276647,2254.29891290279,,188503.255764273,,221064.17820177
ERBB4,TENM1,,,,,,,,,,,,,1,0,0,73,74,,,,,,,,
ERBB4,TP53,275.861219817237,1852.70236414218,0.001,0.001,0.851719393679823,0.859623671389103,0.732262474418662,6.67974024010087e-07,0.257012967583538,2.59898957741489e-06,234.801311061851,1835.80904331323,1,18,0,55,74,15.7359311633968,1215.84985645054,1121.38428854002,2851.50248914179,,3094.15939203228,,38266.746143101
ERBB4,TTN,258.440974379242,1114.96953230972,0.001,0.001,0.974080619790766,0.974626902073318,0.949369292542355,1.34626079170003e-07,0.0537176235216603,2.50618084613736e-06,251.713475669514,1105.30947630217,1,3,0,64,68,14.7455664457198,1138.14003295933,277.240022557586,2892.10586622471,,21609.3222656549,,144762.743866159
ERBB4,XIRP2,0.001,490.832805330926,31734.4405059343,13055.6897464537,0.837299415419304,0.999998722610373,0.01729206758033,1.08043478427489,0.0290301072829257,37.2177330846573,234.801311059853,490.657497141621,0,1,1,72,74,,575.827437765339,81.6168384111195,1515.74482425904,1554.4227419784,497224.734803595,,
ERBB4,ZFHX3,252.866371363745,214.685650862518,0.001,0.001,0.995466026805609,0.991933551951926,0.987436345369992,7.62164325024579e-08,0.0173580224626775,4.39084767094496e-06,251.713475669327,212.948989883829,1,1,0,66,68,14.4280739169758,1113.43003187506,12.2494725580765,945.333686608272,,188238.719844752,,89328.7476825977
ERBB4,ZNF521,,,,,,,,,,,,,1,0,0,73,74,,,,,,,,
ERBB4,ZNF536,257.492921543561,616.131790688102,0.001,0.001,0.977645241333164,0.97594540315504,0.954131219806705,1.46059955308427e-07,0.0507788743578924,2.87639214447701e-06,251.713475669514,611.094230963032,1,3,0,64,68,14.6917348593714,1133.90441232283,153.21017165188,1598.01652973283,,24498.47917902,,84519.8335105146
FAT2,FBN2,,,,,,,,,,,,,0,0,0,74,74,,,,,,,,
FAT2,FBXW7,,,,,,,,,,,,,0,2,0,72,74,,,,,,,,
FAT2,FGFR2,,,,,,,,,,,,,0,0,0,74,74,,,,,,,,
FAT2,GLI3,,,,,,,,,,,,,0,2,0,72,74,,,,,,,,
FAT2,GNAS,,,,,,,,,,,,,0,1,0,73,74,,,,,,,,
FAT2,HMCN1,,,,,,,,,,,,,0,0,0,74,74,,,,,,,,
FAT2,HYDIN,,,,,,,,,,,,,0,4,0,64,68,,,,,,,,
FAT2,IDH2,,,,,,,,,,,,,0,1,0,73,74,,,,,,,,
FAT2,KMT2C,,,,,,,,,,,,,0,3,0,71,74,,,,,,,,
FAT2,KRAS,,,,,,,,,,,,,0,11,0,63,74,,,,,,,,
FAT2,LAMA1,,,,,,,,,,,,,0,3,0,71,74,,,,,,,,
FAT2,LAMA2,,,,,,,,,,,,,0,2,0,72,74,,,,,,,,
FAT2,LRP1B,,,,,,,,,,,,,0,2,0,72,74,,,,,,,,
FAT2,LRP2,,,,,,,,,,,,,0,0,0,74,74,,,,,,,,
FAT2,LRRIQ1,,,,,,,,,,,,,0,1,0,73,74,,,,,,,,
FAT2,MACF1,,,,,,,,,,,,,0,3,0,65,68,,,,,,,,
FAT2,MED12,,,,,,,,,,,,,0,1,0,73,74,,,,,,,,
FAT2,NF1,,,,,,,,,,,,,0,3,0,71,74,,,,,,,,
FAT2,NRAS,,,,,,,,,,,,,0,0,0,74,74,,,,,,,,
FAT2,PBRM1,,,,,,,,,,,,,0,2,0,72,74,,,,,,,,
FAT2,PEG3,,,,,,,,,,,,,0,2,0,72,74,,,,,,,,
FAT2,PIK3CA,,,,,,,,,,,,,0,3,0,71,74,,,,,,,,
FAT2,PLEC,,,,,,,,,,,,,0,2,0,72,74,,,,,,,,
FAT2,POLE,,,,,,,,,,,,,0,1,0,73,74,,,,,,,,
FAT2,PREX2,,,,,,,,,,,,,0,3,0,71,74,,,,,,,,
FAT2,PTPRT,,,,,,,,,,,,,0,0,0,74,74,,,,,,,,
FAT2,RASA1,,,,,,,,,,,,,0,1,0,73,74,,,,,,,,
FAT2,ROBO2,,,,,,,,,,,,,0,1,0,73,74,,,,,,,,
FAT2,ROS1,,,,,,,,,,,,,0,0,0,74,74,,,,,,,,
FAT2,RYR1,,,,,,,,,,,,,0,2,0,66,68,,,,,,,,
FAT2,SACS,,,,,,,,,,,,,0,4,0,70,74,,,,,,,,
FAT2,SF3B1,,,,,,,,,,,,,0,2,0,72,74,,,,,,,,
FAT2,SMAD4,,,,,,,,,,,,,0,7,0,67,74,,,,,,,,
FAT2,SPHKAP,,,,,,,,,,,,,0,0,0,74,74,,,,,,,,
FAT2,SPTA1,,,,,,,,,,,,,0,1,0,73,74,,,,,,,,
FAT2,SYNE1,,,,,,,,,,,,,0,7,0,67,74,,,,,,,,
FAT2,SYNE2,,,,,,,,,,,,,0,1,0,67,68,,,,,,,,
FAT2,TENM1,,,,,,,,,,,,,0,0,0,74,74,,,,,,,,
FAT2,TP53,,,,,,,,,,,,,0,18,0,56,74,,,,,,,,
FAT2,TTN,,,,,,,,,,,,,0,3,0,65,68,,,,,,,,
FAT2,XIRP2,,,,,,,,,,,,,0,2,0,72,74,,,,,,,,
FAT2,ZFHX3,,,,,,,,,,,,,0,1,0,67,68,,,,,,,,
FAT2,ZNF521,,,,,,,,,,,,,0,0,0,74,74,,,,,,,,
FAT2,ZNF536,,,,,,,,,,,,,0,3,0,65,68,,,,,,,,
FBN2,FBXW7,,,,,,,,,,,,,0,2,0,72,74,,,,,,,,
FBN2,FGFR2,,,,,,,,,,,,,0,0,0,74,74,,,,,,,,
FBN2,GLI3,,,,,,,,,,,,,0,2,0,72,74,,,,,,,,
FBN2,GNAS,,,,,,,,,,,,,0,1,0,73,74,,,,,,,,
FBN2,HMCN1,,,,,,,,,,,,,0,0,0,74,74,,,,,,,,
FBN2,HYDIN,,,,,,,,,,,,,0,4,0,64,68,,,,,,,,
FBN2,IDH2,,,,,,,,,,,,,0,1,0,73,74,,,,,,,,
FBN2,KMT2C,,,,,,,,,,,,,0,3,0,71,74,,,,,,,,
FBN2,KRAS,,,,,,,,,,,,,0,11,0,63,74,,,,,,,,
FBN2,LAMA1,,,,,,,,,,,,,0,3,0,71,74,,,,,,,,
FBN2,LAMA2,,,,,,,,,,,,,0,2,0,72,74,,,,,,,,
FBN2,LRP1B,,,,,,,,,,,,,0,2,0,72,74,,,,,,,,
FBN2,LRP2,,,,,,,,,,,,,0,0,0,74,74,,,,,,,,
FBN2,LRRIQ1,,,,,,,,,,,,,0,1,0,73,74,,,,,,,,
FBN2,MACF1,,,,,,,,,,,,,0,3,0,65,68,,,,,,,,
FBN2,MED12,,,,,,,,,,,,,0,1,0,73,74,,,,,,,,
FBN2,NF1,,,,,,,,,,,,,0,3,0,71,74,,,,,,,,
FBN2,NRAS,,,,,,,,,,,,,0,0,0,74,74,,,,,,,,
FBN2,PBRM1,,,,,,,,,,,,,0,2,0,72,74,,,,,,,,
FBN2,PEG3,,,,,,,,,,,,,0,2,0,72,74,,,,,,,,
FBN2,PIK3CA,,,,,,,,,,,,,0,3,0,71,74,,,,,,,,
FBN2,PLEC,,,,,,,,,,,,,0,2,0,72,74,,,,,,,,
FBN2,POLE,,,,,,,,,,,,,0,1,0,73,74,,,,,,,,
FBN2,PREX2,,,,,,,,,,,,,0,3,0,71,74,,,,,,,,
FBN2,PTPRT,,,,,,,,,,,,,0,0,0,74,74,,,,,,,,
FBN2,RASA1,,,,,,,,,,,,,0,1,0,73,74,,,,,,,,
FBN2,ROBO2,,,,,,,,,,,,,0,1,0,73,74,,,,,,,,
FBN2,ROS1,,,,,,,,,,,,,0,0,0,74,74,,,,,,,,
FBN2,RYR1,,,,,,,,,,,,,0,2,0,66,68,,,,,,,,
FBN2,SACS,,,,,,,,,,,,,0,4,0,70,74,,,,,,,,
FBN2,SF3B1,,,,,,,,,,,,,0,2,0,72,74,,,,,,,,
FBN2,SMAD4,,,,,,,,,,,,,0,7,0,67,74,,,,,,,,
FBN2,SPHKAP,,,,,,,,,,,,,0,0,0,74,74,,,,,,,,
FBN2,SPTA1,,,,,,,,,,,,,0,1,0,73,74,,,,,,,,
FBN2,SYNE1,,,,,,,,,,,,,0,7,0,67,74,,,,,,,,
FBN2,SYNE2,,,,,,,,,,,,,0,1,0,67,68,,,,,,,,
FBN2,TENM1,,,,,,,,,,,,,0,0,0,74,74,,,,,,,,
FBN2,TP53,,,,,,,,,,,,,0,18,0,56,74,,,,,,,,
FBN2,TTN,,,,,,,,,,,,,0,3,0,65,68,,,,,,,,
FBN2,XIRP2,,,,,,,,,,,,,0,2,0,72,74,,,,,,,,
FBN2,ZFHX3,,,,,,,,,,,,,0,1,0,67,68,,,,,,,,
FBN2,ZNF521,,,,,,,,,,,,,0,0,0,74,74,,,,,,,,
FBN2,ZNF536,,,,,,,,,,,,,0,3,0,65,68,,,,,,,,
FBXW7,FGFR2,,,,,,,,,,,,,2,0,0,72,74,,,,,,,,
FBXW7,GLI3,971.96037891273,239.047395837862,0.001,0.001,0.974435661871286,0.950613667572308,0.952272332782428,1.71623155256762e-07,0.0634641757287341,2.70425249026054e-06,959.382209006246,236.29284149481,2,2,0,70,74,161.610184757462,3001.60021775164,39.746827887321,738.227232768679,,88146.6007748879,,25423.0559570475
FBXW7,GNAS,967.853334956528,368.826920421321,0.001,0.001,0.982673358136473,0.970032231658724,0.971724778412617,6.20989563473486e-08,0.0322041404010461,1.92829106984428e-06,959.382209006246,364.69091774081,2,1,0,71,74,160.927161241682,2988.88554173463,21.0442637464196,1624.12356661379,,185437.580312885,,81573.9508677681
FBXW7,HMCN1,,,,,,,,,,,,,2,0,0,72,74,,,,,,,,
FBXW7,HYDIN,1061.79911475382,916.508747285387,0.001,0.001,0.936755870510195,0.893439275033399,0.894089322945486,1.55668864482736e-07,0.143205727595773,1.08702959788133e-06,1027.46154195713,905.655689617643,2,4,0,62,68,176.536906922922,3279.50971512351,284.478434021615,2129.86422654357,,33595.0413926018,,48175.2150070958
FBXW7,IDH2,964.763150886575,2521.7401133123,0.001,0.001,0.988938354327342,0.97770441277339,0.979410345516155,1.8516190366559e-08,0.0252603333350478,7.33014490385543e-07,959.382209023284,2497.33029488685,2,1,0,71,74,160.415207536663,2979.24439323878,143.884207931557,11103.8712065311,,292207.321282611,,612744.579863972
FBXW7,KMT2C,979.231466144054,585.657814132262,0.001,0.001,0.960159873696556,0.91478382986431,0.916379978318156,1.26877824530545e-07,0.0884862941514585,1.4338697958508e-06,959.382209026175,576.506898674456,2,3,0,69,74,162.814839559437,3024.15465652418,145.625618054239,1519.11189564692,,52099.9239878251,,29262.9272272376
FBXW7,KRAS,1052.29157619023,14566.1822050218,0.001,208328.94215349,0.927287034162463,0.610838083135552,0.356317026102893,1.16363604530398,0.289580685757078,4.01834826194219,959.382209022557,15930.2202224109,1,10,1,62,74,174.920606151122,3251.70295689906,7295.03022008709,25568.4302650662,,16379.4794571811,10272.5843939317,3334984.48508459
FBXW7,LAMA1,982.832531916185,394.535498706058,0.001,0.001,0.953145250301098,0.918123070379298,0.919725045175058,1.76177746572838e-07,0.0942123292028862,1.87000733410846e-06,959.382209023284,389.785987711132,2,3,0,69,74,163.410711219549,3035.48092062215,98.1031547257937,1023.35980678351,,45150.8368774826,,26424.7695306772
FBXW7,LAMA2,975.050308015829,552.914097047902,0.001,0.001,0.968304787257953,0.945193861748096,0.946843070585934,9.2884141146294e-08,0.0629827868198881,1.47475438665353e-06,959.382209006246,546.684089635296,2,2,0,70,74,162.120999310509,3011.2579647069,91.9325204399186,1707.57486106128,,72349.7582814146,,58707.450684692
FBXW7,LRP1B,969.415475250085,253.712417771232,0.001,0.001,0.97956279761553,0.953272739657854,0.954936044137443,1.53933918637002e-07,0.0598051727933966,2.57392314823306e-06,959.382209005415,250.485700605577,2,2,0,70,74,161.186711434787,2993.6522316036,42.1854891029177,783.501365107566,,112098.638296141,,23429.0511446511
FBXW7,LRP2,,,,,,,,,,,,,2,0,0,72,74,,,,,,,,
FBXW7,LRRIQ1,963.295295969876,613.288579571194,0.001,0.001,0.991947221527916,0.980977240212615,0.982688883099182,4.26411886599032e-08,0.0312335269978732,1.36523770315171e-06,959.382209023284,607.551723212913,2,1,0,71,74,160.171812103843,2974.68131805032,34.993188544648,2700.42923149437,,402846.303130936,,157180.512884103
FBXW7,MACF1,1051.03587667821,737.041548147587,0.001,0.001,0.955899771871274,0.92549799146444,0.926171370257743,1.27182918101612e-07,0.104700773846591,1.21472758442037e-06,1027.46154194981,729.218775334211,2,3,0,63,68,174.75272408509,3246.02780375556,183.279560884591,1911.53034008216,,50222.4903785429,,56391.3723251448
FBXW7,MED12,965.199325821894,301.363516722715,0.001,0.001,0.988055284979929,0.974937849856651,0.976638955513247,7.02464858363169e-08,0.0314099395802017,2.23644129136099e-06,959.382209004257,297.867235812778,2,1,0,71,74,160.487852029431,2980.60865065801,17.1950626476932,1327.02198137532,,270320.598940476,,61729.0474674308
FBXW7,NF1,977.697562181352,822.516921584154,0.001,0.001,0.963092852432675,0.927739649841527,0.929358404062735,1.07425382381288e-07,0.0917079916381533,1.17138518096819e-06,959.382209004257,812.710687779919,2,3,0,69,74,162.563380173063,3019.43170365266,204.537791008269,2133.26091130865,,56530.1150089194,,54556.724153883
FBXW7,NRAS,,,,,,,,,,,,,2,0,0,72,74,,,,,,,,
FBXW7,PBRM1,969.891621349488,622.46536481964,0.001,0.001,0.978582455925228,0.95418538438496,0.955850281360497,8.58752144360098e-08,0.0628710481985441,1.36589442830378e-06,959.382208997649,615.154863543135,2,2,0,70,74,161.266971553236,2995.14699485918,103.499662784073,1922.23832921687,,105015.893751219,,62839.5038005933
FBXW7,PEG3,972.87176566512,583.428773659848,0.001,0.001,0.972622757286172,0.949098768107302,0.950754790171726,9.04258120608577e-08,0.0634929350617358,1.42418698982705e-06,959.382209006246,576.777933242139,2,2,0,70,74,161.760575294831,3004.44532702282,97.0074764403642,1801.75448428759,,83245.328048677,,61477.9123415829
FBXW7,PIK3CA,999.999961707175,1001.00001131312,1001.99995362225,1002.99995538141,1,1,1,0.0942697492740206,0.0893617415064313,1.05492291986315,959.382209009543,989.995686927016,2,3,0,69,74,163.1077078627,3030.63294754191,249.842817132784,2606.32350136086,,48513.6742126263,,54567.3457016467
FBXW7,PLEC,971.333093834373,250.075714452804,0.001,0.001,0.975698308739183,0.950347568379267,0.952005769207817,1.63090203925782e-07,0.0625267514626854,2.60832683788331e-06,959.382209006246,246.99959838121,2,2,0,70,74,161.505870523672,2999.63586017155,41.580429487598,772.287276870184,,92553.7138520684,,24446.5844157847
FBXW7,POLE,973.593572010967,215.650589304315,0.001,0.001,0.971207522463905,0.955846887151154,0.957514683649802,8.55482809019453e-08,0.0291071325809845,2.93908308088834e-06,959.382209011018,212.586197804593,2,1,0,71,74,161.876265190163,3006.91689686717,12.3043993408015,949.620960339477,,110586.507037121,,35795.8950088631
FBXW7,PREX2,976.015000296465,730.972809881812,0.001,0.001,0.966424222041773,0.931899435602737,0.933525447900283,1.14623533115175e-07,0.0917310705030864,1.2495606176461e-06,959.382209001237,722.49378487297,2,3,0,69,74,162.282588609711,3014.19297761895,181.770369569669,1895.78965935182,,63596.6664369236,,50037.2070238183
FBXW7,PTPRT,,,,,,,,,,,,,2,0,0,72,74,,,,,,,,
FBXW7,RASA1,965.194059562585,309.073245887391,0.001,0.001,0.988060964150592,0.976653882553946,0.978357982403726,7.09276183549767e-08,0.0323688724388488,2.19122919678383e-06,959.382209004257,306.025946873843,2,1,0,71,74,160.486956834972,2980.59202367959,17.6350624853194,1360.94248923051,,270595.749275896,,77200.5772998683
FBXW7,ROBO2,965.921739426146,320.226761627107,0.001,0.001,0.986578476100646,0.974539376037441,0.976239786598296,6.87105533303534e-08,0.0321718915378659,2.13573246849605e-06,959.382209005415,316.857661590069,2,1,0,71,74,160.607780915486,2982.86414672872,18.2714658574203,1410.05563511361,,240458.978337877,,74296.5231252955
FBXW7,ROS1,,,,,,,,,,,,,2,0,0,72,74,,,,,,,,
FBXW7,RYR1,1041.38488090585,355.09280520869,0.001,0.001,0.973508093261139,0.94770936048927,0.948398903996925,1.33121322524327e-07,0.0677529064860884,1.9648060788604e-06,1027.46154194981,350.440387335635,2,2,0,64,68,173.161971366311,3216.24703743297,59.0402515607612,1096.67113453233,,94232.8570704856,,32361.9883888796
FBXW7,SACS,984.421950014432,535.716086167412,0.001,0.001,0.950089005765378,0.900738323152192,0.902309964301358,1.85306648980282e-07,0.121537735737946,1.52468406503666e-06,959.382209024878,528.754348063775,2,4,0,68,74,163.677718059331,3040.26699362214,166.292370601881,1244.80477979307,,39952.0579589936,,24348.314646547
FBXW7,SF3B1,482.589760132712,867.919747449046,67005.5807929778,0.001,0.763190787931911,0.992356852093093,0.06617452229471,1.13424948264833,0.0605924389188505,18.7193237784569,959.382209005415,860.127605371454,1,1,1,71,74,27.5355721104888,2124.98592612664,144.312158584479,2680.22742146688,3237.17749279276,1205107.85641296,,289437.371153472
FBXW7,SMAD4,1012.76276017117,2564.67872483088,0.001,0.000999999999976353,0.898078077609588,0.788524818711587,0.789900658837443,1.49134419126507e-07,0.196763616787918,7.57936968028245e-07,959.382208997224,2516.7393483453,2,7,0,65,74,168.377659879237,3128.41161405044,1101.47143172463,4963.81861452049,,18467.2257085534,,45855.5886945873
FBXW7,SPHKAP,,,,,,,,,,,,,2,0,0,72,74,,,,,,,,
FBXW7,SPTA1,964.602153631824,221.321074592632,0.001,0.001,0.989283396526604,0.973571437842208,0.975270159182673,8.54332440625161e-08,0.0298996495961667,2.85733261815446e-06,959.382209023284,218.177744395109,2,1,0,71,74,160.388848661521,2978.7493737275,12.6280610404848,974.555710731203,,301955.546275891,,36395.9020593869
FBXW7,SYNE1,1005.83622128484,322.092281239935,0.001,0.001,0.91033243838692,0.828209990056322,0.829655076623254,4.72430250090389e-07,0.21126288142533,2.23621985510676e-06,959.382209009543,317.737630658759,2,7,0,65,74,167.229511905508,3106.8068818087,138.356835230033,623.216271500086,,21127.6747424358,,8085.66701061439
FBXW7,SYNE2,1034.13843344532,515.474266237079,0.001,0.001,0.987220486741199,0.972184973807606,0.972892327917502,4.99523850798836e-08,0.0333256229906966,1.49891826759934e-06,1027.46154196659,507.97033233548,2,1,0,65,68,171.949839252028,3193.53411668406,29.4117262547158,2269.829100618,,270702.105078939,,82791.2759243209
FBXW7,TENM1,,,,,,,,,,,,,2,0,0,72,74,,,,,,,,
FBXW7,TP53,1115.61305124478,1747.90812365195,0.001,10329.8962664119,0.964461118637317,0.863169114014318,0.680565928126493,1.06456534210572,0.509822768155136,2.0881086695245,959.382209006298,1835.80904331859,1,17,1,55,74,185.42068572762,3448.68751225808,1041.53656769339,2721.03997036743,,11424.6336273201,512.729726428027,153718.089387837
FBXW7,TTN,1055.81263177334,1118.89368810881,0.001,0.001,0.947350288022091,0.91325594668219,0.913920416046486,1.0360689528012e-07,0.106232815956721,9.75281454671491e-07,1027.46154197128,1105.30947629133,2,3,0,63,68,175.541908035301,3261.01559077786,278.215164815326,2902.29768752775,,42549.0891572195,,73964.4930158352
FBXW7,XIRP2,970.758986666374,497.844541982088,0.001,0.001,0.976859632233041,0.947374945152145,0.949027959158801,9.06058670148771e-08,0.057475281409601,1.57643189894398e-06,959.382209023284,490.657497140541,2,2,0,70,74,161.410560474606,2997.85567296234,82.7769128010165,1537.46831853726,,98576.3329223772,,40238.8969534871
FBXW7,ZFHX3,1034.13956745316,215.622290182011,0.001,0.001,0.987212220850922,0.974311904968323,0.975020806615309,9.93057542764304e-08,0.0344262667924732,2.88459259538831e-06,1027.46154196659,212.94898988174,2,1,0,65,68,171.950033513606,3193.53772341727,12.3028712419474,949.470159903362,,270323.9991232,,42025.4188971041
FBXW7,ZNF521,,,,,,,,,,,,,2,0,0,72,74,,,,,,,,
FBXW7,ZNF536,1051.34296485856,619.13744411074,0.001,0.001,0.955397192614734,0.918447437485267,0.91911568626982,1.36049897027021e-07,0.100667677279401,1.35147547558307e-06,1027.46154194981,611.094230963032,2,3,0,63,68,174.801466620321,3246.93056114534,153.956046709691,1605.85102727341,,49450.8450378182,,38380.3124150178
FGFR2,GLI3,,,,,,,,,,,,,0,2,0,72,74,,,,,,,,
FGFR2,GNAS,,,,,,,,,,,,,0,1,0,73,74,,,,,,,,
FGFR2,HMCN1,,,,,,,,,,,,,0,0,0,74,74,,,,,,,,
FGFR2,HYDIN,,,,,,,,,,,,,0,4,0,64,68,,,,,,,,
FGFR2,IDH2,,,,,,,,,,,,,0,1,0,73,74,,,,,,,,
FGFR2,KMT2C,,,,,,,,,,,,,0,3,0,71,74,,,,,,,,
FGFR2,KRAS,,,,,,,,,,,,,0,11,0,63,74,,,,,,,,
FGFR2,LAMA1,,,,,,,,,,,,,0,3,0,71,74,,,,,,,,
FGFR2,LAMA2,,,,,,,,,,,,,0,2,0,72,74,,,,,,,,
FGFR2,LRP1B,,,,,,,,,,,,,0,2,0,72,74,,,,,,,,
FGFR2,LRP2,,,,,,,,,,,,,0,0,0,74,74,,,,,,,,
FGFR2,LRRIQ1,,,,,,,,,,,,,0,1,0,73,74,,,,,,,,
FGFR2,MACF1,,,,,,,,,,,,,0,3,0,65,68,,,,,,,,
FGFR2,MED12,,,,,,,,,,,,,0,1,0,73,74,,,,,,,,
FGFR2,NF1,,,,,,,,,,,,,0,3,0,71,74,,,,,,,,
FGFR2,NRAS,,,,,,,,,,,,,0,0,0,74,74,,,,,,,,
FGFR2,PBRM1,,,,,,,,,,,,,0,2,0,72,74,,,,,,,,
FGFR2,PEG3,,,,,,,,,,,,,0,2,0,72,74,,,,,,,,
FGFR2,PIK3CA,,,,,,,,,,,,,0,3,0,71,74,,,,,,,,
FGFR2,PLEC,,,,,,,,,,,,,0,2,0,72,74,,,,,,,,
FGFR2,POLE,,,,,,,,,,,,,0,1,0,73,74,,,,,,,,
FGFR2,PREX2,,,,,,,,,,,,,0,3,0,71,74,,,,,,,,
FGFR2,PTPRT,,,,,,,,,,,,,0,0,0,74,74,,,,,,,,
FGFR2,RASA1,,,,,,,,,,,,,0,1,0,73,74,,,,,,,,
FGFR2,ROBO2,,,,,,,,,,,,,0,1,0,73,74,,,,,,,,
FGFR2,ROS1,,,,,,,,,,,,,0,0,0,74,74,,,,,,,,
FGFR2,RYR1,,,,,,,,,,,,,0,2,0,66,68,,,,,,,,
FGFR2,SACS,,,,,,,,,,,,,0,4,0,70,74,,,,,,,,
FGFR2,SF3B1,,,,,,,,,,,,,0,2,0,72,74,,,,,,,,
FGFR2,SMAD4,,,,,,,,,,,,,0,7,0,67,74,,,,,,,,
FGFR2,SPHKAP,,,,,,,,,,,,,0,0,0,74,74,,,,,,,,
FGFR2,SPTA1,,,,,,,,,,,,,0,1,0,73,74,,,,,,,,
FGFR2,SYNE1,,,,,,,,,,,,,0,7,0,67,74,,,,,,,,
FGFR2,SYNE2,,,,,,,,,,,,,0,1,0,67,68,,,,,,,,
FGFR2,TENM1,,,,,,,,,,,,,0,0,0,74,74,,,,,,,,
FGFR2,TP53,,,,,,,,,,,,,0,18,0,56,74,,,,,,,,
FGFR2,TTN,,,,,,,,,,,,,0,3,0,65,68,,,,,,,,
FGFR2,XIRP2,,,,,,,,,,,,,0,2,0,72,74,,,,,,,,
FGFR2,ZFHX3,,,,,,,,,,,,,0,1,0,67,68,,,,,,,,
FGFR2,ZNF521,,,,,,,,,,,,,0,0,0,74,74,,,,,,,,
FGFR2,ZNF536,,,,,,,,,,,,,0,3,0,65,68,,,,,,,,
GLI3,GNAS,238.538694663763,370.260299976775,0.001,0.001,0.981385490072686,0.985047665553325,0.96671306298587,1.18407127609309e-07,0.0331994054725493,3.56654361498171e-06,236.29284149481,364.69091774081,2,1,0,71,74,39.6621056205987,736.660578265639,21.1257545241554,1630.46213117572,,42468.1872581358,,57937.1043624852
GLI3,HMCN1,,,,,,,,,,,,,2,0,0,72,74,,,,,,,,
GLI3,HYDIN,130.211330183055,913.134554464632,0.001,0.001,0.966723371709578,0.968209676622031,0.935996916192366,3.41304279903305e-07,0.0731653758325258,4.66483327693887e-06,125.860774661813,905.655689617643,1,4,0,63,68,7.429270815344,573.446885229204,283.433772982473,2121.98938974156,,7972.52574243928,,93993.5750950868
GLI3,IDH2,237.633804252369,2533.47078752717,0.001,0.001,0.988829542242011,0.985779548090329,0.974768695877749,5.84370475013168e-08,0.0247033240408406,2.36555402037014e-06,236.29284149481,2497.33029488685,2,1,0,71,74,39.5122819456458,733.836965440879,144.553609968051,11155.9944393983,,71262.1556678996,,415197.04978539
GLI3,KMT2C,240.88380814079,584.141422854257,0.001,0.001,0.96250712374761,0.961766845891986,0.925714822450564,2.73395677969843e-07,0.0890519550040492,3.07006935397894e-06,236.29284149481,576.506898672438,2,3,0,69,74,40.0514380357665,743.930309079177,145.250984110155,1515.13630644128,,13822.4947492219,,35062.9979550261
GLI3,KRAS,262.058298684242,16170.0078367252,0.001,0.001,0.814337205882181,0.846947672897427,0.68980802327647,6.46742539474332e-07,0.28708818746476,2.25276611060049e-06,236.292841495343,15930.2202228255,2,11,0,61,74,43.5574128989838,809.888929130224,8398.31688537151,27744.372158076,,2397.34712685136,,222960.670601591
GLI3,LAMA1,242.228726315787,395.430846349136,0.001,0.001,0.951944580849003,0.958455268705368,0.912407739860424,3.37800934066892e-07,0.0960849938239923,3.51564714346211e-06,236.292841494806,389.785987711132,2,3,0,69,74,40.273647034991,748.148517907152,98.3248297462992,1025.70341290103,,10980.9710009134,,21841.3879975124
GLI3,LAMA2,240.096001969764,554.225637124951,0.001,0.001,0.968781515771101,0.973223966027675,0.942845780153347,2.01072786281797e-07,0.0645813364572145,3.11348134480011e-06,236.292841495579,546.684089631876,2,2,0,70,74,39.9204744249162,741.496544749466,92.1498974621098,1711.65852861617,,18082.624644758,,47944.9793230288
GLI3,LRP1B,238.339032750902,253.780704790755,0.001,0.001,0.983047890684447,0.974322923854846,0.957807889940811,2.52649513403196e-07,0.0600759392943551,4.20550250850485e-06,236.29284149543,250.485700605922,2,2,0,70,74,39.6294057706455,736.020837060152,42.1968073046635,783.713259819383,,34191.1612529403,,22843.4872609557
GLI3,LRP2,,,,,,,,,,,,,2,0,0,72,74,,,,,,,,
GLI3,LRRIQ1,237.144565122368,615.442367950466,0.001,0.001,0.992897550458028,0.987204754124012,0.980193526509851,9.45331131187166e-08,0.0315328895566044,2.99792104206058e-06,236.29284149481,607.551723212913,2,1,0,71,74,39.431122646059,732.315991440295,35.1158463825155,2709.96484129335,,112581.415184162,,112169.54871698
GLI3,MACF1,128.799011239358,735.257238247535,0.001,0.001,0.977283056532081,0.975817168389867,0.953652338098273,2.56855170467987e-07,0.0537756573462171,4.77642084064745e-06,125.860774662297,729.218775334211,1,3,0,64,68,7.34883054717145,567.188164189376,182.835892125404,1906.90927784728,,12129.2230673443,,100303.685091241
GLI3,MED12,237.593272830617,302.150229968381,0.001,0.001,0.989168420657722,0.985872949791504,0.975195174553066,1.23615954820012e-07,0.0319396117528671,3.87030236236091e-06,236.292841494956,297.867235811976,2,1,0,71,74,39.5055443821968,733.710446219528,17.2398713768941,1330.5103302935,,73486.7111014339,,49867.8511194347
GLI3,NF1,240.620327615246,823.603256767214,0.001,0.001,0.96461672409576,0.961218191898982,0.927213251038268,2.60658433951649e-07,0.0926923534817751,2.8120813007828e-06,236.29284149481,812.710687779919,2,3,0,69,74,40.0076742841477,743.114851249087,204.803197034754,2136.06506597809,,14901.7399318326,,48775.6336618154
GLI3,NRAS,,,,,,,,,,,,,2,0,0,72,74,,,,,,,,
GLI3,PBRM1,238.794320013867,623.638191251953,0.001,0.001,0.979317885627603,0.973110884631824,0.952987066695376,1.91586728691753e-07,0.0637742875168283,3.00413750041815e-06,236.292841494956,615.154863545168,2,2,0,70,74,39.7049730575362,737.433215940248,103.694007058075,1925.88959502737,,26825.5437431839,,53768.1793128735
GLI3,PEG3,239.698597828361,584.52004760256,0.001,0.001,0.971976052019953,0.973885029756464,0.946596381617818,1.98895279439858e-07,0.0649368495597958,3.06290312493077e-06,236.292841495579,576.777933246576,2,2,0,70,74,39.8546942656632,740.2553437686,97.1884079954316,1805.1477903597,,20206.4541450956,,51854.4708706131
GLI3,PIK3CA,241.866113910187,1001.66183653716,0.001,0.001,0.922101512818482,0.965962942700524,0.922241788634336,2.42709231506981e-07,0.0900378292035515,2.69563619707312e-06,236.292841494956,989.995686924205,2,3,0,69,74,40.2139590660742,747.000071210071,249.07056394061,2598.0757411004,,11442.2342829381,,67630.6263506243
GLI3,PLEC,239.235600667374,250.80485948982,0.001,0.001,0.975736084330541,0.970071781632851,0.946537268625665,2.72280601655247e-07,0.0640679188303076,4.24987429943555e-06,236.29284149481,246.99959838121,2,2,0,70,74,39.778109574176,738.806849519457,41.7012674170272,774.557734472273,,22822.2391640256,,19359.8027906455
GLI3,POLE,239.756030958275,215.357368912033,0.001,0.001,0.971510052051564,0.987235771894532,0.959111432926188,1.34882817995948e-07,0.0295286014412973,4.56787018051277e-06,236.292841494806,212.586197804821,2,1,0,71,74,39.8632241985435,740.483678217917,12.2877242938064,948.319379934039,,27533.1737356975,,39318.6747905978
GLI3,PREX2,240.185568990559,732.323436467698,0.001,0.001,0.968104611520139,0.960644493931885,0.93001025757961,2.68121898288221e-07,0.0927433689581868,2.89100882683164e-06,236.292841495343,722.493784868749,2,3,0,69,74,39.9355542460459,741.764145552901,182.104895513509,1899.32458476869,,16864.4194139522,,42694.9724836811
GLI3,PTPRT,,,,,,,,,,,,,2,0,0,72,74,,,,,,,,
GLI3,RASA1,237.591955231774,310.060213531876,0.001,0.001,0.989173568806571,0.98702949098565,0.976344141900083,1.26196589258359e-07,0.0329996066699113,3.8241846492499e-06,236.292841494956,306.025946873843,2,1,0,71,74,39.5053427465869,733.706701140031,17.6912949440869,1365.31122127,,73561.4964860201,,55933.1909061718
GLI3,ROBO2,237.874574779351,321.091584877472,0.001,0.001,0.986835298783582,0.986857696340852,0.97386679508393,1.23818885219059e-07,0.0328494612221881,3.76928207076425e-06,236.29284149481,316.85766158962,2,1,0,71,74,39.5521665637635,734.586693296523,18.3207520441936,1413.88514027995,,60391.9756352262,,57167.3206393637
GLI3,ROS1,,,,,,,,,,,,,2,0,0,72,74,,,,,,,,
GLI3,RYR1,127.472244045196,353.700357154198,0.001,0.001,0.987385399073469,0.981973266780954,0.969587480345847,1.89865491516394e-07,0.0344613143844034,5.50952553342899e-06,125.860774662388,350.440387335635,1,2,0,65,68,7.2735108029289,561.341990331528,58.803635165281,1092.26453140497,,25686.8583539294,,65119.8267939091
GLI3,SACS,242.123781217812,535.794219133936,0.001,0.001,0.952745120504987,0.94912874930551,0.904288412401851,3.90315696974924e-07,0.123182260789459,3.16860312900123e-06,236.292841494956,528.754348063775,2,4,0,68,74,40.2573491000887,747.770248039108,166.316509970982,1244.98643484669,,10433.3059249355,,23968.8869624576
GLI3,SF3B1,238.733174117665,870.56927138122,0.001,0.001,0.979808054267405,0.976275703269421,0.95656469311696,1.69943966058916e-07,0.0615438660060429,2.76134693979461e-06,236.292841495579,860.12760537155,2,2,0,70,74,39.6947294457019,737.245399394316,144.752430644283,2688.41786704206,,28272.745904935,,84989.6913980309
GLI3,SMAD4,250.46224672824,2549.95402807297,0.001,0.001,0.890729250945183,0.915070329063277,0.815123140931214,4.78057738464988e-07,0.198359922485394,2.41005205323262e-06,236.292841494806,2516.7393483453,2,7,0,65,74,41.6394096161351,773.727976224894,1095.22087111321,4934.84306872901,,4238.47916712258,,66580.5737137998
GLI3,SPHKAP,,,,,,,,,,,,,2,0,0,72,74,,,,,,,,
GLI3,SPTA1,237.567671822667,221.115654582106,0.001,0.001,0.989374870714604,0.986746871546885,0.976263136139341,1.35787947294283e-07,0.0302559643560428,4.48797287359188e-06,236.29284149481,218.177744392883,2,1,0,71,74,39.5013393637051,733.631577015439,12.6163793456414,973.645124797306,,75016.5136238364,,38928.8491674392
GLI3,SYNE1,247.426496122789,322.339575754245,0.001,0.001,0.912645774968587,0.906498738294899,0.827348437783875,8.33947846268918e-07,0.214018094851956,3.89662307220233e-06,236.29284149527,317.737630658759,2,7,0,65,74,41.1369237138072,764.246243722509,138.462039026547,623.700690087715,,5348.00831756601,,7616.78230292228
GLI3,SYNE2,126.595172847204,511.961349558351,0.001,0.001,0.994225407461624,0.9922229435869,0.986493471457237,8.53433526808514e-08,0.0169785385592967,5.02654291373749e-06,125.860774662365,507.97033233548,1,1,0,66,68,7.22325966877495,557.433574773263,29.2115979720292,2254.30557674795,,73905.52610354,,221034.904186775
GLI3,TENM1,,,,,,,,,,,,,2,0,0,72,74,,,,,,,,
GLI3,TP53,278.971580488774,1868.23613605723,0.001,0.001,0.719238405744713,0.749699719989758,0.539501310866872,1.33685851066989e-06,0.512493994340161,2.60853497881688e-06,236.292841495006,1835.80904331323,2,18,0,54,74,46.3621115185701,862.589870449396,1130.68311994056,2875.76934017974,,1517.55917183448,,14568.916960908
GLI3,TTN,129.468920183407,1114.96854162085,0.001,0.001,0.972261216385041,0.974625115034696,0.947594630458122,2.45934932753024e-07,0.0541616663570189,4.54075639275734e-06,125.860774662388,1105.30947630217,1,3,0,64,68,7.38682199268049,570.171870356178,277.241935088791,2892.12582319402,,10094.8752007923,,144742.667485011
GLI3,XIRP2,145.402920014088,438.521656568385,13860.1109251709,8359.13385152147,0.866727394117956,0.996428497342644,0.0648325223392879,1.14024968985517,0.0576591746566015,19.7756852512391,236.292841495175,490.657497141621,1,1,1,71,74,8.52769357655243,607.294252539765,43.1238310139344,1467.06027601267,,236690.987428202,,296412.551586698
GLI3,ZFHX3,126.595796925883,214.686309043123,0.001,0.001,0.99422162138624,0.9919330274979,0.986201512263623,1.13545804045125e-07,0.0177134363609327,6.41015112660761e-06,125.860774662365,212.948989883829,1,1,0,66,68,7.22329298862779,557.436146236121,12.2495190609494,945.337275594139,,73801.8327398574,,89316.9168401197
GLI3,ZNF521,,,,,,,,,,,,,2,0,0,72,74,,,,,,,,
GLI3,ZNF536,128.919057919976,616.134591039854,0.001,0.001,0.976375307585509,0.975943808940017,0.952890482094466,2.53302857183314e-07,0.0516275992497129,4.90634584726933e-06,125.860774662365,611.094230963032,1,3,0,64,68,7.35566102145357,567.719513742147,153.210857786774,1598.02368664801,,11614.7489865864,,84508.4379208555
GNAS,HMCN1,,,,,,,,,,,,,1,0,0,73,74,,,,,,,,
GNAS,HYDIN,0.001,906.277442205826,14127.8462982053,2788.0829820655,0.811557419428243,0.999998937517322,0.058334207348954,1.07637407056925,0.0749276668362125,14.3655089771064,393.567598166573,905.655689619764,0,3,1,64,68,,855.24316275143,281.314037403477,2105.81474142113,761.585933652561,83066.7739548239,,
GNAS,IDH2,366.948043603314,2503.92382928153,0.001,0.001,0.993863661184873,0.997382086871586,0.991261909164615,1.98126731947718e-08,0.0125073977741325,1.58407636444951e-06,364.69091774081,2497.33029488685,1,1,0,72,74,20.9371861384785,1615.81323375883,142.870001147996,11025.2732506738,,201335.148152443,,3234854.36878688
GNAS,KMT2C,0.001,577.060674704333,25907.8187737457,5743.89312644879,0.595969768271766,0.999998190734035,0.0307366694942465,1.11464637801259,0.0452392570313071,24.6389187435421,364.690917740789,576.506898672438,0,2,1,71,74,,834.051874795871,143.496990054796,1496.62118003327,1346.71000180215,193458.086686797,,
GNAS,KRAS,0.001,15922.6799377684,3939.500855974,166.23721378007,1,0.999999029641737,0.185203542265034,0.772214440936276,0.146706847600725,5.26365642480385,364.690917740164,15930.2202221201,0,10,1,63,74,,770.343849482056,8263.68842940632,27291.1895959136,220.680227345769,18705.8590686065,,
GNAS,LAMA1,374.543325370455,393.864126299143,0.001,0.001,0.973847164977717,0.969697337678988,0.944342505298733,1.33603150208848e-07,0.0488101851471697,2.7371981852971e-06,364.690917740767,389.785987711132,1,3,0,70,74,21.3696385892805,1649.50907470778,97.935279562022,1021.63993037823,,31541.7121435137,,42520.6072102772
GNAS,LAMA2,370.919559136337,551.541931671966,0.001,0.001,0.983293680412292,0.982623688078949,0.966209549982895,7.66799535000841e-08,0.0328273051564243,2.33585891789469e-06,364.69091774081,546.684089636808,1,2,0,71,74,21.1633560593334,1633.41639188404,91.7038771763544,1703.34253048012,,53133.2978686671,,105362.019307154
GNAS,LRP1B,368.055628339457,252.912116337989,0.001,0.001,0.990932340278323,0.981000912233042,0.972106451715319,1.04274967787157e-07,0.0304136229188313,3.42856120973976e-06,364.690917740789,250.485700605577,1,2,0,71,74,21.0003134508908,1620.70402340292,42.0523173311126,781.034385942381,,102267.669589012,,44094.3588632402
GNAS,LRP2,,,,,,,,,,,,,1,0,0,73,74,,,,,,,,
GNAS,LRRIQ1,365.95064075269,611.835104405919,0.001,0.001,0.996583863423886,0.993012430802619,0.989620283393726,3.56283624504059e-08,0.0160418529383668,2.22096303882668e-06,364.69091774081,607.551723215317,1,1,0,72,74,20.8803458626964,1611.39542358696,34.910257506303,2694.03116248996,,362634.112689065,,294136.556613828
GNAS,MACF1,0.001,729.842475944556,23533.5081982313,6765.84090943025,0.871788927277383,0.999998462992114,0.0361708776528898,1.13777448027885,0.0549939634031631,20.6890794892847,393.567598166573,729.218775334211,0,2,1,65,68,,918.387376586087,181.495217160872,1892.72663717563,1236.80538201577,165574.645913201,,
GNAS,MED12,367.055804176306,301.031424432803,0.001,0.001,0.993600002854914,0.989525834552296,0.983193295399324,5.0884114640359e-08,0.0164416554350975,3.09482915763691e-06,364.69091774081,297.867235812778,1,1,0,72,74,20.9433102486281,1616.28980072002,17.176008653983,1325.5888766061,,192947.714383594,,96019.447917312
GNAS,NF1,370.626777323724,819.67466186543,0.001,0.001,0.984088121817734,0.9749435145049,0.959432582001681,9.5550084028978e-08,0.0470189207015818,2.03216242744941e-06,364.69091774081,812.710687779919,1,3,0,70,74,21.1468249704089,1632.07930723823,203.827696017906,2125.84486103256,,51902.000731684,,107723.001433314
GNAS,NRAS,,,,,,,,,,,,,1,0,0,73,74,,,,,,,,
GNAS,PBRM1,368.173972946459,620.41618431131,0.001,0.001,0.990575956617387,0.983203174830099,0.973938237409674,7.23055896129088e-08,0.0325017419118855,2.22466813652432e-06,364.69091774081,615.154863545168,1,2,0,71,74,21.007706744598,1621.26952760738,103.158360048826,1915.89609302624,,93425.0994428171,,122705.111750277
GNAS,PEG3,0.001,577.409364932789,45790.6811426887,22201.0307392114,0.726117579267191,0.999997725281873,0.0190324747345961,1.09647306225845,0.0331433672225521,33.0827297931384,364.69091774081,576.777933246576,0,1,1,72,74,,975.515508154208,96.0089103282488,1783.04934507691,2193.47307826653,720735.830963866,,
GNAS,PIK3CA,373.329916224949,1001.20074612814,0.000999999999976353,0.001,0.944801709352476,0.967176001422704,0.944945438558462,8.76005823149603e-08,0.0454998027655709,1.9252958692218e-06,364.69091774081,989.995686924205,1,3,0,70,74,21.3006304406541,1644.10076506442,248.951143849463,2597.00104913981,,35959.8789244716,,99472.2900744696
GNAS,PLEC,369.24059511523,249.78633308739,0.001,0.001,0.987766729838856,0.977948184148039,0.965986195199162,1.1415136062429e-07,0.0329111742628922,3.46846817778231e-06,364.69091774081,246.99959838121,1,2,0,71,74,21.0678452687618,1625.94306638925,41.5318625124377,771.41516271363,,70321.9646384941,,37368.837913841
GNAS,POLE,369.844411148142,214.729064465781,0.001,0.001,0.986132375804393,0.990080629947209,0.976351472210473,5.69903470036375e-08,0.0150319397494106,3.79128362365025e-06,364.690917740789,212.586197804566,1,1,0,72,74,21.1018976510089,1628.71281035552,12.2518366241466,945.560576032483,,88649.8175866662,,72383.2418058371
GNAS,PREX2,370.918020262777,728.180448709894,0.001,0.001,0.983312783941019,0.97697279496561,0.960672123935017,9.84754660771255e-08,0.0466492011593334,2.11097861549175e-06,364.690917740794,722.493784870315,1,3,0,70,74,21.1633544706968,1633.38673599456,181.07688646389,1888.5311420614,,50715.3607399105,,104394.141602613
GNAS,PTPRT,,,,,,,,,,,,,1,0,0,73,74,,,,,,,,
GNAS,RASA1,367.051657777308,308.549102336075,0.001,0.001,0.99360309820277,0.991849116005471,0.98550465958769,5.15112039923757e-08,0.0169039772418693,3.04728308937782e-06,364.69091774081,306.025946873843,1,1,0,72,74,20.9430763676949,1616.27175108129,17.6051342090786,1358.6413025271,,193144.701889544,,126930.405563599
GNAS,ROBO2,367.3331108642,319.76589058555,0.001,0.001,0.992846662291938,0.990935266831865,0.983847142235155,5.03355070107653e-08,0.0168182408033642,2.99291154165759e-06,364.69091774081,316.857661590069,1,1,0,72,74,20.9591010621776,1617.52081367292,18.2451098770793,1408.04018697337,,172676.899541314,,118113.997267677
GNAS,ROS1,,,,,,,,,,,,,1,0,0,73,74,,,,,,,,
GNAS,RYR1,0.001,351.069803327344,64711.2407870053,40906.7283548085,0.433555613710403,0.999995544242348,0.0157064307442947,1.26910186298388,0.0353530388956096,35.8979567988846,393.567598166573,350.440387335635,0,1,1,66,68,,1106.19165763774,58.3733315291911,1084.14788375744,2872.50492112764,1121414.03221041,,
GNAS,SACS,374.317909802942,533.735082411355,0.001,0.001,0.974432234839697,0.963655518034067,0.939022246058839,1.49138006014238e-07,0.0624041220250236,2.38987427712603e-06,364.69091774081,528.754348063775,1,4,0,69,74,21.3572348756412,1648.41060677611,165.677424421351,1240.19835920883,,30193.3519958892,,47756.4996099166
GNAS,SF3B1,367.974186819398,869.66384117343,0.001,0.001,0.991155963977893,0.978262474549557,0.969611676046857,6.14481332850223e-08,0.0308745639510184,1.9902510488086e-06,364.690917740789,860.127605371454,1,2,0,71,74,20.9957743386403,1620.34232112986,144.602818378588,2685.76412070586,,99963.6570398012,,132045.298958205
GNAS,SMAD4,385.132419044104,2548.91919637193,0.001,0.001,0.947277583500942,0.917069988133615,0.868745576412088,1.61649383510765e-07,0.0990758996470273,1.63157119023561e-06,364.69091774081,2516.7393483453,1,7,0,66,74,21.9731921061673,1696.32218727133,1094.72722183105,4933.22039241226,,13999.8204084676,,94827.8509422322
GNAS,SPHKAP,,,,,,,,,,,,,1,0,0,73,74,,,,,,,,
GNAS,SPTA1,366.634301285353,220.382978027636,0.001,0.001,0.994737624389185,0.990018207065558,0.984808636836023,5.70057185006814e-08,0.0153622095046071,3.71077601067644e-06,364.69091774081,218.177744395109,1,1,0,72,74,20.9193201093214,1614.4225030291,12.5745654394132,970.425396191442,,235086.441951693,,73819.9365436613
GNAS,SYNE1,381.743742030933,320.965601162191,0.001,0.001,0.955611940728215,0.933230604502993,0.891823385332497,3.37994088175919e-07,0.108810201104715,3.10627206589432e-06,364.690917740191,317.737630658759,1,7,0,66,74,21.7802476832259,1681.27566259218,137.872444782097,621.038078145366,,16697.905972498,,15118.5422973353
GNAS,SYNE2,396.32301734889,513.115542535393,0.001,0.001,0.993099196134885,0.989991146218342,0.983159801425674,3.94974724341954e-08,0.0172494157258539,2.28978610417485e-06,393.567598166609,507.97033233548,1,1,0,66,68,22.6129916810683,1745.17760664458,29.2775280307485,2259.4595165715,,193270.249026377,,171350.255250323
GNAS,TENM1,,,,,,,,,,,,,1,0,0,73,74,,,,,,,,
GNAS,TP53,0.001,1836.07755391577,2460.41597725714,1176.02470838656,1,0.999999935438931,0.28363122457927,0.892929464641626,0.259911014012958,3.43551991450855,364.690917740218,1835.80904331709,0,17,1,56,74,,908.357976836713,1111.47703731696,2825.38078201482,139.005443619905,11257.8702033404,,
GNAS,TTN,404.541599846917,1115.55124745795,0.001,0.001,0.973020983908149,0.973134231551309,0.946885325150243,9.89595427911688e-08,0.0557708285755121,1.77439613717018e-06,393.567598166573,1105.30947629133,1,3,0,64,68,23.0811244181043,1781.6437443935,277.383608050848,2893.63463979297,,32662.623495724,,136378.601455681
GNAS,XIRP2,369.416973538255,494.976370044807,0.001,0.001,0.987281215416652,0.982733882867088,0.970235939065533,7.05241980855642e-08,0.0289662024174426,2.43470638881874e-06,364.690917740789,490.657497141621,1,2,0,71,74,21.0778572459268,1626.7374170317,82.3006446255034,1528.5773508826,,70123.8755929027,,95175.2389952163
GNAS,ZFHX3,396.323129396221,215.221937442736,0.001,0.001,0.993094650232839,0.989475892323369,0.982643672774675,6.62764287544075e-08,0.0180397139788089,3.67391793640752e-06,393.567598166609,212.948989883829,1,1,0,66,68,22.6131388396255,1745.18896495627,12.2799799472509,947.720037586193,,192998.270051418,,68296.437134112
GNAS,ZNF521,,,,,,,,,,,,,1,0,0,73,74,,,,,,,,
GNAS,ZNF536,402.783478834275,617.522937947833,0.001,0.000999999999997669,0.97726212857695,0.969430830617817,0.947392395998843,1.12651888201434e-07,0.0524170783797649,2.14914473838593e-06,393.567598166573,611.094230963032,1,3,0,64,68,22.9812512465214,1773.77445667851,153.553593901751,1601.67669547988,,37705.9870671083,,66043.6022897072
HMCN1,HYDIN,,,,,,,,,,,,,0,4,0,64,68,,,,,,,,
HMCN1,IDH2,,,,,,,,,,,,,0,1,0,73,74,,,,,,,,
HMCN1,KMT2C,,,,,,,,,,,,,0,3,0,71,74,,,,,,,,
HMCN1,KRAS,,,,,,,,,,,,,0,11,0,63,74,,,,,,,,
HMCN1,LAMA1,,,,,,,,,,,,,0,3,0,71,74,,,,,,,,
HMCN1,LAMA2,,,,,,,,,,,,,0,2,0,72,74,,,,,,,,
HMCN1,LRP1B,,,,,,,,,,,,,0,2,0,72,74,,,,,,,,
HMCN1,LRP2,,,,,,,,,,,,,0,0,0,74,74,,,,,,,,
HMCN1,LRRIQ1,,,,,,,,,,,,,0,1,0,73,74,,,,,,,,
HMCN1,MACF1,,,,,,,,,,,,,0,3,0,65,68,,,,,,,,
HMCN1,MED12,,,,,,,,,,,,,0,1,0,73,74,,,,,,,,
HMCN1,NF1,,,,,,,,,,,,,0,3,0,71,74,,,,,,,,
HMCN1,NRAS,,,,,,,,,,,,,0,0,0,74,74,,,,,,,,
HMCN1,PBRM1,,,,,,,,,,,,,0,2,0,72,74,,,,,,,,
HMCN1,PEG3,,,,,,,,,,,,,0,2,0,72,74,,,,,,,,
HMCN1,PIK3CA,,,,,,,,,,,,,0,3,0,71,74,,,,,,,,
HMCN1,PLEC,,,,,,,,,,,,,0,2,0,72,74,,,,,,,,
HMCN1,POLE,,,,,,,,,,,,,0,1,0,73,74,,,,,,,,
HMCN1,PREX2,,,,,,,,,,,,,0,3,0,71,74,,,,,,,,
HMCN1,PTPRT,,,,,,,,,,,,,0,0,0,74,74,,,,,,,,
HMCN1,RASA1,,,,,,,,,,,,,0,1,0,73,74,,,,,,,,
HMCN1,ROBO2,,,,,,,,,,,,,0,1,0,73,74,,,,,,,,
HMCN1,ROS1,,,,,,,,,,,,,0,0,0,74,74,,,,,,,,
HMCN1,RYR1,,,,,,,,,,,,,0,2,0,66,68,,,,,,,,
HMCN1,SACS,,,,,,,,,,,,,0,4,0,70,74,,,,,,,,
HMCN1,SF3B1,,,,,,,,,,,,,0,2,0,72,74,,,,,,,,
HMCN1,SMAD4,,,,,,,,,,,,,0,7,0,67,74,,,,,,,,
HMCN1,SPHKAP,,,,,,,,,,,,,0,0,0,74,74,,,,,,,,
HMCN1,SPTA1,,,,,,,,,,,,,0,1,0,73,74,,,,,,,,
HMCN1,SYNE1,,,,,,,,,,,,,0,7,0,67,74,,,,,,,,
HMCN1,SYNE2,,,,,,,,,,,,,0,1,0,67,68,,,,,,,,
HMCN1,TENM1,,,,,,,,,,,,,0,0,0,74,74,,,,,,,,
HMCN1,TP53,,,,,,,,,,,,,0,18,0,56,74,,,,,,,,
HMCN1,TTN,,,,,,,,,,,,,0,3,0,65,68,,,,,,,,
HMCN1,XIRP2,,,,,,,,,,,,,0,2,0,72,74,,,,,,,,
HMCN1,ZFHX3,,,,,,,,,,,,,0,1,0,67,68,,,,,,,,
HMCN1,ZNF521,,,,,,,,,,,,,0,0,0,74,74,,,,,,,,
HMCN1,ZNF536,,,,,,,,,,,,,0,3,0,65,68,,,,,,,,
HYDIN,IDH2,,,,,,,,,,,,,4,0,0,64,68,,,,,,,,
HYDIN,KMT2C,687.173302910042,633.62291787148,15915.5530869092,0.001,0.796008560891696,0.998886033305833,0.263816735105941,1.17950886729456,0.196642554754174,5.99823811671427,905.655689617904,618.932723161965,3,2,1,62,68,170.870936168079,1782.3855019794,157.550655551702,1643.59909941611,828.919228287468,116542.272321945,,32005.1006089026
HYDIN,KRAS,1011.53169807159,16416.3363108808,0.001,59315.2974418551,0.882539924593141,0.801334475431355,0.785548367672001,1.00975833747959,0.627353284535582,1.60955296221506,905.65568961644,17587.7956963953,3,10,1,54,68,313.758568479697,2353.76940409291,8219.16822803582,28828.513241278,,6882.4678704555,3220.47051589991,338690.250219899
HYDIN,LAMA1,933.467529348206,434.801767113875,0.001,0.001,0.888156864925634,0.899605235263628,0.799062711983022,3.99823919099932e-07,0.216442915649597,1.84724881338788e-06,905.655689613819,419.462766676257,4,3,0,61,68,289.69939292762,2169.89070891231,108.102602295013,1128.09037380087,,17495.3836776325,,8485.17808929793
HYDIN,LAMA2,917.023310647022,301.5136228141,0.001,10561.7401306836,0.97794894562226,0.839469799007226,0.214909742279367,1.06631163539168,0.145042794078459,7.35170362765398,905.655689615946,587.26675429756,3,1,1,63,68,284.625938887881,2131.23345643419,17.2028721539241,1327.8952954856,,122408.944111788,570.828721958012,61900.7866854307
HYDIN,LRP1B,914.169206083816,278.795708674485,0.001,0.001,0.96415330625398,0.936122395186525,0.902576741214764,3.37246881502648e-07,0.135199775974162,2.4944337301794e-06,905.655689617643,269.696788153729,4,2,0,62,68,283.757587697476,2124.37139607704,46.3532036750707,861.090428210531,,61368.208917186,,8730.94190865841
HYDIN,LRP2,,,,,,,,,,,,,4,0,0,64,68,,,,,,,,
HYDIN,LRRIQ1,909.256213155615,674.223559087918,0.001,0.001,0.984669493551701,0.969066652709285,0.95421255996687,9.72636144706482e-08,0.0712692371798991,1.36473488870287e-06,905.655689617643,653.32177134035,4,1,0,63,68,282.236359979434,2112.87575907342,38.4687027052999,2969.10945926497,,198189.938033598,,44527.1326026077
HYDIN,MACF1,456.017364909255,742.860869287147,45238.3640391264,0.001,0.770075483489555,0.992461246470335,0.0109664029101279,2.07527219684473,0.221178917104388,9.38277582698029,905.655689614829,729.218775327963,2,1,2,63,68,75.8198177917362,1408.41112707551,184.721269468737,1926.74015900289,5726.13744738533,698926.307311941,,64581.5181809916
HYDIN,MED12,912.204316637686,333.578961222058,0.001,0.001,0.972151532820337,0.965295373251897,0.938419234679535,1.57499577550747e-07,0.0723295296592161,2.17752802061362e-06,905.655689619897,321.954565624981,4,1,0,63,68,283.146397495252,2119.79259072431,19.0323043473286,1469.1104796851,,107648.448174858,,19565.2135609568
HYDIN,NF1,686.733976278721,894.105950772176,18456.7542156139,0.001,0.690279200753848,0.970935521500917,0.231012400637496,1.33509569505374,0.207764823701597,6.4259948881976,905.655689621299,871.788696786462,3,2,1,62,68,170.756811363706,1781.31761856486,222.323301936943,2319.19172967921,942.235279595221,156160.97638899,,38024.6007672394
HYDIN,NRAS,,,,,,,,,,,,,4,0,0,64,68,,,,,,,,
HYDIN,PBRM1,910.038461800759,338.855690658274,0.001,0.001,0.98132009330822,0.968359998595732,0.950273792278004,1.53984687114098e-07,0.0718644793707826,2.14270928367293e-06,905.655689619897,328.108917736011,4,1,0,63,68,282.478254927631,2114.70879141506,19.333782119216,1492.23912152554,,162169.992968233,,21863.5969952849
HYDIN,PEG3,742.480119481843,551.893395592407,21468.5588224887,3367.59057143807,0.863824602755263,0.991863787425684,0.178510777311532,1.19303766062087,0.148270110252662,8.04638007342041,905.655689616149,618.824418092236,3,1,1,63,68,186.372367967387,1900.03501290383,50.8793164990534,1871.06244630969,,368637.074456801,,54757.8685838183
HYDIN,PIK3CA,930.170723629912,1095.33576384288,0.001,0.001,0.900479720213653,0.904913271392159,0.814909096606174,2.16703474841679e-07,0.200497943249918,1.08082642309982e-06,905.655689621716,1058.94678437736,4,3,0,61,68,288.69060639,2162.01743589186,272.334434045877,2841.69973073775,,19522.4188267362,,22687.9202078342
HYDIN,PLEC,911.528177429417,137.781263303852,0.001,0.001,0.975012444622029,0.964392445191684,0.940299511361481,3.21089380320703e-07,0.0722638872551937,4.44328962247497e-06,905.655689617643,132.858961816858,4,1,0,63,68,282.938866351751,2118.21002336188,7.86113477750175,606.799194415081,,120382.848970583,,7877.09710741148
HYDIN,POLE,922.603727462026,236.67417529319,0.001,0.001,0.929718925871494,0.967669291182751,0.899674474729533,1.84541400163711e-07,0.0649253762380352,2.84236165974809e-06,905.655689617416,228.95436224538,4,1,0,63,68,286.337326117054,2144.50269931775,13.5035262942315,1042.31694022039,,40946.3443978302,,14905.7271533192
HYDIN,PREX2,684.978440226286,794.344266421736,20524.4767358629,0.001,0.680038735289871,0.995349059642492,0.213643126688309,1.41473813737675,0.208175920734107,6.79587789206288,905.655689619819,776.43152632352,3,2,1,62,68,170.32704400323,1776.63294444611,197.523176501979,2060.26574368834,1040.21486989739,159493.167766429,,41845.8108826405
HYDIN,PTPRT,,,,,,,,,,,,,4,0,0,64,68,,,,,,,,
HYDIN,RASA1,912.191381606573,338.403180298196,0.001,0.001,0.972167012226703,0.968310831979532,0.941364746649491,1.60516748471187e-07,0.0746663368625426,2.14978737696335e-06,905.655689619897,327.639863118152,4,1,0,63,68,283.142688920354,2119.76481989125,19.3078588661111,1490.28842400739,,107776.127864843,,21825.2545217108
HYDIN,ROBO2,912.62418755566,351.105090905113,0.001,0.001,0.970353836614569,0.966957151904072,0.938295876072038,1.55393321297354e-07,0.0741323346547955,2.0961611693596e-06,905.655689617643,339.46242032169,4,1,0,63,68,283.276535117729,2120.78695983448,20.0326018743653,1546.24763176392,,101029.759247357,,21679.6830660719
HYDIN,ROS1,,,,,,,,,,,,,4,0,0,64,68,,,,,,,,
HYDIN,RYR1,682.199483977079,359.653324265011,35701.5951567465,0.001,0.632765580515761,0.996283549738068,0.141801193030082,1.25911148995273,0.143420964742094,8.77913136490836,905.65568961644,350.440387335605,3,1,1,63,68,169.636784076716,1769.41993401645,59.7966701477492,1110.80636041538,1622.25005085869,596935.30132242,,25022.1464124005
HYDIN,SACS,931.261675635483,586.988797003656,0.001,0.001,0.896397960671038,0.875645102628883,0.784990161064834,4.16668309202728e-07,0.274422510167027,1.51834595838775e-06,905.655689617538,567.55442034702,4,4,0,60,68,289.0407571014,2164.4062429504,182.188308892663,1364.23365754744,,17671.0181440892,,9091.43453551955
HYDIN,SF3B1,914.996419045823,951.624459363318,0.001,0.001,0.892241267753632,0.935338620596389,0.898612769757355,1.56715977084332e-07,0.13699718252144,1.14393576714475e-06,905.655689621757,920.179227831568,4,2,0,62,68,284.012238259382,2126.30031976978,158.219076898187,2939.2260000874,,55096.4417766641,,29509.8694402558
HYDIN,SMAD4,711.313770880104,2373.86547039607,4891.89082496878,0.001,0.970337799860647,0.98290553828493,0.651922579134734,0.926698123785791,0.371807914213435,2.49241096910547,905.655689622045,2306.78280631001,3,5,1,59,68,176.839543763455,1845.67655279305,943.021520147722,4814.64101427185,269.838931651198,25142.0046571036,,50717.5696152129
HYDIN,SPHKAP,,,,,,,,,,,,,4,0,0,64,68,,,,,,,,
HYDIN,SPTA1,904.30552917675,0.001,3037.13841466597,8489.54592973815,0.99999524775661,1,0.0581675723231442,1.01139935213867,0.0676847983334902,14.9427844514717,905.655689621362,234.760085704651,3,0,1,64,68,280.70373522245,2101.3140220188,,511.257038775572,,,458.779440643499,49763.3142471005
HYDIN,SYNE1,709.998907627814,352.244281305483,5096.15485881095,0.001,0.8320190807358,0.950454919820435,0.612197217172213,1.21622749960942,0.47519686002236,2.55941821575209,905.655689621345,342.378647198046,3,6,1,58,68,176.518407319622,1842.21358905689,151.284214375473,681.737696056235,281.298388055739,26051.0555559411,,6123.00656222769
HYDIN,SYNE2,912.183310649218,524.914209527173,0.001,0.001,0.972185238709441,0.967821027949565,0.940905667330446,1.09780484123384e-07,0.0689960528586759,1.59111252854198e-06,905.655689619897,507.970332349016,4,1,0,63,68,283.141261277893,2119.75413253668,29.949493135469,2311.62213098048,,107929.139208374,,33218.0838465332
HYDIN,TENM1,,,,,,,,,,,,,4,0,0,64,68,,,,,,,,
HYDIN,TP53,1059.73896951156,1694.91306617787,0.001,22248.9394698747,0.945431290795408,0.676502290589719,0.113262100630613,3.04578662120666,1.13613207508712,2.6808385116432,905.655689616748,2013.06067339143,1,15,3,49,68,328.647137490491,2466.8708542589,973.735273633381,2709.3175239753,,6973.40448500685,4071.78146550324,315968.013331623
HYDIN,TTN,932.961663373005,1143.1205462474,0.001,0.001,0.889939374816991,0.905643793824606,0.806033370738055,2.40145920780109e-07,0.225239704853665,1.06617934407315e-06,905.655689620264,1105.30947629912,4,3,0,61,68,289.546201306798,2168.65344487505,284.214400337762,2965.68632699243,,17648.4201802163,,23850.8010338025
HYDIN,XIRP2,916.602977739432,546.992368535463,0.001,0.001,0.953961365659995,0.937252500031178,0.894117448670023,1.98081056631758e-07,0.127271692556441,1.55636381235297e-06,905.655689617643,529.442548288915,4,2,0,62,68,284.511486440739,2130.10447207544,90.9438399554808,1689.45710775315,,46895.4200141577,,17396.1484508651
HYDIN,ZFHX3,912.19541520175,220.274680751625,0.001,0.001,0.972166648218413,0.966863806730981,0.939957865569406,2.15696100672787e-07,0.0720887389869502,2.99209146537899e-06,905.655689619897,212.948989883126,4,1,0,63,68,283.14394069835,2119.7741933604,12.5678928889731,970.078253538531,,107774.082940017,,13554.1224711244
HYDIN,ZNF521,,,,,,,,,,,,,4,0,0,64,68,,,,,,,,
HYDIN,ZNF536,926.40479259134,632.581932424179,0.001,0.001,0.914940767175569,0.902597414267786,0.825866794213297,3.02999470253723e-07,0.209947699326173,1.44321405391057e-06,905.655689619897,611.094230962261,4,3,0,61,68,287.537746491638,2153.04126162785,157.285471744307,1641.01002132912,,22339.1382398103,,12725.8239626582
IDH2,KMT2C,2528.82311593333,579.868577783311,0.001,0.001,0.987626621917222,0.982871565052619,0.970711229360846,4.1187986351849e-08,0.0377935290433172,1.08981583341003e-06,2497.33029488685,576.506898672438,1,3,0,70,74,144.285479319014,11135.0357710667,144.19092088406,1503.98025239577,,464267.431492764,,112685.117911248
IDH2,KRAS,2693.474645531,16063.5921578072,0.001,0.001,0.927491928800187,0.915722171655754,0.849355392063801,3.8746801087064e-08,0.158969516560396,2.43737302128256e-07,2497.33029488685,15930.2202225422,1,11,0,62,74,153.669045707559,11863.952895038,8336.20863922899,27535.6125971916,,68361.2634071227,,589071.313629947
IDH2,LAMA1,2562.37659111878,392.143094145999,0.001,0.001,0.974704779870446,0.982322280113237,0.957476466441114,5.9111670562724e-08,0.0385451613071458,1.53356915779116e-06,2497.33029491362,389.785987711132,1,3,0,70,74,146.198785482688,11284.303059134,97.5098416498333,1017.11631866597,,220868.533666496,,73784.1146179869
IDH2,LAMA2,2537.29506440273,549.895601999373,0.001,0.001,0.984299653618466,0.988464149176431,0.972945890282934,2.91820414347922e-08,0.0256158237648627,1.13921932406567e-06,2497.33029488685,546.684089636808,1,2,0,71,74,144.771115481732,11172.955633292,91.4315448802295,1698.21151494826,,374814.440190815,,159603.802308041
IDH2,LRP1B,2536.52749237089,251.999388131817,0.001,0.001,0.984611573772926,0.988108827275536,0.972904192497283,5.79400009697792e-08,0.0258083847540089,2.24500686587056e-06,2497.33029488685,250.485700605922,1,2,0,71,74,144.725381684129,11169.3890397422,41.9010969233079,778.183009730789,,382750.093231426,,70922.3766601244
IDH2,LRP2,,,,,,,,,,,,,1,0,0,73,74,,,,,,,,
IDH2,LRRIQ1,2521.48363022362,611.14395526594,0.001,0.001,0.990455167320437,0.994140782553236,0.98465210719606,1.38359708846264e-08,0.0133340824963309,1.03763951426232e-06,2497.33029491362,607.551723212913,1,1,0,72,74,143.869200860197,11103.0756584528,34.870963831409,2690.97035690953,,885760.601183415,,351324.02557469
IDH2,MACF1,,,,,,,,,,,,,0,3,0,65,68,,,,,,,,
IDH2,MED12,2531.77846246331,299.752772704468,0.001,0.001,0.986437901720981,0.993742303944209,0.980265539752204,2.44121257299713e-08,0.012763880559992,1.91259434113559e-06,2497.33029488685,297.867235811976,1,1,0,72,74,144.455389784359,11149.0842765908,17.1034786618007,1319.92223416312,,621041.34441678,,161243.423549774
IDH2,NF1,2553.6498351551,817.405117331269,0.001,0.001,0.97801663829917,0.983063425923622,0.961454152590307,3.23132947274707e-08,0.0385330096630814,8.38587356918298e-07,2497.33029491362,812.710687779919,1,3,0,70,74,145.703288045454,11245.2436217324,203.26636348147,2119.89206203062,,247085.863023327,,160678.874158456
IDH2,NRAS,,,,,,,,,,,,,1,0,0,73,74,,,,,,,,
IDH2,PBRM1,0.001,615.465171204342,509107.665339313,1568012.55889683,0.724501290531078,0.999999364654884,0.0122453753681896,1.23679745624102,0.0251235944596416,49.2285233399944,2497.33029491362,615.154863545168,0,1,1,72,74,,8428.64439385843,102.33793022043,1900.51173367954,23444.1892744971,8385053.07533781,,
IDH2,PEG3,2533.82933730062,580.099463861638,0.001,0.001,0.985649010436552,0.988657176827155,0.974469693520019,2.7808662639555e-08,0.0255291386842693,1.08929106396724e-06,2497.33029489823,576.777933246576,1,2,0,71,74,144.572879159936,11157.8295780723,96.454962076201,1791.42342868478,,457090.671776384,,171279.624394542
IDH2,PIK3CA,2525.94508072694,995.47362302187,0.001,0.001,0.972487817656707,0.983727504393098,0.97263575928808,2.68206070052832e-08,0.037303638774432,7.18980986478619e-07,2497.33029488685,989.995686924205,1,3,0,70,74,144.1250134995,11122.4640925292,247.535847832204,2581.94599607233,,490468.595737099,,203840.986518219
IDH2,PLEC,2525.74467720464,248.609796333379,0.001,0.001,0.988802160105421,0.987164194665148,0.976110774529356,5.67828786734699e-08,0.0250615987780701,2.26573249281914e-06,2497.33029488685,246.99959838121,1,2,0,71,74,144.112322388281,11121.6905699131,41.3372327694782,767.737899789632,,547681.346376393,,64739.9049223306
IDH2,POLE,2511.35051022132,213.8698411533,0.001,0.001,0.99444021832475,0.994020987001712,0.98849463965476,3.24314234521547e-08,0.012577056373206,2.57861796033977e-06,2497.33029491362,212.586197804821,1,1,0,72,74,143.292630133139,11058.083996312,12.2029341950106,941.742656509747,,1521135.42835171,,120460.951856005
IDH2,PREX2,2564.66861430089,726.773546598142,0.001,0.001,0.973830696730003,0.982638817901953,0.95692586704797,3.59915957467115e-08,0.0390725980579353,9.21146725215061e-07,2497.33029488685,722.493784868749,1,3,0,70,74,146.329858344909,11294.2538171741,180.728789436197,1884.84213863445,,208406.311149732,,139294.4346656
IDH2,PTPRT,,,,,,,,,,,,,1,0,0,73,74,,,,,,,,
IDH2,RASA1,2531.76906707971,307.735274503069,0.001,0.001,0.986444289591161,0.99448298528199,0.98100243836277,2.38054863252457e-08,0.0127499860108292,1.86709901524806e-06,2497.33029488685,306.025946873843,1,1,0,72,74,144.454173793521,11148.9904227132,17.5588113504163,1355.03048791571,,621666.585974496,,187975.868450741
IDH2,ROBO2,2520.34171226021,318.640186147071,0.001,0.001,0.990887929244188,0.994431094723527,0.985370016246325,2.28959554505852e-08,0.0126994881933046,1.80290379439515e-06,2497.33029491362,316.85766158962,1,1,0,72,74,143.806246208398,11098.1494527545,18.1810441681152,1403.0431089709,,927266.935328755,,192810.443775556
IDH2,ROS1,,,,,,,,,,,,,1,0,0,73,74,,,,,,,,
IDH2,RYR1,,,,,,,,,,,,,0,2,0,66,68,,,,,,,,
IDH2,SACS,2589.88504798946,531.857728244671,0.001,0.001,0.964375156771075,0.977264188082082,0.942453059904132,6.06961415086649e-08,0.0507328848275415,1.19638655903349e-06,2497.33029488685,528.754348063775,1,4,0,69,74,147.766877167013,11406.2332370927,165.098400491187,1235.77563755179,,148621.556887363,,77397.2493213209
IDH2,SF3B1,2530.62044129294,864.898537024096,0.000999999999976353,0.001,0.986913423686396,0.989104716255363,0.976161342483898,1.91597003117595e-08,0.0240708656865774,7.95970554662829e-07,2497.33029488685,860.12760537155,1,2,0,71,74,144.387407997241,11143.0590666488,143.808474583173,2670.77348313429,,454720.940760893,,266010.541854217
IDH2,SMAD4,2596.02146868567,2532.22052572824,0.001,0.001,0.962127561573153,0.958961204448847,0.922650781953307,3.66337790796978e-08,0.0881304248050722,4.15676869375415e-07,2497.33029488435,2516.7393483453,1,7,0,66,74,148.119103925798,11432.3297332621,1087.6416727182,4900.24836327941,,133551.07237545,,200163.424154932
IDH2,SPHKAP,,,,,,,,,,,,,1,0,0,73,74,,,,,,,,
IDH2,SPTA1,2517.03159910449,219.478367661404,0.001,0.001,0.992207375091195,0.99409247631048,0.986346091838031,3.1676052041768e-08,0.0125547552580239,2.52303222092072e-06,2497.33029491362,218.177744392883,1,1,0,72,74,143.61510781032,11083.2154770524,12.5230802500776,966.406021732285,,1085593.55480594,,125129.149920206
IDH2,SYNE1,2635.08733985013,319.724247737385,0.001,0.001,0.947899386795521,0.958399992378391,0.908476892568014,1.67288231149587e-07,0.0880956873449021,1.89893780491932e-06,2497.33029488685,317.737630658759,1,7,0,66,74,150.342945136884,11605.8142610687,137.345154518585,618.595732569998,,96887.4103272764,,24914.9173770767
IDH2,SYNE2,,,,,,,,,,,,,0,1,0,67,68,,,,,,,,
IDH2,TENM1,,,,,,,,,,,,,1,0,0,73,74,,,,,,,,
IDH2,TP53,2839.19565229328,1850.66386406984,0.001,0.001,0.880051152900349,0.873906571836734,0.769156643642778,1.26938106026486e-07,0.236764010100931,5.36137675537652e-07,2497.33029488685,1835.80904331323,1,18,0,55,74,161.972620456041,12508.7856973636,1120.17224261592,2848.29131655635,,40682.447539991,,43279.3291753472
IDH2,TTN,,,,,,,,,,,,,0,3,0,65,68,,,,,,,,
IDH2,XIRP2,2530.27497806842,493.705612780427,0.001,0.001,0.987017544169279,0.987771437023463,0.974948492568899,3.21554183453643e-08,0.025877676987374,1.24259292520937e-06,2497.33029488685,490.657497141621,1,2,0,71,74,144.372675940876,11141.880769306,82.0903112668351,1524.61400599775,,453755.763715745,,135056.075423301
IDH2,ZFHX3,,,,,,,,,,,,,0,1,0,67,68,,,,,,,,
IDH2,ZNF521,,,,,,,,,,,,,1,0,0,73,74,,,,,,,,
IDH2,ZNF536,,,,,,,,,,,,,0,3,0,65,68,,,,,,,,
KMT2C,KRAS,627.23595376874,14660.3899482941,0.001,108645.496302224,0.922200452307579,0.719859527103934,0.560921340461209,1.16408000445036,0.42881444739362,2.71464735277873,576.506898672955,15930.2202242322,2,10,1,61,74,155.929822386599,1627.78032338058,7341.71046669179,25735.4622804548,,7272.98079392313,5663.53039346951,822150.869403235
KMT2C,LAMA1,589.077019780466,398.547174751335,0.001,0.001,0.938146642921552,0.936338851887711,0.878446750074473,2.98301857483158e-07,0.133526593960764,2.23402581189791e-06,576.506898673551,389.785987711132,3,3,0,68,74,146.473608403667,1528.04114907276,99.096832709473,1033.8516095341,,20025.0838247679,,13144.8252617581
KMT2C,LAMA2,584.605126114176,557.505337201224,0.001,0.001,0.959518377947856,0.961879765819668,0.922950251622697,1.62694354373643e-07,0.0885701086496803,1.83689911702768e-06,576.506898671447,546.68408963661,3,2,0,69,74,145.364775550813,1516.34543665191,92.6941291894492,1721.84054845681,,33204.720579203,,31142.8649854533
KMT2C,LRP1B,386.559377170887,254.665402902934,26015.7146753891,0.001,0.776680857732464,0.993061462240059,0.110766085806075,1.11875806967807,0.0867923667523848,12.8900514128142,576.506898674918,250.485700605922,2,1,1,70,74,64.2722864152377,1193.84363452948,42.3435388946414,786.465862831797,1279.27233383,410378.750434962,,31313.9942003607
KMT2C,LRP2,,,,,,,,,,,,,3,0,0,71,74,,,,,,,,
KMT2C,LRRIQ1,579.134269174516,616.98813466635,0.001,0.001,0.986621107404434,0.98474743443367,0.9715735204681,7.45530902472938e-08,0.0431903724744633,1.72615066682682e-06,576.506898672438,607.551723215317,3,1,0,70,74,144.009588300781,1502.06504614411,35.2038214038727,2716.76563560365,,144924.078496849,,88310.2524070468
KMT2C,MACF1,629.177818134259,491.145651449175,0.001,19657.4532661405,0.991209748871983,0.658093298991516,0.169476820156505,1.27132024789877,0.14413222276268,8.82051371671451,618.932723164264,729.218775331153,2,2,1,63,68,156.447649525802,1631.99538013977,81.6635504726605,1516.74990509957,,47465.0105161658,1023.76439626264,146390.585297606
KMT2C,MED12,579.279624126022,304.478805598354,0.001,0.001,0.98594168337996,0.978354038737423,0.964601823036212,1.15372830122211e-07,0.0443530836337093,2.60123582556333e-06,576.506898674456,297.867235812778,3,1,0,70,74,144.04572116171,1502.4457247146,17.3725413878544,1340.82424693484,,137623.035691984,,30380.6149889533
KMT2C,NF1,588.337204033456,830.13037431591,0.001,0.001,0.941613137647836,0.938962617181812,0.884157259908318,2.0084473557197e-07,0.130602535786717,1.5378318220403e-06,576.506898671447,812.710687779919,3,3,0,68,74,146.2913157506,1526.0855277066,206.42111046313,2153.1076861333,,21007.6622412563,,28386.516388457
KMT2C,NRAS,,,,,,,,,,,,,3,0,0,71,74,,,,,,,,
KMT2C,PBRM1,585.721953720748,627.916974139632,0.001,0.001,0.954084677024238,0.960006716118153,0.915935893966658,1.53380123294952e-07,0.0884251605907695,1.73457556955755e-06,576.506898672438,615.154863544753,3,2,0,69,74,145.641537817354,1519.29448308842,104.403847766251,1939.16858286849,,29480.8915092934,,33216.1922199159
KMT2C,PEG3,529.203019956209,368.774518400236,7875.02625719326,15902.5145714834,0.970395373540789,0.843201079910677,0.114764365489803,1.17598083968044,0.0894095998463822,13.1527357431521,576.506898672438,576.777933246576,2,1,1,70,74,105.743646290826,1450.29105053952,21.8840742100688,1517.15796593368,,229926.137939456,,132942.275911663
KMT2C,PIK3CA,592.414788456463,1015.313557221,0.001,0.001,0.856100493188847,0.928053800603191,0.856230723216132,1.92135001081915e-07,0.134287154583328,1.43077721527483e-06,576.506898673394,989.995686926953,3,3,0,68,74,147.299156256809,1536.79621930918,252.450376744214,2633.8291336181,,15681.496374466,,29308.8884775088
KMT2C,PLEC,584.922831246331,252.858815410409,0.001,0.001,0.958011265249396,0.954512630242815,0.914443653700118,2.64679513209301e-07,0.088769068186459,2.98166375536739e-06,576.506898672438,246.999598380152,3,2,0,69,74,145.444617428188,1517.19365040836,42.0417214949973,780.946819906773,,32044.0074417548,,11829.5437611682
KMT2C,POLE,582.80086973979,217.743892750952,0.001,0.001,0.968334164359131,0.976445777996539,0.945530384883126,1.44492116301367e-07,0.0437902346908647,3.29964242761893e-06,576.506898673551,212.586197804593,3,1,0,70,74,144.916135054598,1511.69307700504,12.4236481658499,958.890264865542,,60123.610384351,,19698.8027396455
KMT2C,PREX2,586.434733938421,736.714164614396,0.001,0.001,0.950715844377722,0.943723281348925,0.897226687353614,2.09880122066953e-07,0.130059808076265,1.61372006595522e-06,576.506898673394,722.493784868534,3,3,0,68,74,145.820044671921,1521.10915849539,183.193959489179,1910.77446355286,,25287.170191018,,27453.2300376217
KMT2C,PTPRT,,,,,,,,,,,,,3,0,0,71,74,,,,,,,,
KMT2C,RASA1,579.269226686197,311.262852209739,0.001,0.001,0.985948724010735,0.98322747488892,0.969413142136465,1.13846591193352e-07,0.0446069809179999,2.55221467246649e-06,576.506898674456,306.025946873843,3,1,0,70,74,144.043055831392,1502.41792281068,17.7598500810594,1370.62813847308,,137766.876062649,,40753.6182776066
KMT2C,ROBO2,580.195928577272,322.775392027269,0.001,0.001,0.981270605263196,0.981732225129024,0.963346772382182,1.11725087975894e-07,0.0447058260445514,2.49911695769931e-06,576.506898674456,316.857661590069,3,1,0,70,74,144.272653987812,1504.84478353538,18.4166473201282,1421.33093660325,,102943.523022414,,38643.8340321331
KMT2C,ROS1,,,,,,,,,,,,,3,0,0,71,74,,,,,,,,
KMT2C,RYR1,523.188245231604,263.531232120511,12619.3144912864,5866.21738817965,0.913228391850021,0.918880980784001,0.134000382580919,1.10658424548039,0.0956695903660236,11.5667292108881,618.932723164264,350.440387335635,2,1,1,64,68,93.9978356266292,1501.27110759067,17.5993007282009,991.238759921939,,261457.739322642,,60700.8349364737
KMT2C,SACS,592.71021994739,540.838100405038,0.001,0.001,0.921251779139149,0.914712092024482,0.842713648019945,3.31229196872535e-07,0.174893786274413,1.89388773568448e-06,576.506898674456,528.754348063775,3,4,0,67,74,147.374559363934,1537.51914350521,167.87550317308,1256.804543809,,15041.3553487828,,13010.9024456496
KMT2C,SF3B1,584.025629246057,881.440655153272,0.001,0.001,0.962436728052803,0.952493307262362,0.916722985992291,1.33758987399006e-07,0.0893230934920349,1.4974737458117e-06,576.506898673551,860.127605371454,3,2,0,69,74,145.222148626705,1514.83027766078,146.55437231601,2722.25745340886,,35719.5308031027,,39136.6193227041
KMT2C,SMAD4,611.779709763256,2601.43457836897,0.001,0.001,0.839223413109769,0.798607157179169,0.670373949827406,3.43487511850205e-07,0.302628674283643,1.13501310694791e-06,576.506898672522,2516.73934832748,3,7,0,64,74,152.097402047344,1587.39204500934,1117.11271906311,5036.17676462883,,6801.63458892151,,24491.7281868792
KMT2C,SPHKAP,,,,,,,,,,,,,3,0,0,71,74,,,,,,,,
KMT2C,SPTA1,579.817321587105,223.698157173647,0.001,0.001,0.98324321667501,0.975387798437558,0.959045439114607,1.41418550026612e-07,0.0438131298072973,3.22776644007427e-06,576.506898672438,218.177744395084,3,1,0,70,74,144.178865844461,1503.85196133699,12.7634691604938,985.085208103075,,115322.156319973,,19319.2238893456
KMT2C,SYNE1,604.808335030915,325.421499190527,0.001,0.000999999999976353,0.867827993353097,0.849374635249908,0.737205541467103,7.99053361335428e-07,0.306386737031695,2.60798939626674e-06,576.506898673793,317.737630658967,3,7,0,64,74,150.374738405661,1569.07881169201,139.777164036805,629.728587573488,,8375.72430933334,,4248.28090119758
KMT2C,SYNE2,622.134500174796,520.980440340593,0.001,0.001,0.98492378082635,0.975092003075324,0.960393241174224,8.8090499783533e-08,0.0478986896729433,1.83910040932274e-06,618.932723164264,507.970332335513,3,1,0,64,68,154.699764657582,1613.64817092034,29.7253949223098,2294.21856524285,,137801.455955356,,44403.4247485245
KMT2C,TENM1,,,,,,,,,,,,,3,0,0,71,74,,,,,,,,
KMT2C,TP53,667.437135836118,1763.55087650691,0.001,5425.0506757451,0.973882755381173,0.942571336060993,0.90906216500438,1.04180325703088,0.761638304301575,1.36784514532291,576.506898673139,1835.80904332987,2,17,1,54,74,165.884475936909,1732.93805730899,1050.75992372148,2745.73433461201,,4757.96474246164,288.334321120737,36415.7216206037
KMT2C,TTN,634.784707738743,1129.30778725441,0.001,0.001,0.927768792347714,0.938710437990154,0.870934564947956,1.93612657601629e-07,0.147283473868013,1.31455792368894e-06,618.932723164089,1105.30947630217,3,3,0,62,68,157.836780706324,1646.78687845538,280.781924932933,2929.3665921049,,18340.7435523861,,38527.5505448882
KMT2C,XIRP2,584.244953465394,502.808812932668,0.001,0.001,0.961345555167826,0.952544881923166,0.915734035942022,1.66965581901123e-07,0.0858198175873308,1.94553643429989e-06,576.506898671447,490.657497141621,3,2,0,69,74,145.276602255017,1515.40675032102,83.6000533556941,1552.90216470066,,34655.6244786526,,22159.2768196392
KMT2C,ZFHX3,622.129039034191,217.573121280332,0.001,0.001,0.98491414821214,0.97881463379249,0.964050244022012,1.56462179841995e-07,0.0485404351444204,3.22333698444357e-06,618.932723164264,212.94898988174,3,1,0,64,68,154.698417864128,1613.63412221725,12.414008851481,958.108796137532,,137608.296400151,,22283.6126719491
KMT2C,ZNF521,,,,,,,,,,,,,3,0,0,71,74,,,,,,,,
KMT2C,ZNF536,637.113961058718,624.893313902772,0.001,0.001,0.917795279507229,0.936103546803962,0.859180572763863,2.4372641528516e-07,0.143611065840429,1.69712837836586e-06,618.932723161587,611.094230960061,3,3,0,62,68,158.408979892495,1652.84600031015,155.381762320201,1620.89285385513,,15817.0158261467,,20565.0301258756
KRAS,LAMA1,16288.4049033468,284.716597076851,0.001,1420.20153155467,0.983818709899848,0.983892157969476,0.804921137856042,0.812177230929977,0.445234891668333,1.82415449940745,15930.2202219806,389.785987712627,10,2,1,61,74,8451.44299577486,27928.0936605495,47.3267372872738,879.893520437814,,306400.276190351,79.624310214105,6715.01595535046
KRAS,LAMA2,14613.1235239134,598.805229837876,130963.867213488,0.001,0.937656821978682,0.99109198968933,0.542946959372866,0.906557703875682,0.296114080020279,3.06151502087843,15930.2202237554,546.684089638025,10,1,1,62,74,7318.29567963659,25651.4950723346,99.538042074202,1850.44501283073,6481.22890692312,2041235.42113741,,10791.2544512675
KRAS,LRP1B,16222.0519343832,275.634892557312,0.001,0.001,0.82580117540759,0.826930380609129,0.682987204358813,6.29269563041414e-07,0.294725234131903,2.13510582117236e-06,15930.2202224011,250.485700605631,11,2,0,61,74,8417.72514603646,27810.8338176951,45.8197663693917,851.704891766053,,192924.201407029,,2729.75433740697
KRAS,LRP2,,,,,,,,,,,,,11,0,0,63,74,,,,,,,,
KRAS,LRRIQ1,16091.0826332048,670.120131863161,0.001,0.001,0.899496311341211,0.906942112232397,0.815825603234745,1.35388075228268e-07,0.151520754510248,8.93528254039359e-07,15930.2202228255,607.551723215192,11,1,0,62,74,8350.2907446252,27583.9309054697,38.2296740199217,2952.38261115069,,486070.784328138,,12954.7249727983
KRAS,MACF1,16244.5289577729,810.012412925097,94697.0669656059,0.001,0.740441136135211,0.90233346623667,0.637738299247318,1.09996052311113,0.485554421795927,2.26537021131987,17587.7956959399,729.21877533047,10,2,1,55,68,8133.71874928027,28522.1960347994,201.319386600886,2102.93823539689,4996.65710868159,676885.358972128,,7644.88586380218
KRAS,MED12,16169.1754914829,329.681220111138,0.000999999999976353,0.001,0.854770681805951,0.904074385416625,0.772842351770116,2.65861904326066e-07,0.14838214732719,1.7917378142522e-06,15930.2202225264,297.867235812382,11,1,0,62,74,8389.97225706055,27721.7164139219,18.8076656741912,1452.58997319459,,319851.036535222,,6158.07425228453
KRAS,NF1,16297.1379896253,895.967237283249,0.001,0.001,0.786244784168574,0.748913316947566,0.589020688606207,3.02909658942557e-07,0.440921679400613,6.8699198314388e-07,15930.2202227552,812.710687782166,11,3,0,60,74,8457.48062060834,27943.2598789859,222.691076430453,2325.11620479326,,143419.66559025,,5820.29227904028
KRAS,NRAS,,,,,,,,,,,,,11,0,0,63,74,,,,,,,,
KRAS,PBRM1,16113.043153406,680.467697236662,0.001,0.001,0.888070647854942,0.81821209459152,0.726704080762258,2.55822982889523e-07,0.289140843535072,8.84769442330591e-07,15930.2202228255,615.154863544753,11,2,0,61,74,8361.78909045979,27620.8082729437,113.110443232665,2102.91047052586,,330856.327304303,,6380.82479021191
KRAS,PEG3,16106.4266540217,316.775540306188,0.001,3124.26765755355,0.987949733048803,1,0.593199719893247,0.78303322166448,0.292107229344151,2.68063622876631,15930.2202234135,576.777933242477,10,1,1,62,74,8358.07562585279,27610.8698386983,18.0714314835974,1395.72510707163,,1061020.32866352,175.080448245353,14810.7547700109
KRAS,PIK3CA,16218.0097220934,1090.66258215699,0.001,0.001,0.829212179549733,0.750177165135069,0.622232870708418,2.45597873741246e-07,0.432678970835237,5.67621470641727e-07,15930.2202228034,989.995686925409,11,3,0,60,74,8415.95034445244,27802.4105129092,271.106896249908,2831.03236898895,,186951.633038961,,7127.33490503019
KRAS,PLEC,16159.4253656853,273.735452536688,0.001,0.001,0.860857339433339,0.815370745511454,0.702018209569885,6.2810210656758e-07,0.291318189267004,2.15606896413839e-06,15930.2202228255,246.99959838149,11,2,0,61,74,8385.67209958973,27701.3347126719,45.5007150095252,845.995055480278,,249082.210041144,,2519.61863763182
KRAS,POLE,15932.0336356446,0.001,235.056435194567,2626.72593346422,1,1,0.160491476968982,0.86813197554492,0.143806339067383,6.03681298873859,15930.2202245958,212.586197804869,10,0,1,63,74,8268.58835805588,27306.9953941434,,443.55792691933,,,147.511254776488,12331.6688379382
KRAS,PREX2,16348.087890119,798.459212452623,0.001,0.001,0.76153983792031,0.743290672420653,0.566253678371138,3.43372195429296e-07,0.445465356179035,7.70816833826451e-07,15930.220223011,722.493784878334,11,3,0,60,74,8482.66267708302,28029.3812886452,198.475371278056,2072.40361299753,,126356.350429956,,5048.32461639618
KRAS,PTPRT,,,,,,,,,,,,,11,0,0,63,74,,,,,,,,
KRAS,RASA1,16169.2676970547,339.282181307471,0.001,0.001,0.854836870368467,0.902500467277781,0.771552122025489,2.58515262668846e-07,0.148135160630114,1.74513101122795e-06,15930.2202225264,306.025946874233,11,1,0,62,74,8389.96784283162,27721.7025937749,19.3552158636992,1494.96538093013,,320188.81786157,,6235.62745506599
KRAS,ROBO2,16083.7139488429,351.557707958564,0.001,0.001,0.903974679351257,0.901704047437769,0.815158383832908,2.49033670113048e-07,0.148352848161918,1.67865782961741e-06,15930.2202234477,316.857661590369,11,1,0,62,74,8346.50217957305,27570.881694292,20.0550900356724,1549.02138135316,,510741.463168951,,6400.06088037093
KRAS,ROS1,,,,,,,,,,,,,11,0,0,63,74,,,,,,,,
KRAS,RYR1,17741.5792722685,194.282411275943,834.069354731889,1798.06286466788,1,1,0.630579228169697,0.809855351603266,0.317035217282939,2.55446495359065,17587.7956964536,350.440387335169,10,1,1,56,68,9201.85002327597,30424.9803655645,11.0827268363872,855.968395424515,,1426341.49053592,92.2182533544083,8534.12223869429
KRAS,SACS,16586.5022172715,584.888267295525,0.001,0.001,0.653860040004028,0.672205823532418,0.439873779019889,6.14357717206027e-07,0.582041738957694,1.05552175400033e-06,15930.2202232213,528.754348065689,11,4,0,59,74,8604.7087612706,28446.0982179157,181.474467511113,1360.23594838452,,79024.3293123756,,2755.50889858447
KRAS,SF3B1,14581.1565327544,943.482052425601,163322.517086555,0.001,0.785542547337692,0.970317367992452,0.450761414826283,0.999228463185598,0.280715168590296,3.55958129446141,15930.2202245418,860.12760537155,10,1,1,62,74,7302.54789079739,25594.0957193073,156.836851304511,2915.40056047923,8020.76854319632,2468479.85258692,,16412.5233147902
KRAS,SMAD4,16641.0071771429,2770.68472052217,0.001,0.001,0.632901109318947,0.518580114692484,0.328709440472727,2.51666459193112e-07,0.998477351197631,2.52050243194048e-07,15930.2202224011,2516.73934832931,11,7,0,56,74,8633.93215090464,28534.5007860663,1189.30960864627,5367.21018613174,,71066.8891327312,,7872.00502770266
KRAS,SPHKAP,,,,,,,,,,,,,11,0,0,63,74,,,,,,,,
KRAS,SPTA1,16072.6087800491,240.049415886451,0.001,0.001,0.910437405148266,0.909186235608007,0.827789034594422,3.5009014526504e-07,0.144779644575775,2.41808954767678e-06,15930.2202228255,218.177744394945,11,1,0,62,74,8340.82979840635,27551.43364141,13.6948628092528,1057.52372104107,,551665.641511196,,4754.28989557577
KRAS,SYNE1,15276.6352089884,349.538460512937,27079.4000458942,0.001,0.966462951495361,0.947286491298911,0.937514362299351,0.908666020174475,1.02348249879923,0.887817838839978,15930.2202224379,317.737630658703,10,6,1,57,74,7647.68551067887,26830.9701654632,150.056062398077,676.987780753632,1506.28992615679,133140.368673324,,1713.42509792998
KRAS,SYNE2,17880.9599367132,563.52637503621,0.000999999999976353,0.001,0.840575163229584,0.901885209464288,0.758165860706366,1.67583169347584e-07,0.157171957950087,1.06624089648869e-06,17587.7956951898,507.970332336256,11,1,0,56,68,9276.71401722378,30663.7970507399,32.148257363432,2482.87383647758,,316976.388627508,,10253.8394335446
KRAS,TENM1,,,,,,,,,,,,,11,0,0,63,74,,,,,,,,
KRAS,TP53,7969.73086400092,1924.54157063319,85636.0388353583,0.001,0.496588213674794,0.918135184138925,0.041909345746026,6.10851143761351,2.62930701737175,2.32324007704493,15930.220223051,1835.80904331444,5,12,6,51,74,2855.82287073509,17151.2264230134,1164.5799852777,2963.06786226849,32447.2429029383,191348.081594795,,10862.0786183168
KRAS,TTN,18008.4711705758,1244.22748640179,0.001,0.001,0.781793388027086,0.70441904514779,0.550986996637553,2.45771925984351e-07,0.477897637120334,5.14277340782217e-07,17587.7956946876,1105.3094762903,11,3,0,54,68,9343.43396575105,30880.0834235613,309.186872265597,3231.63388973538,,154356.687594648,,6614.91645789416
KRAS,XIRP2,16149.7249297039,536.314541420324,0.001,0.001,0.866022980793712,0.837953893252374,0.72577420635974,3.22297376944766e-07,0.292400203381779,1.10224744448605e-06,15930.2202228255,490.657497141156,11,2,0,61,74,8380.63610342977,27684.0815838002,89.1560774385259,1657.01740773466,,258154.17426063,,5721.24984767436
KRAS,ZFHX3,17881.3826414823,237.45405764918,0.001,0.001,0.840468314380848,0.897394069915162,0.754307162124982,3.95983398690861e-07,0.158459727312209,2.49895292266069e-06,17587.7956951898,212.948989881774,11,1,0,56,68,9276.93326206438,30664.5217354079,13.5459488122797,1046.32678236097,,316496.232795976,,4114.63430651473
KRAS,ZNF521,,,,,,,,,,,,,11,0,0,63,74,,,,,,,,
KRAS,ZNF536,16176.8400645153,675.369554625985,127424.901822696,0.001,0.593944258143391,0.869424451735631,0.501991418089379,1.31626518983666,0.474905004507485,2.77163891166346,17587.7956952736,611.094230961199,10,2,1,55,68,8100.44746686962,28401.6847131127,167.870738847179,1753.1968947996,6745.180137031,890772.348863995,,6219.95157057361
LAMA1,LAMA2,396.510136545358,561.159854489724,0.001,0.001,0.950735923705659,0.949545345385998,0.902782694505261,2.19262719498587e-07,0.0960669096375221,2.28239588767771e-06,389.785987712143,546.684089635644,3,2,0,69,74,98.5910796901988,1028.55027326623,93.2982052017943,1733.28683348757,,18765.2352298811,,23805.2102162425
LAMA1,LRP1B,393.792427839774,256.530920934364,0.001,0.001,0.970323729139444,0.953667456072454,0.925373079522535,3.04608735965731e-07,0.090147894693922,3.37898890484314e-06,389.785987711132,250.485700605922,3,2,0,69,74,97.9192735565257,1021.41542339817,42.6526574248952,792.270448768741,,31546.8236774207,,11694.7141356532
LAMA1,LRP2,,,,,,,,,,,,,3,0,0,71,74,,,,,,,,
LAMA1,LRRIQ1,391.306468439975,622.613993471166,0.001,0.001,0.988663065284749,0.975864237302216,0.964802294519249,1.01674004528152e-07,0.0468943583225844,2.16815003264871e-06,389.785987711132,607.551723213531,3,1,0,70,74,97.3027538671955,1014.93003307343,35.5242151246459,2741.78236246325,,115846.932296125,,56061.5870660767
LAMA1,MACF1,429.958063935873,752.099386856586,0.001,0.001,0.929825445954084,0.912480608252064,0.848483139679565,3.11240311547806e-07,0.157737825781452,1.97314949667833e-06,419.462766676759,729.218775332074,3,3,0,62,68,106.903696013228,1115.40580059511,187.00124213665,1951.08606962953,,12755.9347189327,,17999.9391633858
LAMA1,MED12,389.147604176364,0.001,4887.9621777396,14652.7153571191,0.999995102387822,1,0.0446210968935532,0.90676276287183,0.0478232474905559,18.9607107516255,389.785987710287,297.867235812778,2,0,1,71,74,96.7674929035216,1009.29482174482,,745.862270667822,,,760.6756036495,113019.675549838
LAMA1,NF1,396.746587976981,832.770023652072,0.001,0.001,0.949038629437939,0.930145023785419,0.882762709865509,2.74608065720799e-07,0.139021849550446,1.97528709773893e-06,389.785987711033,812.710687779919,3,3,0,68,74,98.6554869467474,1029.17087776988,207.069730489326,2160.04352047528,,16616.0288176221,,25005.8667335984
LAMA1,NRAS,,,,,,,,,,,,,3,0,0,71,74,,,,,,,,
LAMA1,PBRM1,393.986685285024,630.33817217934,0.001,0.001,0.968946989407761,0.952666055363646,0.923090473548136,2.04913737925777e-07,0.0944543963607744,2.16944627059069e-06,389.785987711587,615.15486354303,3,2,0,69,74,97.9675432409205,1021.91872406192,104.803587951202,1946.78884094024,,29352.8695684095,,28870.7812507273
LAMA1,PEG3,395.758192322966,591.976222401224,0.001,0.001,0.956133926435592,0.949711284683002,0.908064349500119,2.15094135423873e-07,0.0963723052665775,2.23190816935318e-06,389.785987711033,576.777933246576,3,2,0,69,74,98.405307501509,1026.57354540749,98.4228447176348,1828.42485833641,,21252.6503393261,,25483.1234944608
LAMA1,PIK3CA,399.446615491508,1009.7650862732,0.001,0.001,0.87714322265268,0.94321284219594,0.877276656544949,2.51183760150049e-07,0.135248158664943,1.85720650565246e-06,389.785987712945,989.995686923286,3,3,0,68,74,99.3184642654282,1036.22903109033,251.078221455941,2619.27089946694,,12053.3075640247,,37799.3542929521
LAMA1,PLEC,394.809550940541,253.789490655806,0.001,0.001,0.962970357267077,0.947551219817915,0.912474447458482,3.2638848879911e-07,0.0954340191796531,3.42004341433728e-06,389.785987711132,246.99959838073,3,2,0,69,74,98.1712567825513,1024.0725878745,42.1955512379114,783.866664647987,,24440.8535651141,,10304.3381834952
LAMA1,POLE,395.52168635774,217.346057400503,0.001,0.001,0.957633937453148,0.978263911812698,0.936824520865494,1.64111990549626e-07,0.0438880978854201,3.73932793756699e-06,389.78598771249,212.58619780468,3,1,0,70,74,98.3436104294738,1026.02563069982,12.400993480999,957.123852010724,,30090.8993603989,,21435.8296987304
LAMA1,PREX2,396.756252408822,739.387015149427,0.001,0.001,0.949094723811975,0.933676531775115,0.886166761315848,2.87214385159221e-07,0.139853244162375,2.05368410922062e-06,389.78598771249,722.493784868452,3,3,0,68,74,98.6532245403085,1029.16801666821,183.853122986983,1917.82758733535,,17055.6354209121,,23666.0508538695
LAMA1,PTPRT,,,,,,,,,,,,,3,0,0,71,74,,,,,,,,
LAMA1,RASA1,389.031329767284,0.001,4888.73298929149,16191.3156151952,0.999993598769744,1,0.042017912753317,0.958099508802764,0.0487730874189561,19.6440200837151,389.785987710287,306.025946874233,2,0,1,71,74,96.7387441691597,1008.98978404196,,750.778841618968,,,830.405905538917,132670.691377102
LAMA1,ROBO2,392.565111566466,325.379873422633,0.001,0.001,0.979267733598556,0.97390344421088,0.953715357567817,1.42882906673403e-07,0.0485330555514314,2.9440327844594e-06,389.785987711587,316.857661590517,3,1,0,70,74,97.614341995998,1018.22298422193,18.5648064225651,1432.93213598243,,62766.5600390328,,27319.8525456374
LAMA1,ROS1,,,,,,,,,,,,,3,0,0,71,74,,,,,,,,
LAMA1,RYR1,425.762191782335,361.69335994865,0.001,0.001,0.957125630471712,0.939265477448491,0.899012851454555,2.80293472388823e-07,0.102926679082766,2.72323439254687e-06,419.462766677445,350.440387336558,3,2,0,63,68,105.863606883458,1104.44595599512,60.1330466629343,1117.28322927975,,24185.5739190546,,12528.5728477591
LAMA1,SACS,265.072934235528,538.073173956823,6054.64372820515,0.001,0.821910976632779,0.982296731110467,0.271796283040617,1.14027553426167,0.183639491981485,6.20931544711875,389.785987712572,528.754348065689,2,3,1,68,74,44.0711678287141,818.735467906735,167.018148314657,1250.3668879371,326.743055353028,35651.0710346614,,31465.2829999349
LAMA1,SF3B1,393.879809418285,879.171218290179,0.001,0.001,0.969664958336235,0.95737167227179,0.928336346214802,1.75996513052676e-07,0.0913503887559905,1.92660934944445e-06,389.785987712547,860.127605371454,3,2,0,69,74,97.9410260619203,1021.64032642022,146.178221507203,2715.20131886098,,30225.6780601256,,44347.4733805689
LAMA1,SMAD4,411.803419358016,2573.65570645267,0.001,0.001,0.849800547071035,0.859086053066595,0.730158892673377,4.68476753862079e-07,0.300003483572385,1.56157104672101e-06,389.785987712143,2516.73934832563,3,7,0,64,74,102.381208439818,1068.50173010882,1105.33563539527,4981.18956315235,,4955.55327996758,,36087.5813531671
LAMA1,SPHKAP,,,,,,,,,,,,,3,0,0,71,74,,,,,,,,
LAMA1,SPTA1,391.94125190227,223.340210937458,0.001,0.001,0.983870613826557,0.976948146522573,0.96119248891525,1.65474679886431e-07,0.0452043644869888,3.66059078065481e-06,389.785987711132,218.177744394915,3,1,0,70,74,97.4600039992995,1016.58906372886,12.7430672682597,983.502903060623,,81049.843651547,,20890.7719017512
LAMA1,SYNE1,408.911453922961,326.213932592526,0.001,0.001,0.868251491265308,0.835610844036851,0.725632963596901,9.7795981099727e-07,0.320125720468771,3.0549242015456e-06,389.785987713022,317.737630658988,3,7,0,64,74,101.665797577334,1060.91213176861,140.11133935874,631.307903162147,,5712.43808947573,,3920.94275501511
LAMA1,SYNE2,418.697565688944,0.001,9989.15230792647,26503.003360242,0.999994241163781,1,0.0419945339819698,0.991160443610536,0.0502846026759257,19.7110127328314,419.462766678375,507.970332335978,2,0,1,65,68,104.114081727165,1085.96868941963,,1378.29455700648,,,1377.58713185331,204840.103091472
LAMA1,TENM1,,,,,,,,,,,,,3,0,0,71,74,,,,,,,,
LAMA1,TP53,455.006519130758,1762.86091306944,0.001,5434.23905551507,0.964600782370136,0.918938550788667,0.896486408595836,1.06341542402166,0.773575048187526,1.37467647969414,389.785987711409,1835.80904331711,2,17,1,54,74,113.077212412831,1181.62062521419,1050.38067327752,2744.56065903474,,3053.78132446643,287.952343555153,36667.9899279778
LAMA1,TTN,431.391301717977,1137.68413960212,0.001,0.000999999999976353,0.920721067774065,0.918389805636707,0.845627424083847,2.72814177292371e-07,0.157799612991935,1.72886467919483e-06,419.462766676786,1105.30947629262,3,3,0,62,68,107.255247513983,1119.19381546976,282.856462607354,2951.75119159039,,11424.0199993437,,29932.1245311857
LAMA1,XIRP2,394.763501761269,500.824658596409,0.001,0.001,0.963145583206289,0.960070027486836,0.924694879102731,2.05820717546525e-07,0.0867188556470428,2.37342520275224e-06,389.785987711132,490.657497140541,3,2,0,69,74,98.1596769216378,1023.95916309939,83.2712940899724,1546.71352047174,,25080.7470221398,,26565.4831797942
LAMA1,ZFHX3,418.643085679409,0.001,3237.88209463097,10487.3334930293,0.999993535451006,1,0.0448324792532131,0.969367442859862,0.0520872770502734,18.6104457317716,419.462766678375,212.94898988174,2,0,1,65,68,104.1006087265,1085.82573090684,,491.985166866703,,,541.142672519849,83375.1727540951
LAMA1,ZNF521,,,,,,,,,,,,,3,0,0,71,74,,,,,,,,
LAMA1,ZNF536,429.448447367239,627.682469379218,0.001,0.001,0.93286647418476,0.923712148318475,0.861730987533349,3.22569979003748e-07,0.153453013367968,2.10207653746264e-06,419.462766676052,611.094230961241,3,3,0,62,68,106.781412074184,1114.08971971758,156.068845207375,1628.24401788395,,13236.0872829836,,17273.2807282444
LAMA2,LRP1B,552.100726835798,254.477781820241,0.001,0.001,0.980696780170668,0.969031038409423,0.950328520766164,1.7913244785249e-07,0.0601267640688779,2.97924644085761e-06,546.68408963661,250.48570060586,2,2,0,70,74,91.7977311895445,1705.04329681743,42.3121428584071,785.892361225688,,67504.0508786592,,19212.2572016626
LAMA2,LRP2,,,,,,,,,,,,,2,0,0,72,74,,,,,,,,
LAMA2,LRRIQ1,548.979003907072,618.403278454125,0.001,0.001,0.991781367554561,0.98249272799659,0.974418648969657,5.62912792854281e-08,0.0317256760844827,1.7743129929061e-06,546.684089631876,607.551723215317,2,1,0,71,74,91.2794065478688,1695.35755639342,35.2843542178538,2723.14879418596,,224895.637308694,,84086.0410689071
LAMA2,MACF1,298.189135202766,738.750377954173,17343.7867153393,0.001,0.733227362133799,0.981440044033065,0.138384009518083,1.13165426970554,0.10738213879471,10.5385707754341,587.266754297129,729.218775329286,1,2,1,64,68,17.0136646190694,1313.1656709076,183.696210135107,1916.09970184689,912.461899081,126304.153948345,,120348.965688458
LAMA2,MED12,550.452506748685,303.021413282985,0.001,0.001,0.986483182135276,0.983056065497174,0.969769632469428,8.44811310185111e-08,0.0319368866577073,2.64525255463883e-06,546.684089632467,297.867235811976,2,1,0,71,74,91.5241201956888,1699.95233481128,17.2894168675773,1334.38894043304,,135950.185690877,,42291.5013187509
LAMA2,NF1,276.480497574355,820.452512771856,21223.9284921828,0.001,0.713080371658263,0.986755253520067,0.109078410527454,1.21576596868116,0.0923445074136924,13.1655471747191,546.684089635869,812.710687788407,1,2,1,70,74,15.7751892654847,1217.5195090221,204.019333674801,2127.88240729522,1094.31440264242,169381.596246638,,168397.8557585
LAMA2,NRAS,,,,,,,,,,,,,2,0,0,72,74,,,,,,,,
LAMA2,PBRM1,552.003010694121,625.220962003976,0.001,0.001,0.981051774165234,0.968218828153731,0.949875667042006,1.12274524486505e-07,0.063343695276836,1.77246565732901e-06,546.684089633947,615.15486354303,2,2,0,70,74,91.7815590134321,1704.73822290617,103.955690828355,1930.84741146835,,68449.6983622457,,46526.8333109415
LAMA2,PEG3,554.626774813583,586.85462847363,0.001,0.001,0.971848281982473,0.966202758433465,0.939007741908345,1.19466986277586e-07,0.0651535536706434,1.83362195224993e-06,546.684089635169,576.777933242145,2,2,0,70,74,92.2161669718186,1712.91236543547,97.574319023038,1812.46204142592,,45945.1624752384,,41327.4580391636
LAMA2,PIK3CA,558.809390174383,1003.83087049971,0.001,0.001,0.918751240034438,0.959729291791956,0.918891005650994,1.3005328448109e-07,0.0888350940325442,1.4639854428864e-06,546.684089633947,989.995686927071,2,3,0,69,74,92.9094259164101,1725.93609334895,249.607203990548,2603.77752082969,,28405.2870391815,,57807.6747946821
LAMA2,PLEC,553.29059793989,251.18251366956,0.001,0.001,0.976507373492591,0.967175459039,0.944457980964117,1.9179306955748e-07,0.0636009121543799,3.01557105174744e-06,546.684089636808,246.999598381489,2,2,0,70,74,91.9951231298018,1708.74401686011,41.7636576176624,775.741797592853,,54476.5656836596,,17897.5186297759
LAMA2,POLE,555.013590621843,215.578437989991,0.001,0.001,0.970439761670576,0.9862318017646,0.957081021143395,9.76498953347144e-08,0.0292118619222975,3.34281654467831e-06,546.684089632467,212.586197803414,2,1,0,71,74,92.2774145903177,1714.24649902579,12.3002782920004,949.29912515091,,61341.0040245745,,36620.0059935438
LAMA2,PREX2,556.602615404767,734.32874837231,0.001,0.001,0.965053583671324,0.95288434631574,0.919593322329176,1.54159696321744e-07,0.0929399180308598,1.65870273600367e-06,546.684089632467,722.493784877277,2,3,0,69,74,92.5440760597962,1719.04749050652,182.59999127799,1904.6052693025,,34911.849143368,,36269.1895422735
LAMA2,PTPRT,,,,,,,,,,,,,2,0,0,72,74,,,,,,,,
LAMA2,RASA1,550.45332633756,311.342988439452,0.001,0.001,0.98648951604295,0.982982088844072,0.969702803285871,8.54302201393903e-08,0.0328435232223373,2.6011283735019e-06,546.684089632467,306.025946873827,2,1,0,71,74,91.5240020612133,1699.95013784021,17.764270376951,1371.02691168844,,136087.959640073,,44063.7761219639
LAMA2,ROBO2,550.347291983444,322.327981641482,0.001,0.001,0.986865882919535,0.983086002166067,0.970175231902473,8.31570756399357e-08,0.0326926563517578,2.5436010688518e-06,546.684089635296,316.857661590069,2,1,0,71,74,91.5064534400577,1699.61988705491,18.3910534765654,1419.3887049183,,140053.09214677,,45595.0021753976
LAMA2,ROS1,,,,,,,,,,,,,2,0,0,72,74,,,,,,,,
LAMA2,RYR1,595.261814344343,356.997554189977,0.001,0.001,0.973623371029201,0.963894704610521,0.938476572606942,1.59622100884271e-07,0.068083136163532,2.34451745144154e-06,587.266754298966,350.440387336191,2,2,0,64,68,98.9719365629806,1838.43828382167,59.3554489926812,1102.62541896729,,54267.2662169689,,23026.5891275393
LAMA2,SACS,560.995838709919,537.299192161021,0.001,0.001,0.950105808504245,0.938690113255255,0.891870566739691,2.38362034100242e-07,0.123269939783008,1.93365904550477e-06,546.68408963661,528.754348066246,2,4,0,68,74,93.2735055532539,1732.67227835291,166.779426732864,1248.53413541754,,22796.5199127304,,20072.5644871852
LAMA2,SF3B1,553.095843302871,872.221869123127,0.001,0.001,0.977166977938836,0.972604339171374,0.950399793760588,9.25844167755374e-08,0.0603782685734295,1.53340628943243e-06,546.684089632467,860.127605371454,2,2,0,70,74,91.9624185793601,1708.13877680763,145.026331774118,2693.58471141887,,57161.7648120751,,74518.1057902881
LAMA2,SMAD4,571.963502572863,2172.61298541382,0.001,41333.2494890855,0.98727515761564,0.903769529801755,0.307847002023695,1.034696884057,0.196336665460753,5.27001353327879,546.684089632467,2516.73934832723,1,6,1,66,74,95.0913929896826,1766.80059150317,863.230878637989,4405.07342496708,,20775.720697567,2034.99030832923,670675.881816932
LAMA2,SPHKAP,,,,,,,,,,,,,2,0,0,72,74,,,,,,,,
LAMA2,SPTA1,545.675818421813,0.001,9185.18294499641,23028.0263853564,0.99999684801728,1,0.0224720553322052,0.980717854792879,0.0301515312539787,32.5263034415033,546.684089636808,218.177744395084,1,0,1,72,74,90.7281988561848,1685.04822906844,,507.224155167541,,,1113.01558742406,418398.48036945
LAMA2,SYNE1,0.001,317.967971299428,15261.8904049116,14455.8889136021,0.735519605225881,0.999995771158129,0.00574339170722382,2.27134660077667,0.214113102610983,10.6081625695903,546.684089631723,317.737630658726,0,5,2,67,74,,1005.82241929796,136.598356545903,615.137575604642,2382.03548241192,57863.2894900333,,
LAMA2,SYNE2,591.615311892389,516.367255344172,0.001,0.001,0.985494783825845,0.983790168957291,0.969521296136615,6.31777947726273e-08,0.0336846945439258,1.87556383182402e-06,587.26675429756,507.97033233548,2,1,0,65,68,98.3671036448602,1827.10872898157,29.4625238238061,2273.80502655538,,136130.261570668,,74979.3057498989
LAMA2,TENM1,,,,,,,,,,,,,2,0,0,72,74,,,,,,,,
LAMA2,TP53,635.393247418782,1748.87440099961,0.001,9587.40626683443,0.98547674024187,0.917172335056585,0.724295685721043,1.02526644628114,0.513452835467649,1.99680744843357,546.684089635429,1835.80904331323,1,17,1,55,74,105.603591318284,1964.27359897026,1042.11177407028,2722.56468619312,,6638.20251059941,476.203785036322,141401.706574094
LAMA2,TTN,604.109555083171,1126.97205109291,0.001,0.001,0.945582846177079,0.944327369287723,0.892960249917327,1.48306804582769e-07,0.109157549463085,1.35864908393646e-06,587.266754297129,1105.30947629204,2,3,0,63,68,100.43731454829,1866.02925325036,280.2089384079,2923.58198675235,,23567.0954536913,,47595.797283833
LAMA2,XIRP2,553.383453095684,497.745322627456,0.001,0.001,0.976149329037654,0.971896207478713,0.948719220155257,1.14387393048906e-07,0.0577578274569391,1.98046564570295e-06,546.684089631876,490.657497141621,2,2,0,70,74,92.0102874870187,1709.03888599217,82.7604409676229,1537.16033126008,,54659.3204092569,,40958.2596827072
LAMA2,ZFHX3,591.620686854164,216.596890744134,0.001,0.001,0.985485200627252,0.983224999155221,0.968955116152096,1.13811555779979e-07,0.0348631344059846,3.2645244817816e-06,587.26675429756,212.948989883126,2,1,0,65,68,98.3678605371664,1827.12278837059,12.3583038149018,953.796583914742,,135937.706232927,,30608.7075704505
LAMA2,ZNF521,,,,,,,,,,,,,2,0,0,72,74,,,,,,,,
LAMA2,ZNF536,599.932653080059,621.804691019069,0.000999999999997669,0.001,0.958650357706976,0.949796301518817,0.910534490763389,1.7670948201931e-07,0.102156371275376,1.72979403842534e-06,587.26675429452,611.094230960349,2,3,0,63,68,99.7468871781354,1852.92366064721,154.613430028892,1612.83494557651,,30554.6273564426,,28561.9684894086
LRP1B,LRP2,,,,,,,,,,,,,2,0,0,72,74,,,,,,,,
LRP1B,LRRIQ1,251.698542435196,613.123740819376,0.001,0.001,0.990436916482309,0.990934164411524,0.98145807509294,8.5976409247221e-08,0.0299966650858746,2.86619892581683e-06,250.485700605922,607.551723213292,2,1,0,71,74,41.8513291421209,777.249073259304,34.983807965948,2699.69779056921,,88460.5796108718,,160759.63381171
LRP1B,MACF1,276.27794496284,736.620408983909,0.001,0.001,0.953178163717148,0.970578611342084,0.925140195850698,2.59270519607432e-07,0.0990139244036246,2.61852584037101e-06,269.696788153729,729.218775334211,2,3,0,63,68,45.9357054881373,853.262099575873,183.174564192524,1910.41402397796,,12424.6103654175,,58892.8712182235
LRP1B,MED12,252.246909418708,301.036757776397,0.001,0.001,0.986161727555124,0.989526162089062,0.975833519126412,1.13007877288601e-07,0.0302204414180953,3.73945157600956e-06,250.485700606529,297.867235811976,2,1,0,71,74,41.9421192103277,778.954611255438,17.1763678422411,1325.56668193093,,60827.6422873606,,68121.8750254748
LRP1B,NF1,254.983183755363,822.363109238785,0.001,0.001,0.965242938272977,0.965523810324969,0.931969871493436,2.3590288212097e-07,0.0879349597006998,2.6826973358935e-06,250.48570060586,812.710687779919,2,3,0,69,74,42.3962758020064,787.437295341091,204.497199566378,2132.83331660888,,15614.0153469634,,55595.4155131417
LRP1B,NRAS,,,,,,,,,,,,,2,0,0,72,74,,,,,,,,
LRP1B,PBRM1,253.730917843478,621.625784854642,0.001,0.001,0.974716377029128,0.979411862869814,0.954650608003821,1.72251421660941e-07,0.0599463827262131,2.87342478106889e-06,250.48570060586,615.154863545168,2,2,0,70,74,42.1885572096393,783.558042159473,103.360446949557,1919.62618038092,,23204.3747860853,,71561.0629208177
LRP1B,PEG3,254.352374815795,582.373412619417,0.001,0.001,0.969980425239982,0.981059639752304,0.951611109853289,1.78332115895099e-07,0.0608583338926432,2.93028258397091e-06,250.485700605577,576.777933246576,2,2,0,70,74,42.2913953979183,785.5001809545,96.8325487326307,1798.46939338595,,19797.9109898584,,73328.2140226655
LRP1B,PIK3CA,256.534929307252,1000.20848366983,0.001,0.001,0.925042129124524,0.970163189932377,0.925182852562266,2.25433569776834e-07,0.0877831757131113,2.56807261693955e-06,250.48570060586,989.995686928123,2,3,0,69,74,42.6534233531572,792.278171294624,248.711980417621,2594.28836117541,,11608.3132612769,,77668.1037340388
LRP1B,PLEC,253.73814611856,249.625521649172,0.001,0.001,0.974662563115451,0.979227952014375,0.95441898713463,2.47070817207553e-07,0.0600505665818849,4.11437945170172e-06,250.485700605922,246.99959838073,2,2,0,70,74,42.1897571452242,783.580459040454,41.5058198721189,770.885629906843,,23143.6020135921,,28881.755483381
LRP1B,POLE,253.492898846066,215.028223929669,0.001,0.001,0.976549265614998,0.988729163527615,0.965544060306924,1.26733587745703e-07,0.0285885052039141,4.43302603062827e-06,250.485700606529,212.586197804762,2,1,0,71,74,42.1483034133671,782.854536106938,12.2689597773139,946.858929226859,,35604.5180412641,,44673.9824277471
LRP1B,PREX2,255.090579924873,730.424946769771,0.001,0.001,0.964421679107562,0.968117850610349,0.933678522519905,2.44271399871265e-07,0.0884798244127714,2.76075818970552e-06,250.485700605573,722.493784875988,2,3,0,69,74,42.4141513128724,787.779236593026,181.634775150167,1894.35786364208,,15397.1062201806,,53741.1468897866
LRP1B,PTPRT,,,,,,,,,,,,,2,0,0,72,74,,,,,,,,
LRP1B,RASA1,252.244895611101,308.816279026767,0.001,0.001,0.986168282951061,0.991005680382474,0.97729890915382,1.12670536745949e-07,0.0305148865103796,3.69231380584109e-06,250.485700606529,306.025946873827,2,1,0,71,74,41.941875279748,778.950080778573,17.620435868113,1359.80251241566,,60889.3883364413,,83306.0116016399
LRP1B,ROBO2,252.175645324375,319.75929353713,0.001,0.001,0.986707658559365,0.990963652104105,0.977791928293287,1.10940673656371e-07,0.0305213102935167,3.63485946669651e-06,250.485700605922,316.857661590069,2,1,0,71,74,41.930405066717,778.734211535132,18.2448395967744,1407.98312477824,,63398.0543378576,,85898.1885096964
LRP1B,ROS1,,,,,,,,,,,,,2,0,0,72,74,,,,,,,,
LRP1B,RYR1,272.302078196933,176.305840383578,0.001,24301.6544919055,0.989454965211842,0.728601097018066,0.0672098339236518,1.16167050250011,0.0652339913328596,17.8077483649994,269.696788153729,350.440387335635,1,1,1,65,68,45.2765996536343,840.926329319526,10.059483539064,776.372830318383,,80332.4176948936,1161.62676140342,459466.505907919
LRP1B,SACS,257.39415965713,534.69230484031,0.001,0.001,0.947319152966775,0.956953330226774,0.906549288531029,3.57625883937868e-07,0.117632250321669,3.04020269067309e-06,250.485700606529,528.754348063775,2,4,0,68,74,42.7963629058876,794.930765461196,165.976365032788,1242.40056269318,,9849.60845816266,,28659.6486839006
LRP1B,SF3B1,253.508848257731,868.912226192409,0.001,0.001,0.976416448864429,0.980000109640424,0.956889923374526,1.55073609215024e-07,0.0588855737425757,2.63347369073696e-06,250.485700605577,860.12760537155,2,2,0,70,74,42.1517105673181,782.865549693834,144.477898805087,2683.26622881385,,24919.82444726,,101543.028400857
LRP1B,SMAD4,264.012779952113,2551.39261853517,0.001,0.001,0.900707111840846,0.911345157639776,0.820893165604413,4.50310730142067e-07,0.197115593250412,2.28450079832092e-06,250.485700605922,2516.73934831256,2,7,0,65,74,43.8940655131039,815.496249467049,1095.83589614624,4937.68415578379,,4944.50579993212,,63620.3858875731
LRP1B,SPHKAP,,,,,,,,,,,,,2,0,0,72,74,,,,,,,,
LRP1B,SPTA1,251.904239186241,220.731360980043,0.001,0.001,0.9888343220829,0.988463289760466,0.977426904067067,1.27754529306162e-07,0.0293065685753445,4.35924557246329e-06,250.485700605922,218.177744395324,2,1,0,71,74,41.8854330562535,777.888888069033,12.5944817580724,971.940189878964,,75639.3382271796,,44862.354465833
LRP1B,SYNE1,262.859940678226,321.361094770524,0.001,0.001,0.908550551008332,0.925754526891724,0.841122371033182,7.70137821352185e-07,0.204599466906727,3.7641242814346e-06,250.485700605577,317.737630659059,2,7,0,65,74,43.70303377296,811.909768667042,138.045211442366,621.781781803432,,5396.42231683709,,9786.36022940739
LRP1B,SYNE2,271.738409205294,514.185960134261,0.001,0.001,0.985115662494556,0.987953378387213,0.973249054254537,9.31651628482966e-08,0.0321898088940645,2.89424404956549e-06,269.696788153729,507.97033233548,2,1,0,65,68,45.1829297670496,839.157795337802,29.3383726581718,2264.11401476554,,60904.2316522416,,100232.997663074
LRP1B,TENM1,,,,,,,,,,,,,2,0,0,72,74,,,,,,,,
LRP1B,TP53,290.868676088043,1747.36361425824,0.001,11399.9011098748,0.92488349632439,0.78782615819879,0.622612504765908,1.1140235672005,0.502563736933026,2.21668115968534,250.48570060591,1835.80904332069,1,17,1,55,74,48.3449713713095,899.098243187512,1041.1938725119,2720.26531455097,,2835.51058134272,563.723014127409,181605.184455897
LRP1B,TTN,276.576866800542,1116.67113129857,0.001,0.001,0.951156357852469,0.970431176764148,0.923039718368656,2.37428386551213e-07,0.0998497183220345,2.37785734943648e-06,269.696788154054,1105.3094762985,2,3,0,63,68,45.9846364933641,854.199719098689,277.661451659034,2896.44949732936,,12033.2510724823,,90004.5921082593
LRP1B,XIRP2,253.553620305541,497.001455738739,0.001,0.001,0.976088356947072,0.974792803873032,0.951486308583075,1.75624154281039e-07,0.0569400921176506,3.08436723140807e-06,250.485700605922,490.657497141621,2,2,0,70,74,42.1591973833341,783.00693128467,82.6372570292804,1534.84032883454,,24654.9930635704,,45630.2883673606
LRP1B,ZFHX3,271.73880135725,215.162317054259,0.001,0.001,0.985106058079124,0.989761402048895,0.975020658300834,1.40373322994949e-07,0.0328109258948427,4.27824936866574e-06,269.696788153729,212.948989883329,2,1,0,65,68,45.1829982987348,839.159067847133,12.2766894392388,947.428626279899,,60819.2837291841,,50073.9281151576
LRP1B,ZNF521,,,,,,,,,,,,,2,0,0,72,74,,,,,,,,
LRP1B,ZNF536,276.081570688342,617.805153418075,0.001,0.001,0.954532176659336,0.968193822407271,0.924178769673723,2.66107354056702e-07,0.0966682334822226,2.75279007871432e-06,269.696788153729,611.094230961232,2,3,0,63,68,45.9033049570989,852.642958737215,153.627608501271,1602.36911710547,,12715.4541918618,,45816.1527409815
LRP2,LRRIQ1,,,,,,,,,,,,,0,1,0,73,74,,,,,,,,
LRP2,MACF1,,,,,,,,,,,,,0,3,0,65,68,,,,,,,,
LRP2,MED12,,,,,,,,,,,,,0,1,0,73,74,,,,,,,,
LRP2,NF1,,,,,,,,,,,,,0,3,0,71,74,,,,,,,,
LRP2,NRAS,,,,,,,,,,,,,0,0,0,74,74,,,,,,,,
LRP2,PBRM1,,,,,,,,,,,,,0,2,0,72,74,,,,,,,,
LRP2,PEG3,,,,,,,,,,,,,0,2,0,72,74,,,,,,,,
LRP2,PIK3CA,,,,,,,,,,,,,0,3,0,71,74,,,,,,,,
LRP2,PLEC,,,,,,,,,,,,,0,2,0,72,74,,,,,,,,
LRP2,POLE,,,,,,,,,,,,,0,1,0,73,74,,,,,,,,
LRP2,PREX2,,,,,,,,,,,,,0,3,0,71,74,,,,,,,,
LRP2,PTPRT,,,,,,,,,,,,,0,0,0,74,74,,,,,,,,
LRP2,RASA1,,,,,,,,,,,,,0,1,0,73,74,,,,,,,,
LRP2,ROBO2,,,,,,,,,,,,,0,1,0,73,74,,,,,,,,
LRP2,ROS1,,,,,,,,,,,,,0,0,0,74,74,,,,,,,,
LRP2,RYR1,,,,,,,,,,,,,0,2,0,66,68,,,,,,,,
LRP2,SACS,,,,,,,,,,,,,0,4,0,70,74,,,,,,,,
LRP2,SF3B1,,,,,,,,,,,,,0,2,0,72,74,,,,,,,,
LRP2,SMAD4,,,,,,,,,,,,,0,7,0,67,74,,,,,,,,
LRP2,SPHKAP,,,,,,,,,,,,,0,0,0,74,74,,,,,,,,
LRP2,SPTA1,,,,,,,,,,,,,0,1,0,73,74,,,,,,,,
LRP2,SYNE1,,,,,,,,,,,,,0,7,0,67,74,,,,,,,,
LRP2,SYNE2,,,,,,,,,,,,,0,1,0,67,68,,,,,,,,
LRP2,TENM1,,,,,,,,,,,,,0,0,0,74,74,,,,,,,,
LRP2,TP53,,,,,,,,,,,,,0,18,0,56,74,,,,,,,,
LRP2,TTN,,,,,,,,,,,,,0,3,0,65,68,,,,,,,,
LRP2,XIRP2,,,,,,,,,,,,,0,2,0,72,74,,,,,,,,
LRP2,ZFHX3,,,,,,,,,,,,,0,1,0,67,68,,,,,,,,
LRP2,ZNF521,,,,,,,,,,,,,0,0,0,74,74,,,,,,,,
LRP2,ZNF536,,,,,,,,,,,,,0,3,0,65,68,,,,,,,,
LRRIQ1,MACF1,665.906245571547,732.61878181786,0.001,0.001,0.981144810012884,0.986304179788131,0.96770824224162,7.95643272724633e-08,0.0534019739632818,1.48991359995738e-06,653.32177134035,729.218775334211,1,3,0,64,68,37.9949860578815,2932.24821833391,182.18272807077,1899.99418784836,,75553.7748060689,,178995.235367347
LRRIQ1,MED12,611.521487991628,299.199990467517,0.001,0.001,0.993521125072895,0.995567763340918,0.989117732005784,3.97815439945239e-08,0.0157110224361359,2.53207861908624e-06,607.551723215317,297.867235811976,1,1,0,72,74,34.8924359703789,2692.64241922899,17.0717589785271,1317.45533678929,,317508.835022455,,228157.150374352
LRRIQ1,NF1,618.353959832289,816.501369446054,0.001,0.001,0.982572178518038,0.986289442153829,0.969101473995346,6.72453073606583e-08,0.0457332339178903,1.47038163715671e-06,607.551723215317,812.710687779919,1,3,0,70,74,35.2817871951758,2722.85140923867,203.042487062238,2117.52883283964,,78036.7733046762,,199298.992561775
LRRIQ1,NRAS,,,,,,,,,,,,,1,0,0,73,74,,,,,,,,
LRRIQ1,PBRM1,612.756886761319,617.585646147454,0.001,0.001,0.991523929488454,0.99218441557607,0.983774808970202,5.23526657875834e-08,0.0315015404802698,1.66190811590224e-06,607.551723212913,615.154863545168,1,2,0,71,74,34.9629028603617,2698.07926349155,102.689926213098,1907.09112315572,,175503.994918326,,266193.445607274
LRRIQ1,PEG3,615.701880824768,579.107342726965,0.001,0.001,0.986805735429175,0.992043254842213,0.978954381872305,5.52884038512551e-08,0.0321093448830718,1.72187891259044e-06,607.551723215317,576.777933242145,1,2,0,71,74,35.1300942237848,2711.07432905658,96.2905159394177,1788.33985718546,,108681.317931692,,245132.938059472
LRRIQ1,PIK3CA,619.05290377624,994.515342207978,0.001,0.001,0.968199639823114,0.986631387196147,0.968346929105276,5.971752922284e-08,0.0440197063220706,1.35660898748202e-06,607.551723213292,989.995686924205,1,3,0,70,74,35.32151865707,2725.98014082876,247.297449705312,2579.4285270955,,74778.7398110426,,249062.249300769
LRRIQ1,PLEC,614.089282636121,248.013251381995,0.001,0.001,0.989377054492712,0.991901249854388,0.981364660871586,9.00316383081919e-08,0.031054378861517,2.89916081431467e-06,607.551723215317,246.99959838073,1,2,0,71,74,35.0387908445974,2703.9672484825,41.2383086003281,765.881579686633,,135290.30826592,,103122.918047087
LRRIQ1,POLE,616.948918696816,213.654601745622,0.001,0.001,0.98481843760617,0.995048823841333,0.979942784429406,4.57125789508732e-08,0.0141408634500582,3.23265825402515e-06,607.551723214212,212.586197803358,1,1,0,72,74,35.2008688529352,2716.82413818075,12.1907073415243,940.791248271073,,134803.347592629,,145727.893865931
LRRIQ1,PREX2,0.001,721.672338954878,42454.2429613423,9134.90162988468,1,0.999997774537922,0.0315806383723771,1.12053377846222,0.0460472876258785,24.3344143864943,607.551723215317,722.493784870766,0,2,1,71,74,,1415.68565980817,179.463562432362,1871.53658991622,2196.39556689204,334048.519970303,,
LRRIQ1,PTPRT,,,,,,,,,,,,,1,0,0,73,74,,,,,,,,
LRRIQ1,RASA1,611.522368247565,307.218032666052,0.001,0.001,0.993524165081989,0.996135855745452,0.989685143997451,4.05725652493152e-08,0.0163112151058501,2.48740299150145e-06,607.551723215317,306.025946873843,1,1,0,72,74,34.8922983059848,2692.63179536986,17.5293671883685,1352.74281832042,,317828.04826409,,268951.237426703
LRRIQ1,ROBO2,611.890141809446,318.11313566338,0.001,0.001,0.992924286246175,0.996072219196252,0.989024403969668,3.93343394522461e-08,0.0161768831996267,2.43151532757273e-06,607.551723215317,316.857661590069,1,1,0,72,74,34.9133848654796,2694.27517926607,18.1510006964743,1400.70858954656,,290833.910068124,,273949.29961489
LRRIQ1,ROS1,,,,,,,,,,,,,1,0,0,73,74,,,,,,,,
LRRIQ1,RYR1,660.714866190551,351.973279138746,0.001,0.001,0.988836907292122,0.991394910511492,0.980328345515696,7.53094124544135e-08,0.0337089907346512,2.23410463538438e-06,653.321771338077,350.440387335635,1,2,0,65,68,37.6990828756784,2909.29802202403,58.5228150541381,1086.97895230136,,142156.746993842,,137627.857647329
LRRIQ1,SACS,0.001,528.294276840995,31848.2716888361,14716.2523484046,1,0.999997773017075,0.0401715037705265,1.21052942426534,0.0607632529499218,19.9220641670221,607.551723213292,528.754348065211,0,3,1,70,74,,1694.3356094188,163.996029734748,1227.4517851803,1720.69717697462,186647.970895233,,
LRRIQ1,SF3B1,614.279616152163,863.827887184563,0.001,0.001,0.989072605012283,0.991501894738986,0.980667668138662,4.20463704985975e-08,0.0294716016280326,1.42667409220828e-06,607.551723216155,860.127605371454,1,2,0,71,74,35.0496024476091,2704.82689755029,143.633845961413,2667.49950484912,,136762.242295515,,342119.174913174
LRRIQ1,SMAD4,637.44541061931,2530.07797141694,0.001,0.001,0.953216663995939,0.964795255242766,0.919665737626026,1.01116326325923e-07,0.0956572229032573,1.05706943246917e-06,607.551723213531,2516.7393483453,1,7,0,66,74,36.369657661867,2807.30805254819,1086.7278475438,4896.04218234452,,26267.2399849567,,234990.728877754
LRRIQ1,SPHKAP,,,,,,,,,,,,,1,0,0,73,74,,,,,,,,
LRRIQ1,SPTA1,611.058653283837,219.165672197956,0.001,0.001,0.994272289330098,0.995506123319272,0.989804240050919,4.66489476578374e-08,0.014809723335497,3.14988650368816e-06,607.551723215317,218.177744395109,1,1,0,72,74,34.8660752666492,2690.59019963943,12.5052467022556,965.019416224324,,359723.697123229,,164818.268001612
LRRIQ1,SYNE1,638.060594565611,319.178611809369,0.001,0.001,0.952365637855988,0.969790266324742,0.923600650157039,2.66249458005102e-07,0.104831472716238,2.53978553488223e-06,607.551723213531,317.737630658759,1,7,0,66,74,36.4018771073522,2809.84934366864,137.112906209372,617.529590291252,,25843.6122887856,,34745.2221588176
LRRIQ1,SYNE2,657.911832618097,510.305032581918,0.001,0.001,0.99303901901962,0.995442009316624,0.988512871396505,2.92738790109645e-08,0.0165232264911232,1.77168055081079e-06,653.32177134035,507.97033233548,1,1,0,66,68,37.5392939780357,2896.92102742969,29.1171902259582,2246.95439069301,,318039.096486399,,378276.148173193
LRRIQ1,TENM1,,,,,,,,,,,,,1,0,0,73,74,,,,,,,,
LRRIQ1,TP53,0.001,1834.23462272056,4444.43720451291,1408.46517847359,1,0.999993471502082,0.266356376324598,0.944135706470963,0.254255945542074,3.7133279399153,607.551723191322,1835.80904331428,0,17,1,56,74,,1508.04711617037,1110.3409677991,2822.61699109723,251.220727182792,20295.2005398159,,
LRRIQ1,TTN,671.222187064828,1109.52863214558,0.001,0.001,0.973394590645945,0.988938116590879,0.962628536440347,6.64234620379595e-08,0.0530358001053312,1.25242688723541e-06,653.321771340006,1105.30947630217,1,3,0,64,68,38.2973889255454,2955.90225664551,275.893849477333,2877.85256571411,,54169.8675915532,,336712.440261243
LRRIQ1,XIRP2,614.683449065143,493.283147893799,0.001,0.001,0.988423733982729,0.989451158783042,0.977997466498237,5.34331185894632e-08,0.0285263431331368,1.87311490786193e-06,607.551723213292,490.657497141621,1,2,0,71,74,35.0727241052652,2706.61106760776,82.0203389372295,1523.29991879172,,124949.644057223,,156962.822889566
LRRIQ1,ZFHX3,657.914934937003,213.925757562775,0.001,0.001,0.99303448210296,0.995455500496502,0.988521772671998,5.392740183097e-08,0.0170939021153404,3.15477422692004e-06,653.32177134035,212.94898988174,1,1,0,66,68,37.5394646390307,2896.93419722565,12.2062061039419,941.963759777238,,317594.957557754,,159051.428421455
LRRIQ1,ZNF521,,,,,,,,,,,,,1,0,0,73,74,,,,,,,,
LRRIQ1,ZNF536,664.4687638961,614.091696124067,0.001,0.001,0.98326421416422,0.985598403950796,0.969104679048604,8.14154241871035e-08,0.0501891892615592,1.62217053881484e-06,653.321771338319,611.094230963032,1,3,0,64,68,37.9131241935765,2925.87446224608,152.705228419436,1592.66867563447,,85186.8348267523,,142560.401467194
MACF1,MED12,735.75710158083,330.32882049264,0.001,0.001,0.973868492206319,0.974768178229761,0.949299577404358,1.22797210583107e-07,0.0533074245422497,2.30356674773853e-06,729.218775332758,321.954565624965,3,1,0,64,68,182.959177964023,1908.22056318328,18.8472265456985,1454.71384703859,,92620.1652413725,,27958.858745899
MACF1,NF1,491.835709920389,885.528935524056,18447.7571176012,0.001,0.790623445067761,0.98624290501119,0.183046368549524,1.26515562279188,0.152631550134051,8.28895219684747,729.218775332121,871.788696786462,2,2,1,63,68,81.777102452968,1518.94531968015,220.197979038005,2296.76442481477,946.491908279832,151825.302794539,,69570.3251260716
MACF1,NRAS,,,,,,,,,,,,,3,0,0,65,68,,,,,,,,
MACF1,PBRM1,731.275015034185,335.090709650834,0.001,0.001,0.991733431778742,0.97920387126476,0.971109877241506,1.20034612396437e-07,0.0530700255934884,2.26181561162023e-06,729.218775331153,328.108917736493,3,1,0,64,68,181.850288623929,1896.49615545188,19.1193430349494,1475.55728979766,,298030.625812442,,34504.7792371001
MACF1,PEG3,618.093255934501,462.006350610164,15922.7660519032,11868.1975150998,0.946388314446515,0.942110109936064,0.120940527847394,1.28137695922828,0.108052870361638,11.858796114714,729.218775332758,618.824418097152,2,1,1,64,68,111.373103104718,1770.50333171695,30.6632320594616,1743.44733185475,,339634.060528236,,121200.759645924
MACF1,PIK3CA,746.112365781651,1087.69990800809,0.001,0.001,0.934446543402275,0.923718687779119,0.86319091515439,1.74710464682232e-07,0.14437830107315,1.21008810453944e-06,729.218775332758,1058.94678437408,3,3,0,62,68,185.523647502592,1935.32892250238,270.440110322172,2821.76179548882,,24808.4612348754,,29606.639899827
MACF1,PLEC,728.76003994291,0.001,1960.91580142518,6758.12851179414,0.999999100708354,1,0.0427952508144195,1.00052732706534,0.0529447213469807,18.8975841521242,729.218775329038,132.858961816725,2,0,1,65,68,181.225604957682,1889.93054685888,,277.00432883149,,,353.910710542331,50005.2504137709
MACF1,POLE,742.165626603797,235.042965823744,0.001,0.001,0.948961413454032,0.974323140075015,0.924602413895735,1.41586885034004e-07,0.0477684245015893,2.96402668732131e-06,729.218775332758,228.95436224538,3,1,0,64,68,184.551345620391,1925.34070891052,13.41037059042,1035.09060710523,,46346.7359789796,,19492.8495547162
MACF1,PREX2,744.166584686564,792.505782961921,0.001,0.001,0.941621995587692,0.941017972890156,0.886099527176484,2.12152658982546e-07,0.153170177303181,1.38507810539787e-06,729.218775332758,776.431526333577,3,3,0,62,68,185.041295951649,1930.15195685046,197.066058989701,2055.54358220501,,27526.0208502981,,28056.1362034556
MACF1,PTPRT,,,,,,,,,,,,,3,0,0,65,68,,,,,,,,
MACF1,RASA1,735.743568502705,334.357098786971,0.001,0.001,0.973883157448363,0.980001327073843,0.95440932962822,1.25508694383616e-07,0.0551982584249983,2.27377996996325e-06,729.218775332758,327.639863117225,3,1,0,64,68,182.955907084521,1908.18644613432,19.0774221323626,1472.3537002424,,92730.1705419341,,35843.9338616766
MACF1,ROBO2,734.722231000798,347.037583197099,0.001,0.001,0.977925385868577,0.97825374757386,0.956661446927064,1.21454203594069e-07,0.0547556017262088,2.21811467256572e-06,729.218775334211,339.46242032534,3,1,0,64,68,182.703763356177,1905.50591055943,19.8008696628538,1528.21148607202,,110127.846281558,,34197.2542509294
MACF1,ROS1,,,,,,,,,,,,,3,0,0,65,68,,,,,,,,
MACF1,RYR1,488.494863591153,356.313417287734,36621.3912444235,0.001,0.640607884055754,0.997276907288726,0.102307080712885,1.22730974459012,0.104270132034945,11.7704823101097,729.218775331153,350.440387335635,2,1,1,64,68,81.2242005310649,1508.54095805239,59.2439167708742,1100.42669515991,1756.36738696391,573804.457128391,,42038.0733800103
MACF1,SACS,750.050885082639,581.308836181349,0.001,0.001,0.919872615143796,0.909890935783387,0.837015581831471,3.34026140746957e-07,0.202870283659572,1.64650107803601e-06,729.218775332758,567.55442034869,3,4,0,61,68,186.503864485955,1945.50704960755,180.433131145728,1350.91293739473,,18654.7967574914,,13208.6515836609
MACF1,SF3B1,737.459758354694,944.868351711238,0.001,0.001,0.911194186537117,0.948704012559802,0.917701030225711,1.25245144392758e-07,0.0982570359424339,1.27466845698597e-06,729.218775332758,920.179227831568,3,2,0,63,68,183.382983739996,1912.62784880677,157.098135206846,2918.25204220977,,53966.1750248005,,38831.4140935048
MACF1,SMAD4,506.259735569981,2363.86790245323,5883.31701763436,0.001,0.745606987054414,0.947198857399153,0.451679426439448,0.983441832795626,0.268044640443065,3.66894794527526,729.218775332033,2306.78280632586,2,5,1,60,68,84.1724875121245,1563.89911421551,939.032595287313,4794.30232526516,324.036339382018,30488.5999755645,,59507.6164210154
MACF1,SPHKAP,,,,,,,,,,,,,3,0,0,65,68,,,,,,,,
MACF1,SPTA1,728.82219131258,0.001,3568.89425205658,12086.6566948386,0.99999917491074,1,0.0421272465698753,0.970112107692868,0.0494186192725251,19.630498018228,729.218775332121,234.760085704651,2,0,1,65,68,181.23935413355,1890.07296693882,,510.000824306121,,,635.052602482765,89302.6696530666
MACF1,SYNE1,757.653019434103,246.633468485544,0.001,8592.52312500301,0.990144848479854,1,0.0545511782544792,2.00438259473772,0.350642738679739,5.716310003409,729.218775332414,342.378647198253,1,5,2,60,68,188.385188385577,1965.42793847289,88.4216237242788,530.312030750051,,26835.2295702629,1062.55016314328,142929.816827856
MACF1,SYNE2,735.749926606909,520.415740931751,0.001,0.001,0.973899675152328,0.97616485850857,0.950689261090977,8.7501471523338e-08,0.0508874057667956,1.71951134479788e-06,729.218775332758,507.970332335513,3,1,0,64,68,182.956485249858,1908.19247892976,29.6933745649322,2291.72406702844,,92858.9056403117,,46567.826965802
MACF1,TENM1,,,,,,,,,,,,,3,0,0,65,68,,,,,,,,
MACF1,TP53,864.291807591962,1939.47207730441,0.001,5166.85205825127,0.960081617460248,0.940470133332301,0.931630427274628,1.03287790527759,0.841958652480357,1.22675609097287,729.218775332074,2013.06067340121,2,17,1,48,68,214.762573616757,2245.11811212759,1155.16363563404,3021.11820991485,,5280.12185005389,274.783181602602,34652.9139243597
MACF1,TTN,750.456245997961,1128.53985479806,0.001,0.001,0.918314026434412,0.940608347724575,0.863801166995767,1.98409918353466e-07,0.166304045031531,1.19305527605085e-06,729.218775332758,1105.30947630217,3,3,0,62,68,186.59762928244,1946.71440495393,280.604991363937,2927.48787522796,,19156.5886039258,,39819.5736615942
MACF1,XIRP2,738.446311087569,542.540119510482,0.001,0.001,0.963481398822496,0.952608276250776,0.91782824563129,1.57689131597034e-07,0.0936030500632177,1.68465804790051e-06,729.218775334211,529.442548288764,3,2,0,63,68,183.623860682827,1915.17111522716,90.2053381310697,1675.62626400986,,47488.120377851,,23995.2818577439
MACF1,ZFHX3,735.750728233915,218.119200831889,0.001,0.001,0.973882550634752,0.976397357075247,0.950899357270011,1.65175986885542e-07,0.0530121273216746,3.11581510176461e-06,729.218775332758,212.94898988174,3,1,0,64,68,182.957559707338,1908.20368449774,12.4451108017695,960.529346025886,,92727.2656031811,,19774.7338662205
MACF1,ZNF521,,,,,,,,,,,,,3,0,0,65,68,,,,,,,,
MACF1,ZNF536,492.434215513054,621.169627807948,16940.2410044642,0.001,0.790371283093121,0.987372210501186,0.193002707639321,1.21650948447439,0.154564183941028,7.87057812137467,729.21877533396,611.094230961232,2,2,1,63,68,81.8770946646712,1520.78857855971,154.459444556616,1611.1623434041,893.228027326349,121151.916981245,,47502.8244735036
MED12,NF1,302.72673767471,818.682418432916,0.001,0.001,0.984028475349962,0.978459862075276,0.96283411625427,1.07737657104728e-07,0.0459752009893658,2.34338632102225e-06,297.867235811976,812.710687779919,1,3,0,70,74,17.272728875281,1333.04352007417,203.582629115904,2123.2416041395,,41456.0801338697,,125778.522024914
MED12,NRAS,,,,,,,,,,,,,1,0,0,73,74,,,,,,,,
MED12,PBRM1,300.948548348904,618.377430225961,0.001,0.001,0.989800995744483,0.989658323132089,0.979565279132455,8.0151738818951e-08,0.0316522651800951,2.53225917206568e-06,297.867235811976,615.154863544753,1,2,0,71,74,17.1714218286056,1325.18153669077,102.821245677507,1909.55161451273,,69807.0575692623,,200454.091404189
MED12,PEG3,302.532574144796,580.241737444702,0.001,0.001,0.984635701522541,0.988195757065589,0.973013807901713,8.35365322644777e-08,0.0322023192588459,2.59411539873887e-06,297.867235812778,576.777933246576,1,2,0,71,74,17.2615890235187,1332.21884327376,96.4787041527218,1791.86915430146,,47210.6612641246,,164468.816610938
MED12,PIK3CA,305.137283684627,993.982782351731,0.001,0.001,0.964620127387278,0.988239619551621,0.964766872113687,1.00307146271364e-07,0.045028236236942,2.22764990712806e-06,297.867235811976,989.995686927071,1,3,0,70,74,17.4099400876722,1343.75866529623,247.166951990491,2578.05260563348,,27921.3502184879,,283084.301187325
MED12,PLEC,301.844379250664,248.951614716389,0.001,0.001,0.986884103290596,0.984479811948903,0.97156851699296,1.20892126953087e-07,0.032001627436067,3.7776868440396e-06,297.867235811976,246.99959838073,1,2,0,71,74,17.2224420983964,1329.15033638342,41.3937992439027,768.803177096801,,53586.4598929073,,53408.549460463
MED12,POLE,301.727900114425,213.955668572138,0.001,0.001,0.987250398988594,0.99364681451725,0.980978706886379,6.0117416889223e-08,0.0146847315699828,4.09387237367753e-06,297.867235811976,212.58619780463,1,1,0,72,74,17.2156030092174,1328.69707459218,12.2078134164124,942.122412205779,,78804.2561190832,,113304.490258738
MED12,PREX2,303.204964109995,726.103806337496,0.001,0.001,0.982462826710467,0.985296149397366,0.968018202650539,1.11110982455986e-07,0.0459178048222406,2.41977992820267e-06,297.867235811976,722.493784879945,1,3,0,70,74,17.2999109377228,1335.1679980876,180.564624694517,1883.10817202674,,38071.1008297807,,164804.697046997
MED12,PTPRT,,,,,,,,,,,,,1,0,0,73,74,,,,,,,,
MED12,RASA1,297.866881981399,0.001,134816598.160118,117180847.566571,1,0.839212855717782,0.00537252237715635,1.000392903759,0.01631347452269,61.3231045518583,297.867235811976,306.025946873843,0,0,1,73,74,16.9949703497249,1311.57288647618,,989.241500173196,,,6802.80144788859,
MED12,ROBO2,299.891437503045,319.083810451765,0.001,0.001,0.993277544459494,0.993047065542222,0.986371593090898,5.37014306521352e-08,0.0162719456165024,3.30024644365044e-06,297.867235811976,316.857661590069,1,1,0,72,74,17.1111497906487,1320.52016986642,18.2062858535252,1405.00895663125,,150111.300737147,,154260.4432466
MED12,ROS1,,,,,,,,,,,,,1,0,0,73,74,,,,,,,,
MED12,RYR1,327.096008342737,354.121607328849,0.001,0.001,0.984370238689067,0.979494508567314,0.964187312834931,1.05317170873143e-07,0.0345391202958673,3.04921404977834e-06,321.954565624502,350.440387335635,1,2,0,65,68,18.663031087842,1440.40714872027,58.8785497530319,1093.68259750915,,51071.9602318418,,57107.7919966544
MED12,SACS,0.001,528.611440532669,13461.1554993286,3164.39885043189,1,0.999999423526918,0.0465376796277996,1.09668050034644,0.0612490047008532,17.9052787176338,297.867235811976,528.754348063775,0,3,1,70,74,,674.773290093377,164.093683163594,1228.17637594203,726.903789869998,78488.3413458416,,
MED12,SF3B1,301.046306103763,864.335995109878,0.001,0.001,0.989478133714362,0.990340714135358,0.979920954718081,6.96092409839446e-08,0.0303425245154766,2.29411501170377e-06,297.867235812778,860.127605371454,1,2,0,71,74,17.1769909094595,1325.61367466872,143.717991803197,2669.07611088983,,67310.9613854825,,300246.034442676
MED12,SMAD4,313.401332129254,2531.75207255518,0.001,0.001,0.950615553293227,0.960399845649616,0.912981831096041,1.92222898501293e-07,0.0992084068805259,1.93756662913439e-06,297.867235811976,2516.73934832773,1,7,0,66,74,17.8808539217802,1380.28326750322,1087.45344342946,4899.3767823012,,12179.2981768293,,207664.073571992
MED12,SPHKAP,,,,,,,,,,,,,1,0,0,73,74,,,,,,,,
MED12,SPTA1,299.652075380619,219.391348086999,0.001,0.001,0.994066467637939,0.994483552066018,0.988582907418831,6.08891002106329e-08,0.0151600455956028,4.01641933242561e-06,297.867235811976,218.177744395109,1,1,0,72,74,17.0974963483482,1319.45675366682,12.5181112768635,966.019381775634,,170227.330426481,,133983.527639072
MED12,SYNE1,312.667822873519,319.816157573694,0.001,0.001,0.952847970792857,0.956542622703014,0.911450504322991,3.64598215899653e-07,0.106548531940911,3.42189807084203e-06,297.867235811976,317.737630658967,1,7,0,66,74,17.8391640286798,1377.04936482837,137.38402135544,618.774631208724,,12798.2983404049,,23797.8794931636
MED12,SYNE2,321.954924649915,0.001,339362704.176323,173847731.268649,1,0.625141485338767,0.00432568868169726,1.00028852373352,0.0168731144533703,59.2829810108779,321.954565624965,507.97033233548,0,0,1,67,68,18.3697553178242,1417.64635440204,,1508.95390744118,,,14021.2259381136,
MED12,TENM1,,,,,,,,,,,,,1,0,0,73,74,,,,,,,,
MED12,TP53,350.855843864648,1850.34606131738,0.000999999999976353,0.001,0.849536488255714,0.878620430786709,0.74651934652738,5.43873156094721e-07,0.256731343211408,2.11845250093544e-06,297.867235812846,1835.80904331323,1,18,0,55,74,20.0136766281753,1546.4593081675,1119.9888020229,2847.78477972611,,3867.79138998922,,45181.270788046
MED12,TTN,330.488719213772,1111.34080466073,0.001,0.001,0.974270436025189,0.984131663652416,0.958813131159024,1.10306152507206e-07,0.0536287029397573,2.05684915839035e-06,321.954565624981,1105.30947629262,1,3,0,64,68,18.8562437648259,1455.444790019,276.342769706196,2882.58782383899,,27835.8270909097,,233325.44441858
MED12,XIRP2,301.486735350312,493.072239527757,0.001,0.001,0.988033421222308,0.990282657114888,0.978432955915467,7.92087044218515e-08,0.0289116686353669,2.73967944987297e-06,297.867235811976,490.657497141621,1,2,0,71,74,17.2021139091129,1327.57376083466,81.9859694936584,1522.655055816,,60125.6553336145,,170243.748173461
MED12,ZFHX3,321.953667360247,0.001,79839287.5881173,113023056.649945,1,0.832707791310667,0.0057619509065893,1.00035137631627,0.0174589589475068,57.2973096118726,321.954565624965,212.94898988174,0,0,1,67,68,18.3689235167323,1417.64381137065,,686.791809006363,,,4412.71365702879,
MED12,ZNF521,,,,,,,,,,,,,1,0,0,73,74,,,,,,,,
MED12,ZNF536,329.267729858631,615.447615737468,0.001,0.001,0.977883409331086,0.979177021512552,0.957523597386559,1.2400335154799e-07,0.0509919118979829,2.43182392917679e-06,321.954565624981,611.094230960349,1,3,0,64,68,18.7868540525697,1449.98489357388,153.040968481382,1596.21978860718,,31640.3954499383,,97869.2303264453
NF1,NRAS,,,,,,,,,,,,,3,0,0,71,74,,,,,,,,
NF1,PBRM1,821.600229618609,626.470241615814,0.001,0.001,0.968192652984382,0.964391440817553,0.933721093963096,1.35134808310414e-07,0.0919404660866908,1.46980773605166e-06,812.710687779919,615.15486354303,3,2,0,69,74,204.309402680296,2130.83827990288,104.163865107742,1934.66554052128,,59523.0346027289,,37680.5816490635
NF1,PEG3,824.203483417878,586.253393447896,0.001,0.001,0.959112090784522,0.968202757503463,0.928620973544181,1.41917052601769e-07,0.0929151699658072,1.52738301672369e-06,812.710687779919,576.777933246576,3,2,0,69,74,204.951414288088,2137.64406413528,97.4762371470128,1810.51750866788,,46547.7880598364,,40027.1932218959
NF1,PIK3CA,830.961138880748,1008.75805932308,0.001,0.000999999999976353,0.885447391321513,0.945959757104304,0.885582088889893,1.52521269435393e-07,0.131267459877325,1.16191224830534e-06,812.710687779919,989.995686927643,3,3,0,68,74,206.625958700801,2155.30061764748,250.830221814642,2616.60552740241,,27263.6531731987,,39234.2232974882
NF1,PLEC,822.902577398526,251.046851581428,0.001,0.001,0.96362719655478,0.968243787466904,0.933031115629753,2.49112481377962e-07,0.0917861129792224,2.71405415582152e-06,812.710687779919,246.99959838073,3,2,0,69,74,204.629972135437,2134.22845196994,41.7417428957796,775.297621784056,,51926.6689806384,,17180.6551382166
NF1,POLE,823.76046585441,216.730884084885,0.001,0.001,0.960682224549063,0.981022596617812,0.94245495485776,1.3082128250087e-07,0.0429928467942356,3.04286159804635e-06,812.710687779919,212.586197803358,3,1,0,70,74,204.83539577113,2136.62506961108,12.3659905228579,954.389851865274,,67790.4942203439,,24418.2421099884
NF1,PREX2,826.885027689829,736.177288408377,0.001,0.001,0.949994113282861,0.94579867737602,0.898515306902099,1.82865276390949e-07,0.135070431731895,1.35385127630245e-06,812.710687779919,722.493784868452,3,3,0,68,74,205.616289398968,2144.61368667783,183.060842520084,1909.37682423679,,35487.2436492415,,28727.0793730903
NF1,PTPRT,,,,,,,,,,,,,3,0,0,71,74,,,,,,,,
NF1,RASA1,818.682390788758,311.419625740783,0.001,0.001,0.978469789306645,0.982752018347168,0.961594895574244,1.08827432774607e-07,0.0473207214014748,2.29978389068293e-06,812.710687779919,306.025946873827,3,1,0,70,74,203.582704463376,2123.24238942768,17.768771495355,1371.32092883002,,125904.856192602,,39464.2954354717
NF1,ROBO2,818.627785505086,322.396442639433,0.001,0.001,0.978667206372561,0.982887836193244,0.96192174443499,1.05393231808037e-07,0.0470013641158976,2.2423441061871e-06,812.710687779919,316.857661590069,3,1,0,70,74,203.568899316327,2123.09599669349,18.3951029712237,1419.65124608113,,127113.26325466,,41254.3439293994
NF1,ROS1,,,,,,,,,,,,,3,0,0,71,74,,,,,,,,
NF1,RYR1,884.072670774002,356.904080937359,0.001,0.001,0.959300432601262,0.96444145819374,0.92519696397152,2.04905552312132e-07,0.0993162748695175,2.06316187937313e-06,871.788696779144,350.440387335635,3,2,0,63,68,219.83674584779,2292.96354611011,59.340975456866,1102.28929992675,,50770.5779550941,,21497.6564755474
NF1,SACS,837.157796654991,538.888445139149,0.001,0.001,0.91570891407382,0.92793826554981,0.849747244993758,2.92796958841629e-07,0.179329337970859,1.63273317213276e-06,812.710687779919,528.754348063775,3,4,0,67,74,208.162736861181,2171.46795348645,167.274219335523,1252.21904716724,,19659.2748617748,,15535.8945630934
NF1,SF3B1,822.136551056963,875.756562310379,0.001,0.001,0.966309588791169,0.964830269993137,0.932329412684933,1.09350238491511e-07,0.0887952554893354,1.23148740198899e-06,812.710687779919,860.127605371454,3,2,0,69,74,204.441956524179,2132.24499408854,145.61241334596,2704.49770691804,,56607.7881577067,,53000.867135917
NF1,SMAD4,843.513351382885,1810.07583040062,0.001,75002.911992719,0.985907716896487,0.841526435499075,0.0366399613254193,2.04262291751776,0.293305949098778,6.96413735825678,812.710687779615,2516.73934835831,1,5,2,66,74,209.741222248444,2188.00516234947,648.90486501473,3892.40745063575,,29321.7275552566,9614.06844255628,1168166.30412471
NF1,SPHKAP,,,,,,,,,,,,,3,0,0,71,74,,,,,,,,
NF1,SPTA1,812.246882046844,0.001,4238.87945853111,16204.0734659867,0.999999220024966,1,0.0291283857070654,1.16038255155982,0.044113640671849,26.304393241801,812.710687784649,218.177744392883,2,0,1,71,74,201.988776522655,2106.45368908448,,461.010309879048,,,853.841706359663,116224.639640446
NF1,SYNE1,847.300021202146,275.807193756877,0.001,3243.70371538714,0.981976195025755,0.897349911446806,0.433827979449306,1.16876897221452,0.310192365176617,3.7678843950561,812.710687781106,317.737630659087,2,6,1,65,74,210.677987260652,2197.95394324195,109.594010093178,559.134245259082,,22594.9649800794,170.042071932103,23828.7129456814
NF1,SYNE2,878.669334175935,517.954530146551,0.001,0.001,0.976921573139923,0.980791345286127,0.958158139479317,7.81482630283006e-08,0.0489505104997373,1.59647493418317e-06,871.788696781425,507.97033233548,3,1,0,64,68,218.496958467898,2278.86511481357,29.5531080462555,2280.77728175388,,125891.010323258,,57785.6464572309
NF1,TENM1,,,,,,,,,,,,,3,0,0,71,74,,,,,,,,
NF1,TP53,941.103183471135,1760.12812050776,0.001,6071.09097419509,0.941763715328076,0.877822691701108,0.845304929864155,1.12574009081423,0.759690893556003,1.48183965394768,812.710687780952,1835.8090433126,2,17,1,54,74,233.905264087079,2443.38680022529,1048.75797950826,2740.28223196241,,6590.46064028771,321.661942889077,41261.2016390769
NF1,TTN,887.849803095833,744.490381921565,0.001,29465.5900364456,0.986255419663767,0.660607456195825,0.170267477424036,1.30793554272959,0.154726155429215,8.45322847388883,871.78869679393,1105.3094762953,2,2,1,63,68,220.771438425149,2302.86365164134,123.782377424741,2299.38812092663,,67096.2022372434,1539.36099726631,212055.338671705
NF1,XIRP2,822.284600392182,500.577310239286,0.001,0.001,0.965842967792487,0.960996303962104,0.92817732109443,1.42923782931945e-07,0.0850606737974548,1.68025688665802e-06,812.710687779919,490.657497141621,3,2,0,69,74,204.47661990832,2132.61816204649,83.2305728036301,1545.94027609991,,56369.3668845828,,27078.6535726369
NF1,ZFHX3,878.671834225039,216.946630436238,0.001,0.001,0.976906550652635,0.981655935904358,0.958988234227069,1.50204401695633e-07,0.0502606688744318,2.98850781454768e-06,871.788696781425,212.94898988174,3,1,0,64,68,218.497775241964,2278.87363246844,12.3783360340395,955.328804867233,,125713.735917034,,25949.3191317294
NF1,ZNF521,,,,,,,,,,,,,3,0,0,71,74,,,,,,,,
NF1,ZNF536,891.764003484687,623.275548102195,0.001,0.001,0.934939305115475,0.9432227019489,0.881873891368486,2.14074214663178e-07,0.147818212249795,1.44822624631272e-06,871.788696779144,611.094230961232,3,3,0,62,68,221.743886697329,2313.03585494229,154.981651282464,1616.64899684441,,28383.0234743591,,23292.1567659063
NRAS,PBRM1,,,,,,,,,,,,,0,2,0,72,74,,,,,,,,
NRAS,PEG3,,,,,,,,,,,,,0,2,0,72,74,,,,,,,,
NRAS,PIK3CA,,,,,,,,,,,,,0,3,0,71,74,,,,,,,,
NRAS,PLEC,,,,,,,,,,,,,0,2,0,72,74,,,,,,,,
NRAS,POLE,,,,,,,,,,,,,0,1,0,73,74,,,,,,,,
NRAS,PREX2,,,,,,,,,,,,,0,3,0,71,74,,,,,,,,
NRAS,PTPRT,,,,,,,,,,,,,0,0,0,74,74,,,,,,,,
NRAS,RASA1,,,,,,,,,,,,,0,1,0,73,74,,,,,,,,
NRAS,ROBO2,,,,,,,,,,,,,0,1,0,73,74,,,,,,,,
NRAS,ROS1,,,,,,,,,,,,,0,0,0,74,74,,,,,,,,
NRAS,RYR1,,,,,,,,,,,,,0,2,0,66,68,,,,,,,,
NRAS,SACS,,,,,,,,,,,,,0,4,0,70,74,,,,,,,,
NRAS,SF3B1,,,,,,,,,,,,,0,2,0,72,74,,,,,,,,
NRAS,SMAD4,,,,,,,,,,,,,0,7,0,67,74,,,,,,,,
NRAS,SPHKAP,,,,,,,,,,,,,0,0,0,74,74,,,,,,,,
NRAS,SPTA1,,,,,,,,,,,,,0,1,0,73,74,,,,,,,,
NRAS,SYNE1,,,,,,,,,,,,,0,7,0,67,74,,,,,,,,
NRAS,SYNE2,,,,,,,,,,,,,0,1,0,67,68,,,,,,,,
NRAS,TENM1,,,,,,,,,,,,,0,0,0,74,74,,,,,,,,
NRAS,TP53,,,,,,,,,,,,,0,18,0,56,74,,,,,,,,
NRAS,TTN,,,,,,,,,,,,,0,3,0,65,68,,,,,,,,
NRAS,XIRP2,,,,,,,,,,,,,0,2,0,72,74,,,,,,,,
NRAS,ZFHX3,,,,,,,,,,,,,0,1,0,67,68,,,,,,,,
NRAS,ZNF521,,,,,,,,,,,,,0,0,0,74,74,,,,,,,,
NRAS,ZNF536,,,,,,,,,,,,,0,3,0,65,68,,,,,,,,
PBRM1,PEG3,623.50640054477,582.974873419266,0.001,0.001,0.973520726330474,0.979020205553104,0.953098751469565,1.10443390756616e-07,0.0641226465598545,1.72237729853406e-06,615.1548635446,576.777933243652,2,2,0,70,74,103.672238832208,1925.4876314016,96.9325107293228,1800.33691233469,,55229.0258594393,,64545.6978701961
PBRM1,PIK3CA,396.455490638982,907.526030211232,13160.2029592698,12927.3292969679,0.959661243965191,0.980978945912127,0.139475031288606,1.0092643931167,0.0884955427806474,11.4046918229357,615.154863544753,989.995686924205,1,2,1,70,74,23.5629407177333,1628.03181886404,180.781775108027,2489.70605781012,,127130.647478052,,372227.709983797
PBRM1,PLEC,622.426536732694,249.68063846645,0.001,0.001,0.976888666707305,0.978783425877026,0.956164350628972,1.8303895789047e-07,0.0630009093056827,2.9053383499968e-06,615.154863545168,246.99959838073,2,2,0,70,74,103.493317700131,1922.11174968503,41.5150191011902,771.054240769076,,62315.2273323445,,27570.0381447702
PBRM1,POLE,624.371703377277,215.884592262504,0.001,0.001,0.9708669312944,0.984831981324742,0.956142910358521,9.46962724398398e-08,0.0292347620573386,3.23916686081148e-06,615.154863539107,212.586197803358,2,1,0,71,74,103.813400501989,1928.33856924447,12.3177472520943,950.664147010826,,70058.8695167519,,33414.0716156664
PBRM1,PREX2,626.204233051825,730.20133661544,0.001,0.001,0.965211449654682,0.969006582019142,0.935300612497269,1.42475082434614e-07,0.0919845171971272,1.54890286730846e-06,615.15486354303,722.493784870315,2,3,0,69,74,104.119551376233,1933.85855049948,181.579447521143,1893.7649102045,,39342.6392960377,,54451.1292605737
PBRM1,PTPRT,,,,,,,,,,,,,2,0,0,72,74,,,,,,,,
PBRM1,RASA1,618.374288114345,308.68702374232,0.001,0.001,0.989663233479268,0.99141161857387,0.981163996715065,8.11609696515364e-08,0.032637285907082,2.4867560949339e-06,615.154863544753,306.025946873843,2,1,0,71,74,102.82071288708,1909.54171949897,17.6130683813501,1359.22741511092,,200657.772636135,,85813.20045027
PBRM1,ROBO2,619.301138211738,319.75820254288,0.001,0.001,0.986715795221069,0.990966616422515,0.977802892322662,7.88322310962472e-08,0.0324083743509338,2.43246483895221e-06,615.154863545168,316.857661590069,2,1,0,71,74,102.97433907143,1912.4280516409,18.2447839952436,1407.97484447864,,155792.418023963,,83911.2939258352
PBRM1,ROS1,,,,,,,,,,,,,2,0,0,72,74,,,,,,,,
PBRM1,RYR1,332.408153885532,352.067066891834,0.001,0.001,0.987110185109345,0.990823147552952,0.978052189572485,1.02588520806829e-07,0.0341211917099556,3.00659255042655e-06,328.108917736119,350.440387335635,1,2,0,65,68,18.9662215267719,1463.67842053404,58.540089778611,1087.30264147315,,62376.4328770587,,129012.894864614
PBRM1,SACS,630.48686676552,535.320180206893,0.001,0.001,0.952212165410942,0.952466475100136,0.906958887491242,2.22596078382209e-07,0.122030405073491,1.82410341298264e-06,615.154863544753,528.754348063775,2,4,0,68,74,104.830897266159,1947.13187104054,166.170343482299,1243.87213093999,,26816.0628399779,,25651.8725638397
PBRM1,SF3B1,622.081518569185,873.696450425127,0.001,0.001,0.977994617119394,0.969346038553166,0.948017452629253,8.63900260319236e-08,0.0604112494125688,1.43003210282802e-06,615.154863544753,860.127605371454,2,2,0,70,74,103.43612760735,1921.04202518758,145.269908052547,2698.18606305831,,66100.5160978565,,66856.1377789968
PBRM1,SMAD4,379.059246226818,2472.41553862038,5471.52002731422,8943.99790093157,0.885497796046008,0.992110658246703,0.332881917219831,0.990430537404532,0.19523432094718,5.07303496946363,615.15486354303,2516.73934829378,1,6,1,66,74,21.9884363785337,1610.13580715084,1031.43377105625,4841.63424155344,,31498.931714025,,335575.648709705
PBRM1,SPHKAP,,,,,,,,,,,,,2,0,0,72,74,,,,,,,,
PBRM1,SPTA1,618.339530893386,221.138491265803,0.001,0.001,0.989793214055418,0.986647612849963,0.97657758807628,9.49203965991754e-08,0.0300855708442762,3.15501397964115e-06,615.154863545168,218.177744395298,2,1,0,71,74,102.814697279868,1909.42878550623,12.6176388626497,973.743568281159,,203366.555520044,,38674.09456042
PBRM1,SYNE1,644.493057736229,321.790664634474,0.001,0.001,0.911507791324757,0.917214771687528,0.836076978575843,5.38459099440336e-07,0.212094483805665,2.53876993771185e-06,615.154863544753,317.737630658425,2,7,0,65,74,107.153888497191,1990.65263331982,138.228527503174,622.622115146642,,13739.893371098,,8634.08387814795
PBRM1,SYNE2,329.935641164118,511.594775027763,0.001,0.001,0.99447941552259,0.992934635096063,0.987453191975559,4.28072801624338e-08,0.0168460968775221,2.54108001833658e-06,328.108917736011,507.970332335513,1,1,0,66,68,18.8256053066028,1452.75625814486,29.1906427527587,2252.67108388271,,201557.920436816,,243730.789668305
PBRM1,TENM1,,,,,,,,,,,,,2,0,0,72,74,,,,,,,,
PBRM1,TP53,722.013764290375,1867.25542981093,0.001,0.001,0.727388886725148,0.755918652862466,0.550091148464814,6.13814123751055e-07,0.508067728041298,1.20813444718764e-06,615.154863539107,1835.80904330617,2,18,0,54,74,119.998181833868,2232.15663641978,1130.10013092684,2874.22152512652,,4078.23209323382,,15013.2750247031
PBRM1,TTN,337.086940347794,1109.31729951764,0.001,0.001,0.973434982908187,0.98949780772669,0.963213210283962,1.08216759229889e-07,0.0534359288146359,2.02516848926276e-06,328.108917736011,1105.30947628894,1,3,0,64,68,19.232740315228,1484.44112831173,275.842227491232,2877.30912121008,,27361.4363018893,,354885.773262819
PBRM1,XIRP2,622.9104642988,497.615465791706,0.001,0.001,0.975398606127147,0.972403688169714,0.948483787842491,1.07649257719694e-07,0.0573798350229935,1.87608168752239e-06,615.154863543135,490.657497140541,2,2,0,70,74,103.573378859996,1923.62596246173,82.7389595278945,1536.75544880029,,59458.2854938394,,41699.474517509
PBRM1,ZFHX3,329.936077121794,214.140005601626,0.001,0.001,0.994475842459578,0.994457590367893,0.988964176933399,6.81009425912947e-08,0.0173726981202299,3.91999804060335e-06,328.108917736011,212.948989881774,1,1,0,66,68,18.8256283594119,1452.75803701811,12.2184096221745,942.912545800908,,201277.386040228,,130361.323945658
PBRM1,ZNF521,,,,,,,,,,,,,2,0,0,72,74,,,,,,,,
PBRM1,ZNF536,335.145600262172,614.817049050282,0.001,0.001,0.979056218530443,0.982165886669176,0.961597174870353,1.21773182273043e-07,0.0507445177528206,2.3997308017825e-06,328.108917729811,611.094230961509,1,3,0,64,68,19.1225112225279,1475.79871924167,152.884881553295,1594.56672992275,,34098.5470033612,,114787.382793719
PEG3,PIK3CA,590.520136551349,1006.03566425819,0.001,0.001,0.909900154434148,0.953533396753268,0.910038572898105,1.27533473722602e-07,0.0899375140255785,1.41802311420717e-06,576.777933243652,989.995686919609,2,3,0,69,74,98.182547974283,1823.84155227219,250.150971663628,2609.59587861674,,27788.6067432236,,51193.6856911256
PEG3,PLEC,583.467972494564,250.89018232919,0.001,0.001,0.977399254929429,0.96941713621751,0.947510884843482,1.90265815462045e-07,0.0641628558639826,2.96535764968731e-06,576.777933242145,246.99959838073,2,2,0,70,74,97.0142835821949,1801.87119899072,41.7152375694491,774.836833151034,,59759.6100378062,,19764.8546938137
PEG3,POLE,585.576119504189,215.849322543334,0.001,0.001,0.970390620319587,0.984981067967121,0.955818908652416,9.74137776147202e-08,0.0295564061535773,3.29586002806129e-06,576.777933240332,212.586197804593,2,1,0,71,74,97.3607055032609,1808.58909941778,12.3159026179458,950.524486245088,,64607.260831604,,34219.8833776637
PEG3,PREX2,587.149211602089,732.849764827479,0.001,0.001,0.965270780271837,0.958582714387018,0.925298728696094,1.50767458630911e-07,0.0937522644776483,1.60814738151584e-06,576.777933242145,722.493784867367,2,3,0,69,74,97.6241698488664,1813.32763895227,182.236654986452,1900.72061248166,,37379.3105836868,,40489.2725152849
PEG3,PTPRT,,,,,,,,,,,,,2,0,0,72,74,,,,,,,,
PEG3,RASA1,580.237084020099,310.129490175743,0.001,0.001,0.988201453806136,0.986812305055354,0.975170114111195,8.44886815136795e-08,0.0331583866476228,2.54803354612962e-06,576.777933246576,306.025946874233,2,1,0,71,74,96.4777658335446,1791.85172795736,17.6952319378459,1365.62098263608,,164637.279607621,,55464.2672233992
PEG3,ROBO2,580.772912887043,321.361027005787,0.001,0.001,0.986391248299701,0.986035991951402,0.972618181281018,8.23084083671939e-08,0.0330149531193129,2.4930645235127e-06,576.777933242145,316.857661590069,2,1,0,71,74,96.5665629180795,1793.52173225405,18.3360416472335,1415.08390585748,,142553.228803521,,54673.35779436
PEG3,ROS1,,,,,,,,,,,,,2,0,0,72,74,,,,,,,,
PEG3,RYR1,385.778997401057,310.459203978812,37396.0331660937,6715.35632472581,0.718430556734965,0.961623076523807,0.0631694327399279,1.31539536696371,0.0699406777491357,18.8073008340267,618.824418092236,350.440387335635,1,1,1,65,68,22.7277957702545,1601.4418829849,29.5995235659416,1045.06321255799,,650342.514190069,,205662.955842438
PEG3,SACS,591.392029733517,536.722628094249,0.001,0.001,0.951575023651177,0.942659127349795,0.897023660803978,2.33895117062594e-07,0.124197620454813,1.8832495840586e-06,576.777933246576,528.754348063775,2,4,0,68,74,98.3288578783409,1826.46836894421,166.602475144613,1247.17784005537,,24791.1169321154,,21450.8174458887
PEG3,SF3B1,582.824979825578,873.583667469595,0.001,0.001,0.979552719932551,0.96959530784523,0.949772399057622,9.0880551986694e-08,0.0611790026532852,1.48548600083813e-06,576.777933246576,860.12760537155,2,2,0,70,74,96.9074658360363,1799.87142634422,145.250884208444,2697.85618721497,,67064.1647852732,,69044.5683287458
PEG3,SMAD4,607.942054114573,2563.43232254411,0.001,0.001,0.900965214365119,0.882541438563651,0.79519631736731,2.20637447867489e-07,0.197372701382126,1.11787215923199e-06,576.777933246576,2516.7393483109,2,7,0,65,74,101.071815607028,1877.91077593319,1100.9234293174,4961.46498635359,,11447.9038468418,,48745.648577536
PEG3,SPHKAP,,,,,,,,,,,,,2,0,0,72,74,,,,,,,,
PEG3,SPTA1,579.74273431758,221.526382005292,0.001,0.001,0.989881693062906,0.984922793465974,0.97495771020495,9.78353929450421e-08,0.0304526701194587,3.21270327236517e-06,576.777933242145,218.177744392883,2,1,0,71,74,96.3963466644708,1790.32300438141,12.6397375194602,975.474496736556,,192362.851028358,,34999.450066488
PEG3,SYNE1,300.381712821284,320.667227263192,6983.27760704982,0.001,0.848646679878344,0.977562503073317,0.301493601685022,1.17538429745224,0.216189912866841,5.43681378037371,576.777933242139,317.737630658733,1,6,1,66,74,17.1382219351818,1322.9277283125,137.745313063866,620.453471657912,386.180522295169,35334.8891358931,,31059.2202753304
PEG3,SYNE2,622.810894311496,515.596220872873,0.001,0.001,0.987348163292036,0.985254373987834,0.972789969261224,6.20631746914985e-08,0.0339268736164836,1.82932195265245e-06,618.824418092236,507.97033233548,2,1,0,65,68,103.556025942114,1923.35417624592,29.41862557926,2270.3879549452,,164703.27116053,,83794.5864418909
PEG3,TENM1,,,,,,,,,,,,,2,0,0,72,74,,,,,,,,
PEG3,TP53,673.346211564032,1747.54731760294,0.001,10405.4284867982,0.964501812528212,0.845222269684695,0.675723231413861,1.07570545076627,0.511535863392406,2.10289351685412,576.777933241408,1835.8090433166,1,17,1,55,74,111.908344406573,2081.77806725741,1041.33450078169,2720.43352595087,,6717.6981731794,514.815332299441,153171.300881484
PEG3,TTN,635.789550042925,1121.60492124622,0.001,0.001,0.94775311206372,0.957786000620083,0.907758317276991,1.43702301811516e-07,0.109721998907313,1.30969453019998e-06,618.824418091211,1105.30947629262,2,3,0,63,68,105.706436243564,1963.78602793588,278.885783633372,2909.41356552891,,26106.5613544817,,61608.3724920018
PEG3,XIRP2,583.555026546618,498.10705182708,0.001,0.001,0.977098706621529,0.970489791260233,0.948267415227434,1.11933352074135e-07,0.0579368758154588,1.93198805594328e-06,576.777933240332,490.657497141621,2,2,0,70,74,97.0284235819672,1802.14700842473,82.8202665058273,1538.28960959793,,60185.1677566083,,39073.5515721891
PEG3,ZFHX3,622.821248496014,216.264465174859,0.001,0.001,0.98733982666315,0.984734566892497,0.972268688516618,1.13009356054496e-07,0.0351257941770657,3.21727547240146e-06,618.824418092236,212.948989883829,2,1,0,65,68,103.556638901703,1923.36556164148,12.3392957361575,952.314611143747,,164470.593270145,,34065.0311091268
PEG3,ZNF521,,,,,,,,,,,,,2,0,0,72,74,,,,,,,,
PEG3,ZNF536,632.181452538429,620.933496231414,0.001,0.001,0.958531236482165,0.953746566098547,0.914205871289667,1.73105562592535e-07,0.102777169524354,1.68428030654723e-06,618.824418097152,611.094230959232,2,3,0,63,68,105.110988399798,1952.45438339406,154.399290746586,1610.558950505,,32101.9069140792,,31229.749176349
PIK3CA,PLEC,1003.92152230705,253.219581496946,0.001,0.001,0.959515802486067,0.913145462928338,0.913284375741251,2.32326925408261e-07,0.0891419765035514,2.60625728215713e-06,989.995686924205,246.99959838073,3,2,0,69,74,249.629859161039,2604.01075962494,42.1013479955872,782.08104517212,,57176.8127480593,,11224.8763193631
PIK3CA,POLE,1001.41185689657,218.244961370758,0.001,0.001,0.966615115386051,0.941551400458636,0.941694635167293,1.29826187739504e-07,0.0443310241303609,2.92856279064823e-06,989.995686923286,212.586197803358,3,1,0,70,74,249.003012125456,2597.55572924074,12.4521916560779,961.116054225954,,97778.086680621,,17902.9577667515
PIK3CA,PREX2,1006.48519923858,737.800096441057,0.001,0.001,0.952322803345285,0.894689549363687,0.894825653759513,1.62850159370585e-07,0.131401998595403,1.23932787256923e-06,989.995686927134,722.493784870315,3,3,0,68,74,250.266941904684,2610.66854990345,183.46151390749,1913.64539078499,,45210.423574844,,25901.8023393474
PIK3CA,PTPRT,,,,,,,,,,,,,3,0,0,71,74,,,,,,,,
PIK3CA,RASA1,993.972462179677,312.492979269839,0.001,0.001,0.988245397425645,0.967706932766596,0.967854147079254,9.91252558438238e-08,0.0454419184325868,2.18136159878189e-06,989.995686927071,306.025946873827,3,1,0,70,74,247.164143968765,2578.02331166192,17.8298067632551,1376.10611745149,,283378.237968247,,33751.1440248536
PIK3CA,ROBO2,996.565965015522,323.833413968002,0.001,0.001,0.98059964944659,0.959407622097351,0.959553573842569,9.66513375301285e-08,0.0453982542537445,2.12896595075914e-06,989.995686926953,316.857661590517,3,1,0,70,74,247.806402261344,2584.80820327811,18.4768544121842,1426.04535539839,,170561.519836447,,33282.0172664534
PIK3CA,ROS1,,,,,,,,,,,,,3,0,0,71,74,,,,,,,,
PIK3CA,RYR1,1076.73205240193,360.312927251093,0.001,0.001,0.951312582366551,0.946537273508628,0.900468790799233,1.90451224631183e-07,0.0968973098795712,1.96549548039966e-06,1058.94678437745,350.440387335635,3,2,0,63,68,267.78701913983,2793.760426177,59.9022540746178,1112.90348205611,,52514.7857535648,,14300.3722222231
PIK3CA,SACS,1015.63994555447,541.739276735451,0.001,0.001,0.927192707278128,0.84240748596003,0.842535632810129,2.68431519276358e-07,0.177065139523741,1.51600433602215e-06,989.99568691946,528.754348063775,3,4,0,67,74,252.535953404848,2634.5808804343,168.152853131464,1258.93269312418,,28008.6814012501,,12141.3562047311
PIK3CA,SF3B1,1001.75958343785,884.371435575093,0.001,0.001,0.965782614469979,0.91370057405056,0.913839571850172,1.02012542292163e-07,0.0908467376165106,1.12290815244006e-06,989.995686930118,860.127605380892,3,2,0,69,74,249.095017889825,2598.33300270283,147.039769182635,2731.39737972403,,67260.9693426985,,34189.2293638878
PIK3CA,SMAD4,694.404854318082,2567.4597639615,6270.96707826844,0.001,0.894782604626661,0.996348128909506,0.562412985652723,0.923919671141762,0.307076666916861,3.00875895397127,989.995686918694,2516.73934832825,2,6,1,65,74,115.428287162113,2144.89994212476,1102.82498578227,4969.40269285905,348.282814271247,30991.6465367348,,73344.8378765973
PIK3CA,SPHKAP,,,,,,,,,,,,,3,0,0,71,74,,,,,,,,
PIK3CA,SPTA1,995.085148371643,223.811108678534,0.001,0.001,0.985000176199506,0.960125922612463,0.960271983669507,1.26360253331972e-07,0.0442984807169069,2.8524737482418e-06,989.995686927016,218.177744395085,3,1,0,70,74,247.439859929058,2580.9305885379,12.7699003480619,985.586223087691,,221577.537847878,,18907.915363392
PIK3CA,SYNE1,1037.02106179213,325.981547569767,0.001,0.001,0.871828024256842,0.731837087455654,0.731948398656336,6.82117567499252e-07,0.306445276941696,2.22590334661621e-06,989.995686929857,317.737630658485,3,7,0,64,74,257.83629267958,2690.39459729024,140.014380633247,630.837197367944,,14886.2385667446,,3978.97402247357
PIK3CA,SYNE2,1063.5190471235,521.520490542669,0.001,0.001,0.987434036713493,0.957211502639729,0.961842758872683,7.22209823654854e-08,0.0484341556599344,1.49111678280433e-06,1058.94678437408,507.970332336665,3,1,0,64,68,264.453900416962,2758.48973920929,29.7560940177626,2296.62489008537,,283498.307591414,,42759.63460109
PIK3CA,TENM1,,,,,,,,,,,,,3,0,0,71,74,,,,,,,,
PIK3CA,TP53,1151.93834472136,1768.01826884565,0.001,4889.31652707193,0.981399753944598,0.94720064711122,0.947344720264532,0.969548372779663,0.762816488898965,1.27101129418308,989.995686919918,1835.80904331802,2,17,1,54,74,286.27973697751,2991.3747852913,1053.34650015189,2752.97374213913,,7959.82828362592,260.071097854759,33117.0766322033
PIK3CA,TTN,1087.09670633959,1132.84515332502,0.001,0.001,0.925302862501798,0.930021131364339,0.860584226043094,1.40665422048228e-07,0.145467080101243,9.66991445420686e-07,1058.94678437191,1105.30947628545,3,3,0,62,68,270.290415172259,2820.22622741243,281.663331033685,2938.94902575752,,30639.1167062163,,35129.8000234178
PIK3CA,XIRP2,1001.6181582643,502.160800432038,0.001,0.001,0.966099951709529,0.92246276003436,0.922603090815505,1.34801308763859e-07,0.0859817353410853,1.567790045515e-06,989.995686927016,490.657497140541,3,2,0,69,74,249.060246631132,2597.96648828492,83.4928569404871,1550.87749570837,,67918.2935771252,,23344.3981812703
PIK3CA,ZFHX3,1063.51671567546,218.469747044926,0.001,0.001,0.987425784787233,0.957909298285351,0.962543930645439,1.42381539373296e-07,0.0494784410607354,2.87764804874352e-06,1058.94678437408,212.948989883282,3,1,0,64,68,264.453588182998,2758.48649121083,12.4650674935765,962.097281864224,,283095.326489976,,18639.9642972246
PIK3CA,ZNF521,,,,,,,,,,,,,3,0,0,71,74,,,,,,,,
PIK3CA,ZNF536,1091.09112330086,627.076754034994,0.001,0.001,0.915313873932599,0.926449056725467,0.848025477929781,1.96561904280967e-07,0.145493997568246,1.35099665667491e-06,1058.94678436505,611.094230959393,3,3,0,62,68,271.276555379174,2830.62121281925,155.922026837724,1626.63627434429,,26259.5743188987,,17714.0446842214
PLEC,POLE,250.051566908055,215.642428057488,0.001,0.001,0.975900042092654,0.985921204308375,0.962162376407981,1.31952142579193e-07,0.029512569326719,4.47104896623591e-06,246.99959838121,212.586197803358,2,1,0,71,74,41.5756629100585,772.247299172424,12.3039332601566,949.584300299517,,34145.2052730411,,35794.3225495639
PLEC,PREX2,251.307138392701,730.863971621603,0.001,0.001,0.966245476093752,0.966379063242608,0.933764637022861,2.55904291633982e-07,0.0916470735600143,2.79228001171696e-06,246.999598381617,722.493784870388,2,3,0,69,74,41.7846609781585,776.114086488669,181.743897513446,1895.50078984793,,16431.2419184642,,49959.1306877539
PLEC,PTPRT,,,,,,,,,,,,,2,0,0,72,74,,,,,,,,
PLEC,RASA1,248.949424556849,309.419039264002,0.001,0.001,0.984487246427423,0.989081697850208,0.973739103607983,1.20930056111274e-07,0.0324310928805235,3.72883074143635e-06,246.99959838073,306.025946873843,2,1,0,71,74,41.39343276311,768.796370061759,17.6547872439331,1362.46695226176,,53463.0976968378,,66130.3902096322
PLEC,ROBO2,248.80078303351,320.527842565973,0.001,0.001,0.985660200008899,0.988591781669523,0.974416310351265,1.18997994577076e-07,0.0324089087094677,3.67176802044905e-06,246.99959838121,316.857661590069,2,1,0,71,74,41.3688228426352,768.332528699878,18.288661299613,1411.38409585613,,57900.4382783018,,65530.1666594615
PLEC,ROS1,,,,,,,,,,,,,2,0,0,72,74,,,,,,,,
PLEC,RYR1,134.949940937942,353.25723828954,0.001,0.001,0.984570446473979,0.984266909336617,0.969081563822493,1.83410497719971e-07,0.0346361113371616,5.29535477971477e-06,132.858961816787,350.440387335635,1,2,0,65,68,7.69982888122278,594.260216066453,58.7355694045646,1090.97873342294,,21911.6912629091,,74771.5379445315
PLEC,SACS,254.196088071997,535.598217331704,0.001,0.001,0.944536714489185,0.950574506864965,0.897864515284724,3.75370026152455e-07,0.122015519390351,3.07641214845445e-06,246.99959838073,528.754348063775,2,4,0,68,74,42.2639088528181,785.087022447352,166.256157097843,1244.52546215863,,9251.42739316136,,24660.0803696115
PLEC,SF3B1,249.468929619423,872.105323857751,0.001,0.001,0.980458375427405,0.972846948762781,0.953838049615204,1.62426091449615e-07,0.0608297969600584,2.67017316458029e-06,246.999598381617,860.12760537155,2,2,0,70,74,41.4799275809662,770.394939583012,145.00737201808,2693.22148418365,,29852.1082949811,,74724.0887755452
PLEC,SMAD4,260.733016276905,2560.07302481066,0.001,0.001,0.898281765350588,0.890301940410354,0.799793550107116,4.61430984713407e-07,0.198728922187404,2.32191157499597e-06,246.999598381507,2516.7393483453,2,7,0,65,74,43.3453741228897,805.361189143519,1099.53338846437,4954.88874127826,,4767.34372731126,,51544.5767228778
PLEC,SPHKAP,,,,,,,,,,,,,2,0,0,72,74,,,,,,,,
PLEC,SPTA1,248.453640904353,221.146018252828,0.001,0.001,0.988413574644791,0.986614413063313,0.975183713730811,1.33002886371081e-07,0.0302623351431386,4.39499746936207e-06,246.99959838121,218.177744395109,2,1,0,71,74,41.3113123757812,767.250649043897,12.6180962623827,973.779052092008,,71854.1248070943,,38560.5494215482
PLEC,SYNE1,241.378930611557,279.643354695458,386.42686079179,5018.59374553633,0.999939897759473,0.96995499320502,0.29326280608567,1.12181630612607,0.212820133495506,5.27119444810308,246.999598380974,317.737630658759,1,6,1,66,74,29.6832954161216,777.738847255628,111.205918192143,566.2651294221,,11820.924029456,,82701.3141118536
PLEC,SYNE2,133.984106637273,511.941042813558,0.001,0.001,0.991637354542051,0.992268202864592,0.983970504723231,8.14611768856083e-08,0.0169139331406775,4.81621726940001e-06,132.858961816787,507.97033233548,1,1,0,66,68,7.64479381441056,589.975457843245,29.2104149690464,2254.21315907705,,53794.0433520103,,222392.192892162
PLEC,TENM1,,,,,,,,,,,,,2,0,0,72,74,,,,,,,,
PLEC,TP53,292.565266703178,1868.55898047422,0.001,0.001,0.71459139160052,0.747693504891401,0.534589419491514,1.28006345709308e-06,0.509945142912502,2.51019835149743e-06,246.99959838073,1835.80904331323,2,18,0,54,74,48.620667448973,904.649246136822,1130.87480992612,2876.27971212017,,1557.60921565199,,14433.0254340616
PLEC,TTN,136.334633354011,1111.74175099219,0.000999999999976353,0.001,0.974595031596605,0.983082039643911,0.958109512020673,2.30533240145117e-07,0.053445653762786,4.31341416775103e-06,132.858961816768,1105.30947630217,1,3,0,64,68,7.77867194320153,600.392294308045,276.441128128199,2883.62788047294,,11668.6165931034,,218802.005761498
PLEC,XIRP2,250.215952839759,497.452531573082,0.001,0.001,0.974638289395619,0.973041718542211,0.948366735858312,1.7896781380651e-07,0.0574100203108115,3.11736196638842e-06,246.99959838121,490.657497141621,2,2,0,70,74,41.6036616664581,772.7254082093,82.7119817406889,1536.24636343664,,23467.200509295,,42629.5784846545
PLEC,ZFHX3,133.984060354292,214.509563801232,0.001,0.001,0.991631908562175,0.992754686002463,0.984447534427092,1.08705455467879e-07,0.0175331633946671,6.19999101251421e-06,132.858961816787,212.948989883829,1,1,0,66,68,7.64482634586526,589.977968594431,12.2394626308798,944.552404979733,,53718.8447190562,,99517.1157389811
PLEC,ZNF521,,,,,,,,,,,,,2,0,0,72,74,,,,,,,,
PLEC,ZNF536,0.001,610.90989552978,7168.84668072913,1594.71698684307,1,0.999999588633116,0.0399288169165847,1.01906335332877,0.0512004806931053,19.9033942559449,132.858961816818,611.094230963032,0,2,1,65,68,,275.304347783392,151.916584454472,1584.35876393421,378.560876661649,50898.2553608636,,
POLE,PREX2,216.192491893149,732.588378025609,0.001,0.001,0.983466722955647,0.959600513492872,0.943738771550482,1.32621115199547e-07,0.0424929133100897,3.12101724425793e-06,212.586197804519,722.493784875024,1,3,0,70,74,12.3352995246566,952.004283612249,182.165036111065,1900.16830419161,,28322.9390953888,,58594.3106066809
POLE,PTPRT,,,,,,,,,,,,,1,0,0,73,74,,,,,,,,
POLE,RASA1,213.957720286427,311.004492750087,0.001,0.001,0.993649688420099,0.984050946312055,0.977802485441329,5.96738208421752e-08,0.014708193577601,4.05718217722208e-06,212.58619780463,306.025946874233,1,1,0,72,74,12.2079053597858,942.129506750849,17.744678349718,1369.60238650583,,113417.067467197,,64605.8351445724
POLE,ROBO2,213.994053013381,321.789903998909,0.001,0.001,0.993490584542596,0.984788761544557,0.978378902602947,5.89365288443215e-08,0.0147375405701577,3.99907491780976e-06,212.586197804821,316.857661590517,1,1,0,72,74,12.2098313364409,942.279582688244,18.3589857419,1416.98604173921,,110653.394735395,,70165.8833469772
POLE,ROS1,,,,,,,,,,,,,1,0,0,73,74,,,,,,,,
POLE,RYR1,232.716610945745,355.172847624198,0.000999999999999446,0.001,0.98394517023108,0.973768900966448,0.958137977514422,1.17166575303029e-07,0.0316993946264577,3.69617706217131e-06,228.95436224538,350.440387335635,1,2,0,65,68,13.278047177145,1024.80689094573,59.0515507875115,1096.97116261791,,34518.7962284829,,44420.0041525292
POLE,SACS,218.592704355181,536.172180355829,0.001,0.001,0.972728136048813,0.946519139566568,0.920713567878919,1.95840333918479e-07,0.0575701223114722,3.40177032904189e-06,212.586197804593,528.754348063775,1,4,0,69,74,12.4720289556592,962.625972246525,166.426286557148,1245.97726156304,,16397.4016809383,,31937.3836184014
POLE,SF3B1,215.086075323411,870.598957118797,0.001,0.001,0.988464662812322,0.976224688231847,0.964964962206564,8.83095133319325e-08,0.0295093622761779,2.99259307962824e-06,212.58619780468,860.127605380892,1,2,0,71,74,12.2722560975461,947.11483590267,144.754597012626,2688.64643066758,,43496.7692481888,,120559.43633559
POLE,SMAD4,225.151569178927,2539.95785436856,0.001,0.001,0.944459015409438,0.939518196955913,0.887356195797523,2.63494413350884e-07,0.0998851764267674,2.63797314853891e-06,212.58619780438,2516.73934831787,1,7,0,66,74,12.8456681992042,991.675453138263,1090.92958602165,4915.45723321126,,7706.11647342449,,133087.122745998
POLE,SPHKAP,,,,,,,,,,,,,1,0,0,73,74,,,,,,,,
POLE,SPTA1,213.823226551977,220.678009721352,0.001,0.001,0.994256283928179,0.988701220863572,0.983022729418119,6.79763202679831e-08,0.0144383856183772,4.70802775771987e-06,212.586197804566,218.177744395324,1,1,0,72,74,12.2002717941066,941.535292666648,12.5913301256415,971.739413613198,,125519.211087438,,65185.2253867576
POLE,SYNE1,222.913655209648,322.287041280946,0.001,0.001,0.954017721345148,0.90745324531482,0.865749021193379,4.15685394775794e-07,0.100791443113183,4.12421314683435e-06,212.586197803277,317.737630658686,1,7,0,66,74,12.7183251938856,981.737041812139,138.431307536027,623.659528488723,,9326.57776946815,,10624.0813872636
POLE,SYNE2,230.543009039142,514.900028412104,0.001,0.001,0.993163534509772,0.986585367205068,0.979841104741807,5.09978992447105e-08,0.0158233029910422,3.22296168338439e-06,228.95436224538,507.970332335513,1,1,0,66,68,13.1542005802292,1015.17436355012,29.3786160312951,2267.39538529556,,113495.309921074,,127643.462427402
POLE,TENM1,,,,,,,,,,,,,1,0,0,73,74,,,,,,,,
POLE,TP53,248.030953734576,1858.70666024224,0.001,0.001,0.857841078651139,0.813344917464096,0.697863840142742,7.15470116152694e-07,0.252289850737638,2.83590526555398e-06,212.586197804763,1835.80904331323,1,18,0,55,74,14.1491149372716,1093.06511109099,1124.93189867304,2861.04312555715,,2919.41943110677,,27275.9754570699
POLE,TTN,234.739036413795,1126.40339756028,0.001,0.001,0.975580932007726,0.945617040598229,0.922534936285427,1.31540141835342e-07,0.0482703468055936,2.72507140595266e-06,228.95436224538,1105.30947628545,1,3,0,64,68,13.3932411719562,1033.75700126579,280.053595343805,2922.41035443773,,20622.3938262259,,65729.8541023221
POLE,XIRP2,215.219415062149,495.459209756243,0.001,0.001,0.987837783897897,0.98082443135639,0.968896680332569,9.67630004186995e-08,0.0281975780175863,3.4316067982275e-06,212.586197804566,490.657497141621,1,2,0,71,74,12.2798608314181,947.70761362058,82.3806459011941,1530.09013104277,,41358.7361152537,,85588.6098086984
POLE,ZFHX3,230.544616490882,216.035096020344,0.001,0.001,0.993159003377844,0.985766640761777,0.979023602644947,7.42972475669193e-08,0.0161280269911242,4.60671646989479e-06,228.95436224538,212.94898988174,1,1,0,66,68,13.1542983410983,1015.18190854076,12.3261964342882,951.352058306571,,113334.842038362,,50409.2422375611
POLE,ZNF521,,,,,,,,,,,,,1,0,0,73,74,,,,,,,,
POLE,ZNF536,235.369656310601,619.527467239748,0.001,0.001,0.972897742785814,0.960197767728178,0.934180677333708,1.47617098683606e-07,0.0477628373535192,3.09062666422034e-06,228.95436224538,611.094230963648,1,3,0,64,68,13.4294793602806,1036.57797442758,154.04741748741,1606.97262817281,,18345.9823488524,,50316.4003723231
PREX2,PTPRT,,,,,,,,,,,,,3,0,0,71,74,,,,,,,,
PREX2,RASA1,726.106584457457,311.326874123518,0.001,0.001,0.985303078916564,0.983032295157191,0.968585974791439,1.11866771143262e-07,0.0470975289121451,2.37521529742965e-06,722.493784879945,306.025946873827,3,1,0,70,74,180.564258448452,1883.10434958608,17.7634076149044,1370.92093774841,,164972.344641764,,41230.8637962145
PREX2,ROBO2,727.836514964224,322.415750290843,0.001,0.001,0.9783390264822,0.982836124731372,0.961548706387215,1.08655523735519e-07,0.0467959808407445,2.3218986285445e-06,722.493784875407,316.857661590517,3,1,0,70,74,180.992402941967,1887.63460198996,18.3960878375825,1419.74435233419,,111258.409103432,,42110.0171113391
PREX2,ROS1,,,,,,,,,,,,,3,0,0,71,74,,,,,,,,
PREX2,RYR1,786.369638571369,357.287128625336,0.001,0.001,0.962987778994539,0.962375947220034,0.926764206136885,2.10666547104457e-07,0.0986643131570359,2.13518485421529e-06,776.431526324658,350.440387336191,3,2,0,63,68,195.543177183865,2039.52448119782,59.4040644728067,1103.49783351646,,49955.165804242,,20753.8051714963
PREX2,SACS,736.626451814209,401.43905178573,0.001,9853.97382455277,0.989540357317208,0.928167070595424,0.251387970105027,1.19064832126855,0.179351040211938,6.63864742496934,722.493784870833,528.754348065842,2,3,1,68,74,183.172187967792,1910.54216771751,99.8236312953204,1041.19923905327,,44100.932357898,512.512885228598,75589.3869146986
PREX2,SF3B1,731.151651820932,873.980255540048,0.001,0.001,0.965227191413439,0.968737862030789,0.935056551956745,1.16082983483024e-07,0.0886347787177173,1.30967759114877e-06,722.493784870478,860.127605380892,3,2,0,69,74,181.814678324848,1896.26034640008,145.31859593556,2699.00575416297,,49084.3948630132,,60853.6771340168
PREX2,SMAD4,761.263873615704,2562.36159343037,0.001,0.001,0.856086835036886,0.885363042391952,0.75802058317775,2.73794202018673e-07,0.292145139719464,9.37185545108118e-07,722.49378487345,2516.73934831132,3,7,0,64,74,189.27805962857,1974.90957389775,1100.53004994969,4959.01156622116,,9598.76521898829,,45115.3322488918
PREX2,SPHKAP,,,,,,,,,,,,,3,0,0,71,74,,,,,,,,
PREX2,SPTA1,726.423376565184,222.061129406745,0.001,0.001,0.984027064220913,0.982561469354217,0.966868234118982,1.33666159156734e-07,0.0439356478392967,3.04231679126809e-06,722.493784870388,218.177744392669,3,1,0,70,74,180.641944154851,1883.9246475698,12.6702519334321,977.820545624602,,151720.143223737,,27634.2026108004
PREX2,SYNE1,758.477076714621,323.754034108159,0.001,0.001,0.865608046073459,0.880169240224513,0.761951675861172,7.5790007536547e-07,0.312528283357097,2.42506075681953e-06,722.493784868452,317.737630658485,3,7,0,64,74,188.588028197019,1967.60819103045,139.066438956681,626.461320220757,,10341.0506561085,,5549.09258853322
PREX2,SYNE2,780.608416378929,517.572621288899,0.001,0.001,0.984216235766899,0.981499824089654,0.966009358118258,8.11444855024213e-08,0.0486930726840827,1.6664482446791e-06,776.431526323257,507.970332350206,3,1,0,64,68,194.115046646387,2024.4832359057,29.5313462410188,2279.09917875539,,165011.039934344,,60776.3413261307
PREX2,TENM1,,,,,,,,,,,,,3,0,0,71,74,,,,,,,,
PREX2,TP53,832.286697546569,1643.95513050637,0.001,19985.2445065017,0.930074271364434,0.624518177698901,0.212316686139734,2.15200170025005,0.758293707189663,2.83795273499717,722.493784868241,1835.80904332641,1,16,2,55,74,206.863801380194,2160.77283820548,962.878336738689,2591.25419850228,,6983.76350434551,2602.374032042,284792.289880013
PREX2,TTN,797.865245145225,1126.62054349728,0.001,0.001,0.922362139244093,0.945367108151355,0.871996057112036,1.74288882436556e-07,0.152220850740165,1.14497377717367e-06,776.431526333577,1105.30947628894,3,3,0,62,68,198.387674090032,2069.64863068316,280.127600121399,2922.53809623004,,21390.8017231986,,45200.7899559788
PREX2,XIRP2,731.562588737055,499.802423397824,0.001,0.001,0.963625254968764,0.963978095223645,0.928919299417345,1.5038342932646e-07,0.085472051780556,1.75944564560776e-06,722.493784870388,490.657497140541,3,2,0,69,74,181.91644284096,1897.33373012389,83.1020562232934,1543.52718806505,,46606.5688253377,,29467.7637434295
PREX2,ZFHX3,780.61110873493,216.891439234812,0.001,0.001,0.984205868405851,0.981886991587448,0.966380428548465,1.53071795414798e-07,0.0500972155453859,3.05549507589142e-06,776.431526323257,212.948989883126,3,1,0,64,68,194.115973577852,2024.49290160187,12.3751836555466,955.087266183648,,164778.064712107,,26486.0888423437
PREX2,ZNF521,,,,,,,,,,,,,3,0,0,71,74,,,,,,,,
PREX2,ZNF536,792.860421945745,622.997301734785,0.001,0.001,0.939751035852047,0.944453177879884,0.887567709509509,2.25200845142999e-07,0.148168073764087,1.51990128117318e-06,776.431526330029,611.094230962226,3,3,0,62,68,197.152563658145,2056.45772866261,154.9124283108,1615.93224122347,,27409.4201637632,,24082.8701663425
PTPRT,RASA1,,,,,,,,,,,,,0,1,0,73,74,,,,,,,,
PTPRT,ROBO2,,,,,,,,,,,,,0,1,0,73,74,,,,,,,,
PTPRT,ROS1,,,,,,,,,,,,,0,0,0,74,74,,,,,,,,
PTPRT,RYR1,,,,,,,,,,,,,0,2,0,66,68,,,,,,,,
PTPRT,SACS,,,,,,,,,,,,,0,4,0,70,74,,,,,,,,
PTPRT,SF3B1,,,,,,,,,,,,,0,2,0,72,74,,,,,,,,
PTPRT,SMAD4,,,,,,,,,,,,,0,7,0,67,74,,,,,,,,
PTPRT,SPHKAP,,,,,,,,,,,,,0,0,0,74,74,,,,,,,,
PTPRT,SPTA1,,,,,,,,,,,,,0,1,0,73,74,,,,,,,,
PTPRT,SYNE1,,,,,,,,,,,,,0,7,0,67,74,,,,,,,,
PTPRT,SYNE2,,,,,,,,,,,,,0,1,0,67,68,,,,,,,,
PTPRT,TENM1,,,,,,,,,,,,,0,0,0,74,74,,,,,,,,
PTPRT,TP53,,,,,,,,,,,,,0,18,0,56,74,,,,,,,,
PTPRT,TTN,,,,,,,,,,,,,0,3,0,65,68,,,,,,,,
PTPRT,XIRP2,,,,,,,,,,,,,0,2,0,72,74,,,,,,,,
PTPRT,ZFHX3,,,,,,,,,,,,,0,1,0,67,68,,,,,,,,
PTPRT,ZNF521,,,,,,,,,,,,,0,0,0,74,74,,,,,,,,
PTPRT,ZNF536,,,,,,,,,,,,,0,3,0,65,68,,,,,,,,
RASA1,ROBO2,308.194949738382,319.081978411367,0.001,0.001,0.992985741911112,0.993050309670187,0.986085028502202,5.48439120047137e-08,0.0168405291040382,3.2566620481991e-06,306.025946873843,316.857661590069,1,1,0,72,74,17.5850032644601,1357.07057534527,18.2062386531466,1405.00531423956,,147782.784944991,,154415.180959571
RASA1,ROS1,,,,,,,,,,,,,1,0,0,73,74,,,,,,,,
RASA1,RYR1,331.551609015138,354.114733173002,0.001,0.001,0.988270815740069,0.979505881348276,0.968018515944387,1.05548381040474e-07,0.0349848412424119,3.0169747036759e-06,327.639863117868,350.440387335635,1,2,0,65,68,18.9174969306734,1459.94941702532,58.8774578325196,1093.66231493379,,70012.4003366701,,57174.5766485299
RASA1,SACS,0.001,528.565788986696,14806.5475364787,3268.3220721909,1,0.999999381796509,0.0434936768389896,1.15866773290446,0.0625561551619113,18.5220419941975,306.025946873843,528.754348063775,0,3,1,70,74,,686.830172104824,164.083749888808,1228.10134371186,799.100268467929,86820.7116396055,,
RASA1,SF3B1,309.09886415403,864.336321441778,0.001,0.001,0.990098737883197,0.99034526632506,0.980539997025115,6.91787061324681e-08,0.0307568538090946,2.24921269782192e-06,306.025946873843,860.127605371454,1,2,0,71,74,17.636397281007,1361.04678535595,143.717472227847,2669.06646123791,,76689.6806596733,,300549.6500007
RASA1,SMAD4,322.118892870421,2531.74872469041,0.001,0.001,0.950214828801902,0.960418717311179,0.912614059433304,1.84973501987651e-07,0.0977887545983464,1.89156209982839e-06,306.025946873689,2516.73934832773,1,7,0,66,74,18.3780905185567,1418.6684555722,1087.45066077066,4899.36425188743,,12444.005848555,,207880.190469841
RASA1,SPHKAP,,,,,,,,,,,,,1,0,0,73,74,,,,,,,,
RASA1,SPTA1,307.589798230678,219.390623393214,0.001,0.001,0.9949335514922,0.99448615294926,0.989447759944076,6.06017266351761e-08,0.015263979644462,3.97024419887531e-06,306.025946873843,218.177744395109,1,1,0,72,74,17.5505106525987,1354.38519239212,12.5180581737993,966.015283759093,,204918.29612226,,134118.671301838
RASA1,SYNE1,320.704876590261,319.814751750683,0.001,0.001,0.954394244658754,0.956563519371401,0.912948389364925,3.64720777860234e-07,0.108048792899842,3.37551922674711e-06,306.025946874233,317.737630658967,1,7,0,66,74,18.2977798085764,1412.42533218457,137.38342494368,618.771939279219,,13651.4423922407,,23822.8349714554
RASA1,SYNE2,327.639783909945,0.001,495445140.631215,271274838.728471,1,0.752086104190486,0.00432530610078774,0.998253935782136,0.0171305331526216,58.2733722814323,327.639863117225,507.97033233548,0,0,1,67,68,18.6941187090347,1442.65613651001,,1590.56661380654,,,14030.3954061711,
RASA1,TENM1,,,,,,,,,,,,,1,0,0,73,74,,,,,,,,
RASA1,TP53,359.397188865744,1850.38909538261,0.001,0.001,0.852020448224411,0.878683136895064,0.748746318619447,5.34971593413314e-07,0.25823803046644,2.07162203199516e-06,306.025946873843,1835.80904331323,1,18,0,55,74,20.500779938217,1584.07186547139,1119.97877043698,2847.7590730165,,4043.47836315787,,45233.6228513591
RASA1,TTN,336.954149776741,1111.34706141757,0.001,0.001,0.972449536922588,0.984139982136306,0.957029198512887,1.12477196540992e-07,0.0553642931599712,2.03158371797499e-06,327.639863118059,1105.30947629262,1,3,0,64,68,19.2250810255003,1483.93322463257,276.344208538843,2882.6028218836,,26550.9342071883,,233593.524722699
RASA1,XIRP2,309.428418682116,493.073931998036,0.001,0.001,0.98903897632525,0.990287261012758,0.97943319443851,7.80437313871452e-08,0.0289692433471303,2.69402035986819e-06,306.025946873843,490.657497141621,1,2,0,71,74,17.655298922117,1362.51456260299,81.9855989754121,1522.64817398169,,67962.8616647974,,170416.503634583
RASA1,ZFHX3,0.001,212.948933035289,58757127.6657701,85171754.7124857,0.998544256186016,1,0.00575297717101818,0.99859264901297,0.0178815593130704,55.8448305055284,327.639863117225,212.94898988174,0,0,1,67,68,,1114.49418774096,12.1498895333732,937.653157341947,6803.5263418268,,,
RASA1,ZNF521,,,,,,,,,,,,,1,0,0,73,74,,,,,,,,
RASA1,ZNF536,334.232825420799,615.441344627107,0.001,0.001,0.980350386710575,0.979188405677899,0.959949870042976,1.25030172500908e-07,0.0520234945478256,2.40334052119406e-06,327.639863118135,611.094230960349,1,3,0,64,68,19.0703588568715,1471.80029410591,153.039448564283,1596.20393238256,,36378.7701900467,,97983.6257560994
ROBO2,ROS1,,,,,,,,,,,,,1,0,0,73,74,,,,,,,,
ROBO2,RYR1,343.855245843684,353.108877000411,0.001,0.001,0.987278473253916,0.985069549748416,0.972539082198306,1.03396481279661e-07,0.0349345134653483,2.95972295083543e-06,339.46242032534,350.440387335635,1,2,0,65,68,19.6195076482264,1514.13952740091,58.7110286760768,1090.51608351166,,67605.1761233369,,78847.676182425
ROBO2,SACS,325.191622595968,532.40457043467,0.001,0.001,0.974462081008156,0.973212672904653,0.948361937191377,1.62031002042679e-07,0.0623605091600458,2.59829504641844e-06,316.857661590069,528.754348063775,1,4,0,69,74,18.5544049867415,1432.01085347938,165.267635131652,1237.06449585193,,26178.9940646405,,65466.474866052
ROBO2,SF3B1,319.973382741274,865.433603958593,0.001,0.001,0.990299103254276,0.987834966247274,0.978252557207533,6.74512181312974e-08,0.0307397470827086,2.19426717955136e-06,316.857661590083,860.12760537155,1,2,0,71,74,18.2570363613867,1408.93083988541,143.90003488375,2672.49351774911,,79560.2810313807,,238088.444850413
ROBO2,SMAD4,333.977623333896,2532.41473304706,0.001,0.001,0.948901879000196,0.958767133009914,0.909786301759626,1.80695598234193e-07,0.0984715122796907,1.83500378993835e-06,316.857661589836,2516.7393483453,1,7,0,66,74,19.054895041014,1470.92674261765,1087.72478396484,4900.62620800562,,12545.1539915323,,199256.81263986
ROBO2,SPHKAP,,,,,,,,,,,,,1,0,0,73,74,,,,,,,,
ROBO2,SPTA1,318.56237323329,219.538634317536,0.001,0.001,0.994672572015602,0.993819728317625,0.988525361862198,5.97847899935777e-08,0.015270168162652,3.91513632048928e-06,316.857661590069,218.177744395109,1,1,0,72,74,18.1765065335633,1402.69026144296,12.5264595175148,966.669160642247,,201748.401961483,,119632.187068226
ROBO2,SYNE1,331.932270495039,319.944970175698,0.001,0.001,0.954746063404738,0.95386745737376,0.910711038481534,3.58179300521261e-07,0.10797263135436,3.31731565701808e-06,316.857661590083,317.737630658759,1,7,0,66,74,18.9384610173201,1461.8546748829,137.438922911666,619.027867244754,,14218.7611366623,,22373.5237714701
ROBO2,SYNE2,342.017037864247,511.427959674134,0.001,0.001,0.99255743880438,0.993261417413817,0.985869229606261,4.25887494073102e-08,0.0170948576729034,2.49131933252749e-06,339.46242032534,507.970332335513,1,1,0,66,68,19.5147549696216,1506.00127660012,29.181148597307,2251.9307704619,,154517.907809903,,255329.393281307
ROBO2,TENM1,,,,,,,,,,,,,1,0,0,73,74,,,,,,,,
ROBO2,TP53,373.147246471051,1851.12814738146,0.001,0.001,0.849670576713019,0.872372824889353,0.741323128766527,5.1994436639502e-07,0.258220204453866,2.01356964879916e-06,316.857661590134,1835.80904333266,1,18,0,55,74,21.2850837256004,1644.72764019472,1120.45084782693,2849.01298807343,,4120.46387302125,,42704.6913427045
ROBO2,TTN,348.980695299855,1113.39314027305,0.001,0.001,0.972826034374647,0.978747112762858,0.95215418411094,1.08888851277703e-07,0.0550097529025307,1.97944628965409e-06,339.46242032169,1105.30947629133,1,3,0,64,68,19.9113302265914,1536.88599682831,276.851289827481,2887.97328646553,,27905.7809909333,,173513.500244481
ROBO2,XIRP2,320.527717576667,493.800930356787,0.001,0.001,0.988587054864142,0.987387752074174,0.976119397938402,7.65272064762873e-08,0.0289871892867882,2.64003542113574e-06,316.857661590069,490.657497141621,1,2,0,71,74,18.2886766038791,1411.39240053673,82.106043126302,1524.90987121726,,67196.1135662421,,130954.290352524
ROBO2,ZFHX3,342.018678962184,214.480093963987,0.001,0.001,0.992552563096659,0.992889077990886,0.985494867063828,6.90283766049959e-08,0.0178087323697927,3.87609713996727e-06,339.46242032534,212.948989883829,1,1,0,66,68,19.5148688267375,1506.01006352691,12.2377760054522,944.420899672319,,154301.332279823,,101412.728418122
ROBO2,ZNF521,,,,,,,,,,,,,1,0,0,73,74,,,,,,,,
ROBO2,ZNF536,346.685485317773,615.87496799038,0.001,0.001,0.979245819533816,0.97714804738171,0.956870544633653,1.21937659384661e-07,0.0518711858442183,2.35077832519327e-06,339.46242032534,611.094230961509,1,3,0,64,68,19.7808439294203,1526.64258321592,153.146542956616,1597.34052728579,,35653.4025829257,,89087.8220547353
ROS1,RYR1,,,,,,,,,,,,,0,2,0,66,68,,,,,,,,
ROS1,SACS,,,,,,,,,,,,,0,4,0,70,74,,,,,,,,
ROS1,SF3B1,,,,,,,,,,,,,0,2,0,72,74,,,,,,,,
ROS1,SMAD4,,,,,,,,,,,,,0,7,0,67,74,,,,,,,,
ROS1,SPHKAP,,,,,,,,,,,,,0,0,0,74,74,,,,,,,,
ROS1,SPTA1,,,,,,,,,,,,,0,1,0,73,74,,,,,,,,
ROS1,SYNE1,,,,,,,,,,,,,0,7,0,67,74,,,,,,,,
ROS1,SYNE2,,,,,,,,,,,,,0,1,0,67,68,,,,,,,,
ROS1,TENM1,,,,,,,,,,,,,0,0,0,74,74,,,,,,,,
ROS1,TP53,,,,,,,,,,,,,0,18,0,56,74,,,,,,,,
ROS1,TTN,,,,,,,,,,,,,0,3,0,65,68,,,,,,,,
ROS1,XIRP2,,,,,,,,,,,,,0,2,0,72,74,,,,,,,,
ROS1,ZFHX3,,,,,,,,,,,,,0,1,0,67,68,,,,,,,,
ROS1,ZNF521,,,,,,,,,,,,,0,0,0,74,74,,,,,,,,
ROS1,ZNF536,,,,,,,,,,,,,0,3,0,65,68,,,,,,,,
RYR1,SACS,361.922668102878,576.101166751725,0.001,0.001,0.93810494609331,0.942910641894391,0.884568344850167,3.15008167148245e-07,0.131108816972798,2.40264670539741e-06,350.440387336191,567.554420347342,2,4,0,62,68,60.1722139143454,1117.90823885097,178.821332979834,1338.70763482632,,11756.8498461847,,23464.6407176075
RYR1,SF3B1,354.153035837906,935.418608840609,0.001,0.001,0.941200594030193,0.967855277802206,0.947921710374336,1.32151255593464e-07,0.0652744016925054,2.02454947371255e-06,350.440387335635,920.179227810467,2,2,0,64,68,58.8845285989182,1093.73782489917,155.531792273232,2888.88833253231,,39969.3571210333,,70067.155454646
RYR1,SMAD4,368.200365729271,2355.67488102657,0.001,0.001,0.906849169801077,0.884605104969176,0.802264997474783,3.17571752318779e-07,0.184369253400358,1.72247674957588e-06,350.440387335635,2306.78280632739,2,6,0,60,68,61.2128503835454,1137.42430264694,935.839567923912,4777.49091062754,,7475.5895593011,,44944.4148451019
RYR1,SPHKAP,,,,,,,,,,,,,2,0,0,66,68,,,,,,,,
RYR1,SPTA1,352.741009173064,238.607203555186,0.001,0.001,0.987129899491712,0.983926588106969,0.971264427692539,1.18500890931503e-07,0.0326638044790882,3.62789616278069e-06,350.440387335635,234.760085704651,2,1,0,65,68,58.6501176506495,1089.36886139149,13.614264459573,1050.70182028753,,91669.5127095883,,35384.5198587468
RYR1,SYNE1,369.039366495337,347.828854251755,0.001,0.001,0.902645453181184,0.898147786236026,0.810763755555776,7.0702913791687e-07,0.230000171104761,3.07403744319317e-06,350.440387335605,342.378647197703,2,7,0,59,68,61.3531185371289,1140.02452177025,149.401818428477,673.088819949319,,7097.33558614684,,7729.82590215456
RYR1,SYNE2,354.116277607808,515.73833668664,0.001,0.001,0.979518832134845,0.984996655364322,0.964824349681514,8.17716776825572e-08,0.0331508249913453,2.46665588877216e-06,350.440387335635,507.97033233548,2,1,0,65,68,58.8775458200188,1093.66394920259,29.4267829113475,2271.02156231051,,57253.5256084474,,82004.2820482826
RYR1,TENM1,,,,,,,,,,,,,2,0,0,66,68,,,,,,,,
RYR1,TP53,0.001,2011.4519879084,2275.19549886407,1347.98646605349,1,0.999994565742455,0.0896650936845683,1.77937436087621,0.552424388993792,3.22102788422726,350.440387335169,2013.06067337798,0,16,2,50,68,,446.885112051025,1217.29460705275,3096.46157518299,371.703510651547,7375.78584523275,,
RYR1,TTN,359.461291661859,1119.23783992602,0.001,0.001,0.950845703591719,0.963814280369573,0.916450917961473,2.05800545494995e-07,0.105872058462012,1.94386081166862e-06,350.440387335635,1105.3094762985,2,3,0,63,68,59.763787292853,1110.28861081499,278.298449927184,2903.22054857916,,15667.280228317,,75072.299011296
RYR1,XIRP2,355.384687591214,537.910227554179,0.001,0.001,0.972624960042184,0.96897918365587,0.942457863294139,1.51671588144789e-07,0.0622870415081584,2.43504241769009e-06,350.440387335635,529.442548289653,2,2,0,64,68,59.0885759418871,1097.58392320987,89.4376866495959,1661.24609597785,,30636.9249545919,,40177.5582464622
RYR1,ZFHX3,354.119484720738,216.039129896036,0.001,0.001,0.979505475467805,0.985785093381267,0.965583639269008,1.31753908860256e-07,0.034151350498984,3.85794139719822e-06,350.440387335635,212.948989883329,2,1,0,65,68,58.8779710708045,1093.67184794099,12.3264012215582,951.31287648826,,57173.1708575169,,37448.6336051432
RYR1,ZNF521,,,,,,,,,,,,,2,0,0,66,68,,,,,,,,
RYR1,ZNF536,359.002031647114,619.874410403665,0.001,0.001,0.953272559858924,0.958650060749932,0.913866126240839,2.32572034053989e-07,0.100172653503554,2.32171182373379e-06,350.440387336191,611.094230961232,2,3,0,63,68,59.6885319707567,1108.82519756845,154.137367162682,1607.79543274269,,16070.6100676326,,36149.6394064254
SACS,SF3B1,535.130731081078,882.553585362405,0.001,0.001,0.953825223883381,0.950099155420565,0.906237657501718,1.88867692991167e-07,0.119162779468219,1.58495541841183e-06,528.754348063775,860.127605371454,4,2,0,68,74,166.111857981431,1243.42770848782,146.740869755144,2725.62905966738,,26466.3630126861,,35897.990865495
SACS,SMAD4,558.506050093664,2594.85557863691,0.001,0.001,0.80585942981669,0.812596921343964,0.654994268286674,4.78557335689689e-07,0.393051864736164,1.21754246353957e-06,528.754348064406,2516.73934834266,4,7,0,63,74,173.337341315359,1298.1812856898,1114.37856532144,5022.68862204493,,5048.88609568074,,25718.01733301
SACS,SPHKAP,,,,,,,,,,,,,4,0,0,70,74,,,,,,,,
SACS,SPTA1,531.767728817111,223.971874985127,0.001,0.001,0.977847162067662,0.974200349446951,0.952621397717934,1.96278726095206e-07,0.0590908918312992,3.32164095027656e-06,528.754348063775,218.177744395075,4,1,0,69,74,165.071087663836,1235.5684004632,12.7791527687077,986.27201406944,,79546.6547208988,,17821.3813709818
SACS,SYNE1,555.420540722745,326.716100497133,0.001,0.001,0.823631763198556,0.826961217832723,0.681234412172486,1.11610005477589e-06,0.412322510049807,2.70686180737759e-06,528.754348063775,317.737630658759,4,7,0,63,74,172.385166610258,1290.92800317156,140.332471937028,632.240500920197,,5617.65645780338,,3539.62024600617
SACS,SYNE2,567.252303827157,0.001,7163.73013810978,22573.7808907425,0.999999211620439,1,0.0472768317963741,1.1483636058196,0.0653015632240404,17.5855454161139,567.554420346419,507.97033233548,3,0,1,64,68,176.104162654537,1318.11332053382,,1266.21194910369,,,1219.5234624566,132664.99870484
SACS,TENM1,,,,,,,,,,,,,4,0,0,70,74,,,,,,,,
SACS,TP53,616.876827776114,1778.30418614507,0.001,4009.85420074578,0.88915837583243,0.892543167937255,0.886081299775077,1.10445819309321,1.01153621536691,1.09186223519698,528.754348066417,1835.8090433286,3,17,1,53,74,191.355066140467,1435.29717691849,1059.41891926506,2769.1935122598,,2992.34857372873,218.156058770317,22606.369809643
SACS,TTN,583.019815287573,1134.62220184364,0.001,0.001,0.899395610154054,0.925809404268823,0.832711254740943,2.87383251097381e-07,0.204929119894235,1.40235439085329e-06,567.55442034844,1105.30947629262,4,3,0,61,68,180.958487028349,1354.97938745854,282.113703748515,2943.36530823001,,11916.9188213554,,30697.8240603306
SACS,XIRP2,535.436116518201,503.953176618031,0.000999999999997669,0.000999999999862666,0.951682840826114,0.948257688069715,0.902451395961971,2.31790373562447e-07,0.113922907445215,2.03462480690212e-06,528.754348063775,490.657497143736,4,2,0,68,74,166.206018066223,1244.14669222215,83.7906635506993,1556.42334904325,,25373.2097265065,,19685.6966520934
SACS,ZFHX3,567.354027306081,0.001,2071.41721790894,9358.38228670553,0.999999425088971,1,0.0478144076939838,1.15099780295237,0.066871756409942,17.2120169223078,567.554420346419,212.948989883829,3,0,1,64,68,176.119443952895,1318.22873168798,,458.906997113529,,,505.493369574683,54628.2939470664
SACS,ZNF521,,,,,,,,,,,,,4,0,0,70,74,,,,,,,,
SACS,ZNF536,581.362562745469,629.114744394544,0.001,0.001,0.909603705606727,0.917641996454088,0.834725936981,3.50512497877126e-07,0.196635615333009,1.78254838160178e-06,567.554420346946,611.094230960349,4,3,0,61,68,180.448798570498,1351.01997853135,156.421387868843,1631.81062738515,,13099.4260368763,,15135.1364550198
SF3B1,SMAD4,913.675135609857,2554.33868477205,0.001,0.001,0.886869594607072,0.783344916858109,0.802281357043606,1.66518437413887e-07,0.203044173021057,8.20109412332745e-07,860.127605379889,2516.73934829474,2,7,0,65,74,151.89964506733,2822.49552395318,1097.08084490123,4943.49904893923,,14855.0585130939,,59914.8391994643
SF3B1,SPHKAP,,,,,,,,,,,,,2,0,0,72,74,,,,,,,,
SF3B1,SPTA1,864.537700115402,220.840120027272,0.001,0.001,0.989882324270054,0.987975633775062,0.977980059675861,8.67965523135283e-08,0.0297658079688492,2.91598173328148e-06,860.127605380892,218.177744395084,2,1,0,71,74,143.751704313173,2669.70837927589,12.6006740365708,972.421458866577,,286878.822634533,,42867.8332766012
SF3B1,SYNE1,900.297757910817,321.66350680149,0.001,0.001,0.913226867637653,0.820058862810088,0.839882814661436,4.73875142160962e-07,0.206640724191675,2.29323210134226e-06,860.127605380892,317.737630658759,2,7,0,65,74,149.684857469224,2780.7198246512,138.174333164035,622.373284973914,,19564.2549304147,,8924.76560908658
SF3B1,SYNE2,924.997558656325,514.584154042948,0.001,0.001,0.989676565552232,0.970063493737194,0.976990714205876,5.08944461991012e-08,0.0327476812097773,1.55413892889326e-06,920.179227831568,507.97033233548,2,1,0,65,68,153.804140256671,2856.4252356863,29.3610545838462,2265.87697044649,,300708.051496699,,93489.681586758
SF3B1,TENM1,,,,,,,,,,,,,2,0,0,72,74,,,,,,,,
SF3B1,TP53,1011.2653256027,1866.61947125272,0.001,0.001,0.724931165106637,0.760387956609457,0.551476108111471,4.84765512759333e-07,0.505198223735691,9.59555061723559e-07,860.127605368501,1835.80904331323,2,18,0,54,74,168.072220427167,3126.36748696304,1129.72216675764,2873.22014866994,,5643.66253203589,,15366.0939373834
SF3B1,TTN,944.762100073621,1118.1594321848,0.001,0.001,0.948930363175743,0.910722870616759,0.917226348605333,1.03230561150462e-07,0.100047127900236,1.031819336717e-06,920.179227809487,1105.30947629262,2,3,0,63,68,157.079843010944,2917.95867048779,278.033563544232,2900.37032308588,,39472.6502166676,,77841.9662423795
SF3B1,XIRP2,870.165255909246,497.575490716047,0.001,0.001,0.977197742597193,0.972540950244116,0.950367280950243,9.3701232554283e-08,0.0572329194846274,1.63719120740383e-06,860.127605371454,490.657497141621,2,2,0,70,74,144.686096665527,2687.17266984026,82.7327243022285,1536.6360891666,,88654.9731044975,,41774.313833869
SF3B1,ZFHX3,924.996727279849,215.27954531435,0.001,0.001,0.989669900826844,0.972052176293089,0.978993597940038,9.84514825028843e-08,0.0335183509487429,2.93724123401651e-06,920.179227831568,212.948989883528,2,1,0,65,68,153.804014092938,2856.42289280117,12.2833635186503,947.947862359958,,300288.33474003,,47439.7795323618
SF3B1,ZNF521,,,,,,,,,,,,,2,0,0,72,74,,,,,,,,
SF3B1,ZNF536,947.137576401868,618.237729699725,0.001,0.001,0.944032243867717,0.905684126907174,0.912151623751853,1.38493589681502e-07,0.0980060830278282,1.41311218041616e-06,920.179227831568,611.094230959232,2,3,0,63,68,157.487012085859,2925.55450478266,153.736832072165,1603.52042989279,,35127.7750076428,,42746.8552357896
SMAD4,SPHKAP,,,,,,,,,,,,,7,0,0,67,74,,,,,,,,
SMAD4,SPTA1,2514.80647354741,0.001,1467.39286488563,4590.06320958538,0.999997828969858,1,0.0963007886438298,0.969347824420319,0.0999273300741905,9.70052761042081,2516.7393483453,218.17774439531,6,0,1,67,74,1080.16261862879,4866.06990295112,,452.783716714484,,,255.130154272264,22649.3721990699
SMAD4,SYNE1,2254.05564146834,334.175887565743,8145.57167738683,0.001,0.907618843420148,0.951164839981814,0.85137390487165,1.07975483556159,0.686218239832803,1.57348606155481,2516.7393483109,317.737630658844,6,6,1,61,74,895.407558317349,4571.63452012069,143.514769760313,646.853256515939,452.747024618447,40198.4528671956,,3166.53280337275
SMAD4,SYNE2,2321.52206711447,534.409601900884,0.001,0.001,0.963689521013614,0.950666991231312,0.916156802524157,1.16005346331542e-07,0.0933167960397844,1.24313469015894e-06,2306.78280631001,507.970332336046,6,1,0,61,68,922.373701539538,4707.18621086454,30.4904783806028,2353.66402515608,,208592.815771292,,20925.9751189927
SMAD4,TENM1,,,,,,,,,,,,,7,0,0,67,74,,,,,,,,
SMAD4,TP53,2605.28433073927,1789.26635290354,1950.32420151608,2705.01835752832,0.999546532313871,0.998068601031189,0.985984673285087,1.91580150347294,1.7409463290702,1.10043685522237,2516.73934833116,1835.80904331385,5,16,2,51,74,998.56889338885,5305.18713874926,1051.19007064427,2811.32695669892,,13368.7454995159,,12836.0087547391
SMAD4,TTN,1952.71653733682,1149.571264791,22202.0547971808,0.001,0.946461207289956,0.991582259516542,0.454027228064486,1.04769713682756,0.275055490374755,3.809039170242,2306.78280632947,1105.30947629467,5,2,1,60,68,699.984486597587,4199.74503520922,285.813806938349,2982.52412546191,1164.70838927064,162950.123087031,,32961.9773523843
SMAD4,XIRP2,2552.75524149482,517.826673448617,0.001,0.001,0.908069607416498,0.898448877384813,0.815897574286496,2.50460663701012e-07,0.196962224271058,1.27161776644201e-06,2516.7393483453,490.657497143736,7,2,0,65,74,1096.4129180796,4940.34837818922,86.0916439320874,1599.53643255837,,61223.2528558941,,9454.95229597543
SMAD4,ZFHX3,2321.52813175194,224.478407299677,0.001,0.001,0.963664940401277,0.948811003569485,0.91434629470299,2.46356272214174e-07,0.0931898372347743,2.64359590620945e-06,2306.78280631001,212.948989883456,6,1,0,61,68,922.380344715068,4707.22020358605,12.8073350507578,988.699820338352,,208287.124125944,,8468.92699891601
SMAD4,ZNF521,,,,,,,,,,,,,7,0,0,67,74,,,,,,,,
SMAD4,ZNF536,2360.84331413462,425.727492376236,0.001,4466.21529429544,0.973126916343966,0.827033441853946,0.49736226654591,0.940541511340516,0.276556378779538,3.40090333656808,2306.78280630644,611.094230961082,5,2,1,60,68,937.889889320186,4787.8457298046,70.7784771159356,1315.10241127062,,64842.7266398782,246.843646302151,22692.7963004
SPHKAP,SPTA1,,,,,,,,,,,,,0,1,0,73,74,,,,,,,,
SPHKAP,SYNE1,,,,,,,,,,,,,0,7,0,67,74,,,,,,,,
SPHKAP,SYNE2,,,,,,,,,,,,,0,1,0,67,68,,,,,,,,
SPHKAP,TENM1,,,,,,,,,,,,,0,0,0,74,74,,,,,,,,
SPHKAP,TP53,,,,,,,,,,,,,0,18,0,56,74,,,,,,,,
SPHKAP,TTN,,,,,,,,,,,,,0,3,0,65,68,,,,,,,,
SPHKAP,XIRP2,,,,,,,,,,,,,0,2,0,72,74,,,,,,,,
SPHKAP,ZFHX3,,,,,,,,,,,,,0,1,0,67,68,,,,,,,,
SPHKAP,ZNF521,,,,,,,,,,,,,0,0,0,74,74,,,,,,,,
SPHKAP,ZNF536,,,,,,,,,,,,,0,3,0,65,68,,,,,,,,
SPTA1,SYNE1,0.001,317.549031285939,5267.98796393996,1364.00649128205,1,0.999998171298428,0.0841457594041541,1.12208605074054,0.102749415675361,10.9206076099333,218.177744395289,317.737630659087,0,6,1,67,74,,514.585015374589,136.415188054561,614.351193635295,292.525375623837,26114.2599548161,,
SPTA1,SYNE2,236.164826689107,511.044289309044,0.001,0.001,0.994069453699791,0.994003068748889,0.988108228337756,5.12490540924976e-08,0.0162599037268659,3.15186700692574e-06,234.760085704651,507.97033233548,1,1,0,66,68,13.4751508678224,1039.88124174938,29.159285896356,2250.22801295987,,134214.493254729,,287171.882434234
SPTA1,TENM1,,,,,,,,,,,,,1,0,0,73,74,,,,,,,,
SPTA1,TP53,255.041846159954,1850.49429495033,0.001,0.001,0.855882455329438,0.876993992914646,0.750682402568251,6.99175332158353e-07,0.252928031354949,2.76432520512983e-06,218.177744395064,1835.80904331323,1,18,0,55,74,14.5488536969436,1123.93842119421,1120.0736868435,2848.01520841847,,2955.04272695327,,44559.4475080421
SPTA1,TTN,240.573689276298,1111.43362822801,0.001,0.001,0.975905482825595,0.983872008118645,0.960168228339113,1.32265074830919e-07,0.050049429559185,2.64268895761362e-06,234.760085704651,1105.30947629133,1,3,0,64,68,13.7262631330618,1059.40459155412,276.364777783268,2882.82100355701,,21516.9549426111,,229816.070800035
SPTA1,XIRP2,221.028166419247,493.66033045659,0.001,0.001,0.987142878045735,0.987944841097921,0.975243340799314,9.58676761664626e-08,0.0285039370178075,3.36331349969551e-06,218.177744395109,490.657497141621,1,2,0,71,74,12.611351488299,973.253812231544,82.0831095339234,1524.47872365878,,40212.1160438775,,137134.577843674
SPTA1,ZFHX3,236.16570678952,214.1819362615,0.001,0.001,0.994065589017522,0.994264532422874,0.988364314924057,7.48149420679023e-08,0.016506807140071,4.53236906647353e-06,234.760085704651,212.948989883829,1,1,0,66,68,13.4751961411273,1039.88473552606,12.2207955368186,943.098169384686,,134026.946574562,,125893.245123533
SPTA1,ZNF521,,,,,,,,,,,,,1,0,0,73,74,,,,,,,,
SPTA1,ZNF536,240.770596628223,614.876719322684,0.001,0.001,0.97510690228766,0.981911076184023,0.957470339136659,1.46566021513861e-07,0.0485545015473869,3.01858770748207e-06,234.760085704651,611.094230963032,1,3,0,64,68,13.7375580566843,1060.26917279884,152.899691170507,1594.72313600053,,20480.8930622397,,113084.463961745
SYNE1,SYNE2,344.794069248936,534.058543423767,0.001,0.001,0.953259274107163,0.951301791943789,0.9068474022759,2.93844205074938e-07,0.113376330366986,2.59175970966601e-06,342.378647197972,507.97033233548,7,1,0,60,68,148.107586587609,667.147536816358,30.4707561356536,2352.03820167746,,23789.6087328226,,21056.7826431386
SYNE1,TENM1,,,,,,,,,,,,,7,0,0,67,74,,,,,,,,
SYNE1,TP53,369.817568666231,1703.2731136275,0.001,4588.09233222622,0.8462608571246,0.803560037061557,0.801539841098857,2.14998333540111,1.75768416969153,1.2231909306997,317.737630658425,1835.80904331769,5,16,2,51,74,158.700634698436,716.718540949819,997.239531327841,2686.17901991887,,1246.55400513486,725.007445451612,16735.9645718202
SYNE1,TTN,349.958929681928,771.160140571754,0.001,8152.9411727654,0.943305994388212,0.776379411359305,0.483492314286407,1.18928670570571,0.356456226016245,3.33641726221808,342.378647198073,1105.30947629201,6,2,1,59,68,150.304576337588,677.30220628528,128.201698728805,2382.47505900678,,8704.51440575658,451.024223159422,41187.7223964611
SYNE1,XIRP2,274.301288999403,511.904331099661,5375.79582852369,0.001,0.947647280668793,0.987575037782351,0.304317724845166,1.03900297741483,0.199090245120077,5.21875382085235,317.737630658732,490.657497143736,6,1,1,66,74,108.997958311936,556.062433184016,85.1099169114732,1581.10107899525,261.422477605662,94035.7114310321,,19741.0562135176
SYNE1,ZFHX3,344.796348035332,223.828473373608,0.001,0.001,0.953228126377478,0.951578198662464,0.907082822396384,4.64157629757704e-07,0.115983090260376,4.0019422548209e-06,342.378647197972,212.948989883485,7,1,0,60,68,148.108801715086,667.153006204867,12.770438328357,985.786458064742,,23755.1533337848,,8908.97380954204
SYNE1,ZNF521,,,,,,,,,,,,,7,0,0,67,74,,,,,,,,
SYNE1,ZNF536,348.232762180195,425.424358547166,0.001,4590.02631467483,0.98459858855238,0.898191328226034,0.492691117716263,1.1819210041555,0.342585418578247,3.45000382404059,342.378647198294,611.094230961241,6,2,1,59,68,149.57461060612,673.852222837522,70.7280506501483,1314.1122921884,,11422.7722457856,254.59537608093,22874.3982294609
SYNE2,TENM1,,,,,,,,,,,,,1,0,0,67,68,,,,,,,,
SYNE2,TP53,601.783664811421,2030.66080253987,0.001,0.001,0.844596420735812,0.867543270397125,0.73282218982072,3.76974243376793e-07,0.276944942706723,1.36118839973185e-06,507.970332336568,2013.06067340667,1,18,0,49,68,34.3271113395936,2652.43859761793,1228.72456035563,3126.69614327795,,6379.87691503741,,44898.749273746
SYNE2,TTN,521.102905834118,1111.32825706288,0.001,0.001,0.974870400420915,0.984150699379303,0.959421557891716,7.58021727704714e-08,0.0513840237040655,1.47520897170367e-06,507.970332336722,1105.30947629262,1,3,0,64,68,29.7322043585858,2294.78335950516,276.339593215574,2882.55469032194,,44584.8868876768,,233927.545250586
SYNE2,XIRP2,514.951078535297,532.259779907216,0.001,0.001,0.986480013536136,0.989525030434317,0.976147277150264,6.11257872833518e-08,0.0311358108319719,1.96319882636827e-06,507.970332335513,529.442548287085,1,2,0,65,68,29.3819395527426,2267.50767208966,88.5007456944144,1643.67761140276,,89084.6698463103,,170495.268810763
SYNE2,ZFHX3,0.001,212.967554864015,166697627.291331,274341330.869024,0.750817824479774,1,0.00432573507924883,0.998871027512301,0.0168355099722064,59.3312010839784,507.97033233548,212.94898988174,0,0,1,67,68,,1589.74553914259,12.1502174158216,937.652787280573,14028.7728540912,,,
SYNE2,ZNF521,,,,,,,,,,,,,1,0,0,67,68,,,,,,,,
SYNE2,ZNF536,520.447503206948,615.445778682305,0.001,0.001,0.976098509850314,0.979201538954405,0.955799426570413,9.14691476554264e-08,0.0493787899441937,1.85239751234896e-06,507.970332335898,611.094230960349,1,3,0,64,68,29.6950756903288,2291.84358815791,153.040424131885,1596.21410909798,,46166.1282934926,,98119.5726347866
TENM1,TP53,,,,,,,,,,,,,0,18,0,56,74,,,,,,,,
TENM1,TTN,,,,,,,,,,,,,0,3,0,65,68,,,,,,,,
TENM1,XIRP2,,,,,,,,,,,,,0,2,0,72,74,,,,,,,,
TENM1,ZFHX3,,,,,,,,,,,,,0,1,0,67,68,,,,,,,,
TENM1,ZNF521,,,,,,,,,,,,,0,0,0,74,74,,,,,,,,
TENM1,ZNF536,,,,,,,,,,,,,0,3,0,65,68,,,,,,,,
TP53,TTN,1869.37223797027,1051.9004222738,12918.1801883562,1437.44096670442,0.878359970513301,0.999172297713428,0.344718137287385,2.02132246290186,0.846089424652807,2.38901752463259,2013.06067339821,1105.30947629467,16,1,2,49,68,1096.62113353723,2941.44503838952,133.651869931243,3103.12075812829,,183997.661233067,,12193.403638004
TP53,XIRP2,1748.8361775217,564.797691287873,10163.9485392354,0.001,0.911111195402273,0.964490209085644,0.695830165095006,1.03202357588459,0.498129934257304,2.07179594099942,1835.80904331976,490.657497140541,17,1,1,55,74,1042.05512005276,2722.61306422746,93.8798885015801,1745.59997514695,503.072664927866,161294.620475635,,6142.15584019441
TP53,ZFHX3,2030.75914219341,254.360548717549,0.001,0.001,0.867442550740899,0.837810454247907,0.726868587646738,7.90615625612633e-07,0.280326654216967,2.82033696660437e-06,2013.06067340667,212.948989883456,18,1,0,49,68,1228.7757485811,3126.82654908088,14.5083065814408,1121.30077097104,,44824.5044522539,,2564.24809380348
TP53,ZNF521,,,,,,,,,,,,,18,0,0,56,74,,,,,,,,
TP53,ZNF536,1941.12517864002,723.097226291529,4994.60706602992,0.001,0.96065303799934,0.97276406768458,0.95111461317697,0.998260965271685,0.832723193570327,1.19879087430195,2013.06067339453,611.094230961249,17,2,1,48,68,1156.12009733571,3023.80481857493,179.684754592745,1878.19001220723,265.922593923041,33404.6699886562,,4471.28905854775
TTN,XIRP2,1120.19221785852,542.65218058861,0.001,0.001,0.961283694568374,0.952218034328061,0.915362048114849,1.36728137764032e-07,0.0947116702812148,1.44362502908103e-06,1105.30947630217,529.442548287956,3,2,0,63,68,278.53694167533,2905.71775969311,90.2243497028774,1675.99279939015,,67673.9650635699,,23878.117738865
TTN,ZFHX3,1111.33550262604,218.906193409243,0.001,0.001,0.984139973505337,0.972870937848849,0.957443845835562,1.52254233672967e-07,0.0530793760969152,2.86842545765748e-06,1105.30947629262,212.94898988174,3,1,0,64,68,276.343380157987,2882.59418830161,12.4898919637095,964.050301642443,,233591.74649163,,17451.3174734949
TTN,ZNF521,,,,,,,,,,,,,3,0,0,65,68,,,,,,,,
TTN,ZNF536,1128.27983487948,627.955262956111,0.001,0.001,0.941184497865837,0.922424052783834,0.868198299067485,2.05752184455864e-07,0.155026205550983,1.32720905942704e-06,1105.30947628836,611.094230960009,3,3,0,62,68,280.542261164202,2926.80618495891,156.137912073823,1628.9687059082,,40023.7696121559,,16903.7846023607
XIRP2,ZFHX3,532.262242171436,215.668173084154,0.001,0.001,0.989518210583458,0.98743710279848,0.977087652333685,1.05122393702188e-07,0.0314237709159582,3.34531441128865e-06,529.442548287085,212.94898988326,2,1,0,65,68,88.500874029607,1643.67999523204,12.3054473351318,949.668248164521,,170256.080716077,,40774.0824452417
XIRP2,ZNF521,,,,,,,,,,,,,2,0,0,72,74,,,,,,,,
XIRP2,ZNF536,542.874981788108,619.253715535847,0.000999999999976353,0.001,0.951440347203324,0.96150178684583,0.914820723847756,1.69607619220948e-07,0.0931222503491634,1.82134364864467e-06,529.442548287956,611.094230960393,2,3,0,63,68,90.2611140953233,1676.67211419321,153.984988979698,1606.14862916689,,23338.5804636876,,37325.0068714119
ZFHX3,ZNF521,,,,,,,,,,,,,1,0,0,67,68,,,,,,,,
ZFHX3,ZNF536,218.101225749348,615.448352150321,0.001,0.001,0.976462333625993,0.979187872516183,0.956142631309718,1.65651344469567e-07,0.0510673315433721,3.24378305000873e-06,212.948989883829,611.094230960349,1,3,0,64,68,12.4441054012381,960.444208320378,153.041064080115,1596.22078459575,,19688.577492086,,97980.3938542858
ZNF521,ZNF536,,,,,,,,,,,,,0,3,0,65,68,,,,,,,,
