variant_A,variant_B,ces_A0,ces_B0,ces_A_on_B,ces_B_on_A,p_A_change,p_B_change,p_epistasis,expected_nAB_epistasis,expected_nAB_null,AB_epistatic_ratio,ces_A_null,ces_B_null,nA0,nB0,nAB,n00,n_total,ci_low_95_ces_A0,ci_high_95_ces_A0,ci_low_95_ces_B0,ci_high_95_ces_B0,ci_low_95_ces_A_on_B,ci_high_95_ces_A_on_B,ci_low_95_ces_B_on_A,ci_high_95_ces_B_on_A
APC,ARID1A,1044.28018690608,667.140062258025,19457.4125005529,0.001,0.731785287428698,0.970499192051016,0.0327331773109952,3.29469252194217,0.624441927352852,5.27621925694372,1461.22095005501,653.660759395471,7,8,3,168,186,448.663800801874,2019.93530635786,346.370986112844,1142.81498911228,4613.1527490799,57141.3637101703,,12445.4306801693
APC,ARID1B,1488.29354263294,574.887571442107,0.001,3915.08799937363,0.971897208010517,0.898825540689624,0.620391054963402,1.00424417414876,0.357780036256624,2.80687593599674,1461.22095004318,670.591842624791,9,5,1,171,186,745.609217447947,2610.91539006091,206.131320972138,1235.75362940108,,28903.2761527232,219.306186614584,18620.4503258807
APC,ARID2,1181.41911591433,848.845298283053,24615.2209266147,0.001,0.901570198832128,0.990469307355091,0.0777386913697007,2.11763656058358,0.340269194220619,6.22341545032893,1461.22095005049,830.373433527241,8,4,2,172,186,539.840034796756,2199.47113326573,337.35819278851,1720.2458423786,3820.20591795697,96965.7394551903,,25316.3366969819
APC,ATM,1183.92667312531,804.071907916907,20955.5459758726,0.001,0.734960365707659,0.971425823793257,0.0984658447787743,2.27750547055438,0.417162347533377,5.45951830029951,1461.22095005501,784.837961309906,8,5,2,171,186,540.983414406896,2204.14708019158,345.468662132117,1555.24597833122,3297.64673846194,77610.6005234682,,18169.8661446973
APC,BAP1,1468.36730210169,103.958161758982,0.001,3834.42439323866,0.977975422285718,0.73001445898125,0.197649220550856,1.04078372130298,0.116383300319171,8.94272389980974,1461.22095005049,202.577861873769,9,1,1,175,186,735.698831082137,2575.87372528136,5.9315107692775,457.745726490311,,187439.671191594,214.848327431288,18178.3071773642
APC,BRAF,1460.81762901473,0.001,1070.51783845905,12571.3244448532,0.999999645775708,1,0.0511396143990138,1.05840784631834,0.0571554736940818,18.5180487171421,1461.22095005049,317.975022141639,9,0,1,176,186,731.921644787661,2562.50561022479,,638.64750955681,,,704.594958450002,59553.5069917013
APC,BRCA2,1471.66406067827,421.19033206333,0.001,17265.3784926475,0.980229710951303,0.77686969389489,0.0343830070794396,2.06502475421722,0.225801436476863,9.14531274219246,1461.22095005501,823.569755965533,8,2,2,174,186,737.336149387721,2581.62793556661,70.0333920206197,1300.64612952033,,92437.985705476,2771.44777214692,59252.7452736938
APC,ERBB2,1477.69033709297,1153.84977483587,0.001,0.001,0.895965471620077,0.855131479771639,0.766193375255434,2.46078533159004e-07,0.300014264251091,8.20222777651178e-07,1461.22095007187,1118.09175224896,10,5,0,171,186,740.355109565404,2592.18901357874,413.739266100833,2480.25165040946,,27487.5926976736,,14412.8244147072
APC,ERBB3,821.793434158048,1241.50569350706,0.001,0.001,0.96375071064914,0.962413045253985,0.927531186585393,7.60078487623342e-08,0.0722564288643454,1.0519181470348e-06,814.155275787534,1217.82820391089,4,2,0,119,125,255.104890946778,1909.38016480735,206.427622281416,3833.97559283679,,52405.6146520656,,67870.8977314412
APC,ERBB4,1176.04312056438,291.941432262797,40472.9202894042,0.001,0.440028678306646,0.958157429074879,0.0319704161307893,2.5214471380808,0.307704826209002,8.19436980935801,1461.22095005422,284.405642527147,8,3,2,173,186,537.389414578973,2189.41477931987,104.68393475431,627.533346126906,6119.79028634475,179325.733203956,,7930.40785478426
APC,FBXW7,1467.63929928583,270.251880016401,0.001,20729.9740640068,0.978591182901913,0.76902503604392,0.0175234308667957,2.08825215389741,0.188271447627668,11.0917092326565,1461.22095005501,791.304900197047,8,1,2,175,186,735.328861682672,2574.56059276094,15.4201151243216,1190.02095593934,,216566.776143204,3310.08778064768,72393.5123248669
APC,FGFR2,,,,,,,,,,,,,10,0,0,176,186,,,,,,,,
APC,GNAS,1530.60630369709,1809.01869653979,0.001,6269.0838304885,0.85441379607418,0.774661740250428,0.770621887053752,0.969288562463018,0.608100148997243,1.59396205388434,1461.22095006518,1947.74647116957,9,9,1,167,186,766.707994955266,2685.86770070215,868.994733883921,3262.634643194,,10171.9386697802,350.624102364432,29991.9457008867
APC,IDH2,,,,,,,,,,,,,10,0,0,176,186,,,,,,,,
APC,KMT2C,1183.58773243618,696.88799704373,21394.076849158,0.001,0.696408005497777,0.968166463854789,0.0945413725802903,2.30700350651615,0.414984598267707,5.55925091231433,1461.22095005393,680.321750866833,8,5,2,171,186,540.829309925983,2203.5117486318,299.413449693094,1347.95798412828,3367.67672821743,79139.3529872715,,15448.4390049512
APC,KRAS,1552.92660268438,11769.1585039187,0.001,22594.9287829134,0.942510020488715,0.953817353593015,0.941037616495374,1.06811487396833,1.12666642506282,0.948031156523353,1461.22095004002,12046.859604152,9,20,1,156,186,777.923437140032,2724.84897556441,7332.35184424506,17716.916687666,,8325.32959741283,1267.88305914534,106477.795310933
APC,MED12,1486.30169068834,632.1080593863,0.001,9410.9676625808,0.977267166490057,0.911641640307539,0.142931874773226,2.02623167974485,0.428155106382516,4.73247112913002,1461.22095005393,862.991427748218,8,5,2,171,186,744.638850063354,2607.46576904495,226.65126160676,1358.80839587514,,36270.3537122488,1505.80655760333,32654.1575974868
APC,NF1,1497.55034895146,864.060893921623,0.001,11621.6407914497,0.939134549107667,0.564235295588473,0.15349231062995,2.19185690367701,0.489691273121028,4.47599747838531,1461.22095006093,1126.30141113684,8,6,2,170,186,750.252998050503,2627.27203691339,343.394458083197,1751.24716225878,,22704.0933874265,1860.12113742225,40204.1792017129
APC,NRAS,1470.14237219259,2975.03240130995,0.001,0.001,0.941762563340824,0.947457966341492,0.892285233525867,5.63082832075699e-08,0.105861118729989,5.31907124004524e-07,1461.22095007535,2895.62915652456,10,2,0,174,186,736.57860101341,2578.9291376537,494.674570876277,9186.92032799496,,57960.1499172717,,107861.540020778
APC,PBRM1,1175.73496710424,702.195066356735,41829.4921477049,0.001,0.804177390463587,0.981573742525062,0.0342668537870609,2.0669950425193,0.249595721385568,8.28137209662448,1461.22095005501,684.572099408389,8,2,2,174,186,537.247880544332,2188.86345506509,217.980127738188,1631.39794943935,6021.52444969531,251496.769310879,,26171.7997697672
APC,PIK3CA,1188.60199752523,1262.97238181963,16383.471997216,0.001,0.877399871918927,0.980758052671837,0.149426404825005,2.17142967818696,0.476822671606643,4.55395644437455,1461.22095004751,1233.51236682595,8,6,2,170,186,543.113275220843,2212.89371369258,577.094977324057,2351.35719768817,2598.71907398503,58759.8778820464,,26254.4489596116
APC,POLE,1471.308454165,134.515143129109,0.001,10885.8712721479,0.955007183211558,0.470389093840675,0.015314629877115,2.09498581639637,0.174921356809231,11.9767297407895,1461.22095005393,394.372924241964,8,1,2,175,186,737.15500237392,2581.11156020727,7.6748116928496,592.2807651172,,133764.882662153,1744.67916614522,37558.0820941999
APC,PTPRT,1484.11446808157,148.420708144441,0.001,2749.67794006375,0.961750993573012,0.770669697898652,0.104210265669984,2.02123863103794,0.367858528525009,5.49460859081463,1461.22095005393,217.07804656349,8,4,2,172,186,743.540743711837,2603.64421355258,46.0735987462115,344.844055021343,,39201.7090167429,439.197381084272,9596.39911115398
APC,RASA1,1479.01494382187,304.118154671379,0.001,7584.23360998511,0.96335783625818,0.725060055949289,0.0693229731656289,2.08076000153598,0.319840681907045,6.50561394857427,1461.22095005422,494.314011222007,8,3,2,173,186,740.997026895019,2594.61022961693,75.6239017771528,788.702462904658,,48846.2034614602,1209.26317012875,26617.7726209716
APC,ROS1,1482.7079073318,487.295063053719,0.001,9212.01607815516,0.970491300300165,0.825630321442692,0.100755914538802,2.00383685535764,0.353286031413348,5.67199571220276,1461.22095007104,713.137975258282,8,4,2,172,186,742.842441158058,2601.15192995616,151.270327811865,1132.16807354556,,43142.9378946861,1476.90593489389,31748.8006643984
APC,SF3B1,1485.10691049523,1596.32666115303,0.001,24719.0641938657,0.978840669266466,0.917538257169357,0.134353682534668,2.07784420324326,0.423017841392344,4.9119540594414,1461.22095005393,2181.50410592332,8,5,2,171,186,744.044871957008,2605.36712235912,572.387809551944,3431.39313902198,,38252.3188067864,3951.22450587371,86053.1364112847
APC,SMAD4,1521.95787558537,2491.99742329994,0.001,6583.31265178358,0.993512283918527,0.988940737606942,0.9654037273429,1.06379133517361,0.851524161574807,1.24927909644541,1461.22095006868,2601.01344485266,9,14,1,162,186,762.473737415172,2670.17475900242,1403.59429468057,4035.79910266811,,12542.1055957646,369.218799743179,31097.4841923545
APC,TP53,809.999750832309,1362.58542055274,7160.21382658748,0.001,0.746107924052812,0.959757893801778,0.101642458802095,5.32524548503905,2.24525914267764,2.37177321041361,1461.22095005174,1339.34191421647,5,35,5,141,186,290.399466500076,1741.63858942334,981.9919068682,1831.32913804458,2527.62505616113,15858.354770866,,9603.01506739316
ARID1A,ARID1B,663.561033526298,574.140746856227,0.001,4087.47110612796,0.984177581375901,0.927830024579967,0.607704417006231,1.08183362578994,0.370099364932089,2.92308965725583,653.660759391504,670.591842622889,10,5,1,170,186,344.516616845262,1136.66409642074,205.872272223132,1234.15623622747,,13924.8334083816,229.609735042199,19166.5715378161
ARID1A,ARID2,541.076798464277,852.816192204656,9163.08522019878,0.001,0.939393365518471,0.989065329778159,0.109421513697451,2.05525539108924,0.381424059512039,5.38837375313595,653.660759395155,830.37343354314,9,4,2,171,186,259.968263962714,975.548080039557,338.93353160233,1728.33575018217,1418.90674793207,36383.5560602731,,21112.3144646479
ARID1A,ATM,541.907306461962,804.663961194405,8198.23538863301,0.001,0.907292415717649,0.989609622361991,0.128290011359927,2.20257095056522,0.442403907831386,4.97864261950573,653.660759395038,784.837961309685,9,5,2,170,186,260.367658897494,977.045373574408,345.725463304724,1556.37461738653,1290.22972868767,30350.9776158293,,18356.5057562544
ARID1A,BAP1,655.515907877836,104.050819561796,0.001,3706.5236453609,0.997775978195111,0.976407949577677,0.207417347575683,1.07506754172957,0.123988924111692,8.67067400924557,653.660759390186,202.577861874828,10,1,1,174,186,340.351747845218,1122.82370164163,5.93691605273168,458.160589423163,,134155.313321769,208.239216084996,17368.653779745
ARID1A,BRAF,653.562080720782,0.001,3831.41378829262,11055.5628984898,0.999999463950958,1,0.0579575394842827,1.04572362529999,0.063690345668295,16.4188718765354,653.660759390186,317.975022141713,10,0,1,175,186,339.340011547915,1119.46418081887,,731.037908975511,,,620.880717980382,51894.8823101359
ARID1A,BRCA2,537.743167278144,845.957720973616,17674.7163919039,0.001,0.819520659598684,0.986764130735803,0.0381449700776344,2.07774963747916,0.251972545684076,8.24593660328473,653.660759390186,823.569755958321,9,2,2,173,186,258.370170812566,969.508964300354,262.613940426997,1965.40557657512,2567.48268600668,103067.63419115,,30380.0324363915
ARID1A,ERBB2,662.416000117632,1151.24226171515,0.001,0.001,0.865813362894359,0.864826222797263,0.748804761928519,3.84448897769734e-07,0.304834059025839,1.26117435498619e-06,653.660759392508,1118.09175225011,11,5,0,170,186,343.924904496107,1134.69006115926,412.813427737715,2474.58978818581,,9383.26627302487,,15432.3255374965
ARID1A,ERBB3,427.260760427948,1241.52208178495,0.001,0.001,0.93420986190751,0.962461655320596,0.899148884334915,1.42123514207393e-07,0.0864404568823836,1.64417819309742e-06,421.424966323035,1217.82820391089,5,2,0,118,125,153.198778092519,918.488266233249,206.432815260921,3833.97620604024,,14727.7979166793,,66156.9347002823
ARID1A,ERBB4,538.851583610398,291.473400871799,13404.3657823959,0.001,0.875527002982281,0.992053324400231,0.0580744331939769,2.19042965169615,0.311060315085706,7.04181647566527,653.660759395038,284.405642526536,9,3,2,172,186,258.907349775229,971.532748486168,104.516823673313,626.504211899002,2034.89814171883,58964.9008243345,,9543.91328363151
ARID1A,FBXW7,655.448745948781,269.703362486744,0.001,22493.7057374082,0.995320969983147,0.842114740191871,0.0148577765678385,2.27147234380152,0.187851627037529,12.0918427996779,653.660759390186,791.304900191381,9,1,2,174,186,340.319467852127,1122.71125279101,15.388391316955,1187.54435061778,,142436.070887898,3624.22711229834,76184.025974059
ARID1A,FGFR2,,,,,,,,,,,,,11,0,0,175,186,,,,,,,,
ARID1A,GNAS,672.402260877572,1800.93074351034,0.001,7202.47141257677,0.956201723572694,0.896058089813853,0.809209332326394,1.11649854518287,0.62579992968628,1.78411420682419,653.660759392968,1947.74647115592,10,9,1,166,186,349.093918696368,1151.87418074975,865.141756505111,3247.84197986754,,7121.17100191138,404.159313663656,33932.0330089272
ARID1A,IDH2,,,,,,,,,,,,,11,0,0,175,186,,,,,,,,
ARID1A,KMT2C,662.876355949277,397.778972546581,0.001,11632.8301586949,0.976298765263071,0.676785012457313,0.0135694720801363,3.10828554031868,0.445174921312856,6.98216676526184,653.660759390832,680.32175087495,8,4,3,171,186,344.160524782955,1135.48357669625,123.483684080386,924.170400630646,,18947.7139137079,2758.96521469974,34126.089400829
ARID1A,KRAS,561.051276247069,12334.4360030217,2475.90079541179,0.001,0.944419233150581,0.985212038644436,0.666261545750307,2.18407295623903,1.17608304976377,1.85707374719645,653.660759396431,12046.8596026203,9,19,2,156,186,269.547101086438,1011.67805022364,7779.66952388503,18398.8077059529,405.932814094328,7946.24969461606,,99009.1599235248
ARID1A,MED12,662.864260515948,631.027347068048,0.001,10023.3969839391,0.989090638179252,0.895309283196301,0.127830722483241,2.16152942043698,0.427248655732401,5.05918366608229,653.660759390186,862.991427761254,9,5,2,170,186,344.157882023337,1135.45647364681,226.268028494873,1356.4579781916,,17183.4039256396,1613.99499838425,34016.2633980947
ARID1A,NF1,670.592338082293,1010.80174108335,0.001,5521.67444749827,0.917593737252123,0.762862454204951,0.661421933808857,1.16105206888264,0.492271689546241,2.35855949781077,653.660759392508,1126.30141113038,10,7,1,168,186,348.150177001443,1148.79295688299,434.269659454777,1955.25546182435,,7566.6595087821,310.075015919888,25927.5398820877
ARID1A,NRAS,658.485388728965,2979.18997069599,0.001,0.001,0.923354247912062,0.944815150243048,0.872405447225567,1.09028043010712e-07,0.112098043081854,9.72613259012018e-07,653.660759391145,2895.62915650264,11,2,0,173,186,341.886726331892,1127.93936830534,495.372945821667,9199.91894945124,,19268.6937715453,,102420.266810646
ARID1A,PBRM1,608.896787185923,310.087883382768,14797.2468980027,17989.5204758135,0.991250105035229,0.967894951692709,0.000885936010850279,3.30935261542324,0.247873045729523,13.3509983132026,653.660759397464,684.572099396574,8,1,3,174,186,298.111315035251,1073.81703500001,19.8022289317032,1153.72936394187,,316766.169007208,527.506029595577,61685.0208152715
ARID1A,PIK3CA,665.868524028688,949.445554852116,0.001,11433.8760257863,0.981289950114065,0.898733185107732,0.19094696509292,2.12956445418486,0.518814356005237,4.10467526492918,653.66075939522,1233.51236681546,9,6,2,169,186,345.711500760566,1140.63311706756,377.332377967452,1924.2176532133,,12958.306077863,1843.0148764678,38685.6806865975
ARID1A,POLE,655.83817704487,134.753366230142,0.001,10119.2788400002,0.991035099963296,0.862330761274218,0.0180269794954359,2.12746851561475,0.189079637643827,11.2517061177275,653.660759390186,394.372924241964,9,1,2,174,186,340.518667970358,1123.37859167914,7.68875077192693,593.355637328773,,122055.754733145,1631.57538431113,34202.3869300829
ARID1A,PTPRT,660.97327352338,148.322558651041,0.001,2806.22896146782,0.99613640364827,0.988387529174999,0.101960015832977,2.14452092130329,0.379991460788677,5.64360292952981,653.660759390186,217.07804656313,9,4,2,171,186,343.166103007906,1132.1663677637,46.0454644324047,344.621435225173,,22370.3333140519,452.267164642202,9496.62880430186
ARID1A,RASA1,657.466999881693,201.206204266575,0.001,15008.1738823719,0.987237983400434,0.568170501757304,0.00191138732080332,3.50150633749959,0.310251631703567,11.2860206996272,653.660759391756,494.314011220037,8,2,3,173,186,341.36321662229,1126.17435426277,33.4554346924521,621.339506508661,,46006.97308808,3546.51677523525,44394.4243221512
ARID1A,ROS1,479.403792928814,728.364658835137,17317.4922140545,0.001,0.972048937947102,0.996295003337299,0.00705271791447764,3.02123320770861,0.361776707839791,8.35109928925145,653.660759392792,713.137975253083,8,3,3,172,186,219.061465766707,892.498217755354,289.475418559027,1476.10912097955,3791.26856272432,70045.1056595757,,24237.1849238723
ARID1A,SF3B1,542.092211954108,2236.08418984205,8011.43479255893,0.001,0.937004161280533,0.991238260024549,0.133942281596883,2.21092759934808,0.45518051112788,4.85725452935075,653.660759390186,2181.50410592398,9,5,2,170,186,260.455885042983,977.381766591745,960.72051177127,4325.14493189914,1259.63761314311,29764.7804450037,,50966.9561313725
ARID1A,SMAD4,684.41733242679,2692.68316304647,0.001,0.001,0.608273393987825,0.601941500243018,0.36633689650136,9.7360485389747e-07,0.953736725458248,1.02083187939489e-06,653.660759392359,2601.01344480276,11,15,0,160,186,355.312973575991,1172.54778489398,1549.1075129922,4295.87482060033,,2625.89941382462,,10244.6940019572
ARID1A,TP53,719.884267869445,1044.75486186038,0.001,28487.611002655,0.967124866268712,0.724911793525014,4.25239653811395e-05,9.0150567953914,2.41337660035716,3.73545380114205,653.660759396882,1339.34191422891,2,31,9,144,186,373.675932087513,1233.55296319058,718.375641540927,1458.00244747012,,4151.97211025008,9633.90189282351,152845.026724768
ARID1B,ARID2,681.726189528833,845.118393765528,0.001,0.001,0.906811587854238,0.900560421582442,0.816655892920442,2.78560209274192e-07,0.200753812876175,1.38757120118066e-06,670.591842628215,830.373433543126,6,6,0,174,186,270.940249277308,1381.58579252095,335.880108721167,1712.69499461824,,14015.9023287828,,16258.5062922853
ARID1B,ATM,567.763002069245,797.955358332125,6796.07058569525,0.001,0.834644993608431,0.977014233045619,0.411614201648866,1.12024394270034,0.24357466194638,4.59918094003946,670.591842624238,784.837961311014,5,6,1,174,186,203.588779420643,1220.40535472624,342.844803686036,1543.38607757454,377.896224330352,33451.1303747702,,23495.7316815935
ARID1B,BAP1,675.043130781293,206.384067546739,0.001,0.001,0.961459545144347,0.963577806129845,0.926444106708297,2.24462077393767e-07,0.068614438921147,3.27135339038075e-06,670.591842625274,202.577861873769,6,2,0,178,186,268.287931156892,1368.00849027019,34.3166484600016,637.315880036829,,40625.7260218186,,11230.1141135941
ARID1B,BRAF,672.356472721648,323.511323391056,0.001,0.001,0.984447488427125,0.982911984435287,0.967625747107631,7.94726327949316e-08,0.0337851633450648,2.35229387477686e-06,670.591842628215,317.975022141713,6,1,0,179,186,267.225685051851,1362.5567003355,18.4589552221102,1424.46847097077,,144663.246664978,,37927.3818130174
ARID1B,BRCA2,563.928908488546,836.192542772649,11408.6435114023,0.001,0.991789842928856,0.99719683689599,0.276049145826741,0.959253946353367,0.134291230911835,7.14308700456503,670.591842625274,823.569755979859,5,3,1,177,186,202.215944455966,1212.15189173184,259.597748564667,1942.74946210842,616.85788425578,66427.4067855713,,48416.5189155667
ARID1B,ERBB2,678.473208196967,1140.24470580295,0.001,0.001,0.933089218954925,0.907059872497426,0.846378781303162,2.17399948150934e-07,0.177096129974489,1.22758158623935e-06,670.591842623994,1118.09175224362,6,5,0,175,186,269.649965186002,1374.96610043557,408.872265889217,2450.92417167872,,20038.2601869174,,23568.7806365459
ARID1B,ERBB3,489.87316862611,1235.95762596129,0.001,0.001,0.973500840012899,0.971019615142027,0.94529118113424,7.77078949564317e-08,0.0528079623911457,1.47151852557486e-06,485.469360344085,1217.82820391089,3,2,0,120,125,121.819447874103,1270.42752225983,205.50685672515,3816.7831800703,,42896.4930915817,,91320.7466721762
ARID1B,ERBB4,564.006754221547,289.588980104038,11286.8404766021,0.001,0.68677926577537,0.969843649870327,0.267374312535715,1.25806416071895,0.179537278182223,7.00725873454575,670.591842624238,284.405642527374,5,4,1,176,186,202.245826541001,1212.31697447195,103.840374846333,622.456870328311,618.775661004455,60044.5153432075,,10503.379939435
ARID1B,FBXW7,562.398607807821,805.317574650386,15797.5910647123,0.001,0.900692178549851,0.990714031930501,0.209547652633054,0.982069902295498,0.108500568213863,9.051288103485,670.591842625274,791.304900177956,5,2,1,178,186,201.667374128779,1208.84971573922,200.263263644943,2088.45524175651,831.186687993105,114660.31568914,,53213.4999636015
ARID1B,FGFR2,,,,,,,,,,,,,6,0,0,180,186,,,,,,,,
ARID1B,GNAS,692.497536180904,1579.5389038574,0.001,24648.3982225594,0.989918486966534,0.806803950040663,0.128121028335956,1.83967885833487,0.368705416718609,4.98956287300463,670.591842624417,1947.7464711431,4,8,2,172,186,275.208420974043,1403.52858887915,721.677536115562,2941.16733036399,,14471.321418593,3799.06460222279,98311.9663971338
ARID1B,IDH2,,,,,,,,,,,,,6,0,0,180,186,,,,,,,,
ARID1B,KMT2C,452.841748422007,689.703575674624,15722.5026217933,0.001,0.63744245480277,0.975163911057075,0.0355247715655764,2.2172365165084,0.242704704741089,9.13553166953928,670.591842627048,680.321750871252,4,5,2,175,186,140.578607210282,1052.07273853928,296.33213038056,1334.02186810181,2474.09272347436,58214.7874196893,,27513.6352769728
ARID1B,KRAS,580.667435426476,11649.9364415728,2251.79116093325,44189.1546311364,0.969423199254096,0.970748124807275,0.32893861477687,2.01379494728348,0.668712995702278,3.01144879825254,670.591842625623,12046.8596041262,4,19,2,161,186,188.557864993766,1288.98811205326,7210.94119939264,17594.4956742395,,11091.3086707888,,272094.677118049
ARID1B,MED12,468.903521526756,857.389407043676,13194.4828139198,1399.7758745468,0.724984833272497,0.999606390119832,0.0447619921780844,2.09870804761625,0.251663743595435,8.33933413543294,670.591842622894,862.991427761965,4,5,2,175,186,145.685266260921,1087.830985592,359.189987263914,1674.13365594095,1461.37757006403,50850.7586999506,,41231.8668266797
ARID1B,NF1,687.325020796409,1002.4494768931,0.001,8045.70033762598,0.986931601609759,0.959186090704998,0.560335648651777,0.932624663585324,0.285071126992048,3.27155076498273,670.591842623817,1126.30141114546,5,7,1,173,186,273.15707456397,1393.00484313299,430.679920707161,1939.11007339854,,15819.0204003703,441.902955881497,42148.4595216999
ARID1B,NRAS,672.346222103544,1465.61064853659,0.001,114005.877446946,0.999575210564132,0.839109345262791,0.101522616521606,1.08752664684167,0.0634836469992897,17.1308155445739,670.591842621834,2895.6291565721,5,1,1,179,186,267.218816361482,1362.50906977072,83.6263335567788,6453.30974873953,,251935.714805312,6299.14678212061,580541.325918681
ARID1B,PBRM1,563.815073015088,696.740784443003,11670.9043596466,0.001,0.858136896031531,0.986426617873335,0.26736746238094,1.04173947191232,0.145125599017956,7.17819239997368,670.591842628215,684.572099396016,5,3,1,177,186,202.174764477109,1211.90150339488,216.292657009507,1618.73119208275,631.573810283256,67658.0154796242,,34221.1107029327
ARID1B,PIK3CA,570.04025794951,1253.60775227029,5486.80586306548,0.001,0.904155120794453,0.982956989218671,0.490543537045617,1.05732526581475,0.277634713037081,3.80833237403397,670.591842624238,1233.51236680758,5,7,1,173,186,204.403903065267,1225.32241392543,572.82428441228,2333.87376173246,306.046900475292,26586.1957332085,,33741.4409521389
ARID1B,POLE,614.720675984055,201.79867088251,17479.6890975274,14876.3523382714,0.964127683716275,0.853034493493123,0.00548393800840337,1.97126356707854,0.103473129300633,19.0509708211413,670.591842622894,394.372924241964,4,1,2,179,186,217.249762170505,1302.12389754624,12.4119678876289,787.244752529336,,402377.242792673,,69297.3838364582
ARID1B,PTPRT,493.339304181531,206.562742101435,13926.7001605753,1053.98366745643,0.83236756103352,0.99225359486606,0.0342916313296202,2.05032478105271,0.217192934577565,9.440108100388,670.591842622894,217.078046563328,4,4,2,176,186,154.094669307859,1135.69678727501,75.351897235516,431.786345560671,286.501082358831,62131.6117861965,,13468.5582898309
ARID1B,RASA1,566.506878988621,503.249469388397,7826.22645556949,0.001,0.948914569996075,0.989174069305916,0.376016388927814,0.946582538899695,0.183160965880606,5.16803640092577,670.591842621535,494.31401121736,5,4,1,176,186,203.137373149698,1217.71574919549,180.449471657226,1081.79779602046,428.397314125941,42035.8099942312,,19987.9793255849
ARID1B,ROS1,490.38855079872,681.316951848117,14605.2280529668,3293.0848976265,0.829204504479542,0.993953097382306,0.0322546357567482,2.04020035215787,0.209596341431477,9.73395021222196,670.591842622894,713.137975256861,4,4,2,176,186,153.041233800585,1130.09887371366,249.857844700586,1421.19373628368,480.216568765988,64096.0463945566,,44466.0913564011
ARID1B,SF3B1,503.808016406703,2068.65336706462,11139.7021698181,11431.1507478461,0.851711316905496,0.988464972519203,0.0455196299529002,2.07589168897044,0.248545685212335,8.35215339665619,670.591842622894,2181.50410593084,4,5,2,175,186,157.890108228482,1155.16436230576,823.853027030847,4125.70100925699,,47506.4392952805,,123767.322718273
ARID1B,SMAD4,464.607004839894,2634.76895247418,5653.19419807666,0.001,0.910097852629064,0.99507277374087,0.205248906209687,1.98149643282684,0.502081450211974,3.94656371389596,670.591842624873,2601.01344481607,4,13,2,167,186,144.225304303559,1079.48537588112,1515.91688820903,4202.94135995421,920.178358878554,18529.6956164388,,57702.1833938163
ARID1B,TP53,630.074031312963,1364.58710226425,987.979473378671,0.001,0.968840436917016,0.930826867691142,0.886874108318189,1.03427432335892,1.33797396385612,0.773015283778825,670.591842622906,1339.34191420634,5,39,1,141,186,225.888878717334,1354.82803380838,983.391211420323,1834.13381330736,56.1546483940132,4413.14674063706,,6447.753134467
ARID2,ATM,703.14943853778,795.606595120235,8329.2669041442,0.001,0.987681353298879,0.997838988261226,0.424030616463451,1.09495047780774,0.239772440786577,4.56662356280706,830.373433541158,784.837961303006,5,6,1,174,186,252.138404513703,1511.38964996153,341.840729730211,1538.80363679685,463.147299772614,41002.7224398138,,29413.0054847
ARID2,BAP1,832.921487088612,102.673458263554,0.001,7099.47122724549,0.997443127225965,0.93909635583598,0.11354976685398,1.04566366526189,0.0673802050919499,15.5188554833713,830.373433528459,202.577861874828,5,1,1,179,186,331.042026657315,1687.89494496119,5.85837359024016,452.087519940988,,292830.435549723,392.600278377918,35970.7812091757
ARID2,BRAF,830.283510763515,0.001,2359.59043775092,22137.3203946459,0.999999880873055,1,0.0295664729806391,1.05425414766052,0.0345056701712301,30.5530697543017,830.373433528459,317.975022141215,5,0,1,180,186,329.998446418572,1682.54662035248,,647.049737940776,,,1223.37050110826,112534.968454847
ARID2,BRCA2,720.21433806767,587.949385706553,18360.9995085359,20315.9626759362,1,1,0.0110754829657193,2.06885096345038,0.136583759134878,15.1471227366598,830.37343354314,823.569755979859,4,2,2,178,186,241.546853095521,1565.99121226824,106.947923498028,1648.55952462239,,167284.91930221,,110042.225229552
ARID2,ERBB2,699.252323726959,1132.99037971188,12422.1038071632,0.001,0.996638980040885,0.999475953651211,0.30633757470989,1.06809891694567,0.165131921063477,6.46815533948216,830.373433531072,1118.09175224148,5,4,1,176,186,250.742814810767,1502.99255211366,406.279053477563,2435.24473501737,680.193461693273,66536.9158334949,,60592.6018252882
ARID2,ERBB3,198.979188680484,1223.9596384663,0.001,0.001,0.987692535702239,0.990066063903611,0.97788128103807,5.10704886332036e-08,0.0170997761258695,2.98661738360079e-06,196.524059319645,1217.82820391089,1,2,0,122,125,11.3533251572123,876.161960017882,203.514756256845,3779.59215509999,,37998.4324702551,,413817.529931158
ARID2,ERBB4,557.61481734815,287.463852672496,32203.863693117,0.001,0.893382267393602,0.997432422907117,0.0151642714714581,2.20944443862788,0.168959440756235,13.0767740987942,830.373433541788,284.405642526536,4,3,2,177,186,173.106775345874,1295.445680479,103.082265874812,617.867480172939,4888.42547889578,141666.372779613,,22514.2758405602
ARID2,FBXW7,835.076239074113,534.359750117173,0.001,19529.328617508,0.996513853191604,0.927198281987283,0.17632011726968,1.08889875178449,0.101778866836654,10.6986723828639,830.373433528459,791.304900177839,5,2,1,178,186,331.895882816114,1692.26714891843,88.8520770800654,1650.10943814412,,97869.0999825058,1080.11757778273,98884.7971481906
ARID2,FGFR2,,,,,,,,,,,,,6,0,0,180,186,,,,,,,,
ARID2,GNAS,857.706409599304,1981.77982361868,0.001,0.001,0.824715911857784,0.844454407441166,0.696494523962359,3.00941897217293e-07,0.336929964912687,8.93188284085328e-07,830.373433539122,1947.74647114117,6,10,0,170,186,340.870962729115,1738.29713744606,992.768924150358,3477.22742731796,,8667.45945562812,,23511.0748634165
ARID2,IDH2,,,,,,,,,,,,,6,0,0,180,186,,,,,,,,
ARID2,KMT2C,844.511866520852,491.34973574292,0.001,15685.3748727074,0.978555933733136,0.721498864842089,0.040007886020569,2.10144203054298,0.241247861326253,8.71071776135285,830.373433541788,680.321750870485,4,5,2,175,186,335.637869492044,1711.47238939318,176.189235447909,1056.13325859802,,32077.6625447812,2432.19233900681,61988.6865891819
ARID2,KRAS,728.382050823826,12213.9277664352,2737.53826667133,0.001,0.963468265430236,0.985673878020661,0.867083949139323,1.08320763531174,0.653554839306918,1.65740894285238,830.373433541027,12046.8596040257,5,20,1,160,186,261.173312152644,1565.76644287916,7703.61368304056,18217.343424068,155.011778771679,12409.8162180367,,145604.233852788
ARID2,MED12,842.087646589804,622.91103717297,0.001,20810.3439028173,0.993378219345628,0.883495877646746,0.0372073153596933,2.07019808119249,0.233211734631026,8.87690357634808,830.373433541788,862.99142775954,4,5,2,175,186,334.679077850465,1706.52009813194,223.362407098028,1338.95962313511,,39909.7827595326,3232.27247799961,81681.5885851876
ARID2,NF1,854.204430422817,1143.91761506436,0.001,0.001,0.844977322029974,0.885075861436022,0.747902279875395,2.90428032208648e-07,0.267985502686893,1.08374531195434e-06,830.373433541039,1126.30141113452,6,8,0,172,186,339.480189676756,1731.2035876715,522.690279758439,2129.74134420057,,10001.3950660396,,18838.7149566863
ARID2,NRAS,836.257005579168,2942.9877073286,0.001,0.000999999999976353,0.958835408712975,0.968162067854673,0.928310081746436,4.93741283835595e-08,0.0623545305900325,7.9182904459956e-07,830.373433528459,2895.6291565585,6,2,0,178,186,332.364381189383,1694.68595638894,489.350368159017,9087.77477247375,,46701.05429972,,183322.042526528
ARID2,PBRM1,697.26826283638,693.321509440212,16636.3568544573,0.001,0.989431652982299,0.999445110001997,0.238162193295377,1.09883013511661,0.134557587528653,8.16624432184193,830.373433528459,684.572099403551,5,3,1,177,186,250.032752928201,1498.71323551821,215.235411771402,1610.72667770353,901.724491843443,95479.1276862056,,47450.2364622717
ARID2,PIK3CA,845.433304640105,935.672326683275,0.001,24433.7790486617,0.988461133732102,0.892275864465492,0.0557660367885665,2.07478491777143,0.279446560426734,7.42462141814553,830.373433542876,1233.51236682237,4,6,2,174,186,336.001654967168,1713.30883676029,371.864088721864,1896.19317690542,,30775.6000979429,3777.97981652431,97485.8904231662
ARID2,POLE,835.593315000462,266.520512170296,0.001,9191.2826650467,0.994593876741233,0.908821276011668,0.185774278157466,1.05699561825302,0.102393318387833,10.3228964047191,830.373433528459,394.372924241964,5,2,1,178,186,332.09864096705,1693.31269565009,44.3169768593554,823.029045801002,,89865.5350374571,508.187946901746,46611.691345749
ARID2,PTPRT,823.031111822892,188.206335357297,1361.33013073267,2226.56332747728,1,1,0.374461688665756,1.07734761686369,0.206816536380974,5.20919475645373,830.373433528459,217.07804656352,5,5,1,175,186,317.44604063388,1686.49695616317,67.5654724816336,403.816052332519,,38700.7103706483,,12480.0375142309
ARID2,RASA1,839.900163177822,400.498580468164,0.001,7442.87923270116,0.991710895636955,0.899932786513475,0.295077800552234,1.08981157063234,0.167617304829235,6.50178435778226,830.373433542876,494.314011225175,5,4,1,176,186,333.810240211004,1702.07747861685,124.327940838719,930.476983342656,,42714.7118958895,411.715974517744,37655.9231362184
ARID2,ROS1,842.222508725546,602.090850253723,0.001,8678.80756648649,0.993064158446667,0.930973549477905,0.360468745561384,1.06899173958187,0.197561354961441,5.41093545238395,830.373433543126,713.137975253956,5,5,1,175,186,334.730672760219,1706.79187645094,215.896264151229,1294.16886778177,,34257.100986083,480.15739026758,43865.185904232
ARID2,SF3B1,702.788370547369,2211.60675422021,8593.05876302097,0.001,0.945246382179391,0.99313484710284,0.41188982798719,1.14669317413455,0.244779601560884,4.68459449571141,830.373433528459,2181.50410595226,5,6,1,174,186,252.008866972432,1510.61289724518,950.222940672185,4277.66038026136,477.023646345244,42646.1569440997,,79230.5273953745
ARID2,SMAD4,867.760924249938,2646.46973413453,0.001,0.001,0.76949917173571,0.775750548393356,0.59701767022219,4.31378608542476e-07,0.518515565470369,8.31949197419277e-07,830.373433538928,2601.01344485104,6,15,0,165,186,344.861652549314,1758.72228231872,1522.62393345073,4221.71409461358,,6339.70538253056,,20856.9397405038
ARID2,TP53,928.266307313535,1213.39396726329,0.001,14782.3558256888,0.970659410595253,0.890591917511806,0.0508116173785041,4.01174356518618,1.31089276003439,3.06031407563875,830.373433543155,1339.34191420772,2,36,4,144,186,368.857385196561,1881.80383026277,858.373236481701,1655.44896596651,,6553.34152766951,3719.76015014881,77628.0017193048
ATM,BAP1,787.750747970121,102.837740277417,0.001,6223.03745671917,0.992806949321322,0.825254015523323,0.127550249508232,1.10650037785318,0.080132792740152,13.8083341415698,784.837961308872,202.577861874037,6,1,1,178,186,338.457253207703,1523.5064562687,5.87031378446181,453.01011187045,,199179.11381002,346.124841981529,30648.4311217453
ATM,BRAF,784.834320982914,0.001,3517.5106406088,20092.2892452362,0.999999819655068,1,0.0323466987048453,1.13012290916226,0.0401807651549711,28.1259678556034,784.83796131057,317.97502214093,6,0,1,179,186,337.221036860796,1517.90612179496,,667.053302086361,,,1117.02985172039,98976.3102268739
ATM,BRCA2,789.705026116852,417.280246324696,0.001,28105.065710656,0.993823593564903,0.870573941771644,0.0143902898874724,2.14221667085166,0.159251214696757,13.4518074159172,784.837961305488,823.569755965533,5,2,2,177,186,339.310640279509,1527.35890087061,69.3836602582417,1288.53992883696,,84472.76673305,4421.67276588155,104183.74774453
ATM,ERBB2,794.252567196446,1138.84604065234,0.001,0.001,0.920640159862736,0.912589365010002,0.840176546835278,2.26647539113673e-07,0.203074759488927,1.11607931819824e-06,784.837961314442,1118.09175224413,7,5,0,174,186,341.260200666826,1536.17315174617,408.37694927066,2447.88174109613,,19648.5347273405,,24820.4678431904
ATM,ERBB3,319.462623112111,1226.66300625365,0.001,0.001,0.978379063631962,0.98572997789801,0.964418462711559,7.11810249527656e-08,0.0352012517507985,2.02211630020091e-06,315.97818237392,1217.82820391089,2,2,0,121,125,53.1187806992711,986.505726786875,203.965271206468,3787.96357137527,,34251.6507079591,,200828.488803148
ATM,ERBB4,564.445608600333,288.214984961396,27859.2227722992,0.001,0.784720108435962,0.993748426576645,0.0189017167122796,2.35757354374042,0.208190285228835,11.3241285065202,784.837961308009,284.405642526536,5,3,2,176,186,202.387102271152,1213.10621395098,103.348545299039,619.4702409643,4226.57208480485,122414.749648632,,17492.7740038498
ATM,FBXW7,787.717493310769,266.992455888807,0.001,39118.6187973973,0.991625543858582,0.682084827947492,0.00532081947823948,2.30029183221409,0.125970751085326,18.260523275407,784.837961305488,791.304900198154,5,1,2,178,186,338.456973732127,1523.49888752965,15.2341357914748,1175.61617602164,,213232.190910752,6153.94526289948,145004.750762592
ATM,FGFR2,,,,,,,,,,,,,7,0,0,179,186,,,,,,,,
ATM,GNAS,813.374199600947,1783.01402154016,0.001,11236.8068552531,0.927945466440189,0.757936060507693,0.610075231772651,1.10144087307183,0.414945707996574,2.65442165528055,784.837961318978,1947.74647116957,6,9,1,170,186,349.448244680278,1573.36470526018,856.558331585909,3215.39992811371,,10196.54062461,624.315255248496,55534.8153259402
ATM,IDH2,,,,,,,,,,,,,7,0,0,179,186,,,,,,,,
ATM,KMT2C,796.432396246686,492.456408100409,0.001,13265.7962009136,0.989650016873347,0.86812141368681,0.053351818815304,2.1887212832731,0.286278700463466,7.64542133148469,784.837961306556,680.32175087073,5,5,2,174,186,342.194503603715,1540.4079630927,176.586465724062,1058.52126407465,,31170.450152619,2088.16131928781,49089.8052384031
ATM,KRAS,475.034070362274,12158.6569640785,6651.99732867967,1831.73067132232,0.856979587590762,1,0.0785629255667455,3.05613635942469,0.763758728900977,4.00144213582,784.837961310215,12046.8596046311,4,18,3,161,186,147.491221214614,1103.83540424608,7661.73621769906,18144.6750391107,1565.19776378751,18273.8027708891,,227811.398625892
ATM,MED12,797.065358474485,624.75551331364,0.001,16799.7446192817,0.98453348177265,0.809253224008145,0.0534958411484679,2.15698922899036,0.287851277814129,7.4934155073759,784.837961309685,862.991427760396,5,5,2,174,186,342.473506359942,1541.68827467109,224.003998659113,1342.82573728379,,29576.652630862,2638.02157184089,62469.5778002635
ATM,NF1,805.569504206644,1000.65365200584,0.001,8970.03208121178,0.942686066354428,0.725811311363492,0.48812826353377,1.1803461906236,0.327330052507532,3.6059817348926,784.837961313856,1126.30141113038,6,7,1,172,186,346.107659900325,1558.18658089233,429.917438941294,1935.55979569808,,13876.8372068906,498.607944837368,44227.4211831781
ATM,NRAS,789.945363404162,2949.90458394074,0.001,0.001,0.955977045752577,0.963657065698874,0.921236358388836,6.02860135940709e-08,0.0726381716660971,8.29949490898441e-07,784.837961308414,2895.6291565585,7,2,0,177,186,339.412199291625,1527.83306994453,490.493827844866,9109.05949067387,,41387.6753902996,,159027.403202828
ATM,PBRM1,789.192573859205,346.614190987213,0.001,24582.1389433873,0.996619867022014,0.898696645210878,0.0130821758840579,2.24177482497547,0.167126229340578,13.41366243839,784.837961303824,684.572099396016,5,2,2,177,186,339.09058555877,1526.35676592498,57.6338773275018,1070.33217839283,,92677.7247492734,3866.67526602511,91169.5863172668
ATM,PIK3CA,798.749786967799,937.093048516565,0.001,21812.6005696275,0.984018403760934,0.803222339590089,0.0656302833269412,2.25505377494955,0.330893572300546,6.81504255060391,784.837961306556,1233.51236682595,5,6,2,173,186,343.188553052775,1544.90546413634,372.433546609068,1899.09215488217,,25392.2080061704,3433.92212919417,80674.7753738
ATM,POLE,788.97123913817,133.159460956377,0.001,18350.3299386057,0.981805704902633,0.547877814799776,0.00593088452259617,2.19599088425758,0.121203076221074,18.1182768022496,784.837961303824,394.372924241964,5,1,2,178,186,338.98772643244,1525.9248628928,7.59858559336615,586.38170698753,,148368.946753589,2887.65190985959,67951.3081271353
ATM,PTPRT,795.336115330383,146.623494268598,0.001,5025.71323963263,0.980087166672302,0.71551626675851,0.0365998376324775,2.21702639549764,0.250804930082438,8.83964439921064,784.837961305488,217.07804656308,5,4,2,175,186,341.723902172973,1538.30745671813,45.5170067709271,340.649263526859,,34578.8315791611,790.607598015401,18633.493265839
ATM,RASA1,792.98367289734,300.248834353468,0.001,14595.4468022145,0.979607789092294,0.620309477681557,0.0215108074712511,2.27822265712691,0.210393106508105,10.8284092332614,784.837961306592,494.314011218682,5,3,2,176,186,340.71031671254,1533.70833220794,74.6654973525719,778.64424415661,,43543.9618297954,2289.55648408222,54655.9627724272
ATM,ROS1,795.10642290609,482.047487409182,0.001,15634.1574782888,0.985765600048765,0.819594567132304,0.0407556050648857,2.08314075330092,0.239865057080995,8.68463618107372,784.837961303824,713.137975254594,5,4,2,175,186,341.624297124942,1537.84937219182,149.644601776733,1119.93297542414,,36122.8444798612,2459.49865951731,57975.3392051378
ATM,SF3B1,796.853490441259,1578.19061215822,0.001,44423.4581800705,0.982554741059146,0.763003887906498,0.048894155787697,2.26954140541738,0.292812439395826,7.7508367134273,784.837961309685,2181.50410589758,5,5,2,174,186,342.370903232468,1541.22270172863,565.910885860545,3392.2849895327,,29794.0667515149,6993.51694980894,164282.342996597
ATM,SMAD4,818.034628586107,2468.41627980736,0.001,10049.9370944188,0.98235158734431,0.948482212193382,0.819075659243557,1.09474929519419,0.60116793359005,1.8210374073956,784.837961307277,2601.0134448262,6,14,1,165,186,351.471117732117,1582.40389883866,1390.29981698184,3997.21952189797,,9391.03977088964,559.112744704318,49342.3942571316
ATM,TP53,881.074982799409,1293.1164887454,0.001,3892.57067950672,0.976701313664543,0.961024145429513,0.866630261207056,2.09313672009484,1.55273090285728,1.348035719675,784.837961311803,1339.34191423174,5,38,2,141,186,378.477388246661,1704.74451033236,923.625871108446,1750.6204408717,,4223.87896525523,614.962014888079,14219.6707085183
BAP1,BRAF,202.51366656749,0.001,118991.68413136,97057.089170255,0.99999728729477,1,0.00767612023656356,1.02891199225273,0.0112838718779609,91.184302992872,202.577861874828,317.975022141639,1,0,1,184,186,33.6734687703201,625.336177217652,,1029.85898789736,,,4755.254191037,1613634.88130916
BAP1,BRCA2,0.001,823.708729658183,28926.8654085213,8523.54341463678,1,0.999998945453991,0.000268033748826166,1.98636488033229,0.0447295388226832,44.4083469808762,202.577861874828,823.569755960804,0,2,2,182,186,,219.047365531552,255.717494439782,1913.57558744319,4194.93945570844,166811.256521243,,
BAP1,ERBB2,205.0826030319,1125.46290632719,0.001,0.001,0.975810829170892,0.96785793733135,0.944447649594121,1.68476817684663e-07,0.0569344905829342,2.9591345414648e-06,202.577861873574,1118.09175224896,2,5,0,179,186,34.1005683639495,633.28422250373,403.58198255633,2419.0431579722,,17154.4416241144,,81652.1896716582
BAP1,ERBB3,148.08395775288,1223.88059596233,0.001,0.001,0.990309313014457,0.990183790235019,0.98058856351581,6.66039342055516e-08,0.0172589408493084,3.85909742591306e-06,146.645138584373,1217.82820391089,1,2,0,122,125,8.44939654377799,652.045066353942,203.501764203235,3779.34866846096,,35733.0444558211,,418790.816846591
BAP1,ERBB4,102.218491896172,285.597650707775,10278.1878298635,0.001,0.682246336579659,0.991482658658988,0.0794564257236642,1.22145440558572,0.0579451381851134,21.0794976738794,202.577861874037,284.405642527077,1,4,1,180,186,5.8324355415632,450.080480366725,102.413476416906,613.85085830112,563.585403574278,54594.1721690833,,86024.7621996846
BAP1,FBXW7,0.001,791.746566585989,49483.143636495,13383.774554792,0.661387683558194,0.999998280425086,0.000120817970087109,1.98641635733265,0.0350662950205631,56.647454661743,202.577861874828,791.304900173749,0,1,2,183,186,,223.492942631895,196.895694433246,2053.12344034695,6348.11595005551,753620.249275209,,
BAP1,FGFR2,,,,,,,,,,,,,2,0,0,184,186,,,,,,,,
BAP1,GNAS,209.992526744832,1963.47189569485,0.001,0.001,0.930872810325667,0.924421613518593,0.860532720514428,3.30675856507687e-07,0.118354611665038,2.79394145995385e-06,202.577861874013,1947.74647111239,2,10,0,174,186,34.9159627982797,648.493676417349,983.617385469175,3445.03798272277,,5715.33312341673,,59453.8191733525
BAP1,IDH2,,,,,,,,,,,,,2,0,0,184,186,,,,,,,,
BAP1,KMT2C,102.943927347517,682.664655391402,5952.55943767309,0.001,0.857053736759884,0.993668140444549,0.132452435859906,1.06260928317251,0.0800182822567659,13.2795812807224,202.577861874392,680.321750869345,1,6,1,178,186,5.87410503159121,453.303892346082,293.329795850666,1320.4161880404,333.12481653274,29526.2501161471,,176642.169110408
BAP1,KRAS,107.205340191684,12104.9020037279,1812.23420368473,0.001,0.729459146138321,0.958707632425176,0.376759824724084,0.993251935474964,0.222805906189929,4.4579246235433,202.577861873608,12046.8596037787,1,20,1,164,186,6.11682587903599,472.077276507642,7635.04309424089,18054.1995482502,102.604579819213,8218.93168337044,,702580.469001631
BAP1,MED12,103.073983892598,867.811436354828,5601.97261218277,0.001,0.651355777527522,0.979003264227656,0.139414554126144,1.0177867339473,0.0807628922253667,12.6021580691686,202.577861874828,862.991427762167,1,6,1,178,186,5.8812035276491,453.854964995624,372.852610977657,1678.54372496522,311.018227748461,27779.6480802565,,132633.473312226
BAP1,NF1,143.886934309297,1074.88864878873,2637.81436519513,16713.1287412732,0.941757295460248,0.955710024712544,0.176380027779662,0.934795385215355,0.0922399645848346,10.1343857776052,202.577861873424,1126.30141113465,1,7,1,177,186,9.01959012890761,562.743970712294,470.921764007561,2043.15751036301,,18565.5660675953,,387486.512362073
BAP1,NRAS,203.80433841102,2909.36137095527,0.001,0.001,0.988031802489079,0.990605779322177,0.978750202257582,5.65020661539651e-08,0.0212096205202762,2.66398288927186e-06,202.577861874828,2895.6291565585,2,2,0,182,186,33.8881172040623,629.331220987609,483.764452756052,8983.75257641936,,40039.3648095859,,730104.244370693
BAP1,PBRM1,102.136705631066,687.610791143304,11207.2275666022,0.001,0.750377314344022,0.992732034369551,0.0741089187540237,1.05127140721924,0.046562792050141,22.5774993494201,202.577861874828,684.572099396016,1,3,1,181,186,5.82764731402003,449.711805835342,213.461339391363,1597.42325977809,606.792501412116,64757.0641668491,,246525.744842198
BAP1,PIK3CA,103.311514303362,1237.5057073698,4974.19309069053,0.001,0.937241210304835,0.995388848942351,0.157992593223089,1.04251928889157,0.0921862880865042,11.3088324796558,202.577861873424,1233.51236680758,1,7,1,177,186,5.89476122113368,454.90205910456,565.486248212293,2303.7650213678,277.52939582148,24074.2693280145,,308228.747840913
BAP1,POLE,101.96799789963,395.736688107146,13673.1988080133,0.001,0.986391530092742,0.997624233718361,0.0634660941961057,0.905009261673552,0.0341430188997777,26.5064218348731,202.577861874828,394.372924241964,1,2,1,182,186,5.81812400021346,448.977617747211,98.4133916174373,1026.22004654387,715.883649178219,101832.934848747,,239175.333967244
BAP1,PTPRT,102.801475055883,218.022456615692,6540.26563106527,0.001,0.778863351564977,0.989163742908986,0.12225145245085,1.00819910267462,0.0700002035490735,14.4028024428219,202.577861874828,217.07804656352,1,5,1,179,186,5.86566394809443,452.653912784881,86.6500225776587,441.83635597146,360.721006146979,33587.4114177296,,50960.76515886
BAP1,RASA1,102.563083642973,496.73489446086,7683.18157937893,0.001,0.744328509220724,0.98789135876858,0.105278964370808,0.96969067636094,0.0586323373370267,16.5384959973031,202.577861874828,494.314011225175,1,4,1,180,186,5.85201973990361,451.598636757482,178.119704742273,1067.73445577034,420.873513764417,41093.4168977884,,123958.568294744
BAP1,ROS1,102.783262352781,715.823649908049,6614.69972055139,0.001,0.846217942688006,0.992960590867799,0.121344634568087,0.986564131420945,0.0676401351704882,14.585484327231,202.577861874828,713.137975256695,1,5,1,179,186,5.86460291151854,452.571541127729,284.497378642517,1450.64329682671,364.892284244314,33926.9341845985,,194146.633733514
BAP1,SF3B1,103.035089537216,2190.25159140862,5713.11069488687,0.001,0.816278651858768,0.990202833505911,0.138444946224782,1.0398570702138,0.0812715921331593,12.794840643826,202.577861874828,2181.50410595226,1,6,1,178,186,5.87901787591225,453.685727136719,941.060542621605,4236.24118188631,317.0982099043,28366.0796537758,,491754.624192296
BAP1,SMAD4,211.639917201683,2618.01907102491,0.001,0.001,0.916505893321879,0.908616389256691,0.832766922602237,4.59372019818993e-07,0.168055465239537,2.7334548100785e-06,202.577861873769,2601.01344485104,2,15,0,169,186,35.189130897634,653.564193190471,1506.32957448533,4176.21277955442,,4656.41078624878,,63912.7618106458
BAP1,TP53,0.001,1339.64205465408,1872.54775197591,1236.21854826794,0.794501211427548,0.999999120526769,0.0435089573246795,2.06037907835301,0.440763176748336,4.67457171343837,202.577861873893,1339.34191420584,0,38,2,146,186,,242.168445328806,965.550507183394,1800.25737073215,309.216242673232,5887.24041999391,,
BRAF,BRCA2,0.001,823.525548392953,37697.403516966,5836.79279775482,1,0.999999809747003,0.0177599139312857,1.08373549557088,0.0227999506775643,47.5323614027509,317.975022141215,823.569755965533,0,3,1,182,186,,658.130265599161,255.660390293314,1913.15500219953,2042.18813452422,217099.571538547,,
BRAF,ERBB2,322.01997972843,1120.99008926429,0.001,0.001,0.987454873744406,0.987213817753152,0.974829345575645,5.67943216588096e-08,0.0278081091823833,2.04236545844653e-06,317.975022141713,1118.09175224896,1,5,0,180,186,18.3739866392736,1417.89241947688,401.981368013377,2409.39237419965,,52369.9092119986,,294236.712049657
BRAF,ERBB3,,,,,,,,,,,,,0,2,0,123,125,,,,,,,,
BRAF,ERBB4,0.001,284.425834413551,30075.5558502724,4912.21597072134,0.996373477953751,1,0.0218448690011172,1.12990336444985,0.028461994909948,39.6986707370582,317.975022141215,284.405642525376,0,4,1,181,186,,730.630220666826,101.9998443101,611.356716482979,1658.00274393603,160052.77546963,,
BRAF,FBXW7,0.001,790.977670406087,53978.8533547814,11687.4850338535,1,0.999999435906502,0.0127530401474487,1.06827004106156,0.0171326691889615,62.3528085016573,317.975022141639,791.304900181838,0,2,1,183,186,,678.882532590745,196.704287518669,2051.13942834518,2850.42732589353,382952.25684689,,
BRAF,FGFR2,,,,,,,,,,,,,1,0,0,185,186,,,,,,,,
BRAF,GNAS,327.789109457895,1953.13098998514,0.001,0.001,0.970097320197308,0.973392770270479,0.944287649776777,1.07318589859413e-07,0.0575136767240777,1.8659664269818e-06,317.975022141713,1947.74647114117,1,10,0,175,186,18.7029748904533,1443.34324932143,978.459634486011,3426.76671916324,,21102.7228636638,,242750.563293524
BRAF,IDH2,,,,,,,,,,,,,1,0,0,185,186,,,,,,,,
BRAF,KMT2C,0.001,680.108299829799,16714.7975094285,1912.51061882823,1,0.999999749855252,0.0389663561236149,0.961890903098938,0.0402803548817895,23.8799014040912,317.975022141639,680.321750874999,0,6,1,179,186,,657.847984511965,292.247121973545,1315.51148938629,927.299975542035,83171.6658147177,,
BRAF,KRAS,0.001,12044.2014114973,6351.72236441365,804.798326058345,0.907273655286424,0.999999635299768,0.0990245880158228,1.0651959436237,0.107939076161882,9.86849231529613,317.975022141991,12046.8596046502,0,20,1,165,186,,644.747142144244,7596.99493780992,17962.833681439,359.618286506877,28807.7674932659,,
BRAF,MED12,0.001,862.690123818695,18899.7233735912,2060.81340265005,1,0.999999531208328,0.0343903564926478,1.04950599955374,0.0392055837930253,26.7692991155115,317.975022141639,862.991427750605,0,6,1,179,186,,647.867597521668,370.666264886191,1668.59715283508,1050.47641444697,93259.0574230943,,
BRAF,NF1,326.448603885705,1129.10531632343,0.001,0.001,0.974074191381369,0.980624398730211,0.955201931971721,9.28674143071961e-08,0.0452483398584866,2.05239384688228e-06,317.975022141713,1126.30141113452,1,8,0,177,186,18.6265013908893,1437.43993890234,515.934972393367,2102.07424093279,,24612.4893549927,,194225.728003516
BRAF,NRAS,320.098310317645,2903.46892288046,0.001,0.001,0.993375924395817,0.994619137420959,0.988030758390069,1.81325253950215e-08,0.0103277650053059,1.75570662052301e-06,317.975022141639,2895.6291565585,1,2,0,183,186,18.2643524511509,1409.4211037673,482.785594825674,8965.53867729824,,114127.130641062,,1825021.30569258
BRAF,PBRM1,0.001,684.479000087204,37509.5032846898,5940.19837096249,1,0.999999731328562,0.0178512258573961,1.07677038163732,0.022663096333209,47.5120595088102,317.975022141215,684.572099396016,0,3,1,182,186,,667.450425275359,212.493571169071,1590.13689299743,2031.96617046754,216058.62738238,,
BRAF,PIK3CA,0.001,1233.24277931436,15249.9594137768,3762.43430678629,1,0.999999668555857,0.0424488796948778,1.03007911871506,0.0468912020356413,21.9674283020536,317.975022141639,1233.51236680758,0,7,1,178,186,,665.308700855782,563.542330870008,2295.79446096137,850.411268895521,73990.9808921438,,
BRAF,POLE,0.001,394.22217362495,48553.9152142754,12914.400522996,1,0.999999076235188,0.0142238299029968,0.988314382604674,0.0171527548946036,57.6184052461221,317.975022141639,394.372924241964,0,2,1,183,186,,754.833618933932,98.0372591498108,1022.2807918285,2555.82205961661,351502.878593099,,
BRAF,PTPRT,0.001,216.996122027528,22865.9803497171,13886.8085449449,1,0.999997809438488,0.0286478168218996,1.08772385744526,0.0345819371221721,31.4535259723165,317.975022141639,217.07804656352,0,5,1,180,186,,939.020182726044,86.2433381239386,439.746587495827,1262.654782142,116709.912787584,,
BRAF,RASA1,0.001,494.046645929139,27119.1685719348,3712.93795972677,1,0.999999010730018,0.024347430662771,1.03329831211902,0.028316342846239,36.4912346813268,317.975022141639,494.314011225175,0,4,1,181,186,,676.867980893905,177.15821755604,1061.92299753011,1487.75876937729,143867.516344368,,
BRAF,ROS1,0.001,712.940997300318,22098.7780539148,2354.46500416667,1,0.999999659480502,0.0296065241741374,1.01711717589243,0.0330988198113295,30.7297112613145,317.975022141639,713.137975252142,0,5,1,180,186,,651.455991517013,283.354177441412,1444.77478209663,1221.54253868027,112212.990933995,,
BRAF,SF3B1,0.001,2180.97837607598,19900.9716798892,5952.47704120235,1,0.99999971804903,0.0326935601436419,1.14324204974387,0.0410908739044758,27.8222860969461,317.975022141639,2181.50410595226,0,6,1,179,186,,649.65964304431,937.096495698361,4218.26190192826,1105.31080579387,98513.5882168368,,
BRAF,SMAD4,332.083522832277,2608.00403936555,0.001,0.001,0.957573625203363,0.961433407553482,0.920646202692589,1.55968637068071e-07,0.0862116566975643,1.80913629365944e-06,317.975022141713,2601.01344485104,1,15,0,170,186,18.9477831747435,1462.27420405473,1500.56987387921,4160.08570261806,,14707.3658137898,,220787.999255287
BRAF,TP53,0.001,1339.28092666392,2860.47442595176,1453.39748585387,1,0.999999933188536,0.21480764240896,1.01364388300121,0.219451684901536,4.61898428100934,317.975022141713,1339.34191420545,0,39,1,146,186,,773.025844901632,965.286493462532,1799.80241359885,162.589171107946,12775.6809330865,,
BRCA2,ERBB2,834.35061031089,1131.38056904617,0.001,0.000999999999997669,0.949640860664873,0.942957519161014,0.895475501991214,1.19887873222023e-07,0.111292083474605,1.07723630899029e-06,823.569755960809,1118.09175223502,4,5,0,177,186,259.01374498062,1938.34688309938,405.701018336481,2431.79513542659,,33072.2320386181,,40273.9314703504
BRCA2,ERBB3,299.373201458103,1223.9169708848,0.001,0.001,0.988218449301789,0.990187043407275,0.978521469571028,3.61814494432775e-08,0.0170361039761384,2.12381008556621e-06,295.836130933536,1217.82820391089,1,2,0,122,125,17.0815422406432,1318.20613479621,203.502137556672,3779.35560481059,,59592.1964915928,,419092.246444802
BRCA2,ERBB4,206.921610554962,285.729548645059,91980.7107986596,0.001,0.640060296039785,0.992449888285727,4.41629537753687e-05,3.15533239831048,0.113274866468085,27.8555384499128,823.569755979859,284.405642527401,1,2,3,180,186,11.8066709455164,911.099002340432,102.461189484718,614.133500025244,19036.3432909413,505804.328540731,,104774.065377563
BRCA2,FBXW7,823.68735936417,0.001,90346.2441534152,179656.756791786,0.999997260566652,1,2.62138919916087e-06,2.88606954620228,0.0681035709174905,42.3776537312388,823.569755960804,791.304900173749,1,0,3,182,186,255.708561604553,1913.50690144914,,1032.6097514343,,,31002.4766197338,2780254.42471223
BRCA2,FGFR2,,,,,,,,,,,,,4,0,0,182,186,,,,,,,,
BRCA2,GNAS,635.399697349181,1967.38284830399,7192.62344380027,0.001,0.93152799914959,0.987401951279823,0.451523744552859,0.951531663866787,0.227049949692995,4.19084727899477,823.569755964486,1947.74647115592,3,9,1,173,186,158.009459830459,1647.80822425245,985.570832783942,3451.92456934445,403.374449305206,33982.8125891291,,69797.3709250601
BRCA2,IDH2,,,,,,,,,,,,,4,0,0,182,186,,,,,,,,
BRCA2,KMT2C,834.608003651395,389.83048660616,0.001,70416.6973790703,0.986220239366214,0.731896596132766,0.000254309121177962,3.01499739932125,0.160119663908272,18.8296510605247,823.569755979859,680.321750874166,1,4,3,178,186,259.096139076209,1938.97823175208,121.019231543458,905.654462461258,,62476.7110910987,11885.2357569451,1143181.17914862
BRCA2,KRAS,651.388242791096,12176.2816266579,3930.54901660682,0.001,0.827563061918736,0.948129131496925,0.669558314570974,1.03666802812609,0.433418771057493,2.39183924959396,823.569755957691,12046.8596037787,3,20,1,162,186,161.982124684909,1689.3456167466,7679.85780090154,18161.2221581774,222.560901019255,17819.4786945582,,191001.545782409
BRCA2,MED12,208.206735686609,866.985626366273,46098.788507124,0.001,0.570407967054316,0.978079832518159,0.000246935363578161,3.01332017341436,0.156250523941503,19.2851844422774,823.569755965533,862.991427761495,1,4,3,178,186,11.8824001339029,916.957932064543,372.476452007946,1676.81738478079,10397.5057345364,162210.656157911,,151391.925936631
BRCA2,NF1,841.653816351986,849.45118589562,0.001,38868.9350702953,0.991427788050387,0.7239376790065,0.0230937594168251,1.94032105172441,0.179401497976614,10.8155231344687,823.569755961123,1126.30141113006,2,6,2,176,186,261.278901003131,1955.40844558788,337.596715356977,1721.51983211355,,39351.0048688876,5590.57061421902,224235.53337401
BRCA2,NRAS,829.47820470926,2925.29686803201,0.001,0.001,0.971954968656524,0.979865827046363,0.952386323669266,3.23508904953324e-08,0.0408676021176307,7.91602365174636e-07,823.569755961228,2895.6291565585,4,2,0,180,186,257.50458027334,1927.02847918464,486.414200740352,9033.09154669453,,68625.5218989286,,300843.333498382
BRCA2,PBRM1,413.863909985536,689.238317562957,65243.342168168,0.001,0.673576290013273,0.992149176277963,0.00332695935880761,2.12759401181292,0.0902433680879302,23.5761813515189,823.569755965533,684.572099396016,2,2,2,180,186,68.8165138385691,1277.97795617647,213.967989355794,1601.22196466847,9481.18387372274,378131.987235237,,110968.576896109
BRCA2,PIK3CA,838.358912138838,930.328933348571,0.001,45047.7458084454,0.991124394582459,0.876770084824336,0.0206844418074445,2.03724995976955,0.185343197961374,10.9917708455323,823.569755959409,1233.51236681546,2,6,2,176,186,260.259130191337,1947.70577255368,369.749089717382,1885.35087890622,,45675.1152848338,6504.38500239221,268548.184561569
BRCA2,POLE,826.626107173384,132.236596255916,0.001,36390.0522334608,0.995282846068772,0.88955220553253,0.00192649920062092,1.96226064294849,0.0680059320275458,28.8542570397194,823.569755965533,394.372924241964,2,1,2,181,186,256.62035691011,1920.36912470595,7.5452977967766,582.263325272605,,386923.225980846,5221.1583100738,221055.955343434
BRCA2,PTPRT,791.163587699865,152.998548566593,3545.98941631447,8492.37294721346,1,1,0.0142748431538635,1.8766495684262,0.137804452566551,13.6182070569882,823.569755979859,217.078046562869,2,4,2,178,186,219.160878560448,1892.50254635192,47.5790371528164,354.355580578321,,82094.0756282927,657.728090440928,55433.9257634665
BRCA2,RASA1,415.187196994422,497.625910533453,42758.4186333207,0.001,0.705724417885574,0.987430789080653,0.00690897100328331,2.05372276052285,0.11234734540436,18.2801182629737,823.569755979859,494.314011225175,2,3,2,179,186,69.038553895948,1282.11557969906,178.434351702616,1069.62190579035,6475.09944629484,190357.503912434,,59904.0434129713
BRCA2,ROS1,416.688101432828,717.482426052148,31105.9050971446,0.001,0.927985789655363,0.993957499954931,0.0122823274086923,1.94425688963697,0.132884188504081,14.6312131753528,823.569755965533,713.137975250182,2,4,2,178,186,69.285489577525,1286.71912115935,285.15652435497,1454.01227353441,4814.28020408341,123827.362323596,,83789.7302180826
BRCA2,SF3B1,417.423812179946,2195.11487372084,27459.1929620051,0.001,0.832167026767627,0.990605765551624,0.0150964809741779,2.13655565689828,0.162205579271142,13.1718999216841,823.569755965533,2181.50410595226,2,5,2,177,186,69.4078093399089,1288.99352692377,943.149632945002,4245.6689718896,4308.51452806948,102732.508440858,,218018.738004233
BRCA2,SMAD4,861.142866869335,2632.33745707675,0.001,0.001,0.837389615199606,0.839031699159617,0.702639035293429,2.85796990913412e-07,0.343485070348337,8.32050693276355e-07,823.569755963864,2601.01344485104,4,15,0,167,186,267.322480151021,2000.80177032684,1514.52456451477,4199.09892769118,,9295.55752793321,,31107.1955771034
BRCA2,TP53,384.132259978869,1321.61316315951,4385.38135048206,5899.28498846235,0.956020875199831,0.991532975054464,0.0721742721784008,2.99362172814979,0.876885948361265,3.41392370780295,823.569755961228,1339.34191420696,1,37,3,145,186,23.7512702141751,1476.47314072986,947.154096891456,1783.16121184698,186.237810630005,13574.0980050626,,122411.42144157
ERBB2,ERBB3,976.844578150815,1230.117339171,0.001,0.001,0.975528369493107,0.954831974858359,0.956291960518651,4.92961525419555e-08,0.0522651727976951,9.43193141879931e-07,968.751723989345,1217.82820391089,3,2,0,120,125,242.918594355676,2533.11219540539,204.532694394237,3798.53238023568,,93005.4936874891,,134117.60246918
ERBB2,ERBB4,1131.40984370179,287.443110790894,0.001,0.001,0.942829075469647,0.948566858914394,0.894340581233305,3.42011414586688e-07,0.151477066136638,2.2578428755557e-06,1118.09175224869,284.405642525506,5,5,0,176,186,405.7118292473,2431.83213593016,103.074835413789,617.823320277925,,39318.2893118493,,11158.2721009801
ERBB2,FBXW7,1128.41226211215,799.966530208627,0.001,0.001,0.955320901906668,0.96806692949055,0.924817277760935,1.00633655433086e-07,0.0914597752547732,1.10030508114368e-06,1118.09175223502,791.304900196252,5,3,0,178,186,404.63905855575,2425.40430980326,198.937457126866,2074.49251136613,,53654.0112338194,,50522.4214186618
ERBB2,FGFR2,,,,,,,,,,,,,5,0,0,181,186,,,,,,,,
ERBB2,GNAS,1164.08936903773,1970.67812122026,0.001,0.001,0.81838577368095,0.893081881048421,0.730927406358262,2.2423771128691e-07,0.305995936361046,7.32812709716284e-07,1118.09175224362,1947.74647112753,5,10,0,171,186,417.399082675168,2502.43051364801,987.230884912259,3457.65631385113,,11277.17733773,,35638.8260915144
ERBB2,IDH2,,,,,,,,,,,,,5,0,0,181,186,,,,,,,,
ERBB2,KMT2C,1137.73646839209,688.72720798709,0.001,0.001,0.917056566646543,0.918409725418042,0.842244334843272,2.45341136932351e-07,0.201715233123409,1.2162747113018e-06,1118.09175223502,680.321750873772,5,7,0,174,186,407.978347373811,2445.47373214733,295.916027898337,1332.10712149518,,26210.8128763611,,16553.2175311491
ERBB2,KRAS,1186.34850577077,10990.8696278266,0.001,118604.578796159,0.961457818335118,0.777596222327959,0.209853809515162,2.03805506072231,0.555119967878375,3.67137768167771,1118.09175223968,12046.8596037575,3,19,2,162,186,425.376624434791,2550.32072329479,6757.73728953912,16707.6903323256,,15219.6300619399,17993.4612590016,522950.856630416
ERBB2,MED12,1141.70982565499,873.125231532901,0.001,0.001,0.901276463647349,0.922577817451353,0.831511765817812,2.23689676654044e-07,0.211233326819332,1.05896962388594e-06,1118.09175224896,862.991427763085,5,7,0,174,186,409.398912997354,2454.07521601586,375.137218293326,1688.81724708174,,21932.7989018718,,22147.1489158583
ERBB2,NF1,1149.94000549066,1139.04070494529,0.001,0.001,0.86966217395769,0.915604872531873,0.796287910535417,2.18506877942143e-07,0.236884109077024,9.22421004910441e-07,1118.09175223674,1126.30141113714,5,8,0,173,186,412.340465210881,2471.85929354634,520.467071370995,2120.62371293279,,16270.1750581875,,26438.154929415
ERBB2,NRAS,1124.9535071551,2931.77345892988,0.001,0.001,0.970057208399332,0.975583441207016,0.946372763038138,3.28939074681909e-08,0.0521469959322289,6.30791992523219e-07,1118.09175224896,2895.6291565721,5,2,0,179,186,403.39865530748,2417.93429191,487.481339711807,9053.00166059704,,88013.4801670969,,246300.309059282
ERBB2,PBRM1,1131.06372189559,692.050993013633,0.001,0.001,0.944241929717088,0.957737279661131,0.904339567381402,1.47115353498276e-07,0.122193839551527,1.20395065772722e-06,1118.09175224896,684.572099404925,5,4,0,177,186,405.588074573175,2431.11047583517,214.84188394185,1607.76748213223,,41173.0536658705,,32833.8171814752
ERBB2,PIK3CA,1140.83983385233,1089.59330896543,0.001,14921.4287658382,0.987379292682093,0.870097314208291,0.36875560002944,1.17464807229452,0.229545074968835,5.11728719273979,1118.09175223962,1233.512366808,4,7,1,174,186,409.087779862076,2452.1807054008,468.151869968658,2107.44030586834,,38501.2922568322,817.90989608217,79252.9947597399
ERBB2,POLE,1129.62912392651,399.287677005371,0.001,0.001,0.950241126367383,0.9637418229747,0.915790461791967,1.4968849370179e-07,0.0856129733983698,1.748432366731e-06,1118.09175224896,394.372924242354,5,3,0,178,186,405.073139265121,2428.04092121951,99.2958941230577,1035.44689094616,,48508.9509650147,,22142.0770611407
ERBB2,PTPRT,1140.05162824977,219.64135201518,0.001,0.001,0.907826858649615,0.932831565959753,0.846861010242229,5.10766595357079e-07,0.180017272764552,2.83731992776672e-06,1118.09175224896,217.078046563346,5,6,0,175,186,408.803281660861,2450.5159875019,87.2928956667122,445.120863630066,,23833.6772643166,,6459.61469586568
ERBB2,RASA1,1136.80220780332,499.517230197846,0.001,0.001,0.920628702048578,0.949650968707668,0.874283978740522,2.31385902075762e-07,0.154362282384584,1.4989795337392e-06,1118.0917522479,494.314011219031,5,5,0,176,186,407.653410382627,2443.58304054572,179.116357588435,1073.70318107867,,28144.8323063589,,19849.7828462369
ERBB2,ROS1,1138.97731820746,721.293548345477,0.001,0.001,0.912090206654565,0.934806841433316,0.852638481968356,2.07101626633656e-07,0.175413292756057,1.18064955842125e-06,1118.09175224362,713.137975253158,5,6,0,175,186,408.41904210107,2448.18634979072,286.66868426767,1461.74588009769,,25025.9077408108,,21890.1239302493
ERBB2,SF3B1,1141.873566781,2207.84429840797,0.001,0.001,0.900647173182027,0.92038478507509,0.828955182933821,1.43437888481743e-07,0.206042370123375,6.96157243754546e-07,1118.09175224896,2181.5041059639,5,7,0,174,186,409.456609607634,2454.42442563294,948.609961413096,4270.33891343473,,21787.1716090094,,54517.0905571274
ERBB2,SMAD4,1165.98136690706,2454.66459030239,0.001,14856.9444859548,0.979523979127457,0.639264435038095,0.658746711652726,1.0629523264885,0.415320687689201,2.55935318898429,1118.0917522479,2601.01344484904,4,14,1,167,186,418.087535486033,2506.38899415262,1382.63320115299,3975.06830526585,,18299.7230673516,813.446343463021,79591.9699244652
ERBB2,TP53,1256.41145297473,1284.22160795338,0.001,6421.82858749061,0.946945384037343,0.858538930306471,0.556111389211057,2.14891002742316,1.11325337186181,1.93029734446644,1118.09175224215,1339.34191421611,3,38,2,143,186,450.452491706392,2701.47157689817,917.314041786923,1738.48246313165,,8079.5261377326,979.835372490554,27755.2731010737
ERBB3,ERBB4,1224.41278263373,162.457513376719,0.001,0.001,0.989352209634612,0.981800830685798,0.971347307979496,1.27075657708337e-07,0.035673429374265,3.56219348510433e-06,1217.82820391089,160.969246922899,2,2,0,121,125,203.590237301021,3780.95611904952,27.0130315538043,501.662363722607,,270496.623100176,,20842.4254312962
ERBB3,FBXW7,1223.88107430124,375.854734702992,0.001,0.001,0.990177538403726,0.991218871074961,0.981483021031661,3.22174447445721e-08,0.0181791750910932,1.77221708813162e-06,1217.82820391089,372.542639929324,2,1,0,122,125,203.502107550637,3779.35504509067,21.4455266178684,1654.98397748039,,418216.670364143,,101023.739884437
ERBB3,FGFR2,,,,,,,,,,,,,2,0,0,123,125,,,,,,,,
ERBB3,GNAS,1262.02080901838,1724.28421177443,0.001,0.001,0.931520519826404,0.947169811198954,0.882324411749524,8.10935116368847e-08,0.111265215281582,7.28830761992047e-07,1217.8282038786,1708.30444763858,2,6,0,117,125,209.830440693945,3897.60268400311,685.116574941367,3495.89313876109,,35429.7392411619,,76010.7721208935
ERBB3,IDH2,,,,,,,,,,,,,2,0,0,123,125,,,,,,,,
ERBB3,KMT2C,611.438683280112,277.059750799919,115726.516840392,0.001,0.75309663781613,0.998718120885093,0.048290464688657,1.01338339967681,0.0351459689030149,28.8335599019404,1217.82820391089,275.51368451427,1,1,1,122,125,34.8856811845891,2692.11390498443,46.0672737528373,855.539325847072,5686.51600135441,1829715.06557871,,151876.074638478
ERBB3,KRAS,1295.31123312224,12757.2957656354,0.001,0.001,0.884340409343487,0.932596643000597,0.824759285297616,1.09291659975124e-07,0.234174136880837,4.66711061395899e-07,1217.82820391089,12694.577923693,2,15,0,108,125,215.361644342987,4000.5732661291,7337.32050636724,20360.286355343,,20029.7167193117,,446680.421737551
ERBB3,MED12,1225.58876483158,176.760956904681,0.001,0.001,0.987418670068889,0.992242601905789,0.979759381550704,5.91773704787177e-08,0.0179337409204526,3.29977837536555e-06,1217.82820391089,175.381149607909,2,1,0,122,125,203.786028051623,3784.68595097977,10.0855617865116,778.347183545521,,325387.614154231,,54488.7381172139
ERBB3,NF1,1252.73916289437,1202.52035864903,0.001,37347.2189226912,0.989514667398792,0.88938506978069,0.202601039079736,1.00067679776125,0.123709617753562,8.08891673850829,1217.82820386706,1396.7252269503,1,6,1,117,125,208.309616799537,3869.04930212494,477.903201072837,2437.48879250415,,70985.3849608879,1815.17271008818,653385.053284848
ERBB3,NRAS,1228.01124574541,4326.78799148302,0.001,0.001,0.98353528760199,0.992137403155007,0.975802500753806,1.63668139425369e-08,0.0307460542505925,5.32322417996824e-07,1217.82820391089,4309.65905860943,2,2,0,121,125,204.187941874878,3792.13423906361,719.450551098177,13360.6669913841,,174804.935536797,,1337466.96431294
ERBB3,PBRM1,1223.29821939691,244.435401795342,0.001,0.001,0.991112856177846,0.992005728978502,0.983189880014609,4.51093718121208e-08,0.0180566588387517,2.49821255498889e-06,1217.82820391089,242.475384174349,2,1,0,122,125,203.40573407639,3777.54886589999,13.9470302949345,1076.28865957756,,462935.587015307,,72499.3781841546
ERBB3,PIK3CA,1234.58517137613,657.827882678512,0.001,0.001,0.972937117533511,0.959789522134354,0.933818549323938,6.48748533591675e-08,0.0537223452362727,1.20759533251659e-06,1217.82820391089,648.852398111457,2,3,0,120,125,205.309068362366,3813.06619291925,163.589449409867,1706.12152959964,,97481.1177006838,,37412.0672966689
ERBB3,POLE,1225.59003680632,190.625298869768,0.001,0.001,0.98743497517196,0.989009647627775,0.976583256232468,5.42004959156427e-08,0.0174904258208545,3.09886657253464e-06,1217.82820391089,188.522851761284,2,1,0,122,125,203.785453557952,3784.67528338485,10.8766691040773,839.376276365155,,326300.730200781,,40492.4977213732
ERBB3,PTPRT,1235.56289555988,156.549821860065,0.001,0.001,0.971655422029263,0.968359009795168,0.940914703480903,2.02050749744179e-07,0.0542676017482667,3.72322975836374e-06,1217.82820391089,154.866846741172,2,3,0,120,125,205.441487608454,3815.5708792415,38.9295965735456,406.005977508604,,94173.9940419469,,11409.8423272466
ERBB3,RASA1,1230.68978524071,279.041020808752,0.001,0.001,0.979290567798586,0.984729765529871,0.964337949765096,8.26676895045869e-08,0.0366555029239469,2.25525999946328e-06,1217.82820391089,276.883569055955,2,2,0,121,125,204.63293956863,3800.47462795138,46.396712262918,861.728707165749,,138405.300793276,,44402.0227328739
ERBB3,ROS1,1238.3275671012,695.360732113669,0.001,0.001,0.967316173581987,0.97089330311723,0.939164157886541,7.93857101982071e-08,0.0683491029502482,1.16147406142247e-06,1217.82820391089,690.188411194973,2,4,0,119,125,205.900831434949,3824.10583562511,215.86065227015,1615.57750234178,,78422.1630585216,,55303.2730998286
ERBB3,SF3B1,1229.77055669985,885.651513707103,0.001,0.001,0.980790651887841,0.974978621545081,0.956251741694747,3.63229371272596e-08,0.0363190019287446,1.00010835095421e-06,1217.82820391089,874.445647602189,2,2,0,121,125,204.479747707996,3797.61348988619,147.259974499896,2735.05993811595,,152128.966410326,,81791.573832165
ERBB3,SMAD4,1257.98786826652,1747.96558597237,0.001,0.001,0.937636229092833,0.909032635885634,0.852359396040051,8.71341710034779e-08,0.119976617119579,7.26259608708858e-07,1217.82820391089,1723.94670324198,2,7,0,116,125,209.158337324136,3884.89234940339,750.948782890548,3381.46667772237,,38692.2058804521,,42865.8440492647
ERBB3,TP53,655.619513634254,854.559303060138,8380.92585051742,0.001,0.903649939456144,0.987057016293261,0.482541661702404,1.03637181745043,0.302251585970482,3.42883831071656,1217.82820388455,849.973700929229,1,17,1,106,125,37.4068965281384,2887.37267516827,517.84221488954,1313.17058315339,473.815706870179,38239.745151739,,54645.2505979321
ERBB4,FBXW7,285.648033270326,265.369805095509,0.001,72035.2533664331,0.990703737943975,0.455230516366338,0.00174551034317792,2.48567983985985,0.0936050712313331,26.5549698019758,284.40564252624,791.304900177956,3,1,2,180,186,102.431611159637,613.957652814046,15.1417069069623,1168.46813243955,,90653.9571505313,10895.2052034608,319199.483821607
ERBB4,FGFR2,,,,,,,,,,,,,5,0,0,181,186,,,,,,,,
ERBB4,GNAS,296.311701114853,1768.29713302496,0.001,21325.793825929,0.900151541280402,0.524692975105562,0.369567073249819,1.38417826548329,0.309239330134521,4.47607445301722,284.405642525654,1947.74647115592,4,9,1,172,186,106.248646585262,637.019785317389,849.459306208941,3188.54369965758,,4100.77873199715,1164.85947990688,116077.333594111
ERBB4,IDH2,,,,,,,,,,,,,5,0,0,181,186,,,,,,,,
ERBB4,KMT2C,287.422237213665,390.553929649878,0.001,46285.7524471827,0.999145349065749,0.829157708912659,0.00042958310650576,3.26771684809752,0.206851554937589,15.7974004550435,284.405642526541,680.321750875422,2,4,3,177,186,103.067646166712,617.776591677026,121.244074455932,907.339807196327,,25632.9025118255,9621.15088833713,249974.353173214
ERBB4,KRAS,301.912387146291,11590.5507565654,0.001,53507.7618082877,0.952882112736395,0.865154889724806,0.745172021354874,1.11340294627583,0.553019737857881,2.01331502305613,284.405642526485,12046.8596040326,4,20,1,161,186,108.25329850832,649.031815141947,7221.53877146799,17446.5575306848,,3217.79370649034,2935.64871006982,283526.272684931
ERBB4,MED12,288.500739436924,495.025082312134,0.001,68605.6791858188,0.978151526747903,0.296199667056599,0.000276307762903607,3.45659689566188,0.215144903637645,16.0663666078914,284.405642527401,862.99142776078,2,4,3,177,186,103.452535924613,620.112413608934,153.673988139433,1150.07551083372,,17144.3867732788,14120.8674142851,367026.878295762
ERBB4,NF1,292.232449404738,993.826873812749,0.001,15705.4291510493,0.941735526153887,0.585570623453427,0.311780075825391,1.36609581134074,0.240667557925837,5.67627736415439,284.405642525654,1126.30141113932,4,7,1,174,186,104.785785146873,628.163921710707,426.994782593684,1922.32529757603,,6471.17977528761,860.441336379739,83794.5208993592
ERBB4,NRAS,286.250228380886,2930.07761096499,0.001,0.001,0.96836963845346,0.97668456949011,0.945792698439758,1.01200154287205e-07,0.0514647973602592,1.96639566223866e-06,284.40564252587,2895.62915658581,5,2,0,179,186,102.647122193438,615.258482211422,487.20683377887,9047.85111056692,,21222.4172491952,,256134.759509374
ERBB4,PBRM1,286.280183413358,344.456258602709,0.001,45075.5457798328,0.99124020054315,0.570879869770934,0.00435401483013808,2.44174553230321,0.125014152342897,19.5317528979106,284.405642526628,684.57209939532,3,2,2,179,186,102.658640742537,615.322188100615,57.2745658187843,1063.63923931306,,39080.1565130621,6824.89368191211,199172.050190688
ERBB4,PIK3CA,289.24445615146,931.160467276099,0.001,40018.9389819255,0.985615682141461,0.655762730779354,0.0231342178945528,2.40773026570778,0.237114768727352,10.1542821589335,284.405642527497,1233.51236682595,3,6,2,175,186,103.712309202796,621.662929708434,370.060278408654,1886.92824330002,,13319.4848579317,6066.88716920724,176203.839747069
ERBB4,POLE,286.218267975036,132.341800328667,0.001,32821.7008902338,0.981796432029256,0.369121858772509,0.00205516991354473,2.34413665163464,0.0871706681687395,26.8913466063723,284.405642526536,394.372924241964,3,1,2,180,186,102.635087084135,615.195395309532,7.55121286868973,582.717705614578,,60549.3072742661,4975.74550473548,144601.131590531
ERBB4,PTPRT,288.684126028551,145.656806703075,0.001,9358.73001579357,0.973236667227696,0.441694214564841,0.012123443095613,2.42628646969914,0.184839749258358,13.1264323795842,284.405642526536,217.078046563221,3,4,2,177,186,103.517649345415,620.512002160962,45.2174093012611,338.397091767432,,14781.6365132525,1417.6526626132,41265.1050452235
ERBB4,RASA1,287.932559221967,298.190072682768,0.001,30062.5739737103,0.970812206625618,0.293430576729627,0.00584115461798278,2.62002614113408,0.157490125406035,16.6361296264082,284.405642526628,494.31401121736,3,3,2,178,186,103.248961818357,618.8907897379,74.1542007369571,773.291416895407,,16897.1736580564,4508.72946931926,137468.825344628
ERBB4,ROS1,288.548267541025,478.616796568487,0.001,29677.6036139834,0.977038894927843,0.498375235417101,0.013031305053786,2.36768493844174,0.177958282894512,13.304718948346,284.405642526536,713.137975250182,3,4,2,177,186,103.469369455152,620.218581023765,148.581431195044,1111.93865683482,,15633.4137222558,4494.77045728069,131012.06715232
ERBB4,SF3B1,289.110639050707,1568.16509087052,0.001,81935.0072619922,0.976059417624608,0.507604461723713,0.0167094655799083,2.43403224733881,0.211797675134223,11.4922519607276,284.405642526536,2181.50410595226,3,5,2,176,186,103.671506563974,621.431762004942,562.320589006934,3370.66276754816,,13393.5387075848,12416.1737970104,360887.244077019
ERBB4,SMAD4,297.454743793824,2636.15042010993,0.001,0.001,0.800051443717908,0.821599755876818,0.657372235298104,8.63086087474208e-07,0.426044728593866,2.0258109760512e-06,284.405642527388,2601.01344479447,5,15,0,166,186,106.659652819677,639.424556706223,1516.71098831895,4205.16055970738,,2554.00026581136,,27248.8308341133
ERBB4,TP53,319.138817134216,1283.66177540678,0.001,6618.18691740889,0.953491159857715,0.845339662921902,0.538337870047736,2.19869184439549,1.12226061517003,1.95916333040198,284.405642527122,1339.34191420486,3,38,2,143,186,114.418316413812,686.187188032223,916.9210721067,1737.70706073595,,2098.89690817516,1009.61534853839,28481.9142048224
FBXW7,FGFR2,,,,,,,,,,,,,3,0,0,183,186,,,,,,,,
FBXW7,GNAS,826.939248456856,1766.26849212778,0.001,23830.1319100233,0.958054121341681,0.757288682046854,0.372993179447372,0.922212086564456,0.190160868062934,4.84964175836243,791.304900168162,1947.74647115592,2,9,1,174,186,205.628529406456,2144.84250669786,848.532048951222,3185.14166121909,,19329.5063446661,1246.6756903504,178327.004943539
FBXW7,IDH2,,,,,,,,,,,,,3,0,0,183,186,,,,,,,,
FBXW7,KMT2C,266.924323017376,682.595288695994,39870.5601289037,0.001,0.651351125506507,0.991560317552045,0.00512420553400671,2.31715043360133,0.124631825163524,18.5919642158903,791.304900191033,680.321750874166,1,5,2,178,186,15.2302678460204,1175.31655053775,293.286068455279,1320.21308490435,6271.95103607096,147794.934136248,,183067.51419391
FBXW7,KRAS,559.3845764954,12140.3174706719,4585.09756990791,0.001,0.84479479047392,0.962701654942678,0.580425229599902,0.970768872034438,0.33595884609205,2.88954698864651,791.304900188589,12046.8596037787,2,20,1,163,186,93.0098172937917,1727.61851302634,7657.32928557922,18107.4186611454,259.314880183681,20883.0039811813,,294482.728832089
FBXW7,MED12,268.013862944495,866.948509252654,30560.0928147169,0.001,0.7094632979734,0.97983219352721,0.00895352685337306,1.96228029043948,0.129699734961982,15.1294086376867,791.304900191033,862.991427751985,1,5,2,178,186,15.2923109896482,1180.14258881784,372.484041937919,1676.86061677883,4709.66819298858,120212.002782532,,153456.940381056
FBXW7,NF1,809.889973421198,847.255917438362,0.001,65255.5984666131,0.993704671096491,0.677214412946875,0.011368441713587,1.97128291863881,0.149141775808663,13.2175100366768,791.304900196933,1126.30141112439,1,6,2,177,186,201.400566372375,2100.34906735787,336.723301873307,1717.04977889163,,47034.5512491271,8242.37088133218,984483.581750882
FBXW7,NRAS,795.684159501019,2917.30792192533,0.001,0.001,0.983650890841475,0.985226914591836,0.969119743217324,2.57983731278763e-08,0.0316788004253316,8.14373422651664e-07,791.304900191033,2895.6291565585,3,2,0,181,186,197.873290315777,2063.37518842956,485.084784384714,9008.33716941364,,115117.603810991,,425921.815383293
FBXW7,PBRM1,265.250869849355,687.38267755727,76942.8492341827,0.001,0.718322176046905,0.992331149075795,0.00172071856586007,2.07917936312807,0.0760649102382209,27.3342774824353,791.304900181838,684.572099396016,1,2,2,181,186,15.1348001970679,1167.93938218973,213.393369244049,1596.90582357927,11070.6849986524,463916.022261468,,270293.361414621
FBXW7,PIK3CA,268.086976298438,1237.2020486198,30048.9149921328,0.001,0.899400086822155,0.994131854632101,0.00879048280979175,2.16056389663683,0.143740549995285,15.0309978409551,791.304900196252,1233.51236681546,1,6,2,177,186,15.2965388618388,1180.44658561561,565.34853673502,2303.19210371994,4763.58684787149,107962.915817135,,336702.206553454
FBXW7,POLE,795.828695106221,131.85757794257,0.001,63565.3896193494,0.986407941941999,0.563145672452483,0.000890192571801957,1.98437424539743,0.0530212744181819,37.4260005473756,791.304900193942,394.372924241964,1,1,2,182,186,197.907560002163,2063.78531487211,7.52358365863708,580.583694798764,,250818.39905182,7817.48866540581,1066410.96571435
FBXW7,PTPRT,802.553560909308,145.190525530806,0.001,16556.0219099278,0.985574627890406,0.902272768649418,0.00692423210625425,1.93269618780515,0.111427454287292,17.3448832710663,791.304900193942,217.078046562869,1,4,2,179,186,199.577361039007,2081.26996175206,45.072670046461,337.313341023903,,69355.9157361809,1966.35623372276,287494.511415829
FBXW7,RASA1,799.50249985115,297.551990885393,0.001,45643.7257618171,0.987227278355516,0.96725463695312,0.00488539852600086,1.93164461537977,0.0971209710304515,19.8890578922869,791.304900174704,494.314011225175,1,3,2,180,186,198.821272417401,2073.31753062719,73.9950982301504,771.635059226963,,87741.6933835205,5165.73446214417,818070.746490931
FBXW7,ROS1,267.199810866987,715.220944036057,36992.3049140494,0.001,1,0.993574114897834,0.0066453843489047,1.8873038229652,0.107677155894643,17.5274300967963,791.304900196969,713.137975250182,1,4,2,179,186,15.2458178049348,1176.54743588784,284.259663781362,1449.41459955571,5549.00054412439,160978.912308364,,224868.584294998
FBXW7,SF3B1,268.021756588257,2188.73034146648,30471.926211768,0.001,1,0.991444734873637,0.00911325979919384,1.94057781108124,0.128446582976732,15.1080532164314,791.304900193942,2181.50410595226,1,5,2,178,186,15.292761118851,1180.17760097132,940.412110282553,4233.27954780726,4696.70083353622,119805.354248144,,584253.802468845
FBXW7,SMAD4,825.727388174098,2625.16976933349,0.001,0.001,0.880688580637975,0.873123443748399,0.768979226642492,2.1861143850721e-07,0.2557768563754,8.54695931465971e-07,791.304900181838,2601.01344485104,3,15,0,168,186,205.334683930787,2141.46313507406,1510.41203204528,4187.61349406272,,12474.9837447153,,41646.8068780575
FBXW7,TP53,303.543362979453,1342.85866414324,4914.74425353098,329.450875876806,0.859344920058487,0.998955475827893,0.222677384718352,2.16694693307846,0.68024310348581,3.18554781661769,791.304900176984,1339.34191420584,1,38,2,145,186,17.3023080368539,1334.22826637131,967.582926576892,1805.01075883383,750.704453693393,15636.7354983726,,71142.911729436
FGFR2,GNAS,,,,,,,,,,,,,0,10,0,176,186,,,,,,,,
FGFR2,IDH2,,,,,,,,,,,,,0,0,0,186,186,,,,,,,,
FGFR2,KMT2C,,,,,,,,,,,,,0,7,0,179,186,,,,,,,,
FGFR2,KRAS,,,,,,,,,,,,,0,21,0,165,186,,,,,,,,
FGFR2,MED12,,,,,,,,,,,,,0,7,0,179,186,,,,,,,,
FGFR2,NF1,,,,,,,,,,,,,0,8,0,178,186,,,,,,,,
FGFR2,NRAS,,,,,,,,,,,,,0,2,0,184,186,,,,,,,,
FGFR2,PBRM1,,,,,,,,,,,,,0,4,0,182,186,,,,,,,,
FGFR2,PIK3CA,,,,,,,,,,,,,0,8,0,178,186,,,,,,,,
FGFR2,POLE,,,,,,,,,,,,,0,3,0,183,186,,,,,,,,
FGFR2,PTPRT,,,,,,,,,,,,,0,6,0,180,186,,,,,,,,
FGFR2,RASA1,,,,,,,,,,,,,0,5,0,181,186,,,,,,,,
FGFR2,ROS1,,,,,,,,,,,,,0,6,0,180,186,,,,,,,,
FGFR2,SF3B1,,,,,,,,,,,,,0,7,0,179,186,,,,,,,,
FGFR2,SMAD4,,,,,,,,,,,,,0,15,0,171,186,,,,,,,,
FGFR2,TP53,,,,,,,,,,,,,0,40,0,146,186,,,,,,,,
GNAS,IDH2,,,,,,,,,,,,,10,0,0,176,186,,,,,,,,
GNAS,KMT2C,1778.66436742526,704.288146770299,13032.0938849698,0.001,0.683075286931143,0.913896437040722,0.542157024919087,1.24195225863713,0.411960840448948,3.01473377247136,1947.74647115592,680.321750871706,9,6,1,170,186,854.485478735295,3207.53007246903,302.580485959762,1362.37144672937,723.565032540366,64591.5962769799,,8791.07622879406
GNAS,KRAS,1867.59383145465,12455.0581011426,3119.87984350133,0.001,0.969063442729247,0.933219293238061,0.916029944771697,0.934040692911451,1.1324110376855,0.824824786961195,1947.74647111409,12046.8596037103,9,20,1,156,186,897.080691287455,3368.58836604422,7854.81253609914,18579.5619847828,176.582255550711,14169.8312800741,,59873.7601559568
GNAS,MED12,1582.01551511458,899.612548948832,22659.4853148931,0.001,0.425061639349655,0.913343677356196,0.131588332714922,2.0662171813099,0.438256255195701,4.71463249369309,1947.74647111948,862.99142776137,8,5,2,171,186,722.810006188627,2945.7661324511,386.467919668539,1740.4060480899,3545.12598155866,84696.9435969688,,10926.5116072523
GNAS,NF1,1386.69127197962,1162.81146474169,28764.0532934303,0.001,0.569586512787883,0.967691641655746,0.0289769172474437,2.73195097793424,0.487402865656209,5.60511882558613,1947.7464711536,1126.30141114004,7,5,3,171,186,595.721939529246,2682.67321345779,531.284035940944,2165.17969829696,6463.43280652044,100090.060180791,,19400.4471863176
GNAS,NRAS,1960.17433126477,2962.80616889333,0.001,0.001,0.939382373675485,0.955279405302814,0.897378067785906,4.70107893763179e-08,0.10633312727677,4.42108593815316e-07,1947.74647112711,2895.62915650264,10,2,0,174,186,981.974889277653,3439.19389490577,492.645289844036,9149.06133990362,,75175.373308958,,127145.940879766
GNAS,PBRM1,1770.61348962161,714.526142482301,18452.3923545765,0.001,0.714245218493625,0.942338998955356,0.439685997101469,1.00945369116556,0.252834550918474,3.99254645972438,1947.74647115592,684.572099392559,9,3,1,173,186,850.612923924938,3192.97707130284,221.798472594868,1660.28421649599,996.64589255012,108090.154422637,,12815.9430540804
GNAS,PIK3CA,1790.00136370284,1276.41784425513,9219.16957004969,0.001,0.823833443300553,0.938321940450381,0.697913677061608,1.05294119027416,0.472013831060029,2.23074223886514,1947.74647116957,1233.51236681007,9,7,1,169,186,859.894974699006,3228.04391526293,583.209066444687,2376.54333963059,513.858239830434,44829.2425197968,,14965.1058727658
GNAS,POLE,1798.71347734518,242.498978415454,39861.6530614714,5344.02780548487,0.929084662264865,0.922800314926017,0.0230430469493167,1.78021188624169,0.177529734594746,10.0276829135438,1947.74647111948,394.372924241465,8,1,2,175,186,847.307617804466,3259.20610253297,16.8707736493113,863.354294831789,,759115.885631259,,25579.4221608836
GNAS,PTPRT,1375.00931186022,224.475808183742,51724.9390353675,0.001,0.346825561037147,0.963887553480295,0.00692030093915034,3.02224367402005,0.376658614016978,8.02382731085985,1947.74647109177,217.078046563588,7,3,3,173,186,590.720524535021,2659.92960153637,89.2072181889545,454.974375299325,11050.3275900752,213858.849241194,,4691.08767661501
GNAS,RASA1,1373.4585503826,513.789539095812,60506.3558753462,0.001,0.37985048032971,0.942115066817786,0.00533844698108494,2.81290331320464,0.325853894369271,8.63240661477854,1947.74647110803,494.314011223345,7,2,3,174,186,590.050522557606,2656.96165342799,184.215008067487,1104.6005254367,12210.7788663736,345701.380849486,,10081.0869263711
GNAS,ROS1,1576.3422289491,737.436522003452,28432.7107797223,0.001,0.588869096849913,0.966656778263403,0.100026896870373,2.00150003070234,0.360541652115282,5.55136977644504,1947.74647111573,713.137975253911,8,4,2,172,186,720.221425725805,2935.18463999254,293.064580614514,1494.62705778029,4327.03724418425,118071.082900183,,13929.3781508712
GNAS,SF3B1,1379.28436033524,2251.00240503838,41161.703035546,0.001,0.388455312922371,0.951191989132142,0.0110162455018045,3.01995466372971,0.426702768581216,7.07741989528457,1947.74647115823,2181.50410596494,7,4,3,172,186,592.551665546008,2668.24484507779,967.09019012863,4354.29428984561,9222.05220331401,144277.506899629,,41598.4059194975
GNAS,SMAD4,1835.61594624989,2690.08144051147,4320.13047064868,0.001,0.93554533865191,0.941917208174358,0.935536646573614,0.946916392346949,0.846815380194884,1.11820877902457,1947.74647115707,2601.01344489478,9,14,1,162,186,881.745018172671,3310.75753394343,1547.58700502747,4291.81421981004,243.710832186078,19888.5968674003,,17847.7531571154
GNAS,TP53,1758.06932458882,1385.69032070786,3403.08927103731,0.001,0.860483395468905,0.787118591882502,0.779880349295259,2.07943028479206,2.27248278605767,0.915047760779517,1947.7464711355,1339.34191420814,8,38,2,138,186,802.988477619169,3275.1830038076,998.452425864669,1862.74856766236,561.583168400265,10718.3112207414,,3925.20847430536
IDH2,KMT2C,,,,,,,,,,,,,0,7,0,179,186,,,,,,,,
IDH2,KRAS,,,,,,,,,,,,,0,21,0,165,186,,,,,,,,
IDH2,MED12,,,,,,,,,,,,,0,7,0,179,186,,,,,,,,
IDH2,NF1,,,,,,,,,,,,,0,8,0,178,186,,,,,,,,
IDH2,NRAS,,,,,,,,,,,,,0,2,0,184,186,,,,,,,,
IDH2,PBRM1,,,,,,,,,,,,,0,4,0,182,186,,,,,,,,
IDH2,PIK3CA,,,,,,,,,,,,,0,8,0,178,186,,,,,,,,
IDH2,POLE,,,,,,,,,,,,,0,3,0,183,186,,,,,,,,
IDH2,PTPRT,,,,,,,,,,,,,0,6,0,180,186,,,,,,,,
IDH2,RASA1,,,,,,,,,,,,,0,5,0,181,186,,,,,,,,
IDH2,ROS1,,,,,,,,,,,,,0,6,0,180,186,,,,,,,,
IDH2,SF3B1,,,,,,,,,,,,,0,7,0,179,186,,,,,,,,
IDH2,SMAD4,,,,,,,,,,,,,0,15,0,171,186,,,,,,,,
IDH2,TP53,,,,,,,,,,,,,0,40,0,146,186,,,,,,,,
KMT2C,KRAS,718.146511739996,11638.1552770793,0.001,39046.3015245761,0.951644941038144,0.9029018167864,0.859492068074204,1.17384947542222,0.764623283507382,1.53519975227238,680.32175086951,12046.8596046502,6,20,1,159,186,308.530451107237,1389.20341696789,7251.07609234788,17518.5656341014,,6093.38986405383,2166.08868356996,194484.790132374
KMT2C,MED12,688.826528147202,497.620264520621,0.001,33645.6642732641,0.978177551242454,0.480715840087468,0.00157423392356943,3.39651759126722,0.285645196816747,11.8906868699992,680.321750874166,862.991427762514,4,4,3,175,186,295.957751364913,1332.30910510529,154.479363565377,1156.12464098325,,31811.401291222,7603.55351584892,117140.683943142
KMT2C,NF1,695.991806005474,854.829944876087,0.001,21514.5372225476,0.945369888261225,0.430673390989309,0.0546269368717295,2.35865150518753,0.324636054583594,7.2655254149541,680.321750873937,1126.30141113244,5,6,2,173,186,299.027943828934,1346.22784393496,339.730209453359,1732.45974844988,,15066.1196817483,3385.10590634521,79697.7726706747
KMT2C,NRAS,685.258967006404,2942.30151980978,0.001,0.001,0.951042736890916,0.968617777842272,0.9211992354378,6.70201452546842e-08,0.0721721687376832,9.28614816859329e-07,680.321750869345,2895.6291565585,7,2,0,177,186,294.426985840751,1325.3922167833,489.2377029717,9085.65013020945,,32090.6607880263,,185376.606003392
KMT2C,PBRM1,683.84453633671,346.290434429536,0.001,26383.9854367831,0.995377088185576,0.790172259493979,0.0113926742534255,2.34565201130509,0.165525753205485,14.1709188200653,680.321750874166,684.572099396016,5,2,2,177,186,293.826372008086,1322.64974129231,57.5792679820739,1069.31276468899,,79131.3478068552,4149.20007079255,97834.1333562695
KMT2C,PIK3CA,494.555702591182,1253.23395608671,10313.9625811568,0.001,0.881886893086798,0.983975960896337,0.0822690768694034,2.08465367584883,0.330919050485312,6.29958798924259,680.321750868338,1233.51236681546,5,6,2,173,186,177.337479190947,1063.0518955609,572.654914613572,2333.16496091474,1636.98043296635,36916.7986087566,,39316.9046811626
KMT2C,POLE,683.450537917373,133.360472918991,0.001,16685.6023401707,0.98479128236405,0.683854572731308,0.00720604625157938,2.04150813934645,0.121101303348484,16.8578543987406,680.321750874166,394.372924241964,5,1,2,178,186,293.652046261005,1321.88687245557,7.60944573867063,587.224203740443,,141538.342796092,2620.2160838827,62282.987166545
KMT2C,PTPRT,688.947051137086,146.688041269221,0.001,4874.5431080828,0.984168037016759,0.782051955717282,0.0389421114533532,2.16021805106506,0.24949663235172,8.65830544766536,680.321750874166,217.078046562869,5,4,2,175,186,296.008396463205,1332.54857219432,45.5370390608621,340.800544213305,,30996.6587500661,766.529024574941,18102.057746663
KMT2C,RASA1,687.09074493922,299.63221192549,0.001,17217.2984338487,0.975037234410276,0.461302457406568,0.0156271811051609,2.53466788616004,0.207779923921575,12.1988103485721,680.32175087073,494.314011225175,5,3,2,176,186,295.213012312697,1328.9421817201,74.512256705657,777.036584022487,,36405.6627216014,2698.1294791168,64673.6370221105
KMT2C,ROS1,689.135820868612,481.456544069112,0.001,17017.7087919645,0.979833867303239,0.676236735598747,0.0345138925418272,2.22214436378801,0.239816780548732,9.26600865337054,680.321750876606,713.137975254859,5,4,2,175,186,296.091964321981,1332.92483510685,149.460079441884,1118.54048336271,,29497.7402646579,2678.56517595108,62940.3912985747
KMT2C,SF3B1,492.865340383637,2214.02383925245,12563.6262619654,0.001,0.907008345411829,0.988365681565029,0.0599299172670157,2.13557638518027,0.291911995354641,7.31582264231992,680.32175087073,2181.50410595226,5,5,2,174,186,176.731779193409,1059.41054340739,951.256653523122,4282.365122888,1961.47867518494,47752.9003123113,,83223.8221105597
KMT2C,SMAD4,608.458719350882,2657.5455367808,2307.46554064226,0.001,0.906983354876339,0.955130713886027,0.835080281262015,1.02022818603985,0.604400879074917,1.68799917631057,680.321750867367,2601.01344481252,6,14,1,165,186,241.809102711177,1233.20846405711,1528.94582987893,4239.60825351534,130.213989378044,10607.8378592312,,28287.2594645908
KMT2C,TP53,757.48591124214,1179.54284493457,0.001,17883.1214813512,0.979744219106837,0.833112391578436,0.0135553427656806,5.05069789075602,1.55412069716216,3.24987492926299,680.321750870553,1339.34191422754,2,35,5,144,186,325.393459822714,1465.58377938324,830.12540623654,1615.94802247866,,5164.49223644775,5037.33736110109,93123.9693329025
KRAS,MED12,11423.6779696114,835.360817233225,48770.549150005,1325.77339674767,0.943447600340071,0.997734481003384,0.461986112478077,1.95755835958405,0.803920114187685,2.43501602340433,12046.8596041529,862.991427748695,19,5,2,160,186,7037.82045180474,17326.884458592,324.953921462571,1685.45551565116,,221278.800712266,,10212.143305178
KRAS,NF1,12368.0608084412,1203.35328145676,0.001,0.001,0.587735934169397,0.593802620096113,0.349251679059665,4.7305873115619e-07,0.919046666977579,5.14727650024469e-07,12046.859603763,1126.30141113998,21,8,0,157,186,7800.15691254616,18449.3265067392,549.766944548305,2240.91871576504,,45690.5507792479,,4341.57492374771
KRAS,NRAS,12098.3536014103,3080.8586984176,0.001,0.001,0.917847116503228,0.883577769051797,0.811005715251628,5.38411556221191e-08,0.241330767740676,2.23101082908643e-07,12046.8596047437,2895.62915654634,21,2,0,163,186,7631.01106371227,18043.9662053236,512.257499192164,9514.57996411843,,329005.095647156,,47018.9192222822
KRAS,PBRM1,11576.0960846655,726.881847867223,60089.7982571978,0.001,0.956612890334326,0.986638038283417,0.726652631107625,0.991865413099737,0.448775897461022,2.21015749444495,12046.8596037787,684.572099400589,20,3,1,162,186,7212.53935100806,17424.7931044228,225.636278269633,1688.95817720767,3261.6362292706,342322.074192105,,9960.20067871978
KRAS,PIK3CA,12243.7752141285,1147.00822618511,1758.99688688068,2808.41072871971,0.99798372864152,0.996250923143677,0.976321654563511,1.05020169915247,0.860887326672577,1.21990609759771,12046.8596035548,1233.51236680879,20,7,1,158,186,7710.77541033612,18278.8281061343,492.840281041216,2218.35965015494,,108726.496709757,4.6955645956929,13329.0138220601
KRAS,POLE,12081.7602731746,139.175860848284,971.323546273771,4955.10956008839,1,0.726443195840451,0.0663545239713784,1.99860284798536,0.330005027380579,6.05628000230575,12046.8596041529,394.372924241594,19,1,2,164,186,7619.85613006374,18020.8235921042,7.94047561768334,612.798072177029,,1257906.12727307,802.879619685572,15943.8504993504
KRAS,PTPRT,12180.3427157397,153.231543573591,913.47664830647,1337.84271048907,1,0.901507253972634,0.327747696848969,1.97241725510973,0.656556428074036,3.00418542987339,12046.8596043836,217.078046563795,19,4,2,161,186,7678.61267477689,18172.2831365388,47.5665167608314,356.024350662195,,200176.135557061,209.457855973169,4332.6418822756
KRAS,RASA1,12189.6444193581,424.476599947491,1232.27557698937,1541.4900074874,0.999900518849972,1,0.88828380386624,0.92709987029593,0.57501225441691,1.6123132388475,12046.8596034176,494.314011220554,20,4,1,161,186,7682.43812147568,18189.1031045386,131.76756346583,986.26259527671,,162618.920849884,46.902951092835,7170.2535737124
KRAS,ROS1,11628.5145650656,625.201375736872,43909.4709661714,2185.89048088033,0.972738490434857,0.977909669803882,0.352930858302777,1.97093742383588,0.684457179612355,2.87956278718871,12046.8596035417,713.137975256967,19,4,2,161,186,7193.70049373829,17572.7397797454,204.133948156816,1382.74698207439,,261314.682525095,,11160.8096924136
KRAS,SF3B1,12099.8207740542,1703.19406274594,8518.02575073211,11242.9525809532,0.999456777148402,0.875887359069919,0.381956689355646,2.0735475212202,0.751151397292616,2.76049213073944,12046.8596041529,2181.50410587515,19,5,2,160,186,7591.18280421046,18103.3121048925,611.524591522693,3653.16863399616,,174698.928521628,885.514469564508,38710.5230859871
KRAS,SMAD4,12528.9245430888,2561.63768058153,0.001,3307.36900924651,0.975052504585419,0.993965917916028,0.867564026984658,1.06801092177679,1.61765663042841,0.660221026939408,12046.8596037744,2601.0134448498,20,14,1,151,186,7901.42067110318,18689.9017471674,1442.70339504325,4149.05130472724,,51520.3170276521,187.260707180638,14998.9671917765
KRAS,TP53,10197.6400709454,1415.83310183066,28084.3382476431,0.001,0.757334847794231,0.815993130848528,0.734167876245042,5.29881623701569,4.46399332868157,1.18701257973893,12046.8596038971,1339.34191423244,16,35,5,130,186,5977.31824096701,16057.114176859,1020.08050636628,1903.5541088543,9925.58626705055,62056.1151208813,,3169.90025546488
MED12,NF1,889.472480097401,1004.45789020098,0.001,7270.80458396931,0.938010121013489,0.770251902693877,0.569993215714973,1.01534077984208,0.337613654380943,3.00740437084464,862.991427747722,1126.30141113932,6,7,1,172,186,382.127358464504,1720.68263836199,431.541962864041,1942.99997879261,,13392.8882310076,401.883314354875,36810.4596058913
MED12,NRAS,868.142848396519,2948.79262956533,0.001,0.001,0.959596082019149,0.964350488987017,0.925389281525062,5.67968185656792e-08,0.0736908196778089,7.70744833807065e-07,862.991427751584,2895.6291565585,7,2,0,177,186,372.998424920849,1679.16088259487,490.315999077346,9105.7453135581,,50195.4876180543,,162257.962365478
MED12,PBRM1,867.688263393654,347.696425862888,0.001,20099.5959226286,0.995226567823232,1,0.0199150397311665,1.99885153632347,0.174550314761196,11.45143472848,862.991427763193,684.572099396016,5,2,2,177,186,372.804067812282,1678.27053697788,57.8137985296812,1073.70839063664,,90359.2833826042,3115.76714866252,77899.3168870642
MED12,PIK3CA,626.855367328811,1251.79333760301,13628.3588827777,0.001,0.922701525702882,0.989858877166539,0.0769875633296701,2.08922204724769,0.325851502273522,6.41157715300016,862.991427745385,1233.51236681546,5,6,2,173,186,224.774079901493,1347.46778448493,571.999927651102,2330.46125501277,2161.69750712927,48863.8071534012,,42891.6024686141
MED12,POLE,864.01752561498,0.001,7118.68342759775,29820.973503396,0.999994119358359,0.441517107554125,2.61231242101835e-05,3.09387376576275,0.121842484150571,25.3924055088977,862.991427757356,394.372924241718,4,0,3,179,186,371.23563277747,1671.10977920702,,296.088263650101,,,6732.75045633847,103670.430122364
MED12,PTPRT,791.796359452615,133.119546451159,8387.22033095523,6482.71472145923,0.969140347229707,0.722299419565504,0.00171136369203537,3.13298836905524,0.259027465355483,12.0951975681637,862.991427748422,217.078046563711,4,3,3,176,186,302.207220122145,1602.82279063935,33.7349073931817,335.770028572664,,80693.5972925069,610.948076205409,25123.8440661609
MED12,RASA1,873.579862892808,301.414150932257,0.001,11390.3019468045,0.96897123312508,0.695753863268497,0.0356289504999069,1.99028149073036,0.221802137487368,8.97322953365907,862.991427758551,494.314011222709,5,3,2,176,186,375.329425504946,1689.77636849668,74.9540299378743,781.694434974124,,37829.0213681256,1750.65123269569,45104.65874767
MED12,ROS1,796.588722638244,432.770755163439,7995.25493068342,21387.5536258709,0.973827439764274,0.728602294185448,0.00171594457928815,3.09359111703217,0.250909931634808,12.3294885016142,862.991427757356,713.137975254273,4,3,3,176,186,306.072552083287,1607.94640146466,109.414433156326,1094.69079328141,,79172.483941207,2189.65031003747,81844.7308776875
MED12,SF3B1,723.944865299671,1636.31981955995,12630.7459070184,45841.5874831905,0.898233049998595,0.806852235392808,0.00262244995692057,3.25635677846634,0.296475979643212,10.9835433628894,862.991427748422,2181.5041059344,4,4,3,175,186,252.898537019826,1527.04938176671,533.13781929838,3608.87151597199,,70801.5241297758,,202130.051668615
MED12,SMAD4,902.815265212857,2657.26355598844,0.001,0.001,0.732056628125528,0.730821204145156,0.535120920752249,4.76751718596347e-07,0.587550413387936,8.11422658776289e-07,862.991427762859,2601.01344483995,7,15,0,164,186,387.862278089632,1746.46995800675,1528.79911767349,4239.03752146213,,5537.67398295626,,16798.2158746678
MED12,TP53,552.988301948431,1358.97052037179,3363.21261367846,0.001,0.874247579924184,0.951899001844397,0.423054684370883,3.08005212946465,1.56900466567686,1.96306116663836,862.991427750525,1339.34191423289,4,37,3,142,186,171.634476700352,1285.21745248124,979.380763066431,1826.48629661973,827.646442964479,8928.30101026584,,10377.3473945338
NF1,NRAS,1132.39443904056,2943.41929771745,0.001,0.001,0.958272175559478,0.967862840668238,0.927478504144188,5.52330773476769e-08,0.0874783759211363,6.31391206867749e-07,1126.30141113452,2895.62915658488,8,2,0,176,186,517.431776171512,2108.21170345248,489.425737164311,9089.13884907557,,63334.3576680843,,180401.607173737
NF1,PBRM1,994.005820307388,703.146929747678,15350.0123555128,0.001,0.760036604928653,0.969340946242522,0.331458810834988,1.09184353184873,0.196768079982842,5.5488854286932,1126.30141113999,684.572099409142,7,3,1,175,186,427.066103968388,1922.67291361983,218.276820562673,1633.68068875234,830.203922427508,89261.5705679839,,21110.0658251335
NF1,PIK3CA,1004.34048157952,1266.76651333772,7299.47611855844,0.001,0.757025489842463,0.93777673027754,0.564084480601204,1.12364091894928,0.372337191564359,3.01780467921657,1126.30141112751,1233.51236680879,7,7,1,171,186,431.499176726098,1942.72897113329,578.815855728206,2358.50146760392,407.207752174959,35356.3260180223,,18829.8514690698
NF1,POLE,1136.13999709696,269.686029834462,0.001,5089.22179728671,0.98400903837766,0.906949191742028,0.312977078878727,0.843970136715464,0.138378792323452,6.09898469660537,1126.30141113645,394.372924240842,7,2,1,176,186,519.133446952774,2115.27435400094,44.8416336485813,832.82141553125,,72286.3204377087,283.844589203285,24680.7814576583
NF1,PTPRT,1002.46236316632,223.436582457629,8060.30827960287,0.001,0.841277451151894,0.961309695086879,0.546203145112675,0.952221401658336,0.290225300681383,3.2809730902948,1126.30141114259,217.078046563559,7,5,1,173,186,430.681709988322,1939.13422148674,88.7952128097227,452.86144165146,441.566741331174,42886.5817616754,,4195.81082692597
NF1,RASA1,852.664223313897,505.364538266559,24872.2365258028,0.001,0.778273198501314,0.998466843782287,0.0484680160047748,1.98211407534106,0.254211725208902,7.79709934194509,1126.30141113099,494.314011222649,6,3,2,175,186,338.872595466155,1728.05622135161,181.201084441332,1086.29571770822,3734.82818512574,111706.379737524,,19181.7568583685
NF1,ROS1,1001.94022885294,731.610908760924,8285.96895049426,0.001,0.906579291422991,0.977592154340594,0.543711337486637,0.943937841205529,0.280660917733747,3.36326784943036,1126.30141112751,713.137975255682,7,5,1,173,186,430.46112931723,1938.11936253258,290.75598372959,1482.76859055978,454.386701524147,43768.4126301901,,15851.3542766763
NF1,SF3B1,1003.914576085,2244.03381406123,7458.92819549973,0.001,0.797052893018501,0.948292299956108,0.566261040449061,1.01356196161107,0.329552193450875,3.07557340461809,1126.30141113932,2181.50410589687,7,6,1,172,186,431.309311327159,1941.94449543481,964.100311252421,4340.78429008568,411.964216753575,37890.2860920785,,36331.5767741994
NF1,SMAD4,1175.43301607306,2686.95955415792,0.001,0.001,0.714991039130188,0.620537979032923,0.443838999128174,4.50624892033014e-07,0.667796055725488,6.74794180303235e-07,1126.30141112521,2601.0134448427,8,15,0,163,186,537.048379170018,2188.61551573528,1545.7668477318,4286.90490870707,,6708.78453080415,,11003.1426999982
NF1,TP53,942.43082488458,1370.8356797275,2684.67065573919,0.001,0.799065977461702,0.846220364857257,0.797963987960472,2.20198536097574,1.78727105662222,1.232037721876,1126.30141113605,1339.34191422927,6,38,2,140,186,374.464011399816,1910.59880154526,987.871835813764,1842.59098846481,443.144191744539,8449.69139230524,,5671.62409364963
NRAS,PBRM1,2928.61760778298,688.597640238189,0.001,0.001,0.977649783374313,0.976950885732552,0.955116634477714,3.87116306527907e-08,0.0421709608778752,9.17968901986784e-07,2895.6291565585,684.572099396016,2,4,0,180,186,486.963516679233,9043.34476524153,213.770200172842,1599.73400438334,,270561.759547033,,70242.709514647
NRAS,PIK3CA,2953.88587963926,1242.5816258943,0.001,0.001,0.961047563843201,0.943649647258433,0.906895621106242,4.79370124185918e-08,0.080829540673098,5.93063031404141e-07,2895.6291565585,1233.51236681579,2,8,0,176,186,491.163595412506,9121.5135091471,567.79816709442,2313.26238530202,,147498.553150448,,50361.0925728094
NRAS,POLE,2916.48897311721,396.884048068805,0.001,0.001,0.985823443129554,0.981228545208316,0.967318543172533,4.5347384122936e-08,0.0311101468480065,1.45763966799925e-06,2895.6291565585,394.372924241964,2,3,0,181,186,484.938819683596,9005.61652441778,98.6978413675306,1029.19720483796,,445309.705426329,,49574.451864568
NRAS,PTPRT,2940.49212806397,218.537074261577,0.001,0.001,0.969796124308079,0.960924304639476,0.931902580770976,1.55048189495743e-07,0.061213155702368,2.53292266534374e-06,2895.6291565585,217.07804656352,2,6,0,178,186,488.936784656523,9080.06133647108,86.8544015753682,442.881707525073,,193568.303239622,,13074.4686274011
NRAS,RASA1,2932.69323649137,496.805862380015,0.001,0.001,0.974213713909903,0.97540711382083,0.95025596465132,6.48878812391576e-08,0.0537580455605486,1.20703572018952e-06,2895.6291565585,494.314011225175,2,5,0,179,186,487.821974404227,9059.31579269883,178.144831979038,1067.86433331735,,230125.720763599,,48240.2545904388
NRAS,ROS1,2939.98500648278,717.801758949708,0.001,0.001,0.970139652860081,0.961970555469112,0.933247662135063,5.66344493593829e-08,0.0634554284367638,8.92507556163169e-07,2895.6291565585,713.137975254688,2,6,0,178,186,488.850131010447,9078.45563884307,285.280903812666,1454.65710904867,,196229.838407879,,43569.9460480306
NRAS,SF3B1,2946.78467882815,2196.66405044472,0.001,0.001,0.965672111819753,0.953088717120585,0.920373655173351,2.89265403886907e-08,0.070430724216665,4.10709114671381e-07,2895.62915659593,2181.50410595226,2,7,0,177,186,489.982633974398,9099.52523695637,943.811392876136,4248.69351469853,,168630.255215224,,107912.038402326
NRAS,SMAD4,1500.91638149025,2610.79661911779,40296.9889937461,0.001,0.731336482496903,0.989127776760005,0.261559213150119,1.00484666172406,0.149117017128905,6.73864513300593,2895.62915658581,2601.01344481607,1,14,1,170,186,85.6406946043712,6609.07436729246,1502.18102686304,4164.52792995555,2273.37876323387,185499.442443358,,275352.572810129
NRAS,TP53,3219.91565521888,1348.88675135881,0.000999999999976353,0.001,0.809164251690447,0.764800502279305,0.618911318153149,2.57467297176683e-07,0.419588149293119,6.13619087217881e-07,2895.62915618831,1339.34191423055,2,40,0,144,186,535.360849915749,9944.73247403891,972.155543273836,1812.83401554151,,27875.7251291402,,11417.2785378785
PBRM1,PIK3CA,347.763719884115,1239.78454203056,19881.9182592179,0.001,1,0.99852221386818,0.01937941780319,2.17583306307289,0.189496105685294,11.4822046353101,684.572099396016,1233.51236682595,2,6,2,176,186,57.8247962057874,1073.89101783819,566.52756691648,2308.01128075669,3151.75738623196,71425.1011674525,,132954.536575031
PBRM1,POLE,688.799004313585,132.186093577388,0.001,38675.8824761634,0.984609293395438,0.490245612870643,0.00165769505182475,2.0694245418741,0.0699615374877733,29.5794606034174,684.572099396016,394.372924241964,2,1,2,181,186,213.830682277496,1600.22614011126,7.54232926049145,582.032654965049,,179928.475964945,5595.52315044749,229246.172852394
PBRM1,PTPRT,694.904962973554,145.577765341499,0.001,10071.1734770317,0.982259528524947,0.700420816526088,0.0119357428192164,2.03065039941357,0.148963483726999,13.6318670093342,684.572099396016,217.07804656349,2,4,2,178,186,215.724142236613,1614.46385217521,45.1926574674312,338.214372165785,,45406.6724514122,1448.05388465507,60794.3429998759
PBRM1,RASA1,690.603525606317,198.26426938706,0.001,70879.3262616688,0.989247454659606,0.505324523231,5.79961850550949e-05,2.99531342203683,0.128900636183968,23.2373827679321,684.572099396574,494.314011220037,1,2,3,180,186,214.391329673159,1604.41719860587,32.9665793317438,612.241251036792,,99234.8580171163,12436.5041370014,1094780.49000585
PBRM1,ROS1,692.004029205632,357.571959521334,0.001,83073.3831864324,0.992192540980793,0.701528855511574,0.000131764552689229,3.01145920367989,0.143648750398943,20.9640473398929,684.572099396574,713.137975251553,1,3,3,179,186,214.826461581521,1607.69163924069,88.9218276434933,927.267651800626,,80671.6921846911,14701.0817430534,1284969.46818254
PBRM1,SF3B1,695.804209276807,1566.75906475653,0.001,93134.7901925731,0.985253561685031,0.733689027170545,0.0146163399137145,2.09197910825097,0.169492153616612,12.3426309927183,684.572099396016,2181.50410595226,2,5,2,177,186,216.008219107832,1616.57971591598,561.814936766108,3367.64317077268,,41424.319247461,13479.0013800412,551136.564466491
PBRM1,SMAD4,714.891706154224,2628.79917838316,0.001,0.001,0.841628938412188,0.855773035194642,0.720280962238504,3.24656970536463e-07,0.33882960356241,9.58171798222653e-07,684.572099409142,2601.01344485104,4,15,0,167,186,221.921059444984,1660.98809082369,1512.49991284103,4193.39513054161,,7952.40821139647,,34985.6875414377
PBRM1,TP53,423.134272149657,1340.90423135709,2858.0601129472,1109.40344847739,0.968429919611039,0.999950859517164,0.431935078140116,2.13393330909877,0.901692980428309,2.36658525176179,684.572099404075,1339.34191423305,2,38,2,144,186,70.7020709424871,1294.06995396654,964.562847565335,1804.40675206592,200.453135146909,9694.5983839265,,26234.9664131167
PIK3CA,POLE,1239.03356401917,133.792497776919,0.001,13876.9267520129,0.983802684514679,0.740580128493041,0.0100896541858325,2.04848589637057,0.140928018638719,14.5356893267764,1233.51236681546,394.37292424158,6,1,2,177,186,566.18080568869,2306.63619646839,7.63397532388435,589.121754121676,,235351.899592018,2200.85034822849,49791.6652636595
PIK3CA,PTPRT,1248.89019062124,147.249692183793,0.001,3885.56698781411,0.988144132296382,0.914375357735503,0.0583759038237895,2.10099481332199,0.288668559400256,7.27822530339661,1233.51236681546,217.078046563637,6,4,2,174,186,570.674664934944,2325.04770468813,45.7110009350127,342.109714431367,,51981.6541371854,616.266917622103,13938.7795980336
PIK3CA,RASA1,1245.42298832198,301.320598974852,0.001,11581.4051740155,0.982529622117168,0.743622071739353,0.0328155943038615,2.1816536740815,0.237981941505144,9.16730765487241,1233.51236681546,494.31401121736,6,3,2,175,186,569.095161800473,2318.56126038142,74.9308957977225,781.425318367717,,63846.9160549556,1832.13314067795,41906.2605214843
PIK3CA,ROS1,1248.08668533274,483.050027545299,0.001,13768.7494667041,0.988721163270032,0.863370309505026,0.0506951398897221,2.14786883983191,0.272596179213603,7.87930647461081,1233.51236681546,713.137975255439,6,4,2,174,186,570.309623907952,2323.5388873066,149.95560546508,1122.26695814201,,54392.6431998231,2185.57608206751,49229.4820696034
PIK3CA,SF3B1,779.327831221378,2214.41820994925,36366.1232617062,0.001,0.731997861746188,0.978452342943268,0.00410811730147409,3.24481795926252,0.341081198190999,9.51332989467652,1233.51236680686,2181.50410592662,5,4,3,174,186,279.452527162759,1675.15651876618,951.427764884395,4283.11551751139,8092.45551547274,131652.680231053,,82154.2024802004
PIK3CA,SMAD4,1288.30469478083,2481.14984782781,0.001,7829.10251637945,0.99229541652474,0.986372049239129,0.919274058438754,1.02526806429439,0.702653988821543,1.45913647485859,1233.51236681579,2601.01344482616,7,14,1,164,186,588.642647861275,2398.69889108786,1397.49681755033,4018.18076726929,,12438.4172813273,436.837047068071,37890.5551331607
PIK3CA,TP53,1129.21742952779,1349.02260916785,2060.59959362569,877.841535911594,0.997479741807028,0.999422439521835,0.971041562974355,2.0682360383485,1.78376623851477,1.15947706246004,1233.51236681953,1339.34191422547,6,38,2,140,186,451.983133913209,2268.17324042861,968.091636756225,1818.62503494492,,7954.39204052514,,8186.67585322892
POLE,PTPRT,0.001,217.186622428293,38596.9770456779,45541.3964795406,0.50790240735139,0.999993581161198,1.42481960584755e-05,3.12649070263039,0.106553650660756,29.3419388565528,394.372924241964,217.078046564068,0,3,3,180,186,,533.055515788778,86.3196919394423,440.126353274183,8347.17993869572,158683.311092859,,
POLE,RASA1,132.769045076155,497.272876868719,24147.9950966726,0.001,0.557743893699073,0.976870979506596,0.003809782616167,1.94256950364157,0.0883623297103948,21.9841363396403,394.372924241964,494.314011222709,1,3,2,180,186,7.57259824208996,584.376340811954,178.342541734022,1069.10396266443,3636.89449287635,110111.405851676,,93807.1720352041
POLE,ROS1,0.001,713.467094734072,38184.7011388677,13476.076631202,0.567504421688816,0.999997525383378,1.43152129618466e-05,3.02784270638917,0.101906294258853,29.7120283728316,394.372924241964,713.137975252937,0,3,3,180,186,,333.156588034575,283.56499073892,1445.82466660405,8322.70101704529,153439.439358311,,
POLE,SF3B1,0.001,2183.5727083559,31049.0377815965,13594.9013968003,0.514876297815103,0.999996150474798,2.33807648278241e-05,3.2097239868152,0.124309435522268,25.8204373089622,394.372924241964,2181.50410595226,0,4,3,179,186,,286.168086301216,938.211598095837,4223.19639145803,6999.03561280836,108216.427280303,,
POLE,SMAD4,412.211056814125,2628.06718541027,0.001,0.001,0.876339811885757,0.859146297843456,0.752937415637571,3.8731004040754e-07,0.256414411435794,1.51048468078996e-06,394.372924241134,2601.01344483995,3,15,0,168,186,102.506198117915,1069.05438227227,1512.06752297978,4192.30283117736,,5986.49346918253,,37485.9915871915
POLE,TP53,296.006526894143,1350.34507317528,1171.984985218,0.001,0.893753751925848,0.943891655939097,0.846435398490263,1.02469459377213,0.665143526062084,1.54056162861379,394.372924241134,1339.34191420261,2,39,1,144,186,49.2116074658194,914.242859711811,973.18304167826,1814.79576236839,66.60747596481,5233.32963969545,,16609.8031775227
PTPRT,RASA1,146.343840694385,501.712534315104,5792.1921892628,0.001,0.986473818106648,0.98242783653717,0.0318773630332997,1.82046821571968,0.189199969936733,9.62192655912386,217.07804656308,494.314011223687,4,3,2,177,186,45.4297974742266,340.00477312803,179.898782723345,1078.48848567538,861.260738592783,27516.3406456799,,27134.9520996032
PTPRT,ROS1,150.892160988751,583.603600725236,6708.36837976347,13460.1239245254,0.861234487117957,0.942878360550471,0.00101522496654718,3.00770116448223,0.2145253319023,14.0202610936969,217.078046563456,713.137975255095,3,3,3,177,186,40.0146900034224,364.524708040498,175.128366036298,1312.40540749207,,33382.4849671655,,86171.2231789848
PTPRT,SF3B1,147.583526721869,1874.51904492155,5931.37606331704,35611.2343170399,0.796304094058839,0.934517375955305,0.00142016729880405,3.30633415194145,0.258429539538674,12.7939482376652,217.078046563456,2181.50410593868,3,4,3,176,186,38.6943374150305,359.816406968786,669.91889269386,3908.19151465979,,25206.9474414849,,251130.356831738
PTPRT,SMAD4,226.672133134957,2464.25612843879,0.001,11202.3163102735,0.981649081208723,0.952151592833941,0.77857665598222,1.04439195901073,0.520997122791118,2.00460216251415,217.078046563022,2601.01344484562,5,14,1,166,186,90.0809189459217,459.424461180384,1388.01135973097,3990.69973089442,,2876.00969982854,618.028169940395,57450.3739869513
PTPRT,TP53,163.104718834577,1359.76022238915,636.81744401398,0.001,0.899641457107275,0.945462916975545,0.770735682076053,2.03143967709013,1.34827020677982,1.50670070945347,217.078046563602,1339.341914206,4,38,2,142,186,50.6242194716045,379.07650518939,979.93412084413,1827.57209540331,105.119481441633,2004.24585636346,,9329.13734773894
RASA1,ROS1,199.329599176146,717.576421351373,29091.1547102692,0.001,0.771926318542399,0.986666344586808,0.000520845943997434,3.04048345318328,0.182386304929979,16.670568847538,494.31401122255,713.137975256381,2,3,3,178,186,33.1434556844806,615.542585014848,285.193897542047,1454.19062053089,5795.51937177439,130440.708430954,,72149.2641126579
RASA1,SF3B1,301.392424245838,2203.92511852935,11426.6459793724,0.001,0.947873649115179,0.985692459171926,0.0360626695355775,1.93209195571463,0.214468335605876,9.0087515728438,494.314011223687,2181.50410593629,3,5,2,176,186,74.9472529337357,781.623460118312,946.840138335003,4262.42159514033,1755.920984482,45270.2237243564,,123743.841685196
RASA1,SMAD4,411.703866954641,2632.83154243455,2470.16231891584,0.001,0.975821274209475,0.991787386301266,0.692283154540882,1.02275821330619,0.419928784548721,2.43555157669247,494.314011221031,2601.01344489415,4,14,1,167,186,127.801355044832,956.596898900994,1514.80122795871,4199.87098215629,139.309826288567,11383.8198753354,,52022.2961944883
RASA1,TP53,330.458250793334,1354.44313170622,1901.72893280991,0.001,0.783858346184955,0.930637792037387,0.553648639145655,2.22068597483406,1.13570413072948,1.95533846778183,494.31401122278,1339.34191421739,3,38,2,143,186,82.1669166062033,857.223903101773,976.139401186436,1820.35115977679,313.682095413525,5997.34529911171,,12239.7278985284
ROS1,SF3B1,590.466292826826,1598.81094803456,10623.0314782574,63490.3426414469,0.9364420542951,0.814797429598722,0.0014918103226493,3.10896178464537,0.242597913265432,12.8152865900531,713.137975254273,2181.50410591607,3,4,3,176,186,178.983788171374,1321.79400100782,516.516172538594,3551.11716018649,,63012.5837015984,,307417.359694805
ROS1,SMAD4,745.631364165535,2651.47312886393,0.001,0.001,0.76753082847192,0.754416576296498,0.579131433277725,4.65232879713617e-07,0.497444887816457,9.35245071581227e-07,713.13797525647,2601.01344485104,6,15,0,165,186,296.320983784062,1511.24500059771,1525.48331020442,4229.7968289989,,5394.78518817786,,18837.0835457662
ROS1,TP53,399.338097161981,1354.16022554275,3264.16864056403,0.001,0.864535956602636,0.960590283604706,0.286812551356096,3.05980037233929,1.32804855266907,2.30398231012698,713.137975258046,1339.3419142168,3,37,3,143,186,99.2937473657016,1035.87969716002,975.940605952229,1819.96320907847,803.882550105945,8649.88149936317,,14041.9082813866
SF3B1,SMAD4,2283.64539281091,2654.45044281771,0.001,0.001,0.728449686383826,0.742482260156053,0.540970192983933,2.73825120834792e-07,0.614283409493346,4.45763497113881e-07,2181.50410591232,2601.01344485615,7,15,0,164,186,981.10199360389,4417.52439310858,1527.19533562332,4234.53901313146,,13780.4944602602,,17717.8044630159
SF3B1,TP53,1754.30568114216,1363.79460772789,5531.95645456377,0.001,0.932226334620999,0.955221766994937,0.873580548789963,2.05413513038743,1.57157955104892,1.30705132235683,2181.50410588908,1339.341914206,5,38,2,141,186,628.953238116839,3772.36191660573,982.835418492141,1833.04874340639,913.370144574396,17404.6662452028,,7776.04560404811
SMAD4,TP53,2913.98024018458,1175.2506620106,0.001,5649.24688753513,0.950896445400927,0.908515241658618,0.256211666422836,5.91715114291568,3.28491225064588,1.80131178291056,2601.01344480266,1339.34191422244,9,34,6,137,186,1675.90286792706,4650.95023983974,822.508424746669,1617.38402476865,,9300.45703150417,2109.07630900681,13099.4935307993
