variant_A,variant_B,ces_A0,ces_B0,ces_A_on_B,ces_B_on_A,p_A_change,p_B_change,p_epistasis,expected_nAB_epistasis,expected_nAB_null,AB_epistatic_ratio,ces_A_null,ces_B_null,nA0,nB0,nAB,n00,n_total,ci_low_95_ces_A0,ci_high_95_ces_A0,ci_low_95_ces_B0,ci_high_95_ces_B0,ci_low_95_ces_A_on_B,ci_high_95_ces_A_on_B,ci_low_95_ces_B_on_A,ci_high_95_ces_B_on_A
ADGRG4,AKAP6,339.297558668203,334.427669660989,3103.0753309342,196.304953095651,0.953776060021496,0.999853605025551,0.468830290266715,1.17532314470246,0.279100972297661,4.2111037271808,355.815103121929,332.407113181836,17,7,1,531,556,202.489802610992,527.055965247116,151.375523758323,624.981988297805,,15986.6532067866,,9950.0705815538
ADGRG4,ANK2,337.423869480796,619.248055916035,0.001,14404.0898994583,0.945463009269224,0.400127679435652,0.014398963987291,3.93167156002384,0.530947668005025,7.40500768144749,332.137147531879,766.616653672649,11,12,3,435,461,190.083631401032,546.325255240685,331.591288690226,1038.63447981353,,6272.89833089774,3438.20982381651,41331.3998815565
ADGRG4,ANK3,359.980399208028,334.372825856863,0.001,4558.9904838232,0.94744796000095,0.662767727623579,0.136750766380134,2.43220704128269,0.473130427752185,5.14066925020646,355.815103124461,395.557459856034,16,10,2,528,556,218.21270571753,552.786737220335,167.535533393592,586.485638538995,,6488.38254055757,740.293612961965,15041.354212741
ADGRG4,APC,358.559853925969,274.490977066133,0.001,4981.57958253355,0.986650210294415,0.763673615632505,0.0878913982103916,2.79004519003037,0.421256759548961,6.62314639892701,355.815103124518,331.642333951331,16,9,2,529,556,217.375259922328,550.650610326098,131.894471218981,494.836312322964,,10274.0892689838,810.776145186628,16323.2405730664
ADGRG4,APOB,360.178148185889,168.392307748949,0.001,3243.30502132558,0.959171348282714,0.587959940810445,0.0231983755506325,3.63971305336329,0.538248484380354,6.76214268871268,355.815103122694,207.948748954747,15,12,3,526,556,218.354588191956,553.141754899624,90.1708672806517,282.431696450138,,6858.20310511807,784.678890271035,8982.08803541157
ADGRG4,ARID1A,367.947552332625,501.873053682268,0.001,1080.67928102657,0.884834466385954,0.896353783252657,0.882975438093386,1.28378517204716,1.21104882455604,1.06006062349946,355.815103122592,509.730209007804,17,34,1,504,556,223.059006699372,565.09402031028,351.497524335628,690.044001659169,,1926.7777863317,61.072292972557,4937.73928430394
ADGRG4,ARID1B,359.107405193336,252.979677499799,0.001,0.001,0.848405439307327,0.893267044563875,0.757862645410225,1.01262599094647e-06,0.290571895215424,3.48494127484603e-06,355.81510312431,249.413932720402,18,8,0,530,556,217.705164844723,551.498033921319,115.60572125441,470.919398473489,,4412.38847310347,,4358.95873993993
ADGRG4,ARID2,358.73829072019,320.080908464316,0.001,5587.17312678278,0.983509175412115,0.728178491165291,0.0931519312492359,2.50968876934121,0.378801181725388,6.62534567054389,355.815103123936,386.51117952769,16,9,2,529,556,217.485816514765,550.932365928523,153.799342013193,577.019141264394,,9663.17873623569,911.551371750754,18177.0696567963
ADGRG4,ASTN1,360.311046471485,132.548110932869,0.001,889.364017597214,0.93713294227787,0.746349327781069,0.581724074786819,1.39280522612202,0.467852294395786,2.97701912079062,355.815103123049,142.726969596371,17,11,1,527,556,218.430347120716,553.33840149848,68.8285604039391,227.034146899227,,5063.11247223241,50.1275460027148,4111.80918877942
ADGRG4,ATM,361.897748248526,422.957888599287,0.001,1879.25851795016,0.928967020799613,0.823652864489226,0.737754577610001,1.35005176150596,0.653411883844455,2.0661573425367,355.815103123143,442.027044761212,17,17,1,521,556,219.393154063994,555.784364566796,252.410257406148,657.101735387237,,3792.07260650649,106.156457632313,8599.65924598204
ADGRG4,BAP1,364.503267128187,503.075459102798,0.001,3054.51861262482,0.929488120229221,0.728766080498302,0.411602053654578,2.4161870776824,0.905122104716241,2.66945980558046,355.815103123831,537.881835143338,16,24,2,514,556,220.972702204071,559.797294909223,327.687363267205,732.082465192888,,3192.30378669329,498.574140194309,9925.15207684826
ADGRG4,BRAF,360.234246648575,1061.36741478123,0.001,13810.6998583198,0.94752298618992,0.600149217591376,0.141880517372302,2.50698695373476,0.481938562997809,5.20188079190119,355.815103122377,1223.23764645997,16,12,2,526,556,218.409006691773,553.279010663672,568.364878706283,1780.21690917954,,5910.40026171207,2255.19195650133,44813.1073247995
ADGRG4,BRCA2,361.194363978051,654.875484395817,0.001,3735.34081804099,0.918347839760112,0.740874829825035,0.6314259163587,1.27082895153288,0.485614141622793,2.61695210787335,355.81510312479,696.017166262607,17,13,1,525,556,218.968976456972,554.707992647982,360.243893889736,1078.12245040137,,4161.9376106853,211.092834612093,17068.2462696556
ADGRG4,CDH8,359.382083638808,126.522156696279,0.001,833.855563674361,0.983817478052447,0.902761748402929,0.618177618450952,1.3771757906824,0.473247662090482,2.91005302508836,355.815103123049,136.20502639183,17,11,1,527,556,217.874073700487,551.918542623718,65.6963011229983,216.697814648403,,6736.75976105364,47.0013651963017,3850.92478570219
ADGRG4,CSMD3,365.56105423524,355.924933521079,0.001,4074.36298668536,0.93287946083684,0.585019913821439,0.0335973681571824,4.46190520929331,1.03951070371412,4.29231290582302,355.815103122663,405.633710661631,14,26,4,512,556,221.612294804289,561.427541276788,236.036931814431,510.841724966353,,3486.80175673932,1223.23450137109,10187.0308645586
ADGRG4,CTNNA2,361.448678490425,126.406274815572,0.001,1663.22891034935,0.895427656948501,0.407678339503461,0.132505840448574,2.71715148013323,0.53331094126998,5.09487293409516,355.815103123055,145.710266783475,16,12,2,526,556,219.121760553442,555.105889219945,67.6870541025077,212.017378855005,,4368.52028242979,270.427753905765,5466.01265199234
ADGRG4,CUBN,360.836269005021,229.273145278948,0.001,6648.04262331556,0.920963260976835,0.264956537469367,0.00189612883438491,4.83527509626958,0.568427124516981,8.50641161851369,355.815103126115,309.101661701058,14,11,4,527,556,218.751754689471,554.157851160066,119.04771320077,392.683435234547,,5727.08076597226,1981.98466437507,16879.4865559155
ADGRG4,DMXL1,349.909237248314,366.578061924981,2143.1402326767,3839.7214243082,0.990269858965152,0.969325878946803,0.304171611640896,1.21204829666547,0.175370677341388,6.91135094555182,355.815103125295,414.980552595118,17,4,1,534,556,210.05054437436,540.685277172524,115.295691543906,838.47687943413,,24484.5129109198,,24743.3437721899
ADGRG4,DMXL2,359.932103585336,328.852816212382,0.001,3491.07571730766,0.901172810463073,0.546040039136917,0.404661878164684,1.37537242578426,0.305942431894156,4.4955268782726,355.815103123396,370.962872294987,17,7,1,531,556,218.203120571626,552.770675465197,141.29881355758,636.015554029248,,5158.94811358948,196.905154084404,16078.8992260535
ADGRG4,DNAH5,342.980259857659,362.036882019987,0.001,0.001,0.640031255184234,0.803247740722162,0.514169386745526,1.79071599386901e-06,0.591653985493261,3.02662711276438e-06,332.137147532945,356.945734721047,14,16,0,431,461,193.20503074604,555.357446173483,212.323122501351,569.627426070895,,1478.44214273849,,3246.04924313579
ADGRG4,EPHA2,361.949431264371,925.198453487203,0.001,0.001,0.737035710278413,0.737643151579792,0.543700837243493,1.26709711057056e-06,0.628793181481323,2.0151253987607e-06,355.815103123644,909.547055381078,18,18,0,520,556,219.426903245,555.866638130131,560.887154678949,1420.88672257654,,2300.01112187844,,5883.27186177196
ADGRG4,ERBB2,359.985092671155,641.299866981815,0.001,0.001,0.812305303385375,0.877324782662788,0.712670711267848,7.40158324066256e-07,0.328811531068433,2.25101085007938e-06,355.81510312331,631.961652822327,18,9,0,529,556,218.235156303601,552.849750782699,308.144500467196,1156.10442028543,,3464.02122800197,,9523.24189102221
ADGRG4,ERBB3,335.995947034514,765.656916442328,0.001,10295.5943636073,0.923340245848146,0.551269401199903,0.345449151181456,1.30038527659366,0.234310036878716,5.54984879826878,332.137147533498,882.536201187216,13,6,1,441,461,189.265828105045,543.975356220052,304.304372363356,1551.50506459363,,6473.87466172383,580.230703792516,47657.3410539199
ADGRG4,ERBB4,358.83983571205,153.905811553936,0.001,2693.55287510278,0.967243076130097,0.714506599232267,0.0921142904189178,2.70059490827523,0.417874124779812,6.46269952631846,355.815103124721,185.780281641106,16,9,2,529,556,217.552808571436,551.105508190773,73.9421553562892,277.41425576821,,9014.29441292752,438.735882075605,8779.8413809822
ADGRG4,FAT2,359.752316104666,187.198192478624,0.001,1377.56875897128,0.945949318486314,0.764187708154432,0.552791607195271,1.35324125667877,0.416454149338682,3.24943636370938,355.815103125734,203.194461859367,17,10,1,528,556,218.095873198432,552.48921351189,93.7977332007591,328.348262571039,,5852.76729049912,77.7453522904515,6329.69969969479
ADGRG4,FBN2,360.873160142191,207.754368755128,0.001,1121.57552938915,0.935986475605673,0.808605326662902,0.668413947931215,1.44693852170117,0.595456749615719,2.42996409501607,355.815103123143,219.685813027792,17,14,1,524,556,218.774464027875,554.213258572623,117.036882029268,336.373109261835,,4546.48047708082,63.2232599625375,5179.16636649644
ADGRG4,FBXW7,359.493544806095,547.594772506911,0.001,10473.5503419981,0.932558975724183,0.445191269150142,0.0774025131268615,2.62178574615782,0.377314004546237,6.94855137781281,355.815103123348,675.97628064216,16,8,2,530,556,217.938848215605,552.092600521514,250.236289365838,1019.35156904615,,6834.94945700773,1706.08982204388,34236.9713524878
ADGRG4,FGFR2,360.554378073618,749.669870842785,0.001,0.001,0.789539486672495,0.810429146509773,0.639885145130257,1.04751318505143e-06,0.489877466667878,2.13831673495121e-06,355.81510312431,738.415970064003,18,14,0,524,556,218.582168034424,553.719483358665,422.3232226511,1213.76401533437,,2981.93913041975,,6915.87509232292
ADGRG4,GLI3,362.306348974826,135.110190412617,0.001,1396.26122062617,0.886333089635495,0.484331473198098,0.190113832646552,2.69009120585003,0.645775329705486,4.16567664032146,355.815103123033,151.214104226014,16,15,2,523,556,219.645272421912,556.434873557663,77.7477573776248,215.488777624984,,3811.60325323392,227.198473419296,4579.35935912754
ADGRG4,GNAS,361.419510156822,714.507493786465,0.001,0.001,0.756425513733838,0.804442667809642,0.60852798323332,1.26204872328748e-06,0.579076656665611,2.17941564171227e-06,355.815103123219,704.108062942517,18,15,0,523,556,219.105876820223,555.050228707894,411.151961073328,1139.56085968208,,2516.15550770141,,6398.83837248149
ADGRG4,HMCN1,367.937337841079,196.084347810016,0.001,4220.7959586896,0.849679467738743,0.202700328448955,0.000115988846015562,7.95588334260164,1.38295948631972,5.75279566849316,355.81510312298,239.559836497964,11,30,7,508,556,223.052514169892,565.094147060535,134.008672806353,274.893411013816,,2776.81931060777,1683.71734075223,9472.27482834151
ADGRG4,HYDIN,338.367221937927,313.563564504044,0.001,0.001,0.772351641040228,0.861774089085481,0.66562106991471,1.47939553544205e-06,0.459089154985616,3.22245803320796e-06,332.137147532566,309.630998021896,14,12,0,435,461,190.614280278681,547.856055721959,167.900356028318,525.94679194295,,2562.71181985447,,4156.11394966021
ADGRG4,IDH2,359.516150496177,3756.2234356119,0.001,0.000999999999976353,0.831367730179959,0.780379418049232,0.648798487597801,5.635311605863e-07,0.355170884422645,1.58664796384523e-06,355.815103122737,3678.99264181529,18,12,0,526,556,217.954352037514,552.120961000991,2011.35975767115,6300.13309256552,,3817.45104794858,,29309.586319947
ADGRG4,KMT2C,360.459572877417,289.972830613347,0.001,3859.92222657512,0.936673402601943,0.544263107122129,0.135314622186315,2.65480179428077,0.505647241137292,5.25030412172256,355.815103125263,334.293583892265,16,12,2,526,556,218.5236761342,553.576717519457,155.27437473127,486.349788526245,,5645.81729784632,629.450287785485,12577.0261199061
ADGRG4,KRAS,391.088352350941,9319.46148624031,0.001,29041.7415116177,0.795010273583115,0.670904373292807,0.594130026013929,3.94378770667655,2.72687290750771,1.44626751610549,355.815103125834,9631.40354524385,14,82,4,456,556,237.057325256603,600.723038830213,7443.06701343287,11487.9710068291,,1034.84763209624,8727.1544039224,72460.7981657219
ADGRG4,LAMA1,361.059506077773,159.339819473389,0.001,814.30538308029,0.94729077785185,0.826720376105758,0.695435854856265,1.33178068445249,0.571177928720549,2.3316389123013,355.815103122568,168.424999366916,17,14,1,524,556,218.887582429096,554.503305283306,89.7628001287138,257.986369503211,,4488.18761225213,45.9441728658681,3745.29789862149
ADGRG4,LAMA2,360.23120466395,259.320232420182,0.001,4652.59568694967,0.956185023131274,0.686059345406309,0.0277373669894696,3.78239343914549,0.609392903292344,6.20682226312532,355.815103123343,315.248248691077,15,13,3,525,556,218.386786239472,553.22178795311,142.650191017495,426.919995305801,,6648.32129698401,1121.99938839526,12995.15643473
ADGRG4,LRP1B,368.001653669353,165.278366141519,0.001,1135.67555171355,0.917362924961594,0.606499876135738,0.215283063829884,3.66880911885124,1.29660469445232,2.82955100698669,355.815103123025,178.116261967929,15,33,3,505,556,223.090479092769,565.180761909158,115.098821530821,228.284386913142,,2594.35939919606,274.737997777179,3143.61495348167
ADGRG4,LRP2,364.068295329056,325.76493328786,0.001,0.001,0.664057216933629,0.736081139348123,0.488847127828221,2.39872255708169e-06,0.781047628743163,3.07116041174292e-06,355.815103124211,320.968138533972,18,21,0,517,556,220.708133417782,559.132509326783,205.537435516098,485.666034767472,,1714.94052026099,,2064.33679767745
ADGRG4,LRRIQ1,358.896387544582,255.762089963985,0.001,6988.13733245503,0.970417570946759,0.659065046467244,0.0105824958589017,3.52150667389877,0.41081961399594,8.57190492840872,355.815103124366,347.180737424396,15,8,3,530,556,217.577565768909,551.172797513354,116.876730776997,476.101997424088,,10365.8207959319,1690.35711820869,19358.1176345337
ADGRG4,MACF1,340.089047460285,1203.84094380114,0.001,10725.3510797735,0.945198731069329,0.636178516994586,0.249588871997219,2.55729193856226,0.721513405988599,3.5443443147925,332.137147532132,1322.43671525563,12,18,2,429,461,191.581635151592,550.65019731498,729.778514549809,1848.92222942009,,3984.45168793152,1734.33996121003,35803.9210757574
ADGRG4,MED12,360.492641199342,399.149386318124,0.001,0.001,0.792070333537962,0.855339443275334,0.677512498149458,1.02619133290557e-06,0.373198020868795,2.74972340559746e-06,355.81510312331,392.891718641502,18,10,0,528,556,218.544275637527,553.637235483833,199.997656141036,700.124719628593,,3074.74891300819,,4971.6253010392
ADGRG4,NF1,361.415973246143,359.863359886227,0.001,8407.90802681408,0.879317880292583,0.190916265229067,0.0131516082474542,4.00928695299321,0.512845806448737,7.81772396805973,355.815103122994,453.058167585683,15,11,3,527,556,219.100772225211,555.053009269909,186.856283694117,616.348405411957,,4408.10105253712,2027.64724686924,23471.1135900368
ADGRG4,NRAS,360.308657325753,4090.30083024284,0.001,0.001,0.799051867515899,0.814584508090612,0.650913670162665,7.35616504602982e-07,0.469385932727408,1.56718907260092e-06,355.81510312331,4034.3257638828,18,15,0,523,556,218.43430082553,553.339778137116,2353.70833388851,6523.48638307652,,3129.26405161411,,38699.8809399917
ADGRG4,PBRM1,364.659734344752,726.939011106828,0.001,0.001,0.644942701526999,0.769237689382287,0.496160427051677,1.47717988864711e-06,0.678842819823358,2.17602638712668e-06,355.815103123162,716.229234690168,18,18,0,520,556,221.065562077586,560.046588691417,440.686076102725,1116.43969797199,,1601.99085783559,,5377.49717298665
ADGRG4,PEG3,338.843507844076,175.366009599716,2307.71885803396,0.001,0.924910254615661,0.99085689348379,0.603220575497511,1.50673631523885,0.501410243684261,3.00499707418751,355.815103123783,173.098906702195,17,12,1,526,556,202.217024000129,526.414957269266,96.4665468885485,288.697512915474,129.819671440683,10750.1631223599,,3478.74084868105
ADGRG4,PIK3CA,366.003147003792,1040.95727427771,0.001,3065.65230603471,0.857391195028288,0.806594344627422,0.806592819669856,1.37956194299398,0.975904589640227,1.4136237882666,355.8151031248,1067.18196096503,17,26,1,512,556,221.880626271172,562.111660148721,690.331304179674,1494.04073626852,,2208.6478022403,173.177831734567,14037.6063521636
ADGRG4,PLEC,362.692566199093,266.38749353132,0.001,1404.51511728757,0.865012967741783,0.668709036362691,0.625625295108573,1.2505840773596,0.516272155514544,2.42233493323536,355.815103123002,282.79039564288,17,13,1,525,556,219.873043210772,557.022956130112,146.534817277404,438.567823613294,,3148.68675932649,79.2021959271774,6475.1828472546
ADGRG4,POLE,359.771203666363,308.27458400744,0.001,2497.71640013381,0.933258287494658,0.703666039106683,0.510257495986921,1.26806115243815,0.353927986452659,3.58282249772798,355.815103121945,337.970832775992,17,9,1,529,556,218.107233569298,552.518454101641,148.127138448325,555.742299828626,,5666.80571319176,141.062176678867,11443.2967299442
ADGRG4,PREX2,358.213096727284,130.127852427942,0.001,0.001,0.886892676157788,0.895240942771192,0.793988388708257,1.59491289756022e-06,0.294998586447988,5.40651030489405e-06,355.815103122737,128.33417010892,18,8,0,530,556,217.165319136528,550.116604004755,59.4656146491103,242.230176392835,,5945.31430213153,,2284.3311088653
ADGRG4,PTPRT,358.011401451907,90.9235358451673,0.001,1099.66097828991,0.976456865524772,0.809177707566969,0.398776822744222,1.33910075077638,0.267231900814765,5.01100634577531,355.81510312518,104.66325586696,17,6,1,532,556,217.042767670267,549.807799608475,36.1379261278786,184.248314632742,,10791.0772454468,62.0407753171977,5059.56511453249
ADGRG4,RASA1,360.670824080728,329.374879767539,0.001,2406.6995837184,0.903314478914834,0.655984054041414,0.531266225076386,1.35588963401356,0.420315185299541,3.22588781332579,355.815103123653,357.440733422486,17,10,1,528,556,218.649029113745,553.902508892344,165.03412853988,577.72452916994,,4495.85233954894,135.71428293733,11093.4830667541
ADGRG4,ROBO2,358.953721941076,224.850640765667,0.001,0.001,0.854919276046445,0.878090572247301,0.750707407365147,1.30854034971462e-06,0.349063630138054,3.74871581206297e-06,355.815103123219,221.607065544822,18,9,0,529,556,217.612259839287,551.25575913268,108.041425387761,405.351479344083,,4563.82080009628,,3370.10285468383
ADGRG4,ROS1,351.900930419604,161.625114946879,1281.01441875452,1558.70585443375,1,0.992262209801041,0.368191831793073,1.22886009673925,0.217073749187759,5.66102580960325,355.815103124203,181.372976808706,17,5,1,533,556,211.630456191179,543.05980255315,58.2710619172193,344.974112328356,,19129.7387888468,,9149.98772445344
ADGRG4,RYR1,337.577568066634,291.297925649558,0.001,1551.96684935332,0.979230883715648,0.905651314855767,0.703521976226506,1.21301405114242,0.505963262263795,2.39743503454208,332.137147533498,309.416932402382,13,13,1,434,461,190.173124078077,546.580160285235,160.235207941136,479.589246978508,,5067.46544634185,87.0869369333697,7305.25646057487
ADGRG4,SACS,362.697677894267,182.730541676879,0.001,2832.45739252874,0.897938131352664,0.312108037533005,0.0353209608951918,3.94630460416754,0.704709887254309,5.59989958356216,355.815103123452,214.598021905133,15,16,3,522,556,219.878940850869,557.021449667633,107.176610480739,287.466870434923,,3989.34360269652,684.563736447834,7860.29514755652
ADGRG4,SF3B1,360.008611605657,693.409740652324,0.001,9529.90417263293,0.959675363149211,0.596145461216678,0.131307216394031,2.7908009213339,0.524081163480828,5.3251311357921,355.815103123936,799.861713325144,16,12,2,526,556,218.252450935854,552.878330867419,371.307541326045,1162.99973825705,,6355.55346478846,1551.64711094714,31187.9022610311
ADGRG4,SMAD4,363.41474646166,873.227970448922,0.001,6543.33834188885,0.916407712282454,0.643055567932683,0.309317966663785,2.35653257210302,0.73222542624812,3.21831568206768,355.815103123111,952.261127375087,16,19,2,519,556,220.312652268397,558.125776269344,537.070762468203,1326.87557758209,,3543.62267680118,1067.99962818172,21263.6983300906
ADGRG4,SPHKAP,357.440568464765,250.045492326531,0.001,0.001,0.921914555125113,0.897847863050926,0.827743089644655,8.9191833735824e-07,0.254586725215626,3.5033968742982e-06,355.815103123219,246.216275404932,18,7,0,531,556,216.697508172088,548.928061511674,107.439128432694,483.5877823796,,8897.25778760197,,4504.76893006621
ADGRG4,SPTA1,360.402666727743,136.625727437786,0.001,860.13172815938,0.937898995083076,0.772055384463734,0.608178737201568,1.24894802699839,0.440026733139517,2.83834579341886,355.81510312518,146.960144956533,17,11,1,527,556,218.491084258013,553.493415322785,70.9446591791571,234.01030134542,,4985.565055814,48.5795508953515,3937.60762710423
ADGRG4,SYNE1,370.980248678085,225.627947916368,0.001,2513.23552876282,0.755655307243754,0.149281152246914,0.0287661620097586,5.08531841774405,1.24654460664065,4.07953184398961,355.81510312518,252.979974340067,14,30,4,508,556,224.888113385349,569.782800470985,154.198640499248,316.323012192905,,1841.81791734343,751.249810745643,6341.10476900346
ADGRG4,SYNE2,311.109442916526,1001.81997219866,2624.98209630009,0.001,0.858122519529541,0.981284568288875,0.516503368816313,1.53058639207167,0.424040131969592,3.6095319208641,332.137147531015,989.451682131181,13,11,1,436,461,171.140464228218,512.177297635059,536.454933559392,1680.27506058816,147.054366331148,12447.199937007,,21928.6477236068
ADGRG4,TENM1,360.874964267395,283.138607859988,0.001,3033.8628274133,0.964107605302841,0.687535450651849,0.194489828485078,2.6055120852277,0.609568283834877,4.27435638356391,355.815103122538,319.592763286805,16,14,2,524,556,218.771049186696,554.200475584022,159.502363328679,458.421218991513,,5535.29241964551,493.96606128834,9926.22629089909
ADGRG4,TP53,272.587331936267,753.236414239982,1270.55444146101,1149.39836974725,1,1,0.0745258636992022,7.49223463353499,3.24005962493,2.31237554268677,355.815103124377,758.023841533382,11,89,7,449,556,142.823647480557,461.80074536189,610.11384065681,917.026770366026,324.696386239441,2856.25709856878,,5516.99232325774
ADGRG4,TTN,336.950199474331,534.363036612979,0.001,8536.21747792825,0.95522845610385,0.525925799617227,0.102748088942549,3.01153851273636,0.533358580082625,5.64636742558792,332.137147532142,617.519532485398,12,12,2,435,461,189.818483338488,545.553430782988,286.137086268539,896.268883410014,,6290.21429632849,1378.16845345422,28646.0586602274
ADGRG4,XIRP2,320.401899610447,309.530107508879,2990.14241729646,0.001,0.880917343868408,0.980970911529019,0.243559935311229,2.53606458079401,0.659785773267161,3.84376972579418,355.815103122689,305.528421758228,16,17,2,521,556,187.922805832815,504.02361420134,190.378889116011,470.331077907405,487.734063778317,9736.48393774266,,4935.40989685177
ADGRG4,ZFHX3,337.251783868747,267.657502845033,0.001,5170.5215092504,0.921318877039425,0.35419932187714,0.0743649595647419,2.70606930289899,0.393571191918456,6.87567931409893,332.137147532526,323.739257244925,12,9,2,438,461,189.986056834758,546.049172193649,128.607703901458,482.53384238217,,5520.20868775602,834.82505512692,17341.6873328757
ADGRG4,ZNF521,360.354578475552,238.632049276154,0.001,1372.9919011429,0.954658256373453,0.833827756479221,0.653695930640864,1.37093180541895,0.526525891509493,2.60373103683208,355.815103122067,253.642162905398,17,13,1,525,556,218.461594383238,553.415185006264,131.265737756981,392.846379303511,,5144.16499178317,77.5136392506398,6299.54858021014
ADGRG4,ZNF536,335.296088851965,137.674257288944,0.001,4649.48791570302,0.982298154631331,0.569973644848619,0.00620151231756736,3.82203377293325,0.387626994232288,9.86008154695973,332.137147531241,187.43786380383,11,8,3,439,461,188.890394978347,542.871329848988,62.9150085353935,256.285826990161,,11031.3890792136,1111.76664613212,13272.0945014783
AKAP6,ANK2,308.39845835595,666.637891880177,0.001,26147.4119870672,0.965043362098253,0.427778918102245,0.0233921763158866,2.44113884056848,0.211703903563256,11.5309108593696,302.870320976668,766.616653670328,4,13,2,442,461,122.572628139485,624.954004544562,366.711544429834,1097.49879914715,,9989.16859991959,3955.78292575544,113033.707795273
AKAP6,ANK3,337.06251580503,398.292345231662,0.001,0.001,0.895121481579308,0.921537897543027,0.824895138256665,5.41173172462217e-07,0.19186667569391,2.82056886900758e-06,332.40711318652,395.557459855078,8,12,0,536,556,154.028739911571,627.443610403797,213.275103797785,668.034433521844,,6018.7292221133,,9911.83870666425
AKAP6,APC,335.425054050844,303.239854921402,0.001,5129.37962113261,0.989075902281067,0.901090762923642,0.301619845045248,1.18448518177405,0.172529686448031,6.86539926061266,332.407113184676,331.642333954306,7,10,1,538,556,153.282045489902,624.386031366373,151.944371403126,531.873394356213,,15253.9730454966,284.586995546996,25519.4920629366
AKAP6,APOB,337.137393177856,195.275829096865,0.001,2218.12452613605,0.980480697749746,0.873820979854988,0.412881304615258,1.12706103015712,0.231123682164629,4.8764411314385,332.407113181357,207.948748954727,7,14,1,534,556,154.036812078527,627.467413437507,110.012578886435,316.174424602756,,9775.62726122812,123.290340497262,10938.0116404445
AKAP6,ARID1A,343.785458195593,498.415857507857,0.001,2211.75133778729,0.966277207882834,0.919307431735738,0.768819886901484,1.07690911577597,0.524175003670882,2.05448391898546,332.407113188368,509.730209011753,7,34,1,514,556,157.09965022368,639.967622174552,349.078624224358,685.285103357461,,4114.21046859164,122.95172277182,10900.4611356216
AKAP6,ARID1B,334.912924396223,219.516435097456,0.001,5124.27386958291,0.987120424287245,0.799524138069207,0.229551901980654,1.12848901863857,0.121454543994784,9.29145161244054,332.407113186525,249.413932721398,7,7,1,541,556,153.048575146305,623.434771120932,94.320484920985,424.537583995746,,18322.6733959082,284.576153192966,25320.2267231547
AKAP6,ARID2,335.693316345086,353.447273801791,0.001,5700.98395987234,0.991085068150544,0.866603915123026,0.313777595926388,1.11335065228886,0.165081038872588,6.74426729982091,332.407113185173,386.511179527927,7,10,1,538,556,153.404081658962,624.88402217616,177.101513355027,619.93524945682,,14101.6847485016,316.57347966911,28225.2829000561
AKAP6,ASTN1,336.860439375809,143.681450705368,0.001,0.001,0.899354303507451,0.923865450719176,0.830888121566128,9.65923034965859e-07,0.189184607610421,5.10571682953688e-06,332.40711318675,142.726969596378,8,12,0,536,556,153.937228426004,627.06305002504,76.9380312718972,240.988294946117,,6229.81417290253,,3684.43488309019
AKAP6,ATM,338.358560330591,420.037343734553,0.001,3967.0984280383,0.968409336541593,0.833691427160723,0.469904605702464,1.12617558799246,0.273805645207771,4.11304736663805,332.407113188155,442.027044762136,7,17,1,531,556,154.620947103612,629.858646489128,250.664500588777,652.548426437966,,7631.37490605785,220.569393423433,19533.0579476081
AKAP6,BAP1,340.743826235473,520.507523462523,0.001,3160.84935414869,0.9779263808821,0.916738367756544,0.645695571874156,1.07363883657951,0.389959228484432,2.75320792061309,332.407113188155,537.881835143663,7,25,1,523,556,155.710568148128,634.299184538041,342.199759783683,752.075417963265,,5625.90521180855,176.01917080935,15443.1384484707
AKAP6,BRAF,336.841301720961,1231.98731191203,0.001,0.001,0.899779656601507,0.905662878926518,0.814902592611074,4.04543235708876e-07,0.208187481272404,1.94316792362529e-06,332.40711318675,1223.23764647616,8,14,0,534,556,153.9285046651,627.02415577713,694.041394106593,1994.66353257797,,6226.17068248919,,24887.8575715142
AKAP6,BRCA2,337.391402918342,701.022338404945,0.001,0.001,0.888148441601308,0.905287318123575,0.804035853456322,4.78176087986143e-07,0.211494651728086,2.26093702171213e-06,332.407113182014,696.017166263457,8,14,0,534,556,154.179535292115,628.052508447665,394.920749698572,1134.99568541533,,5558.91261890668,,14105.8798768052
AKAP6,CDH8,336.484336694974,137.124508129263,0.001,0.001,0.907465763855563,0.923028180423803,0.837621041067559,1.0055703974941e-06,0.190641638896727,5.27466299237401e-06,332.407113182014,136.205026391727,8,12,0,536,556,153.764274687669,626.355237072329,73.4273462680597,229.98693878635,,6799.61726724338,,3465.43421068963
AKAP6,CSMD3,343.139418320751,394.711893983021,0.001,2005.41229777818,0.957498475526185,0.869031791066042,0.704274936266226,1.0534164264237,0.449931068413874,2.34128403299037,332.407113182851,405.633710663736,7,29,1,519,556,156.803561065612,638.772349463721,267.907812128809,556.341760153711,,4333.84043729799,111.859002325762,9720.32619999747
AKAP6,CTNNA2,337.777398188292,146.718220656638,0.001,0.001,0.880067550536522,0.90906600377507,0.80004774282245,1.09237981654915e-06,0.216522870420025,5.04510130698934e-06,332.407113186487,145.710266783648,8,14,0,534,556,154.356030021087,628.774524926995,82.6519616030419,237.551684933738,,5161.7383484307,,3099.96344549205
AKAP6,CUBN,337.972770841709,290.129518990474,0.001,3358.7399178729,0.971579437264993,0.745961405543277,0.40049020747817,1.14193522695924,0.232848961729165,4.90418861428063,332.407113186595,309.101661703312,7,14,1,534,556,154.444435476101,629.140548587245,163.44272332037,469.743545615657,,8235.96751486557,186.510809499988,16570.9408309777
AKAP6,DMXL1,333.61901570966,333.884203387737,0.001,13397.3292372681,0.999883291481046,0.890458870519194,0.143037534776954,1.11596607523808,0.076421074179187,14.602857748655,332.407113184876,414.980552592579,7,4,1,544,556,152.458477613619,621.023857053156,103.651939524446,775.629426821807,,40381.6379694616,765.918235442338,67403.844617874
AKAP6,DMXL2,335.958000806518,373.526160526952,0.001,0.001,0.918791638895934,0.946788796914934,0.869905560131747,3.65904558024838e-07,0.126396846005786,2.89488677595712e-06,332.40711318652,370.962872293963,8,8,0,540,556,153.524887314585,625.382354791595,170.693076425485,695.334949841056,,7909.95073774989,,13767.1342625751
AKAP6,DNAH5,311.565543947552,359.461997818177,0.001,0.001,0.844341642388264,0.896275271474909,0.756780894049746,7.24338114964536e-07,0.230685066554109,3.13994367205662e-06,302.870320979991,356.945734722231,6,16,0,439,461,123.829594824486,631.389356489936,210.815368089517,565.567055702164,,3565.14164285389,,6745.62682149404
AKAP6,EPHA2,338.585306463642,916.6737971172,0.001,0.001,0.863545175898559,0.870121680815735,0.751399567441693,5.65453495839086e-07,0.270043386466893,2.09393573098451e-06,332.407113184764,909.54705537122,8,18,0,530,556,154.724377778016,630.280649702786,555.725279431344,1407.77463807471,,4491.55374354243,,13147.2664352774
AKAP6,ERBB2,335.887974832142,636.338800435499,0.001,0.001,0.920318589560522,0.940157989294919,0.865248281164077,3.19069403572443e-07,0.137058611539488,2.3279777898561e-06,332.40711318652,631.96165281875,8,9,0,539,556,153.493120482401,625.251290306162,305.764061587632,1147.15780087061,,8046.02945359769,,20687.9676979241
AKAP6,ERBB3,305.72740121092,760.283658369998,0.001,23965.3654748474,0.978085784034336,0.666633964745275,0.176023500165964,1.13231920251574,0.0956446773736482,11.8388104138005,302.870320976558,882.536201186624,5,6,1,449,461,121.516738312448,619.551492011525,302.18103734965,1540.66495000739,,16859.5298730409,1319.62050781194,124387.834014847
AKAP6,ERBB4,335.60638429732,187.003611421457,0.001,0.001,0.926508257909061,0.930751062885476,0.862351775168964,7.31953871537655e-07,0.171729916288489,4.26223856248812e-06,332.40711318675,185.780281642161,8,11,0,537,556,153.3648136814,624.724482951463,97.101734856965,320.280256127358,,8703.10304897141,,5246.02685663118
AKAP6,FAT2,336.608038165902,185.810153382053,0.001,3084.17100772859,0.9638057884126,0.690227381601666,0.298474532410337,1.16242325743253,0.170884617349412,6.80238675348813,332.407113188155,203.194461859103,7,10,1,538,556,153.8204147355,626.59406374976,93.103225741883,325.912670917273,,10465.1218977226,171.235966625466,15288.7725050508
AKAP6,FBN2,337.425839053193,221.081027591849,0.001,0.001,0.887403488370964,0.910237784445813,0.807754623762497,9.15547778737721e-07,0.237053578354015,3.86219767317938e-06,332.40711318675,219.685813027901,8,15,0,533,556,154.195615047312,628.115739703961,127.21867975415,352.592698941145,,5502.96932231466,,4771.60541034217
AKAP6,FBXW7,335.999860553845,680.452074146707,0.001,0.001,0.917873499746916,0.936535774538646,0.859625206491622,3.53941985706263e-07,0.155416747164836,2.27737352739e-06,332.40711318675,675.976280638977,8,10,0,538,556,153.544337996486,625.458531012709,340.95398309194,1193.51621402603,,7749.64323045217,,20899.3801231505
AKAP6,FGFR2,336.534664439557,689.87876991862,0.001,8173.88557597172,0.996407977285621,0.94002818055039,0.404603396136505,1.07134854236657,0.210098642216766,5.09926447435688,332.407113185596,738.415970065515,7,13,1,535,556,153.789358975282,626.456660727766,379.500509934737,1135.73444740941,,11549.5942387558,454.686926894548,40112.7319572109
AKAP6,GLI3,338.226532707871,143.188333771649,0.001,1464.29510898301,0.960025627305797,0.798444579078892,0.440148820649572,1.14777135632256,0.262760106933396,4.36813399765244,332.407113187685,151.214104226272,7,16,1,532,556,154.560853541768,629.616815278246,83.9844961307042,225.259871350194,,7701.79398079221,81.2092958796344,7330.59754794571
AKAP6,GNAS,337.517960653505,708.825505586099,0.001,0.001,0.885489360535909,0.905647536613116,0.801948590026511,5.30112512903613e-07,0.234992648237889,2.25586850005182e-06,332.40711318675,704.108062939042,8,15,0,533,556,154.237513964091,628.286446366876,407.884352264386,1130.48017950698,,5401.73301064267,,14527.024546286
AKAP6,HMCN1,345.476437035161,234.632016487745,0.001,987.854451794931,0.937285563400573,0.864028621921538,0.767583438673941,1.10399245355709,0.572064024466893,1.92984072820503,332.407113182014,239.559836497888,7,36,1,512,556,157.870476282701,643.128012056986,166.074839676291,319.889293616957,,3515.90070799088,54.8926016339348,4876.17226988244
AKAP6,HYDIN,308.011634325347,311.571463218548,0.000999999999976353,0.001,0.904244051592118,0.928747387603272,0.839821239834907,5.87147871699504e-07,0.175964977930908,3.33673142578432e-06,302.870320975945,309.630998021832,6,12,0,443,461,122.41974448881,624.165340056389,166.834894925418,522.59982097848,,5994.19391673437,,8756.15563374548
AKAP6,IDH2,336.057635595895,3708.21443719414,0.001,0.001,0.917807586484105,0.906728185994503,0.832205266715979,2.72739379117339e-07,0.163935546089145,1.66369884764973e-06,332.40711318596,3678.99264156723,8,12,0,536,556,153.545749927947,625.461557934625,1986.26987183597,6221.31488209824,,7690.36337657606,,76492.829950093
AKAP6,KMT2C,336.943711321253,312.381681859303,0.001,3797.46367641845,0.976137981942093,0.837680511395388,0.389452877699536,1.11969856901671,0.216101882176389,5.18134575108778,332.407113188155,334.293583894182,7,13,1,535,556,153.992735798194,627.288869445809,171.820720073446,514.217197065821,,9866.98399852142,211.275738491104,18799.9186615821
AKAP6,KRAS,362.643714874696,9214.95751873091,0.001,100373.464053734,0.958900517696702,0.532853818604467,0.0480630027105432,4.25362895159079,1.23374083228941,3.44774918707803,332.407113183778,9631.4035469696,4,82,4,466,556,165.707950301416,675.11530509358,7360.05270157022,11358.8636918488,,2501.24452783798,27315.9410878827,330106.209390882
AKAP6,LAMA1,336.934843482924,146.805510108666,0.001,3831.57408586215,0.97110341358984,0.782730395426179,0.0467713132666882,2.10921517490417,0.234079071488834,9.01069523853092,332.407113183447,168.424999366832,6,13,2,535,556,153.971190284128,627.20171358247,80.7566853094094,241.688799540745,,11239.2183596324,600.947203400546,14335.8751592827
AKAP6,LAMA2,337.228608627615,317.391611543314,0.001,0.001,0.891580516165364,0.898048078612114,0.800688657640819,7.90050986098669e-07,0.250536992009628,3.15343047651944e-06,332.407113184172,315.248248689643,8,16,0,532,556,154.105472000091,627.746190495878,186.162548763139,499.299759335126,,5720.07669064721,,5934.41578651373
AKAP6,LRP1B,344.82320124897,164.02650316727,0.001,2872.43662313804,0.935051982678856,0.540188457778009,0.0289015038536152,3.20347690972575,0.550421780562196,5.82004023615081,332.407113187654,178.116261967347,5,33,3,515,556,157.572112664275,641.908972037452,114.228069566341,226.552788590587,,4652.08156160448,656.217544137218,9595.35694970988
AKAP6,LRP2,339.120818615101,292.107536276899,0.001,5104.33478223887,0.960467646321873,0.778576928101291,0.0904525398445102,2.10696937876684,0.327802451816885,6.42755832693959,332.40711318804,320.968138535337,6,19,2,529,556,154.968657274874,631.273780775159,179.657017250605,443.862038210603,,7659.56104456099,802.425670443253,18961.709286212
AKAP6,LRRIQ1,335.477572154557,317.457247128967,0.001,5284.30191236476,0.987018993881757,0.905329137467041,0.303117803256941,1.16335806990234,0.171082066463745,6.80000010491386,332.407113180916,347.180737423087,7,10,1,538,556,153.313986870277,624.517966927519,159.07044446589,556.825643295885,,15231.7223692548,295.89937246143,26219.7181673156
AKAP6,MACF1,309.904564099371,1194.84933611486,0.001,28631.8858927432,0.98445185788565,0.673315587526133,0.0556201238475088,2.15741893795944,0.281017274367971,7.6771755146072,302.870320976659,1322.43671525026,4,18,2,437,461,123.171632595002,628.005273112491,724.334064622487,1835.09356800583,,8762.48064335205,4370.0168430611,117685.638448272
AKAP6,MED12,336.152628969927,395.858365193852,0.001,0.001,0.91458638766922,0.928170167539941,0.848897029579939,4.38627927233821e-07,0.15546300026761,2.82142970661044e-06,332.407113184534,392.891718640994,8,10,0,538,556,153.613875612651,625.744347300902,198.349120284914,694.340680651613,,7461.98063005703,,10694.9896819384
AKAP6,NF1,338.405236823516,456.147031602899,0.001,0.001,0.867177893462981,0.910274765683506,0.78937842897918,5.68260467507208e-07,0.213701893091233,2.6591269702258e-06,332.407113187685,453.05816758558,8,14,0,534,556,154.64170789323,629.948345856315,256.967613399722,738.539965004806,,4646.77815342249,,9748.28292866764
AKAP6,NRAS,336.516980464875,4057.31375702173,0.001,0.001,0.906658389505375,0.918952071984111,0.833180186912213,3.50593592597041e-07,0.212431041149425,1.65038777148595e-06,332.40711318746,4034.32576351405,8,15,0,533,556,153.780870264798,626.419766903275,2334.74388828202,6470.82046988727,,6696.74124319289,,96794.2870696671
AKAP6,PBRM1,339.715360854886,721.114848407747,0.001,0.001,0.84082816843898,0.886511604737069,0.745416735631935,6.31567964469795e-07,0.280606363637209,2.25072573652085e-06,332.407113185742,716.229234693901,8,18,0,530,556,155.24045791375,632.386433740401,437.159258246755,1107.48160028258,,3788.39266463955,,12004.5887464361
AKAP6,PEG3,313.850170711757,154.143343930854,2338.16660093774,3455.07151833593,1,1,0.0342136815879544,2.20927442534133,0.204710064823247,10.7922120353432,332.407113183514,173.098906702298,6,11,2,537,556,134.202751748804,601.598793776755,80.2889118479039,263.011193370784,,22567.9604719496,,15741.4794658354
AKAP6,PIK3CA,342.254864627811,1074.6232346316,0.001,0.001,0.792430356600056,0.831781351429454,0.659149708930642,8.38475726325921e-07,0.414498016328484,2.02287029924274e-06,332.407113185257,1067.18196098704,8,27,0,521,556,156.399624500017,637.121598305034,718.51660522544,1532.57336841944,,2820.50313112656,,11705.4253564045
AKAP6,PLEC,337.841600153884,264.31981426473,0.001,3036.45686043304,0.962096404524299,0.763393834731935,0.403257684443475,1.06228185284005,0.216337463707449,4.91030002217537,332.407113188155,282.790395644012,7,13,1,535,556,154.385172552101,628.895135262475,145.399202584517,435.16132796179,,8115.90664674323,168.293394762465,15188.7187212348
AKAP6,POLE,336.676280845614,340.445704640544,0.001,0.001,0.903334130929085,0.930125235612653,0.840218361771892,4.5904842210006e-07,0.151399954719222,3.03202483086198e-06,332.407113182014,337.970832775484,8,10,0,538,556,153.852279736349,626.724054656294,170.58665892445,597.134152559825,,6596.97482443647,,9420.44435708682
AKAP6,PREX2,334.943048396982,129.125544277828,0.001,0.001,0.941203490270332,0.952183932349846,0.896200398565342,6.73426695526214e-07,0.123094992498666,5.47078871249383e-06,332.407113185257,128.334170108683,8,8,0,540,556,153.061961307633,623.487624444125,59.0078469478658,240.362674107814,,11019.3344968335,,5288.10669046736
AKAP6,PTPRT,334.792902546411,105.401760293779,0.001,0.001,0.944593038358514,0.952175350212285,0.899419995688215,6.98276125804878e-07,0.109751619048894,6.36233097840496e-06,332.407113184534,104.663255866775,8,7,0,541,556,152.993318365537,623.20837994354,45.2888874218969,203.846380355092,,11806.5914141442,,4338.89282877933
AKAP6,RASA1,336.676513903204,359.775971386176,0.001,0.001,0.903270236448076,0.931543176969165,0.841440422329411,5.08054012525547e-07,0.172039631979317,2.95312194452163e-06,332.407113184811,357.440733421484,8,11,0,537,556,153.853119521575,626.720853010579,186.811121984644,616.201175155816,,6516.05069547689,,10245.7240971337
AKAP6,ROBO2,335.144637963346,198.139572167721,0.001,4155.19623515675,0.983441803672472,0.814176913294933,0.251261990042214,1.17138988670528,0.141197306444282,8.29612062867166,332.407113186431,221.607065545137,7,8,1,540,556,153.153898440212,623.864336045483,90.5453541706652,368.83335818328,,16396.0920703604,229.935986628395,20934.5558624486
AKAP6,ROS1,333.847667895497,152.107136392818,0.001,4746.55611201499,0.995952582833452,1,0.18194103032789,1.09623969805362,0.0927741229626142,11.816222703559,332.40711318675,181.37297681024,7,5,1,543,556,152.561718936582,621.446521990375,54.5454417707914,326.923919625723,,34448.4853273415,264.171139693081,23258.7281947588
AKAP6,RYR1,204.948783370123,310.971177929903,6665.58532713551,0.001,0.99018609316874,0.980967661406814,0.0384056678463729,2.00239363885254,0.200541902023294,9.984913968852,302.870320977936,309.416932402295,4,12,2,443,461,63.6256576849132,476.125358778811,175.179660284676,503.506124713335,1077.49187460589,22331.8860762796,,17156.3384738302
AKAP6,SACS,339.148010138909,204.42032704225,0.001,1931.57481220435,0.963259085393835,0.753283950228636,0.463749814051634,1.19770771008541,0.293309608638566,4.08342473212766,332.407113184609,214.598021905612,7,18,1,530,556,154.981826157127,631.32677397374,123.926642704252,313.941956307978,,6649.22696958763,107.371809222748,9499.32154972224
AKAP6,SF3B1,336.571940543771,747.004499883871,0.001,9327.87698714175,0.993174482194185,0.888201808050704,0.386842306202563,1.14491846761727,0.217703397863909,5.25907486447676,332.407113184336,799.861713332118,7,13,1,535,556,153.805879094403,626.522828652288,410.925121341355,1229.78773971439,,11236.3536327003,517.169055579034,46514.6878938577
AKAP6,SMAD4,340.353386095296,959.576869358404,0.001,0.001,0.828432167994095,0.853341008862422,0.706950094166697,6.59077545017359e-07,0.317822164202706,2.07373059292681e-06,332.407113186487,952.261127367492,8,21,0,527,556,155.531455034673,633.577384207724,605.445074195628,1430.54749516069,,3491.40277747359,,12139.3130035827
AKAP6,SPHKAP,250.288375032743,247.58430164529,19785.604983882,0.001,0.757143542620863,0.988164232636942,0.00692949315536264,2.40398129084405,0.108742598078746,22.1070797766226,332.407113183447,246.216275404923,6,5,2,543,556,99.4788620680696,507.180994466209,106.382122978911,478.822879756451,3075.71209678661,76990.7099013118,,23150.7879735789
AKAP6,SPTA1,336.455819562554,148.028719901056,0.001,0.001,0.908027283289138,0.91733800503927,0.832973087629407,9.27240447869474e-07,0.18563394623936,4.99499400111805e-06,332.40711318675,146.960144956996,8,12,0,536,556,153.752547050218,626.308291014346,79.2664987403127,248.276909169302,,6856.43910513215,,3435.6673328667
AKAP6,SYNE1,345.987971754617,246.994000231185,0.001,1195.85582548535,0.919654103000779,0.769305329560901,0.691729043686189,1.16331452880939,0.52601274792589,2.21157098073465,332.407113184855,252.97997433979,7,33,1,515,556,158.103634270226,644.084478502611,171.998791827147,341.166890965604,,3332.73607543573,66.4952486793731,5872.89152690724
AKAP6,SYNE2,203.838704390341,994.374221748376,10321.5966460001,0.001,0.672995872783102,0.979753563886911,0.0169047030645448,2.45170504740012,0.167648741661005,14.6240587499166,302.870320977879,989.451682134754,4,10,2,445,461,63.2811903553806,473.539716194811,532.470522537749,1667.77453493852,1660.83059342549,35103.9296232255,,61738.7625735922
AKAP6,TENM1,337.947376098532,321.791525615516,0.001,0.001,0.876551520997387,0.897187289910216,0.786439318380834,7.85760617943304e-07,0.250632049711945,3.13511627442057e-06,332.407113185783,319.592763286117,8,16,0,532,556,154.433808664281,629.089208199144,188.740827499636,506.228155920795,,4987.72870140672,,5968.89049501045
AKAP6,TP53,227.231802457562,762.061162201794,1444.48299382263,0.001,0.965904019086367,0.977149847401819,0.369894427795591,3.12136600786173,1.40972014857121,2.21417421821297,332.407113182968,758.023841540753,5,93,3,455,556,81.4812889119467,488.43182040676,619.428014297265,925.143386596291,357.786943521664,3778.35377398265,,6746.33750224836
AKAP6,TTN,307.513032476601,575.799154533871,0.001,9448.68711173961,0.987379990256952,0.777315866961872,0.30829959521986,1.2572570708736,0.20075709781076,6.26257843226411,302.870320974466,617.519532481344,5,13,1,442,461,122.222149564447,623.151513151463,316.740073227642,947.956678690658,,11043.1671934666,516.245230759104,50642.7741923386
AKAP6,XIRP2,210.483518006149,306.937662998263,9213.57661033615,0.001,0.76020562131226,0.986096027948535,0.0036797230047341,3.48558195360321,0.286995862560437,12.1450599409572,332.407113184954,305.528421758595,5,16,3,532,556,75.4788413338695,452.395570610233,188.780665935144,466.373447769045,2231.13124543529,25454.8748580147,,14619.9547569283
AKAP6,ZFHX3,307.108207408434,265.98407176598,0.001,12342.382275939,0.975384218856819,0.524735909417185,0.0178642648106746,2.12436759640495,0.156067490540395,13.6118520843077,302.870320975945,323.739257243931,4,9,2,446,461,122.061283434161,622.335153669214,127.804222317434,479.514983676469,,13248.3712026335,1888.3568499536,50874.24332162
AKAP6,ZNF521,337.516980275593,255.270363460324,0.001,0.001,0.885531291951183,0.91504003753828,0.810302571398187,7.62344167326221e-07,0.215073499157639,3.5445750885722e-06,332.407113184764,253.642162905101,8,14,0,534,556,154.236502466313,628.290474040629,143.806891344558,413.296419836978,,5455.708351879,,5782.01532507376
AKAP6,ZNF536,305.72896647378,136.705050779638,0.001,14024.6973151651,0.997353328969752,0.640869542787074,0.000392655991645497,3.20433280916029,0.153061732744724,20.9349048367593,302.870320977883,187.437863803334,3,8,3,447,461,121.511248342954,619.517150041873,62.4699547622585,254.469919628267,,24136.2639253762,3006.49651651078,58608.7802223941
ANK2,ANK3,722.489450297657,363.931750142615,5015.61211056566,0.001,0.895708529886779,0.989383020702689,0.59867519187146,1.11161797023796,0.365674352088301,3.039912326062,766.616653670255,356.924324967,14,8,1,438,461,407.000755890645,1169.77745523388,174.861814530281,656.120542244776,279.000018838157,24604.7108176754,,7048.95375723802
ANK2,APC,616.899977772054,329.388008035232,22450.6494465311,0.001,0.555728733257953,0.9809927884254,0.00496078469503334,3.52228855366033,0.349641796670425,10.0739916886438,766.616653674134,324.355536092936,12,6,3,440,461,330.334597853222,1034.69006755223,158.269156167192,593.814018305464,5171.08580451121,71936.7983692573,,10595.903626081
ANK2,APOB,773.252397829635,119.096028480456,0.001,2010.700475915,0.996498633913223,1,0.10766914451698,1.99843606587801,0.326582723584287,6.11923387723918,766.616653673531,150.669566163653,13,7,2,439,461,444.953060391153,1233.25282205383,51.1721558412707,230.337463215561,,24388.3992309915,324.223932121042,6780.59119974486
ANK2,ARID1A,789.077854778857,427.700248171427,0.001,1175.33649440071,0.940239558973022,0.915816450926642,0.904703480611317,1.15406173937295,0.871037117800175,1.32492831337379,766.616653679487,438.870989396912,14,24,1,422,461,454.046152774089,1258.54446427071,278.584311063587,622.422769628067,,5903.48541661774,66.2330045755773,5435.91226325559
ANK2,ARID1B,754.005760577,164.316501426281,3979.97562020852,1807.77089692023,0.976293357642902,0.891291584590186,0.311461672501326,1.2442613950028,0.186099402433358,6.68600424683457,766.616653677487,188.090233311528,14,4,1,442,461,428.718222535354,1210.97128826034,51.493474020816,377.179561500379,,49982.2306511629,,11045.4885339064
ANK2,ARID2,771.009515233123,347.655406726596,275.600480970863,5831.74447802518,0.999720288336973,0.895850080023271,0.0995726164122902,2.21252284888318,0.346682218431564,6.38199114708832,766.61665367814,426.159429449974,13,8,2,438,461,442.63653146201,1230.97182938864,158.85511517067,647.046384205866,,24292.2550047017,843.512720066381,19583.8752193472
ANK2,ASTN1,772.524531105711,87.2303363560903,0.001,2978.66171271622,0.994855696335522,0.671767214724974,0.00758045986145508,3.36397845136715,0.3587164803502,9.37781963093261,766.616653673741,129.160238642796,12,6,3,440,461,444.513703033207,1232.02925489308,34.6672365439832,176.760044287929,,29018.0670986549,694.454003210908,9107.29286330771
ANK2,ATM,776.213364891034,329.184929745259,0.001,6200.99341295444,0.990286766186357,0.942242414273885,0.0273721078012076,3.28000047608091,0.514471177379565,6.37547956094925,766.616653669748,413.35660552149,12,11,3,435,461,446.6544778641,1237.98307039038,170.926394735731,563.814033588442,,18185.6109602655,1477.87450295993,17863.2619778733
ANK2,BAP1,785.768804016091,481.740397529202,0.001,1564.53864801282,0.948204418415915,0.908375982395175,0.867500412410569,1.09370375325247,0.707113809039521,1.54671530844244,766.616653671281,499.076575886076,14,19,1,427,461,452.142273090524,1253.2651651469,296.284126701502,732.027769803188,,6952.53689260665,88.1337525296763,7246.08928186744
ANK2,BRAF,774.949898469137,855.318358987342,0.001,16488.0348931551,0.951857498977675,0.535741968502258,0.0784928308300884,2.44594518080917,0.34762358814517,7.03618875192015,766.616653672563,1056.1064415743,13,8,2,438,461,445.927743200783,1235.96694244468,390.859114696157,1592.17877921313,,16873.4050494381,2675.57096849507,54537.9346607755
ANK2,BRCA2,777.138122925067,612.487166581773,0.001,7427.69653738878,0.972698382142244,0.821780395199153,0.171096580838374,1.97946083806507,0.415297282549829,4.76637079325837,766.616653673355,723.485590943227,13,10,2,436,461,447.181428477083,1239.46208604637,306.892315180495,1074.32177202251,,14810.2807198666,1200.46112278064,24850.2608948688
ANK2,CDH8,671.290150441124,152.718472815517,9416.11514428785,0.001,0.812454638047122,0.976663947648828,0.132299798653632,2.32754795792123,0.444951038707102,5.23102039425372,766.616653673451,150.171780089079,13,9,2,437,461,369.266850873881,1105.17463101515,79.29626736157,261.574709870038,1510.65287517216,32342.9094863088,,3349.1280823938
ANK2,CSMD3,522.410197089351,396.36819470969,10992.3973515392,0.001,0.735093027534846,0.995429067093415,0.00225851436938269,5.12768443960427,0.840084420310615,6.10377280620006,766.616653680656,391.616038589728,10,19,5,427,461,261.725621769508,916.241335128431,258.175584993378,576.819096802146,3796.95137117221,25493.4063110093,,6877.82592225008
ANK2,CTNNA2,776.455151460126,113.946019540796,0.001,2821.20252218258,0.974998794921799,0.445473257562853,0.0142532036415839,3.60267638510361,0.476213061611358,7.56526159302155,766.616653678186,150.150050706599,12,9,3,437,461,446.782925947353,1238.34443374342,54.752671107421,205.433980001374,,17196.9399064404,664.903688339056,8337.53754973522
ANK2,CUBN,774.768477346929,201.444706150605,0.001,5007.58446392437,0.991440719800307,0.678029782568571,0.0150525539408022,3.2442316522389,0.424885947123628,7.63553531059698,766.616653678555,273.261857596356,12,8,3,438,461,445.824194927991,1235.6756610071,92.0530890020207,375.002709776312,,21310.1634082501,1181.3159405788,14789.9889742652
ANK2,DMXL1,716.893781625664,306.79654274732,21556.5543355881,0.001,0.833253975116197,0.997423192516169,0.188382596071794,1.07349200737053,0.105936222478302,10.1333800871595,766.616653673079,301.395004589728,14,2,1,444,461,403.85886159981,1160.71030864392,76.2987367728781,795.608024432921,1125.07504266615,156428.117970135,,19704.8551688562
ANK2,DMXL2,773.501592364778,283.056864010632,0.001,6469.83628375412,0.984848627585651,0.551899307755648,0.0676540590785843,2.04515292548853,0.274320971215275,7.45532839297064,766.616653676291,390.120183331595,13,5,2,441,461,445.09613865249,1233.64776957465,101.501578107344,608.406518040443,,23079.7518346539,1037.36268019296,22160.1732589749
ANK2,DNAH5,786.663375784553,317.565835440683,0.001,2518.81017986115,0.916166977109377,0.593940670532711,0.297339396308925,2.05441719791987,0.637088566549487,3.2246963856952,766.616653673601,356.945734722473,13,14,2,432,461,452.652794459244,1254.72311601023,178.883889826324,514.263569496485,,7448.41627621201,403.695871354851,8652.63700179451
ANK2,EPHA2,672.461684739889,813.660035286092,8004.11994402655,0.001,0.815406777457016,0.984772912208885,0.171702964364315,2.13741545327237,0.45902169477578,4.65645845849713,766.616653669948,800.590724251824,13,11,2,435,461,369.910355218335,1107.09993339464,447.585480579445,1339.55954017579,1293.7030552495,26799.0507186078,,15356.7613545866
ANK2,ERBB2,769.475428773604,432.872010644616,388.74296598896,11449.446440213,0.999642017680896,0.603635498419601,0.0492230142658946,2.32713855439548,0.263958704684505,8.81629782649895,766.616653670105,592.70284135144,13,5,2,441,461,441.826568305371,1228.57947500144,155.231481969769,930.262761116234,,32764.6950693645,1672.67074044692,38646.5425349085
ANK2,ERBB3,772.545537993378,510.132048065668,0.001,30142.4401780049,0.955153967339884,0.200381713471105,0.00181668077699342,3.57685633564645,0.250598123274718,14.273276626758,766.616653675327,882.536201189314,12,4,3,442,461,444.544114046949,1232.12040889779,158.364628189784,1185.07254093552,,25883.4146382765,7220.77867995649,85593.300183755
ANK2,ERBB4,773.00276491465,165.381342936525,0.001,0.001,0.884474348424583,0.870951303549728,0.77034806445054,1.17840027412386e-06,0.309070035651898,3.81272895522967e-06,766.616653673647,162.533241040712,15,8,0,438,461,444.80900108352,1232.85609567678,75.5742492139479,307.862856493147,,12788.4495175061,,2351.13658310709
ANK2,FAT2,762.142420966356,116.318421876178,1348.9608603702,2383.74897713644,0.996712639060552,0.995061961969419,0.0680150314625197,2.06589383495851,0.272908883655803,7.5699032119601,766.616653673215,154.65737659554,13,5,2,441,461,434.85620518021,1220.96087105558,41.7579906148626,249.576877547515,,36860.5399691779,214.974959652443,8631.4131059304
ANK2,FBN2,711.202982661948,163.58717559272,7214.99305081821,1024.23262325743,0.895964728567808,0.958514751744689,0.0956024478467164,2.61520881539968,0.40964044227044,6.38415680079057,766.616653678199,175.466891639708,13,8,2,438,461,393.698102206619,1163.0367415633,77.0168907959346,296.466838539327,,34592.492588178,,6574.81772131517
ANK2,FBXW7,770.280150285723,245.491237916665,0.001,4807.06277939691,0.994810708690555,0.733971790502854,0.284868584747457,1.10645626827529,0.155886912873181,7.09781371560951,766.616653677487,322.196505954946,14,3,1,443,461,443.246914900192,1228.49666750692,61.0499499593045,636.601504924991,,39021.1850684808,269.7510901093,22600.0870520805
ANK2,FGFR2,777.715957362037,847.063191035935,0.001,4268.31700309753,0.99511726138916,0.960779491964585,0.737473812276371,1.13915652225082,0.493896915177818,2.30646616175096,766.616653673572,898.822012499538,14,13,1,433,461,447.519009207742,1240.38187278795,465.96036366089,1394.54344460347,,12135.3074239059,240.42392950778,19773.0323483471
ANK2,GLI3,774.6098318354,108.845724020382,121.337033879935,3620.7248784611,0.998375331211179,0.426340215364581,0.00143581551539387,4.86220511115959,0.547096884274084,8.88728349753081,766.616653673779,150.433493121562,11,10,4,436,461,445.142475253983,1236.2508768607,54.5337313539157,190.902329434055,,20379.9113089137,1037.33579366504,9858.522051475
ANK2,GNAS,773.256173050951,346.92547930264,0.001,3790.24044836605,0.972540837424415,0.762582284860288,0.43210650794131,1.25350285073977,0.27894672412594,4.49369984418182,766.616653673572,398.927570340518,14,6,1,440,461,444.95546493203,1233.25863306092,137.885108729494,703.032265108366,,19138.4344963884,212.001359051349,18105.769891248
ANK2,HMCN1,674.403084088038,214.122983939122,3619.48751358252,419.354119473275,0.861011875375746,0.991443472637064,0.205581771039247,3.21433886057067,1.05736174099386,3.03996138308294,766.616653673637,217.130194139359,12,25,3,421,461,362.72106008487,1125.27115216484,142.568899754045,305.956016486312,,11812.987323133,,2881.99460427868
ANK2,HYDIN,778.051752403505,261.967919907676,0.001,3253.27269961862,0.957405898132802,0.685001064830968,0.165845905710972,2.27408314026707,0.491169603617603,4.62993459594772,766.616653676975,309.6309980219,13,10,2,436,461,447.708482650554,1240.93109994435,131.256734418698,459.523178018465,,12980.5509716292,518.296237677192,11383.8428406081
ANK2,IDH2,775.69428474374,4125.78880842109,0.001,0.001,0.839156118345795,0.811223751021343,0.680760160400885,2.6114014436366e-07,0.327381217656835,7.97663794620588e-07,766.616653679867,4047.60265325432,15,11,0,435,461,446.364544823092,1237.16931507023,2142.28348679554,7066.52980286037,,8685.96504137275,,38446.4465972002
ANK2,KMT2C,754.051561135822,306.227178136165,1801.70775804512,2876.09524988578,0.998257794155779,0.927246158104,0.171210588863885,2.09838395784065,0.438603961056973,4.7842339425842,766.616653671407,347.13490107042,13,10,2,436,461,426.016139775485,1214.84200862892,153.806416882267,535.496161170811,,19182.8416787444,,11324.3630939903
ANK2,KRAS,847.397261658007,9370.90679064278,0.001,22680.5887620124,0.9177925703978,0.889995996294852,0.879213100256956,2.72811432790175,2.32157613027051,1.17511301582165,766.616653671315,9617.0118658674,12,69,3,377,461,487.531818790259,1351.84587638738,7327.94046530208,11763.2459343475,,2489.37011370693,5459.1371289937,63678.087343342
ANK2,LAMA1,775.295680359169,123.912902070465,0.001,2503.78500805333,0.983899473394883,1,0.0253227186950645,3.03955805565826,0.467551594795639,6.50101098893015,766.616653675007,162.659402778498,12,9,3,437,461,446.124433457906,1236.52849391355,59.5386358825723,223.395385271454,,20156.199400227,589.731194362285,7465.46781882842
ANK2,LAMA2,670.507107421077,263.884309229656,10386.2544605846,0.001,0.61927827097268,0.961522177358566,0.109712714710856,2.45127801195555,0.429191261632517,5.71138844400422,766.616653682504,259.236831812643,13,9,2,437,461,368.837437085259,1103.87807544969,137.018066688287,451.973798916326,1665.83385876321,35659.7316671368,,5204.51185366153
ANK2,LRP1B,518.328128579725,138.200582276223,11199.250072427,1156.69010279506,0.812103740388712,0.957830054078219,1.66219753171451e-05,7.25223408972358,0.914443051354538,7.93076625054021,766.616653681847,148.378819647898,8,18,7,428,461,241.530906249129,942.873918826012,87.5506093324864,204.412584500481,2613.76005939111,27363.4827989027,,5306.07056087172
ANK2,LRP2,782.925989166129,300.883509256786,0.001,3489.34266718004,0.972960418647725,0.891423213349999,0.0844629789518306,3.09127194971226,0.725987798158124,4.25802190829517,766.616653670016,351.928825847565,12,16,3,430,461,450.508518801573,1248.72403351116,176.469717520786,473.367753977123,,10805.1586788382,826.478214102253,10233.0393634132
ANK2,LRRIQ1,774.567336803645,345.576568636774,0.001,0.001,0.858629577101516,0.828563937895291,0.711454878269234,7.47862262172848e-07,0.342013370777292,2.18664627196646e-06,766.616653677346,338.373030653219,15,9,0,437,461,445.705380118196,1235.36345350952,166.045159704274,623.01875265018,,10314.960657455,,3595.38079769939
ANK2,MACF1,668.975247041134,1145.08926839167,5975.13408882007,16734.7994255993,0.837735677207446,0.653575816167053,0.000761550307007222,5.72297725947742,0.772342271913984,7.40989774558757,766.616653676582,1322.43671525977,10,15,5,431,461,351.177851092034,1124.8780117581,668.401009520788,1799.61780250534,,22387.4712314497,543.561281774381,53296.7336532373
ANK2,MED12,775.732230107682,387.513129334768,3.66886501804045,2620.34193973206,0.993778262367287,0.886321118006066,0.615995383141765,1.01458118650259,0.342793232706411,2.95974683774327,766.616653677487,428.438115861893,14,8,1,438,461,446.357956961625,1237.23551016018,177.082323326294,721.398777760571,,14922.3494757311,145.434422834305,12309.2187627815
ANK2,NF1,777.397350636218,391.426820826049,0.001,8099.61161870331,0.991473725466537,0.526250014596362,0.0216441686767158,3.33562488892047,0.491712205898157,6.78369348759127,766.616653679218,502.42467132707,12,10,3,436,461,447.33678058579,1239.86877370217,196.127479522179,686.57574469377,,16346.5934250772,1928.44693634704,23348.0636176269
ANK2,NRAS,777.670297624478,4201.73487952867,0.001,0.001,0.808147653496256,0.830397035014179,0.671104615521653,3.33918429509458e-07,0.420955676657941,7.93238927576674e-07,766.616653676844,4141.58458332917,15,13,0,433,461,447.489849465106,1240.30028731444,2311.32995616075,6917.57647447063,,7128.80782226098,,44185.8820724663
ANK2,PBRM1,784.432927571137,631.672933907629,0.001,5416.43009538328,0.909368696562552,0.623289724862903,0.268503480982006,2.01569924136103,0.578835997823183,3.4823322131682,766.616653672025,716.38952803349,13,13,2,433,461,451.369445920346,1251.14120438177,347.461314067794,1040.02735983801,,8098.40424264951,869.740378181371,18520.6483825681
ANK2,PEG3,670.097417385044,195.507281904226,11351.4679956184,0.001,0.48475245490511,0.935123031221848,0.0911836395417482,2.86960734527363,0.46893876743961,6.11936471139205,766.616653675327,192.210986934865,13,10,2,436,461,368.617617859463,1103.21722303316,104.688081910335,327.917565530058,1827.33904349353,38535.1342194733,,3446.71544948933
ANK2,PIK3CA,788.150844976311,1068.96449410832,0.001,3075.46385109018,0.963227988454459,0.929146689861239,0.910694248047898,1.15120425199151,0.838004490053428,1.37374473007671,766.616653675321,1100.91619338003,14,22,1,424,461,453.513324274925,1257.06815060751,682.149891086708,1580.08350445028,,6260.42706336471,172.766015975102,14401.9127318012
ANK2,PLEC,777.208663581778,175.377420695978,0.001,3404.84609778971,0.921771289060093,0.362584082603783,0.0778022708394977,2.37730620853218,0.347688026495218,6.83746930400803,766.616653671407,222.421711957416,13,7,2,439,461,447.222763848659,1239.58909271491,75.353840544671,339.194348584956,,12784.7324369018,547.805618498525,11557.0987252268
ANK2,POLE,774.079062413605,291.257844639507,0.001,5435.19437902199,0.974939656888969,0.684736999184235,0.0875268369874428,2.16720519669852,0.32278081038325,6.71416988551864,766.616653676267,369.124710397082,13,7,2,439,461,445.428357604423,1234.57649472749,125.142806665034,563.28827208757,,20223.8278949679,880.113728839798,18096.40605601
ANK2,PREX2,769.154182021851,77.9296378009191,0.001,0.001,0.952331307665263,0.931739323860802,0.887327057803728,1.09010654523707e-06,0.149599932880387,7.2868117267718e-06,766.616653671164,76.5618455363794,15,4,0,442,461,442.597741036827,1226.69618908127,24.1929097556226,181.041228295658,,33073.2732839343,,2158.72595611045
ANK2,PTPRT,771.403671109109,92.4920787246828,0.001,0.001,0.91185871174133,0.916110102981031,0.83537043422009,1.22067163806907e-06,0.194772019832431,6.26718169847629e-06,766.61665367718,90.8786021894917,15,5,0,441,461,443.890617956589,1230.29917327008,33.1669834183574,198.799096408375,,17327.2109002091,,2076.15915527228
ANK2,RASA1,765.474616874348,403.633368733711,871.747936835033,1767.68518476404,0.999874471632901,0.940686458038074,0.695911301019441,1.09713522784402,0.43493533467435,2.5225249373346,766.616653677487,427.304020263273,14,10,1,436,461,436.450825480747,1227.15128533334,202.5025453103,706.852563596796,,14140.8968249237,,9953.25873839398
ANK2,ROBO2,720.798702316924,210.397540319289,6878.75510761781,0.001,0.920051091617085,0.979939799698303,0.476115700214584,1.11699510918504,0.277866051152422,4.0199049309997,766.616653672403,206.582997834482,14,6,1,440,461,406.048814866797,1167.03410856599,90.4007306171768,406.92201240148,380.557961270941,34722.0294210489,,5521.16790301311
ANK2,ROS1,769.730664433905,148.404584683465,0.001,0.001,0.941809895035385,0.923968544335338,0.870206656217942,6.06507617822993e-07,0.145973983196485,4.15490215819224e-06,766.616653676844,145.492226745177,15,4,0,442,461,442.929470787763,1227.62480066237,46.071308982634,344.767374237122,,27997.4600159941,,3678.0312717906
ANK2,RYR1,621.347550219213,314.307390585747,10935.4496546942,0.001,0.720385255073116,0.979174848250409,0.0319823331120739,3.19449531164569,0.53339356465765,5.98900234894289,766.616653677879,309.416932403877,12,11,3,435,461,332.711154300614,1042.17335757618,177.05535816468,508.921691239545,2587.00389674074,32230.8601387834,,6156.85389953334
ANK2,SACS,778.555818180266,137.157135120604,0.001,1654.22613746952,0.955910695920153,0.663974918102704,0.169712113287736,2.1069405109726,0.453111631227726,4.64993693775582,766.61665367797,162.044368917065,13,10,2,436,461,447.990148493712,1241.71933035431,68.7243207734384,240.589233054278,,12584.7153868859,266.479092318049,5592.84801804589
ANK2,SF3B1,774.17134574919,560.04630736238,0.001,9406.96794732753,0.987848730003247,0.772642351658723,0.105101931917617,2.30568703704128,0.379553093583423,6.07474178453642,766.616653675288,690.393081874275,13,8,2,438,461,445.464658193413,1234.66885097079,255.919738276874,1042.52182257097,,20078.8452691645,1511.43774360028,32081.583468705
ANK2,SMAD4,781.269538346135,842.465684682106,0.001,7165.28713072022,0.988917405701501,0.832910328338425,0.283278626922771,2.0991767410615,0.594587962727604,3.5304729874311,766.61665367449,940.942493999463,13,15,2,431,461,449.559683005395,1246.06492217953,484.777818826386,1343.65016116186,,10994.4235701598,1161.64759751475,23763.9447537728
ANK2,SPHKAP,718.234113211526,260.342576208023,13096.6489472812,0.001,0.533323807145216,0.93504012928291,0.268122843949564,1.53960167930855,0.222256513773138,6.92713861641893,766.616653675116,254.925858923973,14,5,1,441,461,404.611888886664,1162.88489955714,103.471887612408,527.582181589341,713.947323301855,71508.5099096918,,5918.77161714567
ANK2,SPTA1,775.063254286502,105.653300427316,0.001,815.391027598895,0.963762275767668,0.870372863183233,0.556278144576274,0.985411958199757,0.295417657589441,3.33565693479717,766.616653670478,118.558988591795,14,7,1,439,461,445.987753181252,1236.15020481655,45.3957444853707,204.34014775062,,15961.9455347592,45.8372382850134,3811.54043102524
ANK2,SYNE1,794.093116594015,190.375388232081,0.001,3540.6959042819,0.950589242310315,0.20096822552644,0.00292018267680228,5.5052276103753,0.984754131637835,5.59045901256494,766.616653677624,233.356209475375,10,21,5,425,461,456.922156118863,1266.58164243775,120.106851809529,283.84646429963,,7596.86784231736,1171.08084681275,8965.28873625605
ANK2,SYNE2,722.550025054091,1005.97985431982,5204.92394055723,0.001,0.559921664837642,0.944797730800878,0.560300741230285,1.40520842486496,0.444940835905062,3.1581916323922,766.6166536811,989.451682136057,14,11,1,435,461,407.039885043275,1169.88576557373,538.675105740724,1687.28570258654,291.374078120854,24780.7866373944,,16059.9234748611
ANK2,TENM1,672.887584851954,292.588923402152,7760.27622382888,0.001,0.819110674586691,0.969940247039524,0.180629197659727,2.08792617518261,0.465483868047709,4.48549631577912,766.616653684136,287.267094906385,13,10,2,436,461,370.14338144706,1107.81434957226,156.66844617821,490.769481438686,1247.63453062813,26461.1578502291,,5294.53356170626
ANK2,TP53,552.764520283155,730.614649931716,3327.4713013275,0.001,0.694283556790749,0.908971074575559,0.192384238083882,5.61028169143901,2.59930978609757,2.15837362727815,766.616653671768,721.22720126622,10,71,5,375,461,276.946133924501,969.677853499992,578.240078412549,907.749600350787,1182.96619319281,7267.46718285883,,3650.760594868
ANK2,TTN,775.210285803688,445.945807433125,0.001,14633.2449883661,0.96795134670579,0.69849361069168,0.00176541557713225,4.78339296102181,0.561837569364625,8.5138360655221,766.61665367435,617.519532484271,11,10,4,436,461,446.077501308886,1236.38403607352,223.441988712004,782.214131263554,,19150.8633420617,4132.37383443599,41610.2903329873
ANK2,XIRP2,671.864801216256,295.861908354816,9104.69649680477,0.001,0.435903860771082,0.894431706292192,0.127017070691253,2.72253105020869,0.522086877696289,5.21470882819708,766.616653682517,290.685382689046,13,13,2,433,461,369.583209512408,1106.12070071158,170.247103483978,471.870682815384,1472.70930960599,30421.0778367926,,3695.54911835816
ANK2,ZFHX3,760.350680497596,216.468023734595,1503.26094378381,8273.16720355199,0.998548210741461,0.386076841467325,0.000774538976570335,4.40534112418627,0.421008759278145,10.4637754609657,766.61665368023,323.739257243673,11,7,4,439,461,431.80963780083,1220.92467499188,93.0806286427419,418.175334087321,,27639.893557684,2128.32391189531,22739.137423199
ANK2,ZNF521,670.012296540361,219.678795324836,11248.7990047932,0.001,0.8724325243192,0.992362683185397,0.100269884561523,2.34550676602514,0.385822250744047,6.07924183092577,766.616653679581,216.396196958842,13,8,2,438,461,368.563529561595,1103.05886119492,110.072752265015,385.321450060354,1791.45379220585,39554.0641589537,,6001.89715755423
ANK2,ZNF536,774.680574213513,155.516795920805,0.001,2335.93304745939,0.987391832846739,0.868440592262646,0.123855098817415,2.31135031497955,0.41270766311869,5.60045407810813,766.616653677384,187.437863804044,13,9,2,437,461,445.776731605946,1235.54208218849,74.7262081249224,280.365668252763,,19396.9591310523,377.210066384971,7840.95227571388
ANK3,APC,366.267364810728,335.743705971507,3246.15625441343,0.001,0.914310748578675,0.981081342500164,0.504044774326284,1.12815685640125,0.298251770599099,3.78256549537028,395.557459853886,331.642333950488,11,10,1,534,556,190.181287901898,627.32829204079,174.331745059628,575.030305678345,181.248742520519,15642.9746518864,,8434.60781767377
ANK3,APOB,368.040678948951,210.513474996438,2196.98451684206,0.001,0.968386076679476,0.990229623899657,0.668194678610097,0.993872587412663,0.372853960423738,2.66558141499464,395.557459854934,207.948748955125,11,14,1,530,556,191.100670818013,630.373819350938,121.137543502484,335.742717469842,123.328014894858,10327.2231238431,,3961.73663328217
ANK3,ARID1A,408.612510868934,500.2598193782,0.00099999999999989,1392.42614902782,0.99097128854319,0.979965677082248,0.9462563425339,1.09821793448803,0.818350790773201,1.34198921400247,395.55745985461,509.730209006863,11,34,1,510,556,218.795871652165,685.372089760114,350.368454763679,687.823918578234,,3500.55151333311,78.2408015173142,6519.46000670889
ANK3,ARID1B,398.762244527845,220.554264238136,0.001,2898.26528536146,0.981650424219375,0.85793805247859,0.373287363480884,1.11058450403408,0.202097877887665,5.49528038414828,395.55745985446,249.413932721877,11,7,1,537,556,213.524936421656,668.833230661155,94.7671713528771,426.552945285585,,14995.0853961832,162.590178215658,13669.604132319
ANK3,ARID2,400.517101937045,390.807441759657,0.001,0.001,0.862185064806225,0.886209524377509,0.76408803923305,6.70015361974637e-07,0.256508186271921,2.6120622959938e-06,395.557459855103,386.511179527031,12,11,0,533,556,214.464008805393,671.779195589103,202.926210990863,669.338963940419,,5389.08395692626,,6359.56468343732
ANK3,ASTN1,401.801791070538,132.530274571824,0.001,929.463289761217,0.954509630247446,0.837644540759137,0.581599856718032,1.03244393457897,0.333558021025453,3.09524541309167,395.557459854934,142.726969596612,11,11,1,533,556,215.14986598453,673.943677134136,68.8146737023054,226.992838048259,,6965.88848916218,51.9801856954495,4446.828192151
ANK3,ATM,358.752661277187,428.11103526516,2847.51734133361,1885.35482320897,0.936476785687445,0.982847525430122,0.153087471914348,2.30799263822059,0.453552990731319,5.08869456355944,395.557459853888,442.027044762703,10,16,2,528,556,181.105025537324,624.078950491022,254.217179987737,665.968437601434,,12640.1503821174,,12961.1058038238
ANK3,BAP1,407.091059174299,544.243958828547,0.001,0.001,0.710330352555719,0.740078868030623,0.525747599124199,1.41591608635201e-06,0.623952873233299,2.26926767564158e-06,395.557459852286,537.881835139277,12,26,0,518,556,217.97933941053,682.827869292795,360.926959611669,781.116377324338,,2286.16217381398,,3539.7382090778
ANK3,BRAF,401.534811595262,1235.56061869981,0.001,0.001,0.836279191272951,0.870087955700427,0.727650544333055,5.61683452953571e-07,0.328577880917386,1.70943780934175e-06,395.557459854934,1223.23764646276,12,14,0,530,556,215.009533980908,673.483537877583,696.05132803364,2000.45096176693,,4389.70692658909,,17455.5499032564
ANK3,BRCA2,402.009041246846,602.646616321895,0.001,9301.02952149988,0.958356207707552,0.586099512271909,0.111308639779044,1.98148602586751,0.327698107653535,6.04668131914411,395.557459855121,696.017166264815,10,12,2,532,556,215.262159137225,674.28611664892,322.704597957759,1010.77498612817,,7649.18982403347,1489.44085483403,32048.4202828058
ANK3,CDH8,367.018979597042,137.958429955455,2729.25834636442,0.000999999999976353,0.948105824924012,0.981842208347629,0.573789706491181,1.10221948492308,0.341446531679932,3.22808809771801,395.557459854509,136.205026391436,11,11,1,533,556,190.565445578435,628.601639179799,73.8728086352458,231.389119407551,152.696295425081,13028.7434932011,,3079.49026523224
ANK3,CSMD3,392.083289947212,374.825285654009,508.369545860922,3314.25498010914,0.99976197314714,0.901783710672011,0.101614497961165,2.89885420105652,0.712331600511763,4.06952913358594,395.557459854253,405.633710664416,9,27,3,517,556,203.518269960734,667.763184133674,250.722018258727,534.274563282832,,5807.39104661649,432.183597573268,10559.2585310879
ANK3,CTNNA2,403.571457391155,136.80845490291,0.001,933.900694740946,0.915214823483662,0.703931711760975,0.563481576036661,1.1600273966416,0.382377288787649,3.03372462396901,395.557459852286,145.710266783648,11,13,1,531,556,216.102566502268,676.954118054218,75.255283026367,225.233647870634,,5160.76347466107,52.2501164386653,4458.49536097958
ANK3,CUBN,401.773012450356,228.494616657681,0.001,9017.25703736318,0.946505092626306,0.290638859331111,0.00076243111625676,4.27105903752753,0.410272860128331,10.4102889871672,395.557459854943,309.101661700406,8,11,4,533,556,215.153319282213,673.945002725355,118.655526962772,391.390135865823,,8495.94633033538,2582.44452528764,25389.2346366433
ANK3,DMXL1,364.09931945682,420.024422350703,7486.14328508931,0.001,0.95558243077342,0.99473791555565,0.260761831437105,0.952276487162709,0.120144055601417,7.92612237364388,395.557459855078,414.980552595315,11,4,1,540,556,189.058709399115,623.613924841377,150.62008732354,902.774715788385,403.914296695537,43264.5401061008,,23908.1675799707
ANK3,DMXL2,401.562980172882,328.876259406352,0.001,3516.22598130701,0.918183610623517,0.611451732603051,0.414759932761387,0.978240271656274,0.216435143573492,4.51978479790695,395.557459854584,370.962872296341,11,7,1,537,556,215.01988124665,673.552795384158,141.307817182383,636.069634730049,,6727.2791526611,196.395062245665,16913.0346520746
ANK3,DNAH5,371.441994652155,338.635611070132,0.001,1828.51621087806,0.860620963335203,0.650438859897561,0.613718555911594,1.02451073486058,0.421628436876266,2.42989002936071,356.924324967403,356.945734721796,8,15,1,437,461,178.458396972698,669.729912304436,194.842884864251,540.161409129645,,3013.32585284714,101.469067745448,9075.24444366911
ANK3,EPHA2,368.108904651425,919.789239537965,2085.86064740849,0.001,0.926254985783278,0.993501982065967,0.686458520469963,1.1037071804397,0.433829838340029,2.54410158753218,395.557459854599,909.547055370149,11,17,1,527,556,191.146459454609,630.511681966455,557.673691359989,1412.72363187436,117.511723258513,9647.9640173871,,15357.366965855
ANK3,ERBB2,401.139468221326,639.477613774721,0.001,0.001,0.846505707294574,0.899907876492845,0.761791157676511,4.84648873389513e-07,0.230587735936774,2.10179813518964e-06,395.557459855103,631.961652820227,12,9,0,535,556,214.794569154421,672.835412656374,307.271035559843,1152.82794924562,,4861.66751714188,,11945.9526050049
ANK3,ERBB3,362.553102793757,891.046829004968,0.001,0.001,0.869561774739811,0.935699759557087,0.813658036719541,3.1504777069178e-07,0.156950909980602,2.00730133218545e-06,356.924324968047,882.53620118916,9,7,0,445,461,174.199445377098,653.644092030448,382.85952144766,1723.29706840413,,5291.82944764758,,26713.4143297419
ANK3,ERBB4,398.83384747254,136.429401333176,0.000999999999748979,4986.88874830013,0.979498589344757,1,0.00530347959743422,3.13461953018454,0.294577034441935,10.6410859085568,395.55745985578,185.780281642301,9,8,3,536,556,213.563675626409,668.951834968255,62.3449923657169,253.962677258329,,17222.0894832031,1174.52227136055,14933.1674535324
ANK3,FAT2,372.362911478588,182.932271639824,2882.81689671686,2179.30131450265,0.909004824566097,0.8018128573901,0.0706659579029996,2.28604994867183,0.300665795342927,7.60329237339572,395.557459855738,203.194461859233,10,9,2,535,556,190.61691407554,640.456711841326,88.8558908678087,325.978905475402,,17921.7876844662,,10239.9418828417
ANK3,FBN2,367.532445460217,222.262711591402,2419.19923603436,0.001,0.924859777225818,0.981575623068473,0.622322174618664,1.24865605022885,0.431347126207372,2.89478235593612,395.557459858655,219.685813027757,11,14,1,530,556,190.834338418783,629.494719493679,127.898097369864,354.485489125007,135.36201139741,11520.9533800212,,4304.96854712364
ANK3,FBXW7,400.490072413316,615.801537432489,0.001,5514.45693247243,0.966521662137052,0.825806782148171,0.494197251285355,1.03388143847972,0.266902954873613,3.87362305137945,395.557459855103,675.976280641828,11,9,1,535,556,214.448777738759,671.737476859343,295.891989028103,1110.15417022741,,8943.93244961755,308.886952687206,26185.2178958012
ANK3,FGFR2,401.223606876514,746.792552843716,0.001,0.001,0.844253288125878,0.85491321552068,0.721778940761382,6.69378638213682e-07,0.336967872491794,1.98647613870068e-06,395.55745985538,738.415970061164,12,14,0,530,556,214.84285642703,672.961849455904,420.704443226169,1209.10507975456,,4651.04379424695,,9349.54769913433
ANK3,GLI3,402.99194611703,134.751316309036,0.001,1699.04292470284,0.960583293356158,0.66068721564111,0.152752240786991,2.22089919688705,0.454086920060321,4.89091206721398,395.557459855455,151.21410422653,10,15,2,529,556,215.786579158352,675.941341041608,77.5410569136253,214.916053593483,,6830.33513456762,271.991285541998,5876.22319682979
ANK3,GNAS,402.279404572314,664.569708968178,0.001,4128.71817363818,0.965887131714401,0.86735602876395,0.632450778706764,1.1547806425776,0.415876233531176,2.77674112986076,395.557459855103,704.108062943898,11,14,1,530,556,215.407080587602,674.737832788015,374.378582580336,1076.00442148591,,6455.61256235181,231.018333527154,19705.2146004924
ANK3,HMCN1,410.634660263115,208.842466554634,0.001,3481.71024231136,0.981328869472146,0.912385959365547,0.00532651146341257,4.86483196991558,0.972062980123144,5.00464688954546,395.557459856543,239.559836497737,7,32,5,512,556,219.87278798484,688.790935630548,144.570827508675,289.831610851564,,4703.84204207611,1111.72107596162,9763.00041269432
ANK3,HYDIN,365.078908716419,313.477847112494,0.001,0.001,0.817531077832792,0.864512645470375,0.706799336808176,1.03547457247066e-06,0.332006834927951,3.11883510679942e-06,356.924324969058,309.630998020804,9,12,0,440,461,175.411613195141,658.20436772105,167.853166755074,525.808443708962,,3564.43794517901,,4329.56143597542
ANK3,IDH2,399.47233720144,3724.86790948143,0.001,0.001,0.889227929674695,0.862520368108251,0.766985517844691,3.36412645454351e-07,0.235532231090605,1.42830832067709e-06,395.557459855449,3678.99264175994,12,12,0,532,556,213.907279148658,670.014570106839,1994.59050840494,6247.4472231402,,6680.20994253664,,49653.7969134647
ANK3,KMT2C,401.999539553847,338.639209548368,0.001,0.001,0.825357181331926,0.836085721799375,0.690093212501377,9.91778781529382e-07,0.350087979166471,2.8329415476953e-06,395.557459855601,334.293583892327,12,14,0,530,556,215.256317801815,674.272502228469,190.769372426121,548.288772132991,,4127.64202211108,,3737.57467970254
ANK3,KRAS,437.709490251422,9513.37478989423,0.001,19875.5647332692,0.822139623998859,0.839153868883995,0.821706400291527,1.93527062421618,1.84943593547301,1.04641127983772,395.557459856173,9631.40354506438,10,84,2,460,556,234.387406944389,734.440861642497,7619.22115555376,11698.8217059605,,1300.19906418537,3209.91585781084,66835.3665817708
ANK3,LAMA1,402.475607228845,170.79107352009,0.001,0.001,0.813985514866474,0.813349415262353,0.66208697433237,1.75242778113847e-06,0.401824369733121,4.36117844794325e-06,395.557459855103,168.424999367149,12,15,0,529,556,215.511054975222,675.079153489414,98.2770678283386,272.392205417895,,3855.70755179818,,1631.07591985321
ANK3,LAMA2,367.459776348108,319.40218804604,2456.76784904152,0.001,0.794291955923417,0.948081503257829,0.591907028291181,1.2731448722112,0.431946738938141,2.94745800220875,395.55745985446,315.248248688879,11,15,1,529,556,190.79941849056,629.368513051853,187.338561616993,502.473297744766,138.32036833475,11401.595283076,,4959.41937093071
ANK3,LRP1B,359.277845355828,167.013493152196,1389.23166237876,1402.47013361022,0.95253769860727,0.786491995896084,0.0267415977707404,4.12874782777707,0.909690261050278,4.53863034986243,395.557459854168,178.116261967243,8,32,4,512,556,174.960970478859,633.458115690981,115.94385670107,231.08291775081,,6275.26920516528,21.6504080000199,4748.42937026196
ANK3,LRP2,406.002782273231,325.28831204642,0.001,0.001,0.733596459104136,0.75882299387366,0.556722105285606,1.62498033013173e-06,0.555272131821036,2.92645756379407e-06,395.557459855646,320.968138533726,12,21,0,523,556,217.398225185233,681.017400895645,205.235482061117,484.958662525067,,2536.85074104949,,2318.33620053805
ANK3,LRRIQ1,332.877632720796,351.3320280681,6505.90680843948,0.001,0.85447612253876,0.973605169959745,0.082418685198735,2.02017094234088,0.291948554443526,6.91961275914333,395.557459854859,347.180737425027,10,9,2,535,556,166.796712880113,583.905077500101,182.426899176743,601.742620429534,1014.79933033757,24584.1474956326,,10055.1903735692
ANK3,MACF1,368.465505209084,1339.77598067739,0.001,0.001,0.753017163204992,0.77487092685187,0.583554499330518,9.26001395755091e-07,0.502263901927726,1.84365508291762e-06,356.924324966582,1322.43671525492,9,20,0,432,461,177.037121906782,664.335387363677,834.989242149243,2016.00870010473,,2512.18970667776,,10450.7822874364
ANK3,MED12,401.447699113652,357.831763723955,0.001,3208.34221721279,0.947326387749281,0.711951280555543,0.481298466584741,1.03727190485925,0.266570328604314,3.89117539934061,395.557459855655,392.891718642716,11,9,1,535,556,214.959136768234,673.354478443985,171.936922526431,645.096679165459,,7317.13254933934,179.73583073613,15217.4908214427
ANK3,NF1,402.864691836296,392.177881196278,0.001,6265.15461605364,0.926947883241758,0.449929903803795,0.101193742771092,2.20167770080276,0.362903589730349,6.06683913608759,395.557459853156,453.058167590799,10,12,2,532,556,215.717963492754,675.731287580363,210.001199427689,657.779913307716,,6332.61302585646,1005.62002926152,21471.6065168141
ANK3,NRAS,400.50420665873,4070.67522038638,0.001,0.001,0.862165655403121,0.875234450225242,0.754607553351094,4.47217447244012e-07,0.316201708177697,1.41434228746382e-06,395.557459856423,4034.32576368229,12,15,0,529,556,214.459513041466,671.749412747458,2342.38998363016,6492.05264986658,,5272.94807487003,,60101.0144771145
ANK3,PBRM1,406.027926198317,643.39248763107,0.001,7005.25013281434,0.91704379163058,0.485642762531329,0.182933144321579,2.09180263331977,0.481868272415007,4.34102586342978,395.557459855994,716.229234701687,10,16,2,528,556,217.409473785931,681.047855526458,377.362000893863,1012.1888117308,,4573.8261185516,1118.46976286713,24368.1660298941
ANK3,PEG3,399.428037086349,175.395421177476,0.001,0.001,0.890970525326989,0.843365574931893,0.751426786805968,1.52338529734982e-06,0.358061817001715,4.25453155018347e-06,395.557459858655,173.098906702086,12,13,0,531,556,213.883378785647,669.941163610994,96.4839177348799,288.754853514997,,6823.14131842709,,2031.14481588871
ANK3,PIK3CA,377.260879272444,989.606702343382,1147.43511564991,9454.17130470239,0.98171502102006,0.785207186964338,0.059083402483735,3.30124241878655,0.675847833119297,4.88459421930829,395.557459854133,1067.18196097406,9,24,3,520,556,191.59595029932,650.373569688539,645.760263396426,1437.29421016024,,7492.82851490424,208.184691634256,32864.4196756491
ANK3,PLEC,404.849017410337,265.585011287067,0.001,1767.02851871888,0.886043135052248,0.646260719920957,0.554355392587131,1.11420252891924,0.371564570067039,2.99867807288033,395.557459855646,282.790395642125,11,13,1,531,556,216.775403604866,679.082781377857,146.093840949242,437.247056967113,,4334.52404761864,99.0370460176306,8368.13699346724
ANK3,POLE,400.11866099234,272.940501590693,0.001,6701.3651146888,0.960864284631421,0.469189625924508,0.0520781293043763,2.15731428841461,0.245681922068663,8.78092401040269,395.55745985434,337.97083277579,10,8,2,536,556,214.25103531479,671.107697715175,124.726879317196,508.072948949462,,10516.5335160044,1078.95275210344,22732.7166508997
ANK3,PREX2,364.42860581456,129.809259972196,6246.74079837724,0.001,0.723968665929098,0.974122241023529,0.290983530564126,1.38694258795446,0.206092790907694,6.72969967482103,395.55745985276,128.334170108588,11,7,1,537,556,189.227480780485,624.167311752959,59.3199147891057,241.637915261916,347.821086535262,30513.6217877291,,4507.467686763
ANK3,PTPRT,397.935633568808,75.5721742311838,0.001,2677.14230494246,0.981703608167985,0.816012636981566,0.0309966682989909,2.11061652043765,0.190583677241791,11.0744873379683,395.55745985682,104.663255866883,10,5,2,539,556,213.084059466316,667.438969654019,27.0998993620975,162.429257772259,,20893.033171694,429.493591298279,9198.3973781482
ANK3,RASA1,402.066707231493,362.413888660292,0.001,0.001,0.823776378940771,0.860613590453841,0.708979470994269,8.21241570176864e-07,0.300129959370069,2.73628654700296e-06,395.557459852286,357.440733422335,12,11,0,533,556,215.290401379749,674.394863363433,188.178345133895,620.731266391138,,4135.14057702169,,4769.68803176454
ANK3,ROBO2,347.931841891637,211.618994385072,7593.67172984431,1197.28141151255,0.785990225200781,0.982046497722176,0.0406634435072947,2.41789426978765,0.250707503849643,9.64428360803165,395.557459854271,221.607065545088,10,7,2,537,556,174.91280336317,607.813783714838,96.5793778187867,390.723004092165,,32356.2114280648,,11378.2167124944
ANK3,ROS1,364.181152168394,183.648880742554,7165.95116442278,0.001,0.796521587621513,0.982619366252993,0.265720106614963,1.14494016180366,0.151264804611833,7.56911143171569,395.557459855078,181.372976808706,11,5,1,539,556,189.097669206899,623.741823556506,72.9922992748965,372.150717449631,389.840735116632,39319.504436779,,8010.05692412726
ANK3,RYR1,365.092469609823,313.944033333717,0.001,0.001,0.817567488336935,0.818980657353311,0.669614341875382,1.1068395597523e-06,0.354880501836442,3.11890778452072e-06,356.924324968047,309.41693240326,9,14,0,438,461,175.418550383718,658.230875916539,176.844653211725,508.319334946877,,3566.28163963646,,3141.96543421757
ANK3,SACS,404.691709282662,182.387592908657,0.001,3381.3937445436,0.921823766437664,0.405885050694098,0.0251430502386521,3.19048486339406,0.499869863923882,6.38263094788185,395.557459855377,214.598021905576,9,16,3,528,556,216.694693233182,678.802541045896,106.974953116998,286.929227319267,,5586.72407055937,794.865836938515,10160.4606064478
ANK3,SF3B1,401.863230579684,809.656496561464,0.001,0.001,0.828494918075788,0.844608812047457,0.699774726558085,7.1076166026883e-07,0.366549790928603,1.93905897059227e-06,395.55745985446,799.861713331013,12,14,0,530,556,215.184770452239,674.035241020939,456.114093093195,1310.89672714147,,4171.4623278582,,9452.16640220977
ANK3,SMAD4,404.433179401389,916.95298090198,0.001,3997.87581748344,0.9831425539287,0.924002387132631,0.783472057516049,1.02276586130608,0.501234920936012,2.04049202995704,395.557459854929,952.261127368608,11,20,1,524,556,216.572917987897,678.398679130168,571.493935650475,1379.61877741111,,5014.75296020184,224.492362643644,18765.5832869313
ANK3,SPHKAP,364.032115029952,249.741504037768,8041.43894879467,0.001,0.548436048661738,0.951068829091907,0.231242660005518,1.46343757224262,0.175232421223874,8.35140872916978,395.557459854794,246.216275404316,11,6,1,538,556,189.023801018727,623.496352312991,107.305701409814,483.002855709641,439.322039483832,43107.2311148632,,7472.96848546146
ANK3,SPTA1,400.725387526682,123.768045119675,0.001,2199.24503133162,0.971308573242745,0.681690372679846,0.0908462258037014,2.02746468832208,0.30526415065826,6.64167306888194,395.557459856337,146.960144956464,10,10,2,534,556,214.574185876201,672.127441492292,62.0152035035662,217.08766816966,,9828.19329687236,352.854993041602,7545.53935045228
ANK3,SYNE1,415.754195744154,225.100241955699,0.001,3095.49689597552,0.826210277937316,0.216222548892321,0.0192234308982281,4.18063561652163,0.88802358226089,4.70779796847041,395.557459855249,252.979974339516,8,30,4,514,556,222.607337128765,697.434486351844,153.836900557532,315.582616568995,,2683.17448282467,885.593558408404,8748.03932490064
ANK3,SYNE2,360.87554889115,1000.10013663161,0.001,0.001,0.797486103302944,0.880231299341894,0.798026217776057,5.68677142459562e-07,0.291335529305452,1.95196632492884e-06,356.924324966477,989.451682135511,9,12,0,440,461,173.397843861729,650.59313753404,535.532139440263,1677.39890628583,,7378.06422327404,,15646.2708583375
ANK3,TENM1,378.708933816212,317.592321833455,1381.8653242992,477.726890003893,0.969258561858399,0.998756483892567,0.724306613678771,1.03792521966691,0.43382471169282,2.39249907091931,395.557459854175,319.592763286262,11,15,1,529,556,197.061595272797,646.945328925709,184.311906231941,502.795011954343,,8411.88789008297,,5988.5620118645
ANK3,TP53,215.749061210705,763.801074727573,2352.81642372563,0.001,0.481021561489604,0.841829848948688,0.0240530300410457,6.46387277076826,2.20085694470671,2.93697997333018,395.557459857075,758.023841531203,6,90,6,454,556,85.7438191844461,437.252717835685,620.834703372477,927.268454025394,927.14810144469,4840.47366253147,,4633.13668691938
ANK3,TTN,363.239734312337,578.553323518774,0.001,4692.47369914984,0.982369081910239,0.85922043858527,0.535843787773002,1.26668223021722,0.372604020417863,3.39953988901321,356.924324965846,617.519532477313,8,13,1,439,461,174.530794880088,654.867897299448,318.251795053006,952.506670378975,,7651.103154366,259.709846301303,23587.7413778075
ANK3,XIRP2,367.28658755438,309.266831614461,2543.85105639862,0.001,0.710750628768156,0.923052150308423,0.562154266381482,1.37834427149581,0.449069412814023,3.06933456647298,395.55745985538,305.528421757649,11,18,1,526,556,190.710781707327,629.075392336094,190.220045362649,469.949244562027,143.163183064147,11829.3681441418,,4172.54432231679
ANK3,ZFHX3,365.059236605671,297.490773596064,0.001,2637.80862357693,0.926275839604569,0.654367892769496,0.475631871084552,1.04641156853543,0.274364824090024,3.8139421553256,356.924324965716,323.739257245863,8,10,1,442,461,175.400758376729,658.178387558901,149.058145851916,521.818073882249,,5511.26140237136,146.585151760392,13006.4430309159
ANK3,ZNF521,356.66995051557,243.277726328375,3741.43736613667,1286.34357383075,0.931656773535446,0.983953747243405,0.102712611499985,2.32773758776229,0.371312485477578,6.26894510365947,395.557459855061,253.642162904159,10,12,2,532,556,179.952581430276,620.782684854354,132.863715474164,400.964486037197,,16756.138410455,,9269.33809551717
ANK3,ZNF536,362.08642443673,172.06688065953,0.001,1731.62443914243,0.971178790254273,0.852264401824053,0.454952686781905,1.13968729308591,0.26711598274186,4.26663833959834,356.924324967019,187.43786380379,8,10,1,442,461,173.98034140185,652.793595453192,86.2150175038392,301.802780865463,,9181.08792452142,96.4305904449482,8453.25607882851
APC,APOB,336.020650553019,181.573137850837,0.001,3465.30004877046,0.977659259592849,0.711460712591779,0.0776265171703848,2.37081719574644,0.33302356254183,7.11906742469208,331.642333952591,207.948748954791,9,13,2,532,556,174.481000480904,575.517505305902,99.8888356295542,298.940468098245,,8940.09019652601,557.311713711288,11809.7489868039
APC,ARID1A,282.933165566583,450.868871783256,0.001,2609.54902122538,0.926390078558776,0.752112687298126,0.429391847985603,2.38669296174453,0.918231503683271,2.59922792037832,274.614378288737,465.206457645925,13,52,2,863,930,162.811762215312,451.235815559561,339.149740003895,584.792263433288,,2373.6642257058,424.294896875845,8581.36856100509
APC,ARID1B,276.983905614998,261.979269054167,0.001,0.001,0.879626447309271,0.894541726259426,0.786867393744775,9.33446315225933e-07,0.24562146633863,3.80034501519922e-06,274.614378288847,259.891264914272,15,14,0,901,930,159.389856914354,441.739340374143,147.587536299832,424.152707844038,,4260.96833135992,,4603.05946875861
APC,ARID2,277.043551075618,314.062796500884,0.001,14302.9355635649,0.9759929256095,0.493470611390667,0.000333807380461156,4.59492201271632,0.322133845240244,14.2640150378781,274.614378287381,395.723262511885,11,15,4,900,930,159.425713536868,441.836969963536,180.727600599251,500.87101615129,,9273.79167002773,4241.84651005381,36895.311169094
APC,ASTN1,334.918958192963,95.6654483760881,0.001,7330.68079717179,0.974552889930321,0.288327710248548,8.58438166465115e-05,4.73353380199629,0.295300261040763,16.0295618612504,331.642333951199,142.726969596163,7,8,4,537,556,173.909496669171,573.631064311238,43.7163795194867,178.080067982668,,13359.4196496985,2061.08623939508,21852.6971654562
APC,ATM,279.410352583781,445.668380062531,0.001,2048.74940846709,0.962555828423213,0.899444516527785,0.747420042545302,1.18031223020353,0.544424062512564,2.16800158456678,274.614378288408,457.220745010633,14,30,1,885,930,160.784472852675,445.609730441268,304.612431320595,624.729958925956,,3506.37526669029,115.50237487739,9456.06447068897
APC,BAP1,282.297338929129,585.12829658945,0.001,1598.1447904944,0.964066779927541,0.946218079341148,0.926231891271431,1.09092427718666,0.819100209919172,1.33185691320273,274.614378288375,592.996955517858,14,47,1,868,930,162.445562406128,450.221415554444,433.374785082105,768.756501417801,,2245.11316774053,90.1321655380153,7364.59597341727
APC,BRAF,279.903795290997,1732.76364227483,0.001,15451.932082265,0.961845539069287,0.761890138591961,0.245399732411489,2.30221438460163,0.592762786480583,3.88387131768274,274.614378288852,1825.88653420798,13,33,2,882,930,161.069396850016,446.398813408763,1206.77576017801,2393.09499898698,,3754.94527949459,2513.77329722156,50732.0467517
APC,BRCA2,277.239135110134,383.376850204815,0.001,19399.0554458077,0.954409556407973,0.282312220888859,0.000231707724538618,4.46155914461145,0.288080871188985,15.4871759662397,274.61437828834,498.591654501171,11,13,4,902,930,159.537224964292,442.148911888965,210.8992416379,631.14619494153,,7764.91481764463,5764.05285161101,49801.9078734553
APC,CDH8,334.703872839797,114.435947954646,0.001,2618.26397609319,0.997477498593246,1,0.0609203750655694,2.34583036289941,0.298871107177673,7.84897002942764,331.642333952806,136.205026391695,9,10,2,535,556,173.794980095451,573.248891488655,57.3400456255764,200.719565879211,,13622.4758701492,416.899448313805,9214.84911439905
APC,CSMD3,340.880237948829,367.694729586735,0.001,5165.57863430921,0.962609394973411,0.694778166413688,0.0476508939858849,3.3074593047434,0.64179046084658,5.15348779160811,331.642333953802,405.633710662343,8,27,3,518,556,176.99917218958,583.852467987553,245.847276293933,524.384404394173,,4893.91370518205,1223.76227275099,15196.9822160965
APC,CTNNA2,337.253896681859,136.505069988696,0.001,1137.29985364406,0.949159721791828,0.739728424964841,0.505344692011256,1.21811053941973,0.336090190844651,3.6243561180956,331.642333951257,145.710266783817,10,13,1,532,556,175.115516830666,577.63126039968,75.090525841551,224.73733475725,,5826.65843400968,63.5908683927931,5443.32514338743
APC,CUBN,336.977032509528,270.110347744525,0.001,4642.65389874637,0.963170312287558,0.626543255404381,0.0928799728156688,2.26473596950601,0.35636633835923,6.35507826000971,331.642333952349,309.101661701592,9,13,2,532,556,174.972953698159,577.153190053177,148.584655547846,444.690471418012,,7251.09752676237,741.991488881051,16129.6508841175
APC,DMXL1,333.125334321726,418.861103710973,0.001,0.001,0.952352466349614,0.954643354064072,0.909158323337768,2.98369705910122e-07,0.108509578771935,2.74970845234994e-06,331.642333950166,414.980552597463,11,5,0,540,556,172.976005944026,570.540789875936,150.202892587056,900.260528573974,,14204.7051447383,,17812.708711739
APC,DMXL2,335.616886000429,327.335081205239,0.001,5237.62611242997,0.944406786496049,0.556760113392561,0.303166908307297,1.25347138173101,0.192948583508779,6.4964010563673,331.642333950267,370.962872295714,10,7,1,538,556,174.266795611972,574.822461371567,140.647168009939,633.076985428481,,7840.16520339464,293.136333438208,24936.5255639498
APC,DNAH5,335.150681611022,337.724691782926,0.001,2298.52752965331,0.886335418227423,0.621853329778661,0.542741340454157,1.16849169186838,0.392894538591222,2.97405939023273,324.355536091609,356.945734721288,8,15,1,437,461,161.03227987916,604.244706415714,194.32104236157,538.696241218394,,3359.87576124933,127.839233454651,11258.2899870896
APC,EPHA2,337.179109105325,919.402096845307,0.001,0.001,0.834366423550596,0.825119644107659,0.688468095282405,8.12718685794245e-07,0.385983951848701,2.10557636373653e-06,331.642333950309,909.547055363502,11,18,0,527,556,175.078748206315,577.494377715183,557.377123151096,1411.97250907429,,3619.43609822002,,9411.36428612046
APC,ERBB2,276.682089788529,421.657699069373,0.001,5506.22922867019,0.974700782208037,0.752994457229193,0.364019473371217,1.11112808508006,0.194029334276909,5.72659845080079,274.614378289003,460.470638183965,14,10,1,905,930,159.194408961242,441.197946264502,211.304929974311,739.652072662192,,8264.24235005659,310.529777725358,25437.5644475696
APC,ERBB3,266.850884426467,773.467402070405,0.001,20919.142847246,0.953944538263111,0.468402742625273,0.0410035927418689,2.23137164568151,0.217769992593587,10.2464605848879,264.22169662925,908.259667906261,11,11,2,811,835,146.794379494721,439.312942658784,401.625756869605,1324.70563525012,,7314.29752364571,3386.14372789317,69774.4274297708
APC,ERBB4,276.714582358816,142.509989749379,0.001,1378.10221112757,0.991679702649086,0.95896056194477,0.469751420446014,1.17188967280666,0.270944623274729,4.32519995651804,274.614378289716,151.584124952909,14,14,1,901,930,159.235235471068,441.309071057189,80.2839367605509,230.728064860052,,8322.16696530793,77.6393717801558,6379.42971434538
APC,FAT2,335.405845972685,186.48526546329,0.001,1946.98633933273,0.972667406846962,0.845831629017228,0.440645158022284,1.16353662209999,0.261250140830677,4.45372629618643,331.642333952498,203.194461859586,10,10,1,535,556,174.183252001939,574.539629032164,93.4327146458397,327.069413073878,,8905.21154739191,108.999855016439,9263.94856200652
APC,FBN2,336.439279248938,221.90388499306,0.001,0.001,0.854756274608148,0.861497771808875,0.73638501776217,1.45096835580684e-06,0.37357595111327,3.88399829133247e-06,331.642333951218,219.685813027919,11,15,0,530,556,174.693957301674,576.226287409384,127.691110050375,353.907152028452,,4209.01499474006,,2958.27897021857
APC,FBXW7,277.105869155089,536.413613537364,0.001,5470.21030814604,0.96720492943545,0.788350884487725,0.439808784348623,1.15695367443201,0.254364966686165,4.54840023571115,274.61437828762,573.446403735463,14,13,1,902,930,159.463329290158,441.94397451774,295.090309295328,883.109421805475,,6591.93671381286,308.127372030534,25387.9171722408
APC,FGFR2,278.37202533984,785.218762660295,0.001,4319.51639161699,0.989468511931256,0.939841450198144,0.689098816786169,1.14021791744058,0.442396750590349,2.57736503696973,274.614378289003,810.870493143649,14,25,1,890,930,160.189040430697,443.954916946602,516.243118957431,1134.504774481,,4548.05221585102,243.616982502267,19901.8071038857
APC,GLI3,337.582907381691,143.477684498884,0.001,1042.55144675462,0.962552130842638,0.791428958943013,0.561541781499569,1.29373728134491,0.404436242852193,3.19886583907794,331.642333952449,151.21410422578,10,16,1,529,556,175.290826631662,578.206138353941,84.1537265413261,225.713783052696,,5615.4756237169,58.2735595522922,4996.86109535626
APC,GNAS,277.00817148987,383.694045926327,0.001,3651.04438296823,0.986743273629904,0.860316939069635,0.471441586915551,1.17261905364374,0.275231247512756,4.26048664256189,274.614378288788,408.168855163671,14,14,1,901,930,159.404281348876,441.776922453269,216.156041915767,621.214743491438,,7013.00791557979,205.344595884016,17017.5014655022
APC,HMCN1,344.012737395631,228.410885788108,0.001,1481.64759180447,0.98324290940892,0.812687840184479,0.396574199636966,2.30635014251758,0.859180857470565,2.6843593202338,331.642333951199,239.559836497151,9,35,2,510,556,178.622990704722,589.227028952607,160.835865597001,312.704430044739,,3461.23946535842,237.496933857023,5089.74690089262
APC,HYDIN,330.209149890372,286.143998270752,0.001,2941.23490870068,0.957868762579871,0.700605747926056,0.436856111249579,1.29344867149156,0.307126911372982,4.21144687617677,324.355536091461,309.630998022164,8,11,1,441,461,158.66441595914,595.302140145772,148.575960993119,490.107798389974,,6514.17349535683,163.217088017249,14561.6911431506
APC,IDH2,279.057724203647,5646.71741155777,0.001,0.000999999999976353,0.78680345542168,0.756066605054417,0.594889417606971,8.86714682625869e-07,0.456002687112025,1.94453828384575e-06,274.614378288542,5593.9076799812,15,30,0,885,930,160.583132802794,445.048028483936,3859.49051715563,7915.44619987516,,2238.69492751504,,39385.0996046228
APC,KMT2C,277.910564089296,270.512330689241,0.001,2002.43550895426,0.959136201308668,0.822157662415568,0.551835885698705,1.18994244109936,0.349901664217405,3.40079103013358,274.614378288413,282.750745038253,14,19,1,896,930,159.922822595866,443.219184578382,166.380876990634,411.029588572313,,4984.74440558389,112.880818833846,9246.20331366921
APC,KRAS,200.37327798798,8524.80705156084,1161.41233703433,1079.62361968033,1,1,0.227327114536454,4.37322298897759,2.00557679605411,2.18053130529917,274.614378287887,8476.28103637238,10,120,5,795,930,100.402625008519,351.443256525522,7114.01538941781,10110.8707103974,398.265821390987,2549.38435693034,,61088.6561388936
APC,LAMA1,336.209676176506,147.166183803904,0.001,2613.67872534419,0.9765809325215,0.782125812514685,0.0893642979351327,2.32251480647277,0.356592032622055,6.51308664805293,331.642333952924,168.424999366774,9,13,2,532,556,174.574907620887,575.836380469911,80.9547633405153,242.282660658512,,8832.90971663581,417.552623672577,9101.00204966917
APC,LAMA2,274.496472169145,317.8604935348,4983.68978902604,0.001,0.83386966245234,0.992977584279064,0.0886825913551855,2.53531024355718,0.383213029707461,6.6159291230066,331.642333953133,315.248248689835,9,14,2,531,556,131.897110592135,494.846453793218,186.437286633722,500.036823169863,809.764593177671,16414.7641552405,,9658.74927281076
APC,LRP1B,342.991359840788,159.316414477418,0.001,2719.22094806697,0.962744366790112,0.584374216787241,0.0103918488749155,4.41166007902504,0.810821311147223,5.44097696788831,331.642333952928,178.116261967712,7,32,4,513,556,178.092640933054,587.467729912742,110.289664085783,221.09089919645,,4396.43171941718,784.43545574078,7569.07186761107
APC,LRP2,338.524209978426,277.112762321308,0.001,5825.28586365747,0.950153731430838,0.543493265619412,0.0182555757929314,3.4066432343236,0.49042045401851,6.94637266127368,331.642333953316,320.968138535053,8,18,3,527,556,175.771447346512,579.79538425046,167.995000206998,425.584811581939,,6096.22892006903,1368.93507660995,17542.6853305229
APC,LRRIQ1,319.116744741603,335.13543613628,1591.95219083467,1569.81962048765,1,1,0.467470387861093,1.11596774064704,0.257707931644926,4.33035853232735,331.642333951216,347.180737424308,10,10,1,535,556,160.998030227139,555.857141492763,169.27500389694,583.21774127222,,13669.6168348723,,13469.2203485408
APC,MACF1,331.687413637896,1063.86593006944,0.001,38991.2916383754,0.975479295764183,0.556733634494342,0.0010097416808619,4.23119625543868,0.477169420830859,8.86728292033301,324.355536092068,1322.43671523884,5,16,4,436,461,159.379971272679,598.00119983334,623.949855634794,1673.66055921662,,7876.96250702062,10821.8642129476,121391.890291973
APC,MED12,277.833270919446,376.222753763423,0.001,0.001,0.840366802928833,0.869250619853773,0.730498964357008,9.20998409401335e-07,0.286305874321446,3.21683378514022e-06,274.614378289211,372.914615771789,15,16,0,899,930,159.877840532335,443.096950814556,220.670184352738,591.845751265104,,3132.70231484247,,5257.86936634649
APC,NF1,277.924438082359,297.907717406112,0.001,8355.08509674851,0.944526680420363,0.395562644519836,0.00810959148868732,3.22099906210948,0.322354631495593,9.99209797968584,274.614378287489,355.116014617016,12,15,3,900,930,159.929219771168,443.239722154164,171.430893267127,475.112840808763,,5940.18873356243,2004.13221498253,23693.2162474751
APC,NRAS,278.769060796899,4715.65156255628,0.001,0.001,0.798993483309317,0.812263362869441,0.649004418575135,8.82655744089897e-07,0.450499279454119,1.95928336480234e-06,274.614378288134,4680.4559132906,15,28,0,887,930,160.417066960241,444.587234014905,3177.56921795773,6684.51420046842,,2392.91214000632,,44362.357845316
APC,PBRM1,281.275445246589,800.492251787811,0.001,0.001,0.699177939503574,0.76420363493427,0.534338658809256,1.49405985805547e-06,0.595205525784819,2.51015790904402e-06,274.614378287843,793.894769817265,15,33,0,882,930,161.856499912556,448.590893554731,557.490238137692,1105.56665104825,,1505.73019211105,,5816.79577950803
APC,PEG3,273.340858258318,174.503845747607,7732.84121900635,0.001,0.601924470356515,0.977512855145926,0.0401192601866595,2.98830198636632,0.315019850089044,9.48607519659998,331.642333954024,173.098906702652,9,11,2,534,556,131.342257752812,492.760359381533,95.9943888518308,287.282428052245,1247.50871758197,26054.7203658894,,6259.82857438184
APC,PIK3CA,281.639186766751,967.597897537018,0.001,7014.47873112478,0.920964988869495,0.681726052896224,0.317812698284225,2.39985639527961,0.755455932413605,3.17669938418818,274.614378288486,1008.20815974338,13,41,2,874,930,162.066536958389,449.171030943368,700.810584139464,1294.79425299601,,2735.84791900704,1139.60706730497,23125.9368384439
APC,PLEC,338.387157417282,265.215597325635,0.001,2031.31597926609,0.916377973133148,0.68768391134136,0.521345610672284,1.11101866897224,0.326245718803435,3.405465895605,331.64233395225,282.790395645092,10,13,1,532,556,175.702458033406,579.580954442995,145.890855744929,436.637403174768,,4651.40632112289,113.663807116913,9694.15046264102
APC,POLE,277.050762123444,261.503011515229,0.001,5572.45813576296,0.971328465541704,0.650067650318805,0.0623115630150932,2.18973439924246,0.259055717369484,8.45275457140098,274.614378289147,299.668378359034,13,13,2,902,930,159.42804234041,441.845058824005,143.85393591266,430.504773833395,,7877.20889128501,905.400841678065,18363.0362174292
APC,PREX2,314.24689513107,179.471538305207,2563.48703314981,0.001,0.982229517692479,0.997724400036897,0.536502536333601,1.20945068474145,0.331796298018797,3.6451602744312,333.830978380427,177.911895582025,14,14,1,733,762,177.032585079598,508.777773859662,103.276657414672,286.224513985921,144.625135446577,11795.7201475779,,4686.71618768822
APC,PTPRT,276.41668422924,97.4065511118802,0.001,1170.40542458571,0.988939765202949,0.901804044762316,0.396172738441418,1.14659709681515,0.217086406708711,5.28175445988964,274.614378285902,105.480497371978,14,11,1,904,930,159.064165100705,440.833247171876,50.5787067467895,166.825969137434,,9434.09854735394,65.8827233253201,5437.20977623881
APC,RASA1,278.08075972273,360.215475351096,0.001,2487.30247862087,0.96327570153854,0.83834630979717,0.58225544998194,1.10215268063732,0.348727912610993,3.16049458841793,274.614378285902,377.226423278214,14,18,1,897,930,160.021546255718,443.495175605278,218.37307591954,553.176886796093,,4806.39383918198,140.011627740186,11568.9544612689
APC,ROBO2,334.373707226532,198.852377408605,0.001,2597.36527346842,0.986513470989695,0.929398139068757,0.376630950245307,1.18933227586277,0.220494790248289,5.39392461165872,331.642333951392,221.607065545471,10,8,1,537,556,173.623004012595,572.682477731007,90.8711080604042,370.163827063785,,12707.4058656303,145.200789139159,12447.0145116611
APC,ROS1,276.192284411019,201.006522845529,0.001,0.001,0.918021778012313,0.91567991734112,0.840616541336697,8.41674565898055e-07,0.192017641624108,4.38331894287978e-06,274.614378288542,199.397233908318,15,11,0,904,930,158.93485519668,440.474070452748,104.373101765599,344.257183163169,,6406.43515608892,,4463.76926423975
APC,RYR1,328.766808240693,222.27852873066,0.001,12705.7066140653,0.992290146761735,0.831180074315196,0.000267779080296066,4.15627970370071,0.331826805004694,12.5254489420827,324.355536091397,309.416932403823,5,10,4,442,461,157.971912960783,592.694969339399,111.374059509101,389.886014997903,,13786.5903869152,3469.26714098148,41476.6709121814
APC,SACS,338.989758633179,205.064092456491,0.001,1274.76353357321,0.936251125965583,0.761529864877284,0.607575612250569,1.23650911541272,0.442692217991834,2.79315755994502,331.642333953151,214.598021904981,10,18,1,527,556,176.01669663385,580.606023879701,124.316157479178,314.932442545265,,4395.39771018767,71.4246518575239,6044.07118345958
APC,SF3B1,277.906548485081,682.021545991683,0.001,16150.1835108271,0.970375099738363,0.585051617088966,0.0124470449238249,3.55463607241657,0.413300841525119,8.60060206821653,274.614378288999,779.739661432612,12,20,3,895,930,159.917983173328,443.202706320467,425.08771430878,1026.11439158401,,6459.40990536647,3870.15354027623,45896.9624694154
APC,SMAD4,278.609773220262,609.16592506507,0.001,12467.2357145545,0.962120147867683,0.513948671154943,0.0175389423109378,3.44139003703353,0.443184226239496,7.76514558343917,274.614378288815,684.617138429682,12,23,3,892,930,160.324879904613,444.334618897907,392.899918075763,893.14733482901,,5372.5808334321,2998.44200165313,35077.8167852564
APC,SPHKAP,241.754187124795,248.078599549083,34267.1928671956,0.001,0.273919124387818,0.972153283747525,0.000153901156565252,4.0408286382073,0.157303523140111,25.6881000345308,331.6423339514,246.216275405548,8,4,3,541,556,110.475842658295,450.013953056656,106.590958255459,479.764443891101,7287.8291531355,146846.334149442,,14550.085958847
APC,SPTA1,336.367577920273,148.418059933253,0.001,0.001,0.856628655201074,0.88923290281801,0.761753185816443,1.37010440943129e-06,0.27279834615838,5.02240731560683e-06,331.642333952287,146.960144956822,11,12,0,533,556,174.65681274284,576.106345619341,79.4748311185616,248.930932552401,,4286.11908240012,,2494.45766141877
APC,SYNE1,347.089303382198,239.942228526914,0.001,1781.80236798547,0.847077585038765,0.453335387876786,0.285112521925228,2.41554394897521,0.781759694536453,3.08988038889305,331.642333952857,252.979974340448,9,32,2,513,556,180.209561796016,594.500493693441,166.097203828129,332.999230107322,,2366.57024380934,285.901010678991,6104.94828365921
APC,SYNE2,254.242838133519,997.107925674679,9003.01393043409,0.001,0.536224817471812,0.963276330498643,0.0285797488315427,3.02659273743663,0.277116084886069,10.9217504955764,324.355536092554,989.451682141859,7,10,2,442,461,109.242374258639,491.707114020228,533.931932719916,1672.36468932992,1429.70548918532,31905.6112072037,,36119.244218114
APC,TENM1,336.548737212206,281.953784157377,0.001,4576.12057430798,0.979555147437123,0.802568690751945,0.103608378432362,2.29923356864151,0.381892957674911,6.02062311554524,331.642333952807,319.592763286421,9,14,2,531,556,174.751313214024,576.415246671377,158.836747653853,456.507229933507,,8203.41382595281,731.585138329062,15885.887980684
APC,TP53,137.907556499517,648.834266400592,2040.75553221639,0.001,0.820594417719273,0.958261685553852,0.00167109870839536,8.52205645698136,2.31679081032135,3.67838840650413,274.614378288461,646.062753206653,7,131,8,784,930,59.2545184897864,266.723003899591,546.765540549254,762.908216980011,926.90585906956,3836.70891223474,,5699.97288564914
APC,TTN,329.319529461834,578.340205648511,0.001,4982.40299642163,0.991303796342307,0.930801261431793,0.517683106895456,1.26150444013516,0.351648300185805,3.58740377663876,324.355536093495,617.519532483963,8,13,1,439,461,158.235279932347,593.683424140823,318.131090410391,952.141959285745,,8264.00741735026,276.646430212577,24723.734229236
APC,XIRP2,274.699401159341,307.827111561994,4751.76206267499,0.001,0.773977392455833,0.983558992700387,0.095526586540602,2.63079372974825,0.408610313078685,6.4383928783551,331.642333952227,305.528421758409,9,17,2,528,556,131.994303908916,495.213148422581,189.329891545235,467.733201999231,772.87882760259,15600.7258013896,,8303.2024128824
APC,ZFHX3,278.608269519232,237.168630226195,0.001,4673.1071468893,0.967061196301431,0.543279610218011,0.0710066101975624,2.24217315254569,0.293165766562734,7.6481411142726,275.189170662405,269.268228812541,11,14,2,774,801,153.261760347529,458.670890269492,133.608998758786,383.987949413045,,6620.32463588681,754.701490455842,15672.1917980398
APC,ZNF521,335.935806077056,256.041696932504,0.001,0.001,0.86876785114289,0.877407068087557,0.762273031062429,1.17750490814285e-06,0.330848370376057,3.5590470244857e-06,331.642333951926,253.642162905069,11,14,0,531,556,174.433650860826,575.362817110837,144.240815187902,414.547117526473,,4693.67532335915,,3871.95682431495
APC,ZNF536,328.221090689976,154.603656329526,0.001,4057.12510896421,0.972874903266804,0.788777648478521,0.0478165450142906,2.26177398935987,0.256403297853935,8.82115795034872,324.355536089978,187.437863803785,7,9,2,443,461,157.710802264486,591.707273232693,74.2871849038551,278.713939718259,,11500.363962881,643.540431335721,14533.4107117671
APOB,ARID1A,214.623543021175,471.580374609865,0.001,3501.29219222397,0.988415936956725,0.942550846261333,0.203305036401005,3.06132006899636,0.99710793956801,3.07019927082584,207.94874895537,509.730209011494,12,32,3,509,556,123.500520970758,342.303247643094,326.463524864085,654.426128801322,,2058.78354477586,842.018708724658,9857.91124062701
APOB,ARID1B,209.416307978548,189.452272170963,0.001,4787.70249828313,0.9769729709352,0.759723537271281,0.0530841384688884,2.04662360691077,0.234068781583506,8.74368462579716,207.948748955161,249.413932721388,13,6,2,535,556,120.506708015211,333.987099797503,75.2985899807516,383.908834034458,,7659.27490407712,777.337456820771,15814.7750106328
APOB,ARID2,195.977288347383,391.884451024943,1389.95053412954,0.001,0.988707898539882,0.997416026464929,0.59539657497455,0.997612035466409,0.312591685804816,3.19142216754071,207.948748955111,386.511179524722,14,10,1,531,556,110.41015103133,317.319949852265,203.485786969886,671.189115579234,78.0097688823507,6552.86648713282,,8797.39768326481
APOB,ASTN1,210.156484220521,120.482256247095,1.65769571696979,1752.84999658045,0.99855772891852,0.919485392669298,0.129621938728031,2.04726009255857,0.370646236027269,5.52348815005354,207.948748955652,142.726969596639,13,10,2,531,556,120.92590207396,335.181632567427,60.3701294665012,211.333093525794,,5396.90102516236,282.259289877022,5889.10415422524
APOB,ATM,191.57972542062,432.94631422603,1183.15488279286,1112.30927555188,1,1,0.262326916761983,1.99510255430012,0.526489045262896,3.78944742013367,207.948748954747,442.027044767388,13,16,2,525,556,105.73950832472,314.186108585871,257.848628950844,672.071947493485,,4950.96416551791,,9323.20801506592
APOB,BAP1,170.258344557458,544.477522562528,1772.63765872457,0.001,0.989258035517327,0.984829608069069,0.10729111892077,2.97253216088965,0.741117722224651,4.01087718151827,207.948748955702,537.881835143282,12,23,3,518,556,91.1686871674755,285.566979299594,361.081867172781,781.45242509204,433.257919923003,4783.22455260822,,7714.0724025399
APOB,BRAF,210.81265772047,1240.41496828634,0.001,0.001,0.815720490171881,0.823807829301251,0.672014791421405,1.14060293914496e-06,0.395951852326764,2.88066069761347e-06,207.948748955113,1223.23764646276,15,14,0,527,556,121.309726094619,336.216599245147,698.782974142232,2008.32434326319,,2017.4339737472,,12463.2443901366
APOB,BRCA2,210.972905148969,706.129029635865,0.001,0.001,0.806577107487571,0.818388946386275,0.660113218268112,1.28262598367117e-06,0.400822221949114,3.19998720987581e-06,207.948748955032,696.017166263457,15,14,0,527,556,121.401655408182,336.473699589926,397.794777769117,1143.27682231616,,1915.20699527929,,6857.97552478502
APOB,CDH8,210.320164289371,138.377971725962,0.001,0.001,0.844816795893615,0.828072473393477,0.699585805189762,2.30251091259005e-06,0.369765497664944,6.22694904508485e-06,207.948748955719,136.205026391447,15,12,0,529,556,121.02664458654,335.429777637316,74.0977627649638,232.09476532792,,2445.4939289088,,1435.55834106531
APOB,CSMD3,213.564180426314,355.305886740639,0.001,4634.2837381176,0.978670349166243,0.812928769350571,0.0240735219256576,4.06770108843299,0.851847555120846,4.77515145049155,207.948748955031,405.633710661171,11,26,4,515,556,122.890570671026,340.614407601868,235.626663681718,509.952309835523,,2629.06943929607,1377.39907333378,11885.471473802
APOB,CTNNA2,211.113519137271,137.27836750048,0.001,714.076981035346,0.973728711440606,0.913890453670757,0.711762473930424,1.00080186066884,0.422098480663636,2.37101507471751,207.948748955111,145.710266783635,14,13,1,528,556,121.481922640511,336.699211481485,75.514154675576,226.010832926972,,3110.16528333307,40.1599011496143,3330.45788042067
APOB,CUBN,211.496105073913,314.049634126938,0.001,0.001,0.777585510502326,0.790018012702675,0.61433629780508,1.86692882373808e-06,0.451281913246739,4.13694581798437e-06,207.948748955719,309.101661701365,15,15,0,526,556,121.701673450428,337.311507122707,180.712287859324,500.880213174481,,1639.70137201986,,2600.97949417506
APOB,DMXL1,180.754458501694,420.158549923928,8431.06100383904,0.001,0.88853007241201,0.992519381686642,0.0176218610011094,2.03761758166684,0.144666760881938,14.0849049860855,207.948748955118,414.980552592815,13,3,2,538,556,99.4265726142071,297.554620804161,150.724480091701,903.392157713891,1268.92804829678,38522.2896415851,,25259.6462145154
APOB,DMXL2,209.725701051852,281.730640213657,0.001,6931.98953533404,0.969267781404555,0.564131962758815,0.0552606961908706,2.04723393604669,0.243611387446202,8.40368735430642,207.948748955455,370.962872294553,13,6,2,535,556,120.684479166743,334.482008882045,111.973763566205,570.913334758071,,6211.20058560275,1122.13333374554,23085.2022117468
APOB,DNAH5,154.377862492679,314.80267933482,0.001,4746.52338729037,0.974054061809603,0.592014538509799,0.119213666120219,1.98841393487624,0.361508006150042,5.50033166914417,150.669566163575,356.945734720942,7,14,2,438,461,74.1749024133464,278.309010535842,177.338867170551,509.785696247779,,2789.72065967982,743.963418839344,17523.902167676
APOB,EPHA2,200.949423645451,909.4137814907,614.22223942165,926.420836403139,0.998675447257619,1,0.824052144259589,0.995858588467588,0.513353190459909,1.93990922229471,207.948748955351,909.547055377255,14,17,1,524,556,113.323987586089,324.938882757395,547.122966623124,1402.91884949654,,3546.35751162359,,13616.7088591805
APOB,ERBB2,209.731086137345,497.898265137653,0.001,10455.5022514,0.977593845006755,0.738501025877061,0.0711788227270713,1.99764944556555,0.264301206147423,7.55823053055344,207.948748955575,631.961652821762,13,7,2,534,556,120.687595198186,334.490189411978,213.934686502753,962.943312792673,,6430.97129485524,1698.11383595106,34490.8856916478
APOB,ERBB3,151.996431749511,635.527170257809,0.001,29056.6647823355,0.970348824045451,0.520598907260908,0.0193343846670064,2.03918601517785,0.146898316752586,13.8816159385431,150.669566163635,882.536201186507,7,5,2,447,461,73.0345285934963,274.01436269147,227.897018410431,1365.95794255821,,6917.15284186381,4621.89890149841,102968.607127089
APOB,ERBB4,195.693466851817,188.256648451598,1636.74080465209,0.001,0.890435514935931,0.982130791535026,0.521096030886105,1.22364659289042,0.331547856982197,3.69070879850725,207.948748955531,185.780281641823,14,10,1,531,556,110.243524636942,316.83955929169,97.7518406774292,322.430366240467,91.6055136742381,7800.92708623517,,4276.05474481358
APOB,FAT2,210.399116187624,187.392390305431,0.001,1288.16272459629,0.972556679321615,0.899177892228004,0.598966819866006,1.00925916384365,0.329926720187839,3.05904039317895,207.9487489549,203.194461859082,14,10,1,531,556,121.071231910156,335.558913005463,93.8946241412532,328.691132098216,,4061.87671406873,72.5354536241606,5974.82325326997
APOB,FBN2,211.05230532215,223.0726904122,0.001,0.001,0.802231355517173,0.796579411458042,0.639065135883977,2.23059874449754e-06,0.463376890107804,4.81378936264732e-06,207.948748955113,219.685813027768,15,15,0,526,556,121.447300173943,336.59992436651,128.362800998726,355.776517416954,,1865.44485764789,,1919.1234655767
APOB,FBXW7,210.298604856148,686.434311055978,0.001,0.001,0.846024063466629,0.858640211400793,0.726445795038635,9.66335965306604e-07,0.300027483067649,3.22082482386694e-06,207.948748954695,675.97628063662,15,10,0,531,556,121.013892965809,335.396707835758,343.945070850659,1204.01977608715,,2484.26825892925,,8804.61052161579
APOB,FGFR2,199.766485649557,735.190714345968,878.334681496306,982.077634728026,0.992795719349139,0.999618446464514,0.678309717955538,1.07055772740865,0.401069644136865,2.66925643229016,207.948748955912,738.415970060884,14,13,1,528,556,112.646591335389,323.061489510016,409.591529960287,1197.67559123893,,5011.64797959052,,15165.2280397175
APOB,GLI3,211.010972922855,126.030450071992,0.001,2097.82597022776,0.988659616160915,0.929532812220224,0.0350072189965611,3.01518825477707,0.509934489794123,5.9128933522312,207.948748955,151.214104226286,12,14,3,527,556,121.423071023382,336.536985191476,70.9977399587001,204.056979584846,,4427.00673342538,501.176808905307,6011.81569874218
APOB,GNAS,202.229527466396,646.644393624274,634.827196831415,5023.94096705485,0.996119743541461,0.965356614072113,0.186921578133013,2.09834588499834,0.458230256462031,4.5792390515623,207.948748954885,704.108062932814,13,13,2,528,556,113.557587184113,327.087390727804,356.930304879399,1060.38919476765,,5068.65879992707,,21168.5607150054
APOB,HMCN1,182.799988447365,230.772479517124,925.39359873795,978.653938519136,0.973451054660802,1,0.0602694443578506,4.0782747958082,1.09957956630338,3.70894014474891,207.948748954689,239.559836497913,11,33,4,508,556,96.7230084400258,307.082682648055,161.730384308968,316.778573651332,,3173.12079913157,,4081.56776997325
APOB,HYDIN,150.304979083725,290.761693019975,175.069990791138,2063.20542428355,0.999968093087677,0.962987000670888,0.53429338440451,0.995731374639392,0.277046052870006,3.59410056315296,150.669566163849,309.630998021281,8,11,1,441,461,71.0308759626869,273.00917351885,151.055729457479,497.657997549421,,4054.75576883873,,11673.416002161
APOB,IDH2,210.199357435157,3728.49963082729,0.001,0.001,0.851765341260021,0.852707612933946,0.726318082319873,7.82390184699607e-07,0.301465680326352,2.59528774171783e-06,207.948748954695,3678.99264162039,15,12,0,529,556,120.957902893823,335.238150369519,1996.51106461115,6253.4107998906,,2568.302717431,,45590.4120643902
APOB,KMT2C,210.553230196321,290.268003293535,0.001,3607.50917113071,0.983739473005279,0.925439434838782,0.16134005433251,2.04256842403079,0.412569772286576,4.95084361782084,207.948748955527,334.293583891597,13,12,2,529,556,121.160365717693,335.803099017085,155.431827721627,486.848393596237,,4505.57398091515,585.935272430351,11902.917458977
APOB,KRAS,227.934980957759,9293.22289916368,0.001,34579.110957444,0.926008576867691,0.816278459417901,0.534060676108342,3.80857100768215,2.29099382187935,1.66240998614212,207.94874895554,9631.40354583616,11,82,4,459,556,131.14831040831,363.579239444086,7422.32295408407,11455.6876497454,,799.718673679386,10282.5763912888,88519.0406885185
APOB,LAMA1,196.82126413655,170.933449612711,992.032580661356,0.001,0.950136141489999,0.978696172763211,0.729346877530019,1.05307757540472,0.453502107140577,2.32210073299238,207.9487489549,168.42499936719,14,14,1,527,556,110.877723689101,318.669206926712,98.3596871868214,272.619824553937,55.8534502814228,4604.19334977812,,2606.3141166513
APOB,LAMA2,154.100153821962,318.759473842786,4788.01640134311,0.001,0.650211483403015,0.98814810262635,0.00159260508881164,4.4700765400902,0.483229626337644,9.25041904812114,207.948748954701,315.248248689377,11,12,4,529,556,80.0161997836273,263.928899253947,186.963840329398,501.454789284481,1423.88998729209,12255.1899353471,,8692.17969069107
APOB,LRP1B,214.769783107415,154.914892995348,0.001,2181.61333169136,0.977699615692687,0.830618814273027,0.0077231228688907,4.99863668550997,1.04893808080087,4.76542588833602,207.948748955341,178.11626196741,10,31,5,510,556,123.583270884875,342.539556732544,106.573503162054,216.051564526777,,2346.85757655806,740.42534976036,5413.970651193
APOB,LRP2,195.105302594423,312.739322552864,853.614467852364,928.713212035716,0.998816596546842,1,0.333809617962344,2.04674813120037,0.629729328554643,3.25020296561075,207.948748954893,320.968138535276,13,19,2,522,556,108.004958884753,319.058411007357,193.963203886119,471.497217695499,,3966.61337792669,,5910.44310011183
APOB,LRRIQ1,181.593355779587,351.566613880501,3416.45336161077,0.001,0.771970613058325,0.983101655263534,0.081947454278425,2.30020115734701,0.326199782087444,7.05151040453608,207.948748955447,347.180737425536,13,9,2,532,556,99.8937251464155,298.957076224121,182.548982466205,602.138185492331,543.185787396404,12085.2091929253,,9700.6497761273
APOB,MACF1,102.586963541915,1333.18199817118,2316.92007323084,0.001,0.756041095842529,0.971139000321919,0.0199854352463196,3.04478633918628,0.437379012691479,6.96143676499181,150.669566163592,1322.43671524403,6,17,3,435,461,40.7730115499311,207.888154225667,830.873516083849,2006.01174540565,560.884112319406,6405.60214835953,,34099.5046944921
APOB,MED12,210.279622280277,399.24979689155,0.001,0.001,0.847212539693482,0.852848607957329,0.722562511848584,1.12198391015233e-06,0.29793330824485,3.76588947627922e-06,207.948748955152,392.891718641266,15,10,0,531,556,121.002968709873,335.367538442093,200.046695752721,700.301817128728,,2515.41924086583,,4898.9790100573
APOB,NF1,211.406971213484,426.874350608867,0.001,2206.47584163624,0.954685259026496,0.859124588813451,0.699947713136235,0.977254926904807,0.411608946576099,2.37423150063656,207.948748955105,453.058167588679,14,13,1,528,556,121.651645805369,337.174155337717,234.822104271666,702.796709590249,,2797.67429459912,124.258441136812,10232.4137164303
APOB,NRAS,210.599956185681,4089.11826603376,0.001,0.001,0.828146494640981,0.818597188837653,0.677935415305574,1.03342605483865e-06,0.399405444689319,2.58741103452537e-06,207.948748955719,4034.32576343408,15,15,0,526,556,121.186667551863,335.873262327827,2352.91536955182,6521.32139880729,,2175.69594668988,,39813.0657348243
APOB,PBRM1,212.064272939391,644.488494406677,0.001,6142.52922107386,0.950610468703484,0.668129946923226,0.229093223014954,2.11832888590962,0.541951037742164,3.90870897624782,207.948748954789,716.229234692944,13,16,2,525,556,122.028629456436,338.217725668202,378.005949985543,1013.90954182148,,2726.22928634123,995.871719825056,20361.6451755709
APOB,PEG3,195.789516045109,175.613104693773,1576.84075830888,0.001,0.743695599719817,0.942121877986427,0.513657795860215,1.40738146925513,0.394113008508933,3.57100993590581,207.948748954794,173.098906702258,14,12,1,529,556,110.297649421857,316.994536200535,96.6035267791707,289.11237349963,88.627363274464,7375.65327457334,,2922.08953616489
APOB,PIK3CA,213.865636459754,1041.69273262952,0.001,2903.24596981734,0.953195165860734,0.928167488338096,0.912022900740838,1.05990518402533,0.788996288892217,1.34335889654625,207.948748954768,1067.18196097338,14,26,1,515,556,123.064122204605,341.098130841829,690.804463686101,1495.08517602535,,1666.31845734747,163.609691221439,13420.6215212137
APOB,PLEC,211.036108795771,224.988814121377,0.001,4623.90997736919,0.941920453185673,0.544426162622795,0.0206029308673668,2.95484468249956,0.418485664333194,7.06080263754731,207.948748955283,282.79039564444,12,11,3,530,556,121.436755225842,336.575439659724,116.821843992966,385.351869176235,,3757.1214658775,1105.32551874415,13235.847576887
APOB,POLE,210.120939421327,274.030183594681,0.001,5006.62497239953,0.963575412295677,0.708290190400839,0.0873894447441959,1.96949275003609,0.28831436643549,6.8310600487429,207.948748955548,337.970832774308,13,8,2,533,556,120.87688523867,335.018674223448,125.200156743533,510.006184979357,,5286.97505119276,813.782437711353,16496.6913291279
APOB,PREX2,209.485688616613,130.154266093634,0.001,0.001,0.89617703123419,0.893798605600243,0.801007796058274,1.51695656471027e-06,0.236347519960151,6.41833079088808e-06,207.948748954704,128.33417010892,15,8,0,533,556,120.547023721587,334.096672099225,59.4775427222184,242.280255825647,,3805.82129541153,,2262.39080252252
APOB,PTPRT,203.903061897052,96.7372216463593,866.169609883682,661.364031271143,1,0.997213494186676,0.42273735270023,1.03306771725859,0.212289930296665,4.86630579140014,207.948748955432,104.66325586696,14,6,1,535,556,115.700835049273,327.946231633675,38.777824609769,194.147333812305,,9161.71853949328,,4502.73886914066
APOB,RASA1,210.437953805472,329.758898224192,0.001,2206.95261807586,0.976176659633305,0.900125023855453,0.611570591734622,0.991925758092468,0.333508727394767,2.97421229675452,207.948748955125,357.440733421191,14,10,1,531,556,121.093874664716,335.619785080742,165.227825699253,578.410469317959,,3933.7441104087,124.122087630685,10290.7661577873
APOB,ROBO2,195.644847749891,224.971752697719,1715.97746766699,0.001,0.922810249675589,0.981294756282506,0.504726514812921,1.05875597552045,0.274648759666122,3.85494541030343,207.948748954979,221.607065544117,14,8,1,533,556,110.21622455658,316.7615501215,108.099052334775,405.572335253311,95.8683977568308,8251.03794079751,,5539.05632365639
APOB,ROS1,194.864990772432,183.818536932202,3247.15452157053,0.001,0.856960248716271,0.988312795340135,0.304285048306948,1.19471270264608,0.176703746681377,6.76110566461458,207.948748955111,181.372976810538,14,5,1,536,556,109.777534628863,315.496864567551,73.060048233259,372.492725729239,178.06283074335,17205.5859477266,,7478.96642508727
APOB,RYR1,118.75993510537,312.189972311201,2416.31372007415,0.001,0.732964547310044,0.979843809589014,0.0761972387911569,2.22692978433249,0.309638749149396,7.19202551505604,150.669566163699,309.416932403047,7,12,2,440,461,51.0280166302068,229.684545927126,175.863941792558,505.478622195062,389.902537722305,8139.96427385682,,9585.5873761025
APOB,SACS,212.158009937635,206.246156497035,0.001,782.216585003796,0.973659557001102,0.938519176090833,0.83557901984701,1.00841492462769,0.565569361835817,1.78300840299131,207.948748956152,214.598021905799,14,18,1,523,556,122.082581872369,338.367135805532,125.03142187265,316.752520887147,,2346.08115780212,44.0643666247616,3622.33095186365
APOB,SF3B1,210.824073623756,811.922063990602,0.001,0.001,0.815137441315167,0.812212991727472,0.66208511819693,1.30437348308749e-06,0.41954167455999,3.10904389761875e-06,207.948748954901,799.861713340675,15,14,0,527,556,121.316581017671,336.235590745038,457.39222439353,1314.57667651848,,2010.07898810894,,7614.75192726558
APOB,SMAD4,212.391821534339,872.738340377047,0.001,6770.33434817501,0.971344240572401,0.827860260849832,0.313509167739859,2.00357694554138,0.603576402769944,3.31950841077704,207.948748955117,952.261127371708,13,19,2,522,556,122.214542203191,338.735731828009,536.760030020056,1326.11311789161,,2651.13170788287,1100.28856037568,22296.0730118947
APOB,SPHKAP,194.865849967884,249.579958609871,3360.87388967291,0.001,0.703884237797923,0.967056530987361,0.287873039224024,1.43741895750877,0.206643933745903,6.95601816831591,207.948748954794,246.216275404932,14,6,1,535,556,109.777760925658,315.497203274046,107.23873904502,482.686100686904,185.552507388424,17172.828052828,,8012.68342165461
APOB,SPTA1,210.310396295711,136.587274061479,0.001,877.473375490278,0.992983567901368,0.970168539002336,0.636594929404846,1.02908133572676,0.356173212025002,2.88927213216284,207.948748956163,146.960144956722,14,11,1,530,556,121.020814559592,335.415097592575,70.9220957538411,233.937174929285,,4254.13853208522,49.4440604406922,4058.56029532029
APOB,SYNE1,215.644161626615,217.919233069054,0.001,3295.45841924547,0.909014503769052,0.3836512391371,0.00564951382043717,5.06347332361123,1.0092747428139,5.01694247246698,207.948748955604,252.979974341345,10,29,5,512,556,124.084298697034,343.939580290263,147.902517607148,307.184405679741,,1859.11450915814,1108.0713687765,8146.32692508782
APOB,SYNE2,101.184169246839,997.791577959802,6289.35919251524,0.001,0.278272244820821,0.955904573359716,0.00131459992670762,4.04199001163264,0.259143211826744,15.5975145292828,150.669566164014,989.451682137912,6,9,3,443,461,40.2160394570568,205.040036431697,534.297337844348,1673.5209973186,1481.6320568432,18795.823280526,,34794.7777849681
APOB,TENM1,182.764970344223,323.94800445184,1928.638578347,0.001,0.923289469978702,0.983923630996545,0.206874218791141,2.07967815277629,0.484359274779145,4.29366848343013,207.948748955156,319.59276328552,13,14,2,527,556,100.540516962901,300.897284218123,190.004929748396,509.632402582079,313.926907125043,6320.3359063955,,6005.82378352159
APOB,TP53,151.249853103199,766.533622449047,820.69682853046,0.001,0.739436802741694,0.909357151413301,0.255795583348308,5.31659192186003,2.66614963278054,1.99410860384281,207.948748955755,758.023841524149,10,91,5,450,556,75.7811485598714,265.318615812335,623.054494189572,930.598442759389,292.543427479141,1783.53143734258,,3541.53381372336
APOB,TTN,153.11430443498,624.714602214279,0.001,0.001,0.865998497402018,0.851833790866271,0.737704373728585,1.32983630967191e-06,0.314074196589698,4.23414697581535e-06,150.669566163725,617.519532481224,9,14,0,438,461,73.5712833354961,276.031247542213,351.920265032807,1011.5015605465,,2082.89506357566,,7818.14339429641
APOB,XIRP2,154.247672660052,308.806294622651,4528.79961171614,0.001,0.437765122872952,0.958478549089767,0.00184837698671066,4.86510843974101,0.542750551166716,8.96380193310317,207.948748954995,305.528421759197,11,15,4,526,556,80.0927244687197,264.181945707451,189.931267930097,469.223692282274,1355.4691131478,11409.0776806241,,6463.5872909305
APOB,ZFHX3,152.622740552501,267.298578819569,0.001,6032.59590929544,0.98785589192305,0.879108979746972,0.0640655587810367,1.90492679034721,0.243079140158194,7.83665266014801,150.669566163736,323.739257244553,7,9,2,443,461,73.3342045975136,275.14102681734,128.43624271315,481.896449034042,,5281.42455648289,951.678103086639,21975.3497644843
APOB,ZNF521,210.79540291381,238.85858729796,0.001,1277.90855731794,0.990476842172671,0.969222067586738,0.711292315505277,1.01858302640724,0.417519890636585,2.43960359554182,207.948748955111,253.642162905143,14,13,1,528,556,121.299552167265,336.192157591448,131.394461029346,393.236561716258,,3550.12364068671,71.9589731642582,5927.7140468881
APOB,ZNF536,118.386053078182,189.088086531799,3127.29706860451,0.001,0.830489947455251,0.986461152715514,0.0486994622439954,2.13918003718824,0.237712641302828,8.99901673492868,150.669566163583,187.437863803619,7,9,2,443,461,50.8702927990906,228.97223581554,98.1813518862779,323.85225679084,502.56063092387,10701.7221144643,,7743.25597646161
ARID1A,ARID1B,468.76849337574,229.562688572024,0.001,1244.47542051508,0.966975835186083,0.895006107457867,0.509667447784349,2.00533353069832,0.841949435795087,2.3817743031143,465.206457650369,259.891264913353,52,12,2,864,930,354.581264095494,605.188946251753,122.926580743813,385.027474060824,,4583.9855560807,205.808918773335,3896.88448413967
ARID1A,ARID2,452.30400187889,407.772454235057,1751.8587974527,0.001,0.948617544265918,0.981074527863647,0.704820649230723,2.08151987923322,1.14580170259683,1.81664931594681,465.206457642324,395.723262514417,52,17,2,859,930,340.227583833698,586.656657394518,250.799822409928,619.600729475959,286.548642688895,5657.53923638035,,2888.84231283789
ARID1A,ASTN1,516.099793867427,147.869201402032,0.001,0.001,0.652699491957501,0.656110136275788,0.428305039674489,3.86345745758895e-06,0.83198548659462,4.64365967897154e-06,509.730209007931,142.726969596642,35,12,0,509,556,363.424796866542,706.536263902484,79.1778922725815,248.023931432815,,2361.96323601218,,667.545242680848
ARID1A,ATM,455.549076662085,439.834554676726,1048.43080158527,1035.11835469372,1,1,0.349804766955035,4.03821415109204,1.88017394192571,2.14778753233651,465.206457647865,457.22074501238,50,27,4,849,930,341.609343606143,592.11610417748,295.99818986512,623.212431635329,,3948.3029428706,,3743.76991874796
ARID1A,BAP1,451.026700826111,611.146306295555,991.788584620955,0.001,0.9602966775202,0.963765867712069,0.95663135051601,3.07324169999096,2.86957620617184,1.07097406696539,465.206457642066,592.996955506664,51,45,3,831,930,338.277045093514,586.442946440394,454.126357647906,800.777367237346,244.576137052723,2619.6912650835,,1944.86950004405
ARID1A,BRAF,453.070578711072,1849.45470849007,1080.42054501252,1052.31735384601,1,1,0.830486308191399,2.99365961147997,2.10430554119138,1.42263542669049,465.20645763773,1825.88653426195,51,32,3,844,930,339.910246211896,588.891211716502,1294.116856258,2542.75762204546,74.6116840913591,3295.40812303798,,9486.00567032626
ARID1A,BRCA2,442.872190597355,513.579200682343,3049.91049373985,0.001,0.938838250256606,0.995870332409938,0.228312787726147,3.05151781069849,1.02179210723972,2.98643705414977,465.20645764363,498.59165449873,51,14,3,862,930,332.167240049477,575.819081114211,306.499532974279,797.89686483271,737.400673065161,8462.07082255489,,4727.85039114693
ARID1A,CDH8,515.343060526854,140.965550524394,0.001,0.001,0.686583410062277,0.663840426655685,0.455831639831793,3.97925100449137e-06,0.827099191439119,4.8110928479662e-06,509.730209004367,136.205026391751,35,12,0,509,556,362.893336513043,705.494408020527,75.4821382746786,236.440520838118,,2679.35017833163,,654.978283307083
ARID1A,CSMD3,493.431309537286,419.387711512639,1114.48400210249,0.001,0.910022355276601,0.918047393687024,0.909851695669002,2.1595982069653,1.97029235153472,1.09608008440125,509.730209006457,405.633710661497,33,28,2,493,556,343.620550823291,681.540189751237,286.624308582479,587.955722055996,183.405473745359,3537.08706496281,,1645.98518568593
ARID1A,CTNNA2,517.343973183822,150.929099788878,0.001,0.001,0.600851770740165,0.613986880833642,0.368993311895389,4.39685950032968e-06,0.959936068861859,4.58036700875589e-06,509.730209007931,145.710266783993,35,14,0,507,556,364.298684898292,708.245263372198,85.0211489922849,244.381796335408,,1973.05026291964,,588.43727722674
ARID1A,CUBN,501.929141596905,319.73327880746,1069.31680832656,0.001,0.976951418595616,0.978215593737027,0.976923426176319,1.07328373142462,1.02348804589602,1.04865292343011,509.73020900643,309.101661701043,34,14,1,507,556,351.535324423475,690.125528303624,183.979422816012,509.958017379145,60.3042599086807,4928.64907673503,,2096.48050556044
ARID1A,DMXL1,511.955073895741,429.343077529096,0.001,0.001,0.861170149330411,0.843827197239269,0.726691374118689,7.44799119903935e-07,0.330179582697127,2.2557394791644e-06,509.730209007951,414.980552595215,35,5,0,516,556,360.5110895918,700.844766616286,153.962002768766,922.826838018105,,7026.07604703371,,4814.73993606716
ARID1A,DMXL2,514.606853766589,384.118843806616,0.001,0.001,0.720742894089909,0.758202354795659,0.546516625964372,1.33482760905981e-06,0.552962198264902,2.41395815708247e-06,509.730209007931,370.962872291527,35,8,0,513,556,362.374560450678,704.488477782071,175.527444662913,715.071653948637,,3112.63362441116,,2641.75618069736
ARID1A,DNAH5,447.860614851918,320.926647612942,0.001,1598.739158322,0.943432415106102,0.780465688710679,0.54023046653732,2.07825462528473,0.963658155981984,2.15663055657631,438.870989398089,356.945734722325,23,14,2,422,461,294.42417358143,647.150522251895,180.771096276614,519.688951645145,,3454.35003852226,262.177551773087,5122.33735225409
ARID1A,EPHA2,502.875926346415,940.754780722495,944.635667516411,0.001,0.956885879078283,0.944261335100578,0.941891502149135,1.09284300674867,1.17098624238807,0.933267161636304,509.730209009938,909.547055377623,34,17,1,504,556,352.18673262875,691.405713983207,570.25420721328,1444.68674189951,53.406264965425,4312.00116193097,,5086.80329935759
ARID1A,ERBB2,467.762237500869,388.214782356669,0.001,2804.74021848413,0.99237452928138,0.943689727774128,0.370468382905645,1.99933508631046,0.661924198369975,3.02048949295695,465.20645763721,460.470638186034,52,9,2,867,930,353.821553122192,603.886663494087,186.538674995854,699.854948254596,,6485.21677943889,463.819518166413,8783.92546969712
ARID1A,ERBB3,424.570812743347,717.409397351862,0.001,7875.82577180156,0.969003817838309,0.839278728414537,0.0953921236075713,2.99972609108945,0.711809301441149,4.2142271603028,421.546871090461,908.25966788549,41,10,3,781,835,311.145415677819,562.702467757634,359.469126666527,1258.32714252715,,5945.75307198793,1940.61491486285,20844.322304003
ARID1A,ERBB4,441.978254789063,156.097948681063,4057.15201927411,0.001,0.662765070028141,0.943532219606072,0.117620426112658,3.46320686567315,0.91202470072993,3.79727310335061,465.206457648508,151.584124952507,51,12,3,864,930,331.496008731798,574.651821453689,89.8254710988923,248.952629633088,975.010258721941,11443.6590099811,,1516.07145260578
ARID1A,FAT2,484.700364905014,209.910262581842,3312.52999480702,0.001,0.861423826493266,0.961267160650398,0.367691471181019,2.1767049407419,0.744940826736373,2.92198368329222,509.730209005987,203.194461858696,33,9,2,512,556,337.550356137451,669.453103514332,108.991834851775,359.533132904446,532.9976678458,11277.4907643815,,2256.84660936339
ARID1A,FBN2,486.746986326729,227.099516712377,2222.63749043383,0.001,0.938798695385565,0.978240190027816,0.604481118634424,2.13303522211752,1.0340137806995,2.06286924017062,509.730209005377,219.685813027851,33,13,2,508,556,338.973794270663,672.286278124582,130.677061804006,362.208708916355,361.578698995163,7296.89490406084,,1840.10124616017
ARID1A,FBXW7,469.01594780891,548.869570053374,0.001,1369.17645285688,0.969901093710033,0.960106429174112,0.953137395071115,1.02685858136348,0.853606168011915,1.20296527818569,465.206457650729,573.446403755249,53,13,1,863,930,354.759980457856,605.493809443559,301.928446106553,903.604784563547,,3619.09535575575,77.88217225474,6098.60563137889
ARID1A,FGFR2,463.062902187434,836.115004425366,615.03652041102,0.001,0.990605065831301,0.968858316146803,0.879188553687004,1.04467122804509,1.55247849229154,0.672905443284497,465.206457652947,810.870493100497,53,25,1,851,930,349.302928344888,599.200374853249,554.497695246264,1199.99203843254,34.8643904761614,2775.62422852883,,3494.64946725261
ARID1A,GLI3,518.068549721158,156.718475105316,0.001,0.000999999999976353,0.573021947990835,0.54797422315846,0.314086708876567,5.18296458425216e-06,1.16184548774272,4.4609757828658e-06,509.730209006525,151.214104226405,35,17,0,504,556,364.808427579408,709.237732108413,93.5194689877566,243.486951621232,,1800.32845659304,,495.016392787691
ARID1A,GNAS,442.439817504054,420.423174170658,3490.04170015205,0.001,0.944380853263277,0.98944847607584,0.171962402365228,3.07376510596145,0.917748245226426,3.34924650845079,465.206457652948,408.16885515922,51,12,3,864,930,331.840540248224,575.251490471237,241.927993722038,670.513847179172,841.324104317992,9763.3726139938,,4340.34918270161
ARID1A,HMCN1,512.163250529511,248.056148439502,439.73788241043,0.001,0.988371478188455,0.889740459204667,0.558291138297541,1.10837826252107,2.46888328827828,0.448939108536805,509.730209007736,239.559836497416,34,36,1,485,556,358.69261462541,704.232443789647,176.43779683642,336.863620621025,24.9798316640506,1969.38921257104,,638.191392666882
ARID1A,HYDIN,445.704431452313,292.435886163412,0.001,874.528706590278,0.958461487011398,0.930696351663346,0.903589551407572,1.02825138356657,0.732647408718372,1.40347371918683,438.870989397209,309.630998021265,24,11,1,425,461,293.008620247866,644.024561575255,151.837213900837,500.909852194608,,3849.58552489826,49.5046398565894,3968.40923407495
ARID1A,IDH2,472.590185528748,5366.81770460751,0.001,13678.5919367107,0.95665899931329,0.938433526293739,0.915791398746515,2.05617973113589,1.67435468508011,1.22804310786607,465.206457637733,5593.90768060848,52,28,2,848,930,357.468332478765,610.127176832674,3616.03295167238,7607.11359149396,,2239.99976488365,2261.63843374198,42807.0427531133
ARID1A,KMT2C,470.128939602328,247.628844484885,0.001,1424.96041892058,0.968839818027447,0.918735345525008,0.33722680046708,3.02159503523019,1.21681242420812,2.4832052789045,465.206457643492,282.750745038591,51,17,3,859,930,355.609060325405,606.947721623785,147.77654081121,384.703340417568,,3749.11566106904,351.757025376235,3755.5756682603
ARID1A,KRAS,499.363784048189,7712.40801356928,0.001,36582.0431960557,0.741440559316354,0.401818187688027,0.0267936711830093,14.0213691806234,7.15449329524434,1.95979905242816,465.206457643821,8476.2810357784,40,111,14,765,930,377.689480425032,644.757925431949,6364.05849162738,9239.37166053861,,925.961065361139,20078.7570997446,61653.3212280157
ARID1A,LAMA1,471.333214225255,173.861033764525,3703.34777987203,0.001,0.799967171105458,0.946920940333255,0.174450978245093,3.27100960028708,1.01842160179312,3.21184232004493,509.730209008048,168.424999367128,32,12,3,509,556,326.292490185573,654.083255107528,100.042941741928,277.297002914431,889.398426868417,10469.382456054,,1564.46703294778
ARID1A,LAMA2,517.327998613912,326.440531801679,0.001,0.001,0.601616720340416,0.574663208396316,0.34579223500023,2.88683703910352e-06,1.07952444716361,2.6741747689814e-06,509.730209007931,315.248248690862,35,16,0,505,556,364.288992083977,708.21932219851,191.463281533949,513.559686675965,,1972.24383156224,,1120.04812876399
ARID1A,LRP1B,496.824874979237,184.273868148188,891.222404296521,0.001,0.945553597702745,0.92644290404486,0.9101963502705,2.12753027385422,2.39434921211243,0.888563064690629,509.730209009623,178.116261967311,33,34,2,487,556,345.969741959937,686.220693718047,130.428190730299,251.244969870624,146.938741401819,2813.02771708487,,599.595042514961
ARID1A,LRP2,474.290404566197,331.51630261749,2430.14785823027,0.001,0.868446780316929,0.951997534964408,0.393206492713814,3.19141314625309,1.42564558204797,2.23857400916471,509.730209014571,320.968138534475,32,18,3,503,556,328.336051310123,658.195859924258,209.160300130012,494.258959155897,591.061849181286,6639.2540651892,,2156.16322163975
ARID1A,LRRIQ1,514.477097168943,358.824379703064,0.001,0.001,0.727477761839614,0.697219526072831,0.507257251862773,1.82523529414485e-06,0.727859865168047,2.50767404756332e-06,509.730209007892,347.180737424443,35,11,0,510,556,362.284875778849,704.308171241545,186.314163801618,614.585265844145,,3186.4609366348,,1894.85651792036
ARID1A,MACF1,430.669447178749,1361.20468995762,811.162921943373,0.001,0.969590085509558,0.963657953381422,0.960468942615046,1.08459421844381,1.16193904804778,0.933434692866278,438.870989398142,1322.43671526039,24,19,1,417,461,280.50817866145,626.741874388622,848.301928232947,2048.26424911744,45.867633372538,3697.11523545347,,7842.98580892127
ARID1A,MED12,460.64912230368,384.60823363326,969.892057849431,0.001,0.992638426500498,0.99284566186777,0.992047018803382,1.00645501096891,0.965248847874414,1.04268967861007,465.206457645218,372.914615772654,53,15,1,861,930,347.493469124652,596.088481235757,225.567736715448,605.002846449756,54.7755455281258,4462.14239516276,,2612.51280850594
ARID1A,NF1,469.30471771193,284.163160614884,0.001,2746.46945721002,0.970282868842506,0.779087783330141,0.0638068838574706,4.07745633211195,1.09011121743145,3.74040397613682,465.206457646461,355.116014616968,50,14,4,862,930,354.986476667153,605.880626853524,160.082302221536,460.080757539806,,4769.04076809584,844.588700304809,6502.37937371788
ARID1A,NRAS,472.47561665094,4822.40760103159,0.001,0.001,0.438484093590881,0.436197118434268,0.191317450984957,2.00011084972376e-06,1.62016378464125,1.23451151586298e-06,465.206457644519,4680.45591249058,54,28,0,848,930,357.382375301814,609.980448564632,3249.43981692573,6836.01743395054,,1099.43144576637,,11035.7814115588
ARID1A,PBRM1,474.091152512385,743.168276186105,0.001,2461.01523600459,0.935036463627094,0.861116124456011,0.707255339275677,3.08699847730249,2.00596099549176,1.53891251337403,465.206457644561,793.894769765306,51,30,3,846,930,358.595254532201,612.059623712412,507.902442148111,1041.73367365963,,2093.18557884123,607.36890487735,6488.04011251761
ARID1A,PEG3,499.792668315856,179.029249195785,1572.58895685908,0.001,0.835571935656922,0.895332541027402,0.825821304671598,1.32943831720987,0.883977858286064,1.50392716825227,509.730209006106,173.098906701925,34,12,1,509,556,350.042392176186,687.179220036785,98.4810621921424,294.744744758781,88.464925631529,7327.04453248431,,1266.24340446845
ARID1A,PIK3CA,413.559992857064,1036.91810691456,2730.70880741746,0.001,0.890727271155406,0.984389811539136,0.0457778986253034,7.1401691037303,2.62581905841945,2.71921596457151,465.206457644208,1008.20815975172,47,36,7,840,930,306.296045281391,543.358321749024,757.028166162588,1378.58625156081,1151.23416415292,5460.9967192706,,5244.00458347887
ARID1A,PLEC,517.61920668581,272.073169355078,0.001,583.524446792984,0.945166151635762,0.94611515328287,0.94457380002926,0.987352058002866,0.946898539113433,1.04272212620299,509.730209006634,282.790395644563,34,13,1,508,556,364.435617790971,708.516135805464,149.633553001392,447.869939144184,,3279.17507689799,33.1531652703337,2618.26656791166
ARID1A,POLE,451.243410434719,308.904306000838,2296.55483704535,0.001,0.901753148478439,0.970702370908685,0.525346964087162,2.10474631780736,0.905781452454611,2.32368007989525,465.206457639534,299.668378362219,52,13,2,863,930,339.430702749537,585.278888681733,177.756258369026,492.655627227635,373.602196255809,7540.15515956311,,2692.60099328439
ARID1A,PREX2,483.300682016793,179.477154840672,705.224486417002,128.926736862949,1,1,0.997059526914497,1.02761964602129,0.948150771234204,1.0838145970009,485.519476208034,177.911895582691,45,14,1,702,762,355.600329976133,638.393215744661,101.963010089548,288.412676527186,,4451.91669736803,,1446.52345620905
ARID1A,PTPRT,450.562232559234,108.704999875489,2856.14846436927,0.001,0.953982913032796,0.989922922113049,0.408814608980216,2.06627709435937,0.734308646524399,2.81390816264985,465.206457636946,105.480497370996,52,10,2,866,930,338.918013875398,584.392250367623,58.2096030559545,182.322700276196,462.059588322143,9555.35607899236,,1217.19782913116
ARID1A,RASA1,470.566550386035,368.414651951741,0.001,661.902995797937,0.949537420465409,0.96458451829525,0.941905466554652,1.02860950214539,1.1591416205985,0.88738898152435,465.206457643881,377.226423271377,53,18,1,858,930,355.939513134237,607.513792132975,223.345886162304,565.796272698877,,2551.85491828356,37.6464581168449,2948.64802370779
ARID1A,ROBO2,483.848976429953,228.872587080582,4121.61280745018,0.001,0.90053866994646,0.972631792574399,0.275006425610047,2.15498090907666,0.616261593694259,3.49686063698754,509.730209007796,221.607065544884,33,7,2,514,556,336.958989616239,668.275352633559,109.971560427478,412.610725823861,657.785766044773,14447.8890625324,,3078.28601321066
ARID1A,ROS1,467.937455672835,205.627692584729,0.001,0.001,0.732831688300671,0.713584424525846,0.522958376584956,2.41266254967466e-06,0.656156639215298,3.67696127034541e-06,465.206457646388,199.397233907837,54,11,0,865,930,353.954038252798,604.113051010641,106.771951475676,352.179807092148,,2963.22593620418,,1158.15680214995
ARID1A,RYR1,408.958569890938,318.171550435988,2683.41289757612,0.001,0.75966283477024,0.931977048549855,0.380017769485905,2.30299811919372,0.817905073735848,2.81572787985602,438.870989395807,309.416932403199,23,12,2,424,461,263.754646865793,599.652541306989,179.252360905893,515.252468331795,434.283731077613,8957.09674048644,,3010.83248234464
ARID1A,SACS,518.695926396008,198.362067400605,0.001,696.40633158386,0.985195441427953,0.961385528722324,0.787285362492701,2.07401754136712,1.29056447131992,1.60706232618191,509.730209004225,214.59802190502,33,17,2,504,556,365.249771009309,710.095067062179,118.371366266156,308.18655665682,,3460.50926630678,114.787148153618,2200.51293242475
ARID1A,SF3B1,471.488532667539,805.013393811102,0.001,0.001,0.490413864370428,0.482561988326019,0.236704703090422,2.52817302026642e-06,1.41464452207968,1.78714368225152e-06,465.206457641688,779.739661394323,54,23,0,853,930,356.636416619971,608.705086705189,519.206249252992,1180.3299724867,,1273.88140301328,,2096.37500740803
ARID1A,SMAD4,470.371050464046,599.528917278844,76.8639926538531,3483.26768766684,0.998193039113746,0.952851985595755,0.219485103573907,4.01615858376174,1.57115641247934,2.55617999065039,465.206457637841,684.617138415584,50,22,4,854,930,355.557370154688,607.561510284099,382.61308493369,886.104832315647,,3436.0548190012,1003.95299200144,8375.89240813526
ARID1A,SPHKAP,497.164243715645,254.623087066911,3555.26264112655,0.001,0.701485932429479,0.917575527835152,0.542882351199,1.43602959058924,0.462157499147618,3.10722987993873,509.730209011753,246.216275405232,34,6,1,515,556,348.2054178637,683.559935271472,109.404137307804,492.450568732359,196.812412094499,17907.234494718,,3195.70154622106
ARID1A,SPTA1,515.534328257968,139.353222431713,0.001,366.727440872952,0.992952276045181,0.989976891259925,0.966979789299718,1.0142397935947,0.807799383377233,1.25555900940947,509.730209006491,146.960144956812,34,11,1,510,556,363.026606234304,705.758472077384,72.3571135690069,238.68147591803,,4497.54742953679,20.818604544579,1642.82321836475
ARID1A,SYNE1,528.30562047304,246.41772823149,0.001,440.178318337202,0.910476145577459,0.937858054301268,0.89464887986276,2.02941644682747,2.2978021905953,0.883198934674919,509.730209008329,252.979974339741,33,32,2,489,556,372.013901135858,723.314133619897,170.56546847018,342.002313844755,,1671.72793498676,72.551120568,1390.299761605
ARID1A,SYNE2,425.14652684997,1018.38311587627,1940.34723597225,0.001,0.693525515602667,0.88740791393877,0.693995159502384,1.46873389229705,0.698239410258033,2.10348180111215,438.870989397582,989.451682130278,24,11,1,425,461,276.922513754304,618.689515146221,545.307752585431,1708.10645403639,108.96659955942,9110.39978746543,,8845.56147018666
ARID1A,TENM1,517.463222185304,330.922531789645,0.001,0.001,0.596212321890367,0.575493170814751,0.343189347466519,2.88873991215449e-06,1.0889905479025,2.65267675437447e-06,509.730209007931,319.592763286117,35,16,0,505,556,364.383649980098,708.403986075243,194.090427195774,520.621062788893,,1937.24781379265,,1138.58196522299
ARID1A,TP53,427.956435954395,665.567230811644,921.787875727566,0.001,0.81266459424291,0.810036943751456,0.808877874398272,8.31220421212506,8.17437644751787,1.01686095147344,465.206457639262,646.062753220668,46,131,8,745,930,315.857410828212,563.908653800143,560.830741955877,782.638450241889,418.936456591696,1731.1934954805,,1003.12213235817
ARID1A,TTN,408.855178681592,634.526199811926,2686.79167527744,0.001,0.807095471085134,0.956477061179685,0.387000506463127,2.34594817719234,0.834592284005995,2.81089128446279,438.870989397431,617.519532477643,23,12,2,424,461,263.688724000498,599.499711745246,357.440651361669,1027.41514908902,434.796431976404,8965.71078827765,,6441.86901534804
ARID1A,XIRP2,503.159723954759,315.949803446405,920.258816142291,0.001,0.945242224499639,0.923719605473182,0.918595620877584,1.13190926374635,1.24388398344733,0.90997977207597,509.730209010858,305.528421757805,34,18,1,503,556,352.395233429358,691.821854041368,194.319210753358,480.097419510045,51.9880271086006,4210.97614722271,,1603.01296781913
ARID1A,ZFHX3,392.928185394058,276.453330419001,3393.76463406536,0.001,0.82638014543844,0.97025949365721,0.141054251290566,3.1892148826678,0.883744934847563,3.6087503949518,419.642081582794,269.268228809942,39,13,3,746,801,282.146814995036,529.504058339244,162.148640989927,434.909320720848,817.352120145665,9517.37156498834,,2888.25245534645
ARID1A,ZNF521,516.21626395827,262.439367525362,0.001,0.001,0.647747944305758,0.622380682892046,0.403201709401267,2.90212074022852e-06,0.946992192282497,3.06456670274509e-06,509.730209005488,253.64216290633,35,14,0,507,556,363.507707595846,706.693552627621,147.840853926289,424.922282770497,,2312.97508946967,,1052.79135951288
ARID1A,ZNF536,426.2080451584,193.037073617866,1522.78353803001,0.001,0.931970865629457,0.964427594681427,0.850106854101263,1.08733689344578,0.645431966119343,1.6846653877145,438.870989396468,187.437863803593,24,10,1,426,461,277.612431127448,620.244116879776,100.231219315754,330.633586496169,85.4049029775899,7191.67985389848,,1949.05569449568
ARID1B,ARID2,262.64804323936,399.103465618324,0.001,0.001,0.863236815849745,0.851526623801872,0.735075986854789,9.55250979868365e-07,0.295029076893733,3.23781977670099e-06,259.891264913232,395.723262511328,14,19,0,897,930,147.964224324491,425.237002244062,245.471768051052,606.41681112791,,3472.00999123555,,4860.09495882326
ARID1B,ASTN1,252.557091870643,143.97727394858,0.001,0.001,0.905154225590749,0.9015051733606,0.816009242107197,1.13621387238681e-06,0.202252373745202,5.61780240867886e-06,249.413932721984,142.726969596439,8,12,0,536,556,115.412398330601,470.133530647642,77.0958644733952,241.486981391416,,4982.3265601364,,2843.40313822843
ARID1B,ATM,245.34606823579,460.920227697015,1124.67376191096,0.001,0.920783334642645,0.973745984664273,0.761420529050929,1.05944060066711,0.493247000222889,2.14789061096847,259.89126491412,457.220744997835,13,30,1,886,930,134.964932091791,403.908561401348,317.112204359227,642.766799985487,63.8091045211929,5058.6056573781,,6203.14538232724
ARID1B,BAP1,248.01120729049,597.719863009156,688.630522526213,0.001,0.97795484214354,0.98404668978458,0.946201099780541,1.00228017062225,0.752469503975722,1.33198776206429,259.891264915123,592.996955512115,13,47,1,869,930,136.429937352352,408.299760799493,444.162851320653,783.161645116556,39.1560927587954,3071.15981555999,,5396.85814720094
ARID1B,BRAF,246.125783047809,1840.39105545512,946.137871085705,0.001,0.972583092083202,0.989003054636086,0.844600305827836,0.988727234773964,0.54463769293835,1.81538525077052,259.89126491492,1825.88653424825,13,34,1,882,930,135.393623044032,405.193252291131,1296.03175423291,2519.30167434352,53.7328375969109,4239.40552167884,,22724.6554616723
ARID1B,BRCA2,249.745862325648,493.106857274069,1266.09038138017,1163.64456528291,1,0.996359416473926,0.567392821783944,0.916981774031324,0.264209198494871,3.47066559096021,259.891264916492,498.591654522319,13,16,1,900,930,137.652453495916,410.23287267829,291.333803303504,770.699578357763,,7830.99037284649,,14240.9742267307
ARID1B,CDH8,251.93020752918,137.452855126315,0.001,0.001,0.923245950909237,0.897091331139027,0.828242111422799,1.17084000914383e-06,0.202475659399242,5.78262104500753e-06,249.413932721398,136.205026391447,8,12,0,536,556,115.127233984971,468.967669184865,73.6025644762322,230.541189962658,,6220.91984968906,,2600.15679676024
ARID1B,CSMD3,256.35809931834,409.081874097905,0.001,0.001,0.803631173948893,0.778847584483884,0.625932334117032,1.51523225347394e-06,0.45479251784376,3.33170004787652e-06,249.413932721984,405.633710663294,8,30,0,518,556,117.148129758145,477.217701443375,279.591275983915,573.476477831915,,2246.44074705691,,3260.98466732968
ARID1B,CTNNA2,243.713151839669,139.106732737373,676.852307923908,1161.24089671584,0.993209056210226,0.909285658975004,0.420783320862325,1.13446298625639,0.233907174431668,4.85005639101425,249.413932721285,145.710266783655,7,13,1,535,556,107.663876003366,460.866725141476,76.6421215761479,228.611521869192,,8735.21056357419,,7337.08237632366
ARID1B,CUBN,221.491772146088,311.552624150293,2086.57901385292,0.001,0.952157784685147,0.990475174944465,0.490084622888828,0.995021104812725,0.245955956194206,4.04552554940797,249.413932721594,309.101661702582,7,14,1,534,556,95.1696337928431,428.368640045232,179.276870334147,496.892297011419,117.575191828843,9651.71538536042,,9469.53113385461
ARID1B,DMXL1,187.604927827766,417.820720518885,18971.8001321297,0.001,0.705323920028349,0.991203086938985,0.00466623794805318,2.01222685349026,0.076705830536558,26.2330365164515,249.413932719645,414.980552592815,6,3,2,545,556,74.5649907606597,380.161734644317,149.830199159669,898.025621572333,2843.81170316731,88871.5040881703,,44671.643432919
ARID1B,DMXL2,251.387998246819,279.752062540209,0.001,14294.6389865064,0.996636432056738,0.626504502682423,0.0160621597447524,2.02874100759891,0.132431814500485,15.3191362306033,249.413932720094,370.962872292159,6,6,2,542,556,114.878898017802,467.955218439582,111.188155886609,566.897327511629,,16260.3300069658,2217.39476959358,53983.3636900279
ARID1B,DNAH5,193.093147105148,359.742497368447,0.001,0.001,0.877504426426922,0.885169939332988,0.776759745797369,8.72860391880857e-07,0.209441679601189,4.16755821259134e-06,188.090233311907,356.945734721408,5,16,0,440,461,69.2412629670177,415.033619399717,210.97704934289,566.019422737696,,2859.58688028739,,6471.51162107519
ARID1B,EPHA2,221.608245217834,916.354285316039,2016.03764081971,0.001,0.875748333628028,0.980559402560855,0.496760727113929,1.08356627111113,0.276092711278472,3.92464642073881,249.41393272147,909.547055375097,7,17,1,531,556,95.2200606350279,428.593405695907,555.532542908058,1407.28755259761,113.912267839658,9218.96091544674,,23011.3135724105
ARID1B,ERBB2,259.56839306944,383.261843899594,326.286299101364,11118.8093998596,1,0.859033589391749,0.0343833007676839,2.02270962660153,0.177392353006819,11.4024623514847,259.891264915104,460.470638183697,12,9,2,907,930,145.484842391349,421.328055686381,184.181854960197,690.767252298793,,14294.3391581497,1425.96448858291,38385.3088667006
ARID1B,ERBB3,229.161469436548,772.735398135012,0.001,23267.2290520402,0.999464704682568,0.775893133445202,0.0355631827983594,2.02774327064943,0.180175374715511,11.2542753073285,227.383183645974,908.259667845027,9,11,2,813,835,118.994231539226,392.484788349618,401.235521965622,1323.41421907377,,10910.6538196479,3740.72912029357,79197.1861527503
ARID1B,ERBB4,261.894385259454,152.879257786169,0.001,0.001,0.898567397852313,0.880703378910829,0.791375982723018,1.29098140643153e-06,0.243695186138845,5.29752526870183e-06,259.891264916043,151.584124954067,14,15,0,901,930,147.54000062508,424.015842005518,87.9741546829349,243.814675114109,,4799.4746267098,,2368.05210255105
ARID1B,FAT2,252.113667700825,204.89470039369,0.001,0.001,0.917884508325147,0.913072001292836,0.838100649225584,8.22333020600394e-07,0.180975928625841,4.54388065221938e-06,249.413932721521,203.19446185952,8,11,0,537,556,115.21005553411,469.306812341556,106.38986773268,350.931648829342,,5808.16305472233,,4584.97071545258
ARID1B,FBN2,207.142802563305,212.366046472034,4014.07277657018,1724.89106872174,0.778268123512358,0.955436478924145,0.0401210853056464,2.58270243017735,0.256705344492263,10.0609608860527,249.413932720094,219.685813027816,6,13,2,535,556,83.1021623647739,414.97271370776,119.360763190795,343.272330459745,,16413.1244227369,,14654.7586574192
ARID1B,FBXW7,252.826390489623,514.349294268182,1242.39828677185,9203.43497048379,0.988999068543869,0.853526618931477,0.0538687354432524,2.11484936149199,0.229570537007928,9.21219852101036,259.891264914934,573.446403728583,12,12,2,904,930,139.229302612592,414.485032457661,276.086598069881,860.191960404352,,11921.8612017991,,36287.6946320757
ARID1B,FGFR2,263.615239974443,817.669870269239,0.001,0.001,0.820134388821024,0.806112040925635,0.661131426263219,1.0543555065412e-06,0.407771545657488,2.58565247568015e-06,259.891264914272,810.870493145741,14,26,0,890,930,148.508720453729,426.803950625626,542.275441624945,1173.49078672803,,2566.05120999348,,7418.29726023958
ARID1B,GLI3,228.846332061719,140.974470920956,1624.81135052971,1955.15139246862,0.964114472371027,0.87560703499122,0.0634348301772243,2.25817908906215,0.28386662729363,7.95507069848794,249.413932722916,151.214104226738,6,15,2,533,556,95.4661775666049,444.758673149692,81.4985606461404,223.719752506303,,10564.0100159943,,9639.23513837977
ARID1B,GNAS,262.170587577366,383.890870507933,0.001,3490.22231800907,0.992482205696443,0.952822465195974,0.493809217802867,1.0205327503705,0.249267966231027,4.09411913532704,259.891264916492,408.168855159472,13,14,1,902,930,147.69546505109,424.463730853078,216.266432688081,621.534936802556,,7213.03030505238,196.02091030982,16370.0005871273
ARID1B,HMCN1,226.003138728598,241.524727983942,902.899995994823,0.001,0.896170292271828,0.953940375593851,0.810009420516461,1.08606532014882,0.596817468256821,1.81976128031405,249.413932721895,239.559836497564,7,36,1,512,556,97.1066379024186,437.104309801762,171.80202025433,327.978062087609,51.2643801376878,4049.51614610565,,2841.4931363819
ARID1B,HYDIN,191.24345236381,312.051635416577,0.001,0.001,0.920602124898597,0.911964001973668,0.839564699121397,6.9565040101624e-07,0.159359422556021,4.36529192851267e-06,188.09023331139,309.63099802136,5,12,0,444,461,68.5788251336772,411.049454473904,167.089642872838,523.416083401102,,4532.90706921408,,7528.55328702719
ARID1B,IDH2,264.148888956478,5633.11853411069,0.001,0.001,0.797145259843966,0.812469107060117,0.647666922147718,8.80083864392839e-07,0.430499777970288,2.04433058837392e-06,259.891264914311,5593.90768135329,14,30,0,886,930,148.809636893928,427.669298787832,3850.20263587819,7896.32481483122,,2240.89463580786,,53103.9838790311
ARID1B,KMT2C,246.333147219396,282.99071386845,1526.14457210376,256.964278753095,0.949501347898185,0.99998105319322,0.587553370234219,1.04834417435033,0.318395003204702,3.29258990812845,259.891264915204,282.750745037415,13,19,1,897,930,135.551444546764,405.360103804471,175.735733197637,426.683187251422,,7731.72548128191,,6613.59242483594
ARID1B,KRAS,281.306935071277,8398.38236405534,0.001,19238.0407315697,0.84373595895767,0.83277346868991,0.830937629984038,2.09670392191708,1.85487802015028,1.13037294050593,259.891264914151,8476.28103575545,12,123,2,793,930,158.467544308202,455.47967279226,6999.19588779677,9973.01584923771,,938.813006364309,3125.80572705157,63412.8844923545
ARID1B,LAMA1,252.963904013543,169.905022741507,0.001,0.001,0.893657828425769,0.878164144617705,0.784788531911769,1.2572294775361e-06,0.247407355666718,5.08161721444414e-06,249.413932721725,168.424999366951,8,15,0,533,556,115.598219684283,470.891877001551,97.7688721300046,270.978419665191,,4400.82922483125,,2659.174847914
ARID1B,LAMA2,252.985158037351,317.911876513737,0.001,0.000999999999997669,0.893051977294401,0.87507011155916,0.781492237038675,9.60007203600934e-07,0.261817213822855,3.66670773698812e-06,249.413932720402,315.248248688984,8,16,0,532,556,115.608099416208,470.930169833018,186.466460996237,500.123836290865,,4357.77278982426,,4854.5508860329
ARID1B,LRP1B,193.313654653651,179.286554987253,1892.3282916958,0.001,0.85558235179234,0.976788808517327,0.251710612950449,2.0964136207998,0.564050437041815,3.71671305104296,249.413932720225,178.116261967677,6,34,2,514,556,76.8323825433254,391.742610318264,126.903431533457,244.427476126969,311.8389272919,5982.86564691152,,3156.66811581987
ARID1B,LRP2,254.697265532198,323.915522649005,0.001,0.001,0.846437690688875,0.827263759927544,0.70024652675639,1.2413816026886e-06,0.339525431100246,3.65622568732437e-06,249.413932721519,320.968138533914,8,21,0,527,556,116.388604046248,474.118945245147,204.373581868958,482.915375925323,,2951.97445367001,,3446.63482638032
ARID1B,LRRIQ1,251.785699882792,350.13292065545,0.001,0.001,0.927486202393116,0.911491702506674,0.84540142384604,6.14678036977602e-07,0.175524261844328,3.50195483244794e-06,249.413932720402,347.180737423147,8,11,0,537,556,115.060383862468,468.696645866172,181.808223241599,599.694711128689,,6663.5427569139,,7721.29220091984
ARID1B,MACF1,158.505017943051,1251.56242641408,1557.21428067987,23644.1185985435,0.931344169014173,0.861709178836546,0.0411815467472176,2.33587164918893,0.252932953147099,9.23514164574059,188.090233311971,1322.43671524945,3,18,2,438,461,43.9252254352108,375.420175531875,762.349088432212,1912.82589244511,,9163.38756053164,,167102.664831838
ARID1B,MED12,257.750945922389,357.764043517128,500.63099091803,2401.32721428889,0.998242221219096,0.944363512784332,0.507053416052228,1.03572450955862,0.259414757829541,3.99254274592652,259.891264914536,372.914615770767,13,15,1,901,930,143.592763010495,419.878065119146,206.04783743077,569.954073471957,,7524.24578606969,,13613.0802374864
ARID1B,NF1,262.660391910694,337.711727592238,0.546926285643905,2684.42344114624,0.997039623182761,0.906012660078397,0.541842902352231,1.05614387517369,0.291100458296296,3.62810790939632,259.891264913653,355.116014617127,13,17,1,899,930,147.966363318308,425.253730926844,201.537539013309,524.639400854719,,5965.55291723771,150.263183949956,12518.0662555945
ARID1B,NRAS,263.754848289043,4541.39037097032,0.001,26236.3994736175,0.978576918083389,0.899066562098418,0.660804308183413,1.13199714290788,0.419112715482416,2.70093724454268,259.891264913873,4680.45591309844,13,27,1,889,930,148.586803297516,427.027929305045,3036.59573987317,6476.37478695397,,4187.24666281504,1478.25346969284,121395.494085032
ARID1B,PBRM1,265.389907215671,775.93359004152,0.001,3020.65075035488,0.974299818467728,0.937839372147124,0.823631500843504,0.996156717264047,0.536994589099682,1.85505913371341,259.891264915609,793.894769766581,13,32,1,884,930,149.507562926015,429.681064553651,537.179928985206,1076.73605453791,,2984.31723167708,169.556684163063,14197.2562887846
ARID1B,PEG3,251.86853023521,174.642074658347,0.001,0.001,0.925101681128723,0.891668007740495,0.824888871527844,1.0679498286593e-06,0.214289115487512,4.98368676462959e-06,249.413932721923,173.098906703065,8,13,0,535,556,115.098361572476,468.848628243992,96.0698474690923,287.513203305289,,6355.44571266075,,3107.09695252985
ARID1B,PIK3CA,247.342347588342,1016.60580708597,760.091656653986,0.001,0.908414900411287,0.975444802802869,0.909717074341182,1.00304145884845,0.683470789688842,1.46757033948019,259.891264914377,1008.20815975076,13,42,1,874,930,136.062406811581,407.198255809012,742.206277383221,1351.53186704341,43.2014422769438,3395.53940940801,,9727.31532908671
ARID1B,PLEC,253.278491781153,264.253518393936,0.001,2932.89710030896,0.990410904886722,0.827222085811461,0.423293265723541,1.09028553998199,0.230292179221957,4.73435764803445,249.413932719975,282.790395644655,7,13,1,535,556,115.734783810543,471.449963243581,145.351817667697,435.015211486464,,6879.67280208089,162.28563772396,14677.3146988559
ARID1B,POLE,262.274641980781,281.925000532409,0.001,2530.45881098616,0.989421791804548,0.961719774051991,0.496714083353233,0.966974052738716,0.237123898802765,4.07792743633583,259.891264914432,299.668378362473,13,14,1,902,930,147.701984540171,424.482979310659,158.81034157145,456.407101140099,,7207.10808327845,142.658142036545,11744.3522694571
ARID1B,PREX2,274.932331621601,179.421468016608,0.001,0.001,0.894023409372376,0.881517829628394,0.788102997497791,1.20203678526457e-06,0.254583188502565,4.72158743998312e-06,272.364866393006,177.911895580973,12,15,0,735,762,147.222475204574,461.115308157727,103.247698485562,286.145424034061,,4791.76062143868,,2810.47236098166
ARID1B,PTPRT,261.640732236664,106.398589646807,0.001,0.001,0.910775381774228,0.901588445938494,0.821148029559513,1.32646196723775e-06,0.196494017023391,6.75064812319371e-06,259.89126491412,105.480497370846,14,12,0,904,930,147.396922874732,423.60402578224,56.9750943458037,178.450953054289,,5510.32610313406,,2019.67497349109
ARID1B,RASA1,253.964823228935,348.755774325173,844.956726676735,4597.41011190495,0.992585321301873,0.85498166218801,0.0937915490266354,2.16185613703209,0.314340340620598,6.87743778849373,259.891264914387,377.226423279397,12,17,2,899,930,139.974076825609,416.131855876689,208.399675335856,540.951225207708,,8446.77058962384,,18037.2122541472
ARID1B,ROBO2,219.811629120804,223.320898009566,4197.30909300736,0.001,0.842831785569772,0.986766356923496,0.273411571191961,1.15974747245755,0.15052998291506,7.70442838030455,249.413932721594,221.607065544413,7,8,1,540,556,94.4485240389074,425.115004136604,107.306274516971,402.592658023215,234.261683814534,20267.5631092459,,11374.2423222855
ARID1B,ROS1,261.420890959387,201.014583532601,0.001,0.001,0.921470103380695,0.915225813173216,0.843355697757379,7.82558058790754e-07,0.174495848896057,4.48468008689941e-06,259.891264914691,199.397233908442,14,11,0,905,930,147.273389796986,423.248475980318,104.377758874364,344.273168399497,,6321.53045783756,,4456.16541273343
ARID1B,RYR1,191.212475539274,311.564416691394,0.001,0.001,0.921333930096844,0.908859753111877,0.837371600102411,7.71332685426188e-07,0.17682857604845,4.36203640080689e-06,188.090233311508,309.4169324029,5,14,0,442,461,68.5677140214679,410.982335955588,175.512736093287,504.4696534236,,4574.53277273823,,6989.10823422894
ARID1B,SACS,254.617336276428,216.553736250218,0.001,0.001,0.848450351196945,0.84345741265533,0.715649089669374,1.35623511871626e-06,0.304886695679547,4.44832502675598e-06,249.413932721682,214.598021905494,8,19,0,529,556,116.353062677143,473.974231532081,133.188604368003,329.061940747794,,2995.89629276205,,2567.13115199501
ARID1B,SF3B1,263.383049983646,786.695208236342,0.001,0.001,0.830313784815081,0.816455931996352,0.677925494145308,9.72198735711607e-07,0.372280690005841,2.61146699737865e-06,259.891264915694,779.739661401714,14,23,0,893,930,148.377964045172,426.427800403274,507.400948629414,1153.4442866766,,2738.42370932407,,7615.94515398141
ARID1B,SMAD4,264.012151591709,690.807789683639,0.001,0.001,0.803124242862624,0.792829921420926,0.636754338733788,1.09745557652294e-06,0.405826957369453,2.70424513846143e-06,259.891264914202,684.617138421145,14,26,0,890,930,148.7320545751,427.447874243801,458.139265204097,991.428298364197,,2322.37104703493,,5821.78920333582
ARID1B,SPHKAP,250.561696358972,248.15169908312,0.001,0.001,0.964147128226992,0.946823707060393,0.912878622736449,4.48897438018545e-07,0.10993411669602,4.08333146715315e-06,249.413932721923,246.216275403398,8,7,0,541,556,114.501533899984,466.413554734738,106.625473714782,479.921508440027,,13993.891445687,,9154.25976157781
ARID1B,SPTA1,252.604774135904,148.285956286849,0.001,0.001,0.90376479510566,0.89856352145026,0.812097339414099,1.04909096928889e-06,0.190403822681873,5.5098209401064e-06,249.413932721519,146.960144956435,8,12,0,536,556,115.434201691305,470.222843111869,79.4038433314379,248.710158177522,,4908.02889985725,,2789.57532788487
ARID1B,SYNE1,257.411686731952,247.677578682623,48.8049268069054,928.413467391817,0.992231956420225,0.930952262278366,0.825845122854405,1.00814468763327,0.547942129236848,1.83987438424815,249.413932721691,252.979974339152,7,33,1,515,556,116.651665413464,480.869744749302,172.481386952979,342.112283497054,,2819.14398954607,7.73108007631502,4782.08418600692
ARID1B,SYNE2,151.895187106753,996.000114532724,3957.82902658263,0.001,0.575141965797666,0.960014281604785,0.209407350408452,1.42401006347848,0.146878032174104,9.69518751306872,188.090233311545,989.451682128498,4,11,1,445,461,47.155560356773,352.871155762424,533.337936112625,1670.52194062666,221.697271117781,18794.1069216564,,40883.0630108423
ARID1B,TENM1,221.489779726571,322.150343335963,2109.64872767361,0.001,0.898832112034573,0.976335768988618,0.480096825742473,1.07160847985738,0.261996951839966,4.09015628743628,249.413932720628,319.592763287618,7,15,1,533,556,95.1690020518054,428.364880141725,188.950021071771,506.79894162939,118.997971765495,9716.04217808987,,8993.54425067009
ARID1B,TP53,260.78294244849,651.4644755412,249.983095758576,0.001,0.999159946050498,0.922151237386606,0.644301617538527,1.06271146048905,2.13742305598119,0.497192849826919,259.891264914307,646.062753211406,13,138,1,778,930,143.409442241558,429.219833490368,548.961017926951,765.992132818826,14.2414636626291,1105.00120356096,,1941.26211609412
ARID1B,TTN,191.05475030008,622.380201404263,0.001,0.001,0.925185358413461,0.897277553856423,0.830156528336115,6.44801457280915e-07,0.182106009142756,3.54080274624789e-06,188.090233311638,617.519532481224,5,14,0,442,461,68.5112188313663,410.642448400494,350.60473085968,1007.72338827507,,4820.8507222676,,12544.3544963235
ARID1B,XIRP2,253.14573359526,308.065733323261,0.001,0.001,0.888516434012539,0.855617667876421,0.760239656415171,1.06588419684743e-06,0.286798821057721,3.71648737228564e-06,249.413932721725,305.528421758037,8,19,0,529,556,115.681527691553,471.228717365444,189.475927150489,468.098395427814,,4159.44653161761,,3941.21303623697
ARID1B,ZFHX3,217.570382249022,219.751969870607,0.001,9928.32151208882,0.996182343850142,0.718723391220457,0.00263849019984471,3.09543691624028,0.218608642067324,14.1597188792152,215.476931194371,269.268228812351,7,13,3,778,801,109.018210533952,381.609981189159,120.885328184561,361.774448401896,,10052.2020933891,2300.70220489328,30831.7606090642
ARID1B,ZNF521,252.552457680195,255.749055097161,0.001,0.001,0.905318021966488,0.891408043896915,0.807014804441598,9.24901173099055e-07,0.228198705264203,4.05305179986989e-06,249.413932721272,253.642162905069,8,14,0,534,556,115.409906136549,470.121416377655,144.075673872586,414.075113835176,,4968.52348514275,,4511.08403123198
ARID1B,ZNF536,190.443716463393,188.614033994714,0.001,0.001,0.939970532549082,0.93403903700538,0.877973067935707,7.3482048675716e-07,0.135645409927019,5.41721601307785e-06,188.090233311508,187.437863804031,5,11,0,445,461,68.2922772683875,409.326456246615,97.9366710964723,323.043924703016,,6076.74284326568,,5873.11478979013
ARID2,ASTN1,390.601459827695,120.068641080604,0.001,2401.20976704895,0.994537237638305,1,0.0776361882011872,1.88506585548108,0.258528992414425,7.29150660386785,386.511179526309,142.726969596434,9,10,2,535,556,202.818904671687,668.985440478298,60.1614933334557,210.602180388718,,13699.0168724914,381.55971903138,8506.15285095949
ARID2,ATM,391.43962760038,454.726813074089,646.283679132128,699.671711875645,0.999301891023528,1,0.912408859760846,1.02922937118236,0.659573018546618,1.56044795987909,395.72326250944,457.220745007689,18,30,1,881,930,237.997385285791,599.389536369087,311.295077045698,636.431028317239,,4960.16147677199,,5769.61446622593
ARID2,BAP1,390.177144435399,596.081167701038,601.051411364332,298.417150428711,0.998167608622513,0.998338348867811,0.99815305963288,1.0229255786571,1.00898071685721,1.01382074163254,395.723262514039,592.996955498088,18,47,1,864,930,236.708180902764,598.716929631062,442.279061155783,781.872228502801,,3341.70412677931,,4434.70339102228
ARID2,BRAF,403.525951846305,1791.88817233123,0.001,5099.94681587391,0.98991074428487,0.983203425485054,0.940554850560332,1.02502656735479,0.739898298185349,1.38536143395483,395.723262510649,1825.88653430614,18,34,1,877,930,248.190208702425,613.142766585034,1255.0502318437,2463.58074204609,,3654.88293137011,288.426872975,23232.2449313051
ARID2,BRCA2,399.196568264353,444.030407991373,0.001,6140.84818230456,0.989736951534927,0.892969658465766,0.13070845542134,2.07418924497074,0.358899861845821,5.77929797549432,395.723262512924,498.591654501976,17,15,2,896,930,245.529183730612,606.558299132478,255.517109829423,708.147585770203,,9651.26945157293,1004.24657367522,19842.3728121862
ARID2,CDH8,319.259017254134,137.559737157714,7093.93038106017,0.001,0.77956613900686,0.980126730941082,0.0623020521073273,2.11213527848624,0.25864888672379,8.16603274516229,386.511179528402,136.205026391429,9,10,2,535,556,153.405566218509,575.54180152941,73.6601143065644,230.719730824263,1145.79321167494,23833.6286994823,,4602.74400373332
ARID2,CSMD3,360.77362339812,409.473922512254,1336.32637513797,0.673868823651202,0.976218659921844,0.996262704810846,0.865573497783018,1.06667536653788,0.617995233640864,1.72602523202915,386.511179527195,405.633710660345,10,29,1,516,556,180.759527566704,632.766264026977,279.869205227171,574.049616174897,75.2556333040228,6015.49988181844,,4888.36345953417
ARID2,CTNNA2,374.536725805456,130.762585247939,1364.6389781782,1888.51645097673,0.987966490804136,0.890652612176367,0.0828005123557999,2.10283081473701,0.298289798032803,7.04962364990356,386.511179528387,145.710266783693,9,12,2,533,556,187.940753764915,652.533556369935,70.1772775259897,218.719983990397,,13979.8258906996,,7661.22895820946
ARID2,CUBN,284.337211863453,311.576630576563,8613.30574775623,0.001,0.791102518214567,0.99531197929222,0.0083337594602856,3.08539260355606,0.319493083597675,9.65714991014131,386.511179527215,309.101661701538,8,12,3,533,556,129.936340412603,529.294753538478,179.28747286058,496.914766973008,2069.72635151813,24336.1744204932,,11477.031656595
ARID2,DMXL1,317.03260416287,418.658387459118,23216.0444243614,0.001,0.75972210515945,0.996251706175494,0.00782278321982286,2.13250122235929,0.103792874738422,20.545738112887,386.511179526623,414.980552591049,9,3,2,542,556,152.336807662436,571.523064218497,150.130290547027,899.825159620146,3511.38822468972,103190.418387331,,37333.1469191211
ARID2,DMXL2,389.806917043429,327.700353272522,0.001,4556.28983909438,0.990781106781626,0.848446316678183,0.35892053989137,0.994252034570912,0.172369523175519,5.76814286107,386.511179529095,370.962872294125,10,7,1,538,556,202.407116505794,667.624527758777,140.804082483444,633.784617379124,,14193.9761469432,254.877942924355,21724.537241713
ARID2,DNAH5,435.567640532105,338.297199462089,0.001,1906.3841048192,0.990511537154186,0.91356907748311,0.686352324944825,0.964002622331849,0.382482257005169,2.52038520657135,426.159429451303,356.945734721596,9,15,1,436,461,218.245238065141,764.006172125672,194.650049483913,539.612288878148,,6762.15064615164,106.013327737534,9299.95783647921
ARID2,EPHA2,392.603324953673,919.442428539265,0.001,0.001,0.842789385035133,0.824388660345263,0.694801132525787,6.9149557424715e-07,0.367062215346818,1.88386476552426e-06,386.511179525451,909.547055370413,11,18,0,527,556,203.858214969609,672.417356379274,557.401121177064,1412.03562989353,,4449.58603290818,,9380.50842170868
ARID2,ERBB2,398.416865312115,465.271806268391,0.001,0.001,0.879845347887529,0.892374250116819,0.785156313764843,5.52288065969533e-07,0.231686937788804,2.38376868044661e-06,395.723262514253,460.470638191997,19,11,0,900,930,245.047387132978,605.366528559964,241.599098523845,796.88166366015,,6140.54597744018,,7949.59683669441
ARID2,ERBB3,421.857888909164,847.306939814071,0.001,6525.06668975411,0.987905137700928,0.93159504912846,0.555816268251445,1.0163578354334,0.290231063920888,3.50189198117828,418.419365398107,908.259667905601,17,12,1,805,835,255.745533397049,647.83888901201,453.732593111852,1421.13995870816,,9664.45482833818,368.79443367268,29800.2350114179
ARID2,ERBB4,377.439034795458,153.043937199883,3034.9232347406,0.001,0.909946675823219,0.992042613213796,0.535008606138739,1.17702992868567,0.319424214552544,3.6848487843493,395.723262502104,151.584124952293,18,14,1,897,930,228.802104165569,579.581633404082,88.0663421577954,244.068988364628,170.985189573558,14035.2650674768,,3533.97329191378
ARID2,FAT2,390.429079663716,205.343922121295,0.001,0.001,0.894977328854614,0.891664794099886,0.798027878994683,8.84491939036423e-07,0.23132490143951,3.82359155254071e-06,386.511179525451,203.194461858291,11,11,0,534,556,202.741959604678,668.72936183718,106.620585489383,351.692769667989,,6932.86931505249,,3551.35787906131
ARID2,FBN2,356.021253318464,221.972280735358,2635.45348668054,0.001,0.937659014610079,0.985120578266901,0.574527200144513,1.06567690468105,0.322207328323961,3.30742602976919,386.511179527133,219.685813027626,10,14,1,531,556,178.389726127718,624.45350395047,127.72911765346,354.015300133822,148.65114505317,12137.8734039011,,5014.29888364596
ARID2,FBXW7,399.072930870423,579.835700965793,0.001,0.001,0.852726516850164,0.857086968528314,0.730868697338836,6.49137029077457e-07,0.298959762042267,2.17131905860188e-06,395.723262514577,573.446403755985,19,14,0,897,930,245.453868126644,606.372056255885,326.64945819862,938.773490265114,,4898.39345584449,,7318.4579770789
ARID2,FGFR2,401.420326521575,819.586283974933,0.001,0.001,0.763300178631086,0.75887049119613,0.579262440131955,1.04526442848245e-06,0.544723812784093,1.91888880924828e-06,395.723262510912,810.870493175226,19,26,0,885,930,246.896323389531,609.941120796932,543.545226359424,1176.24251667438,,2866.55469719014,,5761.59381573989
ARID2,GLI3,356.327387400722,152.640109828772,2490.16314541019,0.001,0.933817138626869,0.988273072918062,0.59884040949926,1.13600233577104,0.362688218548667,3.13217324873929,386.511179527503,151.214104226276,10,16,1,529,556,178.543556549606,624.994784681467,91.0889908654911,237.13886745907,140.447770624639,11472.6273823019,,3243.08733364106
ARID2,GNAS,388.237903244292,398.919964174374,1302.99950088739,1292.65363742771,0.999658131392847,0.99939170411142,0.61482769341615,1.00000462938333,0.321117375721922,3.1141405136834,395.7232625146,408.168855157921,18,14,1,897,930,236.0766443684,594.428183035955,225.798796065516,642.845452033343,,10318.7971958628,,10522.5795291119
ARID2,HMCN1,363.178715717359,242.058002141683,1075.03891362919,0.001,0.935009626273643,0.963954335933772,0.909828556467311,1.08567317979358,0.774021090786331,1.40264030621006,386.51117952882,239.559836498484,10,36,1,509,556,181.973546501314,637.026327831651,172.181730904302,328.701321349789,61.0560737885202,4815.84421647796,,2145.61070284519
ARID2,HYDIN,429.634744763694,288.490463697204,195.344893687483,2183.34742165978,0.999328476442218,0.924615249232603,0.546261440158904,1.01156334091988,0.290718701103449,3.47952621238467,426.159429449958,309.630998021221,9,11,1,440,461,213.917083602082,755.728652446491,149.806445168723,494.055167047816,,10213.4567927795,,11186.950528848
ARID2,IDH2,402.299082875434,5649.42826668042,0.001,0.001,0.732309412323661,0.745439547339127,0.54591077553456,8.14844664020174e-07,0.590889971219315,1.37901251283504e-06,395.723262512498,5593.90768135329,19,30,0,881,930,247.436276073722,611.27652872472,3861.3495844638,7919.23168844241,,2482.27769188495,,37311.0656165377
ARID2,KMT2C,400.37203129011,285.764164908567,0.001,0.001,0.80195500951359,0.810038626895799,0.649626769808675,1.31939371718001e-06,0.427033154896766,3.08967512721342e-06,395.723262496504,282.750745036367,19,20,0,891,930,246.251669114208,608.346197222403,178.109314534537,429.939922561711,,3515.91934576638,,2633.92514720701
ARID2,KRAS,426.388674993053,8281.54523596901,0.001,27384.9249579393,0.976712969865776,0.92747499716175,0.662243192442344,3.88189718321098,2.53397655501078,1.53193887115284,395.723262501074,8476.28103247173,15,121,4,790,930,262.239720949754,647.920216866886,6891.1601369619,9847.82256664103,,1513.16718341511,8242.77958191144,68037.8851397021
ARID2,LAMA1,355.881276677251,170.112430240036,2719.10913816702,0.001,0.920408678493337,0.988580660528435,0.56215985700745,1.08211823847048,0.31780848128268,3.40493820084044,386.511179528402,168.42499936665,10,14,1,531,556,178.320212563103,624.210438846504,97.8883997939818,271.308694849259,153.248812557643,12565.9877679079,,3869.26557899042
ARID2,LAMA2,320.202408972587,318.205233709028,5483.18790342661,0.001,0.797642163060279,0.974239232410767,0.0966214814896857,2.1977979365737,0.336936901323291,6.52287691832516,386.511179525816,315.248248691387,9,14,2,531,556,153.858497033449,577.244181747128,186.638506112013,500.584373130723,892.275312173873,17984.5377519494,,8462.00556608754
ARID2,LRP1B,295.025779923785,168.369789510891,3343.75524066066,1804.38178292229,0.873913441882004,0.885496262900672,0.00105868355722157,5.25701894194823,0.752332280684725,6.98762910606949,386.511179527905,178.116261967748,6,31,5,514,556,123.673684013119,566.653436347358,116.873395563729,232.799702239714,,10230.1405617296,,7036.73147190369
ARID2,LRP2,358.123778879664,324.452830462959,1853.34397406014,0.001,0.910624984541025,0.968166158500802,0.71334262328461,1.05930190242336,0.447699222809654,2.36610172288313,386.511179525375,320.968138534733,10,20,1,525,556,179.443028667818,628.150451107913,204.709408069157,483.709091423562,104.86103676104,8428.06694406216,,4834.34388947593
ARID2,LRRIQ1,389.897030813401,350.912124135485,0.001,0.001,0.909265312319446,0.889716275315373,0.80899515873939,6.35546131591905e-07,0.228421351630532,2.78234117369155e-06,386.511179529069,347.180737423543,11,11,0,534,556,202.450111944129,667.764639567553,182.209242970658,601.017147007359,,8128.72520423159,,5963.97020010785
ARID2,MACF1,304.111080172229,1332.83155348637,6401.41449835679,0.001,0.88717159856419,0.996718699803734,0.02266518654154,3.1194478248056,0.457741933761274,6.81486137652507,426.159429450232,1322.43671525533,7,17,3,434,461,130.668178606814,588.162928457862,830.65836832501,2005.47746913806,1553.30734864597,17593.7187142959,,38493.8251215747
ARID2,MED12,378.19895561582,377.048251783804,2364.80629376836,0.001,0.947715975421383,0.988062113682426,0.637834379781473,0.985597817484566,0.338336820265014,2.91306697483462,395.723262512896,372.914615770664,18,15,1,896,930,229.265499595562,580.758908938733,221.163333109125,593.172199358024,133.458175327408,10884.3955684115,,7150.56927804597
ARID2,NF1,399.415163828436,298.656164719075,0.001,6173.12286529804,0.983373955642744,0.834692108170127,0.0187273345315301,2.98960680751371,0.383411425583601,7.79738580550424,395.723262513001,355.116014627227,16,15,3,896,930,245.663605344357,606.891233457996,171.860572122816,476.306048151822,,9934.72792865835,1493.66168153337,17083.4342356584
ARID2,NRAS,401.777303648209,4731.20607538002,0.001,0.001,0.750716048352417,0.741513532133981,0.556684992724557,8.03592298861608e-07,0.574786961172472,1.39806981220035e-06,395.723262513665,4680.45591338679,19,28,0,883,930,247.113344644833,610.477156653542,3188.00370054177,6706.54358911873,,2697.5110485005,,30770.563605231
ARID2,PBRM1,403.369446140654,752.766446935212,0.001,4916.03659513599,0.97953087848506,0.856540445665096,0.388724000721074,2.05634918747143,0.702723337761501,2.92625714412994,395.723262497235,793.89476976766,17,31,2,880,930,248.093385757804,612.904304994389,517.8963721749,1049.76794090518,,4455.48249911262,802.412516625594,15965.8498911041
ARID2,PEG3,354.443814525115,174.810621558464,3922.21371819856,0.001,0.766249755652359,0.970069424571923,0.415552169207603,1.32610107306575,0.276669394648713,4.79308914796847,386.511179525758,173.098906702718,10,12,1,533,556,177.604348938794,621.69703268263,96.1707299795926,287.812963757576,220.904173553835,18359.5382535403,,4406.62570771785
ARID2,PIK3CA,319.491735556867,1017.09419899485,3665.18523145984,0.001,0.976633244920504,0.986962440097185,0.0379709665861835,4.07686797219159,0.9217959050652,4.42274472015931,395.723262513819,1008.20815977073,15,39,4,872,930,183.849823789229,509.538093404284,742.564501748876,1352.17883998533,1124.24463433332,8724.16975227058,,13229.8429662428
ARID2,PLEC,392.526549799248,286.048376355846,0.001,0.001,0.844580150495654,0.853303472518813,0.720699663733806,9.29073484839081e-07,0.296616057344529,3.13224271523484e-06,386.511179525451,282.790395643454,11,14,0,531,556,203.817613754183,672.289313500101,161.140826648797,463.147293010927,,4530.60736753454,,3573.02993065411
ARID2,POLE,389.924374345412,291.151792219093,1113.64595053381,1125.44818407839,0.996763109106858,1,0.607136841682648,1.00820570915498,0.317976919999209,3.17068832906956,395.723262512523,299.668378362261,18,14,1,897,930,237.392323919156,596.399129934322,164.544109955929,469.789565800378,,10398.7145524691,,7947.90383354985
ARID2,PREX2,438.09853070026,167.821101001869,0.001,1106.10577136384,0.990701955471801,0.954299276835452,0.620000086226168,1.05414647780699,0.349172444445041,3.01898530246967,433.812161606366,177.911895581116,16,14,1,731,762,261.442895095966,680.588532898246,94.5425557739983,271.708636850169,,8834.90953434722,62.4391045577459,5074.59286125565
ARID2,PTPRT,392.248334182255,100.231655897066,924.06427683069,599.677235433463,0.996511600210289,1,0.521531956300769,0.991209214519566,0.257316143216191,3.85210660369169,395.723262508599,105.480497370923,18,11,1,900,930,239.427174586826,598.79365791222,52.1464354258032,171.271465274151,,12651.0588964132,,3562.65028078095
ARID2,RASA1,400.111567058533,361.175583962648,0.001,1863.58750977628,0.990556196743898,0.967801768500429,0.722323978945094,0.979352945883316,0.40565629439337,2.41424318917045,395.723262512095,377.226423278352,18,18,1,893,930,246.091477494937,607.950242098678,218.960569153418,554.66888010302,,6449.31219873167,105.179820953547,8560.2860505026
ARID2,ROBO2,389.748914437661,224.103312449912,0.001,0.001,0.912816154059626,0.904565976117482,0.825707733113261,6.95094731480248e-07,0.192523096742162,3.61044852925444e-06,386.511179527,221.60706554423,11,9,0,536,556,202.377199953936,667.52320650934,107.682144838862,404.004347664219,,8477.32498563422,,4445.87531404296
ARID2,ROS1,397.995817113931,201.497709333783,0.001,0.001,0.897474927237375,0.891447358265675,0.800055419273162,8.80568080346414e-07,0.230464477098599,3.82084081430772e-06,395.72326250079,199.397233908076,19,11,0,900,930,244.791127969696,604.73143227199,104.62843832555,345.100653142691,,7273.17663063975,,3409.71093191358
ARID2,RYR1,345.343809633617,312.744597969096,6404.99444261726,0.001,0.643237539460563,0.964246562294994,0.0857534321889792,2.21210117776338,0.325218909543796,6.80188363237067,426.159429450943,309.416932402744,8,12,2,439,461,157.812712334815,642.86013822389,176.176741601794,506.384109235236,1035.09719624542,21478.6940212657,,7721.06417232348
ARID2,SACS,373.84686178401,188.00700600348,1158.59058966564,3607.9098053747,0.994773936079459,0.754748911246429,0.0148710837252209,3.17844191402813,0.403988515612117,7.86765413173246,386.511179526334,214.598021906042,8,16,3,529,556,186.172538469908,653.248352883753,110.399828238464,295.27529117845,,11404.7626188955,436.886613191162,11791.9728298928
ARID2,SF3B1,315.824661046931,786.686662571025,7301.89286171846,0.001,0.880999638419696,0.989843081509574,0.00371026742353992,4.07396055228233,0.495905892792057,8.21518883218963,395.723262504996,779.739661395825,15,19,4,892,930,181.740792413521,503.683668677477,507.396481468109,1153.4278982114,2211.9055897883,17871.229335688,,18727.5661469381
ARID2,SMAD4,388.422662567713,681.866000501777,885.176499282668,939.842427478536,1,0.999904357341055,0.863727143792296,0.979693961685127,0.551685998099866,1.77581806509395,395.723262510854,684.617138426354,18,25,1,886,930,235.88656787206,595.401387037554,449.672568092868,982.353033661323,,5826.56540864642,,9612.69187703205
ARID2,SPHKAP,388.232588409324,248.698931135456,0.001,0.001,0.952661935700691,0.932333010307918,0.888200019203055,4.8630365969294e-07,0.144424726789621,3.36717728676283e-06,386.511179527,246.216275405242,11,7,0,538,556,201.589578835068,664.918546139615,106.861036870749,480.982887690611,,16253.6012911428,,7024.21369704216
ARID2,SPTA1,355.238477998327,148.460939030987,3153.93889829144,0.001,0.983177770280661,0.996379620276975,0.509495433877199,0.987713560620019,0.252488169817525,3.91192015583877,386.511179525728,146.960144956249,10,11,1,534,556,177.992844769546,623.063180826389,79.4967204164823,249.000706499304,177.146483113049,14786.1559681155,,4201.27514767498
ARID2,SYNE1,399.908060568031,232.402672421203,0.001,2628.36958935213,0.969751613655896,0.721566941431464,0.0827558385439239,3.06505933690681,0.720440393227585,4.25442460711467,386.5111795263,252.979974340909,8,31,3,514,556,207.646130077981,684.948761656096,159.87538248395,324.136751164463,,4706.77475925355,615.081142074052,7974.26715937533
ARID2,SYNE2,386.966569152832,1000.66157707119,4692.34259872736,0.001,0.687733196145209,0.950990367391554,0.381358145603448,1.42394495367416,0.277353136189551,5.13405030582019,426.159429450945,989.451682130975,9,11,1,440,461,185.946559121548,697.632310619011,535.838796734895,1678.36298081116,264.022289354265,22195.4870505751,,22921.7959631632
ARID2,TENM1,317.659234523907,303.173758008084,5767.57427947931,2534.14009833432,0.889403823435001,0.972702774579805,0.00913426665976431,3.19593951780883,0.340065740504935,9.39800496534421,386.511179526685,319.592763287679,8,13,3,532,556,146.75847913374,583.811765322944,171.740672756473,486.665643321423,,20066.4152752412,,15757.4240265482
ARID2,TP53,291.954811178314,651.298610425895,1700.37706482295,0.001,0.840234248839781,0.97298897199369,0.158702942430333,6.2236843215417,2.86984952961665,2.16864482172801,395.723262511784,646.062753209201,13,133,6,778,930,160.600847889176,480.671161032029,548.834726640097,765.808357293792,672.75922084179,3472.90761210269,,3188.16837497102
ARID2,TTN,347.344927363817,620.427764640627,6467.95032465494,273.462857188329,0.896120302765047,0.999841109790399,0.0832408417875053,2.31102294489717,0.330503085958574,6.99243983817701,426.159429450775,617.519532486133,8,12,2,439,461,158.734409479402,646.538119921685,348.530077438462,1005.96057659297,918.827498947989,21992.0234598053,,22378.9378856693
ARID2,XIRP2,356.742758595222,308.244823938676,2285.77225415276,0.001,0.970349164681175,0.996123190368798,0.639726657600363,1.12594811334704,0.390081322690205,2.88644456387173,386.511179527981,305.52842175735,10,18,1,527,556,178.751646719951,625.723408173825,189.586354673169,468.36934494057,129.090767969352,10472.2250728478,,6277.33586616921
ARID2,ZFHX3,388.421480972566,257.074191891392,2865.16820843818,1482.14997424563,0.978274612318988,0.986678641964101,0.134731833479115,2.01933640869617,0.355715865717859,5.67682412652864,412.134208184287,269.268228812152,15,14,2,770,801,224.877802421799,615.572377332776,146.513307284076,411.657919175657,,13997.4323869934,,8651.81615863144
ARID2,ZNF521,391.25271088714,256.256730943534,0.001,0.001,0.875154240005995,0.867119100671121,0.758872532081615,9.84915857699456e-07,0.295528886118696,3.33272280295427e-06,386.511179525916,253.642162904422,11,14,0,531,556,203.157389804737,670.101762941485,144.361644721924,414.896837593269,,5734.31890550817,,3558.69755584562
ARID2,ZNF536,411.330764263107,162.490755347774,1788.67964940398,2694.23804124497,0.995754736439468,1,0.0658279183904826,2.01165577292163,0.255330758878801,7.8786268515205,426.15942944848,187.437863803885,8,9,2,442,461,198.176975445311,735.102884402975,78.3208634304398,291.783169024433,,19679.0189501445,,11074.5468804665
ASTN1,ATM,145.23517757698,447.741632120952,0.001,0.001,0.812924024793399,0.795514081223016,0.646720031336858,2.14390803606173e-06,0.450423545706745,4.75976013353786e-06,142.726969596483,442.0270447631,12,18,0,526,556,77.7687688320234,243.599321365317,271.434295799303,687.622099958792,,1365.92333854406,,3837.88145197244
ASTN1,BAP1,141.229983544873,531.905182980357,201.12764517485,1054.81038531977,0.998819613117139,0.993763621363712,0.889889979802915,1.02832087609196,0.624757149098006,1.64595295560298,142.726969596587,537.881835144584,11,25,1,519,556,73.9800173925667,239.901775704637,350.164760745809,767.466224575041,,1813.13453457738,,7514.95648359016
ASTN1,BRAF,144.738499101922,1148.0970334391,0.001,8023.672251421,0.982489249994462,0.905809068293553,0.592141724767251,1.0394055141848,0.329597915755393,3.15355608909912,142.72696959662,1223.2376464758,11,13,1,531,556,77.5043357833223,242.767246581208,631.580169887761,1890.16870120935,,2838.74838104871,451.14444350881,37495.6843272474
ASTN1,BRCA2,145.07258714082,653.50281913589,0.001,4395.47834301501,0.962308474552812,0.831892772670778,0.595530345302303,1.0060587936969,0.329969711807399,3.04894285050056,142.726969596623,696.017166255218,11,13,1,531,556,77.682333081589,243.330418008787,359.507658166952,1075.92226974223,,2405.2528685356,247.054500403442,20544.5155544272
ASTN1,CDH8,95.8073463292467,137.672068909111,6054.76152385081,0.001,0.261624540641795,0.959724019852276,0.000163794723501463,4.74908243477922,0.338084322611421,14.0470353611682,142.726969596465,136.205026391844,8,8,4,536,556,43.7815124388245,178.346205885479,73.7203731837288,230.909365553336,1727.80764991571,17244.0158026049,,4250.79700368581
ASTN1,CSMD3,128.203951085646,402.959198115841,664.821836567212,664.640214758009,0.921782000870484,0.997855121315052,0.37778045165317,2.10467397717493,0.710241096234092,2.96332328322669,142.726969596259,405.633710663632,10,28,2,516,556,64.4515182506996,223.953502990164,273.63127243701,567.429923874511,,2565.6846751989,,6139.73024274948
ASTN1,CTNNA2,141.900931675385,128.810388387538,202.907476553916,1569.77888716394,0.9996137552411,0.829694997783999,0.13691903765267,2.03108105666615,0.380039080098472,5.34440051833584,142.726969596485,145.710266783609,10,12,2,532,556,74.7462862360624,239.933378110071,69.0144737299284,215.878715272828,,3625.91812120409,104.043231387909,5823.04760962584
ASTN1,CUBN,123.844007600754,264.289408036927,1592.15022141011,5065.14498671559,0.870884698708133,0.760981499574688,0.00103528220937171,4.05668381631933,0.401955468319672,10.0923712601245,142.726969596583,309.101661701125,8,11,4,533,556,59.6083398922238,220.026611077469,139.726859466358,444.260941420892,,6667.29298239703,,18236.0787788854
ASTN1,DMXL1,143.424569014198,420.255176972722,0.001,0.001,0.94363351909493,0.938970934220314,0.886047104388135,5.75580974378036e-07,0.120098952418137,4.79255616130682e-06,142.726969596981,414.980552592266,12,5,0,539,556,76.8006913916797,240.557132369901,150.701740931431,903.258106232286,,5184.74860100703,,13105.564934909
ASTN1,DMXL2,144.509377261964,328.841450223001,0.001,3462.68002791122,0.957208834616952,0.715941176776031,0.434153037746629,0.958571748329044,0.215461861218478,4.44891612329039,142.726969596259,370.962872292325,11,7,1,537,556,77.3803445761253,242.384073224728,141.292300856974,635.994064059694,,3127.10773232139,194.048943029949,16432.494985956
ASTN1,DNAH5,132.980620672015,292.29147887839,0.001,6778.16444712077,0.964637155078575,0.337932389299306,0.0168243827919804,2.91975439379074,0.415232334358707,7.03161616327414,129.160238642799,356.945734721729,6,13,3,439,461,63.8937761538259,239.753554738373,160.774565220783,481.258032278041,,2168.77826055088,1535.08170604664,22577.1476600854
ASTN1,EPHA2,132.821271301216,920.608408075065,764.338097378559,0.001,0.86649174108131,0.97343008537358,0.666348235163968,1.1162154299031,0.430454240598993,2.59311054375919,142.726969596593,909.547055366038,11,17,1,527,556,68.9662523057252,227.488934541931,558.107921134783,1413.82972199172,43.1225049983899,3515.51817324341,,13980.4163536102
ASTN1,ERBB2,144.223872982738,568.180688201059,0.001,5959.00885332943,0.980715828782428,0.823188893753077,0.442733849887565,1.03694674076742,0.230758638490827,4.49364213426245,142.726969596455,631.961652824354,11,8,1,536,556,77.2260968745463,241.897263121409,259.653012399831,1057.7042887428,,3941.78036335427,334.526085434098,28005.1289141831
ASTN1,ERBB3,130.74758594974,764.342173863083,0.001,11889.7779413532,0.959739897923079,0.668311560637608,0.319939759268244,0.998882438978399,0.158120628884395,6.31721772184895,129.160238643235,882.536201195536,8,6,1,446,461,62.8226284621383,235.717938746666,303.791108181956,1548.89556866515,,3834.35299675172,664.289085917143,57150.2515307606
ASTN1,ERBB4,131.920307247641,187.971188603347,1344.75661384579,0.001,0.836245157920752,0.985702717802125,0.452884058998496,1.26162516288952,0.291619590479993,4.32627026467237,142.726969596713,185.780281641475,11,10,1,534,556,68.4986649195116,225.944274449469,97.6035132237427,321.940528896717,74.7088557812279,6614.82717280357,,4839.43533509904
ASTN1,FAT2,135.212108394393,200.934801081017,838.041406562769,388.987731308295,0.966979032462894,0.998785853271889,0.535720983482666,1.06889537529831,0.293484865436454,3.64208005652593,142.726969596,203.194461857873,11,10,1,534,556,70.311072964868,231.156752782995,102.530558360836,347.255600441695,,5018.30122393626,,5763.10580546041
ASTN1,FBN2,144.749900523605,222.931568802562,0.001,0.001,0.84653436447921,0.804598090070028,0.681145770031509,2.51316277786367e-06,0.422597306524115,5.9469446185887e-06,142.726969596493,219.685813028285,12,15,0,529,556,77.5070597753338,242.777330828033,128.277156999314,355.542144356835,,1708.43471624319,,2022.36937010018
ASTN1,FBXW7,144.570943434293,685.789660089798,0.001,0.001,0.858478996924814,0.866791082875545,0.744139368935948,1.15686178137325e-06,0.266050564507102,4.34827786784255e-06,142.72696959692,675.976280638569,12,10,0,534,556,77.4133168090586,242.484681878348,343.621376428644,1202.89235828131,,1883.31996771306,,9452.09261567437
ASTN1,FGFR2,132.354815550665,746.776067806089,981.604797244971,0.001,0.926430814926147,0.993000409297349,0.575987219585874,1.09989508015393,0.336204874958814,3.27150247386708,142.726969596198,738.415970066389,11,13,1,531,556,68.7260074828293,226.695462777025,420.667548178847,1208.9990687451,55.0934228895574,4614.48142529892,,16192.2955977612
ASTN1,GLI3,137.685255020062,140.310685615476,442.657510519796,1120.82726423996,0.988773991150551,0.909399513895186,0.179107948441786,2.13822666740586,0.460548440996748,4.64278342312521,142.726969596573,151.214104226283,10,15,2,529,556,71.0889883272065,235.534688326356,80.9818531965832,223.076174773303,,3482.39288533277,,4810.18676632489
ASTN1,GNAS,131.499156545677,668.822188844744,921.965511784739,3860.6105103656,0.931689399781357,0.955846011337986,0.143619108074089,2.18007046402651,0.414615698920803,5.25805093656844,142.72696959637,704.108062933664,10,13,2,531,556,66.6738393623531,227.8658975339,372.420803386389,1088.39106335236,,4484.65018605268,,22359.4322173636
ASTN1,HMCN1,120.177835090787,236.883435947356,761.423591723044,521.192694747136,0.801643067169741,0.986148056711141,0.152537985388647,3.28990700920074,0.963710587808025,3.41379149593415,142.726969596751,239.559836498039,9,34,3,510,556,58.0958705970911,215.058217147538,167.300239420584,323.295036983002,12.2441949750401,2435.11472398126,,3599.52325282461
ASTN1,HYDIN,114.163785297854,263.871699943287,1213.78963963354,5758.47229756324,0.879010296418892,0.642930505390738,0.00573607272059808,3.21195454719116,0.322261486233856,9.96692029422449,129.160238643101,309.630998021999,6,9,3,443,461,48.6790967275175,217.948841426775,128.625941738686,468.345793305585,,6272.99744568169,,23791.4579772667
ASTN1,IDH2,144.16484489575,3716.44649600995,0.001,0.001,0.887324876565189,0.886134022745361,0.786296334185274,8.53692268313732e-07,0.230452613561799,3.70441565022565e-06,142.726969596501,3678.99264181529,12,12,0,532,556,77.196795215532,241.799403247634,1990.09339849584,6233.26616325641,,2367.78488646976,,60456.3179624817
ASTN1,KMT2C,144.93172196326,338.621767490236,0.001,0.001,0.833347397689295,0.836571313349398,0.69717533347644,1.79390868707691e-06,0.350149651127475,5.12326281434397e-06,142.726969597042,334.293583892273,12,14,0,530,556,77.6061833039158,243.090157930116,190.759341411094,548.254961905762,,1562.39637109544,,3723.81730130271
ASTN1,KRAS,106.507513005516,9719.9780057015,479.534713282893,1042.65112238777,1,1,0.519724504742992,3.18246768422051,1.82601885725452,1.74284491727838,142.726969596528,9631.40354563942,8,82,4,462,556,48.6689298608698,198.278042628273,7803.60805335149,11927.5214408116,140.024440608002,1144.19883727823,,60453.2452403346
ASTN1,LAMA1,122.182353698689,168.53321021592,1721.4755984602,163.16119866139,0.758685504014381,0.999997168567135,0.119487577615285,2.3060482725735,0.400718384381403,5.75478531171808,142.726969596214,168.424999366852,10,13,2,531,556,61.2340831392376,214.206614044758,96.2926125542709,269.796713921504,179.733502406227,6177.12097153898,,4362.76795612995
ASTN1,LAMA2,108.26113979933,318.806231041331,2956.82911122803,0.001,0.428881333325357,0.951992835079918,0.0102056381458032,3.63048065636077,0.427858977477923,8.48522725352445,142.726969596561,315.248248689862,9,13,3,531,556,52.0195635190035,195.170996811888,186.990637283302,501.532611362199,708.935725207518,8381.37638432561,,7051.73240046319
ASTN1,LRP1B,110.8488690082,180.019143601473,1009.38938449914,0.001,0.802877388277073,0.969294492166562,0.151791292115742,3.03321692418681,0.897064515125186,3.3812695442128,142.726969596556,178.116261967318,9,33,3,511,556,53.2612542222673,199.845356030108,127.420832701285,245.427827765196,247.150087463129,2711.54636993225,,2056.73750067492
ASTN1,LRP2,118.691862880486,311.981373158256,1321.43346639421,1186.86112059469,0.893900668585385,0.982168922856804,0.0414370550293723,3.07117430752779,0.550002528158459,5.58392761904354,142.726969596679,320.96813853465,9,18,3,526,556,57.405475722308,212.288991089974,193.140598125402,470.584720296888,13.1278463218578,4397.61386746959,,8431.56631155486
ASTN1,LRRIQ1,131.968911009542,351.478487571976,1291.37459568121,0.001,0.825142972280246,0.982840204332649,0.46788422454117,1.18491215036931,0.2835698340125,4.17855500919423,142.726969595939,347.180737424393,11,10,1,534,556,68.5238937759683,226.029443628573,182.504748147125,601.994598628981,71.3825318887823,6521.15953607256,,8493.17919058558
ASTN1,MACF1,75.1870739887736,1322.41627757507,2544.32059739544,1300.46620076053,0.635213973853105,0.999868684625807,0.00174900247496978,4.20281840047403,0.495788872146342,8.47703253661064,129.16023864292,1322.43671525627,5,16,4,436,461,26.9651931844388,161.506648661315,820.89556028649,1994.31253193905,700.399626954002,6746.26485678623,,46857.0674459027
ASTN1,MED12,144.836766991263,398.910760748531,0.001,0.001,0.840012957327088,0.860307361089557,0.722692446830073,1.27506644254007e-06,0.260366009341938,4.89720776441878e-06,142.726969596555,392.891718642153,12,10,0,534,556,77.5548867146675,242.93369707525,199.876240768738,699.709926365904,,1657.84058401807,,5221.78135439593
ASTN1,NF1,144.87585095702,359.383958194433,0.001,9108.1301108621,0.972302787323013,0.543825633072687,0.0125133507892163,2.99002345106941,0.36178418167523,8.26466054216136,142.726969596453,453.058167585808,9,11,3,533,556,77.5771493427013,242.99820279193,186.623740777492,615.582282589166,,3373.93249148157,2150.33770777437,26963.3766112967
ASTN1,NRAS,144.634086822232,4071.39556842535,0.000999999999976353,0.001,0.853544107847854,0.872771940533751,0.744960965736649,1.17401414561659e-06,0.317691689884113,3.69545122834294e-06,142.726969596501,4034.3257638828,12,15,0,529,556,77.4477458431101,242.587879051938,2342.83923174835,6493.29673585791,,1781.76836626522,,58771.7321729116
ASTN1,PBRM1,146.58451784555,685.04107813071,0.001,3111.69724167447,0.916405845865121,0.791004119174111,0.720035273389961,1.00612674741507,0.477716845795814,2.10611527784621,142.72696959639,716.229234699573,11,17,1,527,556,78.4897656952032,245.872808389896,408.79168485078,1064.28300875721,,1426.51243657171,174.46325045656,14711.3049552573
ASTN1,PEG3,131.847557386328,175.379206556543,1472.77994521883,0.001,0.606932237338663,0.934477987721403,0.396493888061177,1.64730201524918,0.350983676827886,4.69338639943926,142.72696959662,173.098906702952,11,12,1,532,556,68.4607747567143,225.817299169874,96.4751842470108,288.728966057157,82.6011253996687,6947.90456635781,,3122.50821302814
ASTN1,PIK3CA,134.667644247289,1080.5193741091,418.758098089391,0.001,0.990557761086226,0.989205558710519,0.92380928136186,0.987507078266561,0.675353333079649,1.46220804710251,142.726969596753,1067.18196098177,11,26,1,518,556,69.923088284169,230.660084845667,722.447778147712,1541.00358546523,23.7080128137414,1899.44146730624,,11171.5008626097
ASTN1,PLEC,145.242256722623,245.01453585271,0.001,3418.67924131573,0.975205740018746,0.620206647136424,0.132191464427314,2.0026462358323,0.370189554541898,5.40978590903392,142.726969596542,282.790395644262,10,12,2,532,556,77.7724766470967,243.614197702068,131.197619531369,410.951350957202,,2711.93080132514,549.427855382719,11651.039024357
ASTN1,POLE,144.293926346391,307.706188777845,0.001,2842.87362238586,0.98804711162343,0.876733350038142,0.489706073292953,0.989195383286342,0.245081790666058,4.03618473897227,142.726969596,337.970832775648,11,9,1,535,556,77.2654598473546,242.017963546601,147.853857130251,554.718029033776,,3694.37973922326,159.687701261783,13328.7052785924
ASTN1,PREX2,143.590986051536,129.928468819587,0.001,0.001,0.9307891416689,0.906229395799472,0.843513100924127,1.5448140505696e-06,0.205037077948592,7.5343155785556e-06,142.726969596981,128.334170109191,12,8,0,536,556,76.8898531627133,240.83577850873,59.3743926209736,241.859909267869,,4007.38048627587,,2595.01468207496
ASTN1,PTPRT,131.581099713445,105.983659112739,1891.64006877679,0.001,0.888276576163048,0.998940831849348,0.347769194063531,1.09684274694059,0.187811835779298,5.84011514710668,142.726969596303,104.663255866997,11,6,1,538,556,68.3229059751811,225.361890840347,45.5386588222037,204.973573601005,104.542515277626,9545.09089075053,,4146.96421852716
ASTN1,RASA1,137.118220083267,314.947253119805,679.860108295886,4118.0760494591,0.971997627974342,0.808017039026889,0.0831931705222143,2.09635600307156,0.30054728745909,6.97512867540654,142.726969596586,357.440733421031,10,9,2,535,556,70.8519102183906,234.386419668085,152.180076351745,564.030911470077,,5490.13332213353,,17369.5199451748
ASTN1,ROBO2,144.013240414441,224.899586175142,0.001,0.001,0.898983119384008,0.876355171268777,0.787839569460902,1.45113873110578e-06,0.246240116859571,5.8931856823856e-06,142.726969596439,221.607065544735,12,9,0,535,556,77.1153647221203,241.546251148432,108.064095583819,405.443711236508,,2717.92446310755,,3361.87629665261
ASTN1,ROS1,143.470891998457,183.731021122077,0.001,0.001,0.940098279635837,0.92562895279764,0.870185680579868,9.51096596089537e-07,0.149296861376395,6.37050630081036e-06,142.726969596378,181.372976808706,12,6,0,538,556,76.8253818562246,240.634649735105,73.0247669931313,372.313793668568,,4833.88022779269,,4672.17343189723
ASTN1,RYR1,72.5540735563966,311.523273668827,4417.74029394956,0.001,0.422705807473483,0.998909319393348,0.000299785250029742,4.34573624357121,0.346569934942638,12.5392765079016,129.160238642931,309.41693240283,5,10,4,442,461,26.0172374452523,155.945361449451,175.491851734079,504.395721522932,1251.93898606895,12822.5257612525,,14424.1121029926
ASTN1,SACS,145.762653950144,194.066969414407,0.001,1948.66211562892,0.992093205019769,0.797073377965782,0.220862259941932,2.00694899136711,0.4933300047041,4.06816729619128,142.726969596537,214.598021905501,10,17,2,527,556,78.0509719988328,244.485787993751,115.81067828335,301.49895804178,,2313.07901448845,313.42137857934,6622.09236615009
ASTN1,SF3B1,120.568052802779,809.594062892159,1700.32961755226,0.001,0.916225161163366,0.982442923371365,0.134571054655106,1.95833734446436,0.365875088893218,5.35247521329856,142.726969596523,799.861713339037,10,12,2,532,556,60.4117324426799,211.479439609585,456.079474770765,1310.80179244804,275.455495054605,5654.94330186626,,19282.2707125666
ASTN1,SMAD4,136.872639342183,952.299872023972,401.191924296972,945.927663909566,0.995649809093535,1,0.839812733365871,0.928489717837726,0.499699635183091,1.85809564879415,142.726969596391,952.261127376359,11,20,1,524,556,71.1823985926315,233.985544852561,597.258055644669,1424.99916109121,,2305.51896642823,,13843.2339610653
ASTN1,SPHKAP,143.321341220658,249.401740923914,0.001,0.001,0.951993184645678,0.914141889321698,0.870259977177039,9.83718746675865e-07,0.174572138584504,5.63502718504925e-06,142.726969596443,246.216275404932,12,7,0,537,556,76.7451986670937,240.3822751438,107.162744720796,482.344558146176,,6090.58922573658,,5458.38398218703
ASTN1,SPTA1,136.448809324427,131.808589214829,723.258107673154,1520.37870177864,0.968475588397025,0.850764713177713,0.0918642138878512,2.05117848959027,0.306279179043757,6.69708759176616,142.726969596521,146.960144956534,10,10,2,534,556,70.3106196592113,233.653941271753,66.4350824485224,229.635485340113,,5255.69571623096,,6534.10805095803
ASTN1,SYNE1,149.029766806834,225.036745665542,0.001,3039.98781544196,0.943941237351178,0.357720456021786,0.0213960798004007,4.07286779210519,0.873407416829518,4.66319350354244,142.726969596848,252.979974340153,8,30,4,514,556,79.7973378378461,249.981290046023,153.795518534657,315.492318267436,,1342.92725212322,881.45577932756,8274.47190783021
ASTN1,SYNE2,101.135069993209,999.771390393467,3886.28143056409,0.001,0.27087182203055,0.94518281815377,0.0242969907315141,3.25923738866812,0.284140611470127,11.4705088153539,129.160238643248,989.451682127286,7,10,2,442,461,43.4538255195272,195.593716045674,535.366860528253,1676.88330560861,611.671360718702,14116.5743232606,,26145.358398005
ASTN1,TENM1,108.557305626207,323.250945046501,2430.29046280537,0.001,0.674290781787934,0.961919673285716,0.0180353894203806,3.09585218410791,0.427447655220159,7.24264631306347,142.726969596696,319.592763287045,9,13,3,531,556,52.1620533048663,195.710038323488,189.596159358213,508.537371943047,579.580537076767,6993.56300994819,,7233.48634045546
ASTN1,TP53,64.5572151401699,762.737293204088,1029.76133536491,0.001,0.348465958878289,0.888042407590613,0.00330092191968747,7.80402908948475,2.21334148802056,3.52590376664564,142.726969596299,758.023841531887,5,89,7,455,556,23.1487562282074,138.768106115861,619.977340236733,925.965342994603,438.260842379,2024.15944798999,,5896.64623857857
ASTN1,TTN,116.637514454389,625.109085794931,889.397235119501,0.001,0.839679751023772,0.967965477998202,0.558932438714145,1.19018628925719,0.364042424889481,3.2693615026285,129.160238642876,617.519532481787,8,13,1,439,461,53.2989451640734,217.129723934862,352.141361936308,1012.1503007337,49.741554982651,4251.40815907216,,12263.2090050713
ASTN1,XIRP2,132.33637090722,308.839963072595,994.649607389102,0.001,0.729634985627396,0.945723541988354,0.54105571098869,1.48408463201897,0.447456786594134,3.31671052151257,142.726969596532,305.528421756667,11,18,1,526,556,68.7152822489199,226.658218195237,189.952603339157,469.277847788407,56.013283984434,4608.71896511418,,4737.7731188645
ASTN1,ZFHX3,130.959924675538,237.256136761063,0.001,9466.80925262237,0.998166788860228,0.525683583320273,0.00456708595975709,2.97358757872625,0.273478284758818,10.8732127720805,129.160238642929,323.739257244802,6,8,3,444,461,62.924451902352,236.096491821494,108.417328066827,441.657689395402,,4986.19571527994,2166.86396632021,30803.2527233564
ASTN1,ZNF521,120.183861351896,256.424184440455,2146.94790532307,0.001,0.699196392119645,0.98148663522507,0.0901445437359885,2.41340625545887,0.369845895055577,6.52543745306731,142.726969596163,253.642162904422,10,12,2,532,556,60.2141465805736,210.784698690717,144.455471539652,415.167620041832,345.605156771379,7276.00230980633,,6598.34409260653
ASTN1,ZNF536,101.584020453683,189.330492765012,2416.5805359883,0.001,0.805037774222426,0.986685455809841,0.0597724601362793,2.08329120607484,0.263132850403341,7.91726005658921,129.160238642899,187.43786380377,7,9,2,443,461,43.6476215951644,196.469810144468,98.3089436452958,324.274878056902,385.053824546632,8493.81726981506,,6776.38942769686
ATM,BAP1,469.644662858642,577.891961794368,0.001,1474.70224470725,0.977262114740869,0.971628867854713,0.93389176400634,2.06275634829468,1.66652613277636,1.23775817715994,457.220744995113,592.996955495645,29,46,2,853,930,323.105029522731,654.940669230558,426.553137060673,761.398317872918,,2302.52558562103,242.857404987262,4671.1879210938
ATM,BRAF,465.980636961635,1749.24476280649,0.001,6449.80018849773,0.984535303767276,0.944877142009796,0.740204510401076,2.11118304232593,1.21476683168195,1.73793273512648,457.22074499571,1825.8865342399,29,33,2,866,930,320.590710647645,649.829148223646,1218.22530066815,2415.85083363646,,3217.42658433642,1062.0046578535,20438.9438895352
ATM,BRCA2,462.093569517296,507.857056530442,0.001,0.001,0.722012094630201,0.732605422255297,0.528971980526197,1.26475831597507e-06,0.58890219765573,2.14765426417112e-06,457.220744998708,498.591654521724,31,17,0,882,930,317.921176707226,644.410261144624,303.071934077174,788.963401351404,,2759.01179778563,,3136.7440197938
ATM,CDH8,425.846400854894,136.308832525123,2050.41307749248,130.494576354783,0.979225711895097,0.99999771659494,0.67508923373473,1.20977259444143,0.454718957728125,2.66048418233037,442.027044762763,136.205026391393,17,11,1,527,556,254.221785990857,661.26103175599,72.190049934595,229.909386873256,,11056.6603176316,,2694.86648028201
ATM,CSMD3,377.880035155918,411.786528843799,2842.838712119,0.001,0.834737791441441,0.982647711248319,0.2060648107883,3.1439108879322,1.02781942324028,3.05881638043069,442.02704476521,405.633710664482,15,27,3,511,556,217.442535707239,602.681535340605,281.438542008611,577.271083807136,695.717274484828,7646.27549840495,,4047.01438427325
ATM,CTNNA2,448.741820574345,137.4219176419,0.001,668.38626826885,0.943303015872939,0.836922738017256,0.715818239216653,1.16027200604239,0.520845769012697,2.22766906265126,442.027044764124,145.710266783695,17,13,1,525,556,272.040821133625,689.170442748879,75.5930505505518,226.246658431594,,5351.92162100826,37.6732510383178,3087.65999691806
ATM,CUBN,448.378278386835,293.02194563566,0.001,1315.70483135504,0.977558712075901,0.918816088723514,0.77124014423352,1.14647296622313,0.553625896251158,2.07084418194019,442.02704476211,309.101661701879,17,14,1,524,556,271.822166100094,688.604259705323,165.06991008191,474.435763082773,,5777.8561847733,74.2699233758759,6039.99144226658
ATM,DMXL1,443.923465670594,422.649693969418,0.001,0.001,0.926592909433809,0.912714776200488,0.845719233307653,4.09798167231787e-07,0.172059954983944,2.38171727564399e-06,442.027044759925,414.980552592892,18,5,0,533,556,269.125150672722,681.750398544483,151.560292524407,908.417443979501,,12004.5064897137,,9005.6186812011
ATM,DMXL2,446.95233793025,377.997931246457,0.001,0.001,0.820793840833009,0.86147949166658,0.707119245363451,7.55328570908181e-07,0.297099682892248,2.54234054898714e-06,442.027044763783,370.962872292119,18,8,0,530,556,270.957404034704,686.417339715687,172.735077162102,703.680497151123,,4511.08485278093,,4938.9143462618
ATM,DNAH5,423.747416661196,316.671015015216,0.001,3117.58149245401,0.889847645656682,0.486939730906982,0.209035146545889,2.2205056387582,0.57222625518083,3.88046794192709,413.356605520962,356.945734721802,12,14,2,433,461,238.704084027255,686.113419731272,178.375476934742,512.785534791961,,4181.95035008525,502.455590313974,10539.6470862471
ATM,EPHA2,418.329247870447,881.514574413091,2083.93217975405,2851.3234631089,0.967782517757675,0.989216351283709,0.282286247380087,2.23946314368424,0.61781491270009,3.62481237932072,442.027044766464,909.547055371422,16,16,2,522,556,246.495479238351,654.889211366633,522.706122081071,1372.74993433637,,9529.47010121676,,17820.2094676103
ATM,ERBB2,460.6252869385,468.528533329317,0.001,0.001,0.796295307495282,0.826998964217511,0.658548827850499,8.65210327993153e-07,0.388686410221383,2.22598553805974e-06,457.22074499789,460.470638183171,31,11,0,888,930,316.909107831672,642.355861772324,243.283969488811,802.446581570015,,3998.98759903055,,4744.82626227114
ATM,ERBB3,446.948527296111,780.492680996468,0.001,8956.50190878758,0.941532289986123,0.660388314928172,0.17400867754833,2.10098814254268,0.442740531122428,4.74541632142034,442.996926332636,908.259667900965,25,11,2,797,835,298.848815065187,637.391190806535,405.271269291502,1336.74861378731,,6985.60594240235,1471.78455585261,28539.7042990561
ATM,ERBB4,460.781237716165,154.245798172656,0.001,0.001,0.788146023285146,0.771091914172616,0.607748753805316,2.41825402393309e-06,0.539559176988342,4.48190694750307e-06,457.220745011141,151.584124952224,31,15,0,884,930,317.017657691112,642.572622553174,88.7601368322332,245.995865500587,,3787.7590457283,,1141.43833364496
ATM,FAT2,409.219580787998,196.665026467098,3958.36457132908,623.554945359032,0.932847875511452,0.994115727503761,0.143761166897523,2.12808771894132,0.403237362187339,5.27750629901362,442.027044764205,203.194461859192,16,9,2,529,556,240.468826664911,642.372675719502,98.374283791901,343.264354550228,,16437.6211315315,,5536.93099819334
ATM,FBN2,447.659386337329,193.267069145193,0.001,1930.76540759969,0.979400754844749,0.922201132763566,0.22641601920058,2.25505718056898,0.566184929253296,3.98289863268355,442.027044763004,219.685813027588,16,13,2,525,556,271.380428248463,687.484458210251,106.31406032513,318.185025761212,,7777.4531354537,313.060924780138,6402.25126991169
ATM,FBXW7,461.413894109259,583.60821419637,0.001,0.001,0.755520587965244,0.783128392019362,0.591689252666797,1.0153371712558e-06,0.504513391461794,2.01250787082961e-06,457.220744997835,573.446403743927,31,14,0,885,930,317.451765809778,643.457399800822,328.775466791388,944.892862957411,,3219.75597424816,,4593.62728991697
ATM,FGFR2,463.861292781052,825.238043709358,0.001,0.001,0.642144310392948,0.635534358136532,0.408136918838142,1.58525234072657e-06,0.901642376793033,1.75818304632597e-06,457.22074501237,810.870493154325,31,26,0,873,930,319.135572763234,646.875174054185,547.29050976557,1184.36381578636,,2017.82868565468,,3494.6178572761
ATM,GLI3,443.419486049556,137.158237392197,353.225302323937,1078.93162215008,0.999864882348805,0.884672734330501,0.271792156182814,2.27832845893927,0.625514245044407,3.64232865516519,442.027044765942,151.214104226552,16,15,2,523,556,266.970500090156,683.626799263755,78.9477421915008,218.666010649839,,7380.71882984221,86.1940383564391,3806.48647907294
ATM,GNAS,461.085961389769,387.176024987691,0.001,1681.22596344886,0.974886011119737,0.927479876086413,0.783818651810657,1.11116463342383,0.544934897221356,2.03907776706851,457.220745001636,408.168855157581,30,14,1,885,930,317.226532569674,642.997037689434,218.116167275539,626.858159724334,,5892.4073246478,95.3310133910202,7578.78651262537
ATM,HMCN1,386.970399821811,227.457072778748,2164.13062968528,1179.12236440431,0.9155773003497,0.93050674328514,0.0173122175988793,5.48207893111473,1.3282504595866,4.12729308056927,442.027044763639,239.559836498047,13,32,5,506,556,217.201173210213,624.292862457495,158.680550404504,313.294194758387,,6818.37544465075,,4244.83836432009
ATM,HYDIN,420.697425912411,314.569056646806,0.001,0.001,0.783304565416301,0.829260588042257,0.649599033687661,1.29842287599968e-06,0.445230635627186,2.91629275279008e-06,413.356605521391,309.630998021884,14,12,0,435,461,236.992452511966,681.163214818908,168.437343600377,527.639685038033,,3365.32202082935,,3301.06347972884
ATM,IDH2,464.827340335119,5688.01316837716,0.001,0.001,0.602114212508934,0.608735503971018,0.366561595475671,1.16181230331268e-06,0.955394913345927,1.21605452057919e-06,457.22074501237,5593.90767877435,31,30,0,869,930,319.798572895067,648.220186357606,3887.70825461788,7973.41434595126,,1759.26502078799,,22006.0294166584
ATM,KMT2C,461.923343523317,244.334131031726,0.001,2516.46696311931,0.988664552566358,0.966181361314105,0.102258735390727,2.99229056357168,0.707774613306533,4.22774497320906,457.220745009686,282.750745037085,28,17,3,882,930,317.816200225682,644.19631959792,145.820003359638,379.603032366589,,6633.86693164392,616.050802399434,6764.54465052153
ATM,KRAS,493.964862152089,8263.35196565225,0.001,21142.1735782803,0.800226831966925,0.730564599855844,0.708696155155888,5.08184014324542,4.13102528593087,1.23016437603342,457.220744996429,8476.28103362026,26,120,5,779,930,339.822350352673,688.925193178265,6870.64583142793,9833.32609997038,,1048.60900750369,7423.62627327874,47336.8645678714
ATM,LAMA1,423.311521951126,171.319979537656,1775.86952246686,0.001,0.977973154821954,0.985018084130875,0.808950191562803,1.08087130564162,0.552317167120803,1.95697575593411,442.027044761382,168.424999366613,17,14,1,524,556,252.614878429121,657.645996047781,98.5821133658205,273.238938434983,99.9267776898969,8263.7000482149,,2283.33817297641
ATM,LAMA2,448.271221070497,321.117959183667,0.001,0.001,0.77900245629544,0.7461951257165,0.581318542515969,1.63539504817629e-06,0.584177323519298,2.79948396203412e-06,442.027044761363,315.248248691268,18,16,0,522,556,271.758334594919,688.439407454986,188.344194571719,505.17599298631,,3490.54830292035,,2131.2147414124
ATM,LRP1B,354.739449136875,180.666408643681,3092.43533705414,0.001,0.843883109876906,0.984675523960844,0.0894840288335851,4.20268208396453,1.27197949525117,3.304048610575,442.02704476364,178.116261967406,14,32,4,506,556,199.837544857207,574.374998323164,127.879314196423,246.309894676301,944.904254158222,7421.90033595541,,1704.80141917398
ATM,LRP2,451.267227214876,310.909257062625,0.001,909.972982495604,0.975628913257652,0.964587291998347,0.923756058576259,1.06832044806121,0.76365935783564,1.39894893855427,442.027044762027,320.968138533942,17,20,1,518,556,273.569641898376,693.051770860006,193.771954548318,467.801775974183,,4081.20719882669,51.3523499745748,4182.2112803491
ATM,LRRIQ1,446.350761075788,353.575068638114,0.001,0.001,0.840997400446203,0.819278280476328,0.689031865826402,1.03555054374333e-06,0.392753386561121,2.63664319437301e-06,442.027044762891,347.180737424054,18,11,0,527,556,270.593933546386,685.48748386815,183.590289898728,605.585972708863,,5130.09120507971,,3447.95793795151
ATM,MACF1,371.626409224365,1320.60280955977,2208.93639721269,1386.01061223254,1,0.999865092373505,0.374394289594822,2.07739326636511,0.69279919721642,2.99855033711329,413.356605520167,1322.43671525324,12,18,2,429,461,199.175621337148,622.564719271327,816.143541446297,1996.87551439994,38.8084109024691,8059.10997633459,,21612.4904053926
ATM,MED12,461.953857197062,379.455683043446,0.001,0.001,0.728728719926321,0.758277132801988,0.552603294266676,1.42135506229829e-06,0.570303698792248,2.49227747480569e-06,457.220745010105,372.914615771767,31,16,0,883,930,317.824574381029,644.216071444856,222.572342004644,596.954877925185,,2848.08645466907,,2636.49149905805
ATM,NF1,462.450028261347,340.998669288186,0.001,1188.32403111889,0.946307944231318,0.883976201480342,0.838616656473508,1.07045818930682,0.642637100848142,1.66572734112931,457.220745000343,355.116014618124,30,17,1,882,930,318.163454978846,644.903207439828,203.497799236982,529.752949996317,,4268.88237038494,67.4212555073607,5344.45932284864
ATM,NRAS,463.958296828665,4585.230814688,0.001,10599.613406256,0.987991605039788,0.985008006415568,0.979901210385341,1.05581977928303,0.931164470246731,1.13387034516391,457.220745006502,4680.45591349382,30,27,1,872,930,319.201223626999,647.006426462987,3065.88166169303,6538.97139446529,,3457.02628609793,601.470764476107,47645.4649884305
ATM,PBRM1,467.370344767668,808.637413395216,0.001,0.001,0.509610636354231,0.549325172913435,0.279995570914716,2.10650035597365e-06,1.18184298499389,1.78238597065798e-06,457.220745008544,793.894769805855,31,33,0,866,930,321.544552993542,651.774469433145,563.155531581262,1116.83760943845,,1325.89530547443,,2591.68581103051
ATM,PEG3,421.140238135208,176.025881497491,2802.74311724607,0.001,0.771421328225709,0.93805431452827,0.583313432333922,1.43520487202592,0.480944460485286,2.98413848155723,442.027044761666,173.098906702258,17,12,1,526,556,251.322393171605,654.262766896595,96.8307891347913,289.794468752112,157.623675560388,13077.1164370085,,2527.96529125392
ATM,PIK3CA,456.273906602712,996.591380469152,497.007329484525,1679.26045099228,0.908861306835919,0.992934608386299,0.910164101808695,2.07271697459624,1.52748555062093,1.35694702562239,457.220745002325,1008.20815977423,29,41,2,858,930,311.1006014355,640.341787071861,722.650585318207,1332.03470584772,,3079.37256079776,,7564.8036624312
ATM,PLEC,449.269170524191,245.905975283834,0.001,2754.41965822547,0.901107102718684,0.50811443949488,0.173987190999329,2.28562764152074,0.507615725530683,4.50267303900257,442.027044762041,282.79039564339,16,12,2,526,556,272.358679384508,689.983880072629,131.674965227339,412.452294095151,,5306.16790085779,448.420651827441,9020.99942716111
ATM,POLE,458.832639909238,287.362321655251,262.729491870741,1008.88793520971,0.999426602454872,0.982226571615986,0.822145591675436,1.0248813499915,0.526226248888998,1.94760590554974,457.220745016738,299.668378360957,30,14,1,885,930,315.090136101806,640.66606955538,161.938820183376,465.053712934675,,6465.2645877896,,5098.10374898645
ATM,PREX2,361.828248692588,180.500423326738,4019.18594880794,0.001,0.862005673154852,0.978743055486048,0.182526569785354,2.17280662946294,0.467409766922461,4.64861195299625,394.585369831849,177.911895583071,20,13,2,727,762,225.515863474462,544.380587757529,103.868323398061,287.86909380188,654.251203753578,13169.1004899894,,3317.37582780594
ATM,PTPRT,460.411771837403,107.295083545043,0.001,0.001,0.807664982532297,0.815559788346909,0.658711163960832,2.57564139079063e-06,0.433534753276148,5.94102634523979e-06,457.220745015712,105.480497371386,31,12,0,887,930,316.763246218245,642.055693170436,57.4549093639953,179.955482446643,,4231.71345074096,,1012.89952023188
ATM,RASA1,462.940530372118,384.021698528004,0.000999999999997669,0.001,0.682868445456721,0.714296779421751,0.487802001262549,1.71008876370757e-06,0.688705608301901,2.483047535977e-06,457.220744995851,377.226423275456,31,19,0,880,930,318.498135320373,645.584193726792,236.192362602514,583.515502973668,,2352.99105058267,,2195.60576736809
ATM,ROBO2,445.483790636761,200.262935732408,0.001,1498.01576877203,0.99255059061919,1,0.580619218146443,1.09467548060899,0.335617342583464,3.26167733819285,442.027044761666,221.607065544862,17,8,1,530,556,270.069566342418,684.151844121641,91.5147301362334,372.792209710879,,11060.2506993585,84.461825101299,6911.1971419396
ATM,ROS1,459.892668414221,203.056428546868,0.001,0.001,0.836287518055638,0.819218245366324,0.685111738250652,1.4130973358254e-06,0.385288060171544,3.66763853309195e-06,457.220744997835,199.397233907562,31,11,0,888,930,316.406399539975,641.330763643638,105.437321260029,347.773579104411,,5082.74153160962,,1959.7738733761
ATM,RYR1,389.741930006038,314.310736415225,1940.94571537204,0.001,0.962192818107298,0.981275532376629,0.738243247864974,1.10552227448691,0.486759368736704,2.27118848756027,413.356605521857,309.416932402594,13,13,1,434,461,214.390657402395,641.653472728556,177.059052127429,508.930403815699,109.049476879774,9091.27293025537,,4857.14414040812
ATM,SACS,450.879128982239,206.750035446903,0.001,671.872209638053,0.962328967989351,0.928564867309199,0.879206357473841,1.06565842599145,0.690429538700133,1.54347165968269,442.027044762421,214.598021906424,17,18,1,520,556,273.325095181774,692.428772782936,125.336310646365,317.527336272968,,4186.82272269802,37.9200844092902,3084.5834208398
ATM,SF3B1,463.332686623555,793.826616629519,0.001,0.001,0.665163158324397,0.664387266166673,0.441956372358097,1.47815396123402e-06,0.828658157425851,1.78379220428575e-06,457.220745010572,779.739661395897,31,23,0,876,930,318.770833637578,646.13386951217,511.996945237227,1163.90976713009,,2193.06052792222,,3729.87384741484
ATM,SMAD4,463.969531377012,642.534166299528,0.001,3139.70343460802,0.976181514644456,0.909265318008315,0.558620371070946,2.03760055801561,0.907367739897564,2.24561714993927,457.220745012015,684.617138412559,29,24,2,875,930,319.208766138018,647.024968661163,418.537061291884,934.994916862519,,4113.35109345042,516.955941678518,9949.33085549562
ATM,SPHKAP,419.037512073053,251.001353802043,6453.05514891376,0.001,0.572790921869812,0.936115269995146,0.305501576514422,1.52682606561013,0.244867855722159,6.23530622713729,442.027044762954,246.216275405347,17,6,1,532,556,250.06610909798,650.984418969013,107.845791553832,485.43816606595,356.754583593625,32724.6340317923,,5413.76005417706
ATM,SPTA1,447.764349243397,149.569052272453,0.001,0.001,0.79464452031037,0.810986251223692,0.644470622877159,1.99718238424497e-06,0.429442487399559,4.65063994095853e-06,442.027044763036,146.960144956432,18,12,0,526,556,271.449725874548,687.662262888244,80.0903306834957,250.864898901198,,3822.56470364573,,1385.41153143812
ATM,SYNE1,459.252293976296,234.017258492816,0.001,1431.69084701813,0.91017426511047,0.60727367339927,0.27112302313893,3.17243466371338,1.22954385081705,2.58017203827684,442.027044763337,252.97997433925,15,31,3,507,556,278.405249639809,705.355208355048,160.983435734926,326.389294128887,,2850.68262158248,345.039605479664,3998.71275661444
ATM,SYNE2,357.090551115135,1002.13109418055,7173.99027925437,0.001,0.579946184326321,0.958356860656949,0.0706974220667959,2.92782939879532,0.409679766457488,7.14662924193777,413.356605520966,989.451682123191,12,10,2,437,461,191.213526902504,598.92374405989,536.620714884341,1680.80847333002,1151.21471703584,24595.6053483433,,23494.5438513284
ATM,TENM1,448.896378669902,325.787602057594,0.001,0.001,0.759927115826257,0.737831585104078,0.560737007874243,1.63629395768649e-06,0.588456697376716,2.78065313043582e-06,442.027044761783,319.592763286636,18,16,0,522,556,272.136345851806,689.402929010184,191.080120477814,512.532898526507,,3177.62577323865,,2083.951394245
ATM,TP53,381.665600006665,655.937437282832,1407.05254658042,0.001,0.791262720322858,0.900530691900698,0.425720869184945,7.37457567943083,4.73577489834719,1.55720570291561,457.220745014803,646.062753209565,24,132,7,767,930,248.59762432357,555.426206528327,552.736623258123,771.283149320761,601.480461882574,2744.72449621894,,1813.30493387417
ATM,TTN,419.850142102867,626.324849064471,0.001,0.001,0.805617433879103,0.822240568539572,0.662441612819346,1.04218753537713e-06,0.50049618283103,2.08230865914311e-06,413.356605521051,617.519532485675,14,14,0,433,461,236.516319668355,679.785979628522,352.827109266464,1014.10861540131,,3804.82375581862,,6300.91495937377
ATM,XIRP2,423.756530500208,311.122371003005,1656.3273346204,0.001,0.83116216029973,0.920540733001888,0.779343239208887,1.19549837903549,0.649482024162633,1.84069509941684,442.027044762027,305.528421758235,17,18,1,520,556,252.878684499361,658.327575293846,191.350566820309,472.750636700487,93.5645787195794,7581.59941244871,,2876.3021057536
ATM,ZFHX3,397.002012183263,256.215603761227,0.001,1132.69757350235,0.973263864440712,0.924154547126506,0.775229184527984,1.03192130639694,0.497489861941011,2.07425595040427,392.546624069813,269.268228813101,22,15,1,763,801,256.055098105609,582.086969042584,147.436446993266,408.627317708262,,5135.95984686114,64.0913937785981,5149.43212504125
ATM,ZNF521,422.179113463331,257.750206930696,2112.32879855615,0.001,0.948758602955894,0.994715237778403,0.735843589645934,1.17653772743603,0.511460054473896,2.30035115576376,442.027044762963,253.642162904507,17,13,1,525,556,251.938455730053,655.870016078492,145.200947944348,417.314971172505,118.916258000031,9811.51363349568,,3891.2700699601
ATM,ZNF536,418.16661108306,172.848800233969,0.001,1189.60348873606,0.985238578166016,0.957293503653699,0.606993656693869,1.14806864705465,0.377760885691325,3.03914113541325,413.356605520502,187.437863803781,13,10,1,437,461,235.569776074145,677.053357685691,86.6076553956,303.180366373192,,8796.3490988316,66.8744297214797,5558.82695610476
BAP1,BRAF,605.033185585082,1821.88581951185,0.001,1971.42563193799,0.973179103454204,0.998214066653851,0.768518652137903,1.0228566930607,1.85487512101099,0.5514423485842,592.996955517497,1825.88653424357,47,34,1,848,930,449.58559311287,792.748326116865,1276.06283877663,2504.92240869525,,2120.85016347901,112.121727508731,8788.80964677412
BAP1,BRCA2,599.330270752692,512.221005428555,0.001,0.001,0.604758122890516,0.633804490510453,0.383333460268389,1.71203689178223e-06,0.899615522556898,1.90307620183816e-06,592.996955518772,498.591654521626,48,17,0,865,930,445.357895822738,785.275896785282,305.677839214051,795.754465361967,,2311.50165909556,,2139.56137040412
BAP1,CDH8,543.69821649861,140.058898977124,0.001,0.001,0.759377288483571,0.717059416777757,0.54455624464332,2.9680479759508e-06,0.626669215082271,4.73622750969368e-06,537.881835140345,136.205026391599,26,12,0,518,556,360.566195489996,780.330757825551,74.996583884342,234.919849347032,,3872.11460304368,,808.607168769462
BAP1,CSMD3,464.04842208188,401.131693091377,3524.16883140619,627.153260499941,0.850470473772626,0.998488718260412,0.0341011054647425,5.27671517393148,1.45918409726355,3.61620934865386,537.881835141884,405.633710663321,21,25,5,505,556,293.251681325336,690.567292406141,270.586017696223,567.150291306597,792.860071158801,8764.18732062688,,4322.36099868127
BAP1,CTNNA2,523.618996595774,127.505306763598,1753.0158151058,910.9762534604,0.984356377239143,0.908294490367419,0.091818352867206,3.06782295707149,0.723815339311876,4.23840555795355,537.881835140065,145.710266784031,23,11,3,519,556,341.823316229876,759.410977531336,66.7157393357618,216.493867262762,,10371.2268566906,,3121.65747880064
BAP1,CUBN,531.237099589018,310.390291576164,991.602806877348,261.368016782362,0.993343637912228,0.999768143895261,0.958843059077278,1.02160238055137,0.769135605988627,1.3282474151463,537.881835144166,309.101661703095,25,14,1,516,556,349.504304089674,766.955308263326,176.423076565095,498.618850386052,,6109.9884324866,,3037.30868498587
BAP1,DMXL1,519.261624761077,425.401406206293,4998.40692279652,0.001,0.960409542180267,0.98973941205423,0.474574967550729,1.00721965485531,0.245048194635246,4.11029208501027,537.881835141955,414.980552592199,25,4,1,526,556,341.381918057665,750.272559270151,152.544398969475,914.317981743296,273.88155547976,26737.290070498,,11269.9733396534
BAP1,DMXL2,542.02972915686,284.829427992893,0.001,3817.69674258405,0.97072344030044,0.685783441227264,0.153237565618567,2.02422704139245,0.412063388887144,4.91241662322698,537.881835140864,370.962872291365,24,6,2,524,556,359.460615871118,777.933511189761,113.204559386108,577.200115921648,,10622.0949049357,625.767832371193,12248.6605750813
BAP1,DNAH5,509.275862217124,296.023916751598,0.001,2974.40710782144,0.978709290213888,0.647033870609156,0.114228526798587,2.94105867682136,0.783903512639013,3.75181209090425,499.076575887857,356.945734722636,17,13,3,428,461,317.400307018558,766.277431080344,162.824791327008,487.415934771174,,5673.37830138181,718.074049602628,8261.96361844549
BAP1,EPHA2,546.759961044923,933.623615956871,0.001,0.001,0.657230932617778,0.62730040535989,0.412335629798722,1.34287481482615e-06,0.874869476359604,1.53494304134823e-06,537.88183514191,909.547055361196,26,18,0,512,556,362.593864817668,784.732143638851,565.98824120475,1433.85477641499,,2517.82192089922,,3833.38883060903
BAP1,ERBB2,596.925364130967,430.323393210307,0.001,1534.76979013776,0.967812121398018,0.936652811954817,0.858361554325214,0.990185590824593,0.592088270282315,1.67236143751414,592.996955501055,460.470638182563,47,10,1,872,930,443.572424990717,782.119241121993,215.620767045115,754.780954441014,,6439.55857221252,87.2662340307402,6845.4651974792
BAP1,ERBB3,583.115829782513,860.706286766256,0.001,2695.14039279984,0.94522011663463,0.906721947114996,0.877412447312537,1.01011838463259,0.677892991047443,1.49008530545773,577.867062982166,908.259667890735,41,12,1,781,835,424.069943973631,777.746275800483,460.869922951714,1443.53112615349,,5091.44204610768,153.183803628242,12040.9822700884
BAP1,ERBB4,584.876211032912,155.734381506148,1661.10914659004,0.001,0.945666796978123,0.971780275156323,0.920733035156713,1.1262898784604,0.815571586757355,1.38098224208428,592.996955522169,151.584124952424,47,14,1,868,930,433.178985334118,768.406266441115,89.6054138889942,248.341704153702,93.6053135954546,7663.35617763764,,1272.31869282002
BAP1,FAT2,522.436098362917,208.559647836293,2032.33045611354,0.001,0.957821248641298,0.980278950184444,0.830717965226894,1.03201368299287,0.562607025905703,1.83434197490069,537.881835139711,203.194461859049,25,10,1,520,556,343.46501935432,754.867434969314,108.290933779881,357.218481181906,114.066778221615,9565.7319461409,,2420.28281984225
BAP1,FBN2,524.038762530313,225.654376764063,1564.18928799041,0.001,0.912896603634828,0.947781473847973,0.889043956761775,1.12603594558904,0.783533338908727,1.43712576054177,537.881835139878,219.685813027841,25,14,1,516,556,344.517422152135,757.186350052479,129.845883874727,359.903729034591,88.1896268872175,7217.21557060476,,1838.42262290133
BAP1,FBXW7,598.272630917622,589.762228564819,0.001,0.001,0.65765359079978,0.676601165669504,0.445002694140631,1.34935873482038e-06,0.762837036096142,1.76886893395448e-06,592.996955511231,573.446403764114,48,14,0,868,930,444.573099409679,783.887593271381,332.240394949519,954.869088610415,,2782.84263269322,,2876.67299699719
BAP1,FGFR2,550.363865638342,831.811193648431,3830.85380787683,0.001,0.879942879728062,0.973071701398574,0.137230056346927,4.12235656999404,1.37949125281268,2.98831657075668,592.996955486722,810.870493144009,44,22,4,860,930,403.340371906165,729.432778380271,551.638331768563,1193.7910365804,1163.08046297968,9311.42016851505,,6238.75496623598
BAP1,GLI3,546.864950266326,155.378083852015,0.001,0.001,0.654257002332327,0.633308368517234,0.414412676539995,3.83108042332873e-06,0.87339009897103,4.38644819519051e-06,537.881835136488,151.214104226015,26,17,0,513,556,362.662128655566,784.888073227011,92.7202870091609,241.401618853086,,2497.78899498948,,652.0442317912
BAP1,GNAS,598.176063858045,391.937389728281,0.001,968.287327834848,0.995172277286875,0.993742811164475,0.979433459618321,0.983609854647271,0.824424860512394,1.19308611586014,592.996955518943,408.168855164788,47,14,1,868,930,444.501354498844,783.759364574139,220.796342095059,634.575503308533,,4930.16551805507,55.0423298291819,4322.96298537934
BAP1,HMCN1,491.704362955428,245.242347791845,1873.75264098956,0.001,0.890763545396624,0.978285132822081,0.629337366755539,3.2015415320075,1.86586326307076,1.71585002790534,537.881835137734,239.559836497695,23,34,3,496,556,317.118980351364,720.988312104816,174.443363216046,333.032951505338,460.525315816245,4988.47961186072,,1281.2074746037
BAP1,HYDIN,486.395553613689,283.679625414549,1447.65936661079,1458.20254882565,0.978633399512004,0.916385982284024,0.292475189786435,2.08169842186834,0.600816373035559,3.46478311060464,499.076575887657,309.630998021716,18,10,2,431,461,297.807137858135,740.320745505682,143.279068727003,493.123679874191,,9450.3331301806,,6427.31505711859
BAP1,IDH2,602.404651271626,5351.97001548566,0.001,15100.9065287367,0.974803127100419,0.95712408999249,0.890794878936912,2.02234472697553,1.4976864203404,1.35031252170657,592.996955520484,5593.90768076023,46,28,2,854,930,447.642080042275,789.309467973007,3606.29651894077,7586.59846348879,,3244.2260565281,2495.83218037724,47367.565758937
BAP1,KMT2C,598.627126936616,231.977196433086,0.001,2215.25927310027,0.98808860598985,0.961243930683653,0.0653138580413376,4.0491828022999,1.07438311706593,3.76884440753122,592.996955496943,282.750745036272,44,16,4,866,930,444.82290590401,784.327177796657,136.075470745829,364.964874600074,,6563.70873377053,680.352177642713,5261.26509654289
BAP1,KRAS,642.680709942184,8659.19307640993,0.001,2367.34647804669,0.218508034404963,0.270180673680076,0.0125678665452973,0.985731746115661,6.40020855511282,0.154015566465909,592.99695551998,8476.28103812002,47,124,1,758,930,477.522470071206,842.178178790597,7221.66214275161,10276.4030581692,,540.324565298038,134.62687038552,10549.5159061117
BAP1,LAMA1,502.56657324632,172.604094757474,3260.69022477245,0.001,0.858946739672934,0.978435071154311,0.398448828757026,2.17342920069093,0.768967506448149,2.82642528125795,537.881835138463,168.424999366976,24,13,2,517,556,327.355787933256,731.34240062736,99.3204977640293,275.287829110012,529.405679711763,10766.2752991428,,1864.15787146776
BAP1,LAMA2,545.709708698664,323.907978780696,0.001,0.001,0.690702592832115,0.650377894691774,0.449266922365333,2.11744676155683e-06,0.81304707835279,2.60433475248041e-06,537.881835138092,315.248248690096,26,16,0,514,556,361.898287127522,783.222732842187,189.978734340606,509.57250491222,,2861.71266620409,,1443.38907544049
BAP1,LRP1B,513.614226297659,182.546767519552,1225.52387533565,0.001,0.982022191356987,0.989122204957048,0.967635688313776,2.0497448146071,1.78830882381443,1.14619174681196,537.881835137567,178.116261967617,24,34,2,496,556,334.539559716317,747.449820288855,129.206800924423,248.881017413747,202.056457222754,3869.00980491254,,844.78840083944
BAP1,LRP2,505.912439810599,328.879876024423,2156.97164083224,0.001,0.956137518095857,0.993897705173784,0.659431128311722,2.07715853393002,1.06837788197363,1.94421708739688,537.881835143967,320.968138532935,24,19,2,511,556,329.528711847822,736.215558909538,207.501027881127,490.3225788333,353.016348379665,6952.96087463721,,2613.48700863963
BAP1,LRRIQ1,521.558054687309,356.057035636409,2399.7590886647,0.001,0.866946072760289,0.956311248260423,0.742648032867086,1.17992943365364,0.551509607374568,2.139453996587,537.881835141422,347.180737424299,25,10,1,520,556,342.888080358558,753.593583562732,184.878231083021,609.84393239839,134.273353616413,11449.9741280795,,4118.6063427165
BAP1,MACF1,459.507082344668,1355.87251034098,2189.17825685333,0.001,0.847699996394393,0.934159547062982,0.565455138507645,2.03617726304667,0.957998543431948,2.12544922641765,499.076575886272,1322.4367152525,18,18,2,423,461,278.556254682116,705.719751125982,844.97509029101,2040.26312424787,357.939296593188,7081.35835638023,,10551.0409197395
BAP1,MED12,599.058307109047,383.979791454281,0.001,0.001,0.618217949855208,0.628292183216801,0.388464596248519,1.95269571697529e-06,0.86739513349396,2.25121820675847e-06,592.996955512444,372.914615762127,48,16,0,866,930,445.15564312019,784.918911840175,225.216211381718,604.061495888882,,2420.43083843598,,1572.72951569379
BAP1,NF1,598.735200534733,303.574333221759,0.001,2281.1485244384,0.973257533363364,0.808284756368551,0.202004183864198,3.05490637957096,0.975121028241372,3.13284842711317,592.996955511151,355.11601462862,45,15,3,867,930,444.868334892516,784.407640815468,174.704845662661,484.199864278311,,5860.47189499429,562.183329013939,6034.25320429228
BAP1,NRAS,601.761351930602,4456.06028995932,0.001,13444.5102952601,0.979172343707604,0.959128572331787,0.861505604392999,2.07692030803613,1.44897339690574,1.43337366474178,592.996955492976,4680.45591221757,46,26,2,856,930,447.162816801807,788.461955420092,2955.18639940031,6395.33594396447,,3477.59854980643,2221.40586012267,42201.5503682905
BAP1,PBRM1,604.694920975974,740.82462191252,0.001,2738.71426014172,0.926021022507102,0.818522261574385,0.614583112144578,3.05042034654099,1.7917128907075,1.70251626940991,592.996955508322,793.894769799243,45,30,3,852,930,449.338272299912,792.314188578463,506.335969755145,1038.51767946542,,2871.74874501735,674.886500783424,7246.82206959352
BAP1,PEG3,522.323474459977,177.754393159713,2080.37235893134,0.001,0.826254696987806,0.920415429393733,0.770221065039844,1.25108834778508,0.666900266567759,1.87597518025278,537.881835138124,173.098906702319,25,12,1,518,556,343.392185559669,754.702083874966,97.7801299923835,292.645318416382,117.05702227527,9682.80807229234,,1625.44978446175
BAP1,PIK3CA,563.7783996942,995.350066661132,1834.10846164758,1493.60690892292,1,1,0.258685147075381,5.01859925650469,2.31544868663886,2.16744136264569,592.996955513512,1008.20815975971,43,38,5,844,930,412.305946188858,748.157013880382,718.256031592555,1334.54018072758,123.646077763609,5025.89768175611,,6857.87956388133
BAP1,PLEC,545.684002155497,248.621737816678,0.001,1568.83402247527,0.968307307941277,0.848843024806929,0.424213025085905,1.92207148676695,0.714615070204448,2.68965988391073,537.881835137882,282.79039564339,24,12,2,518,556,361.879387543884,783.190114358028,133.127425706321,417.014783865054,,5805.79157696879,257.42002661145,5019.53972547376
BAP1,POLE,598.13468106825,287.443534748699,0.001,741.10426828776,0.978715475298518,0.972128219185035,0.956505977752327,0.999116918748168,0.802744845881591,1.24462576605013,592.99695551105,299.668378353131,47,14,1,868,930,444.472063349397,783.708095540891,161.9308539145,465.388483017492,,4931.11940146891,42.1422141504985,3304.43771635147
BAP1,PREX2,610.224241522851,182.956244331547,0.001,0.001,0.673058061893291,0.65878500284748,0.44343401777924,3.10147895346124e-06,0.82922644728685,3.74020747120281e-06,604.123599715444,177.911895581499,40,15,0,707,762,440.103700889886,819.400153528418,105.280195148219,291.788781544645,,2997.02301331091,,835.854063816647
BAP1,PTPRT,591.030980661215,103.658491449493,876.907986450998,170.058519504058,0.997741585122224,1,0.917739807576027,0.99822481807506,0.65606592211567,1.52153127365007,592.996955488825,105.48049737167,47,11,1,871,930,438.115508204396,775.852051790858,54.1296907193422,176.516688381708,,7628.27744510793,,1273.93559985529
BAP1,RASA1,598.459761444505,347.840253323872,71.9773462976815,1437.61933511289,0.996126201251848,0.959234139252661,0.664785315865495,2.02481346730892,1.04168615811909,1.94378455691971,592.996955516439,377.226423281261,46,17,2,865,930,444.523501894361,784.356304173148,207.578923385459,540.363823916381,,5015.26361066626,202.59019575182,4608.2796904921
BAP1,ROBO2,499.878313893366,227.322468788707,5710.02000146732,0.001,0.825973634415807,0.974266589376438,0.177334583352659,2.12288735474487,0.465104615698288,4.56432226878174,537.881835139642,221.607065544809,24,7,2,523,556,325.608113846411,727.42624002161,109.227174378661,409.816051607917,910.64389798317,20037.9383174205,,3875.52846593713
BAP1,ROS1,583.814377321329,204.858496578097,2224.3489418856,0.001,0.949488559372877,0.98014455251891,0.834225348304756,1.06672900016703,0.587095206972189,1.81696083956884,592.996955484197,199.397233907411,47,10,1,872,930,432.400513314195,767.023560080596,106.373676333319,350.864897011588,124.814057559774,10479.1029411732,,2275.89754425426
BAP1,RYR1,455.473164353693,316.763148666306,3416.79033398858,0.001,0.81118120155305,0.971382858505718,0.330841030732208,2.12430466604582,0.670113254945562,3.17006811963209,499.076575885576,309.416932403175,18,12,2,429,461,276.119063138111,699.514488553496,178.437733037635,512.90188566188,553.081609714366,11391.7691053248,,3752.48456550302
BAP1,SACS,539.239436374388,200.991801003813,469.252518151411,773.389440381457,0.999825417747388,0.928071327866326,0.586154409552623,2.07019556819677,0.961988733343257,2.15199564864143,537.881835136661,214.598021905498,24,17,2,513,556,355.188128471091,777.295603536723,120.057399597721,311.900339584615,,5319.33079727246,,2837.01413855139
BAP1,SF3B1,594.402666167459,784.501219033625,486.619485815088,611.092319197772,1,0.999684314769991,0.973727290972065,1.01056025765897,1.25114708634491,0.807706998392338,592.996955511303,779.739661411046,47,22,1,860,930,440.555901407434,780.38058798347,501.869488531837,1156.74659584374,,3802.48371731508,,4894.12711413779
BAP1,SMAD4,602.076198726061,676.470197833871,0.001,977.627178956612,0.974833143985171,0.989419367382419,0.915510528406253,0.999773633402525,1.3794887761565,0.724742129608383,592.99695552127,684.617138430177,47,25,1,857,930,447.396177837239,788.878852602871,444.738337402404,977.412365960964,,2798.45698910203,55.5900525794505,4359.52269697314
BAP1,SPHKAP,519.478954132755,252.31892130402,4516.24662732821,0.001,0.773749539394975,0.955730566419466,0.491286972803115,1.29827550381209,0.344988066259491,3.76324757516557,537.88183514311,246.216275404932,25,6,1,524,556,341.524312913232,750.584187213709,108.414944160347,487.990798816724,250.029062068057,22720.580591957,,4585.79137576048
BAP1,SPTA1,536.841259179223,142.265061073449,634.274451722504,333.541163918053,0.99982543023993,0.990948195256266,0.878764253835879,1.01879973921573,0.602210146192297,1.69176780839293,537.881835140959,146.960144956677,25,11,1,519,556,354.181598822681,773.170133100908,74.0731198541971,242.900710772874,,7142.09429092507,,2068.60524643485
BAP1,SYNE1,558.225521054999,244.0641137784,0.001,590.403132575696,0.927256160386495,0.904084701503042,0.900490372409478,1.99468117863952,1.71347214663005,1.16411648859453,537.881835143276,252.979974340366,24,32,2,498,556,370.181841599202,801.232335237121,168.944224880316,338.73394612676,,2298.78311346533,96.9059925578278,1887.17283455679
BAP1,SYNE2,427.677158620705,1011.33702408188,8447.35154768851,0.001,0.401050896116263,0.924169062328056,0.0206165108838614,3.7601331643197,0.561603463461004,6.6953525199917,499.076575886717,989.451682123725,17,9,3,432,461,255.217844278489,664.4238346432,541.543287269502,1696.29376456884,2000.97196176661,24825.8591489658,,14700.5522011494
BAP1,TENM1,481.886146915831,327.056765227105,4608.83555951641,0.001,0.893446592883231,0.996587017456684,0.120039788558544,3.13132211434188,0.818999048854752,3.82335256520818,537.881835137238,319.592763286105,23,13,3,517,556,310.795364436121,706.562475133744,191.826416986707,514.528243385256,1111.58636995895,12864.3738431716,,4049.35984616119
BAP1,TP53,602.103076160683,665.010554915626,484.891507897482,0.001,0.932698156352179,0.763330059140755,0.150495634468578,3.12452432081314,7.27678066674602,0.429382781192214,592.996955492281,646.062753217567,45,136,3,746,930,442.767816761026,795.57981482983,560.356317655706,781.974736751536,120.236447488752,1264.39254568811,,767.651687961928
BAP1,TTN,507.036128894774,633.886605937486,0.001,0.001,0.732168502903062,0.696060983529223,0.509692033376441,1.27839409201701e-06,0.679126250714019,1.88241006833844e-06,499.076575886924,617.519532481224,20,14,0,427,461,316.007679337218,762.897241758642,357.07740401185,1026.39159064989,,3171.18194602918,,3377.0613712405
BAP1,XIRP2,525.291337933393,312.954985384221,1333.79826341235,0.001,0.933953071748821,0.950297560853042,0.928996135867475,1.13618206512168,0.920306400009744,1.23456934028672,537.881835138124,305.528421758573,25,18,1,512,556,345.340393816388,758.999333101114,192.479984333551,475.539791162315,75.3893174436788,6090.20954456153,,2247.64904313659
BAP1,ZFHX3,579.719340471765,241.879555681061,0.001,1275.78879982299,0.985542767618638,0.931996797457554,0.529882391926874,1.98190663925165,0.848526162076066,2.33570481127249,573.749763788848,269.268228807709,38,14,2,747,801,418.103799498228,778.436950791487,136.261409045648,391.626415113563,,5726.83025446449,210.428036923025,4022.99988737823
BAP1,ZNF521,523.309980072989,260.167493308664,1742.56516774189,0.001,0.918567274599704,0.959153940223923,0.866059754292358,1.12958250048936,0.710836968242287,1.58908800604802,537.881835139838,253.642162906311,25,13,1,517,556,344.03933410471,756.130282396479,146.56228789238,421.241194273347,98.1838415013709,8063.02535360196,,2402.22705052177
BAP1,ZNF536,454.05245056013,191.71785518097,4391.79325018276,0.001,0.908291033896745,0.983307744943727,0.233824369606725,2.0560405615112,0.52162196760109,3.9416295501641,499.076575886713,187.437863803679,18,9,2,432,461,275.2628973254,697.338481025674,99.5459850817712,328.368059318141,706.659467291621,14950.2265354788,,3079.49653926376
BRAF,BRCA2,1843.31697109048,478.502170338325,0.001,1509.28750319881,0.991069974555368,0.983649896728334,0.914847630329975,0.996394823263667,0.658391664786953,1.5133770315669,1825.88653428978,498.591654521503,34,16,1,879,930,1298.08905511326,2523.30870631254,280.662275633134,752.745675002061,,18956.9736514096,85.7212757883288,6760.70600882917
BRAF,CDH8,968.462856229586,137.813496225157,31324.4385064979,0.001,0.522838913271928,0.975994035197539,0.00630328835840934,3.40889637844104,0.329683509904224,10.3399056247349,1223.23764648425,136.205026391392,11,9,3,533,556,502.88049394943,1658.71094732504,73.7955041781955,231.142832170025,7449.86584930864,91061.9587901179,,4048.88909954672
BRAF,CSMD3,1164.86105244391,411.040431951675,3483.32234701367,0.001,0.913056201644201,0.947493871272096,0.891281122961359,1.12114976682358,0.786271650172386,1.42590638563374,1223.23764648126,405.633710661107,13,29,1,513,556,640.775634876045,1917.74598258142,280.927970600644,576.226705001652,197.625051247337,15668.841897251,,3418.99358777106
BRAF,CTNNA2,1150.97543023611,147.783525629652,6557.28965751031,0.001,0.934635585649264,0.984277223454924,0.679161788366359,0.998370590940565,0.382537719257595,2.60986182716345,1223.2376464836,145.710266783913,13,13,1,529,556,633.143594146513,1894.86527131119,83.2512663595344,239.280469621853,369.2471342932,30417.4181441764,,2486.52181046426
BRAF,CUBN,1150.21867138819,313.298383031039,6896.46205233646,0.001,0.878249813931827,0.972225626712351,0.648202161654438,1.11626684856818,0.407923034486536,2.7364643675326,1223.23764647468,309.101661700504,13,14,1,528,556,632.725809388357,1893.60239283618,180.281089730149,499.677109401608,388.824728218743,31821.8240700053,,5035.94068829676
BRAF,DMXL1,1228.41292340224,420.688572466023,0.001,0.001,0.943025017698173,0.934120559838267,0.880901413199192,2.14099594049704e-07,0.130977024424768,1.63463473834437e-06,1223.23764647199,414.980552594822,14,5,0,537,556,692.028688025482,1988.86261935286,150.857834678689,904.19291627981,,43143.6980513978,,12050.2244309712
BRAF,DMXL2,1234.24589241946,376.589758232455,0.001,0.001,0.882935766561227,0.887247977839548,0.78339413959798,3.9185119131359e-07,0.21899269634474,1.78933452053001e-06,1223.23764646172,370.962872295835,14,8,0,534,556,695.309965489818,1998.32559247025,172.08951626922,701.038601845029,,19744.7670183208,,6153.63998203041
BRAF,DNAH5,1078.81013804387,362.085515893819,0.001,0.001,0.809610235317628,0.798681126522495,0.646659727375241,7.45641057371162e-07,0.385067394895794,1.93639105064438e-06,1056.10644158,356.945734721094,10,16,0,435,461,540.544719487072,1892.26657136871,212.350426866543,569.707815945792,,9896.73561111482,,3181.32009305717
BRAF,EPHA2,1062.47056227842,920.524597654324,12826.4187515961,0.001,0.724162739582583,0.963842986251277,0.163393162721447,2.28733504905941,0.468954484468498,4.87752036671921,1223.23764648992,909.547055370477,12,16,2,526,556,568.930449224286,1781.99499691715,558.056179359518,1413.69416440427,2095.24359935843,41586.191750747,,16145.6598509062
BRAF,ERBB2,1837.77282674538,469.916955913015,0.001,0.001,0.798732754864794,0.800494496948918,0.639395212975883,5.92079883297673e-07,0.427593098109915,1.3846806366025e-06,1825.88653420611,460.470638187977,35,11,0,884,930,1294.18937700164,2515.71116720561,244.004529792984,804.826336122273,,16117.0599231944,,4049.01592092759
BRAF,ERBB3,1818.10920649069,854.707056182009,0.001,3635.13917082544,0.983692388775811,0.956609827436802,0.801516906486604,0.996543032022718,0.500322179795853,1.991802626918,1803.10920416199,908.259667824313,30,12,1,792,835,1250.84965339073,2535.41467066206,457.680471132103,1433.52494166237,,24130.3410825655,206.315495926075,16327.6842419062
BRAF,ERBB4,1839.98372621951,154.669746230611,0.001,0.001,0.766224983034368,0.740034908924101,0.567050755580314,2.14178340515693e-06,0.588453727065898,3.63968024441976e-06,1825.8865342247,151.584124952111,35,15,0,880,930,1295.7469224041,2518.73911358311,89.0039752752306,246.6723380912,,13486.7070267568,,984.813229653204
BRAF,FAT2,1234.63839927469,206.243293192246,0.001,0.001,0.881674683456557,0.850088754051142,0.749512609544552,8.69653620678111e-07,0.297288855564605,2.92528160541532e-06,1223.23764647616,203.19446185888,14,11,0,531,556,695.388840890541,1998.54115139039,107.084594180247,353.227178332152,,19320.0933919996,,2480.22160945189
BRAF,FBN2,1240.55696752812,223.104755065841,0.001,0.001,0.8226029884393,0.794653203743413,0.65370486566745,1.13534002560618e-06,0.412032876408829,2.75545979607624e-06,1223.23764646308,219.685813027919,14,15,0,527,556,698.864616253357,2008.55918890531,128.381454246562,355.827799907815,,12367.2054375075,,1896.72474100816
BRAF,FBXW7,1826.14682947452,511.254532868958,1826.4551142952,3745.04747238981,1,0.949284303137147,0.287591492389307,1.9932983884657,0.550994519538826,3.6176374134067,1825.88653426534,573.446403731722,33,12,2,883,930,1282.45795915186,2504.33740403023,273.927109047283,856.758315940383,,31799.0566576318,200.489102803179,12925.2648825867
BRAF,FGFR2,1797.99542042758,826.946986281422,3831.36474371833,0.001,0.969386372232849,0.970759501625035,0.969346289647758,1.05631347742464,1.00387404918077,1.05223705930706,1825.88653424354,810.870493160554,34,25,1,870,930,1259.32517474126,2471.98886078771,548.422723284743,1186.81812698786,217.196596842956,17288.7151490342,,5401.35848499996
BRAF,GLI3,1241.11589283261,153.599583955896,0.001,0.001,0.817591193397689,0.768287072445331,0.628171087660736,1.76690465914821e-06,0.46322023886963,3.81439434395156e-06,1223.23764644117,151.21410422638,14,17,0,525,556,699.177578074485,2009.4598788417,91.6606197971775,238.632856355609,,11982.7161161762,,1137.0143568571
BRAF,GNAS,1841.4313130915,416.881980973933,0.001,0.001,0.745673757950449,0.72958955439411,0.544057356367584,9.08449847892645e-07,0.593576682492285,1.53046754478003e-06,1825.88653426428,408.168855169694,35,15,0,880,930,1296.76070939357,2520.71608053035,239.891284283517,664.859918619488,,12225.5744551418,,2533.55300370272
BRAF,HMCN1,1081.99752596011,242.658155536693,5575.84828005431,0.001,0.772666029495982,0.930561191722441,0.518957719653092,2.21934954209373,0.983666968477249,2.25620012993764,1223.23764648559,239.559836497786,12,35,2,507,556,579.374656174615,1814.78904343129,172.607574599826,329.515371290025,919.468147296013,17594.9333833229,,1946.08757539632
BRAF,HYDIN,1072.97961949957,314.12429235509,0.001,0.001,0.854198837852876,0.84282006813481,0.719956615603446,6.28629667347256e-07,0.293002707334452,2.14547392092762e-06,1056.10644157093,309.630998020983,10,12,0,439,461,537.638883856719,1882.05902581611,168.198042389177,526.890244728845,,13312.3733387967,,3637.81398176084
BRAF,IDH2,1856.55524266967,5700.86487666779,0.001,0.001,0.561361660475881,0.569198051055013,0.319564650130042,4.09036516375687e-07,1.09285391499181,3.74282885172949e-07,1825.88653416417,5593.9076811406,35,30,0,865,930,1307.40486646451,2541.45234278403,3896.48110880246,7991.43020064655,,6170.74509523665,,19373.0836770654
BRAF,KMT2C,1793.03103080571,288.391195110076,4791.2627733423,0.001,0.984663717120393,0.990266882788171,0.956388146726694,1.02230866188353,0.783412475162287,1.30494304634574,1825.88653422206,282.750745037482,34,19,1,876,930,1255.86047768391,2465.1760291326,179.74034768321,433.884176315221,271.015472455357,21796.5673649303,,2459.51838465682
BRAF,KRAS,1971.57484831217,8510.95033609807,0.001,6822.43586371784,0.810921545277735,0.950706067766333,0.275278845979597,2.00079308927552,4.65072380331879,0.430211118503262,1825.88653420772,8476.28103492291,33,123,2,772,930,1388.30034151114,2699.14345635943,7092.77197794016,10107.0032268882,,2865.68925100483,1125.29110926072,21517.0205156118
BRAF,LAMA1,1061.02800520909,170.602399671186,14185.1792423444,0.001,0.745843187691699,0.970008831329311,0.140404264650693,2.16064222773558,0.405747701662453,5.3250880260883,1223.23764647834,168.424999366586,12,13,2,529,556,568.158587235082,1779.57943625596,98.1704183723075,272.091796026678,2304.74126894232,46750.3475837009,,3362.23820106382
BRAF,LAMA2,1240.65372415127,319.997858026373,0.001,0.001,0.821726081920332,0.788582593827544,0.64801872907982,8.76961798103315e-07,0.428590730864199,2.04615203958105e-06,1223.23764646276,315.248248691933,14,16,0,526,556,698.917898334546,2008.70866530215,187.688829320632,503.408050662955,,12283.5044188909,,2628.37531698168
BRAF,LRP1B,990.512850013227,180.1626165986,8618.64246978071,0.001,0.742048803708514,0.955497375711778,0.155510237133901,3.25033410702632,0.956210426732373,3.39918287456201,1223.23764648761,178.116261967299,11,33,3,509,556,514.310510391031,1696.49713192718,127.522740365101,245.622755659954,2118.15526315643,22950.1766916242,,1874.18544369031
BRAF,LRP2,1156.97811232347,325.328257020324,4723.62127337576,0.001,0.918619930569704,0.971067074194987,0.805552714311881,1.08689446013327,0.568894816039524,1.91053676266539,1223.23764648723,320.96813853518,13,20,1,522,556,636.441481694895,1904.74841396705,205.261554019702,485.01462125848,267.321204764953,21461.5552614355,,3807.30064157609
BRAF,LRRIQ1,1234.59441519491,352.169568302863,0.001,0.001,0.879557142240734,0.855543703156598,0.752511125336832,5.46856688887938e-07,0.290120625360864,1.88492868512101e-06,1223.23764646276,347.180737423976,14,11,0,531,556,695.507257667265,1998.88606921277,182.861795028563,603.172189252006,,19007.1148799046,,4407.10387452241
BRAF,MACF1,970.779480373795,1338.43805892911,5002.96838263235,0.001,0.862372283003804,0.697642479567892,0.707925055221864,1.08286995906803,0.462991593246575,2.33885447352242,1056.10644157307,1322.43671526286,9,19,1,432,461,466.456935964123,1750.1114785994,834.145757051203,2013.93584658767,282.905583870529,22804.0372661576,,18134.7824129812
BRAF,MED12,1842.78128443071,380.677117735215,0.001,0.001,0.726881123102598,0.720603347731602,0.5238189261357,1.02984928906013e-06,0.624440426834618,1.64923545113918e-06,1825.88653421043,372.914615760114,35,16,0,879,930,1297.71370806285,2522.57678868223,223.281088242785,598.859186386433,,11246.8318864477,,2226.16208814681
BRAF,NF1,1834.39375347866,345.737076303844,976.85251700534,824.345997855761,0.99979758014075,0.999350619323983,0.942552292307672,1.00187816918029,0.705788109776139,1.41951692767687,1825.88653430614,355.116014625049,34,17,1,878,930,1289.2795488653,2514.45173943704,206.412641465513,536.835610853188,,19301.2251351102,,4329.27913416307
BRAF,NRAS,1853.39206445732,4597.17723571183,0.001,9120.43012908219,0.990258994654698,0.990772288494018,0.990039240839043,1.03003637141146,1.05121537427505,0.979852841404465,1825.88653427216,4680.45591248437,34,27,1,868,930,1305.17988448135,2537.11737524282,3073.86368840503,6556.02348053051,,12025.0235359267,518.000021466059,40854.4546148659
BRAF,PBRM1,1862.12990850316,785.484552349557,0.001,1205.26832694155,0.975574483437921,0.987517701860713,0.936479134764146,0.993630975825754,1.2937012519172,0.76805288265219,1825.8865341755,793.894769763242,34,32,1,863,930,1311.30425081665,2549.06055224706,543.797377088454,1090.02596549416,,9116.84376298247,68.4480107779433,5402.78512813157
BRAF,PEG3,1146.37490019498,175.464358539738,9324.0337597778,0.001,0.770086405390174,0.956425196995458,0.516337989503314,1.2767045958837,0.3519368064539,3.62765295493734,1223.23764646829,173.09890670253,13,12,1,530,556,630.617317079371,1887.27103905781,96.522202861093,288.866822763854,524.696729208947,43374.2378121257,,3144.93770352261
BRAF,PIK3CA,1762.54857018412,1028.29781689848,4448.23857280061,0.001,0.928255805849519,0.967921655012687,0.929586422530797,2.06755108605574,1.69401129902093,1.22050607764582,1825.88653428466,1008.20815975979,33,41,2,854,930,1227.49619739394,2434.28439547326,750.731433405494,1367.0932563074,734.61529629338,13981.960360913,,4927.05925534214
BRAF,PLEC,1225.83086870398,269.783973999616,1049.75641951031,1177.26713870679,0.999760807559019,0.999207366757628,0.721867906116874,0.918531524763547,0.378705513868386,2.42545062357547,1223.23764647767,282.790395643574,13,13,1,529,556,684.914688187425,1993.49008111721,148.479208866545,443.870226612534,,22592.2968410719,,6284.84609671197
BRAF,POLE,1733.28128143092,305.499927177119,14759.1800551261,0.001,0.815977662036431,0.968611418186173,0.265469615957946,2.18629503789881,0.585383203282415,3.73480999393153,1825.88653421085,299.668378362316,33,13,2,882,930,1207.13433013975,2393.80924971041,175.798720150494,487.221917237145,2400.11147986205,48511.8823618665,,4118.85060567778
BRAF,PREX2,1870.96579881881,181.585177921579,6493.08034850033,0.001,0.985012136970859,0.99337759324176,0.881496160237262,1.02369659255676,0.615064653827954,1.66437233254361,1916.73711023803,177.911895581268,29,14,1,718,762,1269.95737394495,2637.02893964949,104.491881792205,289.599341234633,366.397202918872,29851.7087439357,,2000.05619416646
BRAF,PTPRT,1838.39022822625,107.671338802398,0.001,0.000999999999976353,0.789479164422861,0.782080073429391,0.617450255176022,2.42038474537049e-06,0.474579044567962,5.10006662340919e-06,1825.8865343297,105.480497370821,35,12,0,883,930,1294.62532511649,2516.556533386,57.6562670181951,180.586993680882,,15255.6916121477,,839.75804923626
BRAF,RASA1,1847.23586359285,385.118713471393,0.001,0.001,0.668548636795579,0.676568528826727,0.4523507100961,1.22580008796429e-06,0.748122165322202,1.63850256653787e-06,1825.88653422426,377.22642326587,35,19,0,876,930,1300.84522756816,2528.68077149713,236.866607830548,585.182902715393,,8883.18343253406,,1888.68644444109
BRAF,ROBO2,1233.34145652779,225.000208769242,0.001,0.001,0.891971927713979,0.872719136479913,0.77844947093686,6.65669389827159e-07,0.245349492848766,2.71314760873576e-06,1223.23764645906,221.607065544598,14,9,0,533,556,694.806026685173,1996.86431812338,108.112906778254,405.622987549852,,21392.2985497372,,3230.81439500423
BRAF,ROS1,1782.93232178038,203.213781071141,9645.84208157529,0.001,0.953527138365058,0.99434984350664,0.698705172284089,1.0721236009407,0.423636191131258,2.53076489541121,1825.88653428511,199.397233908219,34,10,1,885,930,1248.78496910495,2451.24944338486,105.519241345086,348.041978524513,541.345255549978,45387.4584540311,,3266.38458483889
BRAF,RYR1,963.623935132006,312.972566015631,7612.86219311962,0.001,0.834892821292388,0.53422358316096,0.542097511623335,1.14104698528802,0.328628273974266,3.47215098533297,1056.10644158064,309.416932402626,9,13,1,438,461,463.022114757447,1737.19029044374,176.306129798982,506.749081209782,428.560006261401,35359.5437829547,,6274.11023232389
BRAF,SACS,1066.36079651248,217.23396698473,10112.6419749471,0.001,0.934833751045886,0.994204774356736,0.245697148733856,2.01034901176269,0.513120794384172,3.91788645824699,1223.23764646085,214.598021905264,12,17,2,525,556,571.01207776771,1788.5391114873,133.606398888698,330.092934809094,1653.96137499393,32666.6137429353,,3756.6278299327
BRAF,SF3B1,1742.23049065337,795.154974885196,8623.13172229703,0.001,0.916977550186509,0.974255848915489,0.546494054185334,2.08385406047434,0.912760382078157,2.28302422124178,1825.88653423741,779.739661421388,33,21,2,874,930,1213.36177884459,2406.18886287779,512.853741985441,1165.85911181918,1414.99055774166,27589.9497488699,,7070.59303962089
BRAF,SMAD4,1799.00376043929,698.337566001342,3688.70911502835,0.001,0.982525252148846,0.98242718243273,0.982320926708408,1.02814244994751,1.01369607712916,1.01425118745578,1825.8865341755,684.617138418522,34,25,1,870,930,1260.02839986655,2473.37613969192,463.129012182306,1002.24444701067,209.106635877591,16644.8558853193,,4545.41734307369
BRAF,SPHKAP,1229.21986372058,249.590611649484,0.001,0.001,0.934401988845723,0.909344011074284,0.849696168659487,4.51609962818806e-07,0.18265396643193,2.47248921904529e-06,1223.23764646839,246.216275405086,14,7,0,535,556,692.489363334231,1990.18623699315,107.243513596177,482.706994368208,,36526.6543653639,,5128.95679198337
BRAF,SPTA1,1237.98798263238,149.047181321466,0.001,0.001,0.846718620651013,0.845281821435135,0.715730620385991,1.25383014087585e-06,0.322066848949079,3.89307420172913e-06,1223.23764647993,146.960144956626,14,12,0,530,556,697.406244456986,2004.36165421273,79.8114156200214,249.988194199125,,14586.8904802523,,1729.90846530135
BRAF,SYNE1,1175.98845813273,256.535289860048,2552.23517927336,0.001,0.994373631768699,0.995078172623991,0.99345510511914,0.972083360578874,0.920608547628861,1.05591389856481,1223.23764648888,252.979974339396,13,33,1,509,556,646.893576285471,1936.12944993426,179.655459100977,352.753642765638,144.91572131937,11446.9080620524,,1849.12251125284
BRAF,SYNE2,959.043888162998,1000.97350251573,11549.1304297336,0.001,0.674242722437066,0.377632420147818,0.383198341166044,1.42225721005296,0.278722103585247,5.10277868801304,1056.10644156831,989.451682136133,9,11,1,440,461,460.824828569536,1728.91693135228,535.999852980697,1678.86450590452,648.89673702231,54092.1524866504,,22129.9450864663
BRAF,TENM1,1061.97248984731,323.771635613623,13242.9954975395,0.001,0.732006340391213,0.966916186182241,0.156080232150205,2.16201617324141,0.431601508407161,5.00928780629243,1223.23764648573,319.592763286749,12,14,2,528,556,568.664934080897,1781.16646411097,189.900800578165,509.350259416061,2157.39711962597,43290.1981898733,,5922.19421465376
BRAF,TP53,1576.62328182537,657.607426497469,4906.67905741578,0.001,0.850880815907644,0.92661029706838,0.626464903085096,7.22491464336457,5.28842220999208,1.36617583779783,1825.88653398541,646.062753202723,28,132,7,763,930,1062.26635991801,2234.97223506943,554.138569575351,773.246640822248,2097.6971020527,9567.45996931701,,1602.53650573716
BRAF,TTN,963.560903872482,625.034585482408,7651.01155009072,0.001,0.80970846690404,0.527448849892262,0.535222925817341,1.16417991156904,0.333512327588799,3.49066530759368,1056.1064415728,617.519532485174,9,13,1,438,461,462.992466028725,1737.07950499193,352.10026283685,1012.01536034849,430.607100479569,35572.6528061775,,11941.8310870015
BRAF,XIRP2,1244.08033614931,309.737078762392,0.001,0.001,0.790758235811025,0.772302940968809,0.610728197384603,1.03679693951204e-06,0.493427547311449,2.10121414007237e-06,1223.23764647056,305.528421758462,14,19,0,523,556,700.845057933737,2014.26582004728,190.508414639985,470.65529073948,,10262.4483479304,,2334.54167186987
BRAF,ZFHX3,1839.26791814686,274.870842987639,6218.55911359754,0.001,0.947442561629013,0.976157958358139,0.874867424080053,1.05629371392725,0.649281536144607,1.62686547379656,1882.23090355871,269.268228808352,30,15,1,755,801,1257.11577986088,2578.27329295943,161.22068657586,432.41489145959,350.860790867843,28605.8474667677,,2745.40227849505
BRAF,ZNF521,1147.76208307788,257.23661236559,8239.19710018678,0.001,0.78530727649923,0.951637027644916,0.562516438488102,1.22002220805366,0.37694589365811,3.23659768836804,1223.23764647811,253.642162905143,13,13,1,529,556,631.379934354954,1889.55900395931,144.91270649552,416.485943217128,464.147771412897,38150.1794734423,,4158.65813687549
BRAF,ZNF536,1069.10073752216,189.942937393059,0.001,0.001,0.885654912661749,0.864979295572518,0.766084954307587,8.23833225280061e-07,0.256697938075203,3.20934882242299e-06,1056.10644157485,187.437863803247,10,11,0,440,461,535.688070386284,1875.20352340808,98.6261314984589,325.324008128093,,17331.1337919038,,2585.64413001518
BRCA2,CDH8,652.979420573553,138.566967992955,4761.33945831839,0.001,0.751498029998393,0.943339458814334,0.551531730298235,1.0828158401179,0.329206135291572,3.28917272200554,696.017166262607,136.205026391445,13,11,1,531,556,359.194953722335,1074.98111509351,74.1930999984495,232.397297670795,267.631961813963,22220.4210069338,,2130.60576812293
BRCA2,CSMD3,664.990084764544,411.152054131355,1754.22692898705,0.001,0.974743612215356,0.984905201035313,0.956575914771452,0.999359968715818,0.789289695361101,1.26615104009258,696.017166263457,405.633710663357,13,29,1,513,556,365.799856452843,1094.80850732999,281.004133822265,576.383405368089,99.4731129471278,7906.77030859152,,3433.29145974653
BRCA2,CTNNA2,604.169961074259,147.853976629633,7626.60736838474,0.001,0.757773625641019,0.964536548730775,0.154385158555301,1.92806226050238,0.380349296220707,5.06918845298342,696.01716626223,145.710266783818,12,12,2,530,556,323.520087214608,1013.33237524911,83.2905038803983,239.396432405768,1236.41487153303,25314.0526632081,,2750.57161284853
BRCA2,CUBN,604.641863084796,313.894501502134,7181.04823004186,0.001,0.6868567194826,0.953520946380536,0.168785085198203,1.95939438506206,0.408110645191166,4.80113520230341,696.017166260619,309.101661701486,12,13,2,529,556,323.771910781379,1014.12799138384,180.622305990932,500.635714623792,1162.17539424745,23936.7803633322,,5115.89692673671
BRCA2,DMXL1,648.451519343138,420.54786268282,13814.9143303051,0.001,0.825805668867474,0.988456470057658,0.24560721524861,1.12175167639833,0.132765435546395,8.44912436570384,696.017166268107,414.98055259649,13,4,1,538,556,356.718378478217,1067.55112052272,150.807398874983,903.89233134714,757.229118102158,73528.7878336344,,20508.2750487318
BRCA2,DMXL2,651.566593147059,376.746000762943,5804.3963743099,0.000999999999976353,0.974986000525776,0.993364339384581,0.503029775631454,0.872063213018962,0.221544963967391,3.93628091292258,696.017166259843,370.96287229522,13,7,1,535,556,358.484517243861,1072.85629292303,172.165574177663,701.35671989972,325.79997080117,28418.3475637242,,10321.4479036518
BRCA2,DNAH5,619.608754225119,337.270863471807,5655.98556038483,1798.9884145526,0.899952067249683,0.964474120206842,0.043781974711643,2.50482636683463,0.457197654797152,5.47865095228007,723.485590948093,356.945734721268,9,13,3,436,461,301.447537857316,1101.693566889,190.251236380901,543.006329543199,,20798.7691443902,,9935.06927274423
BRCA2,EPHA2,708.331915057233,924.40514934878,0.001,0.001,0.783886247224474,0.748970114618596,0.587135641460829,6.11125783884364e-07,0.468992414921882,1.30306112517013e-06,696.017166265968,909.547055370851,14,18,0,524,556,399.033209263752,1146.85350464862,560.403635512125,1419.67426022813,,5645.93122825252,,6224.60888761612
BRCA2,ERBB2,487.970884778707,442.056596433139,2249.81793639803,2378.66448612168,0.994246729613033,0.989737848031321,0.453249355651355,0.958588666715522,0.208415381740139,4.5994142021184,498.591654500596,460.470638185779,16,10,1,903,930,287.47279829479,764.367452230762,222.885547081919,770.394850904933,,19508.9220003551,,17731.8390830533
BRCA2,ERBB3,470.681859860736,898.017987627007,2862.07224165306,1968.47772416729,0.998346329550543,1,0.525455563140815,0.923477754864551,0.241242657951155,3.8280035658185,490.709485962785,908.259667905601,14,12,1,808,835,265.487127726661,760.954602260389,487.216095779315,1489.65163254631,,17018.4200673464,,27264.5505171969
BRCA2,ERBB4,472.559304710427,153.145676386936,4120.89394486572,0.001,0.809097437922207,0.966945995616275,0.493500678583735,1.14081590151783,0.286721185467871,3.97883365212879,498.591654501965,151.584124952671,16,14,1,899,930,277.176040602211,743.380460800024,88.1290746755839,244.244702159936,232.238355707674,19027.9657269992,,3195.15632284254
BRCA2,FAT2,602.271252963276,205.822401080849,9927.05060495424,0.001,0.930320188613279,0.992995454814546,0.104421223626494,1.90155611262108,0.298101566872793,6.37888667466321,696.017166257014,203.194461859483,12,9,2,533,556,322.503919396008,1010.145438351,106.871323185104,352.521797759565,1584.73653896196,34560.3962803733,,5739.53039496742
BRCA2,FBN2,655.2517797388,223.40048341666,3579.76136519019,0.001,0.812424756711096,0.941257302162965,0.666606676585053,1.03339635302679,0.410585674982801,2.51688360308741,696.017166257333,219.68581302798,13,14,1,528,556,360.454110199106,1078.76052729898,128.552036445923,356.307931433281,201.884566072443,16489.6696172072,,2869.7337530432
BRCA2,FBXW7,472.945033931876,579.80912499365,3696.1587965649,0.001,0.888237991125869,0.978804088952505,0.54235906094948,0.962886229933806,0.26813620035719,3.59103406645997,498.591654517041,573.446403739938,16,13,1,900,930,277.403793289178,743.993410902741,326.636036443875,938.739499645432,208.295085532114,17089.6187231369,,12437.915877317
BRCA2,FGFR2,505.769296159685,818.867783270227,0.001,0.001,0.785267607178453,0.776222847074739,0.609557099793254,8.05706588303048e-07,0.487819981961467,1.65164736602916e-06,498.591654520129,810.87049314425,17,26,0,887,930,301.830090342967,785.721849021136,543.069232492552,1175.21123543498,,4035.61257040252,,6287.34320470035
BRCA2,GLI3,656.701043087995,153.55371718422,3096.32688243437,0.001,0.881769288578111,0.958992259587674,0.740844344345478,1.00957443575609,0.461074349665507,2.18961309925069,696.017166261239,151.214104226501,13,16,1,526,556,361.245830152434,1081.1477763814,91.632588867568,238.561007865699,174.443770835055,14329.9160767727,,1936.27029337869
BRCA2,GNAS,472.936863393496,412.748181837266,3705.22910892131,0.001,0.826513654685477,0.966219766235714,0.533766668317106,1.03566897802371,0.287549207426188,3.60171042477856,498.591654517041,408.168855160086,16,14,1,899,930,277.39925710908,743.980219911416,237.514019869168,658.264243258087,209.062156769391,17042.2015764657,,7969.900241656
BRCA2,HMCN1,565.089569019785,242.795677347715,4514.88467938445,0.001,0.566908261266081,0.914093696034277,0.177018931712758,3.11677220884704,0.987596514495633,3.15591657432973,696.017166259837,239.559836497883,11,34,3,508,556,293.413733715221,967.866453252205,172.705098413751,329.70675590997,1108.63420976002,12046.1537413849,,2020.41808055197
BRCA2,HYDIN,735.347419103795,315.898006191697,0.001,0.001,0.824190146166564,0.788321697693183,0.649759546130275,8.26760592313736e-07,0.348098615019417,2.37507578784138e-06,723.485590941317,309.63099802269,12,12,0,437,461,393.759199339433,1233.37038015876,169.145467794576,529.883236657116,,7432.34108941758,,2611.44674025829
BRCA2,IDH2,506.887166782753,5648.09222008614,0.001,0.000999999999976353,0.756377369806786,0.750686436295239,0.567818599780167,5.88889170101414e-07,0.529206286862886,1.11277810698797e-06,498.591654501253,5593.90768135329,17,30,0,883,930,302.497018407574,787.460111572417,3860.43441392592,7917.37758032213,,3490.34956758801,,38347.3515145036
BRCA2,KMT2C,474.582754078261,285.52425265601,2584.8242986196,0.001,0.977712262488267,0.993842438227582,0.701571208054583,0.974857217871807,0.382623383407662,2.54782446694628,498.5916544997,282.750745037182,16,19,1,894,930,278.362237276541,746.568094923734,177.961137635395,429.582617999975,146.227318403548,11757.4380989031,,4980.3192029281
BRCA2,KRAS,442.143699460225,8561.04013363005,1227.77508439084,0.001,0.853044383672135,0.889931447494291,0.817933030478115,2.84545451713762,2.2599597028273,1.25907312133833,498.591654521681,8476.28103570237,14,122,3,791,930,249.073351500454,715.889670649886,7145.42318995053,10152.7274039059,304.410842553665,3204.49966878853,,30956.992686745
BRCA2,LAMA1,654.940312410556,171.161126615329,3715.81646030851,0.001,0.8074503950612,0.945249515706902,0.652975882063067,1.05648281977302,0.405539352746016,2.60513021145615,696.017166262607,168.424999366321,13,14,1,528,556,360.265897953197,1078.19643809254,98.4896705927592,272.983590948262,209.419766926554,17164.8783288835,,2266.6417832061
BRCA2,LAMA2,705.997292568754,320.496172297396,0.001,0.001,0.820700107199917,0.769701270310464,0.631716023467777,1.02761630271439e-06,0.434380978934566,2.36570281054868e-06,696.017166263457,315.248248689643,14,16,0,526,556,397.721640154154,1143.0634421133,187.975614353793,504.186113585393,,6947.97331635329,,2393.36507728401
BRCA2,LRP1B,564.761873668421,180.318419616688,4576.29081792515,0.001,0.722144549666586,0.961730824199052,0.181262986905839,3.05615645475904,0.958492351586921,3.18850374726427,696.017166264615,178.116261967407,11,33,3,509,556,293.25460264369,967.338678015732,127.631086272811,245.83323655663,1123.64364780691,12211.8373086357,,1771.98016881093
BRCA2,LRP2,658.738444443826,325.929586278247,2595.23132419378,0.001,0.861742041162759,0.945592310785964,0.796039347748725,1.05225174944883,0.56869052574002,1.85030645284545,696.017166266556,320.96813853303,13,20,1,522,556,362.375558962853,1084.52456133558,205.644498211365,485.927135558035,146.798754822334,11790.1649176222,,3271.77440810711
BRCA2,LRRIQ1,651.887263592956,352.74420554674,5722.73016182672,0.001,0.734276859778827,0.94323756710754,0.484389117230282,1.14333776120509,0.293275591354948,3.89850978024736,696.017166260202,347.180737425049,13,10,1,532,556,358.602980724751,1073.20737001359,183.158854499251,604.163602313346,320.599200512069,27168.4989782645,,6241.31549600104
BRCA2,MACF1,677.787855820489,1345.30883419534,2771.65587921261,0.001,0.80755605068678,0.91482600653426,0.759970821172402,1.05817761450136,0.55575597349417,1.90403282190264,723.485590944101,1322.43671525046,11,19,1,430,461,351.931015933356,1160.88033886264,838.417933552378,2024.3531945431,156.73459018623,12632.2436692044,,12505.5941086596
BRCA2,MED12,473.25022116313,376.979827885299,3390.73132521058,0.001,0.851084682898445,0.976934483902032,0.573031434586389,1.00635673501996,0.304065071986153,3.30967555216534,498.591654501251,372.91461577322,16,15,1,898,930,277.582724778036,744.473348529365,221.116303655365,593.045491262369,191.327840362131,15592.0770727677,,7041.18320749567
BRCA2,NF1,481.918120781336,333.569524210838,2028.42441819888,2455.06444987156,1,1,0.166538241153969,1.73541721827671,0.342149353520052,5.07210433228249,498.591654500848,355.116014619805,15,16,2,897,930,281.054340580942,759.388118957476,196.420017681368,522.524686558355,,13904.2101795558,,11102.4278295887
BRCA2,NRAS,506.012065295493,4717.51540406723,0.001,0.001,0.77873057145058,0.803288214872206,0.625558428539236,5.72204959796863e-07,0.506990991012791,1.12862944300805e-06,498.591654519196,4680.45591348764,17,28,0,885,930,301.975702988169,786.100261727481,3178.8439483456,6687.19509827392,,3896.87752058814,,42012.3534427092
BRCA2,PBRM1,429.825673683154,791.327155389972,4145.32028311236,1111.06243296554,0.868571924078899,0.999602057306007,0.0833536412837132,2.8837454798653,0.631900400792707,4.5636076132373,498.59165452286,793.894769816721,14,30,3,883,930,242.343435596469,695.161952333351,548.465086769979,1096.37483151997,580.403507540532,12021.631172685,,13777.8498095187
BRCA2,PEG3,652.181407533802,175.82491400458,5424.75381420459,0.001,0.674494128257235,0.929104212968069,0.492682827106613,1.30862642570509,0.352825503662201,3.70899045596766,696.017166263197,173.098906702718,13,12,1,530,556,358.728652541554,1073.57840429845,96.7257301157139,289.481613119554,305.531434540925,25270.4372667784,,2638.14242345062
BRCA2,PIK3CA,491.957985415528,1009.57882219905,756.655960352578,879.986249740843,0.981837511039389,0.999313107062611,0.98324491750361,0.978815362115187,0.822023460258686,1.1907389623736,498.591654498902,1008.20815974764,16,42,1,871,930,289.08731002232,772.359384642972,735.295160564186,1344.5939882351,,4836.64728434524,,9218.92649291076
BRCA2,PLEC,707.177993618157,287.730163584766,0.001,0.001,0.801957559193373,0.786730073542023,0.63095319446749,9.60277432722782e-07,0.376192719005342,2.55262099506276e-06,696.017166263457,282.790395644014,14,14,0,528,556,398.378200285036,1144.96656977292,162.084968090052,465.873002587045,,6241.78115563469,,2341.78765612236
BRCA2,POLE,477.727316903401,258.527686461351,3255.6090675256,4886.9426639829,1,1,0.00943942679745656,2.80342400453345,0.283633031509758,9.88398279851619,498.591654499354,299.668378360875,14,12,3,901,930,277.082075059332,754.593000518643,139.109729008374,431.1474028678,,22534.9719925684,,16509.3225140023
BRCA2,PREX2,508.028320412301,179.803228591304,7619.45611534889,0.001,0.887306939682133,0.98817195303218,0.115639545382278,2.01083448669642,0.329561051807052,6.10155379608906,575.353415528814,177.911895581498,14,13,2,733,762,286.199737463513,822.519733578385,103.467337347284,286.755115709901,1240.2353591685,24971.3743572835,,4580.4762227899
BRCA2,PTPRT,472.18436703054,106.661420101113,4632.1112019096,0.001,0.831381629250419,0.974359575799269,0.454822917574266,1.02340598035023,0.230304307365299,4.44371185262701,498.591654521776,105.480497372101,16,11,1,902,930,276.95564684365,742.788812843856,57.1156216854908,178.892172260049,260.540910487241,21595.5701002442,,2592.47623574205
BRCA2,RASA1,474.508441884097,381.618014777039,2620.57851864687,0.000999999999976353,0.883003269789699,0.966875591403217,0.676972524425668,0.941312842830218,0.36385467350894,2.58705717244852,498.591654501965,377.226423265461,16,18,1,895,930,278.320237530433,746.455791178785,234.713915226211,579.860199450036,148.190944173999,11942.9000321204,,5742.27591768534
BRCA2,ROBO2,549.952185168504,224.643336123507,23064.2025110763,0.001,0.491914656602939,0.978473170147271,0.00328008516317626,3.08601745041024,0.245013899560006,12.595275027058,696.017166261152,221.607065544108,11,6,3,536,556,285.562536068203,941.90060831947,107.941549610316,404.97953261088,5376.9598000168,71449.2435139783,,7772.84100173003
BRCA2,ROS1,501.394343074843,201.421327683777,0.000999999999976353,0.001,0.909564801066251,0.895126017867593,0.814178414419415,7.3818845031234e-07,0.207698577784267,3.55413338977739e-06,498.59165449899,199.397233908448,17,11,0,902,930,299.221527991494,778.920194678754,104.589041460051,344.971096905279,,10449.0513164532,,3546.51919920034
BRCA2,RYR1,610.364531209646,314.445448589659,9343.55735623667,0.001,0.429621367452823,0.931585078393376,0.109363115566107,2.2864613971209,0.390848938903712,5.84998747478802,723.485590942193,309.416932403418,10,12,2,437,461,305.828476683067,1070.57046150475,177.134500373464,509.146739105217,1512.87661343267,31127.389321798,,4811.72669152272
BRCA2,SACS,658.294437837361,217.864723757921,2697.09275790497,0.001,0.911085988140542,0.966013566771603,0.800854026299702,0.986632021153662,0.514355335923664,1.91819147629119,696.017166266518,214.598021906418,13,18,1,524,556,362.122798041057,1083.76842828175,133.993223781947,331.056899357478,152.534292410528,12287.0035604835,,2529.03763147096
BRCA2,SF3B1,475.020584288715,788.027473808292,2393.05781783809,0.001,0.875406024662606,0.962685568469538,0.711137464057571,1.04814552471698,0.442569396912717,2.36831902980335,498.591654502366,779.739661397735,16,22,1,891,930,278.620723098229,747.261102090499,508.25922239437,1155.39978881202,135.572280437991,10826.2752053563,,10642.6408913432
BRCA2,SMAD4,476.480914840231,691.476324881706,1913.59144863544,0.45230048747751,0.988473348674327,0.998083920500142,0.832191475666399,0.939165896913907,0.492635226850219,1.9064123832936,498.59165452125,684.61713841247,16,25,1,888,930,279.476582360932,749.563794800436,458.581037389394,992.389624919735,108.127901508984,8654.643127768,,9097.17141322614
BRCA2,SPHKAP,649.05208292582,249.599579938993,11359.3266120757,0.001,0.690134573208794,0.96625462116422,0.283470391873311,1.34137100381117,0.187514054526605,7.15344248300519,696.017166269471,246.216275404839,13,6,1,536,556,357.043099692938,1068.52499322237,107.247336759019,482.726014972277,629.667567741614,56800.6098637832,,7978.21728278917
BRCA2,SPTA1,704.228848452867,149.345718861767,0.001,0.001,0.849700168278775,0.825367407542412,0.701331365896921,1.35978467206282e-06,0.322936406692476,4.21068868013297e-06,696.017166263457,146.960144956635,14,12,0,530,556,396.725319051618,1140.19651170563,79.970658964117,250.490581993125,,8482.64019050435,,1519.05293948811
BRCA2,SYNE1,638.837826461965,253.483264038078,2229.14992832989,217.351203035257,0.978560603458921,0.999917536461725,0.649540607056834,1.81728631464793,0.918656095660745,1.97820089937013,696.017166259993,252.979974340877,12,32,2,510,556,342.61512591076,1069.367216727,176.740910213006,349.593598771715,,8196.83313497217,,2499.58970236011
BRCA2,SYNE2,730.723942643872,1006.58136864941,0.001,0.001,0.72350750020158,0.814816318442597,0.72399748839281,4.07061959174782e-07,0.331970443297623,1.22619940236618e-06,723.485590941209,989.451682134571,12,12,0,437,461,391.287595213775,1225.58984996627,538.996122471859,1688.29962530006,,12152.896046064,,9634.38377581585
BRCA2,TENM1,604.27290602297,324.029762673912,7424.5701019279,0.001,0.658262912588697,0.969140647683325,0.158865972898739,2.14982612392495,0.435208164389061,4.93976515110383,696.017166262313,319.592763286349,12,14,2,528,556,323.586517050464,1013.53291173112,190.049740195233,509.751115842811,1209.40427625025,24276.3793542868,,5621.07075312821
BRCA2,TP53,443.836852440611,652.176517531983,1171.89689404673,0.001,0.844596611126063,0.878223481065625,0.829727117254123,3.10009293375907,2.57246848986893,1.20510433693088,498.591654524049,646.062753219721,14,136,3,777,930,250.027369394425,718.632439577281,549.578273657783,766.859061057148,290.626038412301,3056.56869330864,,2208.77767930824
BRCA2,TTN,672.509392381979,628.205337908109,4269.49190518634,0.001,0.744859500357457,0.928134596383642,0.599294273570018,1.13466495054959,0.396133705139801,2.86434841526336,723.48559094717,617.519532485477,11,13,1,436,461,349.195781898209,1151.8306555215,353.881709102198,1017.17337061215,240.333531734097,19835.2577168958,,8206.34483142448
BRCA2,XIRP2,707.26548556032,309.690628292799,0.001,0.001,0.80027074196315,0.774868210031165,0.620126671504533,1.21164689511309e-06,0.501143775965528,2.4177630317341e-06,696.017166265825,305.528421759078,14,19,0,523,556,398.436356937892,1145.12205666515,190.474578859534,470.571667662462,,6150.58472437128,,2366.04584995584
BRCA2,ZFHX3,447.860340379425,271.93861855773,7219.57969651669,0.001,0.716379402794989,0.980659042942292,0.101843011674911,2.05513521452273,0.315018156246664,6.52386274813166,512.089102139111,269.268228812499,13,14,2,772,801,246.368460671112,737.301439690492,159.502067795524,427.79751052547,1174.53819952802,23694.4212287173,,6556.35882166668
BRCA2,ZNF521,705.820426000479,257.596232624829,0.001,0.001,0.823520475991271,0.806568502441091,0.664245091621452,1.03791230812115e-06,0.376540758449984,2.75644079645899e-06,696.01716625987,253.642162905069,14,14,0,528,556,397.619577482728,1142.78193322538,145.11501346779,417.070786193517,,7122.48363200732,,2341.85569141995
BRCA2,ZNF536,732.246598040944,190.631225501998,0.001,0.001,0.866690731211321,0.831470980833249,0.72064491405017,1.05201434361189e-06,0.30612243763392,3.43658031650051e-06,723.485590944432,187.437863803797,12,11,0,438,461,392.098672968164,1228.1454611872,98.9827109526851,326.506044397217,,10073.4947785179,,2025.00336872016
CDH8,CSMD3,140.504908297638,410.584360067863,0.001,0.001,0.690529727523335,0.699403845374222,0.483007970383027,3.60698249630628e-06,0.711670321803607,5.06833344850605e-06,136.205026391389,405.633710662964,12,30,0,514,556,75.2348758484188,235.670313959739,280.61674841734,575.585834559415,,726.723419423041,,2243.73442827097
CDH8,CTNNA2,138.64925166006,136.62019647238,0.001,1045.90867316078,0.932067393563197,0.703267539900015,0.527467823461037,1.27929217565117,0.381072718166146,3.35708150876707,136.205026391615,145.710266783913,11,13,1,531,556,74.2419708206827,232.554509701894,75.1527090745608,224.924410102858,,2031.8739766504,58.5019699164463,4997.07415886591
CDH8,CUBN,138.420554841961,270.28427050727,0.001,4186.64488219481,0.973882854058312,0.599179322312332,0.10993464827682,2.35688050215774,0.406302620942766,5.80080063645405,136.205026391445,309.101661700595,10,13,2,531,556,74.1205238290919,232.166339825825,148.680729763941,444.975265526438,,2777.91772333427,672.777614693147,14256.6036367614
CDH8,DMXL1,136.876044915884,419.718702123646,0.001,0.001,0.943106977835259,0.944958377874436,0.891198945461513,5.94867703864084e-07,0.119929320505181,4.96015237440109e-06,136.205026391396,414.980552592266,12,5,0,539,556,73.2946312488141,229.570449300916,150.510189146251,902.106142394931,,4892.28502064036,,14564.2410190644
CDH8,DMXL2,138.280599877153,375.389499210873,0.001,0.001,0.835151942921625,0.910552867082415,0.760464564048184,1.10391989402003e-06,0.214990907600653,5.13472828381452e-06,136.20502639138,370.962872293634,12,8,0,536,556,74.044700083377,231.936078328387,171.541265023848,698.799370918989,,1538.2201326158,,7900.49012932999
CDH8,DNAH5,155.617530224079,338.276787176744,0.001,1976.25561382268,0.826396008912642,0.577057523272896,0.557702760201978,1.31801826431545,0.506886777933568,2.6002222225812,150.171780089103,356.945734720385,10,15,1,435,461,80.7971914901337,266.562368744735,194.638472303452,539.579732929425,,1125.46486986354,110.218211204719,9555.49561108489
CDH8,EPHA2,115.044865222698,918.243381989381,1598.00790963869,0.001,0.834814766120858,0.994228500282732,0.136988743803687,2.28935484765447,0.431963097177143,5.29988525088206,136.205026391577,909.54705537096,10,16,2,528,556,57.6450307192726,201.787494265885,556.677407952375,1410.18698440722,260.286145836917,5220.08204796775,,21477.3387927446
CDH8,ERBB2,137.988751871364,638.865545691271,0.001,0.001,0.856437879819853,0.907626231196637,0.777336104738982,1.04592467330025e-06,0.229593895889457,4.55554216390769e-06,136.205026391588,631.961652820227,12,9,0,535,556,73.8889173726057,231.444176152102,306.976870680235,1151.7181352981,,1795.32532985401,,12974.6624138012
CDH8,ERBB3,152.188582697611,764.746454099655,0.001,11383.6705975376,0.930785173680621,0.546050159222067,0.320193711920407,1.17331799042025,0.192954353757472,6.08080599153009,150.171780089108,882.536201195536,10,6,1,444,461,79.0131747642599,260.642486247576,303.938733458116,1549.64309606873,,3227.47055554273,639.610558688586,53699.6719417539
CDH8,ERBB4,133.383239241908,176.434766210887,464.434756101075,1152.80011529112,0.991455322493431,0.961082532223065,0.454729334738613,1.31121191830958,0.294317840526373,4.45508813181201,136.20502639138,185.780281642487,11,10,1,534,556,70.0608251870666,226.124435388395,88.7097669033103,308.262147217966,,5129.2066480972,,7473.86034684403
CDH8,FAT2,137.584361151888,186.493623110151,0.001,1861.98666307349,0.994416089722749,0.877499385243782,0.461978702842365,1.26072185721388,0.295570009329868,4.26539167513055,136.205026391483,203.194461858708,11,10,1,534,556,73.6723669614995,230.756732239961,93.438917331661,327.089491393274,,3881.53984596249,104.395707123815,8801.17206662922
CDH8,FBN2,138.151071545898,222.077136011008,0.001,0.001,0.844603707517543,0.85162521119035,0.719304304085001,2.62151823190505e-06,0.428990791273925,6.11089628315849e-06,136.20502639145,219.685813027862,12,15,0,529,556,73.9765188060142,231.714423997957,127.790823588651,354.184664526161,,1611.54341903602,,2740.34723440907
CDH8,FBXW7,138.008626097586,683.512163108697,0.001,0.001,0.854950990123095,0.8960148446563,0.766061545551612,1.20566122618036e-06,0.267310197706018,4.51034504679213e-06,136.205026391447,675.976280631845,12,10,0,534,556,73.899799936776,231.475479902596,342.482775151454,1198.88335194661,,1754.78660368555,,12288.553659523
CDH8,FGFR2,137.870487468173,692.695115651725,1.00675065271042,5090.94803765562,0.998815123433127,0.97528164568191,0.579991346622571,1.10910727677529,0.336601211159184,3.29501867493511,136.205026391359,738.41597006799,11,13,1,531,556,73.8220571288352,231.253308641179,381.050473292646,1140.38312795626,,3238.97160230148,281.559496948238,23767.5233623792
CDH8,GLI3,138.711557156584,143.631062581135,0.001,928.472134269564,0.957165246557235,0.789303032019602,0.603717181588561,1.31753867006495,0.457706511081091,2.87856658834273,136.20502639176,151.214104226255,11,16,1,528,556,74.278754119837,232.665252664644,84.2426027120873,225.952980999442,,2038.61658990496,52.0075927196593,4412.89084028272
CDH8,GNAS,138.328833658206,663.099737340923,0.001,4950.76789195547,0.968673483243728,0.795370920816036,0.555089164486052,1.35698873247464,0.414709580407148,3.27214223298723,136.205026391655,704.108062940792,11,14,1,530,556,74.0718339506586,232.010315355104,373.556224067843,1073.62218911003,,2379.60660444757,276.685861480722,23727.7880855177
CDH8,HMCN1,141.301814432224,222.050507552087,0.001,2069.19888047957,0.967620982665783,0.721955958645828,0.12522083832532,3.37983807760999,0.974725741647752,3.46747596087537,136.205026391376,239.559836498215,9,34,3,510,556,75.6747706536981,237.053885199913,155.481939652754,305.263198603358,,1421.57738777162,487.596448509706,6141.98048639122
CDH8,HYDIN,152.925495757348,260.380070807107,0.001,5241.46524676746,0.926729447287648,0.377295022859268,0.0712120089359294,2.65742376030942,0.395425788967459,6.72041084434205,150.171780089564,309.630998021126,9,10,2,440,461,79.4036333942104,261.929878858466,130.463476601907,456.724164009182,,2595.57382273244,830.200319878321,18762.2614024643
CDH8,IDH2,137.533376290063,3723.71006834165,0.001,0.001,0.890679409770005,0.865662577023941,0.77103544325562,8.97391975442259e-07,0.231127252007789,3.88267487994889e-06,136.205026391727,3678.99264178396,12,12,0,532,556,73.646502802417,230.673766634354,1993.97877082345,6245.48552491916,,2333.60636692745,,50630.4283895085
CDH8,KMT2C,138.03198527783,289.155659279553,0.001,4930.58514746723,0.975724632419766,0.728482124705278,0.0945889123315186,2.26080858795285,0.349893251228105,6.46142382002951,136.205026391481,334.293583892149,10,12,2,532,556,73.9125162825231,231.514168210764,154.836960427137,484.978156319182,,3428.3280676162,795.554850553013,16610.9902285843
CDH8,KRAS,151.346594090292,9781.18527431803,0.001,0.000999999999976353,0.284851009565909,0.281906685102467,0.0803853738137662,7.16987091087945e-06,1.83317802717339,3.91117000345831e-06,136.205026391318,9631.40354560072,12,86,0,458,556,81.0303764570426,253.900105148899,7854.65209065986,12000.5885443502,,219.819998256333,,14874.2187580532
CDH8,LAMA1,138.212757588561,158.770342730793,0.001,1092.71540930107,0.983242837009933,0.895881047946511,0.598266347610813,1.22448387621805,0.402139601658608,3.04492238806554,136.205026391767,168.424999366836,11,14,1,530,556,74.0098784623239,231.821154122688,89.4418637977368,257.063137106537,,2680.98208966414,61.1940181710084,5191.2249316201
CDH8,LAMA2,114.981900129222,318.41568417386,1737.22545344197,0.001,0.871006226649563,0.973651924332958,0.118895344808297,2.41881594556158,0.430766064751733,5.61514971462675,136.205026391431,315.24824868996,10,14,2,530,556,57.613154299264,201.678111936519,186.763259076047,500.918585852694,281.723645323637,5757.74474517834,,7771.84536143376
CDH8,LRP1B,141.340810417926,170.006253964476,0.001,904.756361765325,0.971731180712217,0.912847404458134,0.508793647437425,2.09783100318573,0.903985278633845,2.32064730783679,136.205026391328,178.116261967112,10,34,2,510,556,75.6819338792733,237.074793938633,119.064596827347,233.755409321598,,1269.81589243264,145.955491715422,3051.19301808577
CDH8,LRP2,139.211378759237,277.6097260293,0.001,4791.98413354556,0.937192858103148,0.582080329040648,0.0297649587545101,3.30734323957136,0.55423301519389,5.96742371692588,136.205026391805,320.968138535818,9,18,3,526,556,74.5428007960421,233.498210195623,168.294815656938,426.34929630806,,2133.86908494995,1132.54831544754,14181.8149219037
CDH8,LRRIQ1,133.291627572034,330.586578142999,442.26988006262,1915.86447547554,0.991741514851171,0.96678682632069,0.489494019964411,1.18038884417783,0.288945145572477,4.08516586025062,136.205026391596,347.18073742364,11,10,1,534,556,69.9624131628254,226.08208406597,166.276590896062,577.36452991143,,4835.35098027394,,12682.1652905228
CDH8,MACF1,153.923002209062,1133.47714470313,0.001,20914.9035167478,0.954995284664697,0.471089529781332,0.0262500381916107,3.6041317359159,0.613347661365429,5.8761644707219,150.171780088866,1322.43671525093,8,17,3,433,461,79.9204582068385,263.64380571327,676.388913131715,1761.02515879486,,2417.57578125468,4885.51148642979,63720.9618858868
CDH8,MED12,138.352608674582,397.55958471975,0.001,0.001,0.83006848447812,0.889947359183742,0.738735127494615,1.32925884494938e-06,0.262686537825008,5.06024730446935e-06,136.205026391559,392.891718641545,12,10,0,534,556,74.0832076332568,232.056695438671,199.200639887714,697.330859656259,,1482.71653950942,,6737.05788350221
CDH8,NF1,138.60962125324,391.897615913279,0.001,6799.12876029093,0.921407018042727,0.4405649675615,0.0876129223751987,2.35667580329506,0.362452544656193,6.50202581838818,136.205026391216,453.05816759023,10,12,2,532,556,74.2193360818629,232.481725026109,209.850031927047,657.303090338005,,2244.45730135888,1092.47631819327,23192.1481074413
CDH8,NRAS,137.989206455176,4072.04056760046,0.001,0.001,0.856092488766623,0.870766112433474,0.745466959188379,1.22340187549497e-06,0.316346497537344,3.86728440181498e-06,136.205026391506,4034.32576351707,12,15,0,529,556,73.8904065612776,231.439994508912,2343.19751916102,6494.29383409963,,1732.78494391351,,57795.2368102549
CDH8,PBRM1,140.198197627232,724.203075406696,0.001,0.001,0.708639636424072,0.822578435593593,0.582949123360288,2.15371704449449e-06,0.479047009666416,4.49583652759722e-06,136.205026391562,716.229234698876,12,18,0,526,556,75.0699985948101,235.158800492002,439.028492817318,1112.23449865981,,784.672844619798,,7298.48303868608
CDH8,PEG3,125.859674102564,174.842295249918,1348.25482631754,0.001,0.783266631799036,0.976228834004072,0.4280554182133,1.60115507546608,0.357476811696421,4.47904597746558,136.205026391598,173.098906702362,11,12,1,532,556,65.3525338093516,215.560378995016,96.1805393456115,287.841304809008,75.6953843623185,6330.75804743216,,4392.77539085707
CDH8,PIK3CA,140.074280511036,1038.7947916619,0.001,3678.92377523368,0.954472376273523,0.913159671310312,0.843631277023073,1.13699396122708,0.681304336647667,1.66884885368793,136.205026391177,1067.18196096644,11,26,1,518,556,75.0047869371591,234.946089370685,688.890992016114,1490.92854200068,,1363.63519674645,206.730059019888,17220.8942108417
CDH8,PLEC,139.060685018866,265.09865705287,0.001,2038.02926355827,0.905326867013915,0.622895722996497,0.508407509761567,1.26113808040103,0.369555363106035,3.41258227130417,136.205026391688,282.790395643901,11,13,1,531,556,74.4617357946102,233.247098637835,145.82710478122,436.44279398043,,1679.34726848818,114.106237919082,9688.56715305098
CDH8,POLE,137.703328491262,307.130544774245,0.001,3379.02684047457,0.972357017211813,0.751556007921912,0.41968177264363,1.16488513286618,0.245737450622735,4.74036468561952,136.20502639176,337.970832776012,11,9,1,535,556,73.7389839665659,230.96651299965,147.573102679213,553.660114577383,,3378.90310118218,189.772501199783,15850.0428716996
CDH8,PREX2,125.534435033977,129.64334873483,2040.048204896,0.001,0.847564269485108,0.983779513678965,0.308214870523697,1.33350296575663,0.206709490835345,6.45109694948085,136.205026391409,128.334170108803,11,7,1,537,556,65.1837263320256,215.003196792874,59.2442329239628,241.327860459959,113.697465749473,9926.5784382784,,5217.3804393126
CDH8,PTPRT,137.019040682082,90.5437952382713,0.001,1535.58613733812,0.998866572644429,0.845605446413141,0.306809954422238,1.28827715920398,0.189927986004014,6.78297699200975,136.20502639143,104.663255866997,11,6,1,538,556,73.3713334268893,229.809635241573,35.987115763019,183.477931693063,,6493.21165735462,86.0511352242715,7270.79916457464
CDH8,RASA1,138.026682089755,328.027705043656,0.001,3261.92639610977,0.959626192488974,0.708686344516334,0.447397080254973,1.2876611749458,0.303777860232886,4.23882495570493,136.205026391596,357.440733420545,11,10,1,534,556,73.9095264834796,231.506695712546,164.362746876554,575.367290067514,,2813.56626870543,182.579298721745,15516.8797827697
CDH8,ROBO2,137.431068105487,224.157475624265,0.001,0.001,0.898796614038547,0.902673085514545,0.81132733609165,1.51303435296586e-06,0.249812703570423,6.0566749862636e-06,136.205026391499,221.607065544243,12,9,0,535,556,73.5913946310016,230.503379951483,107.708707533005,404.102640045671,,2591.00560791687,,4328.57597071927
CDH8,ROS1,136.93443935136,183.50954666839,0.001,0.001,0.938360882459108,0.932336600669012,0.874870964783503,9.80285344046603e-07,0.149886996548816,6.54016270002006e-06,136.205026391519,181.37297680834,12,6,0,538,556,73.325874093375,229.668642675617,72.9368803883914,371.863821414485,,4474.83271231381,,5146.8183011955
CDH8,RYR1,152.907893603599,268.134961209319,0.001,3818.86242462924,0.962459124856608,0.717273468034235,0.129967317074842,2.23959840367837,0.424390307862202,5.27721383402932,150.171780089242,309.416932402744,9,12,2,438,461,79.3936949023842,261.899587917657,143.575490792895,449.742200457155,,3011.49665526496,608.671736697264,13386.7003489772
CDH8,SACS,139.342327687976,193.826999710953,0.001,2253.51408285512,0.931964835279421,0.55145222132196,0.165317000211122,2.28233833302803,0.496110833406538,4.60046058127049,136.205026391493,214.598021906181,10,17,2,527,556,74.612780776814,233.716886471498,115.667449033293,301.12546052309,,1850.20757105833,362.904114377205,7636.80257440842
CDH8,SF3B1,138.044023136641,691.982155703024,0.001,11835.6543383355,0.967174022683435,0.700587879312262,0.0942035177133262,2.35233326063252,0.369536285125798,6.3656354066333,136.205026391688,799.861713327698,10,12,2,532,556,73.9194681259873,231.532877799218,370.542345177365,1160.60802719821,,3179.07375098795,1903.26068097659,40333.1078243884
CDH8,SMAD4,139.392651555467,964.377158125058,0.001,0.001,0.7590265490435,0.769437524169092,0.584054591688344,2.17044871991985e-06,0.503484216820416,4.31085751530919e-06,136.205026391784,952.261127383773,12,21,0,523,556,74.6405056347805,233.801119582367,608.464986016799,1437.70610583528,,976.999333433324,,7201.28142051422
CDH8,SPHKAP,136.81086863282,249.059563308471,0.001,0.001,0.948582795176126,0.922959379847091,0.875505912431574,1.01290245044759e-06,0.174532924715363,5.80350356300671e-06,136.205026391825,246.216275405367,12,7,0,537,556,73.2598086206872,229.460432427938,107.015764503591,481.68022503387,,5357.80712701735,,6106.06711326194
CDH8,SPTA1,138.077290480495,136.074124789662,0.001,1172.99165414541,0.968137760088534,0.778829244218199,0.501358152218499,1.16237332722489,0.307514885665811,3.77989288130945,136.205026391652,146.960144956465,11,11,1,533,556,73.9366340061625,231.588982876707,70.6561461346563,233.056511281392,,2742.66632098912,65.8974541512708,5494.82579285879
CDH8,SYNE1,142.810816247211,232.541242670113,0.001,2437.42789763936,0.837421671040459,0.280864543637063,0.0809984802700544,3.43942488243595,0.867168469832191,3.9662706868269,136.205026391658,252.979974339427,9,31,3,513,556,76.4664676970718,239.552890263398,159.971384077581,324.328269824411,,938.298812266963,577.841290705766,7126.28022798977
CDH8,SYNE2,123.731854927126,999.094977239219,3402.596789027,0.001,0.561727439427335,0.981794777312617,0.0440485699610723,3.07091473974394,0.352484987363541,8.71218590815247,150.171780089296,989.451682137922,9,10,2,440,461,59.4664845509748,223.1070480197,534.849075575006,1675.23371220533,538.158874999067,12131.366677603,,33076.9122294374
CDH8,TENM1,138.346987112431,282.319605851913,0.001,3992.54314749983,0.971190396613773,0.764351298386025,0.128996548517596,2.31545402235019,0.431766766018195,5.36274258369533,136.205026391835,319.592763286885,10,14,2,530,556,74.0811235173521,232.043407395715,159.042413755155,457.100977050777,,2865.45085284425,640.253964482522,13718.6869457333
CDH8,TP53,74.1534604476568,762.65532788055,819.2876272555,0.001,0.920636686897176,0.980274206117994,0.0261017872688584,6.5589649337768,2.2103539725123,2.96738215477851,136.20502639136,758.02384153907,6,90,6,454,556,29.4707934374304,150.280765565497,619.911216246638,925.864583200255,322.8997872408,1685.03437274454,,6596.93799496827
CDH8,TTN,152.541232258762,534.156059069385,0.001,9191.68913876486,0.958681666839839,0.635606909762047,0.0944041927361675,2.66861246705793,0.452185296812105,5.90159053350824,150.171780089083,617.519532483876,9,12,2,438,461,79.2045561424787,261.269847449802,286.023857496841,895.927377850138,,3312.25232187263,1460.6576668399,32604.4535111222
CDH8,XIRP2,126.352244831708,308.605747304765,906.482076020461,0.001,0.803829246014176,0.966579370016105,0.571223696147289,1.42207901903751,0.448922156143713,3.16776305106728,136.205026391635,305.528421756314,11,18,1,526,556,65.6081401015812,216.404710662521,189.808010289998,468.918405302973,51.0790264391551,4188.5099575363,,5260.8937363473
CDH8,ZFHX3,153.301031164102,297.543256917829,0.001,2611.31253881757,0.90513817481458,0.602518409470671,0.466558745444623,1.26120602666451,0.333769715254492,3.77867124853692,150.171780088964,323.739257245505,10,10,1,440,461,79.5972255871554,262.579752563235,149.08502703176,521.907961970457,,2028.70009543636,145.974431622409,12509.0881465079
CDH8,ZNF521,131.046548324728,248.337632022313,602.127103492706,811.422729652184,0.969361914367432,0.991687621710353,0.545764099856806,1.33036142581192,0.372332415942871,3.57304754796328,136.20502639132,253.642162904754,11,13,1,531,556,68.3520508711369,223.380577303678,137.555962882137,406.173001320412,,4248.92121601795,,7411.17468956255
CDH8,ZNF536,151.954675120709,154.809444435779,0.001,3379.31890294877,0.979324189770021,0.668812449497397,0.0650278769475575,2.4753501466935,0.326627030658286,7.57852202772277,150.171780089001,187.437863803632,9,9,2,441,461,78.9014963323441,260.260084501918,74.3863171926423,279.085143273293,,4488.98480015617,541.177347039944,11663.5608799883
CSMD3,CTNNA2,410.181703359756,106.49784447577,0.001,1701.97519653291,0.966196992487602,0.525863964853358,0.0154535627296003,4.33305140767144,0.823943758452858,5.25891647726992,405.633710663958,145.710266783782,26,10,4,516,556,280.342478497563,575.019713969192,53.3611841614352,186.80275372608,,5631.57102503153,515.607781318241,4159.86024984315
CSMD3,CUBN,405.412956850956,284.270967804355,434.059123916788,1169.99441522703,0.999942150530518,0.914754422380619,0.53015645492685,2.0451677682916,0.878820810579723,2.32717266554314,405.633710664601,309.101661701468,28,13,2,513,556,275.517164634897,570.48200993881,156.623878921355,467.082803456931,,4498.21093524858,,4367.13604541017
CSMD3,DMXL1,407.511063860979,427.870178886656,0.001,0.001,0.872824368714154,0.858517157010051,0.749346286853535,7.07734416701029e-07,0.2818757801653,2.51080251125511e-06,405.633710660922,414.98055259257,30,5,0,521,556,278.520186880807,571.267936761357,153.431065895217,919.650652867857,,6142.65149117319,,5369.77284608539
CSMD3,DMXL2,408.209532364485,238.068275921625,0.001,5016.38903149328,0.97500450413724,0.582264026702309,0.0256075563787928,2.98189866632723,0.470971272998844,6.33138120578013,405.633710663339,370.962872294558,27,5,3,521,556,278.99992428314,572.256919276845,85.3672736073278,511.696810029611,,9100.09124251748,1222.26957512685,13631.6143737092
CSMD3,DNAH5,398.68688482645,250.431686331822,0.001,4661.161475155,0.989765006030699,0.29238157822535,0.00351494679190735,5.08016834899234,0.927921102908057,5.47478479912931,391.616038590212,356.945734721586,19,11,5,426,461,259.682020202845,580.201860481698,130.025419770391,428.970290284769,,4902.82535488042,1601.79999123151,10889.8807912559
CSMD3,EPHA2,399.300855560858,933.396680484523,771.917645699318,116.204630394283,0.984869552977636,0.985130480991511,0.98440255806725,1.02388902113443,1.00524078520567,1.01855101404878,405.633710663829,909.547055364995,29,17,1,509,556,271.027782365743,562.803138464257,564.555160381446,1435.30874976037,,3712.03556200013,,6049.14094549783
CSMD3,ERBB2,409.283688644777,577.026493294368,0.001,2613.82402114094,0.962738193435946,0.88415557164879,0.763595038131244,1.05579813559481,0.512765088834627,2.05902889760757,405.633710663818,631.961652814229,29,8,1,518,556,279.728598609759,573.759548171506,263.683189601979,1074.15333495164,,5095.13953510953,148.213107269584,11782.4356279645
CSMD3,ERBB3,395.372410642943,775.388683982568,0.001,5137.3888652314,0.927583272542619,0.74703068017044,0.593606366764129,1.11088216702184,0.386001497713776,2.87792190859728,391.616038590986,882.536201197132,23,6,1,431,461,257.524675550775,575.375763910424,308.176826346431,1571.2974279819,,5538.88053432176,290.93331055564,23277.1707245942
CSMD3,ERBB4,339.846067094831,190.294597799882,10351.8566578212,0.001,0.760855727900382,0.98837831488597,0.000369687912783146,5.31641233040349,0.64085799762514,8.29577277666001,405.633710662842,185.780281641772,25,6,5,520,556,223.425071790048,491.046151852066,98.809975834305,325.929116274465,3366.4516756232,28180.1265920457,,3802.90396458053
CSMD3,FAT2,398.457259219108,166.426622350519,1262.8914672908,1518.52569914007,0.987104144987071,0.875284485469568,0.0672406252088233,3.02222993074748,0.642067004150645,4.70703199387332,405.633710663974,203.194461859108,27,8,3,518,556,269.546058273974,562.425595626282,76.6166411453159,307.001665944173,,9002.65968557729,15.7322292067215,4916.80601356802
CSMD3,FBN2,397.646180643233,226.136007500625,965.255147899393,0.001,0.989728897986575,0.990648541807757,0.976665042273527,1.05138801655867,0.887962193126292,1.18404592526287,405.633710661609,219.685813027699,29,14,1,512,556,269.898408382077,560.492993500138,130.122385522002,360.674331587756,54.4368231855552,4448.51138195441,,1776.04405362085
CSMD3,FBXW7,409.261377625031,556.043607205928,0.001,4846.43814288071,0.969965319395823,0.849944205187761,0.286102811231805,2.01463638146689,0.580553117762536,3.47020164017263,405.633710659603,675.9762806383,28,8,2,518,556,279.713782763595,573.728740320149,254.092217638402,1035.11248210312,,6006.6154262258,795.090336291915,15514.7978720716
CSMD3,FGFR2,410.119783082465,594.755938722862,0.001,6276.52823062571,0.970405539456671,0.815178807250653,0.103370505582096,3.17183115179134,0.785935486279371,4.03573983763837,405.633710663427,738.415970074869,27,11,3,515,556,280.299793920603,574.931935768972,308.822641470062,1018.66284307754,,5371.71590578752,1537.98113858028,16831.1734013812
CSMD3,GLI3,411.893425035047,136.833690519841,0.001,691.657958399158,0.976861383481422,0.838849700842278,0.545298932530763,2.19898583447671,0.990950333696041,2.21906765627188,405.633710661234,151.214104226411,28,15,2,511,556,281.513459473809,577.426192747977,78.7354292903271,218.235602658513,,3547.9616125545,113.482551348879,2212.66419793576
CSMD3,GNAS,411.380440933543,675.149592908252,0.001,1731.20838141581,0.983809684783103,0.973197364403894,0.960509432923484,1.08003281344426,0.8787545913041,1.2290494116696,405.633710662616,704.108062931752,29,14,1,512,556,281.160956846255,576.70434014761,380.338324716607,1093.18426633017,,3295.42933422789,98.0334504878451,7845.05395578223
CSMD3,HMCN1,371.16076494948,227.700315396116,1479.00022519052,738.79122464461,0.823045331531775,0.890601107413901,0.0431005537508805,6.37786965149321,2.1441719040942,2.9745141419468,405.633710666014,239.559836498057,24,31,6,495,556,243.961374004586,535.175129586157,158.278112401446,314.419275442149,,4174.82789274115,,2396.89626321335
CSMD3,HYDIN,393.506421378357,242.026133634824,249.923754027649,3051.97181599293,0.999294574998765,0.62922158041366,0.0633511982088572,3.28549001153026,0.70579973401465,4.65498901911184,391.616038589268,309.630998021143,21,9,3,428,461,255.296916758013,573.888344546784,116.303958145847,436.068704657522,,6379.29203337813,624.121607527558,8727.15976308958
CSMD3,IDH2,368.060911743725,3784.50987842706,4565.07701400004,0.001,0.670678281039893,0.953614343613448,0.0631775975529085,2.99771874902682,0.622914323649281,4.8124094040172,405.633710661427,3678.99264177549,27,9,3,517,556,246.09348820725,524.9116245821,2026.48534968462,6347.61546432261,1087.98726656377,13193.293526333,,47613.4143536328
CSMD3,KMT2C,410.92529196112,294.718646057908,0.001,1701.02028018966,0.968359157533657,0.897589761750903,0.476992747798396,1.99336514515739,0.800952442837549,2.488743449106,405.633710664332,334.293583892813,28,12,2,514,556,280.848569286383,576.065393273489,157.811712404347,494.327828847501,,4182.81658072812,279.383325912731,5427.9552550907
CSMD3,KRAS,434.002323880933,9668.14860649067,110.692596591985,8426.0671702588,0.987310992884381,0.999609653963252,0.566931931098223,2.77596264118557,4.60494986091303,0.602821469295038,405.633710666073,9631.40354650987,27,83,3,443,556,293.750173039214,612.42540802869,7733.6780514402,11901.6881117992,,854.217459266491,249.829077715932,26568.0244306315
CSMD3,LAMA1,369.340738938677,173.147406256599,3264.11032326335,0.001,0.85429872470335,0.982689219242988,0.140346972001864,3.11531869162806,0.872342178875493,3.57121181007654,405.633710665246,168.424999366674,27,12,3,514,556,246.947480090778,526.740271324532,99.6325017711304,276.158764306095,784.561438552006,9197.49086744613,,1893.28555799346
CSMD3,LAMA2,369.327668842081,324.311553259049,3273.32341714238,0.001,0.668083253933202,0.951191137491868,0.132807752353848,3.33614611734079,0.9316492177094,3.58090368555583,405.633710664983,315.248248691261,27,13,3,513,556,246.939942670429,526.721254992676,190.211409857197,510.201891168701,790.331143735017,9112.31971107136,,3131.67093886052
CSMD3,LRP1B,331.7724497307,167.394388079047,2907.43031393215,657.479168127412,0.762041893409313,0.950906859323237,0.000273028480778231,9.06282880220979,2.0555231541606,4.40901324018931,405.633710660562,178.116261967667,21,27,9,499,556,211.131362370825,490.018699645707,115.01796165979,232.949313941473,773.945227357801,6495.4015482992,,2238.97078253052
CSMD3,LRP2,377.260576762856,290.141431473824,2104.68654101589,1542.74146094722,0.919451337455305,0.926060592266818,0.0160320711437568,5.21004022555847,1.22283289640388,4.26063139197532,405.633710661186,320.968138534704,25,16,5,510,556,250.2983404741,540.188983313067,173.344014246143,448.308104851973,,6973.74667127773,,5146.54447077331
CSMD3,LRRIQ1,381.902504930221,357.806086232017,2945.64914059157,0.001,0.812537031768676,0.96316149690929,0.312620410315177,2.07425654056935,0.633032641271727,3.27669760662307,405.633710661959,347.180737424136,28,9,2,517,556,257.327818887342,541.383248624166,185.783760776238,612.846960753544,472.953568850275,10086.8519919507,,4190.69217071831
CSMD3,MACF1,350.244216812255,1358.92252599866,2179.32946989957,0.001,0.934362148021395,0.977957199439711,0.294241285212808,2.95098165843671,1.13134899333267,2.60837431758689,391.616038589022,1322.43671527085,21,17,3,420,461,220.973995516578,522.184621225679,846.879716166801,2044.86831528097,529.021262242153,5983.71500729714,,11291.5928074432
CSMD3,MED12,410.399176235972,405.729960902476,0.001,0.001,0.708593206493099,0.727017450245897,0.515214635492976,1.50549946699918e-06,0.579697295415559,2.59704414511707e-06,405.633710660922,392.891718640516,30,10,0,516,556,280.490214380784,575.330792325625,203.28914704098,711.690215297007,,2344.22047435432,,2433.81967324431
CSMD3,NF1,410.767224015016,364.998620896845,0.001,3740.54984802854,0.966191675233508,0.601636830199217,0.108480413827806,3.13194123316654,0.803001913060402,3.90029112288175,405.633710664514,453.058167587299,27,11,3,515,556,280.742939494374,575.839651136199,189.520252174495,625.159330216895,,4679.74533365031,914.148726287462,10092.3819788896
CSMD3,NRAS,411.063236556467,4132.68626945007,0.001,0.000999999999976353,0.674607420862532,0.698814046663033,0.471470684710852,1.13111014054005e-06,0.803237992714959,1.40818804737669e-06,405.63371066192,4034.32576335629,30,15,0,511,556,280.944416938608,576.2568199587,2378.07158840146,6591.19304356899,,2027.69257242326,,22097.3106899967
CSMD3,PBRM1,413.83520375429,696.512171977715,0.001,1360.39734710299,0.93312925577815,0.947687560172632,0.932632558295261,1.0053333595733,1.04808336816016,0.959211251809196,405.63371066204,716.229234703538,29,17,1,509,556,282.835193029122,580.15890650948,415.626707991123,1082.13732348045,,2275.08514716024,77.0644001505843,6152.95591294014
CSMD3,PEG3,396.180130446051,178.386214772053,1301.81726196259,0.001,0.873287716036913,0.929402653856796,0.843348344992231,1.19828923801204,0.763799763528194,1.5688525909943,405.633710662152,173.098906701925,29,12,1,514,556,268.906495348532,558.421217826521,98.1262690736809,293.686394638882,73.3234019377076,6039.93044593294,,1466.30139545175
CSMD3,PIK3CA,415.682919632225,973.312138464246,0.001,4506.99331535717,0.977467955250699,0.868939935415334,0.47640534561029,3.16963364823633,1.56189783949628,2.02934761037799,405.633710664079,1067.18196096906,27,24,3,502,556,284.096849454511,582.746121354151,633.959826433396,1416.42805783258,,2560.27859653625,1102.69066631872,12128.6607771999
CSMD3,PLEC,411.17222965565,227.996117741983,0.001,2292.76145415626,0.925230213399729,0.568256400435578,0.110489199680408,3.10499814744932,0.810318209375127,3.83182570936388,405.633710662496,282.790395644102,27,11,3,515,556,281.017007312001,576.41456031135,118.382423947872,390.51143796792,,4144.08959357249,559.987939791692,6195.95453130557
CSMD3,POLE,402.87287612845,221.099140392033,905.526426929527,4876.71392218128,0.997309451326752,0.645773846504913,0.00412731837855387,4.1716575820014,0.570621891864605,7.31072123498416,405.633710663993,337.97083277638,26,6,4,520,556,273.789063087762,566.807659628779,88.047520147503,446.720471950691,,11842.5824007679,1163.31997152559,12461.0489916372
CSMD3,PREX2,408.693664606524,132.088230476185,0.001,0.000999999999976353,0.801143971479039,0.794645459370032,0.636646770030819,2.42220837911493e-06,0.460167365909049,5.26375523029523e-06,405.63371066265,128.33417010869,30,8,0,518,556,279.327561435296,572.929688238103,60.360636984884,245.885952317059,,3661.46466779614,,1100.02867030632
CSMD3,PTPRT,408.173137542394,92.3012948763626,0.001,528.31935158048,0.990999541673293,0.967145319800292,0.696287086374703,1.0274253419408,0.410535606382248,2.50264611879771,405.633710665249,104.663255867001,29,6,1,520,556,278.971730841364,572.19853135835,36.6849770624639,187.04491249339,,7547.06744340489,29.9340926733044,2388.96634812413
CSMD3,RASA1,409.711556700826,300.563352131267,0.001,2329.38079156864,0.981434498376404,0.848171340239476,0.335199932383417,2.03322355621342,0.646051454707216,3.14715421101381,405.63371066268,357.440733420575,28,9,2,517,556,280.016591622928,574.350499726558,144.41299019623,541.849182267036,,5452.56655602245,381.815020020124,7467.68196206502
CSMD3,ROBO2,395.246641453882,228.280131736643,1670.08778722452,0.001,0.960396418266544,0.982504711046442,0.799653350055722,1.04357273116205,0.529450453621855,1.97104889423212,405.633710662152,221.607065544366,29,8,1,518,556,268.273472865704,557.105007436119,109.687816911381,411.551856509436,93.3899341440553,7996.40584000792,,2862.02757639751
CSMD3,ROS1,393.866345618053,186.954776840431,2886.39742191857,0.001,0.862667119409528,0.972074429299249,0.565426880443055,1.09741173469812,0.340903895715595,3.21912347875795,405.633710663546,181.372976807933,29,5,1,521,556,267.337394628265,555.15260394939,74.3049360979965,378.855940690841,159.328640011596,14751.4037599228,,3319.28432255515
CSMD3,RYR1,338.499731084135,305.614627102278,4494.06065673659,470.636686008695,0.678830327879048,0.998745779434233,0.0156014505453432,4.19704915894502,0.7979870463228,5.25954547543775,391.616038589892,309.416932402639,20,10,4,427,461,211.097868978323,508.920726475306,167.546213681026,501.829717281804,982.309519913707,12482.7017022456,,4991.63441862164
CSMD3,SACS,412.116369604351,185.769513019891,27.449410350962,1255.1780380403,0.993194917684889,0.825403436569056,0.249328822590536,3.0979659106423,1.10188963074439,2.81150291663007,405.633710661376,214.598021905212,27,16,3,510,556,281.518613029496,577.921060030748,108.957479781416,292.253455274647,,3709.34937384444,297.54110931715,3404.20726086661
CSMD3,SF3B1,411.376714040949,823.073775801705,0.001,0.001,0.66040440081734,0.672110452389212,0.443919326259194,1.57924096509969e-06,0.817074786959899,1.93279855198517e-06,405.633710664517,799.861713331776,30,14,0,512,556,281.157683740029,576.698908823468,463.664402599363,1332.66220582248,,1926.36130904094,,3965.08030246774
CSMD3,SMAD4,413.293308614334,837.870457206367,0.001,5067.48586322163,0.991210515019061,0.852021646245246,0.310303465710906,3.04086155448271,1.18886070322057,2.55779465688886,405.633710661239,952.261127386058,27,18,3,508,556,282.466658313278,579.387894989771,507.934368745903,1286.80279261448,,3335.95368533466,1240.89268067646,13610.3167286146
CSMD3,SPHKAP,380.180061074045,254.105552716643,5945.47103268076,0.001,0.556839036276815,0.935922022094429,0.103112122245907,2.29841044625445,0.396873906998088,5.791286365081,405.633710664791,246.216275404557,28,5,2,521,556,256.170178904472,538.936775310207,109.181700090781,491.464840966179,933.87540434645,22189.7949905006,,4073.5119905049
CSMD3,SPTA1,400.513378963719,134.512693517338,895.319365220474,577.206145737211,0.997896195110823,0.970106171954433,0.397299120496286,1.99417366034461,0.691861742503635,2.88232971681351,405.633710665196,146.960144956434,28,10,2,516,556,271.441896476251,564.738170342407,67.8356846392212,234.221078644679,,6425.68079316364,,2445.863021822
CSMD3,SYNE1,419.166679479937,213.110985089619,0.001,1769.73974019959,0.967678160494618,0.474184109429004,0.0308565085451048,6.15736247934559,1.98594016336355,3.10047734213551,405.633710661653,252.979974340939,24,28,6,498,556,286.472537809626,587.642782866912,143.584749512274,302.133868947313,,2399.12784999153,681.152353154513,3806.77254079297
CSMD3,SYNE2,362.4795508309,1015.88703875905,3188.78967835326,0.001,0.702161289542292,0.944436587512709,0.253777476748662,2.42755815997315,0.672417259772144,3.61019608686986,391.6160385904,989.451682128206,22,10,2,427,461,231.316881344048,535.789786571928,543.973187962114,1703.92839467296,514.901699115382,10716.3779410987,,12168.1639384212
CSMD3,TENM1,369.671631596201,328.744759933404,3041.06839272956,0.001,0.795765864922017,0.978044754202491,0.161266314969705,3.13824792262282,0.932687391588373,3.36473715730022,405.633710661161,319.592763286665,27,13,3,513,556,247.168741674865,527.212866049225,192.812213279423,517.191921354171,733.699973727312,8483.86435111802,,3287.70151533093
CSMD3,TP53,294.649216682077,774.530271716896,1597.02704072471,0.001,0.859408266981309,0.963303137948782,0.0790654950403057,10.3067222091232,5.28984054233867,1.94839941329621,405.633710662527,758.023841527718,20,86,10,440,556,183.622439102822,443.392185870932,629.572652299768,940.394680033229,793.042633227839,2844.0033851205,,2450.33325950557
CSMD3,TTN,397.988703145922,589.014449216241,0.001,1666.85892617858,0.972241800193222,0.959896577453093,0.93161614471553,1.0721957107193,0.801634816131321,1.3375114068694,391.616038589875,617.519532480993,23,13,1,424,461,259.226667153381,579.189401526857,323.99481607625,969.778696622547,,3468.70531058953,94.1213816262643,7642.16900722044
CSMD3,XIRP2,384.250186482984,314.558904601779,1791.82092369548,0.001,0.757146210869492,0.911277295919915,0.550445702585359,2.25219705818525,1.06414971696515,2.11642875272127,405.633710661937,305.528421758484,28,17,2,509,556,258.909409079532,544.719247638147,193.463678439712,477.98705432282,292.883997240161,5796.55747939589,,2155.13134336134
CSMD3,ZFHX3,389.999955064437,251.495933530899,557.403884443863,3124.6800272739,0.999406532747767,0.74089881532217,0.0556144254262727,3.10776719004536,0.626168625959799,4.96314740343583,391.616038589271,323.739257244136,21,8,3,429,461,252.188024110463,570.060174753714,115.085587597435,467.247798193683,,7766.34509387613,501.982619429784,9154.36807323541
CSMD3,ZNF521,396.413502396802,222.642363792285,1283.54481270947,1433.08042268118,0.980661824713701,0.913673158126012,0.11036552870636,3.21560453943758,0.811307445468105,3.96348456728663,405.633710660385,253.642162905045,27,11,3,515,556,267.578515011962,560.470103177945,116.504793901746,377.996640609173,,7403.98176195734,,4945.78243584178
CSMD3,ZNF536,395.40638406393,139.579957419192,0.001,2101.19104285279,0.982078780551995,0.852251608613907,0.0500540145573678,3.1811541831575,0.617330745003123,5.1530791377342,391.616038589951,187.437863803128,21,8,3,429,461,257.548634729332,575.419982335486,63.7832490180319,259.835344041136,,7352.74478267722,510.906892422094,5742.64012116177
CTNNA2,CUBN,126.633908773872,313.677106265648,1405.9168548673,0.739334789765124,0.808259477471723,0.996836551871866,0.194129641004588,2.01610113081295,0.459822494719983,4.38452044857154,145.71026678363,309.101661699948,12,13,2,529,556,67.8087080610707,212.400089251805,180.494510780536,500.295842385805,227.200745905251,4690.31429527265,,5830.61509036215
CTNNA2,DMXL1,146.388303502316,421.339473509705,0.001,0.001,0.937749421701837,0.92695089639143,0.869251331084328,6.49472916617027e-07,0.137277674202175,4.73108916210598e-06,145.710266783648,414.98055259817,14,5,0,537,556,82.466407663275,237.017162186858,151.091078859591,905.597487467139,,4765.93343773955,,10857.9069212319
CTNNA2,DMXL2,146.124304525904,285.941668496173,108.714296574466,5977.22859651101,0.999863855754136,0.633834171472751,0.0696987553950352,1.8850647048427,0.249638020298165,7.55119233276725,145.710266783524,370.962872294849,12,6,2,536,556,81.9451913097247,237.129766150869,113.667293108547,579.282433394332,,4963.27201207375,787.345773868067,20799.8820178408
CTNNA2,DNAH5,154.375345013983,317.089599749878,0.001,2651.99151547634,0.976455948636019,0.715094806390574,0.294939017652348,1.81781195943428,0.540279304087384,3.36457818332474,150.150050706537,356.94573472098,10,14,2,435,461,82.6610681185668,258.957288440177,178.607031384101,513.45910543402,,1827.14983765837,420.916185028435,9399.42186652222
CTNNA2,EPHA2,147.998292287028,924.144713257899,0.001,0.001,0.806087452967461,0.752595568790904,0.606689478997381,2.0295374802571e-06,0.495677719722217,4.09446985310227e-06,145.710266783592,909.547055367479,14,18,0,524,556,83.3724490019798,239.62744471463,560.246588887687,1419.27552036419,,1332.84039674644,,6333.17863836635
CTNNA2,ERBB2,145.168519595297,582.26893606874,212.047948099941,4072.82395335329,0.999423182681784,0.922557713390869,0.522392606816999,1.00542956256391,0.267320642438743,3.76113701280776,145.710266783857,631.961652825974,13,8,1,534,556,81.0734071982106,236.142173874938,266.389516703146,1082.21632909034,,4193.74072916702,,21949.0829361421
CTNNA2,ERBB3,151.515005327316,638.443849785304,0.001,18544.1151021521,0.979154085414038,0.515975757898124,0.0434590440615185,1.97507005159676,0.20984675108867,9.41196392772455,150.150050706309,882.536201194042,10,5,2,444,461,81.1306178221118,254.136583653584,228.942624815452,1372.23601659129,,5507.40524105166,2987.36414771848,62766.6421882568
CTNNA2,ERBB4,125.795901699877,188.504235308908,2590.5096998825,0.001,0.532934229657683,0.96840592106445,0.0694365649459439,2.44510861675978,0.332808299733206,7.34689795512881,145.710266783283,185.780281642278,12,9,2,533,556,67.3604219717643,210.99162901162,97.8795143269967,322.856391253525,410.65154543186,9195.88741533135,,4461.24510309483
CTNNA2,FAT2,147.271012911748,206.714063864404,0.001,0.001,0.863193467020579,0.828985259050188,0.715596003912401,2.05775746064084e-06,0.340190773548443,6.04883383278416e-06,145.710266783648,203.194461858156,14,11,0,531,556,82.9628653653349,238.449304249722,107.33309535599,354.055520194992,,1988.83205179369,,2161.25689228742
CTNNA2,FBN2,136.857821802595,223.265092804461,852.852499347609,0.001,0.750160941902326,0.952471213318258,0.612392847426663,1.35752804294849,0.487415730832251,2.7851543499233,145.71026678366,219.685813027314,13,14,1,528,556,75.2837594872692,225.313890049744,128.473258882668,356.084433975752,47.9046729553269,3987.9002127244,,2967.89089996987
CTNNA2,FBXW7,140.535417036137,661.127478007126,637.116305534001,1634.08917149096,0.956488035890911,0.991623350992523,0.592789015772157,0.977953455314156,0.306089880717508,3.19498786768686,145.710266783726,675.976280640062,13,9,1,533,556,77.5189637437574,230.719600671824,322.299831094897,1176.66046159184,,4237.60469534331,,16755.1226875065
CTNNA2,FGFR2,137.049900390085,748.991187367302,813.245974584458,0.001,0.910419984506176,0.973671088009636,0.65767434336274,1.03695852059521,0.387136116070832,2.67853728326778,145.710266783749,738.41597005656,13,13,1,529,556,75.3876180882291,225.630887043343,421.943619008802,1212.68340533845,45.6563368030548,3822.39463864809,,12453.028859069
CTNNA2,GLI3,139.223665478589,152.054206684734,515.696944098548,97.3940209290422,0.951917797888507,0.998973886695675,0.794440290268628,1.07097280046685,0.526939988588133,2.03243789361363,145.710266783512,151.214104226479,13,16,1,526,556,76.6190895998689,229.081984040438,90.2323053877456,236.980728346908,,2707.75753287303,,2163.67509489873
CTNNA2,GNAS,148.224548110792,716.563294731187,0.001,0.001,0.789345802571782,0.770799805645737,0.608466919304351,2.02954971501631e-06,0.475027021139631,4.27249319448658e-06,145.710266783648,704.108062943277,14,15,0,527,556,83.4991797661887,239.995373720056,412.327328006736,1142.8620779159,,1218.99635932308,,5394.97999763884
CTNNA2,HMCN1,107.5445071745,242.779644180267,1233.78248825953,0.001,0.411740212805759,0.907217851217145,0.0411734231867642,4.34322730566204,1.09965434942513,3.94962954307648,145.710266783611,239.559836497645,10,33,4,509,556,53.8846609234384,188.643713819833,172.692646865751,329.686822334706,375.612500035267,2984.34552442878,,2169.42332137284
CTNNA2,HYDIN,138.84553866651,289.924664142321,862.274930293513,1575.98996374436,0.911737246230984,0.934355216782612,0.169819777419404,2.01501957519076,0.428209882866784,4.70568208678553,150.15005070635,309.630998020719,10,10,2,439,461,70.4476221177422,240.448471082461,147.74264592781,500.377287620911,,4348.48014320445,,9100.61404930967
CTNNA2,IDH2,147.209936442726,3723.18630519061,0.001,0.001,0.867255916763604,0.867188370208307,0.75208366951035,9.96706378810115e-07,0.273786010347102,3.64045766088087e-06,145.710266783648,3678.99264160452,14,12,0,530,556,82.9289258270762,238.348933827933,1993.70022573526,6244.60010159038,,2029.10683648221,,51185.4085874358
CTNNA2,KMT2C,139.426953633101,333.497401053386,616.307820189858,397.617398036743,0.949851580444131,0.999821292274218,0.686714750987417,1.04523301901852,0.403003220762399,2.59360959210489,145.710266783119,334.29358389339,13,13,1,529,556,76.7690099404157,229.269944367305,185.869987436751,543.115682787493,,3468.91055306215,,6265.18582861937
CTNNA2,KRAS,161.950733544438,9783.65113472365,0.001,0.001,0.230893535154297,0.276315206611482,0.0638939453208405,7.83639510657658e-06,2.14007551595616,3.66173765745615e-06,145.710266784085,9631.40354734807,14,86,0,456,556,91.217594271636,262.278149187617,7856.71782235677,12003.5117488912,,201.390011598245,,14612.6647618195
CTNNA2,LAMA1,115.70786573157,170.647397130068,2610.7636496712,0.001,0.510892203794922,0.98286269740499,0.0171166546892449,3.38802309610237,0.457993433031385,7.39753640937075,145.710266783795,168.424999367129,11,12,3,530,556,60.0799952098873,198.179148940988,98.1956225884147,272.164250372423,616.428394457456,7676.55353245828,,3815.10061295105
CTNNA2,LAMA2,137.128468781906,320.646549993116,774.251502336046,0.001,0.747710237107567,0.917208300458496,0.63673401315292,1.24359216958135,0.486606695712509,2.55564130238782,145.710266783757,315.248248689331,13,15,1,527,556,75.4313258630673,225.760158525965,188.06485304636,504.433718163414,43.6176599650007,3583.87694158121,,3713.7012293678
CTNNA2,LRP1B,107.352867032266,180.339143906928,1299.76505804328,0.001,0.486354341477041,0.933613271794193,0.0358838429066558,4.27617908948697,1.033052230085,4.13936388205187,145.710266783775,178.116261967365,10,32,4,510,556,53.7887819265193,188.305732410068,127.646616898717,245.865998186833,395.988271307346,3138.96006164947,,1822.29704377922
CTNNA2,LRP2,138.265275157299,326.076563231984,470.671442533938,0.001,0.946703248706354,0.985279722390106,0.881811592499275,1.00123226503367,0.626415885368251,1.5983506938766,145.710266783631,320.968138533801,13,20,1,522,556,76.0564131615018,227.638753104322,205.73159966562,486.136446381701,26.5660208814805,2161.07110006835,,3337.84589781072
CTNNA2,LRRIQ1,136.619112122719,353.296573560923,1059.65964659387,0.001,0.760790777924305,0.944152425146248,0.535099824889616,1.10722155675546,0.324937504377249,3.40749080004622,145.710266783648,347.180737424255,13,10,1,532,556,75.1515692373771,224.924476508719,183.443604428906,605.1131763431,58.7144200661666,5292.43321002048,,5764.67004464228
CTNNA2,MACF1,115.102354069801,1341.3231767856,1622.60403972558,0.001,0.60003711879952,0.968962752456077,0.0569740391236144,3.1264754497748,0.649163533431674,4.8161600101708,150.150050706427,1322.43671527574,9,17,3,432,461,55.3034736970071,207.511041310464,835.938274567428,2018.30130464325,389.693830907032,4574.11101451983,,20328.4054159985
CTNNA2,MED12,145.374169353635,367.071223279555,178.104845943532,1947.29280644097,0.999802420552097,0.941090952040387,0.626187251357717,0.896202096758353,0.302453473414146,2.96310730586716,145.71026678366,392.89171864089,13,9,1,533,556,81.1278327319536,236.584083487139,176.586218293798,660.733126378354,,3240.38040984306,,10738.2231361785
CTNNA2,NF1,130.853479991314,377.802405622371,1505.31644245458,7301.7659140051,0.85799554910613,0.69017722191352,0.00118094458339925,4.20549083122621,0.422851986934185,9.94553877283963,145.710266783429,453.058167589023,10,10,4,532,556,68.4736214977364,220.855187031323,192.53426211993,650.78023680492,,6555.19531999105,,24916.9187356792
CTNNA2,NRAS,147.743607240805,4077.44265945503,0.001,0.001,0.824802397455639,0.853788209446497,0.704222161882525,1.36033941508561e-06,0.374697855772695,3.63049693006742e-06,145.710266783922,4034.32576376007,14,15,0,527,556,83.22841091035,239.212573795987,2346.31058712469,6502.93580135919,,1494.7055212992,,50399.5991616515
CTNNA2,PBRM1,149.013817159955,604.974582974106,0.001,8289.81330709262,0.939858332940576,0.591841164508848,0.0549467227690361,2.76048215772537,0.54872315384032,5.03073751928588,145.710266783784,716.229234697754,11,15,3,527,556,83.9425216382107,241.278835665443,348.115146276949,964.897207285274,,1905.09906951367,1962.1589262689,24359.1734946876
CTNNA2,PEG3,136.4417026754,176.086712515615,1200.22614484062,0.001,0.602912313994663,0.908930306902281,0.462168053769335,1.52377951947858,0.400297120585923,3.80662123486722,145.710266783582,173.098906702824,13,12,1,530,556,75.0561811412798,224.632616904124,96.865956608538,289.906953316507,67.4560069756045,5614.48309110242,,2364.40485779754
CTNNA2,PIK3CA,128.202905446019,1082.84585209294,799.564678051196,0.001,0.799271149701793,0.93823026882387,0.421014784611066,2.05933276844341,0.777897532764158,2.64730595188525,145.710266783449,1067.18196098235,12,25,2,517,556,68.6467854640474,215.036295856287,724.00114111778,1544.34841596358,131.069366974233,2564.80508051005,,10672.0644599279
CTNNA2,PLEC,147.922200664217,224.802339103908,0.001,4617.22068391576,0.98777417838667,0.537319074970017,0.021701051674705,3.00094013222989,0.431293612018416,6.9579980982926,145.710266783453,282.790395643285,11,11,3,531,556,83.3294664522984,239.505825691365,116.726176535156,385.032302965064,,3077.37435798078,1094.37678776876,13507.9693197074
CTNNA2,POLE,147.146176563128,308.447013381912,0.001,2394.60063958988,0.994601449711561,0.982205405773594,0.563292676200785,0.974968169525187,0.284034534214473,3.43256911425071,145.710266783922,337.97083277448,13,9,1,533,556,82.8929072599956,238.248279560181,148.210341185559,556.061225296984,,3709.85792116588,134.719758724476,11153.8172761495
CTNNA2,PREX2,146.579386723033,130.392812421015,0.001,0.001,0.921172431644393,0.880826984251002,0.81140058700657,1.75785877407726e-06,0.23505975117957,7.47834865499527e-06,145.710266783648,128.33417010869,14,8,0,534,556,82.574060951942,237.326222875125,59.5862338533288,242.726404074935,,3572.47168644685,,2011.64362772866
CTNNA2,PTPRT,136.177944386749,106.392850222015,1563.96432242226,0.001,0.860635176631785,0.979754277068671,0.41127293700451,1.03431540527229,0.215285135742134,4.80439767337761,145.710266783648,104.66325586707,13,6,1,536,556,74.909496533313,224.195024309769,45.7140582024822,205.767559515948,86.4030636646484,7948.27815502684,,3059.75904342907
CTNNA2,RASA1,135.906546917226,331.351556011562,1136.43345506815,2290.52576872853,0.858542629028306,0.900680232130199,0.107733475972162,2.11357168707189,0.34465176379367,6.13248475448745,145.710266783574,357.440733420395,12,9,2,533,556,73.486545786864,225.700644078869,162.353917959896,586.285260797822,,5755.52161122617,,12559.3245237303
CTNNA2,ROBO2,147.025993591679,225.769612019703,0.000999999999976353,0.001,0.883352809820864,0.846614966616341,0.747875964617273,1.64128785328584e-06,0.281177068152932,5.83720380921372e-06,145.710266783648,221.60706554462,14,9,0,533,556,82.8250889482353,238.051666903787,108.481005980332,407.017704958102,,2371.89922209499,,2662.77460390173
CTNNA2,ROS1,135.881384687448,184.151722360075,2312.04171616502,0.001,0.756241353080565,0.975519694815891,0.297251368324111,1.15400330545792,0.171107328646132,6.74432424717777,145.710266783648,181.372976808706,13,5,1,537,556,74.7467185615609,223.706004092108,73.1912112870145,373.165855949281,126.086921322883,12546.5336096876,,6378.9963222819
CTNNA2,RYR1,114.174962238511,313.788446554325,2496.80563569191,0.001,0.564129265512868,0.97253783408141,0.0199615716813998,3.10762356179882,0.452061012412113,6.87434544557852,150.150050706638,309.416932402477,9,11,3,438,461,54.8596256306368,205.839745342297,176.763426519624,508.078057289077,587.804242602608,7455.01416335883,,6658.30012465053
CTNNA2,SACS,130.40398733929,190.490254872099,1004.54277930465,2220.7002631427,0.921336454842937,0.842428141592193,0.00583622995638186,3.87761316438953,0.565310318974428,6.85926478650559,145.710266783463,214.598021905014,10,15,4,527,556,67.9380811714004,220.771116903647,110.833030065683,300.335801191865,,4170.32480508143,,7911.2389749472
CTNNA2,SF3B1,137.226099296791,812.685686918023,726.059155715159,0.001,0.918090694768703,0.978263118539792,0.706225184078845,1.01173119192115,0.420993409310644,2.40319959777472,145.710266783691,799.861713330906,13,13,1,529,556,75.4855371405717,225.923549045648,457.817736596561,1315.82689013716,40.8731938403998,3371.88979214002,,12396.5619645921
CTNNA2,SMAD4,148.954578358676,967.84478492257,0.001,0.001,0.737214616804574,0.713962024164354,0.526391814673983,2.33905666412355e-06,0.573622133692762,4.07769597219966e-06,145.71026678363,952.26112736747,14,21,0,521,556,83.9099329824717,241.181016135956,610.651869042356,1442.90455854476,,943.887706929792,,5592.99213697022
CTNNA2,SPHKAP,146.38541878228,250.293272587657,0.001,0.001,0.938266226657113,0.891684205577094,0.836642290887441,1.10778362170418e-06,0.198593084005893,5.5781581078186e-06,145.710266783648,246.216275406314,14,7,0,535,556,82.4648564671109,237.011970331119,107.544947609562,484.071125928077,,4705.04189842526,,4267.98523015042
CTNNA2,SPTA1,136.930377426128,136.512145696613,881.661164405809,869.781543235495,0.972367692488046,0.972860159248768,0.143624543297657,1.84686851248863,0.348717588132389,5.29617253428432,145.71026678385,146.960144956673,12,10,2,532,556,74.16418623718,227.090733911621,69.3934764174129,236.045896381197,,4810.27259252966,,4664.57093560102
CTNNA2,SYNE1,151.737116063588,225.715644935123,0.001,2307.87398535752,0.985271379251534,0.601985257362272,0.0531552339795367,3.85114315004509,1.01886233072866,3.77984643645709,145.710266783629,252.979974341319,10,30,4,512,556,85.477753803262,245.706425810982,154.256555746412,316.44467251307,,1319.55178435208,673.241265314609,6176.23530159728
CTNNA2,SYNE2,151.670035408901,1007.76414844623,0.001,0.001,0.713586620582815,0.803849312374252,0.714069884382635,1.47133762592143e-06,0.372077556760665,3.95438423841257e-06,150.150050706284,989.451682137167,12,12,0,437,461,81.2127444627651,254.39282965852,539.614167743547,1690.26544994112,,2551.66746140376,,9071.29349563784
CTNNA2,TENM1,126.587163533331,324.451336569321,1445.90662018971,0.001,0.66056252465145,0.971358854112693,0.18049190509693,2.2085862822857,0.491055960667833,4.49762646049962,145.710266783803,319.592763286692,12,14,2,528,556,67.7835234123626,212.320836955497,190.297727563836,510.425681555793,234.105912458437,4810.66293176696,,5277.09819013399
CTNNA2,TP53,136.437045062015,768.915320914403,244.707971663691,0.001,0.893308615201876,0.817175080685247,0.799592574316762,2.22120194041086,2.5555162578922,0.869179342354454,145.710266783603,758.023841539039,12,94,2,448,556,73.0514558633531,228.871273248333,624.977463412749,933.501895146962,40.5454899408895,762.503789526722,,2197.75794262105
CTNNA2,TTN,126.977947348709,628.571156698577,1663.43405136611,0.001,0.53776309220584,0.914018552636117,0.144631489682833,2.3131105362298,0.472980397411326,4.89049979426147,150.15005070637,617.519532482492,10,12,2,437,461,63.6217354588331,222.731755901235,354.082201619554,1017.78838194232,266.340444403374,5739.01338913636,,8906.53562205662
CTNNA2,XIRP2,115.788734625165,309.25372362529,2638.94549847013,0.001,0.322301744434656,0.920466522059017,0.0149222894065243,3.91538212173147,0.514271880715981,7.6134478056245,145.710266783441,305.528421759186,11,16,3,526,556,60.1219562592636,198.317922343701,190.205551999731,469.90705868156,634.487121814601,7423.18566689556,,4867.1274244528
CTNNA2,ZFHX3,142.947483019223,259.321809287036,760.676853566035,5298.6094330152,0.965343119002659,0.629643417499786,0.0110412559800661,3.04871069817816,0.360387456688874,8.45953609537012,150.150050706506,323.739257245475,9,8,3,441,461,73.0689231948791,245.479395233559,119.246397088402,479.015448573422,,5723.99802617572,361.008360399748,18325.1534203713
CTNNA2,ZNF521,126.165098836088,257.531474546057,2013.02151083477,0.001,0.488623586147184,0.92234207503511,0.100766908151504,2.53423621386834,0.423455862768917,5.98465256165622,145.710266783815,253.642162905276,12,12,2,530,556,67.5577138277105,211.612371029587,145.07775640812,416.968993042369,324.930900561775,6770.13397451476,,4152.57392520787
CTNNA2,ZNF536,152.335432366243,190.773745975496,0.001,0.001,0.842958779712046,0.824572421300695,0.695108533767049,2.13313464125786e-06,0.345599077419061,6.17228106390833e-06,150.150050706542,187.43786380388,12,11,0,438,461,81.5671059309029,255.509117716319,99.0602186065497,326.76526771702,,1760.6380446439,,1942.75524979276
CUBN,DMXL1,268.541314165711,421.183767121617,13381.6643201127,0.001,0.641826893421686,0.992940030549707,0.0160175835260264,2.09731987076827,0.147077362616805,14.2599774258437,309.101661701783,414.9805525933,13,3,2,538,556,147.722729717039,442.102319822741,151.031950021181,905.247448653486,1982.26128349152,63140.1370620281,,22901.7559574236
CUBN,DMXL2,313.191885040606,330.617350839978,0.001,2525.77101512772,0.93883867458481,0.755748789785508,0.544271653337358,0.865661979760317,0.261081642783576,3.31567539766827,309.101661702907,370.962872293614,14,7,1,534,556,180.217705424824,499.519962657687,142.051812373573,639.430127427136,,5129.93916365479,141.9136113143,11826.5398784148
CUBN,DNAH5,280.992206560095,293.616957670911,0.001,4628.86894325667,0.970377096195329,0.530908610383046,0.0420209931581161,2.60841349763532,0.491025123073776,5.31217930623766,273.261857596674,356.945734721757,8,13,3,437,461,145.89515256347,481.308144402307,161.502137968162,483.448865070709,,4032.80487779334,1081.59331601219,14110.6871463799
CUBN,EPHA2,271.424971839862,922.957980174436,2965.96889590072,0.001,0.606083398198555,0.954394630885527,0.186627217466842,2.329696114672,0.529575874434933,4.39917342752411,309.101661700949,909.547055372813,13,16,2,525,556,149.30778063858,446.854836878668,559.530950489519,1417.44237419603,483.791480910465,9649.32017659301,,13132.1279681795
CUBN,ERBB2,312.972725380375,642.361968747459,0.001,0.001,0.831568346196704,0.867064854277425,0.721041834132559,6.90551895355827e-07,0.279581816088564,2.46994566748604e-06,309.101661700726,631.961652820227,15,9,0,532,556,180.088456774935,499.155369433569,308.545758620972,1157.62320047447,,3403.05647618668,,8776.40630649533
CUBN,ERBB3,276.557067394137,764.989902176978,0.001,11020.6838337072,0.943788031770675,0.604250824038876,0.334741105594205,1.11627189941365,0.189132938583111,5.90204915006449,273.261857597087,882.536201195536,10,6,1,444,461,143.594516860476,473.683807458548,304.051942525884,1550.22548503504,,6488.06628033132,617.532485535101,52219.5670914566
CUBN,ERBB4,270.068152811198,188.49359900849,4717.41660097681,0.001,0.727361997797288,0.976375111807353,0.0928869638060697,2.27507681425755,0.352845782295478,6.447793705955,309.101661700604,185.780281641503,13,9,2,532,556,148.56128905582,444.620553059486,97.8746287141563,322.838098279271,748.806412505352,16704.3979677069,,4560.68558703151
CUBN,FAT2,249.159524840963,205.904852285853,7270.25537887635,2.19453638971491,0.611783361725874,0.998269945564846,0.00893562369332049,3.23189230130921,0.357470095106991,9.04101446679592,309.101661700441,203.194461859016,12,8,3,533,556,133.41943420157,417.903770479845,106.901465728195,352.681216853933,1687.50723434947,22416.3719900827,,6270.23694949431
CUBN,FBN2,292.380177318805,223.480143470781,1530.96332100614,0.001,0.825346229636186,0.94304728559448,0.685981254329242,1.20569493012637,0.505622663240561,2.38457454102039,309.101661702582,219.685813027757,14,14,1,527,556,164.708079987965,473.397355894019,128.596317438531,356.430059934326,85.9920549596746,7175.04257956165,,2800.29525969016
CUBN,FBXW7,312.666408389429,618.814241340508,0.001,3964.65830780108,0.988343862758524,0.964155204482895,0.639898285661287,0.911064826483294,0.319778857992999,2.8490464698052,309.101661701115,675.976280642479,14,9,1,532,556,179.912114411807,498.659586873212,297.333656104795,1115.58297172441,,6321.46336078388,223.061243600142,18458.2243236727
CUBN,FGFR2,313.354098945802,749.491988344943,0.001,0.001,0.816460622824377,0.813259651674871,0.664016189500247,9.70671737227785e-07,0.41232849292132,2.35412239001637e-06,309.101661701545,738.415970061162,15,14,0,527,556,180.310983920462,499.76231911082,422.215073069293,1213.45961138817,,3027.17093292584,,7056.90920868503
CUBN,GLI3,265.528977854579,146.884396625969,3066.44679372347,473.555943003694,0.934830581124353,0.9960271483624,0.0423478267614651,3.08564267854458,0.550363069675675,5.60655837675105,309.101661701603,151.214104226334,12,14,3,527,556,142.66064665278,443.553060924182,85.5278232286247,231.434825390307,133.738623942364,10208.8662591791,,3710.20348812441
CUBN,GNAS,229.466814952985,713.398816497799,6100.41434567911,0.001,0.823626989538115,0.991054194226762,0.00288055189413058,3.95197634505508,0.49934882256002,7.91425986506668,309.101661701561,704.108062934394,11,11,4,530,556,119.148359022025,393.018739788765,410.51190860693,1137.79139452005,1806.377576465,15773.1834670706,,17644.3711906588
CUBN,HMCN1,170.053805164145,241.975958656809,4402.8570937172,0.001,0.309410984234634,0.949159235192687,0.000110993061966438,7.3050140662856,1.1869841914056,6.15426399035286,309.101661701183,239.559836497491,8,30,7,511,556,77.7077366841225,316.568959877841,172.125312952897,328.584245449665,1834.73055914621,8998.10688591685,,3162.06763779736
CUBN,HYDIN,259.686452117785,279.743509090036,1139.19471801587,2512.06661140689,0.967579084862525,0.85649548555272,0.137042495349465,1.99527155392742,0.38037586163078,5.24552621549938,273.261857596561,309.63099802149,9,10,2,440,461,128.555926737371,456.186176767796,141.146919434584,486.876032476919,,7860.26795073943,,11320.3884765327
CUBN,IDH2,312.20616986519,3733.83395277361,0.001,0.000999999999976353,0.861901848856,0.838057207062523,0.722335657303956,5.32323626191954e-07,0.296689802212733,1.79420938037589e-06,309.101661700401,3678.99264181999,15,12,0,529,556,179.653929183418,497.93075386644,1999.40132384028,6262.53989644885,,4121.59697260923,,41282.0681566579
CUBN,KMT2C,313.89277832961,339.99559220886,0.001,0.001,0.795926365906886,0.79084124404801,0.629481023116141,1.36063385182796e-06,0.425056108831503,3.20106880846484e-06,309.101661701686,334.293583892327,15,14,0,527,556,180.621745676671,500.631206157087,191.532427319422,550.489101037575,,2695.49551096318,,2828.04337299123
CUBN,KRAS,341.349767056656,9542.56899648133,0.001,15474.1185604381,0.835174454743793,0.913187665444515,0.797344914014352,1.92489135811904,2.3046372768919,0.835225298757209,309.101661702376,9631.40354539979,13,84,2,457,556,196.393782009165,544.521449711815,7642.57627770034,11734.8365602773,,857.528194192266,2517.87649405372,50787.8070567734
CUBN,LAMA1,250.072730189973,170.912439695195,4938.43012801777,0.001,0.544231895628533,0.978305430567127,0.0234069986818057,3.28046507584434,0.490058757054156,6.69402398921282,309.101661701401,168.42499936717,12,12,3,529,556,133.907398862457,419.436173924658,98.3479966203805,272.58637150358,1170.14030703183,14397.8155905604,,3335.94490907669
CUBN,LAMA2,292.557153553639,321.096340218353,1484.53201717789,0.001,0.766842918882613,0.910368689721248,0.675190398148984,1.20091852453317,0.51698678500824,2.32291919127881,309.101661701174,315.24824869006,14,15,1,526,556,164.807681584887,473.680859325412,188.330036955154,505.145796417378,83.6722927282734,6859.8381179839,,3419.428207128
CUBN,LRP1B,234.366453591367,180.389961981954,2406.54263099021,0.001,0.708265639090639,0.99184894508865,0.0602573828389699,4.01240845861884,1.09781409631516,3.6549070303311,309.101661701676,178.116261966671,11,32,4,509,556,121.689078154887,401.426858161526,127.683744565298,245.932690024129,733.475886230379,5807.3790699929,,1929.99066467878
CUBN,LRP2,274.197298428687,325.451770163728,1877.98775161493,31.5924136975812,0.914278592671632,0.997103902222954,0.381911854356684,1.95221765263473,0.665436160360997,2.9337414600007,309.101661701617,320.968138534719,13,19,2,522,556,150.83043246921,451.424574677384,205.163984899752,485.436305743095,283.894457758238,6186.32607817538,,4157.89139675508
CUBN,LRRIQ1,270.205797393001,352.835014398255,4458.50670537562,0.001,0.651989746600654,0.964547311287606,0.102696043393078,2.14929706045463,0.348891941477894,6.16035168754623,309.101661701865,347.180737423779,13,9,2,532,556,148.637586527499,444.852871177559,183.206198891012,604.320222704492,702.260079219458,16218.1639789368,,7360.20117036653
CUBN,MACF1,203.18987279008,1338.32435447941,3136.67918782902,0.001,0.690845133121056,0.993301509216344,0.0484730313835782,3.02657869786985,0.588594776457909,5.14204138216012,273.261857595787,1322.43671525634,8,17,3,433,461,92.8494365458254,378.259198871921,834.073991638244,2013.76522313224,753.668765849439,8836.20451572968,,24573.7680900362
CUBN,MED12,313.178449280064,359.86915421728,0.001,2201.75971854948,0.979106951728738,0.895996811960387,0.650330941076894,0.877110940386181,0.320753635224009,2.73453156586556,309.101661701418,392.891718641149,14,9,1,532,556,180.210110110891,499.493900497732,172.914719280199,648.780383835567,,5463.52807156584,123.881716550855,10247.8069801548
CUBN,NF1,313.209790858802,360.320161239677,0.001,7242.09458935091,0.992970565619631,0.659698622577227,0.0225659171611142,3.02989927412118,0.441118011066428,6.86868184501519,309.101661701046,453.058167590482,12,11,3,530,556,180.230981499531,499.540130472037,187.093943922724,617.135832891741,,7073.21845061092,1732.02965939094,20667.2931822386
CUBN,NRAS,313.185066812553,4076.23580163374,0.001,0.001,0.822435311905073,0.857543588367838,0.70528999773235,7.09486122004843e-07,0.399026266570395,1.77804365638089e-06,309.101661702011,4034.32576348497,15,15,0,526,556,180.216585352982,499.495191572652,2345.62486239779,6501.03216970764,,3122.04027329551,,51877.5003378532
CUBN,PBRM1,316.725051023808,647.0157489365,0.001,4800.75767603218,0.93148526521333,0.709710664416174,0.327682154746906,1.80367242671585,0.575055418441367,3.13651931426806,309.10166170026,716.229234698031,13,16,2,525,556,182.247664079232,505.163667313113,379.482185816924,1017.91014316573,,3238.09111663581,776.135979278254,16064.9674000143
CUBN,PEG3,290.995773604048,176.084939087882,2301.37809562659,0.001,0.661040090133119,0.922383982548804,0.506591998832359,1.4744167024621,0.425675919958912,3.46370709107628,309.101661701464,173.09890670253,14,12,1,529,556,163.930419154547,471.147985354234,96.8625212421066,289.892700332034,129.358020330371,10752.7745566785,,2414.26856125626
CUBN,PIK3CA,306.245177131866,1063.7558371122,412.374682928583,1301.12917871917,0.999124334023102,0.999631732228563,0.972141998418795,1.05027978780856,0.831232321113964,1.26352135393513,309.101661700696,1067.18196096852,14,26,1,515,556,173.195527597981,493.885248788359,706.922061064361,1523.68569898278,,3116.06224899184,,10911.1155738573
CUBN,PLEC,314.525761744078,245.871395548519,0.001,2651.64578495699,0.966977167724204,0.644233853094919,0.195977079096293,1.93971628878985,0.447434606118418,4.33519504809264,309.101661700455,282.790395643772,13,12,2,529,556,180.984649964575,501.643844079358,131.650819767968,412.375134013422,,4689.06243317742,429.902269649924,8798.57893738158
CUBN,POLE,311.886201490318,273.939948985446,0.001,4849.13193064497,0.996160429285568,0.822593314099235,0.0946694201718105,1.99106641754295,0.301463383013403,6.60467084804934,309.101661700452,337.970832775,13,8,2,533,556,179.474577642164,497.435976701674,125.191363559031,509.968783041682,,9374.52328941457,787.599831031696,16013.0598500008
CUBN,PREX2,311.165489664091,130.393985871829,0.001,0.001,0.905853642949784,0.880756724269804,0.797844055201952,1.39686936104179e-06,0.24850871670015,5.6210075026352e-06,309.101661701385,128.33417010869,15,8,0,533,556,179.057693747194,496.274326052222,59.5869812140348,242.728507676261,,6276.78936008308,,2005.05954777417
CUBN,PTPRT,269.256046892929,106.275832136688,7030.84416327452,0.001,0.827255670836867,0.997683135193295,0.0480516688603486,2.01092303116144,0.22793274320176,8.82244035198324,309.101661700135,104.663255866899,13,5,2,536,556,148.117341478419,443.286490550299,45.6641251437543,205.539727772931,1095.52551576258,26765.8832877052,,4063.77792844595
CUBN,RASA1,293.78156672102,326.17850681496,1742.08924295449,2374.53667535108,0.943190041076935,0.911846172175143,0.137368631154814,1.95126304635304,0.361631767662285,5.39571802269113,309.101661701531,357.440733421031,13,9,2,532,556,163.638379838971,477.944906458717,158.825832779836,579.985558581273,,10281.4688416403,,11575.7959316988
CUBN,ROBO2,290.836607721221,225.549204991676,2490.77014679667,0.001,0.824468391049134,0.966264034893926,0.506362904669216,1.09908465124537,0.295780342947237,3.71588132021818,309.101661701115,221.607065544795,14,8,1,533,556,163.839928337851,470.893241403915,108.375702942143,406.616966559988,138.563843370098,12201.8417736435,,4593.29918672349
CUBN,ROS1,310.776567541182,184.548670386933,0.001,0.001,0.923024025664437,0.901371625380547,0.831993175482859,8.12165072393029e-07,0.182228237756253,4.45685631597543e-06,309.101661700401,181.372976808319,15,6,0,535,556,178.831814891338,495.648907918007,73.3493794017216,373.975525228221,,7991.44221170065,,3477.63883948904
CUBN,RYR1,227.08556441471,314.481620615817,2955.09930023499,0.001,0.590455156740246,0.962606319085349,0.152862397884675,1.9920460652632,0.407017122818562,4.89425617150561,273.261857595662,309.416932402446,9,12,2,438,461,109.112356842518,409.396798982401,177.153253769969,509.204547247399,474.123854566054,10128.4908688698,,5207.19108439233
CUBN,SACS,304.41891272275,165.125645823804,607.634352168532,4309.26375236497,0.997984517526295,0.545658105050624,0.000494609736175326,4.96641909424021,0.602997518919762,8.23621812430885,309.101661700921,214.598021905138,10,14,5,527,556,171.235258210801,491.280342771526,93.0879101308274,267.111394127183,,7233.68684785461,1237.76781735,11196.3958679175
CUBN,SF3B1,274.278545423156,802.829311758181,2949.86933614265,601.809273599181,0.912575733557593,0.999934422409868,0.178947195798844,2.05948304462484,0.445492364474678,4.62293679725212,309.10166170045,799.86171332401,13,12,2,529,556,150.899352590925,451.415670577958,448.711917813268,1305.05074272201,309.467372313965,10235.9672168923,,17461.7450033277
CUBN,SMAD4,300.994726792265,952.963298971794,679.777449163302,909.509673618309,0.997579782313616,0.999999810505802,0.911877043529448,0.957475309469644,0.617396989752388,1.55082600881104,309.101661701572,952.261127374833,14,20,1,521,556,169.814735204941,486.511046136282,597.263143261705,1426.72535969577,,4098.10791948485,,11452.981645097
CUBN,SPHKAP,310.643702742734,250.98336604352,0.001,0.001,0.929075869280751,0.874805073577742,0.812766212399076,7.87071394007383e-07,0.211373756681879,3.72360034832487e-06,309.101661702476,246.216275404926,15,7,0,534,556,178.75551939217,495.435504447856,107.840164191844,485.414293824444,,8627.45844494684,,3689.5887820448
CUBN,SPTA1,274.555170579587,121.297538851831,4231.4395013194,2157.31875681918,0.837185951871298,0.799258473185112,0.000897478984082711,3.95897780298904,0.373859541063031,10.589479117564,309.1016617028,146.960144956809,11,8,4,533,556,147.022492650452,456.908587113102,57.1792701674813,218.814843779393,,17279.891149959,,7671.80562277302
CUBN,SYNE1,321.834159826357,218.030175753953,0.001,2938.35771692215,0.97999964563263,0.406861457508129,0.00955576798178827,4.86636270863762,1.06766454749173,4.55795101567265,309.10166170128,252.979974339927,10,29,5,512,556,185.183383190711,513.328554880241,147.978928088016,307.337180407483,,2846.73893138333,984.72447219056,7286.17350581078
CUBN,SYNE2,250.620482004234,1002.83831037613,2619.66656998511,0.001,0.675337393983873,0.955451671803859,0.428839871348861,1.48041861057121,0.337949823407004,4.38058702219913,273.261857596375,989.451682140408,10,11,1,439,461,125.576157857323,439.596578677655,537.00142101076,1682.0138043814,146.286230313741,12574.1002173498,,19549.6020409169
CUBN,TENM1,271.947820605629,325.249923471317,2649.65532446913,0.001,0.691244472574415,0.945920695319385,0.226243738104629,2.03094139566885,0.514325166320848,3.94874979615891,309.1016617012,319.59276328647,13,14,2,527,556,149.593528261645,447.723096655314,190.764201541675,511.688872125459,429.115506542238,8817.21017059379,,4398.13629011213
CUBN,TP53,270.50954752246,768.714672309198,712.744124684316,0.001,0.832959656847106,0.871061451699475,0.825303020816691,3.23010585211517,2.72723779554285,1.18438731576475,309.10166170057,758.02384153315,12,93,3,448,556,144.838806652849,453.773583663641,624.815177475367,933.253680785253,176.444537689095,1866.69653539995,,2523.65742691686
CUBN,TTN,203.821578447375,619.420022117957,5146.20169237173,432.647035530345,0.73488280295818,0.999923775969339,0.0130021937814305,3.37992872691757,0.428856941050997,7.88124990733366,273.261857596018,617.519532482883,8,11,3,439,461,93.1505665536344,379.356666289578,346.972915519258,1005.75558609344,1105.83394396142,15525.5559857138,,20156.8088416037
CUBN,XIRP2,292.316101406643,310.280672594223,1519.24622055107,0.001,0.761175077673149,0.923781022837506,0.669321097388712,1.31321627406345,0.551365221713876,2.38175391255441,309.101661702342,305.528421758751,14,18,1,523,556,164.658971846062,473.245807582854,190.813406445129,471.419342971751,85.7953114459827,6985.50185785029,,3391.14570756936
CUBN,ZFHX3,272.725366769038,212.628230824427,340.679865410589,9761.61447852778,0.999952112896643,0.520869612538133,0.000511249960725844,3.71720714933315,0.325747848021251,11.4113022447063,273.261857596476,323.739257244802,7,7,4,443,461,139.773966636036,469.913755495816,91.3843187419327,411.094538081337,,11158.5473778287,2599.71413932071,28461.0027740943
CUBN,ZNF521,270.51067781387,257.175359992468,3903.9891454807,0.001,0.653299571494851,0.979325445845376,0.123320187108228,2.46113899543925,0.446131262751471,5.51662526463718,309.101661701766,253.642162904671,13,12,2,529,556,148.805231132501,445.348257174178,144.878719507838,416.385907949648,631.308917893675,13032.5669599855,,5188.01058010847
CUBN,ZNF536,227.3138382683,171.131045428824,4512.58402649352,1680.7941652255,0.917851116917266,0.97691495735102,0.00697889809075211,3.06822774476385,0.314897387604952,9.74357954538837,273.261857597022,187.437863803511,8,8,3,442,461,105.379170260373,416.402659144264,82.3490153607293,304.866017012336,,17223.2989216224,,9726.97680709943
DMXL1,DMXL2,418.80578995725,325.721833661888,0.001,12184.2506725246,0.985572511341118,0.712440824965209,0.151883595853866,1.082349726397,0.0797244782973591,13.5761280539211,414.980552592344,370.962872295619,4,7,1,544,556,150.166644163234,900.04812534105,139.966195552611,630.008500361549,,29166.2491442997,660.704863582525,68859.448139808
DMXL1,DNAH5,309.470228220592,358.285190462769,0.001,0.001,0.923889745997481,0.943178469040103,0.871398342018076,3.71297208688094e-07,0.118364778817992,3.13688930436844e-06,301.395004589173,356.945734721714,3,16,0,442,461,76.9599870462216,802.522452414852,210.126195124563,563.712128775694,,7583.13137084983,,14293.8999983776
DMXL1,EPHA2,422.46460018384,914.086659521243,0.001,0.001,0.914729144527337,0.914959325056653,0.836944546723858,3.01681301590959e-07,0.169085982607848,1.7841887123821e-06,414.98055259283,909.547055374397,5,18,0,533,556,151.494126271119,908.019679237535,554.162120411837,1403.8036739926,,9229.31173983056,,21187.473744872
DMXL1,ERBB2,418.835430869429,563.980030247186,0.001,16860.1735507763,0.991004787535783,0.849841489937751,0.185086480207031,0.992036111401497,0.0866891363538631,11.443603583176,414.980552592824,631.961652820227,4,8,1,543,556,150.192950864065,900.204734671705,257.726616907189,1049.8404129016,,29731.4776521851,922.908968459078,90554.9479077646
DMXL1,ERBB3,304.540066589516,885.197923475079,0.001,0.001,0.969392989691922,0.979286554918778,0.949314127685966,1.08394869463915e-07,0.0482659526656794,2.24578327946258e-06,301.395004589173,882.53620119541,3,7,0,451,461,75.7348411448563,789.714210928244,380.349599697372,1711.97427504115,,19737.020710792,,93183.6844937925
DMXL1,ERBB4,418.798764423686,186.599372501749,0.001,0.001,0.955360984065954,0.953006088905314,0.910466212751796,4.26207867632814e-07,0.107875743195332,3.95091477479857e-06,414.980552598862,185.780281642161,5,11,0,540,556,150.180282930148,900.125645360974,96.8921138070797,319.587273238844,,18159.9967738158,,8030.97557827552
DMXL1,FAT2,420.286626918278,204.142827003024,0.001,0.001,0.938603353641059,0.950538193291598,0.892180957889677,4.00374263839765e-07,0.107461158692564,3.72575792696593e-06,414.980552599303,203.194461858422,5,11,0,540,556,150.713390368512,903.335438523158,106.000240274103,349.640123928547,,13173.1774281042,,8331.29560000123
DMXL1,FBN2,420.511840436458,205.79815370612,0.001,3714.21957263546,0.997428735881938,0.976962300913351,0.289573770791268,1.04290610326483,0.149869660644752,6.9587540185129,414.980552592975,219.685813027987,4,14,1,537,556,150.79441582259,903.812497696395,115.935898564299,333.200990768167,,21433.2682362253,201.334825865748,21036.6204461522
DMXL1,FBXW7,419.011335352891,610.51305291813,0.001,18026.9813073641,0.990755892525378,0.828719773679501,0.187260209509132,1.08436942334762,0.097728213996383,11.0957662992568,414.980552593011,675.976280634535,4,9,1,542,556,150.256611322604,900.585604788949,293.3540812804,1100.60165029928,,28239.7186714177,979.709465180981,100610.062485568
DMXL1,FGFR2,420.468315322162,741.840332666612,0.001,0.001,0.936577662149261,0.937690601567491,0.87822250504853,2.52293682875826e-07,0.132180517961194,1.90870550946014e-06,414.980552592892,738.415970056249,5,14,0,537,556,150.778885651814,903.719071381165,417.917605259361,1201.0749009554,,12543.801310314,,23706.3807280375
DMXL1,GLI3,421.94598522077,142.847504981802,0.001,2267.73222109659,0.989710540498232,0.892973351395672,0.318795903364635,1.04938825091174,0.166126299575254,6.31680988256993,414.980552591688,151.214104226095,4,16,1,535,556,151.302258228674,906.870873820511,83.7818438838036,224.714465300327,,16934.567668544,123.390382435574,12581.9176788687
DMXL1,GNAS,336.675063185656,707.030550236777,5839.58763487692,0.001,0.974071693364116,0.997135370314829,0.309883730503283,1.01198239458425,0.149212569562293,6.78215245238954,414.980552591894,704.108062938965,4,14,1,537,556,104.519878786412,782.134362911094,406.852519680694,1127.61192012265,329.470679815985,26866.4516968101,,41863.6030926558
DMXL1,HMCN1,430.495740906356,234.003834208336,0.001,1561.63802836125,0.986910036859894,0.947314577570057,0.617477433741649,1.02488406369035,0.360258770703753,2.84485527358092,414.980552591833,239.559836497339,4,36,1,515,556,154.372058510718,925.300695406799,165.631050313927,319.030522111368,,7716.55032979711,84.9439717610464,8668.75877543568
DMXL1,HYDIN,306.342496940068,310.730368826112,0.001,0.001,0.952415669271972,0.958882783560294,0.9132570879659,2.97500666306388e-07,0.0891973422295783,3.33530864115517e-06,301.395004591603,309.630998021225,3,12,0,446,461,76.1829994993983,794.393304405374,166.385006016001,521.186833725527,,12313.0272864198,,17348.9304752953
DMXL1,IDH2,419.25472503445,3695.49308859954,0.001,0.001,0.95018997760231,0.948064802398262,0.900843243203295,1.36916199276575e-07,0.101077336231809,1.35456873302017e-06,414.980552592266,3678.99264192294,5,12,0,539,556,150.343616494459,901.104575299895,1978.86904830215,6198.0317678678,,16117.3148805178,,142225.242478746
DMXL1,KMT2C,420.856346957398,335.764843898694,0.001,0.001,0.93227765092592,0.940857942904412,0.877143534601095,3.72946857264255e-07,0.135817363378156,2.74594387630586e-06,414.980552592266,334.293583890458,5,14,0,537,556,150.917638274583,904.553469527466,189.152909425885,543.622794580782,,11727.5885505326,,11362.7199939038
DMXL1,KRAS,454.921735460386,9556.98302541392,0.001,26450.2749174876,0.957615413285371,0.928588844290903,0.914320708372922,1.01101809978557,0.762333865904294,1.32621433338303,414.980552594724,9631.40354640591,4,85,1,466,556,163.131665086487,977.897256085187,7664.83951557367,11738.3595944608,,3143.15343532411,1453.17712355608,138897.750389868
DMXL1,LAMA1,421.035032311929,169.247295846517,0.001,0.001,0.930316943876951,0.930176132836184,0.865362119619368,6.26567927660728e-07,0.147191756917561,4.25681397370407e-06,414.980552592467,168.424999366193,5,15,0,536,556,150.981884109962,904.939455926331,97.3913411190156,269.925957302947,,11383.3841046102,,4865.87097414116
DMXL1,LAMA2,385.020744880912,304.979662537589,2605.72609561077,3015.12906358189,1,0.999011643966275,0.300809858761994,1.0953444090492,0.157489669951292,6.95502383989988,414.980552595315,315.248248688793,4,15,1,536,556,124.197603823584,864.174754166377,176.003648159022,484.931831313811,,24056.1716456685,,25418.6457424904
DMXL1,LRP1B,429.659162450572,163.535346658687,0.001,6647.15865626627,0.986827744945954,0.545316574354713,0.00465969486947341,3.1735707851292,0.343175943555823,9.24764933184476,414.980552590717,178.11626196774,2,33,3,518,556,154.067775394427,923.472664369667,113.883663780681,225.866458676747,,10946.8641064776,1339.95245015396,37026.9846268165
DMXL1,LRP2,423.724270510397,322.505040218344,0.001,0.001,0.901214141442442,0.905760149747657,0.816290344116625,5.81015553917028e-07,0.205313472938999,2.82989491921777e-06,414.980552592892,320.968138534492,5,21,0,530,556,151.946348613474,910.729981095473,203.48312143845,480.798017769456,,7869.25169692882,,6766.16211474782
DMXL1,LRRIQ1,418.945725128611,348.860092697523,0.001,0.001,0.953686335363255,0.948608568931494,0.904676804743038,2.86019991998891e-07,0.106672372385452,2.68129399958765e-06,414.980552597212,347.180737424903,5,11,0,540,556,150.233307084376,900.444879280374,181.14531917622,597.495991376406,,17514.2527590104,,13665.8065028944
DMXL1,MACF1,307.98520716327,1191.38128611067,0.001,93047.3529058541,0.999512152561996,0.822918374189276,0.0107301974025809,2.02546267421393,0.141591641870088,14.3049593002976,301.395004589539,1322.43671525976,1,18,2,440,461,76.5910257237096,798.652724842024,722.232996107482,1829.75699705898,,18824.7544982775,10983.9559940139,1696367.05110878
DMXL1,MED12,419.373576653011,394.958820612213,0.001,0.001,0.94808781317521,0.949860728699146,0.900553615567995,2.45951381884577e-07,0.0979244244625655,2.51164490610409e-06,414.980552592431,392.891718641545,5,10,0,541,556,150.410405725063,901.510482723336,197.886869437221,692.719239844287,,15605.2843901644,,16020.9394868439
DMXL1,NF1,422.163613401588,455.027667783574,0.001,0.001,0.917965292686045,0.941711912219872,0.864462376118323,3.16114784374485e-07,0.134556446229727,2.34930984900408e-06,414.980552591935,453.058167586114,5,14,0,537,556,151.385852205755,907.37511951071,256.337875093747,736.725596065937,,9661.21647137843,,15767.1076828867
DMXL1,NRAS,420.178196056424,4049.60012645656,0.001,0.001,0.939790032779427,0.945318182332498,0.888402756759421,1.79109206540403e-07,0.133298345579528,1.34367163944689e-06,414.980552592266,4034.32576352908,5,15,0,536,556,150.675077063916,903.093500121454,2330.30821048065,6458.49111750416,,13198.98829346,,148121.439718745
DMXL1,PBRM1,423.405518831685,678.860527929559,0.001,10458.1386516399,0.974693568742051,0.768250681816756,0.321333962103453,1.08900968431326,0.177068843583301,6.15020498397812,414.9805525922,716.229234699922,4,17,1,534,556,151.832241357513,910.048273646796,405.113074622275,1054.66484568211,,13180.8730343441,569.683344505444,57666.5248728717
DMXL1,PEG3,419.283786895702,173.911257452052,0.001,0.001,0.949996226555761,0.941373351543905,0.894302843508915,5.34521611966245e-07,0.128498763305188,4.15974129413793e-06,414.98055259383,173.098906702908,5,13,0,538,556,150.350182763799,901.144120600329,95.6679219318103,286.303290016082,,16057.0110599953,,5985.24443878708
DMXL1,PIK3CA,426.994815686319,1071.76373113412,0.001,0.001,0.867312166184066,0.892578999496816,0.774153904064531,4.46699180539287e-07,0.260843489241459,1.71251803845402e-06,414.980552592353,1067.18196098704,5,27,0,524,556,153.117339949788,917.767249130042,716.608554364473,1528.48624617304,,5754.95864660866,,19470.6288865946
DMXL1,PLEC,421.766054710917,284.230237823081,0.001,0.001,0.922295030277135,0.932124036832023,0.859697645598792,4.14390923858836e-07,0.136774936264421,3.02972851003719e-06,414.980552592892,282.790395643308,5,14,0,537,556,151.243713435133,906.515222342834,160.118163519543,460.197056927923,,10181.0153883189,,8435.81858263563
DMXL1,POLE,419.719715889134,305.350952765937,0.001,8548.04891662008,0.981374414699874,0.747297500862627,0.193996520165678,1.03842117503031,0.0954445733693578,10.8798346346183,414.98055259759,337.970832774532,4,9,1,542,556,150.511205403746,902.121639831178,146.723006797364,550.466125855968,,23280.6124382791,467.228094217836,46406.850333998
DMXL1,PREX2,418.066531023546,128.871831168764,0.001,0.001,0.963718588153924,0.967220304553481,0.932128876884077,3.98501918705361e-07,0.0772383174942228,5.15938114181692e-06,414.980552592266,128.334170108324,5,8,0,543,556,149.918038067572,898.551012165491,58.8919752911684,239.889992193604,,22569.6553885346,,7995.61388584178
DMXL1,PTPRT,417.761012227737,105.168834203687,0.001,0.001,0.967245345069009,0.966958758107282,0.935287113183178,4.18980759301323e-07,0.0692770470076375,6.04790154024799e-06,414.980552594803,104.663255866859,5,7,0,544,556,149.808575790904,897.894599790114,45.1888690024294,203.395362196038,,25250.9935741473,,6514.11066960954
DMXL1,RASA1,420.201513089946,359.097136301704,0.001,0.001,0.939516603434159,0.950839195813394,0.893331622846386,2.87080436791633e-07,0.108570067454847,2.6441950670338e-06,414.98055259256,357.440733421484,5,11,0,540,556,150.683883728849,903.152528049103,186.45909121516,615.03775272717,,13265.0676237924,,14869.0197802434
DMXL1,ROBO2,395.740052043985,204.398096426593,2868.67254525419,4369.34145799517,1,1,0.188022554785945,1.00836094175146,0.0891247099578659,11.3140445812184,414.98055259469,221.607065545077,4,8,1,543,556,131.367571983873,874.858684950793,93.6584789155206,379.212502893058,,40617.3815549924,,30462.9233562
DMXL1,ROS1,417.049633543317,182.18478238369,0.001,0.001,0.975508167484741,0.973626159153256,0.949780677505763,2.31173803648833e-07,0.0578428059578562,3.99658695356626e-06,414.980552597438,181.372976807698,5,6,0,545,556,149.553471813252,896.362830569784,72.4107502214767,369.176550098147,,34356.264159626,,14094.424067593
DMXL1,RYR1,306.293327524152,310.722742213827,0.001,0.001,0.952860348281286,0.943478984575392,0.899006446440692,3.38081172774132e-07,0.101323991587653,3.33663496153985e-06,301.395004592154,309.416932403107,3,14,0,444,461,76.1716801006067,794.274072696495,175.038896285192,503.09884448542,,12417.833851854,,12282.7908961667
DMXL1,SACS,423.021146202576,203.994634677966,0.001,2998.36482218982,0.990063752433788,0.8398803744903,0.336862049113346,1.09646441881382,0.185210930329183,5.92008482903806,414.980552592645,214.598021905436,4,18,1,533,556,151.679604803854,909.128293643053,123.667124161188,313.282813121952,,14591.2158765344,163.988908379164,16058.0656793109
DMXL1,SF3B1,420.371234567706,745.150153666344,0.001,15684.7368626146,0.995725509388006,0.864992249099696,0.250747167090691,1.12336834841615,0.137548681710391,8.16706008699818,414.980552591622,799.861713333157,4,13,1,538,556,150.740414585213,903.48768449232,409.906656028288,1226.73082081176,,21807.0765901685,855.30417572164,85761.2460631603
DMXL1,SMAD4,424.820577439413,956.806454861798,0.001,0.001,0.889866294164288,0.906261920232586,0.806458561373609,3.51383539020853e-07,0.199215230260093,1.76383873141672e-06,414.980552595369,952.261127392319,5,21,0,530,556,152.332216197215,913.054228733965,603.691303876277,1426.38591059848,,7032.10755644412,,19990.9455873627
DMXL1,SPHKAP,417.083559561817,247.315982607566,0.001,0.001,0.975102807086167,0.969362678821573,0.945228729201895,2.2142178340151e-07,0.0677971993751003,3.26594292157193e-06,414.980552594803,246.216275403398,5,7,0,544,556,149.566110638298,896.438122882773,106.26707209743,478.303997027182,,33542.9105173431,,16473.3672685156
DMXL1,SPTA1,420.14368906797,147.650018387444,0.001,0.001,0.940164209439357,0.945754734568293,0.889167059051828,5.45852777930969e-07,0.116529326499322,4.68425240520159e-06,414.980552595215,146.960144956688,5,12,0,539,556,150.663296478061,903.027363758144,79.063857859585,247.640780923268,,13383.6533880582,,5476.1790545369
DMXL1,SYNE1,430.934697558714,238.722606013721,0.001,4651.69176503123,0.971020994185541,0.611096610360109,0.0780855651445483,2.10583128068854,0.330555544535332,6.37058223799799,414.980552596537,252.979974341099,3,32,2,519,556,154.530659284631,926.259014153218,165.253194265885,331.301631856622,,8652.77909373777,698.673972571083,20988.1980565738
DMXL1,SYNE2,202.872191558066,992.033336761959,10079.5464300652,0.001,0.759719867385976,0.989252619445633,0.129573380219573,1.3100496068774,0.0843734757127975,15.5267943605492,301.395004591553,989.451682128498,2,11,1,447,461,33.73336181782,626.442014812413,531.218595955871,1663.84187826552,565.742000805031,47415.7035646942,,126522.908070282
DMXL1,TENM1,421.272525200741,300.840421522621,0.001,4797.90344248405,0.990486396730695,0.962189936048266,0.319426001102607,1.00508802097683,0.157934479946006,6.36395561830733,414.98055259759,319.592763285705,4,15,1,536,556,151.067562327694,905.452885465168,173.120274496249,479.813183192838,,18263.870474225,260.942720598475,26727.7653894741
DMXL1,TP53,394.867618445169,758.31918198756,628.207849353698,689.838171908343,0.997760888862294,0.999939401201541,0.980151510613229,1.06212637778137,0.883747512194677,1.20184369757796,414.980552596705,758.023841539894,4,95,1,456,556,124.107974418242,903.7455909812,615.978926543582,921.101042235839,,3924.59124721732,,8027.56835418212
DMXL1,TTN,278.371843561235,586.277216181616,1878.87950625354,15847.7966800976,0.991318600208151,0.881261626905969,0.166189439920026,1.15182839564817,0.101480700341526,11.35022119252,301.395004589728,617.519532481157,2,13,1,445,461,55.4471945771791,763.616035659858,322.935323773842,963.661468147551,,26172.7990728497,,141540.365457412
DMXL1,XIRP2,421.547405803525,306.862419819824,0.001,0.001,0.924682971845731,0.921167180512329,0.851791047910931,5.19773868544807e-07,0.179461742899543,2.89629343918587e-06,414.98055259817,305.528421758037,5,19,0,532,556,151.165744810213,906.039411000204,188.737034835055,466.265722306592,,10446.3865760149,,7667.65914197804
DMXL1,ZFHX3,305.159045603128,265.112420861749,0.001,45679.6825923099,0.991903380383957,0.578812845719422,0.00285292492627157,2.11332973504667,0.0791942890888805,26.6853804656906,301.395004591388,323.739257244779,1,9,2,449,461,75.9008340247569,791.446906563224,127.391220576553,477.962214635325,,29169.0362865068,5109.20832739455,923330.800220754
DMXL1,ZNF521,421.083556368821,254.794402580889,0.001,0.001,0.92978288329016,0.938990860447421,0.873060409621945,4.38332078583556e-07,0.135535840511624,3.23406766010325e-06,414.98055259644,253.642162905324,5,14,0,537,556,150.998929969495,905.048080413853,143.538946147298,412.524698558888,,11373.353247955,,8370.06558777995
DMXL1,ZNF536,287.588362871967,173.583686511111,1523.61309819345,6778.70433279195,0.997153204882246,0.866180377976788,0.131062251421754,1.14782994926335,0.0773568205654452,14.8381221057589,301.395004589728,187.437863803712,2,10,1,448,461,61.4051202984369,772.479613790642,87.0446507490754,304.169800130425,,32616.8953381206,,58067.8377027879
DMXL2,DNAH5,282.583990556955,338.951290095388,3995.68005011951,2354.77562195229,0.867124680849961,0.964755411765919,0.0200104181298851,2.11340467681156,0.316905532050569,6.66887909193811,390.120183332696,356.945734721377,4,13,3,441,461,90.2719771440839,634.030910455123,191.97870516002,544.185948907587,,14068.0326992992,,16875.828059318
DMXL2,EPHA2,377.579404159963,919.442938284418,0.001,0.001,0.869183722264212,0.82444313708902,0.716611795566441,5.48029468116704e-07,0.282423682661208,1.94045153350016e-06,370.962872292997,909.547055370851,8,18,0,530,556,172.541018490213,702.885346727156,557.399274657537,1412.04359758468,,5248.85032566641,,9467.76448754932
DMXL2,ERBB2,309.105070203717,593.275304543706,7702.25647350841,5595.05730436419,0.811245874645286,0.966966488671315,0.0277602561954858,1.81555393402108,0.150850320859484,12.0354661738655,370.962872296082,631.961652823885,6,7,2,541,556,124.1837103712,618.314873183567,267.971780152274,1101.65429309124,,35135.6806645122,,44743.3842890885
DMXL2,ERBB3,394.260793111002,763.101513972175,0.001,13463.0787991857,0.995537853417583,0.821565987436045,0.297912177309482,0.85751686665756,0.121427031035901,7.06199319329503,390.120183332065,882.536201187183,6,6,1,448,461,169.401287612986,762.534282541729,303.293186986616,1546.34789326691,,18178.5890250829,747.087208579095,66826.6366406475
DMXL2,ERBB4,327.208853982757,187.718763695025,5357.52462234126,0.001,0.610357439624592,0.962232759922374,0.303470879705408,1.25589358380785,0.189301525362466,6.63435533022316,370.962872294125,185.780281642061,7,10,1,538,556,140.593003156464,632.832547051319,97.4721417425387,321.509085236577,298.467115860299,25997.4461661917,,5186.45408412799
DMXL2,FAT2,375.891430043075,205.769259707893,0.001,0.001,0.900678567654538,0.87163896415892,0.785081227400779,7.47305414507214e-07,0.191991561616811,3.89238677061616e-06,370.962872293963,203.194461859502,8,11,0,537,556,171.770592171003,699.745784889102,106.843374864627,352.436309995831,,7160.37147378564,,3001.05079460102
DMXL2,FBN2,281.323064726558,222.039768374992,7659.73804420811,0.001,0.305491046043544,0.944170033565091,0.0444774661357509,2.47301453196109,0.272531251615236,9.07424200822492,370.962872295588,219.685813028062,6,13,2,535,556,111.812266643883,570.083121044389,127.769089028306,354.126547917439,1237.70132054744,25548.8424725368,,4967.84547521103
DMXL2,FBXW7,280.651478707962,682.6085299976,9516.51185961432,0.001,0.534362778250068,0.98388138564966,0.0322934911705279,1.8979469405081,0.173616007551427,10.9318660604835,370.962872291174,675.976280639558,6,8,2,540,556,111.545329682455,568.722330328152,342.029807882755,1197.29971749688,1513.35222233093,33390.6981844881,,27357.4714443184
DMXL2,FGFR2,328.406659507199,744.695573987221,3826.45942151046,0.001,0.796803855412867,0.976534919806744,0.408391060400181,1.08464837612866,0.221301360354484,4.90122778455251,370.962872292325,738.415970056215,7,13,1,535,556,141.107168996015,635.15325009345,419.523549817248,1205.70764421589,214.982062673513,17915.8166686555,,20738.8226331665
DMXL2,GLI3,235.281299716223,152.34479815893,8587.70254705302,0.001,0.458284376628029,0.983835203860175,0.0063966593714711,2.97308547958373,0.295514271719856,10.060717075628,370.962872294708,151.214104226307,5,14,3,534,556,84.3700193554369,505.707649912141,90.9131087039382,236.678817810075,2043.02718316746,24811.5148411547,,5235.86418147833
DMXL2,GNAS,282.036881155341,711.406852692869,6502.6316865373,0.001,0.446443738226272,0.946974085958178,0.0601780399309728,2.10057348883834,0.265668585450878,7.90674398056271,370.962872295411,704.108062944832,6,13,2,535,556,112.095530890969,571.535445401657,409.366343349003,1134.62131925015,1056.03028381505,21450.4731595959,,16515.7500221294
DMXL2,HMCN1,240.480741618347,241.956999970625,3767.73329806023,0.001,0.263766992840861,0.850937434475237,0.046542274241494,3.03635348133944,0.622677115329957,4.87628886076932,370.962872290677,239.559836497211,5,34,3,514,556,86.2327039492598,516.902015749465,172.107279677883,328.570334190895,922.234978997315,10129.3043920433,,2367.3727253248
DMXL2,HYDIN,283.040578462644,313.353173935561,6602.43047824207,0.001,0.499505196953302,0.96740136182253,0.0639882524622578,1.8191310382241,0.241275861701366,7.53963129753813,390.120183330084,309.63099802163,5,10,2,444,461,101.494901272266,608.36861259146,167.78556730979,525.603596005995,1060.8189387649,22524.6370273003,,8578.7179017801
DMXL2,IDH2,374.736007806148,3700.77041222134,0.001,0.001,0.922583399104436,0.932039898692443,0.859888457664209,2.35811025852285e-07,0.156951313324552,1.50244697452554e-06,370.962872293634,3678.99264173014,8,12,0,536,556,171.243610345949,697.580036462217,1981.70179775539,6206.91758465528,,9137.91258101874,,105493.825066764
DMXL2,KMT2C,281.461810920044,336.983047123242,7238.47431278166,0.001,0.63162327274816,0.990180191041432,0.0522114536374305,2.02207121178508,0.232159147421101,8.70984940394081,370.962872293941,334.293583892932,6,12,2,536,556,111.867307031172,570.36516948427,189.838457087746,545.598883032591,1167.82136944862,24285.3176215364,,12018.1700040826
DMXL2,KRAS,410.286081241879,9723.49557427704,0.001,0.001,0.449044715234533,0.457324509829138,0.205481191233599,1.79595355853657e-06,1.22734617154262,1.46328199832919e-06,370.962872296553,9631.40354630367,8,86,0,462,556,187.469111852468,763.88570973378,7808.5570891315,11929.3970826181,,937.941475465044,,24357.9695595854
DMXL2,LAMA1,377.034708298202,170.727819621756,0.001,0.001,0.879457274001437,0.817390470995751,0.718882670657959,1.14987943256734e-06,0.259567639030193,4.4299799345695e-06,370.962872295835,168.424999366581,8,15,0,533,556,172.291254462576,701.870243659758,98.240809191076,272.296007564085,,5766.77794331571,,1692.55606719679
DMXL2,LAMA2,328.676772755151,318.960886205643,3602.04953059854,0.001,0.571381454459433,0.920282330729902,0.40174848234579,1.28721927432577,0.278407227773024,4.62351241604688,370.962872292325,315.248248688984,7,15,1,533,556,141.223328486456,635.674398203215,187.079723439626,501.780048046264,203.02587324407,16634.1892035893,,5173.29450785144
DMXL2,LRP1B,191.579373582556,179.214377962863,5464.41248480242,0.001,0.303177593473992,0.957876462688609,0.00401603816861827,4.04428108511759,0.591286136163347,6.83980367163611,370.96287229504,178.116261966773,4,32,4,516,556,59.474783022202,445.084551259871,126.854133441357,244.32922189716,1663.92787198366,13209.6144716715,,3670.72365078568
DMXL2,LRP2,331.807037368658,324.732751315056,2092.2408095557,0.001,0.737349086457943,0.927326779072174,0.607654134892285,0.985749643235371,0.355151252180506,2.77557698919322,370.962872295036,320.968138533686,7,20,1,528,556,142.566165784231,641.744268408581,204.884354630408,484.132986555103,118.091290502762,9608.38448355864,,4232.38725665049
DMXL2,LRRIQ1,327.623391798603,351.163400732223,4817.56526337798,0.001,0.623956783104373,0.949716073095264,0.331481900748474,1.12017425485431,0.185671719070643,6.03309034063563,370.962872293007,347.180737424036,7,10,1,538,556,140.77023299079,633.640673755668,182.338047407281,601.455086253373,266.970946325258,24026.8727043585,,8623.32635236824
DMXL2,MACF1,284.981470624684,1336.23909572515,4670.98230455261,0.001,0.433368633543285,0.952159275048947,0.112241703402639,2.09244079424808,0.374702275015146,5.58427566035863,390.120183333616,1322.43671526428,5,18,2,436,461,102.190759959043,612.547154793741,832.778690930588,2010.62416228808,758.493342926589,15396.9677465331,,24311.8700257875
DMXL2,MED12,290.441388432355,388.371712933747,7806.26296692126,933.2497146474,0.670168671810105,0.997987799093224,0.0405388106364604,1.7100839817125,0.171264793484615,9.98502930414661,370.962872292513,392.891718639717,6,8,2,540,556,115.561012533396,587.592449206509,190.884445500509,687.181031257834,684.058110378077,29783.6787725189,,18802.5578980109
DMXL2,NF1,340.880343293536,450.300072955931,2026.8041937718,741.004970414035,0.947022969109952,0.998915542304426,0.56672367426109,0.803383156406932,0.23766305073831,3.38034521525827,370.962872295366,453.058167591325,7,13,1,535,556,146.797325184204,657.352248075144,251.0088605157,733.309953362169,,11463.2723177008,,12011.6826140454
DMXL2,NRAS,375.776376907618,4055.65595300079,0.001,0.001,0.902351407250396,0.924434488141597,0.834170639580074,3.19944948325678e-07,0.214408560778093,1.49222095966966e-06,370.962872293634,4034.32576359183,8,15,0,533,556,171.72007434671,699.524929762811,2333.81757134506,6468.23028872893,,7135.01919873485,,103205.243681154
DMXL2,PBRM1,305.270838234931,704.906233948549,3186.56807205371,2009.27714974939,0.896710681508161,0.992780768403663,0.145464153988774,1.60340814395456,0.312177973738366,5.13619883156254,370.962872292356,716.229234687995,6,16,2,532,556,121.973304861967,614.266213909474,421.461049412383,1091.40491560925,,12166.8262361623,,21751.4674954017
DMXL2,PEG3,374.440023092293,175.461994163475,0.001,0.001,0.929080768620984,0.839305847580681,0.779792957821477,9.86276365115384e-07,0.228024504030369,4.32530867377319e-06,370.962872293995,173.098906702998,8,13,0,535,556,171.108357601562,697.027752507367,96.5196314422015,288.868375538269,,10028.501752005,,2005.95158374608
DMXL2,PIK3CA,382.368968359045,1079.14958646798,0.001,0.001,0.786437209944968,0.743627308598369,0.584861673802952,8.38719010327373e-07,0.44784510394498,1.87278816479015e-06,370.962872295177,1067.18196097213,8,27,0,521,556,174.727129450565,711.821088032115,721.532168742132,1539.05693946453,,3053.79127622008,,7238.14308035347
DMXL2,PLEC,320.783396661495,268.789193858916,3282.67774014134,1880.42928533865,0.901336569499927,0.954413164029816,0.0902228780458002,1.60620157578719,0.240412495596938,6.6810236789025,370.962872295445,282.790395642629,6,12,2,536,556,129.974305335431,636.757616446774,146.300421573888,444.006552177375,,15377.3264694788,,12176.3442910832
DMXL2,POLE,375.894020600679,341.544419164137,0.001,0.001,0.900493612844464,0.900715740632233,0.811098134142553,4.67686995082439e-07,0.162317898694665,2.88130267113796e-06,370.962872293634,337.970832774285,8,10,0,538,556,171.770090632746,699.744346837979,171.137147364929,599.070188622537,,7151.19049617243,,6512.41505069832
DMXL2,PREX2,373.406076236492,129.716270142783,0.001,0.001,0.949334013346305,0.918138961834958,0.871624209668348,7.12898014987827e-07,0.133986057296383,5.32068805794371e-06,370.962872295254,128.33417010869,8,8,0,540,556,170.63633435663,695.101372067533,59.2773102498922,241.46547166767,,14337.5841698933,,3042.58179668477
DMXL2,PTPRT,373.739087908841,106.023294949291,0.001,0.001,0.942653937622027,0.913926085377333,0.86152102914525,7.57382375344597e-07,0.121751558046139,6.22072019035335e-06,370.962872293634,104.663255866997,8,7,0,541,556,170.788021891546,695.72431272987,45.5554315291393,205.052113813347,,12812.0436868467,,2358.1382520618
DMXL2,RASA1,328.509098125614,361.449150237306,3611.18634118432,0.001,0.801691398836496,0.988199308859748,0.432094927987479,0.902403019057078,0.19537536123699,4.61881689351025,370.962872295314,357.440733421718,7,10,1,538,556,141.151184661063,635.353494977968,187.678186182276,619.074597983215,201.584882959247,17375.5500718175,,9915.22566491238
DMXL2,ROBO2,327.254864832176,224.492235883388,5565.60181069778,0.001,0.595423963911362,0.947329094100825,0.291318888903,1.09030512947938,0.158850920410147,6.86370042215846,370.962872294809,221.6070655446,7,8,1,540,556,140.610479796802,632.915855190389,107.867334162552,404.710147811428,309.81283801709,27194.1566574529,,5863.75172954522
DMXL2,ROS1,372.828906916237,183.382382718343,0.001,0.001,0.961048437685675,0.936202160680041,0.899737991282751,4.08699765647039e-07,0.0982921423470496,4.1580105579956e-06,370.962872295219,181.372976808319,8,6,0,542,556,170.372557363812,694.026999978483,72.8861309151222,371.607934577201,,19449.9147761334,,5564.08783950164
DMXL2,RYR1,282.694231123978,312.802991788045,7135.11244092412,0.001,0.367511916402739,0.951420779208243,0.0548476088497137,2.12906880598846,0.262325666302619,8.11612845970003,390.120183330717,309.416932402967,5,12,2,442,461,101.371061199967,607.6243776937,176.209614785277,506.480875502986,1143.37431120287,24545.9738076749,,7306.57614210786
DMXL2,SACS,283.817452674776,216.530408311768,4428.11753995673,0.001,0.686800974426635,0.98676158122441,0.121633591305331,1.81201610312394,0.323603678291938,5.59949167663427,370.962872295551,214.598021906244,6,17,2,531,556,112.79002112365,575.084655949206,133.173066292705,329.021523115764,721.635121109433,14448.5941596995,,5186.79341723072
DMXL2,SF3B1,376.530259535914,809.921363676202,0.001,0.001,0.88865238702363,0.840593140430323,0.747011070347171,4.85769614421826e-07,0.240621697432274,2.01881052126877e-06,370.962872293347,799.861713324784,8,14,0,534,556,172.062428342686,700.926800064861,456.261507253376,1311.34199451567,,6230.32750761219,,9305.67869046554
DMXL2,SMAD4,331.915227205095,961.479427085727,2057.49864633147,0.001,0.868427476506738,0.969169396710665,0.643764478151005,0.905318695984474,0.331622635924928,2.7299665279466,370.962872292325,952.261127372143,7,20,1,528,556,142.614386613521,641.96223499851,606.637820052329,1433.38502774698,116.138613222363,9441.89010254744,,15975.8758533222
DMXL2,SPHKAP,372.668612320896,248.869538698136,0.001,0.001,0.964384004889926,0.927902756931295,0.894856911559856,3.93838512652983e-07,0.115008070718463,3.42444239080483e-06,370.962872293963,246.216275405086,8,7,0,541,556,170.299583512625,693.727738839418,106.933765556284,481.31455162507,,21078.9224161698,,6649.51280869206
DMXL2,SPTA1,376.318568852569,148.730567144751,0.001,0.001,0.892558580661594,0.867010610498391,0.773871833191418,9.70027539659232e-07,0.199755908533293,4.85606431760471e-06,370.962872294611,146.960144956435,8,12,0,536,556,171.964943274068,700.535951985292,79.6420526704937,249.460633937221,,6532.6310374925,,2080.42861054173
DMXL2,SYNE1,272.107090879169,250.225162597908,2518.52543143085,619.645200346007,0.862595557091017,0.993720174866474,0.0855116355313981,2.3752332729913,0.576906272059128,4.11719093382964,370.962872295487,252.979974340178,5,31,3,517,556,98.4463990376968,577.744627983563,174.0328108463,345.684763631896,167.302935744042,7767.33073742339,,5492.23409979555
DMXL2,SYNE2,337.154132154683,1001.63046752683,6455.71605690603,0.000999999999976353,0.431803945468739,0.91732213151631,0.255336617538329,1.59789522713761,0.214421502729487,7.45212213699251,390.120183330704,989.451682132661,6,11,1,443,461,134.002065722575,683.235623684852,536.350622660347,1680.00805673114,359.839850433294,31276.7292415549,,19329.5773532693
DMXL2,TENM1,282.042953833804,322.877733409097,6348.05717174123,0.001,0.406021018575077,0.949921243686397,0.0628720681005842,2.16232265701481,0.279917036010434,7.72486979654289,370.962872290961,319.592763288701,6,14,2,534,556,112.097950979356,571.546930706553,189.375900769524,507.946129328768,1028.50210882775,21074.266967944,,7241.05694256224
DMXL2,TP53,252.675577853965,763.276945148143,1663.17992823878,0.001,0.518220093386939,0.853516371298621,0.295681403095022,3.33799213821092,1.46462201502557,2.2790809532879,370.96287229504,758.023841536508,5,93,3,455,556,90.6036648697506,543.134821793416,620.411919100164,926.627476004224,411.688713467963,4356.70405075029,,4657.37099300545
DMXL2,TTN,397.053787292091,627.536106725251,0.001,0.001,0.885457169133696,0.800401322700761,0.708750893635835,5.86367265928076e-07,0.271967622956944,2.15601864498741e-06,390.120183332703,617.519532485202,7,14,0,440,461,170.599128951349,767.947147486667,353.500382584422,1016.10722262702,,6424.39181870561,,5675.7459511698
DMXL2,XIRP2,376.2809285579,308.357928059706,0.001,0.001,0.893215483978148,0.840440837765942,0.750708543367941,9.12325540076281e-07,0.299016851078899,3.05108403350671e-06,370.962872294556,305.528421756391,8,19,0,529,556,171.950593506147,700.466814465525,189.655218357713,468.543989806287,,6491.92746681862,,3531.96398771771
DMXL2,ZFHX3,295.367058943714,320.046179695665,6363.12546008634,738.381856320877,0.773777702137389,0.998343188076985,0.0598277143086207,1.65160277280963,0.205653049046661,8.03101524857476,390.120183331093,323.739257244195,5,9,2,445,461,106.105252406266,633.238962634749,163.250406224318,552.822839989063,476.907041929442,24066.2018930992,,14149.6196666812
DMXL2,ZNF521,376.275033844711,256.736372924518,0.001,0.001,0.8935207803118,0.844980545882914,0.755023032187087,8.09638645227033e-07,0.238361792073416,3.39667963638091e-06,370.962872295776,253.642162905154,8,14,0,534,556,171.945334516795,700.454998448512,144.630368627088,415.679445937818,,6590.54113380256,,3049.62366054294
DMXL2,ZNF536,338.569760233092,189.557215366945,4352.11271909602,0.001,0.714607022454305,0.96258059027464,0.376020694568097,1.04014609153078,0.198971137153967,5.22762299300679,390.120183332892,187.437863803261,6,10,1,444,461,134.563005557725,686.106905781863,98.4255347250337,324.664802691998,243.489812475683,20774.6932337319,,4957.66208268668
DNAH5,EPHA2,315.639819261755,819.813958865931,3795.52564003196,0.001,0.428307331316717,0.915647633433381,0.154886232610951,2.33538283578214,0.505588695747597,4.61913578255322,356.945734721092,800.590724254327,14,11,2,434,461,177.797255476291,511.104818953622,450.966491188913,1349.73590142255,611.037159810696,12815.5802291442,,9440.32392852709
DNAH5,ERBB2,342.855113107833,497.993681448727,2086.2147472821,4527.10683383684,0.96441673429819,0.91657454870307,0.115131465536557,1.70181499019524,0.295476673084309,5.75955784404564,356.945734722323,592.702841345933,14,5,2,440,461,195.950190466888,547.900097035561,182.370766664105,1045.28381573495,,16573.7524921692,,20348.9839260419
DNAH5,ERBB3,362.594673392407,903.578861278265,0.001,0.001,0.781287339708919,0.849075378139388,0.663412246256444,5.67492321934017e-07,0.27894090309609,2.03445359083292e-06,356.945734720897,882.536201187561,16,7,0,438,461,212.64387333895,570.529217805055,388.238933132782,1747.5934770785,,2966.64135304375,,10701.9304101876
DNAH5,ERBB4,291.356968813527,166.817168447152,11358.0914214672,0.001,0.197448479300501,0.941445962203669,0.00453879202282868,3.48287166275421,0.351477630684615,9.90922709923305,356.945734720483,162.533241040886,13,5,3,440,461,160.261562479394,479.718650430713,76.2318205238365,310.555215335953,2487.68965835277,39805.6902405632,,3077.35738986162
DNAH5,FAT2,314.300008777909,158.97000066673,5936.02048072981,0.001,0.528117468046519,0.969284666378821,0.0869978716783262,1.98753681343252,0.309314488804181,6.42561821502899,356.945734722161,154.657376595899,14,5,2,440,461,177.043341328698,508.941003733308,68.3028651279419,307.469438192844,894.516771221214,25322.6267190011,,3093.08096535162
DNAH5,FBN2,361.31851502888,181.905431623544,0.001,0.001,0.828523118515228,0.699497122272385,0.57961565370016,2.04204477460336e-06,0.462819324784698,4.41218563108467e-06,356.945734720809,175.466891640184,16,10,0,435,461,211.900391332066,568.502708834857,91.1392044527333,319.10003316556,,3883.899936584,,979.516073249901
DNAH5,FBXW7,360.306041566679,333.338209764444,0.001,0.001,0.863638859600806,0.873496052326192,0.754412603193001,5.38843343023902e-07,0.176461481095094,3.05360319815927e-06,356.945734721649,322.196505955011,16,4,0,441,461,211.306002705474,566.909966916003,103.479796762457,774.442105059507,,5254.44166841399,,4758.10542347097
DNAH5,FGFR2,339.65054281546,918.570024302208,1451.94546262863,0.001,0.865682775267692,0.954344277160003,0.772276540110518,1.06600739874994,0.543302424505145,1.9620884256515,356.945734721784,898.822012501977,15,13,1,432,461,195.427331259435,541.776952214937,517.4601925936,1487.28126257364,81.5406300265518,6809.03677594763,,9885.80201063055
DNAH5,GLI3,294.304542681633,154.347584112361,4050.84387953965,0.001,0.440407039216292,0.931554140346156,0.0559303031037726,2.95373202342378,0.611697317186646,4.82874771628681,356.945734721008,150.433493121618,13,11,3,434,461,161.878289222191,484.588591380237,86.9452103289595,249.923467789307,951.906106879601,12087.8576742575,,1747.56573875634
DNAH5,GNAS,314.744432166829,410.361492648139,4926.85046951312,0.001,0.692924157265913,0.985577018114665,0.114316871220375,1.80213490156486,0.324107379464755,5.56030197319476,356.945734721168,398.927570340285,14,5,2,440,461,177.294052383533,509.659191951172,176.315314134042,793.696591740496,768.807123490276,18642.1611148028,,8296.21939972684
DNAH5,HMCN1,252.296606081734,222.364599020758,3570.73505154086,0.001,0.127112463386754,0.878610966501266,0.0089827224022033,5.20561863726805,1.19083052517855,4.37141854126349,356.94573472118,217.13019413992,11,23,5,422,461,130.991823168662,432.17309715671,149.814003165801,315.26725056452,1235.92289784681,8226.75210497577,,1533.04678992636
DNAH5,HYDIN,270.724619787054,318.120479441415,6347.79409295606,0.001,0.286205526510669,0.97766269884208,0.00473557395533043,3.77999829301789,0.567175955062272,6.66459545627754,356.945734721615,309.630998022159,12,8,4,437,461,144.956108587688,454.118507306809,170.333458365902,533.621970601298,1822.25723808939,17635.2861661399,,4758.84058639754
DNAH5,IDH2,360.905170194331,4107.4946232735,0.001,0.001,0.840076452061311,0.851699161003606,0.715512693379864,5.46119074735889e-07,0.34920855516503,1.56387656218159e-06,356.945734721705,4047.60265347545,16,11,0,434,461,211.66118461826,567.839782436495,2132.7946549095,7035.03040702044,,4073.75989110524,,50016.3343975601
DNAH5,KMT2C,362.959950824098,357.335770224201,0.001,0.001,0.770388970151796,0.708625473940356,0.5459881022009,1.44456773550506e-06,0.489523944556731,2.95096440443405e-06,356.945734721857,347.134901070311,16,12,0,433,461,212.860646608678,571.094029062136,191.335925296984,599.378896177611,,2751.72603132913,,2001.43377850707
DNAH5,KRAS,398.812885851896,9703.75279921361,0.001,6002.06217267526,0.765946320141729,0.878550793193073,0.30908563130197,0.870542358015083,2.50210862357093,0.347923487339519,356.945734721506,9617.0118657238,15,71,1,374,461,233.829897132135,627.711638907004,7615.45167982531,12144.1031693369,,707.773930116347,338.912088376754,27524.4986396739
DNAH5,LAMA1,315.794289554177,167.635504115819,3469.74031676599,0.001,0.400644870399145,0.909852672615672,0.179899323010422,2.25719077499082,0.534987349536638,4.21914794236875,356.945734721285,162.659402778282,14,10,2,435,461,177.886617244297,511.358809241104,89.7593082918342,281.188011849764,550.35293105553,12226.1373679848,,1667.35899936612
DNAH5,LAMA2,338.048271222506,267.738614977138,2126.83928670219,0.001,0.576629896789237,0.843741150321779,0.542655855229746,1.3363981423247,0.480697084677635,2.78012533240329,356.945734721639,259.236831811783,15,10,1,435,461,194.485563228341,539.151777763777,139.034202260458,458.670270861503,118.813758453749,10197.5657950537,,2145.75893374904
DNAH5,LRP1B,251.652618440395,151.678760102548,4001.25578339955,0.001,0.198452931269865,0.893445998692928,0.00610503998742587,4.92003394724804,1.02212314491277,4.81354323276568,356.945734720156,148.378819647863,11,20,5,425,461,130.656548399234,431.074439566687,99.7098648409129,219.183893413914,1378.35386318474,9322.11536458378,,1247.67939534821
DNAH5,LRP2,272.46757747954,360.653399805403,4295.94013012883,0.001,0.235313066125263,0.934824418432467,0.0151780458718998,4.12058056471859,0.815720029214314,5.05146424893778,356.945734721823,351.928825847538,12,15,4,430,461,145.888732436344,457.044920143988,221.802441236946,548.062424923683,1273.58234647808,10999.7312677559,,3547.67450625798
DNAH5,LRRIQ1,337.926378834104,349.332360803409,2136.46747765161,0.001,0.676110887578046,0.902827868697494,0.585636374110004,1.06225628786332,0.380928085433677,2.7886006006986,356.945734721307,338.373030656873,15,8,1,437,461,194.448863722247,539.064544063506,167.852582680086,629.846358749143,117.466818775971,11119.9664205814,,3657.37810307312
DNAH5,MACF1,320.504369249301,1363.98487803017,1670.61259466931,0.001,0.559016545240779,0.833687298696986,0.457565020425806,1.95469542760761,0.869514947738347,2.24802970057257,356.945734721949,1322.43671525805,14,18,2,427,461,180.53520796596,519.040637595618,850.014766321345,2052.6202790927,270.933937251367,5532.40829022589,,7761.71293071907
DNAH5,MED12,321.274139802089,429.987831334537,2896.66384831059,381.410325909558,0.833479100200676,0.999947782493613,0.232833355699917,1.55389440494425,0.394253162045646,3.94136193323503,356.945734720728,428.438115861028,14,7,2,438,461,181.038819123279,519.970392612967,201.362050467617,783.880523152441,223.487280633492,11552.5196364429,,7253.36837038931
DNAH5,NF1,317.915627639587,515.983002914014,2333.4853545696,0.001,0.831822755292176,0.983363915593609,0.355003412063054,1.67222296870458,0.554752618025774,3.01435795770663,356.945734721358,502.424671329208,14,11,2,434,461,179.074896621114,514.812402655529,283.8216706297,849.54111568371,374.32276304094,7991.58145489956,,6026.3108177607
DNAH5,NRAS,362.089776597179,4192.33875112052,0.001,0.001,0.797236617178438,0.854980538264582,0.681649960338139,7.15040326148327e-07,0.458095983179947,1.56089630209102e-06,356.945734721682,4141.58458344153,16,13,0,432,461,212.358819084094,569.720829096778,2306.14673206587,6901.97910781323,,3123.4778430837,,52366.52120784
DNAH5,PBRM1,315.9829994522,641.184125233241,2249.75346604441,3756.64388568796,0.842288387543039,0.897287092064226,0.022563463093618,3.10963776473773,0.659827598112052,4.71280342567553,356.945734721605,716.389528030331,12,11,4,434,461,172.507187656892,519.859443516237,342.357748848308,1069.40063380159,,8044.70975132527,,14708.0647036967
DNAH5,PEG3,361.11908363428,198.985186530847,0.001,0.001,0.836027137185562,0.661806967973581,0.553342211654738,2.18286530757027e-06,0.525486107376831,4.15399242135418e-06,356.945734721564,192.210986935255,16,12,0,433,461,211.786477130112,568.177328968466,106.545235731931,333.77628969223,,3967.80090918031,,927.07915486328
DNAH5,PIK3CA,320.593746946927,1127.81737981245,1634.31197487441,0.001,0.667265174962251,0.908720449245425,0.503989871977008,2.06802254887965,0.940698505599267,2.19839038392245,356.945734721865,1100.91619337249,14,21,2,424,461,180.584003233936,519.153215309884,727.346347442896,1653.79056235717,266.855812779051,5299.23992207399,,7676.68033561345
DNAH5,PLEC,347.492810926175,140.781150193934,1367.4439055962,3645.70544387901,0.98114774022055,0.479226404052141,0.00220951436862119,3.22588417573059,0.3986365941624,8.09229313858828,356.945734721391,222.421711957737,12,5,4,440,461,198.927553701544,553.908562849801,50.7686422555379,300.06061096836,,13141.2336855452,752.359642244269,10130.6064217532
DNAH5,POLE,311.297278154756,341.412357326261,5397.12095066694,1663.13519278805,0.722844848976345,0.975717504670056,0.0158012205868999,2.69703299777937,0.362612930280802,7.43777392519021,356.945734721175,369.124710396801,13,6,3,439,461,171.994336298061,509.900939059175,149.485349527166,642.190445132251,236.007338119718,20361.9563974995,,11029.726340741
DNAH5,PREX2,335.414367832021,78.6323932802769,9217.47857931859,0.001,0.439327112172861,0.937226000913106,0.187108627273915,1.48959333589258,0.169495931471934,8.78837222201546,356.945734723295,76.5618455359767,15,3,1,442,461,192.992340355615,535.001009411635,24.4104358097676,182.675096775686,497.066624263756,54593.0960487846,,1960.78165731586
DNAH5,PTPRT,336.446674698261,93.7136755030567,3668.21813155879,0.001,0.732505982632842,0.967628092371243,0.423602917328141,0.990525436321631,0.225065885702473,4.40104653457372,356.94573472112,90.8786021894474,15,4,1,441,461,193.586072497938,536.651333190485,33.6044954022575,201.43333819716,199.330899974959,20238.2443974791,,1948.70556938043
DNAH5,RASA1,316.36681207315,440.540816897527,3097.38404023262,0.001,0.555360029246227,0.936683404266805,0.2260268784763,1.92360512247633,0.502490442971995,3.82814270277284,356.945734722321,427.304020263062,14,9,2,436,461,178.205355399992,512.296859191097,228.731696885817,754.606999827832,488.995329377229,11144.7287876958,,4872.83064157316
DNAH5,ROBO2,360.43420322724,214.049344688086,0.001,0.001,0.859809990689645,0.781011257561243,0.671559970465542,1.2609499598585e-06,0.318934795128325,3.95362932837462e-06,356.945734721112,206.582997834091,16,7,0,438,461,211.384413262296,567.106112854864,91.9668131047132,414.012354819727,,4863.17759753141,,1668.78152173827
DNAH5,ROS1,358.598961789015,149.665200716233,0.001,0.001,0.930641279621641,0.893288440078143,0.831340150345624,8.14977489102054e-07,0.164574818288126,4.95201816158318e-06,356.945734722231,145.492226747824,16,4,0,441,461,210.309267499214,564.204680406844,46.462353453973,347.704360369994,,10933.1165148031,,2569.78141612191
DNAH5,RYR1,270.769787026714,317.824054164444,6271.45011258215,0.001,0.160346088822415,0.933956668081719,0.00463856627565564,4.10143660961783,0.606452036118593,6.76300245583772,356.94573472121,309.416932401957,12,10,4,435,461,144.980441554757,454.193639917002,179.031562495469,514.634459886005,1805.7371372724,17234.6924282294,,3744.17562391199
DNAH5,SACS,317.79763915163,151.688860476709,2755.15331457261,576.591144849102,0.795085556816856,0.963869015649704,0.0630754293146713,2.42782522587995,0.515134695760669,4.71299107953684,356.945734720984,162.044368917114,13,9,3,436,461,175.997878699168,519.316986379179,76.2106665834513,263.234316097212,,10116.8487303218,,3217.90248598035
DNAH5,SF3B1,362.179299450767,712.25073200232,0.001,0.001,0.796769983828017,0.733842121747123,0.584761527673509,9.48959194971895e-07,0.428658872598347,2.21378642933415e-06,356.945734721705,690.393081875818,16,10,0,435,461,212.405548450582,569.855597621912,356.866151916832,1249.37857755495,,3145.31745987112,,4437.70249754426
DNAH5,SMAD4,295.234802110589,962.136325878255,3463.01480451684,0.001,0.538672102148154,0.941502102643202,0.0792285196104901,2.81251259653478,0.656300887749605,4.28540117655276,356.945734721629,940.942494004251,13,14,3,431,461,162.389452039822,486.122682346468,574.143567816775,1494.82115387844,828.748668919698,9840.29342891624,,10675.1701014008
DNAH5,SPHKAP,358.862253393824,262.831511357785,0.001,0.001,0.920536922957416,0.833101166780697,0.766914803287911,8.36209046759223e-07,0.2417553165046,3.4589065458807e-06,356.945734721934,254.925858925852,16,6,0,439,461,210.464740543257,564.619615112426,104.459621626627,532.638983140609,,8936.04172491904,,2791.34424019662
DNAH5,SPTA1,320.103346055775,118.337603795719,3881.21888015973,128.916072525342,0.782523384169831,0.999976543005159,0.148041992832134,1.68435862710271,0.336968941822371,4.99855748720781,356.945734721157,118.55898859204,14,6,2,439,461,180.377544123412,518.070009746387,52.4082829367512,223.140698945505,324.861886203464,15499.5340936307,,2516.42348034815
DNAH5,SYNE1,303.789213238608,209.200624383705,1683.52512215447,1401.27187388511,0.846901860308766,0.789016638898859,0.00500577192282222,4.64390941477442,1.09979012440514,4.22254147561676,356.945734720687,233.356209475022,10,20,6,425,461,159.267622165205,510.696652244523,132.232774515464,310.39308271241,,5291.06037355616,,4379.48281790493
DNAH5,SYNE2,337.690116029432,1017.67247812236,2317.57010570161,0.001,0.51500556375941,0.850439390554377,0.515354311894034,1.49110402242255,0.49742123071306,2.9976686364694,356.945734722449,989.451682134658,15,11,1,434,461,194.301817158331,538.63838725564,544.920258166827,1706.96991980884,129.347550328036,11142.3398994563,,8603.67439452903
DNAH5,TENM1,316.467799570968,296.815204006228,3134.07046831309,0.001,0.41382080304063,0.862773773013071,0.203226861313833,2.04830310896089,0.525881280534974,3.89499148339558,356.945734722,287.267094905972,14,10,2,435,461,178.286948732906,512.533120945337,158.929661707027,497.903321321329,500.034381248175,11015.2010079559,,2532.06769128349
DNAH5,TP53,315.359037183846,736.857382931331,816.96518891093,0.001,0.666168389498353,0.695277686751554,0.65738652439058,3.33382447609094,2.8453834777083,1.1716608682834,356.945734721884,721.2272012666,13,73,3,372,461,173.442010377416,519.327890374765,583.154288047935,915.54916170625,201.853887646218,2148.62740953825,,1846.69273093268
DNAH5,TTN,364.013905801143,639.042527964934,0.001,0.001,0.737380973186812,0.622580106188055,0.459187544213802,1.46115949260588e-06,0.629683485855134,2.32046659223018e-06,356.945734720809,617.519532483482,16,14,0,431,461,213.478179426606,572.759125934194,359.965454507905,1034.80633093338,,2342.62319915862,,2594.60838223649
DNAH5,XIRP2,338.373528657791,297.722159095528,1917.69313447515,0.001,0.620915652832585,0.855184744118984,0.587238198790507,1.45515153491584,0.572443966072244,2.54199820621778,356.945734722763,290.685382689686,15,14,1,431,461,194.69182445306,539.721722657621,171.331869931207,474.89257194473,107.633398682131,9001.48525831246,,2427.77366563405
DNAH5,ZFHX3,321.235395792648,295.96121289897,2611.26323981688,1369.28549389523,0.88517117818498,0.964634583539008,0.0604728251724239,2.31015173630193,0.481373762998981,4.79908111715433,356.945734721795,323.739257244489,13,8,3,437,461,178.320363524036,523.798051029176,141.365007817817,529.7968447696,,10685.1647168986,,6946.07835315085
DNAH5,ZNF521,314.715021945971,222.316089943892,5067.05426128874,0.001,0.345842458244722,0.913350550480789,0.0984369245411779,2.46898544776811,0.430451581190268,5.73580294661939,356.945734721876,216.396196958403,14,8,2,437,461,177.278075367364,509.609751892033,111.390966537569,389.961885958384,800.257435133668,18188.191968696,,2853.33560651793
DNAH5,ZNF536,339.177960866734,192.493289456445,1590.18769090431,0.001,0.835055496601892,0.948517033956464,0.730956455453473,0.992217496824461,0.465253120415835,2.13264017646488,356.945734721788,187.437863803875,15,10,1,435,461,195.153372876381,541.01618202501,99.9470032173864,329.704663870669,88.9869853159971,7574.41150879402,,2129.38917041364
EPHA2,ERBB2,918.066505181979,570.495670963733,0.001,4510.9176489216,0.964716598358654,0.821711300249082,0.539329747175455,1.08211205257889,0.311733907226975,3.47126837181365,909.547055377623,631.961652824708,17,8,1,530,556,556.567018332243,1409.92209033299,260.701775357376,1061.9813703276,,18011.8330618542,254.875014734755,20628.3031372196
EPHA2,ERBB3,808.838277549033,894.002862444402,0.001,0.001,0.876050494920166,0.914162597070237,0.800861376621864,2.53202561377799e-07,0.208394758953325,1.21501405625326e-06,800.590724252855,882.536201191789,13,7,0,441,461,444.933796037916,1331.61053361693,384.130354952895,1729.02339402654,,12287.3191093378,,19501.2488367004
EPHA2,ERBB4,918.114090153411,171.415803110078,2.0611894826307,1114.148976996,0.997102235930496,0.948850225540319,0.632241296086948,1.1251343702324,0.38737113628716,2.90453847701842,909.547055369822,185.780281641535,17,10,1,528,556,556.589705744274,1409.99463167933,85.8911616511574,300.662522258579,,18455.0105128037,62.5570255678004,5107.84526625116
EPHA2,FAT2,881.873574293854,181.751013906595,4013.04260777588,1642.21695457607,0.970274940164495,0.871498344863153,0.13140194882581,2.15743408777115,0.386490986906775,5.58210711467778,909.547055374878,203.194461859077,16,9,2,529,556,523.970719649368,1371.22170738405,88.0362367599179,324.722452574913,,28046.4019810413,,7018.84690434336
EPHA2,FBN2,921.890835428577,208.088186913352,0.001,979.559300296098,0.979374150000856,0.933495581489938,0.755245259764343,1.1666309274045,0.541940972689918,2.15269002750234,909.547055364002,219.685813027942,17,14,1,524,556,558.865453867814,1415.75215542735,117.229722145087,336.92864943833,,12759.6232584597,55.2830244893131,4500.33947527891
EPHA2,FBXW7,919.598575793569,687.494235103588,0.001,0.001,0.821921494103422,0.845557430201583,0.695000075489117,4.62831296517419e-07,0.350537644519237,1.32034691210467e-06,909.54705537122,675.976280635662,18,10,0,528,556,557.495453106907,1412.27707279336,344.476531983211,1205.87739614466,,9243.59935645733,,7956.66619674621
EPHA2,FGFR2,921.857327264225,750.43570659947,0.001,0.001,0.786653840260847,0.798909438372557,0.628486802193181,5.96651281620057e-07,0.474195554811951,1.25823887542908e-06,909.547055370839,738.415970061164,18,14,0,524,556,558.864909332579,1415.74963727194,422.755026830568,1215.00938792924,,7487.53289196463,,6473.7992835253
EPHA2,GLI3,923.101310063068,126.095897438222,0.001,1959.4920973722,0.975513135393829,0.580039081827958,0.0390287814122652,3.37353398891044,0.601100451945382,5.61226327145894,909.547055368481,151.214104225961,15,14,3,524,556,559.618026272378,1417.65892165399,71.0349630631193,204.161191401397,,15052.8482062348,473.901491926244,5426.54809793509
EPHA2,GNAS,923.049184630613,666.754949285695,0.001,3169.45029366636,0.963893960084653,0.866948802834623,0.735447461397077,1.17629248795964,0.538354827792577,2.18497620385946,909.547055369822,704.108062940792,17,14,1,524,556,559.586180689181,1417.58107807729,375.579773811798,1079.44575968577,,11353.5819453771,178.978080807836,14518.431016213
EPHA2,HMCN1,943.657385278004,230.075058450113,0.001,807.862312642219,0.983679884965319,0.920784908820164,0.769665921938703,2.08274950873081,1.28887274284461,1.61594658611064,909.547055378693,239.559836497503,16,35,2,503,556,572.063749244107,1449.29493656124,162.00569376091,314.988285009775,,5803.58042846297,131.438175727705,2646.49600323155
EPHA2,HYDIN,811.90167656987,260.682050554678,0.001,4672.74599363756,0.955386715212244,0.513764329548286,0.0868576450281392,2.43790707047001,0.384459430767195,6.34112958447951,800.590724262343,309.630998020955,11,10,2,438,461,446.617811637304,1336.65865077094,130.615309314779,457.252813245616,,16159.5573852856,753.057573057703,15748.8410798997
EPHA2,IDH2,815.636814367164,3736.10786518746,11086.2029970014,0.001,0.84426575629151,0.983226255712919,0.135574733616533,2.04063299839543,0.371816257862541,5.48828340677305,909.547055373238,3678.99264155243,16,10,2,528,556,478.351900477901,1282.97901081507,2000.06785499175,6264.58387026523,1791.76715624346,37115.1117851043,,80776.8596817786
EPHA2,KMT2C,922.259109633382,340.116930861453,0.001,0.001,0.780733636640854,0.78681554630906,0.614320146880266,1.00803009892405e-06,0.480269872968549,2.09888264007361e-06,909.547055370851,334.293583893415,18,14,0,524,556,559.107032476553,1416.36928911696,191.601435840659,550.683279190861,,7268.12554023842,,2756.59147447471
EPHA2,KRAS,996.200458411988,9569.19234251826,0.001,13190.5830392604,0.879000527280579,0.95707995736579,0.750110818148079,1.95661171641434,2.73131594372822,0.716362279840681,909.547055364957,9631.40354668238,16,84,2,454,556,603.86122426133,1530.13882337332,7663.75748362312,11767.5742071124,,2326.299005662,2156.26797354144,42680.7620564563
EPHA2,LAMA1,922.810435010706,159.795299612406,0.001,686.679139942267,0.978135125819385,0.944513601445905,0.793220809239107,1.0521378594892,0.528110221693975,1.99226944730278,909.54705536787,168.424999367011,17,14,1,524,556,559.439799719675,1417.21793421833,90.0185081114247,258.726582335891,,11881.38007845,38.7280293326795,3163.84631025995
EPHA2,LAMA2,871.724459242623,320.684251911291,3424.29411320411,0.001,0.979719996198041,0.989643052024302,0.836142001692276,1.04043909266658,0.562442910001485,1.84985724624715,909.547055374563,315.248248690664,17,15,1,523,556,520.212823014503,1354.27863903419,188.09061504592,504.491550167838,193.293487016509,15721.8379215992,,4025.28944250065
EPHA2,LRP1B,943.853070326129,175.978466519194,0.001,295.941114519691,0.965376980222548,0.985181308372583,0.953325869537718,1.03560352287064,1.23198879967052,0.840594917054113,909.54705537802,178.1162619674,17,35,1,503,556,572.185328417575,1449.60490620205,123.916983874763,240.919910042991,,4744.36065767832,16.699490589945,1359.49173245619
EPHA2,LRP2,927.173518742656,278.954752804026,0.001,3186.14472399813,0.94535984122936,0.678453239807546,0.0788750985359174,3.22441401615609,0.734668752181152,4.38893583888406,909.547055377018,320.968138533481,15,18,3,520,556,562.081317148947,1423.93164695354,169.109240749817,428.41867437324,,11208.0606258797,768.540513966416,8890.01078185497
EPHA2,LRRIQ1,906.986489576806,328.243456796967,1173.16037299556,1462.27635160919,0.999923563903115,0.976511280295947,0.679182421764818,1.01248073055993,0.381536419823125,2.65369353475954,909.547055372579,347.180737424438,17,10,1,528,556,545.991145211575,1398.73282251686,164.707137686992,574.712268499265,,18583.3654278895,,8202.15556094775
EPHA2,MACF1,819.555880135452,1272.27869337008,0.001,5007.6213070263,0.978782711480121,0.919717663369836,0.820190683405308,1.12494005187187,0.617545099992476,1.82163222068409,800.590724248375,1322.43671523461,12,19,1,429,461,450.823086022811,1349.2824443459,782.467774935683,1933.35445279419,,8980.95014892914,281.503558739306,23375.7892358973
EPHA2,MED12,920.064228606023,399.528896133186,0.001,0.001,0.814562905583772,0.847022112674681,0.689974523286296,6.54693309304604e-07,0.351016605692111,1.86513486452791e-06,909.547055384037,392.891718640374,18,10,0,528,556,557.776065226861,1412.99688693963,200.186864010936,700.788126962568,,8862.00408498402,,4672.39967297562
EPHA2,NF1,922.995875304574,427.034203651668,0.001,2140.97538503474,0.948985831426878,0.830509638402551,0.704471186933825,1.11734386907676,0.484315842366527,2.30705620451533,909.547055361464,453.058167589184,17,13,1,525,556,559.552522328826,1417.50347343707,234.906091541596,703.041093072173,,11203.0220551179,120.94593915474,9797.67953542247
EPHA2,NRAS,920.473445874956,3819.98552833955,0.001,18554.0979480976,0.998337943507399,0.994347532878296,0.756012232522792,1.06407280015666,0.473067828174896,2.24930282040499,909.54705536508,4034.32576322258,17,14,1,524,556,558.04523804078,1413.66143005828,2151.90366048606,6184.7236407298,,14632.7837957067,1048.57732846029,84804.7936545605
EPHA2,PBRM1,929.878704157238,729.153538240031,0.001,0.001,0.674095388946301,0.728208700388801,0.490934283439048,8.16878575582783e-07,0.633033596485124,1.29041899216479e-06,909.547055360568,716.229234698066,18,18,0,520,556,563.716823727343,1428.10162066183,442.023781398127,1119.8571877829,,4546.57122963225,,4462.66223520906
EPHA2,PEG3,919.628596747285,175.961136795901,0.001,0.001,0.821556148319991,0.808943012879836,0.664608842545725,1.61703125122533e-06,0.45928073914036,3.52079047393092e-06,909.547055371628,173.098906703065,18,13,0,525,556,557.515213002252,1412.31564470423,96.7951680361989,289.685744860578,,9151.80372762785,,1612.07770057131
EPHA2,PIK3CA,933.591737498886,1042.85507716357,0.001,2610.85766045589,0.95889554468125,0.940259218567828,0.936902204776122,1.12129592814758,0.923116127408937,1.21468566614139,909.54705535978,1067.18196096579,17,26,1,512,556,565.971261253324,1433.80598199258,691.589603347611,1496.76757331322,,6568.9684092549,147.442229199699,11961.1592078812
EPHA2,PLEC,924.02982065042,266.408560586427,0.001,1365.79632190698,0.930769389181117,0.779091148076336,0.680761225557713,1.16287934042492,0.493842950764789,2.35475537035414,909.547055370895,282.790395643511,17,13,1,525,556,560.175767317667,1419.09585402399,146.546577745772,438.598690608926,,10278.0912713212,77.158542819688,6248.46571877605
EPHA2,POLE,917.890622308477,274.129706213067,0.001,4663.44254544372,0.977346640609837,0.627921629620729,0.098124508457341,2.17628175770297,0.339449922742132,6.41120121672914,909.547055372813,337.97083277498,16,8,2,530,556,556.442209571517,1409.59297219205,125.262873387675,510.257321991324,,21585.6021659011,761.557651861043,15133.9132923761
EPHA2,PREX2,864.62748182384,130.392212063236,7472.44600439809,0.001,0.994184485575147,0.999324097268975,0.516076495515417,1.05036608555174,0.275543313161428,3.81198176613482,909.547055376567,128.334170108588,17,7,1,531,556,515.982637736325,1343.23222415978,59.5861745379506,242.723689841608,416.980905888254,36129.9604022059,,3515.91205912745
EPHA2,PTPRT,914.798518696435,91.0035765161719,0.001,1014.11908279718,0.996428745554346,0.899537344014075,0.432768304747466,1.15949584650391,0.248914140820333,4.65821605266224,909.547055366038,104.663255866782,17,6,1,532,556,554.583390853703,1404.86779091943,36.1697389009957,184.410167198607,,30137.0084332465,57.2601418184754,4648.12192656949
EPHA2,RASA1,920.040723734927,329.962642719256,0.001,2058.16491634327,0.970281441750201,0.846479845945403,0.63228301499404,1.08829131294603,0.389965788628716,2.79073535340862,909.547055372775,357.440733421761,17,10,1,528,556,557.75756145035,1412.94196261698,165.33099451383,578.764395249499,,14691.5145177116,116.120456608929,9466.58491614921
EPHA2,ROBO2,917.600647117954,225.30393178899,0.001,0.001,0.854494338921339,0.862328728082153,0.736867468720784,9.18680763615327e-07,0.320736225279563,2.86428750857368e-06,909.54705537122,221.607065544243,18,9,0,529,556,556.286219016218,1409.20092637715,108.258884267104,406.169917353975,,11587.1267530833,,2955.80825589831
EPHA2,ROS1,914.598038333244,184.68929372198,0.001,0.001,0.905997813391065,0.897263979118475,0.812924757541912,6.92334452271053e-07,0.206082313151331,3.35950447024852e-06,909.54705537122,181.372976808319,18,6,0,532,556,554.468959789695,1404.58113840609,73.4053062923543,374.258954384026,,18797.1910042907,,3315.18346529017
EPHA2,RYR1,815.249642907926,314.287586631673,0.001,0.001,0.791449612615342,0.805931849328687,0.637888962030089,1.00825252882623e-06,0.436713578551287,2.30872722613965e-06,800.59072424721,309.416932402865,13,14,0,434,461,448.45622345409,1342.18465717169,177.044698941468,508.887356851848,,6790.68974187544,,2866.07721798545
EPHA2,SACS,928.878681073682,206.594195846378,0.001,707.923753177742,0.923235282170453,0.859921496739738,0.827487271635324,1.07285625156042,0.659346588924201,1.62715068157235,909.547055357306,214.598021905023,17,18,1,520,556,563.111951388819,1426.55859942422,125.242349663181,317.287335193242,,7836.34595227597,39.9757220622277,3245.14473496389
EPHA2,SF3B1,920.687464539042,695.227173589125,0.001,7946.8582166345,0.97121652486334,0.773503770112503,0.180382847721898,2.23954437234934,0.489155081581313,4.57839334942503,909.547055367047,799.861713333349,16,12,2,526,556,558.155804106656,1413.94818275701,372.279028524387,1166.05716057901,,16159.4824334702,1295.5191541535,25916.3782651431
EPHA2,SMAD4,927.577875958502,873.883961662383,0.001,6137.01192065482,0.965844732295774,0.792517534138312,0.355178215072611,2.16069453715833,0.710798216300676,3.03981423645601,909.547055379507,952.261127372789,16,19,2,519,556,562.328041548133,1424.54712793341,537.474066930265,1327.87338674888,,10255.6063554801,1001.92724948661,19925.2945442865
EPHA2,SPHKAP,914.87700540391,251.109198942523,0.001,0.001,0.901237755129983,0.871752876003552,0.785663687958111,6.31311100308778e-07,0.240426251280132,2.62579937484949e-06,909.547055381078,246.216275405474,18,7,0,531,556,554.637792285291,1405.00844531815,107.894522646098,485.656584389068,,17715.7684830335,,3581.67557811962
EPHA2,SPTA1,920.50895934563,136.79836651882,0.001,781.205408702635,0.973248868026309,0.874320589788296,0.670075664707425,1.07934772679752,0.415924358435304,2.59505774285015,909.547055372527,146.960144956754,17,11,1,527,556,558.048567387342,1413.67776238466,71.0316631937804,234.298441231573,,14060.653317724,44.0985836239346,3585.44208832071
EPHA2,SYNE1,944.981723529474,241.54012271071,0.001,969.179122229456,0.901491047552746,0.726400369059342,0.623579435413567,2.1740675813524,1.18381286068391,1.83649599827493,909.547055369659,252.979974340888,16,32,2,506,556,572.869930890522,1451.36206918073,167.200820791401,335.216758352036,,5252.41850383274,157.867930760278,3163.64498290804
EPHA2,SYNE2,767.126040297003,888.316648716919,4182.26462972988,10340.8029902954,0.983857661059,0.921325916634641,0.0890234581096963,2.48713780122846,0.367844948527049,6.76137544143976,800.590724246795,989.451682135562,11,10,2,438,461,407.965905532261,1286.91672044705,447.840636736128,1547.2713123384,,30684.2927884536,,44439.9566782375
EPHA2,TENM1,924.961681046326,325.544036225865,0.001,0.001,0.741115672568775,0.746691441939549,0.553422134103266,1.2281030323056e-06,0.563701266943922,2.17864160384754e-06,909.547055370633,319.592763286117,18,16,0,522,556,560.742400175844,1420.52792401992,190.9380323014,512.147252588443,,5990.33298158531,,2166.70277975852
EPHA2,TP53,997.386627505785,737.340799351101,0.001,2024.30032035329,0.995827630136039,0.989888101054488,0.855760555134382,4.05890448030087,3.17018321304907,1.28033750970406,909.547055372516,758.023841535158,14,92,4,446,556,604.584873699656,1531.93463254313,596.557310852149,898.755909215702,,3013.88917527082,608.766601950434,5042.44650218313
EPHA2,TTN,814.357924670171,580.165001415724,0.001,3751.61364774705,0.940479398293863,0.780276303979977,0.599446548183448,1.27493409740955,0.448530764904382,2.84246744519597,800.590724246514,617.519532486231,12,13,1,435,461,447.966882548662,1340.71147864061,319.138165120966,955.160524117678,,11498.6698932913,210.652266840124,17617.1916250006
EPHA2,XIRP2,768.03297122018,310.247529172015,10775.4648987866,0.001,0.63054501343492,0.960501345039402,0.0489459176386854,3.37234782375265,0.634923756120154,5.31142171204956,909.547055366665,305.52842175683,15,16,3,522,556,441.956788962541,1224.90062035143,190.815308151966,471.421743894443,2613.79080146114,29628.4151177956,,4651.84446712772
EPHA2,ZFHX3,814.392279513898,328.525442991698,0.001,0.001,0.802113940137061,0.852647224316255,0.683946524503977,7.56254514623113e-07,0.339299977544005,2.22886697516811e-06,800.590724253747,323.739257245111,13,11,0,437,461,447.983521347139,1340.77684979031,170.580277405894,562.697662776719,,7239.55975195404,,4044.12350431265
EPHA2,ZNF521,911.350206504651,204.648924433099,761.129887743408,3751.97951055846,0.999963029137785,0.773772480983202,0.0238852842703921,3.30632078736465,0.488793323670967,6.76425112056218,909.547055372957,253.642162906723,15,11,3,527,556,549.551562790223,1403.71556118422,106.281957652662,350.420440338604,,22828.5496659217,780.774457219376,10680.9500413599
EPHA2,ZNF536,809.471283944093,154.949472986406,0.001,3071.47214404632,0.980395732457551,0.648823112219977,0.0754696572240199,2.40360701974074,0.336526575389103,7.14239883421276,800.590724250639,187.43786380326,11,9,2,439,461,445.258993846048,1332.57022794077,74.4509907455265,279.326586064568,,21829.1605139934,496.943036637258,10254.4201517275
ERBB2,ERBB3,414.737605765539,855.400998623292,969.089782499666,10210.211226803,0.998856367439408,0.937384341755788,0.342313093463345,0.934734641120299,0.147885124359602,6.32068063078047,419.433461201601,908.259667887942,8,12,1,814,835,195.610471080109,754.054360896256,458.351608459097,1433.48672515513,,19298.3255053536,,56564.5717358765
ERBB2,ERBB4,464.082556199138,152.759659469452,0.001,0.001,0.918020722650261,0.89105348389921,0.818009448923453,8.57380642621097e-07,0.192923521779525,4.4441477882667e-06,460.470638189795,151.584124954235,11,15,0,904,930,240.977397178001,794.828240342581,87.9053675381593,243.624455531088,,10638.3473893062,,2634.38344633755
ERBB2,FAT2,638.677189583985,205.508836386703,0.001,0.001,0.909890728468796,0.883664623989267,0.804047423533623,6.86280465842133e-07,0.207054123594109,3.31449793865231e-06,631.961652820227,203.194461858291,9,11,0,536,556,306.886280684404,1151.3790338882,106.708104843872,351.986757596722,,13351.9596120856,,3335.05872591103
ERBB2,FBN2,568.539428381333,221.831926271467,5581.80750868301,0.001,0.746383195442352,0.977904523364353,0.45980813822626,1.23025719471489,0.291021958892604,4.22736895661161,631.961652820028,219.685813027083,8,14,1,533,556,259.808402688685,1058.32943338394,127.650186224203,353.792035000294,314.436566579569,25829.5749284642,,5085.00783252254
ERBB2,FBXW7,423.420920517036,575.758650959972,5040.76254132077,245.078947927801,0.882541047884864,0.999549435089836,0.389106316043959,0.984514864355429,0.18076825784543,5.44628175372062,460.470638188469,573.446403749186,10,13,1,906,930,212.171930786364,742.621576700243,323.69636441351,933.129618466804,115.687868460744,24005.7710042621,,21075.7309289002
ERBB2,FGFR2,424.31455531154,815.888769153377,3055.27258234098,0.001,0.910443714839638,0.985278634732618,0.582801708216015,1.04750156256146,0.320858039266917,3.26468853625967,460.470638193165,810.870493143698,10,25,1,894,930,212.611826426388,744.232581666994,541.095367697284,1170.93185302292,173.161215734964,13798.6472940665,,17173.5497447063
ERBB2,GLI3,533.456912806978,147.952670887742,6998.97119734095,612.915500419221,0.811461721744933,0.982543493905537,0.0911586495745678,2.15352577287237,0.321374339741282,6.70098855623022,631.961652822783,151.214104226351,7,15,2,532,556,230.431921291721,1024.76826142178,86.8390313134131,232.087767005673,,27391.5886005735,,5770.42281828089
ERBB2,GNAS,422.198535745864,410.943437637213,4776.73291938595,0.001,0.911977230805189,0.994428688778449,0.417954125544119,0.984214144405384,0.196762863769488,5.00203201737504,460.470638184839,408.168855156125,10,14,1,905,930,211.5519320649,740.518550503716,236.476426221484,655.382294276552,269.419010949635,22002.4912172057,,13894.0060279238
ERBB2,HMCN1,581.944247409415,242.232043482735,2005.6928093546,0.001,0.818794010915742,0.899721688209362,0.806633860603846,1.07800279911297,0.673646563205256,1.60024983128209,631.961652821037,239.559836497689,8,36,1,511,556,265.931024845838,1083.33351213315,172.303472044197,328.943262239747,113.85408213517,8994.79755585071,,1949.8124917939
ERBB2,HYDIN,515.966855814469,313.097814475245,5334.0100655272,0.001,0.792646169165718,0.972772639901026,0.450155516520891,0.977904667996252,0.22667277515797,4.31416903646564,592.702841351066,309.630998021229,6,11,1,443,461,205.070659893219,1045.58043405854,167.648242793036,525.177394625651,299.620352288036,25008.6018825501,,8320.17655711983
ERBB2,IDH2,467.972068145588,5625.622610945,0.001,0.001,0.837590094380358,0.845231283823779,0.707965196336139,4.03451498031185e-07,0.338568915403136,1.19163774249858e-06,460.470638176676,5593.90768135329,11,30,0,889,930,242.995422711057,801.49173603305,3845.09104371612,7885.82704113765,,5080.63129474873,,66099.8171233573
ERBB2,KMT2C,429.689476793712,282.321876074327,3175.01263704668,361.291792910001,0.9443625671533,0.99987291092977,0.510297405907025,0.990304154083301,0.250603570256355,3.95167615956256,460.470638182425,282.750745037386,10,19,1,900,930,215.437690008901,753.041862120263,175.235974179893,425.801855845279,,16357.7006971605,,8223.99372817421
ERBB2,KRAS,499.14304408745,8538.37006533467,0.001,0.001,0.413265176198405,0.415445482763061,0.171746095494867,1.73785024066425e-06,1.46250356471276,1.18827077252668e-06,460.470638189987,8476.28103540542,11,125,0,794,930,259.168693883943,854.932130344173,7126.57792881254,10125.7671610278,,1043.28220054545,,18915.8025328421
ERBB2,LAMA1,569.527017032238,170.270898203206,5057.31538083984,0.001,0.766569795818534,0.953886022766272,0.49113089171941,1.07439388939033,0.278119510017873,3.86306551928445,631.961652830616,168.424999367132,8,14,1,533,556,260.259256911122,1060.18228516625,97.9786143233809,271.564799524506,284.59457904236,23521.841458334,,3424.95573561829
ERBB2,LAMA2,569.311619386952,318.45623742461,5121.93118272309,0.001,0.756537259314505,0.962016267050272,0.486958677285678,1.16870483373277,0.299206158334932,3.90601864693079,631.961652828037,315.248248688984,8,15,1,532,556,260.163482227304,1059.78257398362,186.787226328558,500.988938925447,288.915604664101,23578.3372796147,,6547.40570822767
ERBB2,LRP1B,581.133254062644,179.919319285776,2084.37556595314,0.001,0.857570560837784,0.931617950856642,0.823184944848624,1.05501434462315,0.636533084740613,1.65743834831943,631.961652822648,178.116261967481,8,35,1,512,556,265.5562527369,1081.79954976817,127.34904484313,245.291517968396,118.356806754596,9348.45633253617,,1655.37789990162
ERBB2,LRP2,573.340849842746,324.27452678682,3410.19751204042,0.001,0.846088693866999,0.964546912518168,0.652397608451001,1.02130342408267,0.384238609706908,2.65799271151253,631.961652822453,320.96813853575,8,20,1,527,556,261.993456964283,1067.26033864022,204.593704519129,483.43966780481,192.815743597522,15549.1563813932,,5101.24681407385
ERBB2,LRRIQ1,638.444521311897,351.38021639243,0.001,0.001,0.91292871186212,0.876941730692593,0.800594666036711,4.52853576053333e-07,0.19915768945276,2.27384429543078e-06,631.96165282616,347.180737424882,9,11,0,536,556,306.774123397282,1150.9620531616,182.450875850394,601.825518995212,,13951.5631639242,,5370.66516958903
ERBB2,MACF1,345.535918471211,1330.88570057352,11904.862778246,0.001,0.44572062256642,0.985186790415786,0.00808254756753392,3.18702750030485,0.354775835155847,8.98321470768956,592.702841353594,1322.43671524689,4,17,3,437,461,107.269537618868,802.735574654529,829.452172001196,2002.52859293723,2879.43037449355,32961.5720476816,,49885.1056435666
ERBB2,MED12,407.40960664257,359.748457563238,6453.58641157034,2766.11717977984,0.821518494694493,0.95461259367006,0.0505823976965284,1.95634906597594,0.205735001046561,9.50907262266565,460.470638177919,372.91461577229,9,14,2,905,930,197.106173152721,728.689222831878,206.160072296723,573.752702724386,,27238.8284700509,,19807.1156255839
ERBB2,NF1,437.09295667011,350.819171961145,2598.93926331901,1035.57984133584,0.961776917549069,0.99349029540807,0.497229714365779,0.939431077640429,0.229434491831256,4.09455034481633,460.470638189321,355.116014628306,10,17,1,902,930,219.685258254102,763.954865072391,210.703851922694,541.87806006627,,16149.9072216143,,11716.2758505283
ERBB2,NRAS,467.52580253486,4703.56078599216,0.001,0.001,0.846341696085697,0.87237067403991,0.738330449651098,3.96033174233489e-07,0.327685295256028,1.20857780305357e-06,460.470638187751,4680.45591303935,11,28,0,891,930,242.764882071841,800.730817226501,3169.41901125446,6667.3237281992,,5400.02893826159,,67951.6132274104
ERBB2,PBRM1,430.525799675254,797.63634058606,1859.94137103584,259.601518301537,0.966351248203514,0.998372346901029,0.771965443565432,0.919729375270924,0.424889350303077,2.16463268522704,460.470638189621,793.894769806746,10,32,1,887,930,215.732905780583,754.930020602432,554.993995111257,1102.25162270836,,8830.04465408537,,12543.4554201816
ERBB2,PEG3,638.363409354924,175.193731592231,0.001,0.001,0.914005290082195,0.856071336874119,0.782462239430633,9.16360789336018e-07,0.244110838698932,3.75387178308042e-06,631.961652827223,173.098906702762,9,13,0,534,556,306.737055526313,1150.81255576148,96.3726318135088,288.424962985073,,13935.7340147934,,2266.52592545859
ERBB2,PIK3CA,429.067055504527,1015.0427622125,1708.12106686395,0.001,0.814412569359183,0.967975142092027,0.815579995143377,1.00073476519614,0.538857043475813,1.85714333200705,460.470638186678,1008.20815975546,10,42,1,877,930,214.991620384433,752.57568146201,741.066430738767,1349.45146519344,97.0783957619789,7632.10930650213,,11860.4274327024
ERBB2,PLEC,622.392549768999,270.584504882502,1243.55453401383,1560.65722179438,0.998320567027901,0.958126229002046,0.552785425062336,0.9115416595429,0.259312768852972,3.51522088007836,631.961652821176,282.790395643874,8,13,1,534,556,291.17975295201,1136.53790990775,149.059161242212,444.734399318,,16597.2522193354,,9648.72920148344
ERBB2,POLE,422.278573312305,301.644096393923,4756.66638847382,0.001,0.967329084569956,0.991757125501122,0.420555879104455,0.931342726792923,0.186634788589633,4.99018823784634,460.470638188359,299.668378354396,10,14,1,905,930,211.592732092952,740.662770827669,173.576846910076,481.055892717697,268.145350142796,21951.1950803086,,10608.0607518315
ERBB2,PREX2,516.244644113254,179.370209078166,0.001,0.001,0.909430995892269,0.885290367933332,0.805115545116905,8.22652673536026e-07,0.213744537143784,3.84876584229442e-06,511.340875856139,177.911895581711,10,15,0,737,762,258.675095854975,905.475620101385,103.21808448513,286.064095681522,,10615.5734911772,,2931.04414054601
ERBB2,PTPRT,463.560940167944,106.316099857859,0.001,0.001,0.929394933599117,0.909994432268698,0.845747071538465,9.13308274231618e-07,0.154897932958438,5.89619407301373e-06,460.470638178769,105.480497371233,11,12,0,907,930,240.70621862611,793.932456054545,56.9308677547611,178.312799300149,,12469.2364647842,,2242.58140399494
ERBB2,RASA1,423.154966178825,379.82008390638,3758.02894399152,0.001,0.885104112004839,0.997165125651002,0.503347977794465,0.987459368748336,0.248125086882626,3.97968371983058,460.470638188865,377.226423277837,10,18,1,901,930,212.033133510293,742.204778108707,233.607652903399,577.116251113335,212.353873676286,17171.9756273944,,9909.9145008062
ERBB2,ROBO2,637.364527108939,224.358273858562,0.001,0.001,0.926808605134883,0.895438461516229,0.829906273703941,5.26736947784956e-07,0.169903222726134,3.10021751991133e-06,631.961652819662,221.607065544048,9,9,0,538,556,306.256503239452,1149.01008034896,107.803884020702,404.468213517259,,16686.0218198326,,4089.17490235573
ERBB2,ROS1,463.120530640946,200.864371921704,0.001,0.001,0.939214915786691,0.922845586316986,0.866752296155264,4.99455406303756e-07,0.137504402835058,3.63228664687103e-06,460.470638189453,199.397233908318,11,11,0,908,930,240.474992552299,793.168548334818,104.298784926407,344.013030703859,,14607.2289478735,,4959.2370224011
ERBB2,RYR1,515.705473764145,312.544652524902,5513.29362222145,0.001,0.724931433148221,0.963254910099839,0.433389745227806,1.10658329613261,0.248116020266474,4.45994295307554,592.702841352894,309.416932401917,6,13,1,441,461,204.963629708873,1045.03090810856,176.062724566135,506.059299856175,309.779179519677,25803.4791269806,,7350.81425770476
ERBB2,SACS,573.124672420692,216.885926154513,3491.49445896567,0.001,0.880820183178487,0.968671554289887,0.648064117841294,0.942396465544642,0.346806497501279,2.7173552754477,631.961652825291,214.598021905654,8,18,1,529,556,261.901195615133,1066.88707434316,133.391313243559,329.567508869378,197.315090350853,15953.2440065989,,3689.78572714523
ERBB2,SF3B1,466.700437864756,785.867566511185,0.001,0.001,0.863221572106183,0.836396749526451,0.722004772732915,5.15196764295373e-07,0.293194348803968,1.75718517903576e-06,460.470638178597,779.739661420541,11,23,0,896,930,242.33442786371,799.310330177672,506.865396582907,1152.22812220235,,6136.4550753949,,8731.11603071698
ERBB2,SMAD4,339.513973012436,688.312196298886,8842.08881271224,0.001,0.767637927191567,0.987166798431265,0.0118414944978674,2.85262529753799,0.318768508527939,8.94889307200169,460.470638183531,684.617138416483,8,23,3,896,930,155.150763857339,631.996405797525,456.485931262176,987.841140887974,2159.58678196032,23896.4048254613,,21659.317203103
ERBB2,SPHKAP,635.224413771864,248.702250759236,0.001,0.001,0.955051318548938,0.932284957171652,0.890382142268778,3.56558348559195e-07,0.124772101759931,2.85767686469878e-06,631.96165281036,246.216275404716,9,7,0,540,556,305.228862791758,1145.1449984574,106.861952601441,480.98951380711,,28089.9010699465,,7090.30614388153
ERBB2,SPTA1,640.362318169185,148.605619783736,0.001,0.001,0.888651148041457,0.87581759186221,0.778307245892777,9.23452777541051e-07,0.215675940031805,4.28166803123646e-06,631.961652811948,146.960144956812,9,12,0,535,556,307.694436381439,1154.42300979771,79.5746725559204,249.247996345173,,10663.2426200925,,2238.59356422914
ERBB2,SYNE1,547.506203549646,243.316950184678,2843.48586857596,1580.61997415737,0.941315652631057,0.911099192475339,0.0733179099326552,2.76429129718014,0.617869096910637,4.4739109157614,631.961652827195,252.979974339619,6,31,3,516,556,227.849463564037,1061.86227644348,168.061390087775,337.983170564387,,12049.2775926794,,7342.12454903734
ERBB2,SYNE2,513.078976080826,1000.08899139469,8509.6956116078,0.001,0.557364115680759,0.936413127984868,0.295351872891328,1.3784926648757,0.207014158230154,6.65892940203214,592.70284134899,989.451682140833,6,11,1,443,461,203.908750057808,1039.6361789573,535.514098568049,1677.37467252033,476.880206505683,40311.9111568547,,23677.7547043181
ERBB2,TENM1,570.380441251628,323.296231429329,4596.94601334289,0.001,0.761591909385211,0.9420933811863,0.521934926845521,1.05340062950172,0.298266938016781,3.53173783358602,631.961652820227,319.592763287014,8,15,1,532,556,260.648624542225,1061.76970849492,189.620197552269,508.608945266416,259.283437508888,21175.5476304058,,5762.59983903595
ERBB2,TP53,406.922461441749,650.007969553116,1124.42299768449,0.001,0.874087264023169,0.913019743743124,0.860556505425407,2.11249563436834,1.68653738248268,1.25256377730485,460.470638177008,646.062753203626,9,137,2,782,930,195.52310219705,733.606578844821,547.750855315746,764.294485030518,186.576455383935,3490.61353774792,,3066.17157654637
ERBB2,TTN,602.470978122239,625.550252664094,0.001,0.001,0.892798148934095,0.836323802933234,0.746687407969767,4.38438202322693e-07,0.258163924711178,1.69829383719355e-06,592.70284134899,617.519532481224,7,14,0,440,461,258.864427858144,1165.20909502883,352.385196981177,1012.87742060261,,10416.6784160642,,7174.42771356247
ERBB2,XIRP2,641.035663201562,308.434000527497,0.001,0.001,0.880360184811616,0.836549973400502,0.736477501285637,8.07141307646378e-07,0.325108363552332,2.48268392368335e-06,631.961652823507,305.528421756586,9,19,0,528,556,308.018611208649,1155.62949102889,189.701975723789,468.659070438586,,9773.04187190852,,3428.38920222385
ERBB2,ZFHX3,284.709043627811,256.608621574881,15910.4879630509,3415.61123696664,0.852609125607217,0.985172570679238,8.44037550094394e-05,3.69633052941883,0.198183595370161,18.6510418408494,437.357388273012,269.268228811805,5,12,4,780,801,103.289409467595,602.59450283749,145.641840637614,411.107309623355,2478.38971641283,45925.7772038464,,28272.9120747702
ERBB2,ZNF521,639.889876706575,256.463701043948,0.001,0.001,0.894666367735618,0.857522088765176,0.767206982536178,7.30794574801789e-07,0.258936744021241,2.82228996724328e-06,631.961652820227,253.642162904422,9,14,0,533,556,307.466652767206,1153.55862033566,144.476813584321,415.23434004594,,11249.2596630903,,3341.56640018155
ERBB2,ZNF536,600.516941045392,189.41588855362,0.001,0.001,0.912980599920737,0.891738884658081,0.81414960267859,6.85606307341408e-07,0.191181047739996,3.58616251687156e-06,592.702841347154,187.437863803802,7,11,0,443,461,258.025983355556,1161.42164346465,98.3523699468898,324.421635695853,,13014.0590313772,,3357.98241573581
ERBB3,ERBB4,914.532735799408,136.328400942752,0.001,0.001,0.914964845388233,0.880419790466781,0.805557849027373,8.57328858226833e-07,0.19871666642376,4.31432790040164e-06,908.25966787724,134.883245065501,13,12,0,810,835,503.086057917822,1505.57038700502,73.001667134868,228.650552214903,,20290.5669895103,,2113.16232991301
ERBB3,FAT2,633.550213755775,156.334833712047,45983.9918399123,0.001,0.268030580607049,0.954762684582672,0.00833651111171482,2.36187517828816,0.119926356049656,19.6943795850032,882.536201187633,154.657376595426,5,5,2,449,461,227.188950583508,1361.70550758036,67.1718108047863,302.364848176496,7133.89101862109,179276.121749654,,6271.46973158427
ERBB3,FBN2,763.590541305428,177.49986194742,12619.0138734269,0.001,0.590044856538689,0.964651330417046,0.301883761312273,1.17837476518098,0.176759926851949,6.66652666227885,882.536201186733,175.466891640129,6,9,1,445,461,303.492354793439,1547.35479440181,88.9374226426761,311.340293312058,706.309836758315,60011.8408893798,,5047.87128297045
ERBB3,FBXW7,856.796172561108,356.97983290127,10831.7111510585,1053.10925615213,0.921244129864166,0.997189305147071,0.317008423309387,0.916632913220511,0.133719936976189,6.85487096351035,908.259667887829,363.058466431206,12,7,1,815,835,459.222576452666,1435.54234650241,158.984140028343,672.187279023949,,61840.7859435706,,18178.630996585
ERBB3,FGFR2,922.77687808926,914.980657956263,0.001,0.001,0.814626017479655,0.787231694378702,0.64131443010561,4.71223260445006e-07,0.418709528205275,1.1254180492735e-06,908.259667835624,906.532271458843,13,26,0,796,835,507.618063194706,1519.15450399513,606.807857370526,1313.15703961989,,8677.38584098194,,7491.70510416921
ERBB3,GLI3,766.873310185341,151.943960574156,8850.86930862992,0.001,0.67640739300876,0.963179288916723,0.405872641724325,1.16554441172196,0.24240199672844,4.80831192586134,882.536201199811,150.433493121674,6,13,1,441,461,304.798404379059,1554.03222123865,85.5947996704594,246.018364575552,497.572318616534,41333.0024527167,,3526.88344723956
ERBB3,GNAS,912.814087778284,214.473487034624,0.001,0.001,0.93740063456364,0.927421418681238,0.869367983312202,3.46334118095956e-07,0.117846486010754,2.93885825381634e-06,908.259667895345,212.169982781026,13,7,0,815,835,502.141192886427,1502.73993622674,92.1546006894401,414.791135328028,,28394.5004386019,,5615.47480050449
ERBB3,HMCN1,779.305746410719,219.884937040099,4279.99653350436,0.001,0.641246234555524,0.850636211995303,0.609987510673436,1.14567911812545,0.472178235484619,2.42637002730459,882.536201190305,217.130194139701,6,27,1,427,461,309.731784894862,1579.24609740874,148.143743899796,311.750734123974,242.602495248896,19321.9352386451,,1923.70522484962
ERBB3,HYDIN,897.526857869736,314.519485359015,0.001,0.001,0.88967298549888,0.830425933727103,0.738828304756948,4.77577711225676e-07,0.213076674392306,2.2413420548623e-06,882.536201187561,309.630998020797,7,12,0,442,461,385.6416684087,1735.85989442214,168.406942870107,527.574227139433,,15022.4671197536,,3441.96525018027
ERBB3,IDH2,924.334587786691,6059.91721334881,0.001,0.001,0.796762002188334,0.819356325255948,0.652844414848719,2.79968837597552e-07,0.434507033859081,6.44336721343737e-07,908.259667882001,6018.02811727484,13,29,0,793,835,508.4747538538,1521.72017080645,4113.3313775709,8541.00662432476,,7822.20740512836,,59649.9107609536
ERBB3,KMT2C,705.360528072432,285.92016597602,20616.0067833754,0.001,0.691064276498787,0.987146847976351,0.00819436126735617,2.99127103251538,0.29488265291286,10.1439369286986,908.259667895951,283.808422491513,10,15,3,807,835,353.434358830589,1237.17107940194,173.339330215403,439.093837782759,4991.09398957189,56966.8654438442,,9365.2399965272
ERBB3,KRAS,979.303241860509,8174.83323264431,0.001,29777.6737160673,0.986522757727798,0.944238390617328,0.658512239400434,2.85922905205703,1.71369851652261,1.66845511301422,908.259667833333,8342.96787738512,10,108,3,714,835,538.711768829563,1612.38654050749,6727.30027947022,9816.69584684269,,4554.92792711346,7123.10851784774,85092.8425371847
ERBB3,LAMA1,637.506739868679,164.444301663615,21566.9158976013,0.001,0.335146914032628,0.93250930128086,0.0318325043356964,2.19142194371611,0.203350465753106,10.7765769584063,882.53620118615,162.659402778261,5,10,2,444,461,228.607811836035,1370.22890699073,88.0509152913896,275.814507755942,3467.16594006071,73563.3851895358,,4101.63351380934
ERBB3,LAMA2,892.726190135752,262.783759238039,0.001,0.001,0.923451257350655,0.862043356277649,0.796064316467756,4.76279116446224e-07,0.186946815749543,2.54767172437057e-06,882.536201190919,259.236831811429,7,11,0,443,461,383.581829687228,1726.55197983964,136.446836565531,450.087831101981,,22083.279066442,,3584.27040854406
ERBB3,LRP1B,516.619155146525,149.61441422059,15285.6983142441,0.001,0.249197085241995,0.906122196699324,0.0110699375749617,3.30223492211442,0.41217554380495,8.01171969503633,882.536201190933,148.378819647961,4,22,3,432,461,160.383127131279,1200.20952891509,98.3552250133756,216.193524514056,3729.33133351981,41431.2073052537,,2590.75722168797
ERBB3,LRP2,773.269978542839,356.3167918075,5783.40137448981,0.001,0.671382251706019,0.903720564372776,0.534071226448907,1.03692792143499,0.321277105087959,3.22751887704883,882.536201202676,351.928825847876,6,18,1,436,461,307.315002670294,1566.90290312282,219.13486194514,541.454961220801,326.943934164043,26432.705749226,,4774.7421183692
ERBB3,LRRIQ1,761.936781179438,341.874415420549,16029.6683413995,0.001,0.573459743833686,0.97057260828979,0.24776517515912,1.24432170472481,0.150192145116412,8.2848653886683,882.536201198774,338.373030654697,6,8,1,446,461,302.835747024171,1544.00111313837,164.270002166133,616.326851325577,891.165277638387,78535.674724616,,11783.7776758968
ERBB3,MACF1,385.037894083119,1329.31792422342,25834.4989713365,0.001,0.203216646,0.997618611864457,0.000273027841997966,4.25203037475712,0.338629583435476,12.5565827167824,882.53620118906,1322.43671526671,3,16,4,438,461,95.7518191023028,998.451290858301,828.484125592389,2000.12707561557,7762.78745677972,64371.4863537362,,68347.1494483811
ERBB3,MED12,846.244805733901,393.818071404279,7240.24754461319,0.001,0.845792169984498,0.985226157037622,0.51055658743389,0.959572652972329,0.248068892080193,3.86817002698642,908.259667887942,390.019899594813,12,14,1,808,835,453.151399646158,1419.31679450311,226.620326647871,628.079332300768,408.020879110935,33460.8790255333,,8851.99748286871
ERBB3,NF1,776.073693422458,375.390769448767,13613.8149353614,0.001,0.75212532223719,0.993667190170805,0.0903493120696597,1.96607963380539,0.281520930352453,6.98377783614149,908.259667883701,372.306775769906,11,15,2,807,835,402.969248098455,1329.14302517476,224.021245486336,583.176433015713,2220.29336030609,44495.7152030453,,10633.7027822869
ERBB3,NRAS,910.783594734396,4689.36044448933,745.243751373208,21502.9458249316,0.999974105364127,0.990588649674005,0.702119006948631,1.03003988551072,0.403816535363337,2.55076203004895,908.259667910644,4812.03287213076,12,25,1,797,835,496.586258453662,1506.25633264244,3083.62748403546,6774.12560069529,,16785.8190442312,,113670.427333824
ERBB3,PBRM1,927.835375783146,811.715631468446,0.001,0.001,0.759179541574798,0.718378555606624,0.545407071795225,5.98957951026755e-07,0.496891150381863,1.20541078376311e-06,908.259667882001,802.699488792947,13,30,0,792,835,510.398186729193,1527.49500649361,554.784909456953,1137.88950365305,,6460.87836916996,,4825.88415951062
ERBB3,PEG3,636.102520543859,194.524964315721,26569.1488949439,0.001,0.204569638767326,0.916680937238348,0.020916879652108,2.63504324434271,0.205279014691921,12.8363985393116,882.536201179967,192.210986934865,5,10,2,444,461,228.103914750147,1367.19432688967,104.162338161701,326.270550161791,4287.3985970603,89519.1214918674,,4254.28551753498
ERBB3,PIK3CA,858.688170360144,1029.46982670059,2944.03078693982,0.001,0.831935406659912,0.93403041210375,0.838175656413583,1.04542124399225,0.643232089990782,1.6252628876262,908.25966788474,1019.83728935179,12,38,1,784,835,459.81100957255,1440.20877031304,739.216350006323,1387.30190462413,167.260300932308,13171.592308628,,9272.5999667084
ERBB3,PLEC,637.310369299144,224.427442627136,21467.235477315,0.001,0.746317666293118,0.98725139980282,0.0345742625440141,1.65461929886663,0.154597233200813,10.7027743291975,882.53620118845,222.421711956995,5,7,2,447,461,228.534110471299,1369.78931762629,107.835338004678,404.602511479315,3417.84389404033,75768.3389561285,,10611.2634124411
ERBB3,POLE,916.017013240111,315.143909294093,0.001,0.001,0.895871765660279,0.875763371346748,0.784577315515146,4.98145236600342e-07,0.228079906208298,2.18408208281795e-06,908.259667895345,312.158521477682,13,14,0,808,835,503.902453110642,1508.01764941173,177.537525767149,510.231628600383,,16316.1386915636,,4659.5859169324
ERBB3,PREX2,969.333958676442,149.848416459557,0.001,0.001,0.915249500680254,0.804426241832737,0.81136840191347,7.6501101910903e-07,0.193557224944417,3.95237645780835e-06,961.491913290165,148.208328511843,11,11,0,645,667,503.319215476335,1660.14632187154,77.808270527592,256.643989756357,,21554.6982873237,,2464.0710931017
ERBB3,PTPRT,914.142121369703,99.1861737118614,0.001,0.001,0.920030651670645,0.899108739271213,0.827211412213413,9.54354547746689e-07,0.166977855470454,5.7154557714125e-06,908.25966787724,98.1332014202763,13,10,0,812,835,502.868975331602,1504.92007967391,49.6992149798587,173.969725634025,,21693.9853122516,,1838.8441814458
ERBB3,RASA1,848.348375154097,423.183268545323,5777.80677019161,0.001,0.838869040728226,0.978518912389541,0.595274850159056,0.996851593912308,0.319774180360717,3.11736111023042,908.259667887942,419.090827207782,12,18,1,804,835,454.274320404316,1422.83829158398,260.278404557474,643.016854895192,326.670072667066,26361.9836842505,,7522.84036577211
ERBB3,ROBO2,761.763503172742,209.297214870289,17616.7162143088,0.001,0.575584126769215,0.95411817558342,0.226606626370223,1.10004918525803,0.122295918225638,8.99497874678387,882.536201180287,206.582997834265,6,6,1,448,461,302.764159957832,1543.64549990565,89.9284644770323,404.79524063494,977.366094351581,87696.9519010015,,7001.8486650504
ERBB3,ROS1,912.965839873869,183.350765015,0.001,0.001,0.935393296188204,0.914413774521801,0.85533898043092,4.8684147655343e-07,0.14572096634856,3.34091578413582e-06,908.25966787724,181.531589755199,13,9,0,813,835,502.225351627248,1502.99044819464,88.1013073237977,330.530370166787,,27256.735544531,,4030.92061794839
ERBB3,RYR1,639.023247357685,312.618160849339,17796.4216117354,0.001,0.362700358458387,0.93211731926334,0.0447112775280963,2.15078708972752,0.235609377793405,9.12861410641065,882.536201175689,309.416932402631,5,12,2,442,461,229.181755380131,1373.67627076692,176.105876128742,506.186280781553,2879.17800941785,59486.0859770102,,7100.09170543756
ERBB3,SACS,767.846315779982,163.858332870124,8344.47800909702,0.001,0.769788631150145,0.962962476633165,0.430084631389893,0.926703726794951,0.203566621432005,4.55233633233181,882.53620119175,162.044368917223,6,11,1,443,461,305.182212851473,1556.00690993213,87.7395430145799,274.840560042658,468.975366480369,39032.7870792818,,4099.08849557664
ERBB3,SF3B1,848.149865300864,724.587161080462,5995.9897346533,0.001,0.828681244149351,0.962746579310549,0.575179873236864,1.02298593847424,0.316608270178857,3.2310777538955,908.259667885929,717.563658721557,12,18,1,804,835,454.172795713534,1422.52118122048,445.65987244648,1100.98618552789,339.113173225285,27311.6735602586,,12848.7299847692
ERBB3,SMAD4,706.859132369223,651.692614745393,16940.6988920447,0.001,0.768553652794125,0.994820688534976,0.0138714278441933,3.03932865809542,0.356006618893306,8.53728132230682,908.259667912031,647.218692732168,10,19,3,803,835,354.186277762962,1239.80560084761,415.89956564849,963.217986900248,4124.17944069576,46148.2529569781,,19321.8767087897
ERBB3,SPHKAP,759.340224069268,257.552072166271,31567.3664565679,0.001,0.481754386198571,0.965460686911083,0.134102488855928,1.44272073578188,0.097121811465536,14.8547552193652,882.536201186624,254.925858925852,6,5,1,449,461,301.799749087071,1538.71413207845,102.366492690355,521.916068967362,1738.36551967605,163516.665441857,,12169.5140505112
ERBB3,SPTA1,891.788151609486,119.995796291492,0.001,0.001,0.930079939926753,0.908670924448132,0.845143279066376,6.47635936905019e-07,0.133050937500869,4.86757890676861e-06,882.536201191368,118.558988591854,7,8,0,446,461,383.178328353984,1724.74347355112,54.8343366670997,223.376983184135,,24623.0712793969,,2536.31393362998
ERBB3,SYNE1,590.993699236389,229.793781712574,9702.93841131187,908.270871288721,0.6081618203046,0.972384452715344,0.0237573272865814,2.79972654714743,0.440474380058877,6.35616206956963,882.536201196367,233.356209475,4,23,3,431,461,185.179175709847,1354.42262641431,150.921251263587,331.855949950703,925.833307832637,29449.6389236633,,8289.12482656381
ERBB3,SYNE2,763.879582503681,1000.76467621777,12748.9702279637,0.001,0.527849295015679,0.927657686319001,0.290767773579521,1.34417243154181,0.198944272669584,6.75652741094122,882.536201189005,989.451682138757,6,11,1,443,461,303.606789265482,1547.94427991467,535.882938280625,1678.54105932774,715.839859712747,59891.5721013882,,21877.9603003027
ERBB3,TENM1,766.101354894492,290.698323323551,9808.93435115945,0.001,0.628738241137309,0.943288570202697,0.368172318160231,1.08477849364698,0.204644411896628,5.30079704397174,882.536201195536,287.26709490663,6,11,1,443,461,304.488236877474,1552.45346914518,155.658213998168,487.590420596759,551.087132170874,45957.0263505812,,6447.1497279853
ERBB3,TP53,827.709116761302,619.224827095086,1952.32161807123,0.001,0.840876218704845,0.846434076978883,0.838017682297348,2.0809081947629,1.88658165577482,1.10300457358591,908.259667876573,613.800747799705,11,117,2,705,835,429.773147436375,1417.69298852913,514.431975527176,737.399458239343,323.858924717336,6064.92193251932,,2304.87447317119
ERBB3,TTN,767.321194488779,625.646289857903,8759.09395261296,0.001,0.570632814054629,0.912827082398913,0.391487695486067,1.15953621433857,0.242806661609522,4.77555354804604,882.536201194112,617.519532485477,6,13,1,441,461,304.972572811046,1554.93039848836,352.43690780751,1013.0429359224,492.610420195369,40849.397022136,,10649.6566304007
ERBB3,XIRP2,766.781564010211,293.310093576137,9199.561489579,0.001,0.691236465801934,0.952042243575433,0.392089905197485,1.18973163730666,0.238021693674205,4.99841682050677,882.536201186624,290.685382689683,6,14,1,440,461,304.778973104802,1553.93485610137,168.799049044232,467.836365280811,518.131798136501,42584.5697400382,,6811.1192240005
ERBB3,ZFHX3,734.819692482853,271.463790116463,14702.7160356679,0.001,0.675216088216553,0.988070656086716,0.0727953371692528,1.99818361721968,0.256759359009193,7.78232047677041,873.559834976322,269.268228808532,10,14,2,775,801,368.197313346539,1288.85016788104,159.22295222738,427.046439754282,2389.7315736097,48368.5084083116,,8048.34629284177
ERBB3,ZNF521,890.834596417858,219.064683580871,0.001,0.001,0.937170981051889,0.885280569479929,0.829665644319173,4.96228521926212e-07,0.169393496863909,2.92944257668216e-06,882.536201191789,216.396196958988,7,10,0,444,461,382.768364791298,1722.88082271462,109.764433826708,384.246118677444,,27202.7363754771,,3654.60311114236
ERBB3,ZNF536,765.360728163444,189.479770968591,10662.8526548222,0.001,0.693679404292026,0.954985099241586,0.349290969266108,1.0582062966495,0.184869872879382,5.72406028179575,882.536201180287,187.437863803685,6,10,1,444,461,304.19620645489,1550.9617686799,98.3853940490281,324.532392604557,598.438216854173,50194.6656678551,,5068.7978937476
ERBB4,FAT2,187.61557457093,186.212913181588,0.001,2176.78810837332,0.990186008174758,0.854984104461589,0.408106985203308,1.27307629999527,0.258369788337264,4.9273419628051,185.780281641159,203.194461859298,10,10,1,535,556,97.4193523065058,321.331016076288,93.3035586217503,326.615167039402,,5813.61203298173,121.434655567147,10522.8332112373
ERBB4,FBN2,188.438352529304,221.871407538991,0.001,0.001,0.856209274004769,0.863375482808635,0.739244637948818,1.87767449872766e-06,0.368671900098731,5.09307733576878e-06,185.780281642142,219.685813027648,11,15,0,530,556,97.8458057449986,322.742457989921,127.672418698522,353.857242611818,,2377.67173861445,,3027.81674017891
ERBB4,FBXW7,153.018731992861,578.281842886646,0.001,0.001,0.868814459308571,0.889753750073483,0.773037287833708,1.06401622129671e-06,0.251212233155814,4.23552709965665e-06,151.584124954067,573.446403744072,15,14,0,901,930,88.0543751635007,244.037693978242,325.777441108794,936.263988557666,,2136.70048420809,,9735.32960715294
ERBB4,FGFR2,153.795625993742,817.079936022084,0.001,0.001,0.805450858324613,0.821369633392067,0.661583763174534,1.76323141211701e-06,0.442717414136336,3.98274690765613e-06,151.584124952272,810.87049316523,15,26,0,889,930,88.5012986847345,245.277121358645,541.884878542547,1172.64138232069,,1372.21052802609,,8115.76266334931
ERBB4,GLI3,188.945952377604,143.48393502161,0.001,1036.05149839305,0.972617812212371,0.830972353127602,0.5709399515368,1.27625240519713,0.401188236931611,3.18118102105443,185.780281641889,151.214104226258,10,16,1,529,556,98.1040396586715,323.598514544738,84.1566475045033,225.722203750551,,3349.28816527775,57.8079281282813,5009.99259811796
ERBB4,GNAS,152.894708184445,383.592863581314,0.001,3769.95080427425,0.983466126529253,0.840879350739352,0.45866404631456,1.2015477967717,0.273518591036079,4.39292916880082,151.584124953033,408.16885516726,14,14,1,901,930,87.9856561652031,243.845622115366,216.104577930037,621.066798718067,,3853.47360178731,211.845114598129,17637.2587757658
ERBB4,HMCN1,192.529200918962,228.684475003526,0.001,1388.13304507173,0.964958248420963,0.927264426521989,0.441404837710331,2.17129027893157,0.851831560609069,2.54896669639602,185.780281641812,239.559836497869,9,35,2,510,556,99.9675262449114,329.762258560329,161.026331847884,313.085762231638,,1920.00637392534,220.325088677214,4937.97716152262
ERBB4,HYDIN,164.894669598999,259.198904758462,0.001,8715.32316329078,0.994752681177909,0.458181574026079,0.0329205981090616,2.65824351155076,0.271254944695894,9.79979743606492,162.533241040922,309.63099802188,6,10,2,443,461,75.3525144848285,306.953213371256,129.873291016899,454.645348324652,,5802.53447973809,1318.10559359296,34946.1750323958
ERBB4,IDH2,154.046636286051,5651.08012372575,0.001,0.001,0.786031485022972,0.738927869430528,0.580834268715048,1.57844871194034e-06,0.457390618830036,3.45098619638914e-06,151.584124952941,5593.90768075238,15,30,0,885,930,88.6457826293128,245.677430145761,3862.46453184765,7921.59496993825,,1230.68107842161,,36470.7547332906
ERBB4,KMT2C,153.324598994302,270.491599940184,0.001,1994.98456270721,0.971259270745745,0.854182228185376,0.559480873053286,1.17841238242533,0.347765602691487,3.38852483772161,151.584124952561,282.750745037197,14,19,1,896,930,88.2302552412376,244.525550728988,166.368020300459,410.998061439353,,2914.64577084613,112.315054049568,9261.59903259227
ERBB4,KRAS,121.577983114143,8528.83908165623,509.900918917758,994.664669661393,1,1,0.552785003231701,3.49863160153924,1.99448131757014,1.75415611603803,151.584124953275,8476.28103628993,11,121,4,794,930,63.1305536753709,208.220192721744,7117.78229064638,10116.3277903497,147.912886574346,1213.51368752315,,53289.4867828881
ERBB4,LAMA1,188.54173746131,170.190720173631,0.001,0.001,0.851060538457924,0.856475403408657,0.728928623038291,2.04709202998934e-06,0.352928063569277,5.80030958515011e-06,185.780281642227,168.424999366951,11,15,0,530,556,97.8996563602288,322.92200443142,97.9348060248206,271.438233881536,,2293.53428751985,,2186.33687248471
ERBB4,LAMA2,171.114141304166,318.139094152067,1276.51410697369,0.001,0.968664903747787,0.993850873946157,0.575859747069002,1.23585660089593,0.376503670044228,3.28245565508233,185.780281641397,315.248248688879,10,15,1,530,556,85.7396044794882,300.131793827524,186.599782026675,500.479519999041,71.968590299458,5890.68938805366,,7681.53203137083
ERBB4,LRP1B,191.820469171142,164.342903082969,0.001,1980.3845111975,0.987585353100108,0.715538616121624,0.0718381467636854,3.49542453189871,0.800547075161982,4.36629480057928,185.78028164203,178.116261967477,8,33,3,512,556,99.6004721997644,328.542465069433,114.448239845118,226.990257481711,,2469.42265409967,462.269565695597,6041.0094070641
ERBB4,LRP2,189.913279658173,324.22532684662,0.001,0.001,0.786209723987594,0.811667312762795,0.638168455595626,2.11839389292062e-06,0.484549159103153,4.37188642911183e-06,185.780281642436,320.96813853512,11,21,0,524,556,98.6105273292978,325.27361647894,204.566334566126,483.368938102726,,1526.39622977328,,3087.40019673851
ERBB4,LRRIQ1,136.000213686249,349.515333643892,6967.87702393074,0.001,0.825378350212211,0.994108662516249,0.00239033801852686,3.50532570197576,0.253005473803464,13.8547425448144,185.78028164219,347.180737424183,8,8,3,537,556,62.149061170694,253.162513493037,181.484974494537,598.617481664646,1576.10343010275,22861.9731580845,,19136.631547379
ERBB4,MACF1,159.330332392105,1289.58118007173,294.422583649172,5079.21685208615,0.997826819988751,0.976075716388837,0.674908640276853,1.09706902121444,0.41627595932878,2.63543689379371,162.533241040616,1322.43671525848,7,19,1,434,461,70.0479692685267,302.168444604409,794.140657852483,1956.85043904713,,3285.24887785654,,34756.8758304724
ERBB4,MED12,153.242017437752,376.14986637483,0.001,0.001,0.850134920432676,0.871849248484477,0.74119849453501,1.33986326752815e-06,0.284110882506758,4.71598713750882e-06,151.584124952539,372.914615762823,15,16,0,899,930,88.1827051806906,244.394628293884,220.627959188895,591.73338448348,,1848.70662736528,,5391.19438359346
ERBB4,NF1,153.441635403837,337.905833473894,0.001,2607.67026184659,0.953573184143281,0.781509662878515,0.533422272748019,1.11655162078932,0.316239911295323,3.53071064375116,151.584124952594,355.116014626907,14,17,1,898,930,88.2973684612606,244.713050607629,201.650803841373,524.938101290788,,2658.6402505467,146.621895011751,12182.9351336618
ERBB4,NRAS,153.844722039302,4713.01563649221,0.001,0.001,0.80151253331386,0.824918644224231,0.661193000780528,1.53837769278214e-06,0.444849443288706,3.45819853433815e-06,151.584124952224,4680.45591153338,15,28,0,887,930,88.5296636930554,245.355237880454,3175.80084476299,6680.7766745983,,1339.81893567628,,47876.2476314987
ERBB4,PBRM1,154.928413512945,775.403682823302,0.001,3198.61110743921,0.941811538833544,0.837855973290567,0.768184884022487,1.15742878914863,0.592197930780097,1.95446273786191,151.584124952697,793.894769761806,14,32,1,883,930,89.1524973914974,247.086154802277,536.815833821535,1075.99377800646,,1511.59392873529,180.02798343845,14854.3269141096
ERBB4,PEG3,187.441951690622,174.82010858855,0.001,0.001,0.90729361117022,0.879947302863516,0.798377319872772,1.76448475959273e-06,0.309716682791626,5.6970930454523e-06,185.780281641593,173.098906702086,11,13,0,532,556,97.3297009921052,321.032641544784,96.1680141752535,287.805513985584,,3790.92111689033,,2727.49754846679
ERBB4,PIK3CA,155.449722850893,991.816595942969,0.001,3248.73792534371,0.853011730281668,0.890749227770066,0.854234487439894,1.17633616375068,0.746716383880351,1.57534532406773,151.584124953337,1008.20815976167,14,42,1,873,930,89.452317207337,247.91807157123,721.278430324829,1322.80584779624,,1323.25681967289,182.940137326437,15067.4537937849
ERBB4,PLEC,188.984069777075,244.216064741541,0.001,4911.84357209402,0.938482270335518,0.421268833789352,0.0699469186882422,2.3757003655162,0.322520729941728,7.36603928046868,185.780281641982,282.79039564482,9,12,2,533,556,98.128049754379,323.682098081197,130.77099924731,409.612350500543,,3518.33814552076,781.017411165994,17317.1412098013
ERBB4,POLE,152.810315452149,261.393008697748,0.001,5845.26071007101,0.982757807121817,0.682385962672512,0.0578494338034906,2.27143087383797,0.257518283748752,8.82046447643342,151.584124952766,299.668378359652,13,13,2,902,930,87.9336165179656,243.701424845279,143.792708937,430.321024101471,,4863.60851624549,948.113013342758,19352.3225120065
ERBB4,PREX2,174.343180410394,179.472276132261,0.001,0.001,0.877435930515705,0.877800773769359,0.770219988176523,1.77746282757629e-06,0.306174909131141,5.8053837024737e-06,172.714369622537,177.911895580041,14,15,0,733,762,98.2170106202479,282.268477832976,103.277040006149,286.226051658584,,2602.4274275932,,2702.73084652676
ERBB4,PTPRT,152.428995770366,88.4787442594869,0.001,2511.04473883512,0.999584880382069,0.852976890795799,0.0398663511424618,2.2920364381174,0.216316683658181,10.5957450870466,151.584124952026,105.480497371137,13,10,2,905,930,87.7143619634562,243.092262318237,44.3335834289434,155.18490251674,,7382.20129013,406.031537073157,8386.6704720152
ERBB4,RASA1,153.371918822981,360.038636033785,0.001,2595.11824909574,0.97899326645524,0.857760871189099,0.572053597970566,1.13999403503969,0.346779532752196,3.28737404422976,151.584124952048,377.226423277099,14,18,1,897,930,88.2547840546987,244.593971497453,218.245190823975,552.85136314117,,2888.30771826691,145.83737641009,12178.0290053656
ERBB4,ROBO2,167.783870707148,201.840316698345,2776.55118154888,2487.00543830788,1,1,0.0357096308632907,2.29111531056228,0.215843703312214,10.6146960759297,185.78028164161,221.607065544983,9,7,2,538,556,81.6488217808758,298.497198770384,89.5405771382783,379.057535762471,,14737.511049692,,16376.5354748521
ERBB4,ROS1,146.64158399588,192.874398098555,1087.11598934315,1084.80398886383,1,0.993694576264877,0.365201089156219,1.12930836351681,0.191242358014179,5.90511628931641,151.584124952671,199.397233907212,14,10,1,905,930,82.8905819759867,236.582330106336,97.5857960833382,335.213191841013,,8030.50321237216,,10010.3431584605
ERBB4,RYR1,165.275473063363,312.592203305116,0.001,0.001,0.875476798759487,0.868527587307806,0.760392992128486,1.42388773306974e-06,0.296044392327086,4.80971019878854e-06,162.533241040712,309.416932403155,8,14,0,439,461,75.5259523996102,307.664986856706,176.090803956063,506.137111760181,,2443.14294545451,,4507.90103627674
ERBB4,SACS,189.377332310235,193.370414992952,0.001,2864.77425131277,0.963170806674364,0.578732648020912,0.116577495427382,2.45759937256314,0.436881044389789,5.62532845982315,185.780281641905,214.598021905014,9,17,2,528,556,98.3337258979249,324.355383700754,115.399490815898,300.424608193782,,3367.68140594606,455.798758915383,10062.6356588307
ERBB4,SF3B1,153.606163224546,785.868491794305,0.001,0.001,0.820463065698828,0.836366632885713,0.68621814695233,1.63794486459723e-06,0.40855127431124,4.00915372827701e-06,151.584124952224,779.739661391133,15,23,0,892,930,88.3923460464946,244.974521488923,506.868809347708,1152.22844031927,,1500.69793533299,,8635.70742043406
ERBB4,SMAD4,154.088522928446,690.128129004157,0.001,0.001,0.78293112686072,0.81338011302232,0.63683397335193,1.80686275421359e-06,0.440525134902417,4.10161103432573e-06,151.584124952332,684.617138423076,15,26,0,889,930,88.6694822249364,245.745341673445,457.68954411588,990.44984724456,,1215.1742059593,,6534.55442568421
ERBB4,SPHKAP,169.472507750812,248.396685216267,4686.62278186889,0.001,0.672592344736005,0.978276698159298,0.193228977611251,1.61413802811262,0.156257824175615,10.3299661097196,185.780281641618,246.216275404983,10,6,1,539,556,84.9177722702864,297.248496048695,106.731012203444,480.396280725737,257.904088779241,24321.3728943391,,12380.3809901804
ERBB4,SPTA1,187.805046139513,123.397331091018,0.001,2966.20764941463,0.983174107659397,0.668167961736329,0.0542643386890117,2.33031526396288,0.271816587156496,8.57311648395181,185.780281642252,146.96014495709,9,10,2,535,556,97.5173486661751,321.655816121843,61.8302961443565,216.437186789046,,6125.58364100446,473.962592617337,10296.6341179584
ERBB4,SYNE1,193.834075173491,239.927046534586,0.001,1807.51106446862,0.86606449491811,0.497838915701428,0.290748236656547,2.41233951702808,0.771673157758509,3.12611562651115,185.780281641856,252.979974339545,9,32,2,513,556,100.642929850585,332.006141359252,166.085749969458,332.978930053379,,1435.40004062673,287.578500936637,6360.64888380067
ERBB4,SYNE2,143.327204973577,997.232485240191,2446.11540021739,0.001,0.678504136837434,0.977434830183422,0.296332061094881,1.65350703903908,0.2452753410622,6.74143202442743,162.53324104122,989.451682134299,7,11,1,442,461,61.5852949947069,277.197071806058,533.996647396932,1672.56334505331,136.829375910086,11664.6921898625,,34308.4235856718
ERBB4,TENM1,182.635156636522,308.920461378054,412.828739040372,1514.47307461473,0.995079022565018,0.958112015540295,0.583207759055334,1.23713505024746,0.379043409376386,3.26383474727297,185.780281641427,319.592763287017,10,15,1,530,556,92.7971164754214,316.470529837025,178.075101978146,491.727424760225,,4601.68222582042,,9741.23271798383
ERBB4,TP53,117.802576080544,635.794769105554,591.790812948676,2657.60387030468,0.942980880175372,0.961305778251356,0.00981620299586552,7.52643164966978,2.31042722637198,3.25759303896726,151.584124952284,646.062753212095,8,132,7,783,930,56.1989350544014,209.812582734676,534.162829748035,749.494316874335,31.5528953504424,1522.98972539625,,9026.89830182485
ERBB4,TTN,165.218690929466,623.274087673617,0.001,0.001,0.877848804084747,0.879766632021151,0.772316939294352,1.22002175572517e-06,0.306213225639472,3.98422293216556e-06,162.533241040712,617.519532483482,8,14,0,439,461,75.5000571875247,307.559432502042,351.109431152801,1009.16075953278,,2496.73818016845,,9933.58638144364
ERBB4,XIRP2,153.763318626041,307.796399052509,2772.591025856,0.001,0.732784855289061,0.987520052175496,0.0886320438521812,2.71609208062871,0.405323717255052,6.70104404208746,185.780281641946,305.528421758314,9,17,2,528,556,73.8841714875189,277.195246956651,189.311038506138,467.686345627479,451.691959305268,9056.7337633291,,8557.77970356942
ERBB4,ZFHX3,130.493431549945,271.210041396556,0.001,0.001,0.868549436954194,0.892469551531083,0.77516186474726,1.42930259667412e-06,0.245036556458697,5.83301780489655e-06,128.825518567426,269.268228813575,11,16,0,774,801,67.758895620235,223.496708819078,159.074175889093,426.647779401493,,1812.0848435462,,4743.63242289517
ERBB4,ZNF521,185.327533091513,221.527825350564,230.560311585847,4374.31885278084,0.999965243261212,0.858615692630182,0.0671894655661185,2.50172008913609,0.325633945306869,7.68261455905201,185.780281641829,253.642162905281,9,12,2,533,556,95.1361162923747,319.097303459291,118.64569112104,371.442772944423,,6864.61334245724,469.515633700806,16090.3616869777
ERBB4,ZNF536,164.174523419818,154.325545805932,0.001,4869.45459333244,0.99881974971513,0.93965791127435,0.0359719883736207,2.29152913270926,0.225435112891999,10.1649166507929,162.533241041093,187.437863803658,6,9,2,444,461,75.0238740729646,305.609928672347,74.153780785723,278.211043198234,,8344.68546529989,760.310120382972,18297.4655401728
FAT2,FBN2,206.078118077812,222.183611117758,0.001,0.001,0.857597742488478,0.845398404951304,0.725030193059984,1.8066668711163e-06,0.37173155819606,4.86013853621603e-06,203.194461859367,219.685813027919,11,15,0,530,556,107.003400957844,352.959396737475,127.852029725062,354.356712542334,,2629.94711940398,,2629.990570533
FAT2,FBXW7,205.620712457783,684.065583699371,0.001,0.001,0.878527170322334,0.888697895545422,0.7807578933652,7.6784489533039e-07,0.234880375603238,3.26908918362529e-06,203.194461859367,675.976280634072,11,10,0,535,556,106.766380876938,352.17738241158,342.758813627777,1199.86086433913,,3154.32896734382,,11504.7523879243
FAT2,FGFR2,205.963151494255,746.347364015362,0.001,0.001,0.862590502738111,0.86197801176913,0.743546822756975,9.67009192313732e-07,0.30187781203436,3.2033132405361e-06,203.194461859367,738.415970064003,11,14,0,531,556,106.944384308323,352.763278636738,420.453778861529,1208.38323881749,,2730.15332095053,,9885.13771741286
FAT2,GLI3,206.551446056276,134.456480359489,0.001,2083.68213167644,0.989797237246439,0.655692473023967,0.111316661671828,2.35404168584856,0.405327613494136,5.80775058860532,203.194461858945,151.214104226467,9,15,2,530,556,107.249196030215,353.769962760092,77.3709047553294,214.441139945287,,4515.85683707878,332.040896538174,7303.11538766208
FAT2,GNAS,205.941918941044,615.233079337273,0.001,10496.1463451338,0.993586248944695,0.812136714338153,0.097622842668841,2.2932091065851,0.36477010305672,6.28672439810265,203.194461858647,704.108062936275,9,13,2,532,556,106.933536381532,352.725638122574,338.434497388091,1012.86917833628,,5454.41436728364,1670.09584575971,37014.243895314
FAT2,HMCN1,174.995990556285,241.114421968858,939.570060836538,90.7522147153625,0.879503166342831,0.996474867315046,0.487217328205109,2.09174448330468,0.857124750622471,2.44042011595814,203.194461858305,239.559836498103,9,35,2,510,556,84.1168844608087,315.400494716312,171.273891500896,327.7560202023,100.80776678616,3125.14586386595,,2727.43566084233
FAT2,HYDIN,157.230602427059,285.819244376595,0.001,3351.24258405254,0.989198772971118,0.841128685818158,0.412584881177851,1.12931091336732,0.240245056289548,4.70066244362696,154.65737659571,309.630998021645,6,11,1,443,461,67.5567254528068,304.097060606664,148.406006613483,489.550478481784,,4507.04665866099,182.536701267679,18221.3214183769
FAT2,IDH2,205.325129198985,3714.50004494174,0.001,0.001,0.892118911975541,0.891702603672077,0.795511154070559,5.70857869152102e-07,0.216176613155636,2.64070132665606e-06,203.194461859367,3678.99264172423,11,12,0,533,556,106.613686600921,351.667290415302,1989.05125844466,6230.00052265166,,3530.13508097341,,63945.58187888
FAT2,KMT2C,187.37422278385,338.026784197061,1292.94373353226,0.001,0.972844264860614,0.987169308834298,0.607026688964814,0.956341357350427,0.312046586687374,3.06473904266271,203.194461858517,334.29358389355,10,13,1,532,556,93.8870790145805,328.666576153698,190.476695913273,547.445856691711,72.7385157718591,6060.02233326969,,7414.08119277355
FAT2,KRAS,224.652035717978,9501.94722430503,0.001,21232.3641892377,0.904526089584352,0.895673688335156,0.895499709980753,1.86788078369303,1.68510862240349,1.10846313339068,203.194461858812,9631.40354684699,9,84,2,461,556,116.634128220337,384.841969222278,7610.19978740391,11684.7425686511,,777.51012802038,3411.10182289099,72552.9144219525
FAT2,LAMA1,168.471822174538,170.251897205528,2734.45630986106,0.001,0.757178244669994,0.962674380311017,0.106943752986015,2.16692323514173,0.358181836061643,6.04978537987282,203.194461859245,168.424999367148,9,13,2,532,556,80.9453538508615,303.702593398941,97.9690650106355,271.536451524892,440.678041341536,9249.32614511892,,3986.4651637326
FAT2,LAMA2,206.083124818622,319.35298113869,0.001,0.001,0.857552970209811,0.814459841979197,0.698462845576167,1.57175552719172e-06,0.378562670699018,4.1519031030964e-06,203.194461859367,315.248248691357,11,16,0,529,556,107.006726068501,352.967716494193,187.309926851292,502.396237515328,,2614.67399775507,,3086.26935986266
FAT2,LRP1B,167.718890357377,175.697953351768,1229.0504158551,472.463100389565,0.800317751399958,0.980353586728731,0.107738186942661,3.15135574948001,0.805335755620806,3.91309553498061,203.194461858459,178.116261967524,8,33,3,512,556,77.2321599682697,309.298846920766,123.407544335953,240.821706219235,7.87010140218089,3947.56424903079,,3220.20565819084
FAT2,LRP2,188.879291221293,324.690390840765,840.132476293741,0.001,0.976791590799385,0.985213165993984,0.790818500790834,0.989211566578506,0.485428868251704,2.03780951499898,203.194461858652,320.968138533392,10,20,1,525,556,94.6309050104857,331.279152840026,204.849457467912,484.044343626046,47.4476577093977,3847.03658651974,,4695.99269047348
FAT2,LRRIQ1,186.310156108628,351.128928426723,2052.72858144338,0.001,0.795632848903211,0.978892380944446,0.425070796297377,1.18968152524864,0.253992933174812,4.68391584906748,203.194461859072,347.180737424334,10,10,1,535,556,93.3528453657316,326.79061769898,182.321284194165,601.389980776141,113.844183559107,10186.8545782879,,9219.02363368081
FAT2,MACF1,115.697092584801,1323.6611188144,1721.40504227842,1128.96403164004,0.936075094476809,0.999553788523753,0.123484657949335,2.05469148022044,0.37287440597042,5.51041167567677,154.657376595683,1322.43671525906,5,18,2,436,461,41.5047769744716,248.506041617239,822.177929565653,1995.35826773519,199.231108662694,5873.34709281062,,43692.4802221065
FAT2,MED12,205.994153784756,397.931046363987,0.001,0.001,0.861304377115115,0.88147344217093,0.759233446560496,8.94203954632244e-07,0.234255897348231,3.8172100030548e-06,203.194461858291,392.891718640374,11,10,0,535,556,106.959547262391,352.819995516507,199.385844213517,697.985188328778,,2742.88092972126,,6247.12749649168
FAT2,NF1,206.634026464203,424.93368640342,0.001,3156.78364892454,0.966266341842579,0.791660870954047,0.556120838113857,1.06006162868223,0.320550736654758,3.3070010686762,203.194461859069,453.058167589304,10,13,1,532,556,107.295632406524,353.925840744277,233.74690697341,699.568638117382,,3547.06270341217,176.665923913076,15058.7540517299
FAT2,NRAS,205.95839952612,4069.04551794771,0.001,0.001,0.862499389709458,0.880329913565837,0.759293511467782,7.71922351144351e-07,0.293447419177337,2.63053038022413e-06,203.194461858427,4034.32576373848,11,15,0,530,556,106.942159679216,352.75363048435,2341.48637753736,6489.55055666408,,2713.87835798492,,63052.8927522775
FAT2,PBRM1,207.668867917213,642.852642530594,0.001,7634.30797817853,0.958632921200621,0.677685434668782,0.169623015237025,1.98561032295405,0.423615695308828,4.687291677204,203.194461858785,716.2292347012,9,16,2,529,556,107.82844295811,355.692352884967,377.045568324118,1011.33996667712,,3221.87327574978,1212.75586567084,27015.5948678858
FAT2,PEG3,186.402388392809,175.077293712709,2024.2498230917,0.001,0.705271814137111,0.948640126922061,0.414935535258513,1.43461068902861,0.310707012623341,4.61724592861937,203.194461859186,173.098906701925,10,12,1,533,556,93.3997523719858,326.952106886689,96.3090447581759,288.230359285025,113.747637507335,9475.22261498262,,3733.6209334021
FAT2,PIK3CA,200.265877419242,1013.40736497695,323.294160415615,7107.64171382158,0.997481793701786,0.83055195458696,0.265620523319914,2.20182547578555,0.602070950664977,3.65708638384509,203.194461858978,1067.18196097096,9,25,2,520,556,100.697296736723,348.503879187924,666.67133741784,1463.10944559431,,3283.45949845689,,28130.1426051046
FAT2,PLEC,206.74099988132,244.509485861578,0.001,4350.85705879976,0.942361642358323,0.504770773620407,0.0864958024736856,2.19012614390766,0.329228161166144,6.65230500377038,203.194461858912,282.790395642724,9,12,2,533,556,107.346923523452,354.102944851278,130.92794947645,410.106114754685,,3839.64779655781,695.071022114924,15127.5602974745
FAT2,POLE,202.224073729039,277.723554168716,345.306610509821,6877.56810920476,0.999399846633336,0.669147782673069,0.0454928257115405,2.10041656666945,0.219797412680104,9.55614782293377,203.194461858397,337.970832776611,9,8,2,537,556,103.741912723795,348.28852845962,126.968251927477,516.70700693323,,8825.3407054933,724.938678745412,24602.482201772
FAT2,PREX2,204.441061904431,129.769480261471,0.001,0.001,0.93550959964159,0.915134418271831,0.856121108117939,1.18225233392347e-06,0.183002811645317,6.46029601017728e-06,203.194461858699,128.33417010892,11,8,0,537,556,106.155123172642,350.15113237634,59.3017475605359,241.56367407356,,6131.86147278322,,2895.81074726046
FAT2,PTPRT,191.623904725424,100.881366453075,2212.71543532889,494.414461566286,0.950216782494041,0.99216134649506,0.303490966628755,1.15704691808535,0.166571749666169,6.94623740462725,203.194461859484,104.663255866859,10,6,1,539,556,96.285723437044,335.016063477084,41.375966018083,199.210881744318,,14478.1893285272,,5934.71320045649
FAT2,RASA1,205.622619745644,328.387244390663,0.001,2934.87348327316,0.995086823402005,0.919349989515829,0.506452287666258,1.01822705962189,0.263911505556608,3.85821397772856,203.194461857915,357.440733420376,10,10,1,535,556,106.767280421042,352.181013957879,164.541487532371,575.999638921269,,5398.59369597119,163.745536684189,14176.0878762528
FAT2,ROBO2,167.31165942272,223.679160842664,5257.58543162551,0.001,0.815796674330527,0.997780763479794,0.0348715681779695,2.26509692990748,0.218330135938393,10.3746416873327,203.194461859039,221.607065545124,9,7,2,538,556,80.3936046203096,301.6231110168,107.478223184397,403.234363414533,834.410390280718,18656.1927592367,,11038.9831306853
FAT2,ROS1,204.211232761726,183.736794232804,0.001,0.001,0.947169146331508,0.925451010506131,0.876561962572504,7.09598968866038e-07,0.133875363334251,5.30044476588541e-06,203.194461859367,181.372976808706,11,6,0,539,556,106.035338283644,349.756305931614,73.0270040106773,372.328135016369,,7765.20409084902,,4705.40192287442
FAT2,RYR1,134.824856502201,312.777360575779,1308.77907351773,0.001,0.767124661043862,0.950207434403546,0.466147021903001,1.05650607138977,0.260748263672898,4.05182399494378,154.657376595694,309.41693240207,6,13,1,441,461,53.5857619276393,273.223561041887,176.193266177911,506.442755711386,73.4077539853811,6178.80932217058,,6880.73258407675
FAT2,SACS,207.597565048253,205.532956004422,0.001,1023.15892385438,0.974051592306678,0.921619954869919,0.728702106394199,1.00472216676796,0.43953794849529,2.28585989038606,203.194461858993,214.598021905799,10,18,1,527,556,107.791585283311,355.569776669825,124.599625919837,315.65684003832,,2902.48506519881,57.235186441991,4888.06759540856
FAT2,SF3B1,206.195756303123,808.940104867339,0.001,0.001,0.852124293961275,0.854993115936798,0.728576522537873,1.02415669789692e-06,0.324395859707307,3.15712012730677e-06,203.194461859367,799.861713331237,11,14,0,531,556,107.064713672043,353.160749951313,455.710383711445,1309.73248781675,,2515.1069220635,,10212.5779462241
FAT2,SMAD4,207.665732005694,915.976918943067,0.001,4396.97528865404,0.992046719894425,0.929843457298899,0.749423639942517,1.00109268015694,0.448872119825765,2.23024027543863,203.194461858328,952.261127365478,10,20,1,525,556,107.827017224537,355.68012089265,570.894596708391,1378.16760589967,,2865.04397364376,246.445568026989,20815.3762937644
FAT2,SPHKAP,185.467667246217,249.579893040327,4484.86230025066,0.001,0.526011729381183,0.950703468445122,0.212263690949177,1.45147280527182,0.155995322371526,9.30459185061281,203.194461858464,246.216275404716,10,6,1,539,556,92.9291123619085,325.301432476694,107.236097841528,482.689237899138,247.044058671224,23148.8974614047,,7800.18631128873
FAT2,SPTA1,202.471911093997,138.255339352561,262.992108466587,932.675283070912,0.999889006151188,0.9727077015722,0.541550572304042,0.980723846679415,0.271405206712798,3.61350417170596,203.194461859298,146.960144956464,10,11,1,534,556,103.817727679363,348.942121402821,71.8362600736053,236.589004146729,,5598.40113557811,,5107.15156768019
FAT2,SYNE1,212.097307962764,240.303601503487,0.001,1444.80159671972,0.957556100447946,0.715404998646765,0.426944602385073,2.01561303923094,0.776600969443877,2.59542946575809,203.194461859012,252.979974340517,9,32,2,513,556,110.1246543216,363.292760110421,166.346581280886,333.501147521223,,1752.98606343828,230.510061180385,5029.46528690585
FAT2,SYNE2,111.310393000531,995.161892786033,5325.02793352854,0.001,0.514908959216664,0.983721884399215,0.0176893991261544,2.95238168669506,0.215323677768676,13.7113656857878,154.657376595639,989.451682138277,5,10,2,444,461,39.914411310201,239.239919592123,532.910706818724,1669.15467778514,851.587386339482,18410.7808032306,,56296.2630589338
FAT2,TENM1,187.451458803749,323.298458376039,1225.37336216054,0.001,0.881933733677078,0.985229443343478,0.621495821301118,1.10716721592342,0.380535495347109,2.90949787723089,203.194461858243,319.592763285906,10,15,1,530,556,93.9244159273461,328.793807241122,189.622799045756,508.607587640663,69.0398950871424,5668.70185315868,,5980.94256126883
FAT2,TP53,161.00178159868,764.841344215943,669.502085373227,0.001,0.777334005464789,0.904768551582637,0.582678231325097,3.37690891070558,2.0099041611121,1.68013429497908,203.194461858259,758.023841532325,8,93,3,452,556,73.5686685115117,299.737864101212,621.679661393477,928.53299516076,165.732313839642,1753.51713839202,,3852.2549615684
FAT2,TTN,157.268295948458,622.372917672433,0.001,0.001,0.890059558182617,0.897543848808215,0.798880261307918,1.12555995785443e-06,0.27202106925812,4.13776756677032e-06,154.657376595694,617.519532481521,7,14,0,440,461,67.5728978681726,304.170100929658,350.603474943924,1007.70003963244,,2656.84323831556,,11946.354950116
FAT2,XIRP2,149.397134617149,308.560095940419,4789.37398226944,0.001,0.246446827432187,0.924214590074354,0.00652645370163263,3.99190842502229,0.402823280252002,9.90982552578637,203.19446185791,305.528421758841,8,16,3,529,556,68.2712751889316,278.10745276024,189.777940727688,468.853604981468,1156.36493197232,13323.0898984469,,5974.06508913365
FAT2,ZFHX3,157.513765412301,326.990296574236,0.001,0.001,0.88055261845948,0.897192893142255,0.79004207316241,9.94767313066206e-07,0.203578227066344,4.88641308749594e-06,154.65737659565,323.739257244733,7,11,0,443,461,67.6779732976812,304.64894362192,169.783529073556,560.067850010769,,2446.58824727051,,6144.23634231431
FAT2,ZNF521,186.441632529146,237.568726475026,1806.20539486914,2187.67409679426,0.887502494087117,0.898688012266898,0.0742858933174763,2.46160404039275,0.329153270798114,7.47859510684484,203.194461859507,253.642162905009,9,12,2,533,556,91.1025411244776,330.581024048874,128.683357671876,393.982260988791,,9272.92980548978,,11796.8376786224
FAT2,ZNF536,156.208617181395,154.121052413632,0.001,6025.38184625733,0.996081859451881,0.808921160017102,0.0250216218621052,2.36517538221665,0.198953315022746,11.888092349435,154.657376595656,187.437863803437,5,9,2,445,461,67.118376355474,302.114861763739,74.0557196934959,277.842157028335,,8586.07228325498,923.794895792599,24157.0663837664
FBN2,FBXW7,221.787438903651,546.712558444814,0.001,11340.0303629799,0.986845725908934,0.560449224018866,0.0710877307197134,2.49803391591657,0.338331545775676,7.38339048518059,219.685813028046,675.976280630852,13,8,2,533,556,127.624990348204,353.718669202959,249.828216130895,1017.67792521224,,6115.80700605404,1832.7665828559,37802.2446423305
FBN2,FGFR2,222.679830157175,748.836464311665,0.001,0.001,0.817674586232934,0.823098341976533,0.673045345609196,1.27643817687123e-06,0.421146395707926,3.0308657271674e-06,219.685813027919,738.41597005341,15,14,0,527,556,128.137124048727,355.148664787568,421.852269175365,1212.41163833017,,2174.71933242503,,7490.96626990458
FBN2,GLI3,223.261827879504,134.843246274534,0.001,1547.98576412499,0.978395804829563,0.650047570004768,0.175861148499861,2.63727957416391,0.584438990210865,4.51249765730445,219.685813028237,151.214104226313,13,15,2,526,556,128.47207094173,356.076464161888,77.593484688132,215.057882035821,,3634.08813371642,250.272904507211,5163.52768231467
FBN2,GNAS,223.050098590132,617.045121519204,0.001,8108.85249532358,0.938800110134579,0.582395179485658,0.140949271578343,2.66839569902434,0.527944752819929,5.05430858962335,219.68581302856,704.108062933606,13,13,2,528,556,128.349748557997,355.739494979171,339.430834687754,1015.86421032274,,3468.65067293425,1305.774023159,27443.9331777975
FBN2,HMCN1,228.31644518889,236.44166001133,0.001,455.664602622119,0.959440567549521,0.965539261494326,0.95814048650228,1.15798462322449,1.22257784188786,0.947166375464792,219.685813027494,239.55983649791,14,36,1,505,556,131.374455597115,364.161874017988,167.35174269539,322.365937197912,,1307.5491712375,25.5956199832798,2135.40410343229
FBN2,HYDIN,179.137849246164,313.280933903056,0.001,0.001,0.81443316309867,0.871070520184738,0.709459538050235,1.68285519720193e-06,0.365482439701881,4.60447620568203e-06,175.466891640192,309.630998020697,10,12,0,439,461,89.756482713767,314.223670713601,167.747430550949,525.480335081376,,1713.17975170372,,4627.08488059275
FBN2,IDH2,221.890918764994,3731.68967405476,0.001,0.000999999999976353,0.861702093386717,0.843861021526486,0.727166936662723,7.0534312321055e-07,0.285816269292668,2.46782006131463e-06,219.685813027919,3678.99264170339,15,12,0,529,556,127.684427178268,353.88524011433,1998.2458620299,6258.88004138597,,2926.83098700599,,42854.5115680215
FBN2,KMT2C,218.257983816551,321.230174857992,343.716595056225,1319.92303767277,0.997992796201115,0.949941506209069,0.679606808208341,1.16476276217342,0.440121108141506,2.64645966900303,219.685813027188,334.293583893961,14,13,1,528,556,124.186770696095,350.342623987503,176.966847824072,527.899441016809,,4335.3690915297,,7773.47369222644
FBN2,KRAS,244.953307596802,9665.57940499549,0.001,7491.18950899567,0.700925454339474,0.966609198826116,0.391819237471699,0.97798659715871,2.28292103359769,0.42839265255596,219.68581302789,9631.40354737437,14,85,1,456,556,140.927148573962,390.776553330673,7751.61036536586,11872.2533265546,,454.117084788723,422.813615350125,34404.9304059041
FBN2,LAMA1,222.94871768999,159.289466822888,0.001,850.299349441511,0.96960703540397,0.91243966148458,0.698826021087144,1.23056002056581,0.508041415153801,2.42216477606118,219.685813028459,168.424999367203,14,14,1,527,556,128.290628825546,355.582072405754,89.7337922450956,257.90667349658,,3434.28390661642,47.7528167705705,3988.09145662253
FBN2,LAMA2,207.786098306458,319.529887881381,1091.47006865191,0.001,0.938114970137168,0.982440538051314,0.712155423879241,1.28651603177991,0.543728426222977,2.36610037241703,219.685813028084,315.248248689589,14,15,1,526,556,117.054971386779,336.426332279896,187.415485884044,502.674817398071,61.4500878107022,5066.29792254173,,5030.175588091
FBN2,LRP1B,227.803419036715,175.676690344395,0.001,345.475278676638,0.981048430081294,0.982525882690667,0.980625289281618,1.09239159056326,1.12596054365737,0.970186385941143,219.685813027757,178.116261967478,14,35,1,506,556,131.084208591847,363.348655301425,123.699472591339,240.501645938094,,1401.1895875266,19.4547745108768,1600.89080850416
FBN2,LRP2,224.804151638983,309.894308712561,0.001,1115.78980773173,0.94448764407611,0.885246479028127,0.828755387065531,1.16918008041681,0.689846945284455,1.6948398313697,219.685813028033,320.968138534185,14,20,1,521,556,129.356292061507,358.547944000673,193.140277378347,466.272305562449,,2128.16363802637,62.7419471412367,5205.9463378788
FBN2,LRRIQ1,222.084901958729,352.374773362593,0.001,0.001,0.851291555866475,0.850509172910943,0.724050823517637,1.36994563479549e-06,0.359109604475241,3.81483986427309e-06,219.685813027862,347.180737425231,15,11,0,530,556,127.794251447423,354.201342373227,182.967733997974,603.527054437576,,2796.89737050561,,4265.07150149364
FBN2,MACF1,179.21543786214,1269.92227896776,27.2869517406717,6534.15607121303,0.991614403866982,0.86775643956028,0.702760483000446,1.31633756885479,0.557642537435109,2.36054009600723,175.466891639982,1322.43671526179,9,19,1,432,461,89.4736701492817,314.825015574791,780.98954609757,1929.60298350177,,2477.98390076412,182.33022092672,32733.8749356768
FBN2,MED12,222.373582749394,357.83807265957,0.001,3107.66931210759,0.960197294437092,0.701888284015815,0.493419934993083,1.25787159173601,0.333092386251713,3.77634447274775,219.685813027083,392.89171864089,14,9,1,532,556,127.960905658956,354.65918162447,171.942343475382,645.106298882102,,3969.71302108549,174.788094186055,14457.8367954017
FBN2,NF1,223.337736575389,425.716901433635,0.001,2573.59780466721,0.949543220181372,0.754799304139585,0.622938849860917,1.24978862031149,0.457188841687363,2.73363762706642,219.685813027544,453.058167585772,14,13,1,528,556,128.514979890261,356.196990617234,234.191765920126,700.89195200192,,2870.53177239125,144.831934709615,11948.2456166151
FBN2,NRAS,208.297112657351,4070.47596796298,1119.73581551453,1063.70977987638,1,1,0.692887499723645,1.01855183943359,0.395676306135498,2.57420478214025,219.685813028285,4034.32576385937,14,14,1,527,556,117.34405117248,337.225610952221,2336.94500859673,6499.59857741078,11.9435093681307,5379.75038175249,,77841.180312521
FBN2,PBRM1,225.741139023493,685.533598662998,0.001,2969.89987586065,0.847297396241919,0.697856793154959,0.682246219058769,1.21894692681966,0.603629482557343,2.01936280788583,219.685813027965,716.229234693399,14,17,1,524,556,129.894010036096,360.048974921474,409.089288105653,1065.05752420464,,1631.15617332028,166.85957381165,13903.6923971907
FBN2,PEG3,221.625390913272,175.578581387851,0.001,0.001,0.877856465516748,0.832061314245598,0.730443837449589,2.37267053298162e-06,0.447638525108507,5.30041629550649e-06,219.685813027919,173.098906703065,15,13,0,528,556,127.531811463963,353.461178037755,96.5846291646828,289.056596478306,,3356.2579864715,,1874.67226668175
FBN2,PIK3CA,225.850000629384,1042.11874241278,0.001,2820.69716527455,0.968682969866481,0.952530705735629,0.933826851938192,1.10511001334801,0.847021167625541,1.30470176612702,219.685813027763,1067.1819609758,14,26,1,515,556,129.957909393138,360.214937219742,691.092346026985,1495.7156402886,,1810.38586719604,158.901239718207,13059.817099373
FBN2,PLEC,223.985366780364,265.715254333603,0.001,1633.5902623945,0.905074838173428,0.664063433604115,0.587613658657161,1.30162308109433,0.467680546737258,2.78314565396192,219.685813027544,282.790395643851,14,13,1,528,556,128.886344001144,357.238502297611,146.166358949769,437.457557199848,,2349.57833233498,91.9376622399727,7586.56503818007
FBN2,POLE,222.385106664038,342.747594586834,0.001,0.001,0.833878160453694,0.869893935605719,0.725399880805572,1.18012119769938e-06,0.306762889904019,3.84701421370954e-06,219.685813027086,337.970832775508,15,10,0,531,556,127.967359981324,354.678387504496,171.738981456947,601.176619277723,,2428.43251288605,,4795.57361398333
FBN2,PREX2,206.035173908021,130.041014698548,2883.55824619108,0.001,0.762479155624468,0.974567384563115,0.343981364268248,1.44429752899192,0.258841725026571,5.57984818268253,219.685813028274,128.334170108459,14,7,1,534,556,116.070013335663,333.585752411255,59.4256086369344,242.068686755154,160.434517110719,14141.6781011814,,3921.5471468004
FBN2,PTPRT,221.351030145174,106.114309171129,0.001,0.001,0.893837379209101,0.908561480404259,0.812113756092898,1.71721056392831e-06,0.238460016504724,7.20125155193174e-06,219.685813028221,104.663255867128,15,7,0,534,556,127.373462546178,353.024394766315,45.5946052911796,205.225689259256,,3998.4177925939,,2170.8733097837
FBN2,RASA1,222.365872670163,328.650073726723,0.001,2670.05401079385,0.971691509337002,0.744226603408134,0.522751375108148,1.35098605800427,0.382456256279869,3.53239366808963,219.685813027656,357.440733421788,14,10,1,531,556,127.956825314252,354.645175368229,164.67228098145,576.447381864013,,4014.41074200528,149.927672138743,12496.1535426915
FBN2,ROBO2,221.361939314336,199.556270240936,0.001,1875.92898812375,0.995092447375912,0.97639197572731,0.491815516747039,1.26682102878548,0.316326043012175,4.00479523191431,219.685813026844,221.607065544413,14,8,1,533,556,127.379787506144,353.042339166619,91.1918545895407,371.474914965279,,6819.07001194271,105.242328086497,8835.37891987916
FBN2,ROS1,220.855302738226,184.027289742785,0.001,0.001,0.924176088154707,0.916767539596969,0.847259002574382,9.66037103053083e-07,0.188259891651364,5.13140156715949e-06,219.685813027862,181.372976807935,15,6,0,535,556,127.088744054771,352.232608798542,73.1424266281016,372.914102330848,,5858.41718908328,,4135.6725028787
FBN2,RYR1,178.830522147249,312.838378260728,0.001,0.001,0.828473765181712,0.859067794499433,0.711743702222642,1.78915023436345e-06,0.389359890935519,4.5951066764084e-06,175.466891640196,309.416932402663,10,14,0,437,461,89.602403840624,313.68205237946,176.237079277741,506.555739101686,,1874.6744748263,,4126.53418216066
FBN2,SACS,224.984814516844,206.157570604279,0.001,812.476109214291,0.907338674085996,0.811307014071059,0.766900423046219,1.14394341662494,0.618780354524712,1.84870674749138,219.685813027768,214.598021905416,14,18,1,523,556,129.460462728357,358.837343564772,124.977804053588,316.61769397304,,1978.52717721704,45.691777923307,3788.42812240204
FBN2,SF3B1,223.097986088806,811.355791261777,0.001,0.001,0.795198118872071,0.820379800013563,0.652388478531143,1.37602442465846e-06,0.460991288945334,2.98492500326103e-06,219.685813027919,799.861713337631,15,14,0,527,556,128.377570463365,355.815904365151,457.071610937087,1313.6548809456,,1899.68415859712,,8017.08562399993
FBN2,SMAD4,224.715021744913,919.760900846684,0.001,3205.1449711065,0.958789017915415,0.918408380753647,0.852755379725822,1.03306563895331,0.622340422910385,1.6599687259943,219.685813027768,952.26112738668,14,20,1,521,556,129.305889881587,358.403299661579,573.245105822151,1383.86111641889,,2203.2718393707,180.743999940339,14776.1945907491
FBN2,SPHKAP,205.699049362856,249.59298711969,4371.96123155762,0.001,0.579798819838395,0.957799329314286,0.240171037483101,1.71887554965426,0.21943948358568,7.83302768292894,219.685813028214,246.216275405561,14,6,1,535,556,115.880235052918,333.04009388268,107.244626800503,482.712854443035,237.499105381234,24334.5256168992,,7559.80194759335
FBN2,SPTA1,222.856891670451,136.556123670861,0.000999999999976353,895.457483694153,0.943164826714896,0.79371961135377,0.597816654831451,1.12733491420067,0.382488488043877,2.94736952729241,219.685813028545,146.960144956388,14,11,1,530,556,128.237640105096,355.433724964291,70.9068118829277,233.887152069913,,3356.73329887493,50.4068474645736,4158.22251204922
FBN2,SYNE1,230.517319519983,248.756720906483,0.001,552.016387738219,0.796415095640983,0.840369736116579,0.790576229974327,1.20556135440353,1.099816248033,1.09614797613661,219.685813027888,252.979974339646,14,33,1,508,556,132.637558790985,367.685579130529,173.224980047134,343.605187330278,,965.62657577913,31.0769005552824,2559.0929489155
FBN2,SYNE2,177.063821932472,1001.05970221001,0.001,0.001,0.795111130952883,0.870184155703274,0.795649634399861,1.10179650407959e-06,0.320470044749044,3.4380639380582e-06,175.466891640196,989.451682134307,10,12,0,439,461,88.719773662421,310.572222491527,536.044758034756,1679.01645706317,,3976.70128771472,,14361.0724959481
FBN2,TENM1,223.435095637361,324.272791417306,0.001,0.001,0.777791260919771,0.794660884863788,0.618114103289833,2.14577532380803e-06,0.541607107655403,3.96186699450273e-06,219.685813027919,319.592763286554,15,16,0,525,556,128.570604915928,356.355728958221,190.194007091281,510.142736655662,,1735.59029435565,,2764.66438792787
FBN2,TP53,191.841673049062,767.914534792656,522.966086463045,0.001,0.873520192166349,0.903936654433844,0.845627233418535,3.35885874599488,2.75850652747168,1.21763668584589,219.685813028182,758.023841535807,12,93,3,448,556,102.716460315686,321.811363164557,624.168163003048,932.279813428178,129.375273844909,1371.67201341544,,2745.13100946056
FBN2,TTN,178.581606850952,624.787790514543,0.001,0.001,0.840144897868141,0.851013878490737,0.715003398947973,1.5586273456479e-06,0.413402720023367,3.77023969643886e-06,175.466891640087,617.519532481224,10,14,0,437,461,89.4784989515161,313.245082094432,351.960918323829,1011.6294142368,,2027.33769251267,,7854.40697484757
FBN2,XIRP2,222.508660939275,310.026975325045,0.001,0.001,0.82734064643938,0.759065927040196,0.628028148208152,2.25553627199344e-06,0.560817231824638,4.02187405093631e-06,219.685813028149,305.528421757098,15,19,0,522,556,128.039416842718,354.873294515444,190.680508625712,471.082186506275,,2296.10603943306,,2186.76791683017
FBN2,ZFHX3,178.502973122376,296.840263365194,0.001,3134.57326667197,0.953591753209264,0.635591406186605,0.422836746094533,1.37134953208842,0.309665386438959,4.42848827199723,175.466891640495,323.739257244087,9,10,1,441,461,89.4396322489546,313.104764513528,148.733618055477,520.666917989878,,3284.0661092358,174.515440514105,15210.0583568248
FBN2,ZNF521,222.385708599286,257.245334539024,0.001,0.001,0.834093203023818,0.822021309606939,0.685662025956999,2.05012792651137e-06,0.469598368476159,4.36570496010028e-06,219.685813027919,253.642162904822,15,14,0,527,556,127.968521873502,354.677395466954,144.91773056775,416.500491617029,,2407.78315354181,,2568.75045600243
FBN2,ZNF536,177.919183525673,189.515313837541,0.001,0.001,0.87134674297945,0.886775637372757,0.772702817208372,1.68856136735594e-06,0.298584279886033,5.6552252784388e-06,175.466891639698,187.437863803818,10,11,0,440,461,89.1476129523324,312.077124068528,98.4044124074624,324.58993200949,,2560.1692218006,,3139.74143791731
FBXW7,FGFR2,581.7478103224,817.883843960546,0.001,0.001,0.818614873836358,0.800700074351929,0.655477918414568,6.24853112996329e-07,0.411812011864603,1.51732609781614e-06,573.44640374414,810.870493136495,14,26,0,890,930,327.728784513519,941.878979439654,542.416790332407,1173.7976749271,,5614.71797790257,,7191.44884658719
FBXW7,GLI3,597.404089642946,146.31423005159,5318.84481391982,689.445575409671,0.916247659491668,0.978194473697784,0.132292172474293,2.03129636350393,0.369119303246477,5.50308896239854,675.976280633814,151.214104225905,8,15,2,531,556,275.580461876745,1100.46334714911,85.4065720634037,230.368393525358,,23263.9972864591,,4886.18803209444
FBXW7,GNAS,537.360006797739,411.851569864803,4449.03264916955,0.001,0.947381156219727,0.990023699772481,0.528440083896719,0.95617685382765,0.255251835948204,3.74601361935622,573.44640373021,408.168855159472,13,14,1,902,930,295.601542047532,884.643606107327,236.999665735548,656.834997897177,250.722364984012,20561.0353271755,,10352.5936476359
FBXW7,HMCN1,632.109772755042,242.417079897251,1797.70337813896,0.001,0.891569897656832,0.923466640193323,0.884998242852922,1.03894630401336,0.773660602191935,1.3428967444766,675.976280634555,239.559836497564,9,36,1,510,556,303.72023625592,1139.61057396349,172.435062032394,329.194025565154,101.993644232255,8085.77011248188,,1860.25494887155
FBXW7,HYDIN,328.621756076956,312.6193172898,0.001,0.001,0.924518800448559,0.892432026610191,0.825082298741932,4.443167677874e-07,0.136772630753738,3.2485795245644e-06,322.196505956439,309.630998021896,4,12,0,445,461,102.017783426006,763.453399022929,167.392681764451,524.372424311201,,8227.85326360619,,5898.2398506185
FBXW7,IDH2,582.443908531295,5443.8851771201,0.001,27257.0014734522,0.991287201768255,0.966720238703944,0.731624232569693,1.01396902829446,0.428341788236432,2.36719614135519,573.44640375944,5593.90768089975,13,29,1,887,930,328.113987235443,942.984337464924,3695.23047649457,7672.79243892508,,8964.03467263767,1536.22360490314,125978.037340577
FBXW7,KMT2C,549.86565397187,280.955805242523,2699.02282129194,515.740846343772,0.959242004105678,0.997902841100651,0.607068231939682,1.0265485347541,0.325393382249717,3.154792293736,573.446403749186,282.750745037949,13,19,1,897,930,302.940919210234,903.660683049143,173.90139164821,424.535701055486,,15751.8419387619,,6667.04845837195
FBXW7,KRAS,620.770846079413,8328.59680704909,0.001,28888.1373358263,0.873972533348119,0.759584310484807,0.619095671318419,3.01157418568513,1.8720782386372,1.6086796606735,573.446403728187,8476.28103414804,11,122,3,794,930,349.693799367436,1005.13678451975,6935.69478960864,9896.84689129104,,2353.46905733455,6951.47357530201,81248.4334835797
FBXW7,LAMA1,686.678668947919,170.559706201949,0.001,0.001,0.855818344396236,0.829474247667289,0.709900779022683,1.22107187837135e-06,0.320738300447653,3.80706599949897e-06,675.976280642936,168.424999366951,10,15,0,531,556,344.065831670302,1204.4548789534,98.1450106610586,272.024920115753,,8665.24071055796,,1809.80553946267
FBXW7,LAMA2,685.649455193188,319.113816147549,0.001,0.001,0.868691939553522,0.824109353053775,0.715914059076792,8.17792436592218e-07,0.342829519497297,2.38542012890656e-06,675.976280643839,315.248248688573,10,16,0,530,556,343.550971174145,1202.62731081358,187.170533921362,502.019237705976,,9495.69066274133,,3273.97605240197
FBXW7,LRP1B,560.145800565107,179.891509673551,3863.80197071646,0.001,0.781325503890223,0.941099842678869,0.38355171299912,2.04442276106051,0.728995261395372,2.80443902632135,675.976280632304,178.11626196699,8,34,2,512,556,255.972309807789,1042.78834199234,127.330970174222,245.256014366418,635.993729798072,12257.1038772392,,1953.9548046223
FBXW7,LRP2,692.157217553782,325.008333810561,0.001,0.001,0.790915067474123,0.771929606095378,0.610568032608885,1.04981357414591e-06,0.4418924306544,2.37572201133032e-06,675.976280639616,320.968138533914,10,21,0,525,556,346.805812898849,1214.07778623648,205.058765158986,484.541474683355,,5706.70986260785,,2483.98992884063
FBXW7,LRRIQ1,683.163695791798,351.358255483343,0.001,0.001,0.900505652823597,0.877584221728605,0.790281037704593,5.12786020109499e-07,0.230499298543925,2.22467497015736e-06,675.97628064283,347.180737423667,10,11,0,535,556,342.307256422404,1198.27818885723,182.440099895156,601.785144864881,,13065.2452537822,,5356.73204296502
FBXW7,MACF1,164.702597765824,1327.29230555645,6914.00811243821,0.001,0.474475215974888,0.98934440091278,0.0317712933169088,2.11145926171456,0.212396712959306,9.94111082180027,322.196505952966,1322.43671524962,2,18,2,439,461,27.3862632798449,508.593058632938,827.21812507259,1997.10375197445,1123.52428293932,22746.5375153776,,82627.8375742496
FBXW7,MED12,560.146917753729,339.252500255188,1988.01200715428,4624.87769113307,0.994062277291159,0.870429982289278,0.089171017812899,1.89796115778365,0.266001560853568,7.13515045435566,573.446403762492,372.914615768641,12,14,2,902,930,308.929039591963,917.978640769755,191.455306389291,548.200812284639,,19976.1749391641,,17823.2282852049
FBXW7,NF1,578.346724699845,338.941100394583,165.35817131347,2279.15996196225,0.998238225436592,0.913057532238899,0.591338812793973,0.971787958607279,0.300649915536139,3.23229080864474,573.446403749186,355.1160146263,13,17,1,899,930,325.016676275733,937.524511847516,202.274235621576,526.528773412476,,11972.5012496817,37.723475333333,10950.8896194447
FBXW7,NRAS,582.255903502409,4715.81858830418,0.001,0.001,0.808534225313083,0.811389024747202,0.656047962478753,4.17943975561299e-07,0.420028689902318,9.95036733463363e-07,573.446403745825,4680.45591309573,14,28,0,888,930,328.015204563617,942.700590029236,3177.68212710174,6684.74992665428,,5276.79187106558,,44104.8269416423
FBXW7,PBRM1,586.906742723414,776.77770003904,0.001,2665.3645377875,0.976719323485856,0.953559504200421,0.872269459025403,0.909326863738398,0.551663393822434,1.64833642021766,573.446403734303,793.894769766182,13,32,1,884,930,330.63209622962,950.249147187103,537.761902625803,1077.90779175879,,5996.70661201297,149.79336685284,12462.1641001537
FBXW7,PEG3,682.264979501771,175.293336023808,0.001,0.001,0.912434917071286,0.849717715504192,0.775321534250503,1.04172632260646e-06,0.281228273593413,3.70420196125993e-06,675.976280638981,173.098906703065,10,13,0,533,556,341.860299909347,1196.69136661236,96.4276806433193,288.587875154153,,14641.8328611845,,2140.11141152421
FBXW7,PIK3CA,588.649987081533,1017.67553971252,0.001,0.001,0.694719085055781,0.672868042145793,0.467487671250059,9.81840166046702e-07,0.698047943904686,1.4065511898145e-06,573.446403744115,1008.20815974622,14,43,0,873,930,331.613713915291,953.067563335315,742.986296939666,1352.95666038529,,3085.60103083784,,5013.73648604219
FBXW7,PLEC,688.344514966848,265.315247016959,0.001,1847.03336873586,0.986739582534115,0.869078072729391,0.593638426207281,0.922843136016086,0.29639645786237,3.11354306549981,675.976280631599,282.790395644522,9,13,1,533,556,344.897297855304,1207.37467483531,145.946499179977,436.800964564483,,12698.4773926234,103.36464008946,8795.306349989
FBXW7,POLE,579.015440135965,302.272240156816,0.001,0.001,0.874074518425378,0.878884894901421,0.768217263553956,6.217022598589e-07,0.240980103016378,2.5798904228066e-06,573.446403743927,299.668378355084,14,15,0,901,930,326.189789152747,937.451952087053,173.942147260661,482.069193345514,,8428.690874475,,4583.36931739044
FBXW7,PREX2,602.633111506321,179.639258134123,0.001,0.001,0.897051475043408,0.865745026792959,0.776624589151593,9.74640075241014e-07,0.26270652213098,3.70999572958861e-06,597.163386027516,177.911895580973,12,15,0,735,762,322.699503527564,1010.73589069259,103.372225907382,286.491772946917,,10831.4985419459,,2454.11288511012
FBXW7,PTPRT,577.548353011873,106.490706312023,0.001,0.001,0.90557035456598,0.892328810157718,0.808071025284683,1.14717317319882e-06,0.201647755454838,5.68899549916265e-06,573.44640374414,105.480497370846,14,12,0,904,930,325.364386666709,935.073270101703,57.0242939854328,178.605464198407,,11474.5078979192,,1834.59073259521
FBXW7,RASA1,559.771684730684,370.089681538054,1752.67651777986,1237.67990695981,0.982635364178386,0.979147533025542,0.623085102467012,0.988654863079378,0.324619915044206,3.04557674147855,573.446403763862,377.226423278942,13,18,1,898,930,309.533525278234,916.68385635311,225.049388338875,566.661586912462,,13960.9941372603,,9534.03095806659
FBXW7,ROBO2,613.144156452993,224.161526796178,8447.42064093689,0.001,0.790534674910619,0.974061083054034,0.354702755076986,1.12708649341922,0.197445075778441,5.7083545334094,675.97628063523,221.607065545489,9,8,1,538,556,294.616671919654,1105.35308079727,107.709720426724,404.110787256509,469.52116389004,41566.2425174967,,7098.74168848195
FBXW7,ROS1,535.088213553027,201.000147343555,7916.00501415972,0.001,0.832465039822271,0.989736106038682,0.331331742662006,1.14447124449498,0.178221888938713,6.42160876708327,573.446403735163,199.397233908798,13,10,1,906,930,294.353652579984,880.899447741898,104.370271134501,344.248309020901,443.727984293911,37422.0638225145,,7562.47075765669
FBXW7,RYR1,328.272519483622,311.890679746789,0.001,0.001,0.928420937447176,0.895739515108137,0.831633907479315,4.74497432302254e-07,0.146316309939302,3.24295652684991e-06,322.196505954009,309.416932403101,4,14,0,443,461,101.909528823572,762.639699481185,175.695862974325,505.000571132342,,8696.70681535031,,6013.81116544705
FBXW7,SACS,691.965069900255,217.215268987246,0.001,0.001,0.792959189289133,0.79683724550716,0.631892605899424,1.25815105590527e-06,0.396573574320127,3.17255394049441e-06,675.97628063397,214.598021905322,10,19,0,527,556,346.710824218875,1213.74244399153,133.593810248433,330.067169715794,,5768.60264079297,,1895.35515663667
FBXW7,SF3B1,497.754230888342,786.194205498282,6384.8287354577,0.001,0.809706785027025,0.975491338339192,0.149039798821527,2.02078938674836,0.383363402464161,5.27121100699559,573.446403757654,779.739661416781,12,21,2,895,930,266.54027410387,834.836714777078,507.07449766194,1152.70088094886,1046.94441519282,20480.3346116126,,16402.8970473681
FBXW7,SMAD4,558.920291214504,678.643097102733,1494.09416821428,1410.05979244152,1,1,0.756520023078961,0.935415445282808,0.411613254319075,2.2725590963543,573.446403757507,684.617138428274,13,25,1,891,930,308.618365909251,916.539509803479,447.287035511216,978.172262692364,,10759.426637316,,12811.4901590402
FBXW7,SPHKAP,678.894102835981,248.916558112637,0.001,0.001,0.958275590041659,0.926668541196909,0.888006077482199,3.96983045128103e-07,0.141432609571718,2.80687068088636e-06,675.976280643708,246.216275404932,10,7,0,539,556,340.170624153787,1190.76566504278,106.954133900685,481.404081510067,,32474.5199366531,,6474.74724342999
FBXW7,SPTA1,685.755245537777,148.699133972791,0.001,0.001,0.867132065834348,0.86934829400113,0.753854011959763,1.04338645092426e-06,0.24619538343007,4.23804230764802e-06,675.976280638762,146.960144956697,10,12,0,534,556,343.604076091285,1202.83215703977,79.6248330337725,249.404369668817,,9481.84878184058,,2103.23525629373
FBXW7,SYNE1,707.100443978265,248.068177624297,0.001,683.842579927006,0.960659219799239,0.92587868910058,0.915615846250299,0.93595931560294,0.701929685699185,1.33340893635328,675.976280642475,252.979974339646,9,33,1,513,556,354.283052221531,1240.34218077836,172.745597076566,342.65367779953,,5144.31556242027,38.2335048885969,3266.96805746373
FBXW7,SYNE2,325.473833191993,996.925278525114,0.001,0.001,0.877644736543449,0.914212757289193,0.878239146150701,2.56958256075746e-07,0.122846551667831,2.09170100899979e-06,322.196505954029,989.451682120587,4,12,0,445,461,101.041762561921,756.121055837279,533.831346647599,1672.07648050556,,16125.9054832923,,23663.3732971602
FBXW7,TENM1,687.453192188473,323.586141079468,0.001,0.001,0.846248975007592,0.821537792274225,0.695248297201464,8.11356760839488e-07,0.342678395248797,2.36769160848443e-06,675.976280642509,319.592763286749,10,16,0,530,556,344.454625083359,1205.8115133857,189.791007808043,509.062143105926,,8035.1343480564,,3268.58490669098
FBXW7,TP53,620.450430422772,652.151997079755,0.001,0.001,0.333863204532357,0.286111997327244,0.0955827700782349,3.82297202697335e-06,2.15910243357593,1.77063022463538e-06,573.446403752915,646.062753213318,14,139,0,777,930,349.516998759688,1004.6049298289,549.552477439402,766.823521480882,,1045.23769990564,,1004.41088486956
FBXW7,TTN,327.573774737813,623.204014035393,0.001,0.001,0.936415883307052,0.880911390983547,0.824909766987735,3.70821703743647e-07,0.153405276532354,2.41726824608565e-06,322.19650595438,617.519532485675,4,14,0,443,461,101.693090621023,761.011081575982,351.066940455338,1009.06457977196,,9814.82465851895,,10551.9624787285
FBXW7,XIRP2,685.777873484406,308.777457586488,0.001,0.001,0.866919964971269,0.819178199326161,0.710177252432161,8.95015560813811e-07,0.367795658581245,2.43345874246121e-06,675.976280632036,305.528421758037,10,19,0,527,556,343.61741295145,1202.8583445389,189.912974638513,469.181595382355,,9345.45272777088,,3052.36575749963
FBXW7,ZFHX3,313.081129704963,261.322856712852,1727.81199026687,1875.43517093242,0.976688258309359,0.95856483924705,0.37583898567205,0.888406470107466,0.157966675042756,5.62401196244085,330.676421561252,269.268228807059,6,15,1,779,801,126.801417298215,623.157951540521,150.881660551485,415.342148300432,,14805.8007288464,,14378.7949612746
FBXW7,ZNF521,684.834830287492,256.65741191413,0.001,0.001,0.878879721936007,0.84853672314858,0.745775463735306,8.25876777644716e-07,0.29765706490628,2.77459155187447e-06,675.976280638981,253.642162904671,10,14,0,532,556,343.144978938063,1201.20708051528,144.586569619334,415.548649385341,,10402.526688771,,3099.78216510828
FBXW7,ZNF536,326.528868128502,188.791295209552,0.001,0.001,0.948254673797547,0.924463500878905,0.87663155304405,4.87411083444599e-07,0.113361376758542,4.2996221233514e-06,322.196505954946,187.43786380388,4,11,0,446,461,101.369223079837,758.579445630131,98.0284145241021,323.348792581754,,12162.8366032991,,5082.40037125652
FGFR2,GLI3,735.969930072615,146.254899188905,921.541399947149,565.544646586408,1,0.972757393733318,0.727039092026231,1.12087135200932,0.468269529729565,2.39364571223894,738.415970061373,151.214104226161,13,16,1,526,556,409.779199145546,1199.35856125301,85.8639375722754,229.851167057838,,13033.247354761,,3309.2034144799
FGFR2,GNAS,817.618303943784,386.19453897287,0.001,1961.72704246366,0.991537163076256,0.95528541162187,0.729707508912281,1.05785222994302,0.446984407175038,2.36664235477182,810.870493112733,408.168855163671,25,14,1,890,930,542.241554760359,1173.41549503182,217.563661277383,625.266448077659,,12863.9219290338,111.118660746087,8880.06021933283
FGFR2,HMCN1,661.364194921578,241.480948815536,2992.91593198597,75.00685182345,0.967552346263196,0.998433502823379,0.589736485774313,2.14789530237687,1.00056846031917,2.14667500281962,738.415970064682,239.559836497753,12,35,2,507,556,354.198726969126,1109.02059748848,171.534007521605,328.216242884743,324.155291509857,9882.8662906148,,2399.38183809559
FGFR2,HYDIN,911.938172137765,287.874473202189,0.001,1749.19005763695,0.979990462151479,0.889376729278069,0.650906965698395,1.11917743248043,0.417840622667662,2.67847923769392,898.822012506462,309.630998022748,13,11,1,436,461,513.731991082836,1476.51523408028,149.472161207818,493.076122502679,,15033.0300214298,98.0952921376129,8253.44009946919
FGFR2,IDH2,824.385028501585,5677.62840950923,0.001,0.001,0.652614350855822,0.642802778472074,0.419530327083736,5.85390130882456e-07,0.80862642230614,7.23931490159533e-07,810.870493160222,5593.90768084858,26,30,0,874,930,546.725705143209,1183.13708838533,3880.59841468144,7958.82724099134,,3710.60875793876,,24754.7513839798
FGFR2,KMT2C,820.31175238102,286.8615764547,0.001,0.001,0.74171825367821,0.750632643244395,0.556777239660513,1.4188208698235e-06,0.582347095812635,2.43638352457756e-06,810.870493109509,282.750745037569,26,20,0,884,930,544.026501573754,1177.28704178706,178.792814156946,431.592890423323,,5318.44538259967,,1928.91515023819
FGFR2,KRAS,875.102238350566,8468.12316456834,0.001,8989.5570069053,0.942300041520006,0.997399252330368,0.580595788139171,1.92240843219461,3.44002289964162,0.558835940422048,810.870493142592,8476.28103237375,24,123,2,781,930,580.325835869458,1256.02239263065,7057.13360085294,10056.0106805254,,1752.0473464881,1477.79831820767,28614.7637492462
FGFR2,LAMA1,748.877029922131,170.71692576504,0.001,0.001,0.82240283284392,0.81799768591211,0.672743558853824,1.53869051701828e-06,0.411612732185371,3.73819951790345e-06,738.415970053261,168.424999366423,14,15,0,527,556,421.877301413789,1212.48573445052,98.235851372263,272.274203923332,,7465.66142829927,,1664.88987361989
FGFR2,LAMA2,696.461169993151,318.495938203652,3771.65826791877,49.1101565425805,0.965553003668112,0.998502075668438,0.69448880145147,1.11926821042266,0.437720715434595,2.55703733215227,738.415970064559,315.248248691933,13,15,1,527,556,383.125137122982,1146.56041645809,186.574188758829,501.3661386045,112.033578548378,17712.7043899407,,5677.94542295316
FGFR2,LRP1B,732.607621308646,173.045273860966,908.773885288063,587.22988393804,1,0.999477074266658,0.595248622025426,2.04675092166769,0.96119023773114,2.12939212376832,738.415970061057,178.116261967481,12,34,2,508,556,402.053492579797,1203.57577543781,121.281957852036,237.741210309038,,7683.00907085154,,2426.05039458508
FGFR2,LRP2,711.907178603014,305.002799991686,2199.06640575875,1716.99681545961,0.992420958110904,0.965014959016669,0.259167407853741,2.17033654781946,0.572749973434149,3.78932631774097,738.415970068285,320.968138534797,12,19,2,523,556,388.167954418762,1174.1733416147,188.198704004177,462.006266759363,,14703.0474200146,,7768.67682574781
FGFR2,LRRIQ1,745.417803428446,352.053729584096,0.001,0.001,0.877209810536667,0.85878721197075,0.75334807928862,6.38255383134632e-07,0.295464735146323,2.16017448856815e-06,738.41597005341,347.180737424021,14,11,0,531,556,419.92746998567,1206.86757572604,182.799560684268,602.967105327911,,11261.6720862447,,4522.91508420247
FGFR2,MACF1,896.158009481141,1229.03392408066,1021.00000458718,7746.58789924667,0.999967765412858,0.960129987443168,0.334982569886771,2.10456472928687,0.664211350146505,3.16851666088311,898.822012503309,1322.43671526762,12,18,2,429,461,496.384175671491,1464.02065023937,745.537048308844,1886.17707981471,,13724.5087823278,119.603903989126,29091.0259978942
FGFR2,MED12,818.592723909857,378.454212805317,0.001,0.001,0.783034681570556,0.791036862963945,0.619426277756627,9.37054344219562e-07,0.469426897042734,1.99616670907176e-06,810.870493101776,372.914615771173,26,16,0,888,930,542.886734400065,1174.81698633844,221.978097062468,595.359053129512,,6523.9656969436,,3116.14795641126
FGFR2,NF1,820.008458850539,360.246637993927,0.001,0.001,0.748817048439649,0.773855925882913,0.579495616244477,1.08283856639483e-06,0.523753910926104,2.06745676510587e-06,810.870493156833,355.116014626709,26,18,0,886,930,543.824841753053,1176.85181508056,218.397317963253,553.240631932861,,5502.29661738336,,2713.21958343317
FGFR2,NRAS,823.282988203884,4747.2244171876,0.001,0.001,0.675495596258694,0.674820184201458,0.455864965180834,5.71755000691298e-07,0.77139177660641,7.41199242759139e-07,810.870493134667,4680.455912186,26,28,0,876,930,545.998500922133,1181.56021098431,3198.81984137294,6729.31575573746,,4037.56917734355,,23263.9363007116
FGFR2,PBRM1,827.178319090814,780.906593913064,0.001,1690.35466097439,0.955648935793258,0.953827100278447,0.953553302795293,1.03537826112085,0.971333760872991,1.06593459717728,810.870493145628,793.894769759284,25,32,1,872,930,548.574888342869,1187.15229384377,540.6206027298,1083.64344240646,,5282.54787556338,95.7848605637882,7639.77650771905
FGFR2,PEG3,745.913663358921,175.488306576531,0.001,0.001,0.869070106766793,0.837571795266658,0.727919584661507,1.30640999979146e-06,0.35866302981446,3.64244399671546e-06,738.415970068591,173.098906702298,14,13,0,529,556,420.210788105946,1207.67804203827,96.5352373338965,288.90706141392,,10423.3668394645,,1940.54782262938
FGFR2,PIK3CA,830.033398649111,950.335457859548,0.001,5237.70113217392,0.97141249149271,0.915990773967331,0.344894024788877,3.08582684271975,1.25406257465228,2.46066416867226,810.870493129751,1008.2081597565,23,40,3,864,930,550.467936525435,1191.25369914365,685.400170504898,1276.09175158943,,6181.48629220675,1279.35725899079,14155.4662768777
FGFR2,PLEC,750.357848649691,286.553493899,0.001,0.001,0.800038480518544,0.832835234902041,0.666323596046544,9.64120431837245e-07,0.384356518081959,2.50840140983809e-06,738.41597005341,282.790395644632,14,14,0,528,556,422.709530596414,1214.89310423071,161.425264232671,463.965104236573,,6552.76863883763,,3071.54871912188
FGFR2,POLE,817.518059214279,283.53632175774,0.001,1465.47935096576,0.988239661047254,0.956036895320007,0.723063964355728,1.0483518543124,0.434068568062717,2.41517569215224,810.870493110638,299.668378364301,25,14,1,890,930,542.162092300761,1173.24356926066,159.730772242735,459.055458534501,,13033.1871210378,82.6483829445082,6585.12563096274
FGFR2,PREX2,888.979941210243,180.727979623182,0.001,0.001,0.794446581882257,0.791022606549253,0.628440114563782,1.63708490085335e-06,0.47475592232964,3.44826641197046e-06,880.056903548385,177.911895581187,23,15,0,724,762,573.369040904557,1303.41488126299,103.999113026009,288.231269813318,,7526.48015857891,,1489.34669680267
FGFR2,PTPRT,816.377543257054,107.017973806422,0.001,0.001,0.839714501352492,0.8411380651964,0.706324339021996,1.93493756994387e-06,0.355682682747127,5.44006684553578e-06,810.870493128962,105.480497372141,26,12,0,892,930,541.419807962459,1171.63369455295,57.3066296275692,179.490377854006,,9176.32984496033,,1194.78752997105
FGFR2,RASA1,820.234293880476,382.769546353675,0.001,0.001,0.743543638764339,0.759489183482671,0.564734173452376,1.11196629045242e-06,0.560156212020047,1.98510034628095e-06,810.870493136495,377.226423264646,26,19,0,885,930,543.974695657185,1177.17580948801,235.422467847378,581.608954635462,,5366.34814108192,,2687.33766321264
FGFR2,ROBO2,744.375898239785,224.552643762433,0.001,0.001,0.89421688430235,0.888479867178585,0.794501115365155,7.45710533226786e-07,0.249658715684366,2.98691968827381e-06,738.415970063852,221.607065544424,14,9,0,533,556,419.346890742582,1205.19208824175,107.897986233878,404.814704514315,,13217.1942587713,,3733.28974903211
FGFR2,ROS1,815.621778348784,202.323215297521,0.001,0.001,0.860028982374594,0.852290306648394,0.733000970323679,1.01057636650169e-06,0.318710284094955,3.17083074169205e-06,810.870493136472,199.397233907917,26,11,0,893,930,540.919657544356,1170.54927386254,105.057618623763,346.518063999604,,10676.1022087059,,2443.02351882783
FGFR2,RYR1,866.973308130443,306.955969336365,3035.15845354772,479.532718326611,0.984227969104079,0.99912894026091,0.731052041693677,1.12082915542919,0.472835064735396,2.37044423948639,898.822012502491,309.416932401917,13,13,1,434,461,477.789797122747,1424.36133613044,170.591060732511,500.889040955065,,18768.4056046583,,5726.84892379655
FGFR2,SACS,752.375131346721,205.810115099962,0.001,904.043164019321,0.979819384434505,0.93423917737311,0.781722441052396,1.05476564216407,0.516329398128599,2.04281539262919,738.415970059301,214.598021905111,13,18,1,524,556,423.845698649647,1218.15852874187,124.767680392153,316.081080236603,,9557.44555597755,50.84376866432,4215.69015943518
FGFR2,SF3B1,821.161451987586,756.179609417991,0.001,2457.47394170479,0.987688231467834,0.974240275203568,0.900038544678326,1.06007789835578,0.678351709901018,1.56272606508277,810.870493124252,779.739661383162,25,22,1,882,930,544.589457612917,1178.50621371475,482.580027880103,1117.65617856417,,8446.64438069549,139.234403742813,11113.4816868109
FGFR2,SMAD4,823.180436807105,667.288141276859,0.001,1929.37002457885,0.965448816638676,0.940240450014198,0.91315312488061,1.05456245644991,0.75105602053133,1.40410625522164,810.870493179611,684.617138432712,25,25,1,879,930,545.926815681848,1181.40847420067,438.707240302192,964.128887794054,,6967.14333718415,109.362266445791,8709.66038037603
FGFR2,SPHKAP,742.085745649027,249.554612190992,0.001,0.001,0.933447565199277,0.910253957427558,0.849677635360904,5.13684261874321e-07,0.186983021940402,2.74722408774659e-06,738.41597005341,246.216275404932,14,7,0,535,556,418.056581611341,1201.47340135236,107.228335387483,482.638880768075,,21824.9787290782,,5188.17204970437
FGFR2,SPTA1,747.257772235278,148.931793384949,0.001,0.001,0.847385397398504,0.853160650243766,0.722969750298469,1.35204091082815e-06,0.324427902317301,4.16746186493482e-06,738.415970066842,146.96014495657,14,12,0,530,556,420.968835392404,1209.86874754968,79.7497431621507,249.794506282601,,8850.70192592234,,1832.87262216611
FGFR2,SYNE1,766.09726191291,248.672005488092,0.001,576.236607489295,0.944627478125434,0.9356548622372,0.935651903386385,1.05278657912551,0.930194369281049,1.13179203604427,738.415970064212,252.9799743397,13,33,1,509,556,431.562730351512,1240.41022258199,173.165349824526,343.492788387308,,4857.57542212425,32.4220001451605,2681.78595982131
FGFR2,SYNE2,908.929425332004,1005.65320284114,0.001,0.001,0.705049699258534,0.82388557085571,0.705527191216455,4.30795685034402e-07,0.395587179857482,1.08900315017692e-06,898.822012494023,989.451682136043,14,12,0,435,461,512.04086052017,1471.6290757083,538.501956720599,1686.72163085574,,11522.9253183143,,10125.2905060325
FGFR2,TENM1,749.81780142307,323.938151229669,0.001,0.001,0.808137834800558,0.807327274295833,0.652453428940308,1.01282832813427e-06,0.440104572826795,2.30133561582618e-06,738.415970067431,319.592763286636,14,16,0,526,556,422.407032898022,1214.01001025798,189.998199746006,509.613225229077,,6836.18254016666,,2965.16908592423
FGFR2,TP53,809.50738912199,655.620914012821,827.234702612596,0.001,0.999865620613064,0.95759358242907,0.539300777227199,2.08478896884059,3.94075305925217,0.52903314099976,810.870493110505,646.06275319657,24,137,2,767,930,527.254145208223,1178.00355170099,552.474709901699,770.915598329866,137.296750382633,2567.62751986649,,1339.15490204126
FGFR2,TTN,912.982003951481,627.608286775594,0.001,0.001,0.805022026643062,0.798984921496187,0.643230382405546,6.72534812429107e-07,0.477644397080632,1.4080240792934e-06,898.822012503381,617.519532485675,14,14,0,433,461,514.319282055768,1478.20860954834,353.548854825117,1016.19242658708,,8220.55635641208,,5477.93921183229
FGFR2,XIRP2,750.437911298813,309.69428056055,0.001,0.001,0.798931845076291,0.774710603775845,0.618962335150179,1.17812133818528e-06,0.496001765297251,2.37523617981326e-06,738.415970061164,305.528421757683,14,19,0,523,556,422.756446746335,1215.01380650698,190.476453732381,470.576373808374,,6475.49461479488,,2364.29019366867
FGFR2,ZFHX3,918.997011473854,256.339848392108,0.001,1082.44495093115,0.989222343090313,0.957797480375138,0.804654171687784,1.05041663690024,0.529024775160802,1.98557172786654,909.496306750823,269.268228811547,24,15,1,761,801,604.191906240877,1327.81113229135,147.508178829196,408.82430086815,,12029.9458275215,61.3144261475987,4899.04044674033
FGFR2,ZNF521,748.007886010257,257.036167156128,0.001,0.001,0.835772940434103,0.83127396306007,0.694771262515358,1.03627625312221e-06,0.382228489884806,2.71114341433449e-06,738.415970064003,253.642162904754,14,14,0,528,556,421.388125510394,1211.07336254593,144.800267683508,416.161254596327,,8136.15946439763,,2725.26565905514
FGFR2,ZNF536,846.648185900645,189.434901415953,5448.16659826397,51.6176466779238,0.984690170802643,0.999694647227868,0.618369604583163,1.09701250573222,0.36408951429433,3.01302966073722,898.822012503384,187.437863803916,13,10,1,437,461,465.746253190666,1393.77330569269,98.012051352996,324.989279537994,89.2401072602032,26529.0319947318,,4124.285133939
GLI3,GNAS,138.634104169907,598.607967067292,1194.87105487394,8234.64054939842,0.936561748948713,0.853279731137161,0.00354493148980904,4.4045096900262,0.572312452014279,7.69598787257613,151.214104226428,704.108062942196,13,11,4,528,556,78.5052201627606,222.297023048607,315.635853677253,1008.66821712765,,5168.83229646632,,28140.2344018314
GLI3,HMCN1,110.238498453688,243.116019193767,1352.81056409669,0.001,0.434935460876199,0.901135195096255,0.0154307381574698,5.43347317872381,1.32980638332394,4.08591299219252,151.214104226422,239.559836497869,12,32,5,507,556,59.028009632038,184.906021769106,172.932108583168,330.143304487866,474.408803608284,3037.01605390978,,2034.98970719011
GLI3,HYDIN,152.76300286007,262.090256836861,0.001,3042.20686172959,0.993558943068797,0.803423695174069,0.189445142969202,2.08447621298393,0.477011235548899,4.36986816586264,150.433493121618,309.630998021472,12,10,2,437,461,86.055297931047,247.346812675614,131.318219511254,459.735974475675,,2832.20185266978,485.4805823559,10592.6664380779
GLI3,IDH2,152.77801975124,3744.34758116365,0.001,0.001,0.839929759174931,0.806557226694166,0.677465262266628,1.17632474120385e-06,0.332710099641495,3.53558471014668e-06,151.21410422638,3678.99264160873,17,12,0,527,556,91.1766537788213,237.365706750497,2005.8286904957,6282.79410301975,,1718.2827687297,,33952.9281229226
GLI3,KMT2C,148.668884792284,327.548787751472,345.18016928986,744.190857151539,0.99165721758333,0.989498874962928,0.770875218201618,1.05742787946053,0.485474031765659,2.17813479253399,151.214104226459,334.293583892859,16,13,1,526,556,87.5237244413272,233.013438610887,181.09349738328,536.546899347097,,2723.12883109091,,5962.97626164865
GLI3,KRAS,167.165812191401,9298.47261481488,0.001,34600.7911441648,0.627114404455202,0.406601260923702,0.36208954214235,4.31821360220035,2.56495134311228,1.68354601103688,151.214104225747,9631.40354504474,13,82,4,457,556,99.7219444019464,259.717107924486,7426.12067393108,11461.6498563793,,384.074674074104,10348.8454802273,87367.582552259
GLI3,LAMA1,144.363986672676,171.815438745877,633.022149064153,0.001,0.844162393903895,0.931593749125128,0.749964828853567,1.13195659494064,0.557208788713635,2.03147656294845,151.214104226228,168.424999366974,16,14,1,525,556,84.6703355809368,227.10812020798,98.8663086637794,274.034302357986,35.5368603644485,2976.0865678279,,1842.33670851472
GLI3,LAMA2,144.204163192958,321.164278613347,659.103795213995,0.001,0.826584618226112,0.942971121165684,0.734073901039687,1.23676843982456,0.586776488071068,2.10773346404904,151.214104226161,315.248248688984,16,15,1,524,556,84.5795623470318,226.858992694591,188.370341549559,505.252630222302,37.1474231446384,3044.98571124833,,3510.47003735021
GLI3,LRP1B,110.034592055678,180.405613796236,1419.34626451574,0.001,0.701888465905977,0.977466178143547,0.0136486636923127,5.28997801499588,1.24104696374239,4.26251235412066,151.214104226473,178.116261967626,12,31,5,508,556,58.9191505941482,184.562399203716,127.694481954158,245.954963208337,497.981486036087,3183.10476577715,,2014.66831690202
GLI3,LRP2,126.96745913139,326.013600441922,1334.53136567098,0.001,0.932963144058438,0.979068555492679,0.103764018476215,3.03745287635607,0.758205089308593,4.00610984967923,151.214104226111,320.968138536669,14,18,3,521,556,71.5245362611623,205.57789525788,205.691852818837,486.044355905296,322.609262991515,3702.77553191835,,4490.52629885596
GLI3,LRRIQ1,134.484632436276,353.491115503414,2124.20635540637,0.001,0.579242984937585,0.947326757619907,0.107700056624145,2.32163985700413,0.391890687137101,5.92420267489518,151.214104226332,347.180737425092,15,9,2,530,556,77.3867056524624,214.487528038825,183.545837331245,605.446065411475,333.694699629656,7795.21510655295,,6343.67449863153
GLI3,MACF1,128.554806016741,1291.45789637417,1196.45936240716,3641.53231500416,0.685284901044462,0.975590113164693,0.0678905123855074,3.48946568319975,0.754404596289987,4.62545655257173,150.433493121888,1322.43671526009,11,17,3,430,461,67.0334314964649,219.058323831538,789.38131669901,1966.17164441482,52.5189698746016,3915.24549127072,,25053.6167547877
GLI3,MED12,152.769282146191,319.319914343696,0.001,4743.61408498858,0.980150786312173,0.743244054197506,0.126164763043846,2.03047984121246,0.364013003121433,5.57804205839072,151.214104226258,392.891718641191,15,8,2,531,556,91.1658169925339,237.340401310806,145.919086901963,594.426772538697,,3507.89520288655,768.918834224588,15726.6608452379
GLI3,NF1,153.353759307964,393.755173197718,0.001,4356.69780944708,0.97964227345628,0.687413084001363,0.191096399899851,2.21223503276848,0.498956255667959,4.43372541708478,151.214104226351,453.058167589315,15,12,2,527,556,91.5144958017491,238.248885150803,210.845536822398,660.426723840623,,2485.57155045175,705.739620102554,14471.2326471867
GLI3,NRAS,153.304421357256,4079.63386880509,0.001,0.001,0.793254785500689,0.847085470450147,0.671973898796291,1.58145818762072e-06,0.450792587175608,3.50817256674334e-06,151.214104226405,4034.32576343408,17,15,0,524,556,91.4851768929848,238.171820644505,2347.57612348162,6506.45011810191,,1289.39756578716,,47958.5303139024
GLI3,PBRM1,155.176187041645,731.396838569672,0.001,0.001,0.647523383852246,0.689858228342982,0.446772299558473,2.73716175383174e-06,0.658468361634047,4.15686145806494e-06,151.21410422657,716.229234701148,17,18,0,521,556,92.5992017069663,241.090348522889,443.377099031808,1123.32547764503,,687.538935694523,,3825.53400590496
GLI3,PEG3,143.605626391847,176.424444401487,1012.04998156345,0.001,0.670778256927884,0.901088720794024,0.540643938566538,1.50013762545734,0.48090686093827,3.11939326989536,151.214104226424,173.098906702339,16,12,1,527,556,84.2200263993444,225.892280728419,97.0428496054421,290.43670484977,56.844209016769,4746.38615837189,,2139.96516858262
GLI3,PIK3CA,145.693496239665,1001.26798682152,377.511436197038,5778.46263483779,0.985695635758498,0.892810452411369,0.149315552839987,3.30502752908917,0.938224902425939,3.52263889025271,151.21410422576,1067.18196096891,14,24,3,515,556,84.1036376580696,230.880210519243,653.88139409307,1452.90989188262,,2150.8413745979,,20607.804455145
GLI3,PLEC,153.431590573143,225.077101501804,0.001,4252.69499457306,0.960351752353736,0.42371448641081,0.0253943090431882,3.35012661633664,0.513384323320676,6.52557248859359,151.21410422641,282.790395644827,14,11,3,528,556,91.5607561299051,238.372277915963,116.869175702692,385.503635388372,,2578.8419660778,1018.76659195201,12077.1016655133
GLI3,POLE,152.457738959115,274.111853327196,0.001,4663.02365602442,0.996460538644202,0.79370697642801,0.101165242907862,2.17358835378501,0.340699683639194,6.37977802200389,151.214104226225,337.970832775868,15,8,2,531,556,90.9805266404571,236.854226019158,125.262335637393,510.258689020754,,4340.23628303383,757.69192815213,15357.5398914928
GLI3,PREX2,152.152353250939,130.657332922885,0.001,0.001,0.901463500102534,0.866727706448803,0.781332159189586,2.09121935813763e-06,0.283915535141841,7.36563906970739e-06,151.214104226095,128.33417010869,17,8,0,531,556,90.79859825818,236.378599680943,59.7069717563633,243.219317175746,,2931.23547790049,,1779.56420681243
GLI3,PTPRT,143.121124863734,106.46941462002,1459.62825009041,0.001,0.91555228368845,0.998084144372414,0.454574942582465,1.1197000601984,0.260522163624601,4.29790711323829,151.214104226255,104.663255866971,16,6,1,533,556,83.9448430391115,225.15190506536,45.7469273289359,205.913579842633,80.8269622627852,7309.65648233516,,3031.05872527676
GLI3,RASA1,144.955795054764,325.565385258218,773.671058350163,2286.85823519087,0.944530003417268,0.900314043620541,0.152764098684736,2.12255577940504,0.41684541552944,5.09194943816081,151.214104226306,357.440733421577,15,9,2,530,556,84.3091418147666,228.854817608032,158.385607722408,579.342935911947,,4605.51116865229,,10889.2160019318
GLI3,ROBO2,143.382550002944,225.777472545088,1167.27035145471,0.001,0.82095732821601,0.964378879200853,0.523146095759057,1.20813422399073,0.341898218638257,3.5336078345263,151.214104226095,221.607065544335,16,8,1,531,556,84.0968122652826,225.562344653868,108.485846755906,407.032943811848,64.9040181797869,5740.19315181938,,4353.59444565382
GLI3,ROS1,142.988654887393,184.654582520906,1895.2605428678,0.001,0.817717972425798,0.968824559728799,0.363930641413331,1.11157111989398,0.205211801229224,5.41670173564894,151.214104226385,181.372976810396,16,5,1,534,556,83.8672547397642,224.944823421221,73.3914704013604,374.191415292297,103.641829749896,10174.167681364,,5420.41146445736
GLI3,RYR1,130.864334729828,315.207755314174,1409.31708662602,0.001,0.660289077706029,0.941651901627652,0.197750350774458,2.19807896304225,0.523310198047507,4.20033657139375,150.433493121514,309.416932404181,12,12,2,435,461,70.072696603923,219.500332048883,177.560864087911,510.386146592143,226.087652429217,4840.79443093953,,4430.40549055721
GLI3,SACS,154.740113490266,218.667729622916,0.001,0.001,0.678917151886893,0.703415137075628,0.477623830872647,3.96562417930013e-06,0.678769193269107,5.84237502029339e-06,151.21410422657,214.5980219058,17,19,0,520,556,92.3398708753339,240.409712625521,134.48546493716,332.279868929895,,771.039187074415,,1208.4846356642
GLI3,SF3B1,153.564342365986,814.496597153737,0.001,0.001,0.771747574089971,0.777531288177154,0.600092191420946,2.05189722058633e-06,0.505873052808227,4.05615046936329e-06,151.214104226533,799.861713328015,17,14,0,525,556,91.6396560188062,238.577296423059,458.836471008511,1318.75678202659,,1155.5146444573,,6304.77348924167
GLI3,SMAD4,154.194251573759,873.737633045382,0.001,6183.50598516724,0.985438592869206,0.855644547505655,0.359408874027391,2.13003340708962,0.697357884662038,3.0544336759337,151.214104225986,952.261127377385,15,19,2,520,556,92.0190495424271,239.567654029962,537.366237475577,1327.61484148812,,1849.5302605185,1006.35920598374,20308.9363890201
GLI3,SPHKAP,142.864178945479,251.266711493602,2333.86919030338,0.001,0.52037906627599,0.923149669576097,0.289472552479471,1.54901819318018,0.240244242986214,6.44768080152942,151.214104226225,246.216275404506,16,6,1,533,556,83.7944106058932,224.748124996965,107.961781707701,485.96385327015,127.844672643812,12411.7624589425,,4915.28556864385
GLI3,SPTA1,153.066661750118,124.492578536564,0.001,1456.47791088776,0.974024186264035,0.839294411194262,0.18013610553664,1.94741485078902,0.420419002538533,4.6320809455099,151.214104226093,146.960144956768,15,10,2,529,556,91.3431211483251,237.804143788414,62.3783256797359,218.362833266397,,2902.74988597404,236.472550956005,4808.54871680291
GLI3,SYNE1,157.22332196413,218.322001798095,0.001,2684.25228956173,0.94564638444244,0.359579000047164,0.0130774348074776,5.18846346290037,1.21765243779482,4.26103812701817,151.214104226473,252.979974340054,12,29,5,510,556,93.8192388561821,244.276473488548,148.176742318543,307.749601962455,,1204.86922943017,904.175695303439,6568.8273129697
GLI3,SYNE2,129.865893057431,1005.58778497836,2800.13025104065,0.001,0.335830658254645,0.924347417526101,0.0608920574276922,3.16834770051829,0.432181441247691,7.33105912963637,150.433493121607,989.451682126147,12,10,2,437,461,69.5395221173372,217.819620407427,538.462932181682,1686.6147771036,444.967991500586,9877.07485394621,,17082.7197253148
GLI3,TENM1,153.717592720342,326.551923621877,0.001,0.001,0.759410982641654,0.711112604241548,0.540075782539658,2.96674216889413e-06,0.588260831420759,5.04324274272842e-06,151.214104226328,319.59276328568,17,16,0,523,556,91.7309562488951,238.81634768565,191.526300517114,513.744555127862,,1087.75092972536,,1863.45828504366
GLI3,TP53,96.7272259064834,767.103292285009,759.629146119186,0.001,0.445786659250432,0.831542643959937,0.0403047216453315,7.69461402183081,3.10102916215817,2.48130979086818,151.214104226425,758.023841539732,10,89,7,450,556,48.4578256595167,169.664011767132,623.508522728551,931.285500678031,323.450402332564,1491.77051242447,,3330.46314938144
GLI3,TTN,130.895886533401,628.478794463616,1432.73231410065,0.001,0.70481084727954,0.927208276181832,0.19160884987283,2.31110384664733,0.545684921232354,4.23523494368879,150.433493122007,617.519532485726,12,12,2,435,461,70.0931536000726,219.565743653319,354.15983714314,1017.99281387541,230.351964350851,4914.30698943633,,9044.25469764749
GLI3,XIRP2,116.873553205715,310.080959516919,3181.31740138383,0.001,0.204333080594571,0.890157053587989,0.00216101053624191,5.18325604041399,0.624618226247079,8.29827856858544,151.214104226197,305.528421758772,13,15,4,524,556,64.2907377210792,192.412494219198,190.712305580167,471.170228009018,945.975964107027,8137.95991778355,,4020.10698037511
GLI3,ZFHX3,152.322133398368,238.925725590378,0.001,5472.77254596767,0.992471928074653,0.7196678038664,0.018297568845454,2.96691954429662,0.413026067637759,7.18337116411433,150.433493121653,323.739257244559,11,8,3,439,461,85.8075617692088,246.631002784968,109.180423200174,444.777416105104,,3938.384998213,1299.77359377565,15921.6100388517
GLI3,ZNF521,134.676240394482,257.717733520379,1757.42486101552,0.001,0.614179875294547,0.968794527778569,0.142162238202574,2.58345533059027,0.511318740293483,5.05253402037921,151.214104226298,253.642162904014,15,12,2,527,556,77.494911388858,214.784538100127,145.183340505679,417.266695379115,283.981452008645,5878.09984570494,,4466.53071217215
GLI3,ZNF536,142.277913593603,188.968367505393,813.709110605635,94.8369254681401,0.959925163579804,0.999464942225949,0.647931202508723,1.1132404742294,0.399904175598815,2.78376806784385,150.43349312173,187.437863803875,13,10,1,437,461,78.2739337122503,234.195729177389,97.4401769074847,324.719188917375,,4159.2394361963,,3759.59636741444
GNAS,HMCN1,632.468884253245,243.018044455851,2612.0475692033,0.001,0.916574713236636,0.979061066094231,0.685518015267578,2.1741171096798,1.18694094917899,1.83169778680536,704.108062936355,239.559836497628,13,35,2,506,556,347.921602946901,1041.36306386779,172.86414777075,330.006910617345,429.776301126501,8295.02413178126,,1831.0938473538
GNAS,HYDIN,333.651318088586,292.010590115814,4468.25003838301,2549.00714916262,0.892038496092316,0.951009912012247,0.0597026734014754,1.98289167008618,0.250160023295393,7.92649298623047,398.92757034185,309.630998022212,5,10,2,444,461,122.324209988729,699.626289938045,149.726818331209,501.707405667501,,20834.5240507911,,17136.0923797212
GNAS,IDH2,414.826972543119,5638.20605219151,0.001,0.001,0.785387010885036,0.790817811518915,0.621112431023241,6.04530392264366e-07,0.452364010397602,1.33638038917601e-06,408.168855160456,5593.90768135329,15,30,0,885,930,238.710394003853,661.579043615663,3853.68639354566,7903.48173122569,,3302.9324103222,,46856.1036183037
GNAS,KMT2C,412.990841499477,285.272816641073,0.001,0.001,0.839312985642838,0.838209580599852,0.703530367016715,1.06778788407482e-06,0.350296046849629,3.04824417425751e-06,408.168855163498,282.750745037506,15,20,0,895,930,237.653293788196,658.648924907199,177.803656886242,429.200920895227,,4587.48606800276,,3154.31135123646
GNAS,KRAS,443.927925053136,8411.61540490309,0.001,15788.4983256336,0.87608121941273,0.902544617967271,0.87161102840018,1.89546344796197,1.99422915933209,0.950474241684842,408.168855153646,8476.28103879563,13,123,2,792,930,255.441468453723,708.058911206826,7010.17876102585,9988.78938316974,,1333.96096113353,2569.4736288106,51776.2546020621
GNAS,LAMA1,666.225338582902,171.133583359649,3396.63427470498,0.001,0.886358199810246,0.964415274312107,0.713390116188377,1.16375381485646,0.500818493519673,2.32370375677979,704.108062943898,168.424999366951,14,14,1,527,556,375.311223710474,1078.69917648247,98.4745045744716,272.938346449149,190.465686410125,16047.2602952349,,2329.57270073001
GNAS,LAMA2,569.397368013426,319.281121103402,11759.7613762277,0.001,0.584166151290278,0.986010936212943,0.0202060345885222,3.64579304996838,0.528423385832992,6.89937869464512,704.108062938715,315.24824868877,12,13,3,528,556,304.899310430629,955.013092168447,187.269113974278,502.273924335379,2819.13684252603,33336.5276140791,,6899.38251138697
GNAS,LRP1B,655.821323356981,178.16413402036,2020.94029560112,174.636046077328,0.984422030067093,0.999998475771544,0.690897899565479,2.06765607277447,1.10816189596539,1.86584296058403,704.108062932814,178.116261967642,13,34,2,507,556,361.539854352005,1076.89724613496,125.506873330835,243.708457295996,,7750.6422868475,,1670.4081863606
GNAS,LRP2,640.130496088732,319.890903703673,3721.08969412223,393.377760043235,0.976980035838648,0.999933748964453,0.364382606221363,2.07031211682921,0.679584520907658,3.04643801195484,704.108062933335,320.968138534919,13,19,2,522,556,352.555053474159,1052.31575923278,200.013125698245,479.511685912874,,13875.1328627923,,4894.90482729783
GNAS,LRRIQ1,662.665644993468,352.066520479518,5279.10548313831,0.001,0.886265820563738,0.990109247893642,0.545854998058515,1.21979513317412,0.351039804731975,3.47480575345423,704.108062940792,347.180737423576,14,10,1,531,556,373.326738840408,1072.97126195643,182.796713454537,602.953769527191,292.409420030315,26463.4890426218,,7533.9652314442
GNAS,MACF1,297.086817385679,1325.10171763863,4665.13844402273,977.621551196234,0.727890164776459,0.999836352676042,0.11442432776169,2.2009758884607,0.386964137259824,5.6878032782218,398.927570341041,1322.43671525805,5,18,2,436,461,106.566150561052,638.223672682849,823.473285595159,1997.1043381049,579.121801186163,15899.566525247,,37690.9530468175
GNAS,MED12,412.760592555948,376.744815671508,0.001,0.001,0.846369764360076,0.850185096886287,0.71958222180566,7.5670437347207e-07,0.289690560600716,2.61211263460892e-06,408.168855155425,372.914615771767,15,16,0,899,930,237.52094455875,658.285053350411,220.975952071078,592.66849666881,,4847.97503154645,,4536.01498374364
GNAS,NF1,413.37543012477,358.511451374839,0.001,0.001,0.827747236870063,0.843665781062714,0.698353843577059,8.65275250525131e-07,0.322515906982424,2.68289170174879e-06,408.168855158112,355.11601462804,15,18,0,897,930,237.873979317727,659.264008470163,217.346523860028,550.574760763306,,4257.0127308954,,4120.58560220772
GNAS,NRAS,414.501061756582,4717.55761878202,0.001,0.001,0.794653786597248,0.803143557897384,0.638234572880873,6.05961213962902e-07,0.447383266482624,1.35445659093831e-06,408.168855163228,4680.45591263686,15,28,0,887,930,238.522868471598,661.059553979969,3178.84954800989,6687.20898282324,,3474.5739887946,,41994.9232956629
GNAS,PBRM1,417.910774998592,776.91884660918,0.001,2613.97190121939,0.954490145682716,0.910688694442324,0.85778293209197,0.970384819059489,0.599267251582092,1.61928558001064,408.168855159265,793.894769763561,14,32,1,883,930,240.482193266346,666.508111212996,537.862047372944,1078.10268909773,,3844.2278067219,147.394500070988,12055.7111356664
GNAS,PEG3,662.84936721852,175.856565411224,5365.53736541123,0.001,0.688164817851549,0.928526682865163,0.504142662579173,1.53266388074534,0.434671530055768,3.52602775835974,704.108062939831,173.098906702521,14,12,1,529,556,373.405349852073,1073.18709372454,96.7376041347066,289.514359349711,300.845852928265,25374.5975089028,,2594.19681803471
GNAS,PIK3CA,399.603979199272,1009.06980523485,745.941662297692,905.987140436916,0.954942236094173,1,0.956311104266091,1.02098813410942,0.754625745990501,1.35297283393015,408.168855151466,1008.20815975989,14,42,1,873,930,225.521713585523,645.671714350976,735.06042051739,1343.71174045852,,4558.06668069412,,10672.4460553969
GNAS,PLEC,717.191292769208,266.903688466743,0.001,1215.60599145655,0.961502645625788,0.87461525696796,0.753213469704821,0.976849130425173,0.463623521661461,2.10698785713998,704.108062938401,282.790395644513,14,13,1,528,556,412.687424074218,1143.86349853762,146.818791143257,439.420830796883,,8605.90634400029,68.5512906966151,5603.43573613564
GNAS,POLE,411.800812863215,282.039082977906,0.00099999999999989,2351.50601948587,0.996117929873107,0.94192570392346,0.525886565817145,0.990966474273151,0.260795570756413,3.79978260903337,408.168855157461,299.668378354523,14,14,1,901,930,236.971728744226,656.75518445786,158.876499114608,456.596596958881,,10436.3185143143,132.599292892315,10821.8693899524
GNAS,PREX2,507.853876912747,179.895322426328,0.001,0.001,0.870968362718383,0.847447557883126,0.738108609356826,1.28883785924412e-06,0.332611758054798,3.87490167750409e-06,503.164016373059,177.911895581133,15,15,0,732,762,292.241266680127,809.940582195478,103.520133082216,286.901287191209,,7182.23587906844,,2119.29635794643
GNAS,PTPRT,383.318439920723,106.427554844127,4196.47651152348,0.001,0.907286272377227,0.9955815885254,0.4263472707257,1.0721096033021,0.220892614009885,4.85353305318811,408.168855162752,105.480497371843,14,11,1,904,930,215.944620115748,620.605836111808,56.9906155126076,178.499082222461,235.648391490817,19691.4261945825,,3328.87001394384
GNAS,RASA1,396.478789810633,372.557658453178,1400.77104523282,889.947135104626,0.988058742231127,0.996272556881298,0.661560161354166,0.986590834521233,0.352740713688259,2.79692929178896,408.168855150548,377.226423266475,14,18,1,897,930,223.99622221638,639.957342316826,226.898855658818,569.684237833894,,9624.78182147709,,8460.82239175262
GNAS,ROBO2,662.020134790434,225.136518557623,6188.02619262497,0.001,0.836657534539289,0.972996206474211,0.47748440195483,1.22388676673905,0.306304816403841,3.99564976192031,704.108062946125,221.607065544413,14,8,1,533,556,372.944818129737,1071.86624567392,108.178082993974,405.868404616659,343.682438504788,30585.6433501178,,5099.33596577761
GNAS,ROS1,410.639776258617,201.231668792609,0.001,0.001,0.913916587715205,0.90444995338602,0.826595070134527,7.27913565750672e-07,0.192527719756884,3.78082473874333e-06,408.168855159657,199.397233908442,15,11,0,904,930,236.302126662429,654.89615456138,104.490466793647,344.645206055185,,9046.60866102852,,3914.3216253741
GNAS,RYR1,347.535044636691,312.497838675129,3400.3623723402,0.001,0.787452918461772,0.974151439841107,0.471316351973887,1.09342704670391,0.269017328522025,4.06452273060315,398.927570340219,309.416932402512,6,13,1,441,461,138.126837842909,704.27233125131,176.03873914471,505.982222853532,190.264314608431,16223.9902099396,,7267.2478629683
GNAS,SACS,719.692498493264,194.721788149119,0.001,1571.5026818512,0.939455326595177,0.728177612753657,0.289934700668926,2.06011858651789,0.608568119306721,3.38518979414296,704.108062943829,214.598021905669,13,17,2,524,556,414.133469947987,1147.87778969427,116.201219479812,302.520963319259,,8239.51801108537,255.442672830942,5172.85736086742
GNAS,SF3B1,414.057700996376,787.113449248812,0.001,0.001,0.807634166183496,0.8066114167142,0.651460459413747,7.89696483238876e-07,0.414835065802765,1.90363965907921e-06,408.168855169694,779.739661388356,15,23,0,892,930,238.266450759361,660.349996048684,507.670971977788,1154.05536372831,,3746.69915081686,,7146.36376764605
GNAS,SMAD4,414.229879874416,636.79239996084,0.001,6640.40162140292,0.990060933916753,0.899575326944195,0.201250652372471,1.99480445354154,0.443449280862505,4.49838242980496,408.16885516227,684.617138412333,13,24,2,891,930,238.366791505432,660.628522349312,414.79990133809,926.630536929012,,7514.89401272541,1080.46851510298,21786.507086754
GNAS,SPHKAP,707.046173816316,249.934741031036,0.001,0.001,0.940169771383347,0.900627025737135,0.846746363898901,6.00974410990603e-07,0.21570382794951,2.78610916043304e-06,704.108062935121,246.216275404716,15,7,0,534,556,406.863644117947,1127.64142003905,107.391481092186,483.374268793883,,24149.2706640148,,4649.63218469334
GNAS,SPTA1,713.403642592794,136.678467159207,0.001,827.398723145936,0.981415001528344,0.89403304542616,0.651001057259413,1.0317608209583,0.377343001408177,2.7342784074647,704.108062940792,146.960144956795,14,11,1,530,556,410.540484807432,1137.87243664185,70.9689692853752,234.091217725455,,12108.9751094199,46.6607811066006,3809.09475515873
GNAS,SYNE1,733.524673219745,218.074661122318,0.001,3047.57393292909,0.894402853859088,0.296889650177945,0.00720364845923491,5.09778945691969,1.089858868015,4.6774766958629,704.108062934125,252.979974340327,10,29,5,512,556,422.072246451137,1169.97895001172,148.011675430209,307.409374932862,,5562.14805375069,1033.81136894307,7382.57142091776
GNAS,SYNE2,344.523206694616,997.734734439731,6991.18632539767,0.001,0.554883092265674,0.962803081247722,0.254485686071013,1.71889221383256,0.221119867564497,7.77357653459695,398.927570342235,989.451682137825,6,11,1,443,461,136.931585479162,698.149880623558,534.26848194631,1673.418437395,388.438768384722,34370.5573016109,,30358.8884576261
GNAS,TENM1,667.812560121678,324.595915806645,2909.05788697848,0.001,0.9705700108923,0.988485554417174,0.796087596662428,1.06289200574128,0.528931817221086,2.00950665309854,704.108062944977,319.592763288082,14,15,1,526,556,376.194491301525,1081.24101131093,190.38468451612,510.65374069895,163.813394546919,13503.6417565534,,4419.65165740857
GNAS,TP53,322.449514257271,650.637026875295,1497.32976239006,0.001,0.766141538665406,0.937600734359821,0.417867969376789,4.3375159614125,2.32894756592091,1.86243607408026,408.168855159999,646.062753216133,11,135,4,780,930,167.427550796759,552.291447212934,548.288481181305,765.043541842553,462.991905175474,3505.12462468387,,3155.4045834947
GNAS,TTN,405.888919263048,624.646465332609,0.001,0.001,0.886802849789554,0.853097234134389,0.75654754322425,5.98739235411041e-07,0.282352940252105,2.12053479902297e-06,398.927570342121,617.519532485675,7,14,0,440,461,174.397275464354,785.020423499583,351.882018396258,1011.39002409939,,6662.25904789081,,7886.08059080755
GNAS,XIRP2,664.989705577369,309.637803351992,3823.59770028312,0.001,0.772335248292543,0.939292827254292,0.64076583032932,1.44206029292789,0.553672138579606,2.60453830425233,704.108062938401,305.528421757569,14,18,1,523,556,374.616551552884,1076.67242021124,190.442613515142,470.490774099648,215.297504143655,17731.4585422512,,3841.5002715019
GNAS,ZFHX3,205.781988801608,263.594835951073,1424.71044924103,1345.11327532524,0.982920918277887,0.994556995061527,0.394200422441885,0.856870022213306,0.160987442947294,5.32258918165337,221.600947019045,269.268228813021,6,15,1,779,801,82.6472471558146,412.297987187004,152.55103370049,418.133558952536,,10128.8571997136,,12995.1754046595
GNAS,ZNF521,664.19468448476,257.308923993479,4224.9183167738,0.001,0.852934860373695,0.975457702615246,0.623106413220504,1.30357060784485,0.458978461668333,2.84015638360572,704.108062942641,253.642162904422,14,13,1,528,556,374.170303293891,1075.38758820414,144.954097852048,416.601559144782,237.431168792073,19755.5938584968,,4183.21142220318
GNAS,ZNF536,346.037125741493,189.062629756342,4551.56100580761,0.001,0.862982803826844,0.992151947663984,0.380192136068901,1.08982379993021,0.205323467789327,5.30783846417607,398.927570339824,187.437863803597,6,10,1,444,461,137.532487598477,701.226156780505,98.169762054323,323.81262001219,254.075958981558,21951.7618747301,,6727.35777684564
HMCN1,HYDIN,220.521280693672,266.558695715923,0.001,1530.54297527038,0.966706532838272,0.754446557610016,0.477335892605305,2.19392116787897,0.922052383909845,2.37938885703644,217.130194139968,309.630998021198,26,10,2,423,461,148.575356494809,312.645052076641,133.55429299329,467.589735436466,,1987.41084581478,250.113379144835,4954.08766851662
HMCN1,IDH2,242.176714318032,3822.29993130837,0.001,0.001,0.674132112094819,0.633788942294432,0.427304742260077,1.74247423434006e-06,0.74362557131257,2.34321451757559e-06,239.559836499265,3678.99264151298,37,12,0,507,556,172.267241771432,328.86005517042,2046.71015909406,6411.15394532036,,1199.87513855331,,15914.6870146508
HMCN1,KMT2C,242.693365559342,296.745108976764,0.001,1366.12325500489,0.975884720054248,0.898361432995269,0.614991814720495,2.08017459065298,1.02702483055307,2.0254374858033,239.5598364977,334.293583893135,35,12,2,507,556,172.631642161255,329.566430015259,158.895398571861,497.730857641444,,2048.84307251997,224.961641080183,4328.04856114612
HMCN1,KRAS,265.41262808624,9778.45484190232,0.001,5953.5985047139,0.473766642835476,0.759004067908198,0.0775021735952236,1.94802647100555,5.67171469434122,0.343463410271524,239.559836498752,9631.40354631841,35,84,2,435,556,188.751113513072,360.544422663772,7831.33812026248,12026.7597585454,,262.207614512729,982.246430907169,18750.1608816593
HMCN1,LAMA1,220.397793060073,153.981824159056,2105.19146650154,592.859940760904,0.697586610700549,0.941415799831462,0.00786371825181632,5.56278078667171,1.17734574151621,4.72484894667207,239.559836498578,168.424999367106,32,10,5,509,556,153.042040918815,304.868219191166,82.0381146552321,256.401386118253,228.668966673562,6320.78798213106,,2513.92333426296
HMCN1,LAMA2,216.051915345572,327.095012822604,2171.08085647763,0.001,0.502371073310429,0.895712660347195,0.048345359384658,4.57381558416702,1.25770608166968,3.63663311391084,239.559836498839,315.248248689384,33,12,4,507,556,150.454525245421,298.423896756046,191.845858777791,514.608048570839,645.126933618654,5565.04172795938,,2451.07447290603
HMCN1,LRP1B,238.389636976356,160.372680163961,274.159266199558,678.739340234047,0.999696208399373,0.899320108429626,0.141944646253552,6.02850727165365,2.65082842066017,2.27419746395819,239.559836496932,178.116261967415,31,30,6,489,556,167.294965073415,326.747000764461,109.786367786034,224.408808109572,,1468.44928835206,158.311510945379,1628.78685311766
HMCN1,LRP2,228.493564385384,271.558623368498,957.615885095022,1836.67402392642,0.889041154048852,0.71432205271246,0.00756338459528514,6.53945128620355,1.60817206110602,4.06638782277194,239.55983649868,320.968138532976,31,15,6,504,556,159.252704924527,314.810204455073,158.267899010399,427.23825848468,,3476.85780843641,164.937774370061,4894.65703971384
HMCN1,LRRIQ1,215.17140077655,360.095995415121,3343.89046897632,0.001,0.690056256911034,0.91727877665079,0.0176880881962272,4.1785284522927,0.841711159381161,4.96432583282467,239.559836498509,347.180737424931,33,7,4,512,556,149.840094068009,297.207418409847,186.971088887046,616.777312740333,914.037350369829,10424.6148334358,,3743.55497794205
HMCN1,MACF1,219.127942668982,1265.07776046545,141.414135921953,2845.42480276052,0.998529946502052,0.983680789151318,0.893001416883495,1.99663183364536,1.45035935987811,1.37664629117377,217.13019413995,1322.43671525345,26,18,2,415,461,146.621507851765,312.086620590813,767.783466650964,1940.40303904117,,1441.44952865392,,10858.5478339019
HMCN1,MED12,243.253743485016,409.333113165891,0.001,0.001,0.576119680924016,0.666718020645832,0.384209702545756,2.71481311632732e-06,0.767285403988735,3.53820508276889e-06,239.55983649878,392.891718641957,37,10,0,509,556,173.027132261979,330.338980148283,205.092552622374,718.024740873692,,869.015652345401,,1916.92470222972
HMCN1,NF1,242.754312897528,334.154826298928,0.001,3911.25104846942,0.923572169607398,0.351763464220509,0.0382778603968819,4.3238083844473,1.06428450514341,4.0626433660844,239.559836497328,453.058167588895,33,10,4,509,556,172.677703615817,329.648579635199,167.428139785246,586.129042027941,,2198.18144386073,1192.71961025487,9426.74852336939
HMCN1,NRAS,242.811858950637,4158.53859982879,0.001,0.001,0.612640413625971,0.63683414538416,0.390211585772568,2.26811165364872e-06,0.978414568068943,2.31814992097388e-06,239.559836498226,4034.32576345412,37,15,0,504,556,172.718273448764,329.724970898634,2392.93986355105,6632.51459789048,,961.768171429484,,17563.3046354277
HMCN1,PBRM1,246.104259805496,703.97041716338,0.001,1023.13805185009,0.749844396089823,0.943069101012468,0.703585094008178,1.01776677035192,1.38498291412546,0.734858719173863,239.559836498355,716.229234698552,36,17,1,502,556,175.048398323975,334.223219033031,420.071407405191,1093.77415769364,,768.910590930461,58.052964265699,4599.99030372001
HMCN1,PEG3,228.512004072309,179.783958462223,1496.99891070695,0.001,0.550109919939755,0.862419197733662,0.344568347853715,2.76475396593913,1.01976007632706,2.71118082588322,239.559836497285,173.098906702489,35,11,2,508,556,160.907636597878,312.845176574802,98.8942091443417,295.994109598954,241.956689984741,5012.0117273836,,1275.37633501633
HMCN1,PIK3CA,245.199558601,896.157600351518,0.001,6308.20511586566,0.957548404477193,0.612074264038306,0.0929522646098637,5.47683772610858,1.992275306184,2.74903659605103,239.559836497541,1067.18196097668,32,22,5,497,556,174.413664885619,332.972243153648,571.876691762667,1324.65709034952,,1454.50945364681,2216.91288210957,14096.4858184176
HMCN1,PLEC,243.23387869109,208.609887338412,0.001,2416.75768548778,0.865340154979595,0.260517006685578,0.0371531111300743,4.33664078134382,1.07643347666855,4.02871229420073,239.559836497684,282.790395644096,33,10,4,509,556,173.015820992923,330.303981684475,104.523756475589,365.919217858449,,1809.94380135086,737.071499864271,5823.026732606
HMCN1,POLE,241.604287771413,244.274978993397,0.001,3106.76178761129,0.964202316276921,0.490576043326284,0.0731100565400889,3.23537705404694,0.729996069387518,4.43204722562615,239.559836497023,337.970832777562,34,7,3,512,556,171.861452375798,328.079322301053,104.95778637654,472.440562479441,,3261.79164877088,763.028060410569,8284.94558022982
HMCN1,PREX2,234.414845431448,133.046369306255,1110.51244547604,0.001,0.836807654148214,0.943983206155505,0.720239804233851,1.27921513694823,0.604539737017929,2.11601497572077,239.5598364978,128.334170108787,36,7,1,512,556,165.919387601193,319.585867106749,60.7965746041057,247.666822236796,61.9289600203378,5384.48766717731,,1458.35361783846
HMCN1,PTPRT,241.17630207689,93.1138963108419,0.001,406.851707546861,0.982342171711224,0.956210736862391,0.803000516232589,1.06475466173689,0.546094865138517,1.94976135046942,239.559836497649,104.663255866822,36,6,1,513,556,171.556076744876,327.500429368962,37.0076484091927,188.694233347059,,3401.08796236377,23.0862523601922,1828.92748418369
HMCN1,RASA1,242.695270239089,337.587818276026,0.001,853.466416820162,0.93749469549992,0.916193839330663,0.916030921775969,1.05081119917003,0.870810593388325,1.20670465787666,239.559836497282,357.440733422299,36,10,1,509,556,172.633321889365,329.570674520003,169.144683669106,592.162442059742,,1687.59570066136,48.4051264692048,3843.29638222943
HMCN1,ROBO2,235.096336232774,230.346433307079,745.596062981847,0.001,0.974607461902912,0.985155976721017,0.907461241769688,1.06286605802451,0.715521435233535,1.48544265159241,239.559836497564,221.607065544795,36,8,1,511,556,166.401306727312,320.523492300926,110.686165900841,415.310698162838,41.4968493044899,3646.39004851299,,2199.8175985327
HMCN1,ROS1,227.455093956336,188.216063694216,3238.48263088072,0.001,0.717550721637815,0.946393960999192,0.129829151518886,2.18991294945855,0.4462836252534,4.9069982081801,239.559836497704,181.372976808733,35,4,2,515,556,160.163620623782,311.396363829352,74.8076686324646,381.424930223468,490.792458358946,13859.2078227331,,3029.19431941532
HMCN1,RYR1,192.108651552881,284.282705040228,2309.82860728161,1111.85989634046,0.635875321016877,0.94868279146816,0.00436844946564588,5.3345842353112,1.0171825105323,5.24447105615254,217.130194139617,309.416932402445,23,9,5,424,461,124.363634287303,280.52937610041,148.050397780854,480.057135254682,337.489280612359,7059.89054615191,,5151.10829149594
HMCN1,SACS,243.877593166277,163.341839518222,0.001,1680.25179974863,0.894405386097679,0.404022282372907,0.0273943032383878,5.23470275514624,1.44493407175557,3.62279695487155,239.559836497669,214.5980219048,32,14,5,505,556,173.4730205655,331.179659098078,92.0140593980194,264.478693300697,,1698.98237811853,589.777743506212,3764.40813567533
HMCN1,SF3B1,242.668704242195,709.716455375294,0.001,3312.56858898178,0.966446507057484,0.88665443016691,0.603045800161496,2.17160954398963,1.06249145628471,2.04388424127498,239.559836497198,799.861713327724,35,12,2,507,556,172.61607464748,329.531659001467,380.026512360017,1190.40876086462,,2000.89254835672,545.294336931213,10505.3424152776
HMCN1,SMAD4,244.528406219166,891.30764702404,0.001,2651.80241319683,0.956607090932514,0.894451219841736,0.844752688264807,2.08020325846428,1.49066357447141,1.39548808603707,239.55983649826,952.261127385297,35,19,2,500,556,173.933820853626,332.056947954222,548.287526560855,1354.68206605049,,1279.41070214722,437.177423371026,8374.81019823811
HMCN1,SPHKAP,234.157957375198,256.343758735294,1420.21113699521,0.001,0.697754606265053,0.894759705530158,0.59393623783152,1.35771772485727,0.516323008388145,2.62958981645189,239.559836499197,246.216275405051,36,6,1,513,556,165.741935617852,319.24402619046,110.145601382296,495.81360768519,78.4196197975903,7237.22893963306,,2645.55591048129
HMCN1,SPTA1,242.367181037733,126.961186517793,0.001,676.238752743436,0.974026399292427,0.839306068887094,0.526237620078483,2.05441001386528,0.902109575503243,2.27733977074706,239.559836497284,146.96014495676,35,10,2,509,556,172.402044554336,329.12031817111,63.614150003054,222.698235741699,,2240.5284249409,111.401343853973,2139.86368265848
HMCN1,SYNE1,247.159359625652,167.466178244761,0.001,3275.85668821547,0.897956937487556,0.0268518164579325,1.35243858111946e-06,12.8853096414695,2.59583306976509,4.96384370457057,239.559836498082,252.979974339578,25,22,12,497,556,175.803869802142,335.644171981936,106.864242140277,247.549347785198,,1370.04618655524,1671.01802572611,5939.99146964104
HMCN1,SYNE2,203.406586579216,1022.54964739191,1682.90058953046,0.001,0.541334669206375,0.889141795260789,0.26399457184845,2.73085590789852,0.836587762583036,3.26427905121008,217.130194139813,989.451682130099,26,10,2,423,461,134.883076127908,291.963344103248,547.534569618668,1715.13179054452,268.579022768252,5856.58083202181,,9029.22540315908
HMCN1,TENM1,231.814231152919,326.786342213784,719.061489529199,138.833573654737,0.975573570387482,0.997938596740317,0.776750683533841,2.02225547118397,1.23537721275509,1.63695383912255,239.559836497919,319.592763286452,35,14,2,505,556,163.250599905378,317.317637293991,189.610760127904,517.108415113249,35.8457881127437,2611.00239549129,,2338.25413343723
HMCN1,TP53,183.115519179833,780.686722171035,860.795972456064,0.001,0.521447095254994,0.76748981660467,0.097909435223951,11.7182026482822,6.67045891573711,1.7567311029585,239.559836497606,758.023841538326,26,85,11,434,556,121.414621050901,262.876321093288,634.513432705493,947.847173930291,441.753431454038,1501.27560040025,,1710.98431786066
HMCN1,TTN,217.450761730994,613.756381899864,198.925193621665,722.603881806368,0.999999909635538,0.999958375244359,0.999073721502998,1.10632973014221,1.06197762701585,1.04176368879916,217.130194139585,617.519532485477,27,13,1,420,461,145.69991491064,309.484064173219,338.846403636006,1006.60363385956,,1835.08977760407,,5197.18432018737
HMCN1,XIRP2,216.157322979496,316.205055091722,2137.64446202026,0.001,0.33619900099093,0.824661599671007,0.0466420002117951,4.96975942477809,1.34865531601844,3.68497374069605,239.559836498202,305.528421757544,33,15,4,504,556,150.526692271917,298.569338234906,194.474058239509,480.491844460183,637.1505872587,5431.38530088532,,1928.1224262232
HMCN1,ZFHX3,219.277263392574,151.160782648137,0.001,6040.39423124018,0.919672429796286,0.145239851647837,6.72804562776958e-05,6.27779082125894,0.799511096876078,7.85203713342829,217.130194139837,323.739257244907,22,5,6,428,461,147.73869054473,310.87779584335,54.2043623899588,324.91164198466,,3501.01441516758,2310.57850739919,13171.7817979163
HMCN1,ZNF521,234.303350361414,248.132637477387,674.183058603792,406.672473195439,0.968552350452599,0.996043099751137,0.61099099347358,2.23563190063853,1.07958426412753,2.07082668294101,239.559836497245,253.642162905339,35,12,2,507,556,165.209641575747,320.313563367997,135.188765538635,409.673865967179,,3098.23362769895,,2608.2559980531
HMCN1,ZNF536,219.739871790322,158.270608579362,0.001,1078.32776086774,0.965997301823544,0.871769852343017,0.395837158470429,2.18107778034839,0.780627851272563,2.79400456541852,217.130194139646,187.437863804107,26,9,2,424,461,148.049489330215,311.535552657263,76.0470369097756,285.337548348772,,2592.18274651015,176.952340124388,3449.82319572731
HYDIN,IDH2,312.595555302708,3715.52883555652,0.001,37353.4708905918,0.988581342797181,0.915237599943611,0.458995742161608,1.09478508342013,0.249639630906849,4.38546187335391,309.630998021071,4047.60265304208,11,10,1,439,461,167.379499658697,524.30714280362,1861.64342512812,6516.67805448235,,8996.34821778127,2098.51732114051,174868.645996075
HYDIN,KMT2C,314.818533991759,353.305956912374,0.001,0.001,0.821365119118682,0.810970351090373,0.666136769109523,1.17542215720499e-06,0.373120025780259,3.15025213333692e-06,309.630998021832,347.134901070903,12,12,0,437,461,168.569421345309,528.067585375443,189.184321344333,592.594900675813,,3174.50779667078,,3295.3266887792
HYDIN,KRAS,345.587954981129,9482.34797589959,0.001,18856.0142527347,0.781975289718221,0.825280081907833,0.781542438278089,1.86359851995599,1.84594141660508,1.00956536496342,309.630998021615,9617.01186588385,10,70,2,379,461,185.017041225805,579.880312976332,7428.72911865281,11884.6439832198,,929.875276569725,3049.50605346173,63211.1839073521
HYDIN,LAMA1,287.56958658252,165.47437152581,1837.26435446499,0.001,0.842592320969348,0.97946458379022,0.629214199296184,1.13882648533818,0.408929499654136,2.78489687415894,309.630998020893,162.659402778551,11,11,1,438,461,149.313885046968,492.557413589397,88.6069640173418,277.554930866353,101.999014222279,9064.61012342401,,2645.75481460217
HYDIN,LAMA2,260.235374970058,263.591566287491,5563.90964796227,0.001,0.396140594305051,0.936358196720646,0.0642706731011213,2.65941001290731,0.3741825835624,7.10725226061681,309.6309980219,259.236831812329,10,9,2,440,461,130.39128025047,456.469125366888,136.866160150385,451.468205059894,884.435915258294,19639.4298213343,,4956.99245534589
HYDIN,LRP1B,265.437665427275,150.593243926099,1746.07356016902,0.001,0.795569755984975,0.979259936757115,0.411013736389463,2.08083666501423,0.775261765239225,2.68404396851964,309.630998021759,148.378819647954,10,23,2,426,461,132.993926479807,465.616581023173,98.9984931570966,217.608934281572,285.020884283927,5669.72800125368,,1614.44651134165
HYDIN,LRP2,237.168830848908,356.889019182254,3398.63572156247,0.001,0.717252270722864,0.990351606465174,0.0567738223089425,3.04120881025517,0.633033798851775,4.80418078113909,309.63099802189,351.928825848667,9,16,3,433,461,113.960962952593,427.611834926042,219.487017044131,542.305327299316,813.089993585681,9674.45302759804,,5924.99215408688
HYDIN,LRRIQ1,286.335324405173,344.082414280216,2725.27958619119,0.001,0.793867243534079,0.97430132464087,0.479736257901734,1.16942437358948,0.296362503219776,3.945925550245,309.63099802151,338.373030656559,11,8,1,441,461,148.671228791505,490.436228481021,165.32496395233,620.300503132225,148.168260150369,14952.3848757145,,7381.43776432827
HYDIN,MACF1,264.466693213235,1343.42239128044,2000.20634270884,0.001,0.821321615253063,0.987738140844482,0.348630329848876,2.04906945741783,0.678625751418737,3.01943958527073,309.630998019988,1322.43671524863,10,18,2,431,461,132.509804266941,463.932421510009,837.215847257601,2021.40995040753,323.569476792265,6674.24694719227,,17056.2199169426
HYDIN,MED12,314.762312803088,387.938315149275,0.001,2557.86929938782,0.961239738431209,0.851262319265821,0.613779970842428,0.863383728634667,0.298409489153642,2.89328509989217,309.630998021068,428.438115862887,11,8,1,441,461,168.536922691288,527.983249796936,177.272403828686,722.196107895447,,5427.47007202842,143.321379645441,12130.7269754541
HYDIN,NF1,311.525201540226,477.34264833334,216.271603244656,1963.67835048758,0.999486413181907,0.955040182697273,0.754288144336301,0.946032925324881,0.425699817691638,2.22230051789722,309.630998021534,502.424671327705,11,12,1,437,461,165.157710196817,525.129618762731,255.745230596698,800.227091433262,,4950.33910993957,,10422.0656499311
HYDIN,NRAS,313.986727192382,4185.94561139026,0.001,0.001,0.846783419638535,0.871725844089591,0.738179510442923,5.91407232275118e-07,0.333315044460765,1.77431904771023e-06,309.630998020782,4141.58458339632,12,13,0,436,461,168.126842157426,526.657039100315,2302.64109160363,6891.45123367443,,3696.63516303261,,59850.7985605356
HYDIN,PBRM1,318.732833633313,679.763674928599,0.001,2810.49955103473,0.92203198758904,0.806685314331713,0.757882689165356,0.97740679909859,0.510724702339948,1.91376448920618,309.630998021296,716.389528028557,11,14,1,435,461,170.655467250037,534.639338329173,382.920432644673,1100.65987371059,,2887.36268035505,157.663330150777,13247.3696936562
HYDIN,PEG3,312.814684208829,196.080213968397,0.001,0.001,0.886610401020936,0.788496336914837,0.699111455776853,1.80098519234192e-06,0.414430013303045,4.34569199751704e-06,309.630998021896,192.210986935075,12,12,0,437,461,167.500759886532,524.68790996493,104.994032842346,328.880425661818,,5132.75472914349,,1616.43653869225
HYDIN,PIK3CA,319.138414833426,1121.93834595924,0.001,0.001,0.699012089377421,0.651863335399134,0.455744565978725,1.55920133924903e-06,0.723294393911015,2.15569393648702e-06,309.630998021085,1100.9161933702,12,23,0,426,461,170.878759748163,535.328052832203,723.565042768901,1645.15378427686,,1714.17356791257,,5102.40551523956
HYDIN,PLEC,314.957671288201,175.541600832394,0.001,3114.36498105085,0.943276242087527,0.432169324970522,0.0925783285923162,1.92425472413098,0.305796714144271,6.29259450846534,309.630998021056,222.421711957525,10,7,2,442,461,168.64161326093,528.305179541229,75.4247775879094,339.515181897205,,5673.90042347668,500.597187146077,10613.8401074985
HYDIN,POLE,295.821985935045,360.886699575688,1522.39964774756,878.34404856105,0.978208644447663,0.99714705542516,0.562728009005015,0.943396917949381,0.27820851901526,3.3909706334249,309.630998021728,369.124710398101,11,8,1,441,461,153.992272636034,504.970589582078,168.125839927663,660.876853788524,,10101.891952723,,9971.32437323256
HYDIN,PREX2,310.461046969468,77.8589059770972,0.001,0.001,0.968986702370437,0.935110844719935,0.906111906529679,1.06713132395431e-06,0.128962290725183,8.27475472057449e-06,309.630998021225,76.5618455361469,12,4,0,445,461,166.241454393381,520.732037523171,24.1709532225795,180.876472824547,,20901.6205530575,,2276.66537349192
HYDIN,PTPRT,285.272550608083,92.4819662111215,4457.13647272196,0.001,0.86833866859789,0.997827107597009,0.32831591776758,1.02966096350873,0.173103607613263,5.94823515064536,309.630998021645,90.8786021893931,11,4,1,445,461,148.12305775898,488.609763756144,33.1634491511922,198.777695139327,241.915029334835,24755.0012692721,,3621.97671352687
HYDIN,RASA1,264.541628171149,387.913254505491,4072.07628772538,3221.76459384126,0.812530165584853,0.925173524160525,0.0131280091531642,3.06143435919202,0.387537220512709,7.89971697464765,309.630998021638,427.304020260636,9,8,3,441,461,128.92243283661,469.637289181726,185.859986283748,693.184968748857,,16844.0779762482,,17177.6319252821
HYDIN,ROBO2,312.430637440132,210.826721798106,0.001,0.001,0.89916226039278,0.86800989045063,0.780497773891169,1.01883273473944e-06,0.245855151587469,4.14403655225814e-06,309.630998021279,206.58299783454,12,7,0,442,461,167.293859628318,524.046811925836,90.5852551228277,407.756216800504,,6026.23129183038,,2925.51795973058
HYDIN,ROS1,310.961558408888,147.91978051089,0.001,0.001,0.950562324589102,0.936105620268523,0.889830196286524,6.39989129761365e-07,0.124414314362647,5.14401524486888e-06,309.630998022203,145.492226747824,12,4,0,445,461,166.508540849856,521.575746326712,45.9210339648675,343.637314283654,,13854.533373106,,4396.24721767543
HYDIN,RYR1,268.214595238631,308.78229196606,2764.14600518573,359.347095366759,0.773971895735977,0.999883221424922,0.184410498164414,2.09788005350609,0.47182408342301,4.44631829364516,309.630998020773,309.416932402493,10,12,2,437,461,134.485699283256,470.006710193943,171.815495336257,503.175892462265,193.399169069351,10324.6375381504,,6311.73967773178
HYDIN,SACS,309.993364530077,139.546844818312,306.275475629415,1585.75353670209,0.999993879726175,0.744739845418995,0.162585985845918,1.925815699298,0.401812577885815,4.79282084555667,309.630998021859,162.044368917124,10,10,2,439,461,163.859072076704,523.197166806365,69.9499392012111,244.612448660388,,6559.38037683721,144.96405759976,5676.14739228546
HYDIN,SF3B1,314.081369914609,704.126932593118,0.001,0.001,0.844513115951124,0.822364103897755,0.694524665038386,8.06124557084596e-07,0.3338241024604,2.41481831642226e-06,309.630998021534,690.393081873509,12,10,0,439,461,168.176498974692,526.820447810961,352.805727931174,1235.07585329696,,3673.25459297944,,7040.09092614583
HYDIN,SMAD4,262.996256565264,955.397919691324,2577.48088733748,0.001,0.795332110321206,0.973357307988942,0.237806064010842,1.92821865369064,0.504805696906845,3.8197244316093,309.630998021118,940.94249399806,10,15,2,434,461,131.76924180574,461.317426752116,570.121328181606,1484.29232605348,416.905028623602,8594.23421883994,,14552.6685472517
HYDIN,SPHKAP,310.966381159772,259.224496289085,0.001,0.001,0.950583543358421,0.904778089231825,0.860071847979476,6.77914273689018e-07,0.185675185766906,3.65107631851282e-06,309.630998021808,254.925858925852,12,6,0,443,461,166.511593260532,521.581756155634,103.02936974222,525.300336338886,,12909.4224533514,,5078.96867095631
HYDIN,SPTA1,296.917507625332,99.0817376365185,1788.4071335387,1412.30862931073,0.964345142989808,0.815977219163364,0.0697591734134501,1.92292217355128,0.257063093292673,7.48035102558261,309.630998021926,118.558988591929,10,6,2,443,461,153.422179127531,507.560436587638,39.7720815702109,198.36643039374,,14563.1976563361,,5920.70826099448
HYDIN,SYNE1,323.406776408677,199.739469819247,0.001,2645.83609966921,0.931961236360403,0.367542989270571,0.0241946662280984,3.81900870748788,0.850749951331699,4.48899080336108,309.630998021029,233.356209475154,8,22,4,427,461,173.156333434451,542.520725312733,127.454326547285,295.269834381209,,2821.31378983657,767.595269526428,7204.2736607211
HYDIN,SYNE2,286.053706187795,1006.13014993376,3048.580696089,0.001,0.559308643092969,0.919416542948301,0.405652012022095,1.68567516883015,0.386092192403536,4.3659913409187,309.630998021984,989.451682135986,11,11,1,438,461,148.528520665574,489.948204964503,538.755559028482,1687.53929270679,169.635605291981,14848.884612521,,14857.4658432335
HYDIN,TENM1,287.77700777028,292.440081687628,1763.33005808047,0.001,0.845291185220623,0.975491456707739,0.642813941417109,1.11370981330413,0.415501108986116,2.68040154218058,309.630998020959,287.267094905768,11,11,1,438,461,149.421478427266,492.910429336427,156.590408487006,490.510872920983,98.4290287816416,8492.58878203932,,4507.41312133709
HYDIN,TP53,223.228324671889,729.793395729096,1326.73875239741,0.001,0.528131289818335,0.868076001698914,0.251067060069732,4.57493677914384,2.14571852678656,2.13212344584417,309.630998022754,721.227201267681,8,72,4,377,461,101.999865207583,415.60622075051,577.593851106636,906.72220207994,408.756812791238,3140.23375642565,,3613.98844691024
HYDIN,TTN,288.737735426785,629.26683862458,1518.19551574578,0.001,0.809837466847293,0.930199398707076,0.682461298995891,1.15472992677369,0.493128400965386,2.34164149644009,309.630998021776,617.519532486231,11,13,1,436,461,149.917688512697,494.56931815987,354.477141195521,1018.90413977246,84.8227068240113,7290.68956142345,,7597.29947057183
HYDIN,XIRP2,286.688347253085,294.890743368565,2419.56751978209,0.001,0.644976188555477,0.926723944790623,0.48810652582688,1.57533280875677,0.43736323567033,3.60188667056644,309.630998022519,290.68538268938,11,14,1,435,461,148.854168134739,491.024763951505,169.683459912336,470.292316812868,135.541895781538,11463.5773844914,,4177.41456261448
HYDIN,ZFHX3,314.785523108089,268.889270749972,0.001,3607.29969626546,0.990235769262856,0.722919918264187,0.148658687959877,1.85531937849978,0.369290089495279,5.02401616310771,309.630998021208,323.739257245656,10,9,2,440,461,168.550968437906,528.009489309787,129.198856341262,484.764495998833,,6534.42424138468,580.267756579332,12261.5596183103
HYDIN,ZNF521,286.067454514335,220.043197563299,3023.13203111922,0.001,0.657288931554519,0.950554095163776,0.42288730948226,1.45189779455072,0.335470945345069,4.32793902034433,309.630998021952,216.39619695942,11,9,1,440,461,148.535590553736,489.972068117884,110.254689492424,385.9613409587,168.113781167738,14783.4784874866,,4097.75473549083
HYDIN,ZNF536,287.420603375417,190.574164727102,1950.59508734554,0.001,0.888299991714945,0.985140899143084,0.608083021975151,1.05911094880975,0.359346663652175,2.94732372925243,309.630998021645,187.437863803748,11,10,1,439,461,149.236647559977,492.296854149893,98.9532566080522,326.408025945198,109.055983857836,9333.25427645589,,3506.00338640705
IDH2,KMT2C,5636.07904043762,259.213672608272,1112.68391983094,1781.44719632467,1,1,0.36490496248023,1.93805153637043,0.614849554580079,3.1520743927253,5593.90768104827,282.75074503719,28,18,2,882,930,3849.16162828739,7905.622492607,157.148987898903,398.066080338475,,84053.9439209174,250.701441052499,5757.13545930779
IDH2,KRAS,5775.81127620937,8631.902948316,2934.87550030351,0.001,0.759994497479647,0.577224164692164,0.165991825473931,1.11025831928112,4.05858233429347,0.27355816091246,5593.90767954882,8476.28103836841,29,124,1,776,930,3920.21221955967,8140.90820203945,7204.49252295854,10236.9858287481,167.253521161349,12980.4176270796,,12650.0766778261
IDH2,LAMA1,3731.50664981314,170.13079737874,0.001,0.001,0.844616397749937,0.860644066226126,0.726924580537516,9.37700185643306e-07,0.295288892789032,3.17553490341827e-06,3678.99264164454,168.424999366423,12,15,0,529,556,1998.10154020348,6258.45330921508,97.8988992088461,271.334964648477,,43210.0800975672,,2224.05108861906
IDH2,LAMA2,3736.76730013675,318.598359175525,0.001,0.001,0.830292292772579,0.845396667031084,0.701938662770514,5.52741395566485e-07,0.313390713863434,1.76374529019182e-06,3678.99264190117,315.248248691933,12,16,0,528,556,2000.96267588853,6267.41958827115,186.869752263805,501.200336134312,,39092.0172381056,,3721.27412685738
IDH2,LRP1B,3767.23372179017,175.441413980626,1037.12289447483,432.039151673065,0.992083360757155,0.984009872529181,0.951014217372484,0.976656773767793,0.732818303571688,1.33274069303081,3678.99264160934,178.116261967148,11,35,1,509,556,2003.41205075455,6341.67866491354,123.556148584584,240.190586154322,,33475.4060939392,,2188.50259680327
IDH2,LRP2,3752.37114319966,324.278679162176,0.001,0.001,0.790004556972491,0.807879239828916,0.638247617043114,7.2691645758554e-07,0.416743125909059,1.74427941912632e-06,3678.99264169842,320.968138533914,12,21,0,523,556,2009.31262355588,6293.64927672519,204.601303855812,483.445861424535,,30768.4590020487,,2978.65902710046
IDH2,LRRIQ1,3732.01031210514,350.926174714469,0.001,0.001,0.843077899635978,0.889305727925736,0.749762649781524,3.60212550673707e-07,0.223745124242811,1.60992357662641e-06,3678.99264166493,347.180737423624,12,11,0,533,556,1998.39865476355,6259.47287605049,182.216977128951,601.037252586315,,43142.0947150758,,5868.81956201149
IDH2,MACF1,4141.24891681054,1337.77637092683,0.001,0.001,0.778678041370924,0.796462420132592,0.620215069860681,2.29251617212337e-07,0.442373903622666,5.1823042755226e-07,4047.60265320336,1322.43671524774,11,20,0,430,461,2150.3103946141,7092.98479638382,833.731088141919,2012.90578551817,,31928.6003647233,,11539.6667157637
IDH2,MED12,5644.33369954579,378.957521880416,0.001,0.001,0.765714769422993,0.774217917704447,0.592846166649634,7.17549246439034e-07,0.492876748984583,1.45583910768223e-06,5593.90768133484,372.914615762823,30,16,0,884,930,3857.86408478872,7912.0970463004,222.273447117515,596.150269087122,,41266.8452306939,,2848.22715335372
IDH2,NF1,5644.22879791107,360.994996165226,0.001,0.001,0.766271519140213,0.745190465895157,0.571035410614823,8.47311969710482e-07,0.555693046789722,1.52478418545178e-06,5593.9076799812,355.116014625721,30,18,0,882,930,3857.78646752836,7911.91198444991,218.851662376965,554.391769897971,,41245.8525792141,,2359.9227429974
IDH2,NRAS,5490.46965349404,4761.16787817189,12283.8050245844,0.001,0.973352413739922,0.97667283355076,0.972110788285492,0.995812169108668,0.903965360275855,1.10160434555234,5593.9076808177,4680.45591354289,29,27,1,873,930,3726.78988756056,7738.46649941201,3208.20763578425,6749.12061308959,696.859298247382,55274.1465643929,,33340.2332994573
IDH2,PBRM1,5496.56957656411,806.571643460064,11441.5181333237,0.001,0.967366099071638,0.9670347275521,0.96663494731303,1.0433936200393,1.01490525627778,1.02806997361114,5593.90767899398,793.894769770327,29,32,1,868,930,3730.91852495613,7747.03775199667,561.721067144544,1113.97277037118,649.572005688191,51331.6370848002,,5145.48035986018
IDH2,PEG3,3735.90865743239,174.859038731307,0.001,0.001,0.83265303872777,0.877417056519458,0.730592847201278,7.83642814982527e-07,0.253215418379921,3.09476737236734e-06,3678.99264168109,173.098906702908,12,13,0,531,556,2000.4773089183,6265.96861895284,96.189736709245,287.867471124908,,39975.9340600379,,2624.13552216778
IDH2,PIK3CA,5722.24806914644,1025.06316781392,0.001,0.001,0.509269873572162,0.494273456200847,0.251762617859871,7.99770181004154e-07,1.31948792279695,6.06121637937288e-07,5593.90768007046,1008.20815975439,30,43,0,857,930,3911.07510127573,8021.42707177818,748.376167567034,1362.7864653126,,16185.4363278539,,2789.95588914221
IDH2,PLEC,3717.80087648945,285.710491641958,0.001,0.001,0.882268768757425,0.866913064965123,0.76486008340379,5.3816678880869e-07,0.277404596991778,1.94000674338011e-06,3678.99264181569,282.790395643308,12,14,0,530,556,1990.8310921057,6235.56585242835,160.951827539486,462.59670138747,,58102.3585619222,,3925.47956450413
IDH2,POLE,5639.82601933465,304.598943599137,0.001,0.001,0.784098466513833,0.783678923198076,0.614495079223855,8.28553680806959e-07,0.463543820305569,1.78743334397334e-06,5593.90768135329,299.668378362061,30,15,0,885,930,3854.79040099781,7905.7591215609,175.280508452585,485.782525669247,,45245.6460413798,,2403.12251757475
IDH2,PREX2,5494.50649832157,180.787371904722,0.001,0.001,0.78335023268124,0.787129616637976,0.616613483630933,1.3241964574558e-06,0.447632769350076,2.95822055069476e-06,5438.4040850683,177.911895580973,24,15,0,723,762,3579.01590994818,7995.3445492808,104.033391332863,288.325519939857,,43837.4162861977,,1456.312556846
IDH2,PTPRT,5632.75867751743,107.158297581614,0.001,0.001,0.813860210744775,0.828041848586966,0.673920092199701,1.78414213512085e-06,0.364042595800946,4.90091587001097e-06,5593.90768135329,105.480497371808,30,12,0,888,930,3849.96243255677,7895.84566676061,57.3817765722422,179.725482869333,,53731.5749281847,,1092.8981931213
IDH2,RASA1,5648.17823268444,383.352674978846,0.001,0.001,0.750196927962308,0.737557590304466,0.553331937675645,8.36407229659001e-07,0.579985776106322,1.44211679685343e-06,5593.90768135329,377.226423264646,30,19,0,881,930,3860.52448595516,7917.53614321356,235.780896264644,582.492787065659,,38148.2442524098,,2421.48150372699
IDH2,ROBO2,3707.58999142203,223.890643002419,0.001,0.001,0.91170553352997,0.912201109598564,0.831663003460723,4.25597343129466e-07,0.175355808484929,2.42705016050862e-06,3678.99264174094,221.607065544354,12,9,0,535,556,1985.35935684068,6218.40199155683,107.580469649908,403.617341216149,,79621.8353568199,,4784.56917900876
IDH2,ROS1,5623.80143828627,184.725153135098,1006.69387632651,1105.09612807378,0.979606091637308,0.900933624467843,0.643457550492453,0.965614128767982,0.341260589138423,2.82955067037145,5593.90768110458,199.3972339106,29,10,1,890,930,3842.34300432766,7885.9781068439,92.560719468287,323.983693013301,,100754.330568314,31.585862181997,5078.98897461796
IDH2,RYR1,4122.46298508469,312.821170361545,0.001,0.001,0.818435806271164,0.859229595020482,0.703240419666134,5.43618854884423e-07,0.304031136959936,1.78803677912785e-06,4047.6026530822,309.416932403001,11,14,0,436,461,2140.54201995499,7060.78454461921,176.221343347061,506.501870187795,,40226.3392862032,,4053.03209584333
IDH2,SACS,3740.66092278102,216.907832923317,0.001,0.001,0.820033732903663,0.817553244823849,0.67043900299719,9.58388081248249e-07,0.378719019460506,2.53060456961865e-06,3678.99264164984,214.598021905322,12,19,0,525,556,2003.0553952354,6273.96027723261,133.406147386544,329.595540079431,,36521.7324052259,,2109.93062526114
IDH2,SF3B1,5664.35783857638,792.333931119688,0.001,0.001,0.689044511292737,0.693369632337489,0.477786709569028,5.20073943646943e-07,0.696021534283999,7.47209558942664e-07,5593.90768133484,779.739661399329,30,23,0,877,930,3871.54736878942,7940.19306929139,511.037336319125,1161.71717665707,,29365.3659385456,,4158.94233436218
IDH2,SMAD4,5666.33747958135,695.905237876201,0.001,0.001,0.682054564322238,0.655544905826329,0.447144320275276,6.78387694272135e-07,0.808509354376097,8.39059796402266e-07,5593.90767877435,684.617138426135,30,26,0,874,930,3872.89895765248,7942.95674476527,461.517857580928,998.74887243427,,28554.5017585811,,3166.01466464612
IDH2,SPHKAP,3714.27312905089,248.918013786538,0.001,0.001,0.892357434113761,0.926690265811217,0.826942675142195,3.10917490178343e-07,0.141299744475025,2.20041084528146e-06,3678.99264176674,246.216275403398,12,7,0,537,556,1988.91894206502,6229.66870689792,106.954924288817,481.404938094024,,65804.7271772607,,6418.71859064957
IDH2,SPTA1,3722.2965427325,148.455551414725,0.001,0.001,0.869722890983884,0.886287668012466,0.770832835194115,8.68294351174734e-07,0.240791430817033,3.6060018756835e-06,3678.99264154964,146.960144956435,12,12,0,532,556,1993.20764831733,6243.09469915413,79.4948212342908,248.992929136999,,52637.549791505,,2413.18033855201
IDH2,SYNE1,3787.40888041206,255.747154662197,0.001,0.001,0.70720497370045,0.695496678092731,0.491901599425127,1.52229145857462e-06,0.690402204312645,2.20493423842728e-06,3678.9926415916,252.979974339152,12,34,0,510,556,2028.04232228008,6352.41141726847,179.105454914228,351.665849292069,,20878.93996849,,1376.45742759606
IDH2,SYNE2,4124.61375250451,1000.41058590205,0.001,0.001,0.713254717014562,0.87719175128203,0.713737783316614,1.69322714602821e-07,0.262377612957475,6.45339793644148e-07,4047.60265314923,989.451682141455,11,12,0,438,461,2141.67620509765,7064.58791784203,535.69465947776,1677.89065144062,,39162.6433025609,,15009.3858235654
IDH2,TENM1,3731.40897610209,322.934229182838,0.000999999999976353,0.001,0.844699920313234,0.847831103370309,0.716175318572189,5.47811307705093e-07,0.31493335336793,1.73945154378455e-06,3678.99264164454,319.592763286636,12,16,0,528,556,1998.08676393991,6258.36012046121,189.410072156677,508.02621998966,,43016.6119365614,,3837.18842192585
IDH2,TP53,6112.51596889273,658.172201028248,0.001,0.001,0.0715938126964324,0.0842541581328373,0.0060470893613931,4.23677011412993e-06,4.38717522974272,9.65717094089808e-07,5593.90768032774,646.0627532125,30,139,0,761,930,4177.47696904591,8569.42765229137,554.614369270357,773.919231505068,,4253.94113979187,,504.761650576059
IDH2,TTN,4126.86742592831,624.323115110824,0.001,0.001,0.809037431604238,0.858841040800575,0.694850124310322,2.83044227048467e-07,0.294836500689784,9.6000402387856e-07,4047.60265320336,617.519532485675,11,14,0,436,461,2142.79691314882,7068.26421624227,351.706217427765,1010.8631460338,,38016.4192843653,,8075.17125823711
IDH2,XIRP2,3756.52033190959,308.922826842696,0.001,0.001,0.77971280245082,0.812124220006023,0.633241946252967,7.13738647406537e-07,0.391001282234985,1.8254125493573e-06,3678.99264173899,305.52842175824,12,19,0,525,556,2011.51824185215,6300.63879303565,190.002750069954,469.401599654313,,29218.766039475,,2907.90596230624
IDH2,ZFHX3,6341.61961212618,274.183201513827,0.001,0.001,0.731199427771089,0.749997233139408,0.548420242144181,1.08224681857807e-06,0.547383384922214,1.97712763739049e-06,6272.8862243375,269.268228811547,29,16,0,756,801,4304.51971540991,8938.18703477845,160.817975429305,431.330991912932,,39519.5443879227,,1831.45730172721
IDH2,ZNF521,3728.7991492845,256.360806879438,0.001,0.001,0.852268441722774,0.862194264800605,0.734830699525524,5.94420658412212e-07,0.276131338298663,2.15267365911684e-06,3678.99264186117,253.642162905069,12,14,0,530,556,1996.59511280985,6253.70522573201,144.419620774107,415.061198337355,,45611.2129372944,,3391.11750920914
IDH2,ZNF536,4095.82835241071,154.81065074402,0.001,3405.16309314369,0.979865060549552,0.72994933645701,0.0636353925182295,1.92632005341709,0.240590655603937,8.00662872205736,4047.60265298613,187.437863803762,9,9,2,441,461,2125.74133670617,7011.74560213107,74.3869223549049,279.087090126443,,127393.348841253,548.506426507625,11528.4383530897
KMT2C,KRAS,291.45754281633,8354.33943238899,174.232217397238,19230.2670314785,0.998884231579445,0.989014225488683,0.792778109790768,3.69323106633764,2.66032952438477,1.38826075209301,282.750745037964,8476.28103518811,16,121,4,789,930,177.178112928185,445.108442560126,6952.67436402017,9932.89391819385,,1181.41454328102,2426.90755918784,55003.1116597284
KMT2C,LAMA1,314.75511238327,170.829386789269,1726.30512656055,0.001,0.919398623414145,0.97091601282889,0.689163091580739,1.07192973607665,0.427561600715467,2.50707672130267,334.293583892371,168.42499936675,13,14,1,528,556,173.143221349997,518.188142498116,98.300190473315,272.455871898625,97.1534310278052,8023.21855498933,,2701.04935796902
KMT2C,LAMA2,339.035559692513,320.096255541911,0.001,0.001,0.822539876047564,0.784880507071965,0.645618284060681,1.43339887516761e-06,0.452791301196915,3.16569437482244e-06,334.293583893415,315.248248688875,14,16,0,526,556,190.993820081335,548.926843049263,187.745813372571,503.565969603395,,3378.27314658799,,2587.98315454162
KMT2C,LRP1B,321.86583482431,180.774784252591,672.54388578059,0.001,0.956997919491774,0.955044574436428,0.954976478427425,1.00432661413847,0.985675446609173,1.01892221987822,334.293583892417,178.116261967357,13,35,1,507,556,177.051153782473,529.919875368239,127.954196191257,246.461731783888,38.1744623145917,3019.57331473939,,1148.42359976349
KMT2C,LRP2,316.802442771889,325.640948738639,1183.72572788025,0.001,0.935550337731874,0.966988009621818,0.83969937794866,1.04124479064988,0.59358232872216,1.75417080372227,334.293583893585,320.968138533583,13,20,1,522,556,174.268468897118,521.565200477862,205.457509807492,485.48610512418,66.9316634886512,5396.89122629808,,3625.20579412215
KMT2C,LRRIQ1,313.053381056356,352.106465146364,2747.64389866593,0.001,0.807259232199984,0.967527429039389,0.496954437729554,1.18100283366539,0.30604217603026,3.85895450419428,334.293583893975,347.180737426314,13,10,1,532,556,172.208859937237,515.383293631632,182.828083952664,603.066369225858,153.216275395149,13314.5004823698,,7285.86185558667
KMT2C,MACF1,310.142859604016,1304.89457814281,2025.66225107379,2805.34806631555,0.911528199837265,0.995058144789591,0.269174549596346,2.16109255055863,0.589899711652439,3.66349145095348,347.134901071261,1322.43671526211,10,18,2,431,461,155.921340639844,541.784620707198,802.880676897498,1978.87183227832,,7962.69916729373,,25827.2786506391
KMT2C,MED12,280.640707340013,361.014452167728,522.276374363605,1450.31420728564,0.997462167668312,0.971299605896939,0.664490851472201,1.02101024194697,0.367210558804655,2.78044902976256,282.750745037415,372.914615771389,19,15,1,895,930,173.566710332134,424.303316788176,208.085237215894,574.696906070701,,5974.78938286882,,8880.52622281188
KMT2C,NF1,285.87627309188,318.914003355789,0.001,3655.06855720542,0.980606353729543,0.753807297283421,0.17457113077907,2.0061508473203,0.413704926128263,4.84923122887429,282.750745038241,355.116014628503,18,16,2,894,930,178.178769069663,430.109906069295,187.0568295548,501.690375714644,,5152.89567904225,596.942279249782,11845.5070693936
KMT2C,NRAS,286.782140798275,4556.00599218249,0.001,17617.4186332119,0.984627839703704,0.956290462386933,0.832587444580481,1.10707519729604,0.598415299327691,1.85001151965837,282.75074503592,4680.45591205256,19,27,1,883,930,178.744374142583,431.474373747166,3046.32112269826,6497.16245929497,,3376.75661195786,996.350816044286,80218.5195484852
KMT2C,PBRM1,288.964612545503,803.681001415263,0.001,0.001,0.649252014369091,0.671069757139032,0.435729835744877,1.87867249710691e-06,0.763014607810859,2.4621710749378e-06,282.750745036658,793.894769817265,20,33,0,877,930,180.102130916653,434.761789444777,559.705935785924,1109.97880858311,,1281.12328763207,,3909.37579624077
KMT2C,PEG3,288.765290405887,175.485079735177,5896.75377434648,0.001,0.436206582461544,0.932866316691397,0.0660534830197483,2.80028611009869,0.372026557916439,7.52711345604433,334.293583892968,173.098906702293,12,11,2,531,556,154.62876592994,484.323829476078,96.5331067043478,288.903539639212,952.185829215266,19820.9989122779,,3381.01557654313
KMT2C,PIK3CA,290.273642877739,1020.99888442389,0.001,0.001,0.593577130194732,0.586259858056847,0.34803385721724,2.29411337009794e-06,0.984492427983536,2.33024988805328e-06,282.750745038458,1008.20815978179,20,43,0,867,930,180.917247247569,436.733675485315,745.403785809062,1357.37049587309,,1061.44231901156,,3697.59107326687
KMT2C,PLEC,339.388546259839,245.206347474505,0.001,3293.13210703853,0.96392424435563,0.653313205839274,0.139169953235929,2.08593405831109,0.396407772809204,5.26209171815375,334.293583892933,282.790395642992,12,12,2,530,556,191.191442779822,549.501841476712,131.300969033806,411.275657345068,,6081.51213885875,532.159557708556,11021.4690833301
KMT2C,POLE,285.485582216702,303.198716333005,0.001,0.001,0.825883456762149,0.839661183244191,0.693472368022975,1.18774027684301e-06,0.339533392130121,3.49815453906175e-06,282.750745037007,299.668378362498,20,15,0,895,930,177.935779121474,429.522687943689,174.474901558901,483.547770915828,,2923.27256208134,,3365.81489205177
KMT2C,PREX2,261.866697354951,179.922266188935,1805.01106143605,0.001,0.921566652024271,0.983863027377559,0.596329121101169,1.06937226049304,0.339444885227416,3.15035608734123,276.703616491863,177.91189558243,15,14,1,732,762,150.690155872242,417.6328491088,103.535612774851,286.945125119287,101.850101990721,8300.07207891933,,3598.471719059
KMT2C,PTPRT,284.69653376452,106.729200933807,0.001,0.001,0.872627525690371,0.868777731330409,0.758125737201982,1.84398185478028e-06,0.279078537101084,6.60739401150141e-06,282.750745037002,105.480497371194,20,12,0,898,930,177.444389663708,428.332018628369,57.1519916196029,179.005800167776,,4107.92224541477,,1476.17862422059
KMT2C,RASA1,279.261554175184,329.733330994185,635.266633721029,4901.42280085674,0.997931211061726,0.842798993181798,0.0281231584515204,2.99473664151328,0.44321856892099,6.75679416772616,282.750745037497,377.226423264776,17,16,3,894,930,171.918729506109,423.211548789866,193.535929224583,518.040585713917,,7207.52267181203,642.734946274869,14834.1489044877
KMT2C,ROBO2,288.522010812376,224.643872864467,6593.11494043561,0.001,0.759929659562159,0.973285488407045,0.0582373321532251,2.13667664697693,0.259390166089835,8.23730783316177,334.293583892427,221.607065544529,12,7,2,535,556,154.496667116212,483.911689708793,107.940665155173,404.979013235126,1049.12824235997,23332.774545382,,6969.9670850694
KMT2C,ROS1,284.362592848484,201.804911629822,0.001,0.001,0.893263634696879,0.876706304907056,0.783134617592461,1.08217580149046e-06,0.249394143100059,4.33921898902125e-06,282.750745034937,199.397233908448,20,11,0,899,930,177.236269074696,427.828714064045,104.787472760706,345.626537958413,,4985.47717090222,,2978.07844316507
KMT2C,RYR1,322.981514720711,314.003867254106,1949.11711502846,0.001,0.87084409105447,0.959700348626689,0.644390223639152,1.1307816954464,0.417605930372806,2.7077721200868,347.134901072628,309.416932403032,11,13,1,436,461,167.70422918785,553.189961948114,176.88460608257,508.429090303639,109.483174694823,9141.36339309712,,5011.74045812714
KMT2C,SACS,316.612867047221,217.725428407871,1206.4386394099,0.001,0.992840615159561,0.995721908633091,0.8551357397401,0.95522978552208,0.535168399881567,1.78491440401465,334.293583894049,214.59802190562,13,18,1,524,556,174.160006188482,521.2389647612,133.907779792833,330.844782284697,68.1975503547019,5506.0962267311,,2741.79091730975
KMT2C,SF3B1,286.49826098349,789.351575874084,0.001,0.001,0.769860054196155,0.755946715280667,0.581991481185618,1.31582849621087e-06,0.534358166047255,2.46244668804127e-06,282.750745034937,779.739661412339,20,23,0,887,930,178.566523054241,431.045477638432,509.112710129845,1157.34313258741,,2116.44649213451,,5476.88116658603
KMT2C,SMAD4,287.310407156999,665.979596235671,0.001,2253.64138368005,0.984644678518218,0.967299625313175,0.883172930705202,0.956744887118712,0.586411896490563,1.63152366594955,282.750745038482,684.617138421703,19,25,1,885,930,179.072292587872,432.271907647847,437.847153533229,962.237993444436,,3027.4070882847,127.478603865748,10258.1187022905
KMT2C,SPHKAP,311.582308439109,249.657273330309,6214.67020631682,0.001,0.603335192162239,0.956598263784938,0.251140107798373,1.52142320041666,0.193022141392042,7.88211750965162,334.293583894182,246.216275406314,13,6,1,536,556,171.400617235265,512.955412701956,107.272066655584,482.838030298871,343.017958363328,31787.2607294513,,7498.89217123611
KMT2C,SPTA1,338.588678314108,149.114247978641,0.001,0.001,0.837574582859067,0.840887899338598,0.704324223705,1.68355386375059e-06,0.335842042703962,5.0129336106814e-06,334.293583892824,146.960144956505,14,12,0,530,556,190.741572820014,548.204073840232,79.847047427961,250.101544186547,,3751.35524310688,,1683.36096569186
KMT2C,SYNE1,347.340259736923,233.195102575857,0.001,1815.23160303385,0.969000956097938,0.668478225038041,0.179049626555439,3.00551696787841,0.952947871788542,3.15391539962988,334.293583892636,252.97997434104,11,31,3,511,556,195.659256540268,562.388952639446,160.421483587121,325.242868415535,,2918.27665328974,433.666614346179,5180.08712311721
KMT2C,SYNE2,291.429666410319,1002.38693681001,7386.88159649734,0.001,0.375413418361683,0.935704164557611,0.0467724818325025,3.03762864479709,0.348903167962854,8.70622259618029,347.134901069662,989.45168213749,10,10,2,439,461,146.024949223367,511.167014472031,536.753695550036,1681.24654684682,1184.03965706869,25412.8450423489,,21347.7806134643
KMT2C,TENM1,314.930664539812,324.141863260482,1638.43208505669,0.001,0.906734085577834,0.975709039476126,0.710323053409792,1.09178357159311,0.45752607185593,2.38627619004169,334.293583892873,319.592763285633,13,15,1,527,556,173.240457899908,518.476799288903,190.116832731393,509.936575060528,92.4160683733178,7546.05118634201,,4797.14468989848
KMT2C,TP53,244.172333310044,652.837894248738,765.355063023865,0.001,0.810517186409871,0.882542854302838,0.703113061017941,4.21901437181555,3.05232260875171,1.38223081653252,282.750745034784,646.062753218498,16,135,4,775,930,143.210360554312,384.134584221201,550.143511524203,767.650479194469,236.690997173924,1789.47960903078,,2160.44269939143
KMT2C,TTN,322.84539475629,626.560943599751,1970.39235350509,0.001,0.878069603197972,0.967581447726958,0.642936869262658,1.16383935373255,0.425635608584963,2.73435617288168,347.134901070645,617.519532485533,11,13,1,436,461,167.633770731685,552.955142188338,352.956907770546,1014.50916502862,110.681061986514,9238.77428512671,,10474.4167612743
KMT2C,XIRP2,314.98478805318,309.61899031145,1644.56265705246,0.001,0.829535014807996,0.944633658104905,0.687635051619742,1.22222102914585,0.509451182469452,2.39909351710875,334.293583892395,305.528421758573,13,18,1,524,556,173.265346801107,518.550334521689,190.432174495855,470.467492455546,92.8660402476331,7539.72004458735,,3911.00365858213
KMT2C,ZFHX3,293.773106967028,260.930362420221,526.081730117772,982.788555811383,0.997696531710617,0.973701851666243,0.688939111547014,1.02443513045057,0.390091642911113,2.62613964966176,296.157089383314,269.268228807059,17,15,1,768,801,176.441501800031,453.763731703342,150.406980294736,415.353437889504,,5932.12394707126,,6082.77944235048
KMT2C,ZNF521,338.957355054462,257.509054481133,0.001,0.001,0.825192492899607,0.810414576150419,0.668768793565707,1.4063066695099e-06,0.395446891927012,3.55624661166756e-06,334.293583892824,253.642162905767,14,14,0,528,556,190.94842169684,548.802857978714,145.066009645229,416.929915574511,,3464.0685800666,,2397.45362410998
KMT2C,ZNF536,292.299831091654,189.810105583212,5361.13819792279,0.001,0.830110721624714,0.980802706198106,0.0872525115531561,2.15655715609699,0.321604813539415,6.70561218398147,347.134901070515,187.437863803619,10,9,2,440,461,146.457405472124,512.688578164118,98.5563671379202,325.093471701461,859.838126722993,18447.7349224552,,5326.83963991559
KRAS,LAMA1,9544.31892277596,186.442720914776,15044.8558713271,0.001,0.928147692562061,0.849376751744083,0.802225600738394,1.87279470441664,2.29457988030434,0.816181960145245,9631.403546915,168.424999366904,84,13,2,457,556,7644.0463849769,11737.009961872,107.268679576032,297.417220381053,2447.62609359107,49370.7808482382,,464.902464039631
KRAS,LAMA2,9538.20851060284,348.40187864831,16181.2980797243,0.001,0.842580132254637,0.701844889648149,0.681008563761904,2.13970123022638,2.45866559870499,0.870269316556666,9631.40354500089,315.248248690203,84,14,2,456,556,7639.19744940189,11729.4896213486,204.31833277178,548.201364010562,2639.39374111977,52707.9087752852,,766.109783034324
KRAS,LRP1B,9383.47336832596,195.72933201247,16337.6510438338,0.001,0.833404351479128,0.74589815262048,0.703629642474597,4.87803345433177,5.55357323144154,0.878359436536247,9631.40354745759,178.116261967436,81,31,5,439,556,7483.1334977088,11582.2286695744,138.512703985783,266.913686874577,5757.08446013345,36316.1989401051,,292.137470923254
KRAS,LRP2,9235.20154039954,353.799841862263,29399.2107772813,0.001,0.676257688428187,0.809336641178872,0.549425559847028,4.69871727037966,3.20392471494936,1.46655046183066,9631.4035451723,320.968138534661,81,16,5,454,556,7365.27540132091,11398.564675088,223.187621457739,527.579995491925,10183.1037678518,67825.0957912044,,854.053684908845
KRAS,LRRIQ1,9612.81646246693,381.211346548791,11610.8363712058,0.001,0.984036750224348,0.832698829508109,0.719720499421438,1.0834921967256,1.70260979788739,0.636371409391635,9631.40354693512,347.180737423985,85,10,1,460,556,7709.44455294266,11807.190762813,197.922167556523,653.002045522761,652.077357382658,54507.3971443412,,1132.76776418145
KRAS,MACF1,9289.81256738895,1458.26460661853,22669.3528393374,0.001,0.866227230842924,0.900960883181499,0.849338120873643,3.65532243399708,3.11151660375927,1.1747719519095,9617.01186569923,1322.43671526029,68,16,4,373,461,7250.83781018782,11680.4848082967,908.642161004245,2194.81605428048,6836.16993232383,56074.4362961846,,3594.02012781371
KRAS,MED12,8554.23214158303,383.103347470709,1029.1812562195,253.020186289209,0.977823552815648,0.971965677709414,0.546470034167632,0.892252708377958,2.15466074313429,0.414103571163616,8476.28103671268,372.914615774655,124,15,1,790,930,7138.14089120303,10146.480026056,220.518320631587,610.766508381773,,24383.505189084,,1276.43171336631
KRAS,NF1,8501.70203191655,384.950003909641,6253.75625485706,0.001,0.95073623388471,0.875852688844602,0.456696220425739,0.961694906300246,2.42779792582333,0.396118184331222,8476.28103417403,355.116014628261,124,17,1,788,930,7090.44120346305,10088.8444146265,233.371190299936,591.258760687803,353.671381195627,28524.0005934185,,851.467173488829
KRAS,NRAS,8628.79868221921,5064.58571367282,0.001,0.001,0.117287496059634,0.112258694110737,0.0131926137418874,6.79947039281155e-07,3.82594873029382,1.77719851261294e-07,8476.28103354117,4680.4559127014,125,28,0,777,930,7201.8272026564,10233.1925916859,3412.20869237959,7179.41092015814,,7654.49750029464,,4273.13541945664
KRAS,PBRM1,8590.69982601434,863.086486799915,3247.16759251989,0.001,0.522926558944102,0.468057370699061,0.0698938875901661,0.926378477185813,4.4018833855643,0.210450481315297,8476.2810356888,793.894769799396,124,32,1,773,930,7164.63563956673,10194.9894049557,601.019236568529,1192.17871685437,184.371526340415,14554.4994600736,,1012.9901887977
KRAS,PEG3,9394.38841090382,191.448949620246,29421.6655258245,0.001,0.724062698824402,0.838736485073735,0.665762464407478,2.91364571493087,1.98666685017684,1.46660005660814,9631.40354592827,173.098906702096,83,10,3,460,556,7513.73267507394,11566.3080240204,105.30055461845,315.245115039966,7031.2010161559,84240.4419030569,,610.493380784451
KRAS,PIK3CA,8404.67265676714,1091.25498895988,11399.0015022877,0.001,0.904259222860425,0.705657729664552,0.496951714925297,4.01943563126964,5.71614123139017,0.703172904335695,8476.28103505242,1008.2081597591,121,39,4,766,930,6993.34275733912,9994.6004943802,796.623952560745,1450.95423269771,3498.07369990592,27107.300349632,,1491.50736661703
KRAS,PLEC,9538.09465672966,313.345483670191,15699.3700858364,0.001,0.934788544963211,0.880727501372676,0.848028582704074,1.82338503218527,2.14704754650693,0.849252283747403,9631.40354678254,282.790395642908,84,12,2,458,556,7639.04439762088,11729.3318776631,176.494360602491,507.44889255455,2548.48434767873,51873.4763440629,,835.104166923554
KRAS,POLE,8559.12641043788,324.085358723562,0.001,0.001,0.310352125505878,0.310532153416414,0.0964273080861394,3.59306551843191e-06,2.00072331121411,1.79588326796248e-06,8476.28103419676,299.668378361138,125,15,0,790,930,7143.8409526855,10150.4257768882,186.485193099946,516.893828793012,,14107.8550414039,,512.205542786704
KRAS,PREX2,9180.8704975321,194.392338638028,17351.3679489814,0.001,0.861893487082904,0.815252402537537,0.812152804687323,2.09284012918473,2.1975748338519,0.952340779001553,9260.30037701121,177.911895581811,110,13,2,637,762,7568.84790055355,11007.6081913545,111.854384965006,310.058361359656,2826.62297204513,56740.3247910531,,538.803687114723
KRAS,PTPRT,8522.26350616127,86.5971822535856,1029.99756083165,330.088018563585,1,1,0.690204772572624,2.61277812472081,1.58988584683586,1.643374667383,8476.28103833514,105.480497371031,122,9,3,796,930,7112.05468271816,10107.6716377578,41.6127385870401,156.103683269893,,54746.1570171859,73.9904945816188,878.935185059889
KRAS,RASA1,8502.31573914662,409.947785547092,6220.850639628,0.001,0.94871354884929,0.776091107854288,0.401523284562575,1.00894598611835,2.55248957936951,0.395279179305235,8476.28103233792,377.226423277896,124,18,1,787,930,7091.07887565239,10089.7309181418,252.115321915788,622.958039501907,351.803995541174,28301.0506277206,,813.724234639461
KRAS,ROBO2,9485.95331774892,245.049764001239,24944.0283488011,0.001,0.959479617523224,0.978589564274912,0.920391195894475,1.76084648856996,1.38311818141842,1.27309908309077,9631.40354657881,221.607065544857,84,7,2,463,556,7597.42683996165,11664.9719423169,117.733833302413,441.841161168633,3978.89929567605,87373.4521034245,,1073.56004193724
KRAS,ROS1,8455.85642138959,215.512843995796,11964.3388700494,0.001,0.963890585067607,0.885054679684165,0.830325213790269,1.07583155134201,1.47354941238809,0.730095334637253,8476.28103245286,199.397233907249,124,10,1,795,930,7052.46277538342,10034.4828965636,111.901280061703,369.127872818437,672.310785473729,56000.4020682241,,791.754029600065
KRAS,RYR1,9504.59469338238,343.19700481253,15737.6845819903,0.001,0.925492104884131,0.864923224657671,0.834161650784067,1.82653160032343,2.14047568504566,0.853329758933687,9617.01186568043,309.416932402192,70,12,2,377,461,7446.15677472835,11912.5535444783,193.296326423437,555.831921349071,2553.97078065754,52054.4015929654,,901.078906960424
KRAS,SACS,9590.33226981876,236.617986725994,11620.8695813293,0.001,0.977208202135922,0.865424331153327,0.649180426380481,1.87349704847021,2.9212861873141,0.641326090064716,9631.40354626088,214.598021905577,84,17,2,453,556,7680.73764225981,11793.8628195122,145.505588000737,359.623183421289,1901.75680397476,37476.9361853487,,489.360400249445
KRAS,SF3B1,8009.77553527167,841.362102939617,51001.0449649322,0.001,0.581533263756688,0.867660675229214,0.0323714028906692,7.7080695247994,3.03967679816447,2.53581878489646,8476.28103343185,779.739661376039,117,15,8,790,930,6643.63246952632,9551.72465763299,542.63113646483,1233.7240736212,22195.8828240794,104018.181692748,,2836.3382873073
KRAS,SMAD4,8016.49883224176,734.540902828009,47909.7032858933,0.001,0.509209751077725,0.833858947516509,0.0410091145734446,8.29402116222393,3.45057953090218,2.40366033819699,8476.28103614946,684.617138409799,117,18,8,787,930,6649.20788733542,9559.76188240721,487.129173591094,1054.29752081286,20999.0756379474,96257.034761937,,2311.57098204969
KRAS,SPHKAP,9575.03130837868,270.374618259105,17780.8025443549,0.001,0.965395442914845,0.949253860113259,0.947994917954943,1.00063340033032,1.06572830117828,0.938919797122787,9631.40354795386,246.216275404557,85,6,1,464,556,7679.38303691269,11760.7014106862,116.190719583605,523.076111894477,984.331431542586,88194.8129475307,,1330.32053724958
KRAS,SPTA1,9506.91341740346,161.641553526804,21007.7811512254,0.001,0.842500803607467,0.843063963167394,0.837799951933148,1.99371832435667,1.82412252287449,1.09297390901952,9631.40354612858,146.960144956742,84,10,2,460,556,7614.12735550802,11690.8646095375,86.5458374295955,271.151979304589,3394.10366908959,70538.3115166562,,517.289085401557
KRAS,SYNE1,9252.19810696502,278.235133059671,20570.4052961485,0.001,0.741906038086376,0.754729372469423,0.740883395362448,5.68243505750746,5.25898821691007,1.0805186897426,9631.40354671393,252.979974340132,80,28,6,442,556,7367.68544990808,11434.7098009328,194.810116142495,382.682400038206,8000.42499315889,43400.1352683091,,454.404300601172
KRAS,SYNE2,9613.43535013781,1093.46407243808,9561.44384108998,0.001,0.999979809377287,0.84676261510764,0.642142705177123,0.976070585956734,1.82332177420087,0.535325470121438,9617.01186523917,989.451682138876,71,11,1,378,461,7545.3052326667,12030.7735833001,585.436115124667,1834.36156529991,537.236773978725,44755.8215375464,,2883.72303259664
KRAS,TENM1,9437.41017140327,352.423537603026,21643.319347631,0.001,0.856096955902424,0.870315465614218,0.85485647848048,2.75222221642357,2.44366210741611,1.12626954768871,9631.40354624587,319.592763287125,83,13,3,457,556,7547.98417248257,11619.6373319082,206.675359568905,554.536535287657,5229.08242063976,60199.1348819524,,958.631735712028
KRAS,TP53,6672.54934193965,688.214614677676,32061.6194620225,0.001,0.219002042912118,0.608224393714416,0.000766350374868388,32.9359868982214,18.5047731715898,1.77986439459781,8476.28103622339,646.06275320838,92,106,33,699,930,5398.97877942466,8132.67666232616,579.8685070108,809.343346300451,21983.5218658599,45199.6847505492,,755.532001665777
KRAS,TTN,9341.58377463026,686.303508686116,28423.4513596887,0.001,0.585824502436533,0.704288268139033,0.577445157033414,3.08005729598204,2.14747861901649,1.43426680419881,9617.01186547911,617.519532479626,69,11,3,378,461,7305.13877852559,11726.3824010033,386.529706311672,1111.56503297167,6819.82282677223,80561.3784179747,,1770.57438134734
KRAS,XIRP2,9559.9266981307,334.742883935957,13628.1684734181,0.001,0.931428225699943,0.778722722103714,0.693570138932017,2.14765892682891,2.9099699892831,0.738034733945144,9631.40354713583,305.52842175615,84,17,2,453,556,7656.55502750206,11756.1859548733,205.859019519452,508.715721119931,2227.32213696658,44100.6230258347,,724.197191992191
KRAS,ZFHX3,8395.12161913949,292.453341090701,6507.61041633544,0.001,0.966527160699323,0.948350985606927,0.535644617048177,0.884733754206866,2.11941333485635,0.417442761001989,8372.67431203397,269.268228812908,106,15,1,679,801,6895.44854951821,10098.380510405,171.521679853303,460.118206481338,367.436294658048,29839.9647826509,,723.422692843509
KRAS,ZNF521,9520.05789735554,280.0279643194,18669.6734394656,0.001,0.807810889148171,0.743161247871313,0.742459815859347,2.11098625004051,2.13539149138916,0.988571069311149,9631.40354736461,253.642162905404,84,12,2,458,556,7624.66703272724,11707.0857770366,157.731641678128,453.471487617605,3032.29934569779,61620.1262522846,,713.113176609117
KRAS,ZNF536,9464.95087949198,207.162131102611,20387.8968986007,0.001,0.949210671204243,0.954413093837031,0.949198972033813,1.81262882808734,1.69502848507099,1.06937956739495,9617.01186585272,187.437863804065,70,9,2,380,461,7415.24298816331,11862.619394874,107.552815266749,354.885893644746,3281.81586346451,69208.8490922751,,742.730232375931
LAMA1,LAMA2,170.905044523282,320.290201523576,0.001,0.001,0.805162516089805,0.777647208975744,0.626161537096515,2.42795404890427e-06,0.517492345298894,4.69176804441799e-06,168.424999366951,315.248248689643,15,16,0,525,556,98.3438099769144,272.572990897471,187.857156290417,503.867882774835,,1536.45682787464,,2495.39442478585
LAMA1,LRP1B,174.484262042803,160.214548315,0.000999999999976353,1578.62905187069,0.93133081540348,0.803795647468159,0.057280915482559,4.0489842944968,1.09492480096606,3.69795650890758,168.424999367314,178.116261967304,11,32,4,509,556,100.399732442751,278.296749854667,110.90916704992,222.343173703977,,1498.27508799332,463.456597262397,4171.32220239136
LAMA1,LRP2,167.506261538622,267.857038387372,223.607001809498,4902.16319603191,0.999678760670502,0.692028500311245,0.00661631123522451,4.38322303518043,0.672240331395235,6.520321424457,168.424999366884,320.968138534479,11,17,4,524,556,94.8044898044902,269.455987246467,159.905952502274,415.948187902585,,3388.92702517476,1196.65931781962,13444.4760908838
LAMA1,LRRIQ1,158.837786591775,352.492815239062,1089.85573094482,0.001,0.945602515649313,0.980349680903359,0.60488981403111,1.04919020902191,0.344043661434691,3.04958447612927,168.42499936702,347.180737425098,14,10,1,531,556,89.4749457613273,257.162414005353,183.012054804612,603.67849665096,60.6101972241924,5342.53532131578,,7130.0823828479
LAMA1,MACF1,141.937214044136,1326.19520127589,963.310051153245,1035.75825037641,1,0.998786837248479,0.343715983521363,2.01568202651587,0.643568234599045,3.13204089038309,162.659402778452,1322.43671524642,10,18,2,431,461,71.157482290455,248.772879076836,821.541646635156,2002.54413044809,65.4633128794078,3421.23143828173,,22188.9653710172
LAMA1,MED12,170.827584579321,399.409043222211,0.001,0.001,0.810426742305168,0.849833374354718,0.688755062564229,1.39407392185003e-06,0.319996465346447,4.35652912709745e-06,168.424999366953,392.891718640416,15,10,0,531,556,98.2983319017663,272.455346333854,200.125585061488,700.58447382829,,1616.84881039061,,4812.89156731141
LAMA1,NF1,171.102274584572,393.077070681088,0.001,4951.12868848445,0.958923840975702,0.581022399364823,0.153021330978217,2.18134107922473,0.439022154463388,4.96863553934075,168.424999367097,453.058167589707,13,12,2,529,556,98.4569286963294,272.891402872417,210.482702293833,659.288412653252,,2728.53725342723,799.155362681804,16623.9884580447
LAMA1,NRAS,170.66627310211,4084.24789584154,0.001,0.000999999999976353,0.821220852948487,0.832776203849388,0.683909598682676,1.260648277403e-06,0.398513253602785,3.16337854765439e-06,168.424999366875,4034.32576335629,15,15,0,526,556,98.2070984066588,272.191921457948,2350.22434120682,6513.83249551851,,1688.69476615394,,43565.9454960721
LAMA1,PBRM1,172.826470870406,686.420454023709,0.001,2717.61984712551,0.882199001876951,0.769395102949175,0.743856338314658,1.07465051647298,0.578322401257561,1.85822045650688,168.424999366698,716.229234696972,14,17,1,524,556,99.4465886017049,275.650841547775,409.616868129583,1066.44443569264,,1364.01729891414,152.620931758155,12755.8479366241
LAMA1,PEG3,135.749226544415,175.411377001614,4237.85695765465,0.001,0.374555132663547,0.940801503206616,0.0065521475993678,4.03680188818311,0.427376239611961,9.44554590083985,168.424999366731,173.098906702429,12,10,3,531,556,72.6907164418301,227.682917720153,96.4924866144184,288.782199192046,1008.76342981624,12271.8588907318,,3867.8653994105
LAMA1,PIK3CA,173.054604580456,1040.523321186,0.001,3064.41572032829,0.96375921104675,0.923677621681748,0.902578900388365,1.1665402449888,0.82738506203493,1.40991214189887,168.424999366999,1067.18196097626,14,26,1,515,556,99.5788002472374,276.006854912779,690.041242005133,1493.41626182963,,1394.08837495513,172.419914368125,14255.3056621486
LAMA1,PLEC,171.11893781397,224.549537022766,0.001,5133.30327302089,0.944709578384355,0.306086845013397,0.0154014222767605,3.42051119628743,0.448740837686625,7.62246470350469,168.424999367038,282.790395643646,12,11,3,530,556,98.4666254329312,272.917531314262,116.595231820056,384.596486421951,,2863.39652125884,1222.35194314366,14798.5525135554
LAMA1,POLE,170.488601377753,308.270589645015,0.001,2504.44884183212,0.944828056995249,0.755350551090927,0.517745875928867,1.08072794519931,0.300906137638578,3.59157826982376,168.424999367365,337.970832775227,14,9,1,532,556,98.1039918933138,271.911880995065,148.124897671014,555.737730042555,,2983.05394704599,141.037038619433,11613.5752541648
LAMA1,PREX2,169.476416768459,130.171517606367,0.001,0.001,0.911802265368071,0.892836702578121,0.814096826741727,1.74723395190935e-06,0.249573891235063,7.00086833307298e-06,168.424999366423,128.33417010869,15,8,0,533,556,97.5230274189891,270.290569500504,59.4854133872677,242.313369548484,,3667.25753750745,,2248.29481549846
LAMA1,PTPRT,169.694383758271,106.236660325803,0.001,0.001,0.894539130653115,0.901281665137053,0.806240253292637,1.80679029688786e-06,0.228548158402909,7.90551238528317e-06,168.424999366951,104.663255866859,15,7,0,534,556,97.6479476851763,270.639866917741,45.6470897441394,205.463527849531,,3079.05338306709,,2008.05983557845
LAMA1,RASA1,170.484211687097,329.313844175707,0.001,2315.20673018854,0.981720718929701,0.841900329142029,0.589875533162832,1.13270341305517,0.365333012318058,3.10046827103882,168.424999367128,357.440733420618,14,10,1,531,556,98.1024876676373,271.904842624968,165.005233797882,577.625538611158,,3120.96064321822,129.76563605366,10944.6250414281
LAMA1,ROBO2,158.490561456743,224.960508252773,1369.22997456136,0.001,0.942546208233977,0.982094136616625,0.513150533185268,1.11456875251787,0.298401056479607,3.73513675074418,168.424999366524,221.607065545183,14,8,1,533,556,89.2851055852157,256.612705367487,108.087070696449,405.531287616459,76.1519211695892,6721.11046542584,,5662.53720114422
LAMA1,ROS1,157.95328802577,183.997236616864,2311.30658185089,0.001,0.915523067885333,0.98373954252036,0.340526798429441,1.08792993589227,0.183573303671188,5.926406041267,168.424999366914,181.372976807986,14,5,1,536,556,88.9821601405744,255.738795992692,73.1304385182108,372.853998391421,126.578896684976,12298.3798899881,,7001.52831641638
LAMA1,RYR1,164.802934387075,223.123211181738,0.001,8059.75955897475,0.993425365447558,0.814480575858338,0.00124969829063729,4.19779085995785,0.447173008156927,9.3873976814019,162.659402778367,309.416932403194,8,10,4,439,461,88.2465441252662,276.42095574342,111.796439642319,391.370534080789,,4976.10400992297,2279.28243879714,23230.2850791823
LAMA1,SACS,171.712776278639,182.767541447555,0.001,2723.45995299026,0.965861378183283,0.552924951468601,0.043989569295606,3.24177631869783,0.598546624739425,5.41607985862274,168.424999367236,214.598021905122,12,16,3,525,556,98.8079778937781,273.865326152388,107.197899476908,287.527042384392,,2508.85595834282,647.528759676432,7877.73417839996
LAMA1,SF3B1,170.75960185894,752.968706415506,0.001,4091.79333066906,0.986813219426496,0.939267375486602,0.701635673973241,1.10100510326683,0.445592234555607,2.47088036523992,168.424999367046,799.861713331932,14,13,1,528,556,98.2608987834791,272.343044251855,414.227618259039,1239.71225495648,,2751.01980112727,229.795560425158,19188.8417994636
LAMA1,SMAD4,172.479019193809,966.830291614805,0.001,0.001,0.702251158086929,0.729967751487373,0.512667336438479,2.21757131316051e-06,0.615998471409497,3.59996236368311e-06,168.424999366833,952.26112737426,15,21,0,520,556,99.2479911386402,275.09225824119,610.015227119091,1441.38467493466,,941.077860969631,,5979.18988400773
LAMA1,SPHKAP,146.482459420172,249.608826238676,6125.90738994493,0.001,0.44126466863243,0.955764835884511,0.0200255213874783,2.67161862231853,0.214514642271014,12.4542483162677,168.424999366886,246.216275405772,13,5,2,536,556,80.5790617784354,241.155170950986,107.251326769382,482.745031202647,941.820749626344,24681.1581793398,,8247.50222176899
LAMA1,SPTA1,170.569322115555,136.558539877095,0.001,867.345601940744,0.986960438499557,0.88208726775684,0.632887308088562,1.06177437661814,0.371614220241399,2.85719522769719,168.424999366998,146.960144956509,14,11,1,530,556,98.1511771516355,272.037768490979,70.9072643836282,233.887534431288,,2985.4896456348,48.8020388248529,4034.58169072017
LAMA1,SYNE1,175.747319142228,225.409183775409,0.001,2607.32613865487,0.880592913008108,0.255156640323034,0.0312784903449768,4.48633462476196,1.07728842993655,4.16446932881867,168.424999367068,252.979974340923,11,30,4,511,556,101.125082181819,280.318074359324,154.049791248039,316.014643852954,,1196.78421714743,765.352587793506,6846.824714163
LAMA1,SYNE2,136.763673939102,1002.93030122345,3005.87987406986,0.001,0.464751461682035,0.93153081458244,0.0614613897358956,2.76955934897063,0.367333867021284,7.53962429717964,162.659402778539,989.451682134754,10,10,2,439,461,68.5265861390214,239.887575612624,537.043049518671,1682.16673552592,478.39240906217,10580.5422037022,,20457.9570839164
LAMA1,TENM1,170.91909582501,283.424913536107,0.001,2872.13923388212,0.992475066709673,0.96791439916808,0.225275355907276,2.09885451272973,0.5151489099953,4.07426759914698,168.424999366679,319.592763285856,13,14,2,527,556,98.3515204800199,272.597443669677,159.660738504376,458.89023680073,,3133.42512608306,461.638947390957,9785.13912775574
LAMA1,TP53,159.888730803563,769.204263140626,259.094899248717,0.001,0.936251985746625,0.890293215574888,0.824729204420641,2.17284181009639,2.72517237844341,0.797322704165044,168.424999367213,758.023841543718,13,94,2,447,556,87.9435264055351,263.264637058003,625.212678526555,933.860000974438,42.9359811259824,807.006527168853,,2215.35783234046
LAMA1,TTN,151.528862818748,626.513251967972,825.688571916325,0.001,0.968154669401901,0.992385389727546,0.707959706500585,1.13302634325796,0.465358824461558,2.43473698939507,162.659402778328,617.519532479199,11,13,1,436,461,78.6783309797356,259.536816000867,352.909531408364,1014.37646238255,46.286317365166,3905.95811964879,,11035.9300900017
LAMA1,XIRP2,136.417711216349,309.190762698045,2667.90199631165,0.001,0.488799206525986,0.93436725360286,0.0220552885542278,3.74398699730322,0.553872473811561,6.75965528948998,168.424999367367,305.528421759933,12,16,3,525,556,73.0489136460608,228.809012532008,190.182198252882,469.847841590205,643.736535822496,7483.07572728795,,5145.1426021626
LAMA1,ZFHX3,165.092629633816,237.891621966942,0.001,7639.20045589294,0.946255729545791,0.320139558769492,0.00744504279644716,3.28906323608663,0.351389071034214,9.36017510848077,162.65940277827,323.739257244534,9,8,3,441,461,88.4004758509557,276.909734823922,108.708176046177,442.848496825453,,3532.87868164737,1782.68047402103,23253.8330144313
LAMA1,ZNF521,170.756886590051,257.413767401413,0.001,0.001,0.815430215227176,0.814700469295081,0.664355447832978,2.26974542079893e-06,0.447139482665265,5.07614627827015e-06,168.424999366683,253.642162904754,15,14,0,527,556,98.258645417242,272.338691944006,145.012206142482,416.775002814182,,1643.09692563108,,2461.59007708569
LAMA1,ZNF536,164.835086847242,172.704462407598,0.001,1262.67268233053,0.977868608824561,0.926607634671882,0.579590328323268,1.09319103943362,0.340637686164499,3.20924866459344,162.659402778488,187.437863803781,11,10,1,439,461,88.2635696629595,276.47596124926,86.5350562767833,302.92782154436,,3480.0048731432,70.6900586756922,6008.46139616968
LAMA2,LRP1B,326.318011040391,159.989979215812,0.001,1734.41530277237,0.910518400429349,0.479227679576017,0.0385083227193053,4.644055266161,1.17072599143709,3.9668165737572,315.248248689971,178.116261967836,12,32,4,508,556,191.389601275515,513.37360988006,110.755224175777,222.027769540164,,2653.1347579877,516.137948445523,4430.8420440362
LAMA2,LRP2,321.872334412601,278.309005723819,0.001,3763.18528580832,0.926833055356822,0.511970438311602,0.0514364809264103,3.52364982443865,0.708469656616335,4.97360725548596,315.248248689071,320.968138535249,13,18,3,522,556,188.785995427207,506.367645767355,168.718956837389,427.423645471135,,3918.62118868071,904.989898975474,10587.8934868095
LAMA2,LRRIQ1,318.310930928173,319.794150333549,0.001,2382.65331596834,0.98552450267092,0.928522323266334,0.571335917986445,1.22040761028092,0.371823726593213,3.28222091006065,315.248248688879,347.180737425503,15,10,1,530,556,186.699251840351,500.751334870899,160.23619075654,560.914299577564,,7312.82169883188,134.41258554142,10964.8424781466
LAMA2,MACF1,265.81909888084,1201.40810583192,0.001,13136.9105653418,0.94650989193175,0.627865763402198,0.185705384475048,2.42455564255225,0.579976454673243,4.18043805574527,259.236831812182,1322.43671523712,9,18,2,432,461,138.021679653741,455.296707029492,728.306607865079,1845.19013599823,,3643.62961720907,2105.73834446433,45133.9078363706
LAMA2,MED12,319.75802521779,398.657447793508,0.001,0.001,0.798271872750287,0.865916090346336,0.691258830754493,9.90586380352019e-07,0.337696752531621,2.93336069395356e-06,315.248248690862,392.891718641502,16,10,0,530,556,187.546267956388,503.03780271846,199.750628668217,699.257368871987,,2817.87349510173,,5400.91392833211
LAMA2,NF1,320.950320976319,393.111490889076,0.001,5206.53069249683,0.880222486228079,0.400377212877796,0.129907541197667,2.43675593641725,0.468049417078252,5.20619372122805,315.248248690602,453.058167591327,14,12,2,528,556,188.244163206479,504.919449402631,210.500831619602,659.34595248961,,3669.0012979886,846.017832276894,17153.1020039367
LAMA2,NRAS,319.504986718708,4088.34366864404,0.001,0.001,0.808044776738745,0.820399170556056,0.662937503180085,7.43304907801796e-07,0.424455341283742,1.75119697057813e-06,315.248248689643,4034.32576374708,16,15,0,525,556,187.40098411332,502.629221410586,2352.58651081229,6520.38186490791,,2919.80167677229,,40156.633280857
LAMA2,PBRM1,323.285656102916,685.625548917201,0.001,2947.58244982333,0.852002945225481,0.705422594633153,0.687864389646664,1.23196695732954,0.614716451466266,2.00412231426532,315.248248689602,716.229234692503,15,17,1,523,556,189.616863281302,508.613096150224,409.149381793922,1065.20283811649,,2380.15079360441,166.247653942298,13588.4638927736
LAMA2,PEG3,298.179478541802,175.393091770904,2196.1625610522,0.001,0.862219695741422,0.97033252125538,0.563369331766549,1.47218407237797,0.455853400691003,3.22951209785068,315.248248688516,173.09890670213,15,12,1,528,556,171.585228766883,475.550253243319,96.4830872611441,288.748879451011,123.376467483486,10292.2508235069,,3349.63654574923
LAMA2,PIK3CA,324.294036424818,1000.3531359563,0.001,6324.28335896349,0.891419681781174,0.646331858416589,0.377618163297452,2.38957655085914,0.872618893973368,2.73839652953019,315.248248689272,1067.18196097906,14,25,2,515,556,190.203618262614,510.185313230156,657.653549048357,1445.43272656401,,2595.36324481092,1028.72465535714,20770.7574526494
LAMA2,PLEC,321.270026577473,245.529923748551,0.001,3049.2102360106,0.881830983044719,0.410390515355643,0.14450777957272,2.33285193727026,0.474006905039684,4.92155686439832,315.248248688906,282.790395643986,14,12,2,528,556,188.430753602734,505.424468034052,131.473731420358,411.820392040544,,3550.27848533424,494.864457661937,10083.0331744571
LAMA2,POLE,319.039429362347,308.170577782555,0.001,2561.13589326042,0.937081401912849,0.713857901486025,0.503484270202547,1.16884506721167,0.318543379802885,3.66934345938989,315.248248688879,337.97083277448,15,9,1,531,556,187.125949083065,501.901871990572,148.076765918741,555.554072918907,,5296.54358434762,144.47695213799,11790.5106574156
LAMA2,PREX2,297.114881586581,129.99510320907,3560.27641384752,0.001,0.89604990960015,0.989533992064259,0.396328955411414,1.32504890056619,0.267237633777175,4.95831699240023,315.248248689246,128.334170108514,15,7,1,533,556,170.972964718215,473.848558658739,59.4049168627447,241.983074747062,198.402936803059,17324.4271570731,,4196.00906139926
LAMA2,PTPRT,317.318253073271,90.9387943934767,0.001,1086.09197682998,0.982661983529381,0.863073244499594,0.406114841985996,1.19562773798947,0.241563109580225,4.94954606300262,315.248248691114,104.663255867085,15,6,1,534,556,186.119322029784,499.185441252047,36.1440555409039,184.280112484389,,10360.8603445732,61.2018662885644,5022.44126107751
LAMA2,RASA1,319.734564360078,362.477598993253,0.001,0.001,0.799182288175793,0.858914265624093,0.686451964956615,1.18111713050175e-06,0.385244685453919,3.06588818768541e-06,315.248248690257,357.440733421039,16,11,0,529,556,187.532916759983,502.999288426453,188.212543987506,620.834989294953,,2824.16057611866,,4651.41137857312
LAMA2,ROBO2,318.193771535331,224.783515048957,0.001,0.001,0.862574862140399,0.88047668331372,0.759487937871379,1.25228284712114e-06,0.31842240288374,3.93277242989202e-06,315.248248691731,221.607065544354,16,9,0,531,556,186.634796576998,500.57251163089,108.008544607156,405.228371171456,,4291.07421330635,,3446.65843159935
LAMA2,ROS1,296.722724877011,183.732564108591,4670.35890366758,0.001,0.933776579845512,0.994607851244496,0.32261060140895,1.22615630408647,0.196474615247978,6.24078740420941,315.248248691114,181.372976808706,15,5,1,535,556,170.746509782834,473.22140840872,73.0259264074791,372.317678208561,254.800351478681,25344.3732725356,,7896.31733852435
LAMA2,RYR1,263.433729816873,267.742499979806,0.001,4328.34651317407,0.973703130898103,0.693811473126986,0.104978882608136,2.39001076962382,0.407001114781188,5.87224624902744,259.236831811739,309.41693240308,9,12,2,438,461,136.78492992128,451.198409175935,143.366815567611,449.081408529995,,5890.69376150994,692.162608151177,14985.2260706674
LAMA2,SACS,322.492693742832,206.025014967738,0.001,846.553899105175,0.896586007019446,0.778810517733952,0.740078297381991,1.2252875275304,0.637557819636728,1.9218453445188,315.248248688879,214.598021906024,15,18,1,522,556,189.143918650108,507.333423772191,124.898162521274,316.411427168993,,2752.07489335329,47.7412875021792,3901.42976070165
LAMA2,SF3B1,319.774761304085,752.668311769175,0.001,4309.99528929959,0.949448698230756,0.838396487835125,0.654981862927313,1.22529805498657,0.471922663381288,2.59639587174603,315.248248689835,799.861713337263,15,13,1,527,556,187.563421004797,503.070470237599,414.038757675479,1239.13196375037,,4503.14979062828,242.964365870652,19893.4085103309
LAMA2,SMAD4,322.280702879025,919.581248078248,0.001,3226.88169778838,0.950280540438565,0.889025293755949,0.839145514986754,1.08471086061416,0.649482942051046,1.67011447165752,315.248248691933,952.261127371969,15,20,1,520,556,189.024941949075,507.008310861111,573.139251357564,1383.59834890638,,2979.39436942264,182.096173432787,14830.4822310216
LAMA2,SPHKAP,316.753578317315,249.736955163334,0.001,0.001,0.927273354505798,0.905625764139816,0.839766494557488,8.4773348246964e-07,0.230012831136906,3.68559213970572e-06,315.248248688984,246.216275404926,16,7,0,533,556,185.788593649313,498.293172627827,107.306681673103,482.990932091336,,8558.56393142628,,4904.9162438058
LAMA2,SPTA1,319.39319294891,136.556214535367,0.001,893.258031387332,0.952089008310018,0.809697283703654,0.602466064829581,1.16289306034936,0.395621580053734,2.93940755251877,315.248248689331,146.960144956464,15,11,1,529,556,187.333734115544,502.458189709491,70.9060928031474,233.883427222986,,4984.58577346819,50.3874426263965,4113.01436595931
LAMA2,SYNE1,329.077990559613,217.806766894585,0.001,3487.16810923698,0.781807803544565,0.0991370157455558,0.0036028146729596,5.85844574283815,1.13540584327585,5.15978121614689,315.248248691234,252.979974340737,11,29,5,511,556,193.001384334525,517.738543335379,147.826529470752,307.023148943054,,1869.4643309451,1181.96584038364,8455.41213956981
LAMA2,SYNE2,237.871359013324,1000.86532729029,2517.28935786916,0.001,0.763542498121508,0.959296258883135,0.430635215781588,1.49065429661251,0.33685530116181,4.42520658416616,259.236831811755,989.451682119798,10,11,1,439,461,119.189087117191,417.224784152356,535.942302407262,1678.68011660209,140.590269405736,12108.4449721814,,22848.5084828923
LAMA2,TENM1,320.102794410039,283.187682777417,0.001,3113.21635317147,0.948335000878901,0.714205526541001,0.186491039936018,2.42462688352462,0.555197819378321,4.36714050181173,315.24824868888,319.592763286727,14,14,2,526,556,187.749714576919,503.575795869077,159.531053754741,458.50840620682,,4927.66926874114,505.661339878002,10268.7018735664
LAMA2,TP53,192.717716870871,764.995792870858,1687.63412343917,0.001,0.824226282172393,0.976729662774737,0.0318664051685996,7.64789428163598,2.89880395931566,2.63829303015078,315.248248689263,758.023841540371,9,89,7,451,556,92.5954203403391,347.457750981435,621.808946581995,928.713978153468,718.885480790395,3312.14805105181,,4719.46795848677
LAMA2,TTN,263.492666495262,579.802276598299,0.001,3963.14896970674,0.972136065117251,0.89349872970519,0.599007414453288,1.25256934171385,0.424468320535146,2.95091360442324,259.236831812013,617.519532486231,10,13,1,437,461,136.816903097718,451.304243340797,318.936100669974,954.559458719334,,4920.5697204579,221.630315310772,18955.6533259231
LAMA2,XIRP2,279.147408628293,309.382166962409,3217.98405818537,0.001,0.657266816391477,0.949486066639228,0.172023654151285,2.72354682494266,0.591911352787825,4.60127485664046,315.248248688877,305.52842175685,14,17,2,523,556,157.256912779752,451.958949542751,190.285104531968,470.100495035066,523.34661025805,10569.6304860714,,4773.39002831301
LAMA2,ZFHX3,263.767768496747,297.256724002446,0.001,2809.06240228097,0.935307408238458,0.647496704466458,0.454044648256067,1.28902034510836,0.31938821096631,4.03590458523322,259.23683181157,323.739257244504,10,10,1,440,461,136.957205003707,451.775864159124,148.942070599838,521.402119869455,,4309.67283173054,157.230506136754,13365.9115807806
LAMA2,ZNF521,319.094757982343,220.078871526626,0.001,2876.07528848063,0.971499279774029,0.788008401884887,0.146157248895046,2.43156758915093,0.478172702342481,5.08512421817289,315.248248688557,253.642162906311,14,12,2,528,556,187.159705652399,501.988329919549,117.847892675316,369.121186363899,,6513.36785699265,467.466527437593,9467.04344644597
LAMA2,ZNF536,262.685954637248,172.300617281805,0.001,1526.72048549028,0.96988561478371,0.857502326324348,0.498735740982803,1.19006180312404,0.311671158735249,3.81832508324888,259.236831811269,187.437863803516,10,10,1,440,461,136.397744633673,449.912771572212,86.3334293112064,302.217009217942,,5953.31694632498,85.556342094805,7235.79790323542
LRP1B,LRP2,181.61117185647,269.154776112446,0.001,1736.0707767813,0.943153896444195,0.900361948808852,0.190738925290913,3.91803867942222,1.52110831689348,2.57577888169327,178.116261967172,320.96813853392,32,17,4,503,556,128.544684799907,247.60588740666,160.612542243486,418.180306304247,,1240.99277921335,529.725324567381,4179.51880490444
LRP1B,LRRIQ1,169.719073261254,360.199024528633,1096.61251287662,0.001,0.783564215949077,0.927737331417989,0.39151911268703,2.17481009924051,0.791195139678873,2.7487657471243,178.116261967406,347.180737423519,34,9,2,511,556,118.86358185517,233.361838108967,187.025125269269,616.953865557241,174.184759848787,3896.53906912256,,3284.21836455308
LRP1B,MACF1,117.53480444278,1324.56828733785,1630.52117642332,1177.76790645795,1,1,0.00290711853688666,5.79522418394864,1.21776662722501,4.75889555058223,148.37881964794,1322.4367152476,19,14,6,422,461,72.3091778982237,178.538758012312,814.62962420114,2007.98170222003,548.159148978536,3844.34273626409,,16917.4854574627
LRP1B,MED12,180.201242968148,367.354870515275,0.001,1035.27220780912,0.955432934831367,0.925123730358414,0.913772152332538,0.97001081337079,0.730122035711766,1.32855983784295,178.116261967001,392.891718642828,35,9,1,511,556,127.547313940256,245.675130719746,176.506566282112,662.288290372581,,1462.78522711666,58.7371429490535,4653.77166764856
LRP1B,NF1,180.56768947869,334.019548818453,0.001,4028.6321468386,0.885137628437948,0.354236299752742,0.0342282187946403,4.17683387282033,0.998669569918355,4.18239826128055,178.116261967469,453.058167589897,32,10,4,510,556,127.808304565569,246.177790966948,167.361143216919,585.89685122313,,1528.02070880083,1228.98434113363,9702.88429909967
LRP1B,NRAS,180.160584377812,3593.77010796519,0.001,19476.7804782303,0.977317772139802,0.894774458216501,0.511441789150043,2.28846425037161,0.965831269081844,2.3694244777839,178.116261967534,4034.32576352075,34,13,2,507,556,127.521832428091,245.619223078681,1976.87919170539,5916.61343610554,,1748.45123375466,3209.54302039274,61578.1526525929
LRP1B,PBRM1,181.197439003643,533.32884946966,0.001,6158.68734040252,0.914072100420278,0.335662354228395,0.0184414212437296,5.16323143098946,1.30836107915281,3.94633523823007,178.116261967739,716.229234692046,31,13,5,507,556,128.255029751536,247.039556173405,293.373620400015,878.089870470431,,1375.03971443766,2160.90529356032,13804.5843149933
LRP1B,PEG3,164.569177500693,179.3936881916,1769.07276933745,0.001,0.418514294053876,0.87270785012561,0.0800196439235183,3.84440092222444,0.957312048731222,4.01582840968066,178.116261967432,173.098906702755,33,10,3,510,556,114.605522846387,227.303639393699,98.6812872220961,295.352069780674,421.666507566077,5108.50136078023,,1468.21537551333
LRP1B,PIK3CA,182.344065290269,938.794512103723,4.9694964218925,4914.11534632793,0.983730015290461,0.805928993397121,0.294324588554708,4.24789509261959,1.92231217700981,2.20978420852916,178.116261966978,1067.18196097937,32,23,4,497,556,129.035740532694,248.655162829824,605.446620564035,1376.53993910015,,1045.04864444193,1483.03772678893,11839.0435791631
LRP1B,PLEC,180.819913647944,208.822407917049,0.001,2385.10987550733,0.854378920645853,0.34585498921822,0.0396943264347233,4.04620741724486,1.0162585387688,3.9814744603739,178.116261967625,282.790395643096,32,10,4,510,556,127.985125084035,246.525989338399,104.629814206057,366.295614941477,,1357.61276136125,727.482340921033,5746.57980209888
LRP1B,POLE,179.443870868859,209.198142909299,0.001,4226.80152569671,0.964482667068331,0.460600180623758,0.00918655076090146,4.1072306270811,0.697539212942869,5.88817166242594,178.116261967583,337.970832776021,32,6,4,514,556,127.015458608868,244.639839697297,83.1481777930531,423.944344468843,,3075.79210816249,1291.62462990604,10143.5689021425
LRP1B,PREX2,174.287026145619,132.786341988265,758.439164348894,0.001,0.926558462556032,0.970730613235702,0.777660106140343,1.13524158820647,0.569614986313296,1.99299810483229,178.116261967449,128.33417010907,35,7,1,513,556,122.727203951128,238.60051222746,60.6792373623188,247.186472025192,42.327215266572,3667.01427111017,,1588.08901087305
LRP1B,PTPRT,179.328566555409,93.0554320224862,0.001,413.589198046807,0.984757401391304,0.960786778817012,0.79796996204901,1.0107086589191,0.510999272258157,1.97790625895155,178.116261967477,104.663255866978,35,6,1,514,556,126.932994730152,244.483272525336,36.9843814280043,188.574866405724,,2562.82433023141,23.4709582298451,1858.73106374732
LRP1B,RASA1,180.633975710724,371.367233729127,0.001,0.001,0.610305804899507,0.659593044963961,0.402639812449219,3.59198576814837e-06,0.812728166157804,4.41966443113395e-06,178.11626196751,357.440733420327,36,11,0,509,556,127.854219507636,246.2709786623,192.820364135075,636.090894291519,,717.135219837901,,1697.23642644581
LRP1B,ROBO2,165.121274910388,224.808947629544,2089.34968295466,131.363801543721,0.850369272339515,0.999633128456049,0.0571385390062495,3.14047451564593,0.665240810637893,4.72080856349531,178.116261967569,221.607065544837,33,6,3,514,556,114.994976283506,228.050675475268,105.743723445453,408.930794215406,412.884261079384,6701.20209020396,,3558.39657257589
LRP1B,ROS1,168.827728151423,187.971606629748,2568.64132906224,0.001,0.675060866338357,0.942658368750886,0.115306006802938,2.25388632184711,0.423733007735976,5.31911906955214,178.11626196778,181.372976810734,34,4,2,516,556,118.240806561546,232.130987031499,74.7088216139328,380.918725106307,390.260741899836,11004.5278612496,,3081.05913450004
LRP1B,RYR1,113.855573683504,318.085263739151,3140.45740965319,0.001,0.358775008810506,0.928991591538449,0.000190720235817786,6.17522648038766,0.869085422693074,7.1054309727716,148.378819647944,309.416932403194,19,8,6,428,461,70.0232803273204,173.01500314802,179.156773028498,514.985109145746,1113.34872843827,8170.82371444361,,3756.9268652889
LRP1B,SACS,180.972008549616,162.952891729674,0.001,1777.38115136851,0.979947659035954,0.546608080912538,0.0235634908773082,5.22856828421981,1.37356842307793,3.80655830199088,178.116261967417,214.598021905896,31,14,5,506,556,128.094683964115,246.727082793582,91.7952254617122,263.842950545937,,1610.486897647,624.448817394145,3974.18135700593
LRP1B,SF3B1,174.757449351814,713.296211757544,463.147825739748,3287.21506923639,0.997626355420987,0.990519433361496,0.205526141165554,3.11027454423731,1.0146900165885,3.06524602922022,178.116261966718,799.86171333175,33,11,3,509,556,122.479831906196,239.939936243968,373.840686613107,1209.22594829748,,2553.09327888063,,11669.3836258448
LRP1B,SMAD4,180.718442335178,901.916825840062,53.9149193744562,2344.5558649443,0.988419252561066,0.950413251080016,0.882518026611888,1.98824306478054,1.44566391683573,1.37531485819499,178.116261967336,952.261127388902,34,19,2,501,556,127.623848701421,246.757792810699,554.807066662851,1370.07931302494,,1052.232986188,166.683876941609,7973.27082533818
LRP1B,SPHKAP,163.733766029934,255.484043492423,4541.90151902972,0.001,0.263537970007525,0.905396323309466,0.00913065560991518,3.72968981919046,0.489777974876248,7.61506235582121,178.116261967752,246.216275405221,33,4,3,516,556,114.023055954929,226.144356356487,109.774204022656,494.136203775074,1004.58128967163,17103.1113762874,,3466.23907352651
LRP1B,SPTA1,180.375321813023,139.809232748119,0.001,334.941885618558,0.974029476653564,0.968339363662772,0.964199656394176,0.984968010586459,0.855452989108012,1.15139934412234,178.116261967477,146.960144956488,35,11,1,509,556,127.671816383811,245.915339492937,72.5931048988374,239.465315826597,,1370.6713798958,19.0146797471417,1502.93948487936
LRP1B,SYNE1,184.986565010698,214.944258465853,0.001,1356.60675930729,0.803010647504274,0.336744904760648,0.0755179508614297,6.02727087644284,2.42295673578058,2.48756850976173,178.116261967609,252.979974339203,30,28,6,492,556,130.927329564085,252.221644974139,144.815937664783,304.743198846869,,675.115029089195,526.065969834633,2877.13079376559
LRP1B,SYNE2,131.686749946197,1017.50097484968,2004.65033188704,0.001,0.417115727123665,0.889737975344591,0.0385302438948577,3.80380560391546,0.725126272663423,5.24571477729513,148.378819647969,989.451682126222,22,9,3,427,461,84.0342031203493,194.654522540605,544.836701981631,1706.64871978409,470.916655218366,6034.64097757449,,11009.073726579
LRP1B,TENM1,158.925764396457,314.152837006354,1746.05730308023,487.447590884807,0.716127921282126,0.998321315320792,0.0106555344990935,5.22708694688366,1.16796863041271,4.4753658709452,178.116261967683,319.592763286872,31,11,5,509,556,109.401573154353,221.483188289022,178.238699460422,503.125899685568,440.534224080253,4536.97940486584,,3913.10098786099
LRP1B,TP53,123.400457644319,777.708410021659,793.666639041842,0.001,0.469530471134868,0.843654315832805,0.0114539060981518,13.7853931847367,6.41959087956513,2.1473943501008,178.116261967278,758.023841535812,23,83,13,437,556,79.5767327829137,180.965830354994,632.11654096746,944.219054970289,431.234546241381,1331.10175389602,,2090.27304633415
LRP1B,TTN,145.048725581999,584.802430104668,374.619921169706,1781.95228587146,0.991980306449956,0.987076373469534,0.475861709264246,2.24146490501259,0.890272437256997,2.5177291930083,148.378819648053,617.519532486131,23,12,2,424,461,94.0373377931565,211.612194452687,315.982213913557,971.830880589587,,2178.07436661989,,8808.42524316057
LRP1B,XIRP2,160.263720023181,315.739594375416,1546.81205678266,0.001,0.420275828139517,0.863760912375302,0.0519124388831368,4.78131589352707,1.2967691563429,3.68709871771716,178.116261967217,305.528421758707,32,15,4,505,556,110.944038184591,222.408889401949,194.189786327788,479.785076397841,462.694576106729,3900.55223894809,,2131.07274981359
LRP1B,ZFHX3,149.963286546624,181.082914630612,0.001,5408.02196206104,0.92056813607136,0.358340470922287,0.000745872942032086,4.86912750720333,0.674605761599501,7.21773780238483,148.378819647845,323.739257245337,20,6,5,430,461,98.5900482348176,216.712175010661,71.9956472629962,367.103557758282,,2346.60336871575,1869.4412427691,12507.547077383
LRP1B,ZNF521,173.37342549736,211.122905969938,648.342942225099,1556.55847265166,0.984834918148281,0.9324597487588,0.0368528723983285,4.29080398717123,1.01085139755559,4.24474259772219,178.116261967019,253.642162905667,32,10,4,510,556,121.208354096057,238.434288740515,107.01041938642,365.50837598226,,3330.85819373172,,4712.28747232982
LRP1B,ZNF536,149.882659378957,139.991934183003,0.001,1887.30770977213,0.979152637523627,0.88452100177558,0.0652838969263152,3.12679843039801,0.669535173952894,4.67010330754931,148.378819647934,187.437863803897,22,8,3,428,461,98.532382923865,216.579249983773,63.971340549345,260.604581726063,,2553.33127314977,459.630413992268,5138.11622625755
LRP2,LRRIQ1,293.045255822344,354.911616460873,3314.85968666666,0.001,0.736505273269563,0.94181666249238,0.18230453593085,2.12231375249732,0.47316275480125,4.48537787677051,320.96813853355,347.180737425218,19,9,2,526,556,180.232034645828,445.293579447019,184.282328772449,607.882954260512,523.034105833039,12043.0181439977,,5292.33439237448
LRP2,MACF1,284.034108467029,1351.51614051242,3242.68254859568,0.001,0.772289577803872,0.94022515806105,0.0418285136234564,3.86829614661017,0.960937139440144,4.02554546790011,351.928825848972,1322.43671525143,15,16,4,426,461,163.4323885409,453.032186983351,842.282752937495,2033.7459485702,964.385585607536,8290.0378974072,,13883.760361236
LRP2,MED12,325.435596970839,402.556901223656,0.001,0.001,0.751316679604236,0.786211581409612,0.590740236574936,1.27998221741274e-06,0.437677538670334,2.92448687520343e-06,320.968138535999,392.891718641555,21,10,0,525,556,205.326617486612,485.184105248849,201.700594372189,706.116658896444,,2257.82971704273,,3234.16544472855
LRP2,NF1,325.77473968445,362.766978221468,0.001,4924.15484019712,0.936689308788934,0.550913930512694,0.0564361721854299,3.01162706956825,0.606889122827458,4.96240080154555,320.968138535543,453.058167589979,18,11,3,524,556,205.541755603933,485.686660158016,188.361881800672,621.335083135284,,4238.98247299187,1191.31163074841,13628.6092135845
LRP2,NRAS,324.867397685571,3828.65872580977,0.001,16046.9549080625,0.993097811656732,0.978483435907221,0.813474056627326,1.0989699878052,0.560845320232948,1.95948855800158,320.968138534727,4034.32576385351,20,14,1,521,556,204.972080320792,484.324995012819,2156.84061749478,6198.95927092289,,4358.05814849684,907.535280218345,73097.3530300625
LRP2,PBRM1,329.53073481581,733.156684330902,0.001,0.001,0.57952091380437,0.661273978715094,0.383308637214842,1.85689406826881e-06,0.790045533764146,2.3503633511118e-06,320.968138534775,716.229234702683,21,18,0,517,556,207.905619923348,491.305031962541,444.445047670619,1126.02605448823,,1161.64380955147,,3418.81569649533
LRP2,PEG3,277.25309396549,176.870341752128,5715.4931057038,0.001,0.293304256375385,0.885258457101131,0.0173699683298347,3.99746674757895,0.583301626106065,6.85317264459685,320.96813853496,173.098906702045,18,10,3,525,556,168.079214507985,425.79893368002,97.2939427908211,291.190272361107,1359.03388671835,16631.3524851392,,2171.57588276355
LRP2,PIK3CA,329.087796907718,965.550791432599,0.001,6420.43638987317,0.982545462429462,0.863073323605775,0.253909194562188,3.19900340184198,1.15424217043744,2.77151838996629,320.968138536161,1067.18196096528,18,24,3,511,556,207.628214578894,490.625334943881,628.919460253635,1405.12909987834,,2827.72692166342,1557.85168262505,17640.9261366297
LRP2,PLEC,325.993825944555,226.279543863194,0.001,3118.23863851242,0.942464502958535,0.455115802703768,0.0537489836624173,3.08381697464189,0.614095293327988,5.02172384017089,320.968138536139,282.790395643217,18,11,3,524,556,205.684254436592,486.021743902166,117.49360184651,387.569423706831,,4125.24016941917,754.930993826969,8612.59495295834
LRP2,POLE,324.428084242321,310.213568618188,0.001,1701.04170817776,0.970106147610938,0.864590109022815,0.686761267617902,1.04155100159336,0.419384523183313,2.48352274348975,320.968138532849,337.970832776726,20,9,1,526,556,204.694141932988,483.671207693409,149.057896408798,559.244887557248,,4760.41678893706,96.2064884303327,7747.12109490542
LRP2,PREX2,323.213982303778,131.111593084764,0.001,0.001,0.865556716396322,0.843080164390837,0.72974659148425,1.91372464223042e-06,0.342842426438801,5.58193646599929e-06,320.968138535999,128.33417010869,21,8,0,527,556,203.930482342834,481.856283593903,59.9144377124798,244.065169278187,,4457.35425061424,,1484.29255375923
LRP2,PTPRT,322.716230688724,76.2949406692491,0.001,1446.94396038031,0.991084926729346,0.971889906547917,0.0929060751967607,2.01929230461228,0.311530484054869,6.48184498136186,320.968138534379,104.663255867123,19,5,2,530,556,203.615941835243,481.114465958365,27.3588608309509,163.985048237059,,11396.6482412786,235.875105427459,4719.51507121964
LRP2,RASA1,324.957585458813,332.059753173294,0.001,1465.16386877732,0.988256113547606,0.927555485737488,0.788344983659838,0.995496244291832,0.493172880058066,2.01855431339741,320.968138534609,357.440733420724,20,10,1,525,556,205.027545769722,484.463958087714,166.379294793758,582.452513989641,,4261.12717818609,82.6689005400757,6737.43110408896
LRP2,ROBO2,308.232100254464,226.815640512468,1834.21070234947,0.001,0.887438277634797,0.964027421062308,0.64849004294807,1.08939233504316,0.408344702455635,2.66782531643475,320.968138535032,221.607065544268,20,8,1,527,556,192.108399852665,463.771433791727,108.986508914295,408.916864038307,102.20897991319,8917.6633575311,,3536.77345122686
LRP2,ROS1,307.141161545149,185.229464179492,3221.49366894362,0.001,0.86785908229725,0.970414320725197,0.438792431963968,1.11081404193016,0.253250224259375,4.38623122715375,320.968138536316,181.372976808173,20,5,1,530,556,191.42684438894,462.119755155665,73.6203656168672,375.356804872387,176.351367479762,17209.0529555015,,4644.58451220473
LRP2,RYR1,242.991322465015,314.44316114218,10155.4806308914,0.001,0.584264975107297,0.995285230910929,3.16925125429814e-05,6.35620339255493,0.696768728365557,9.12240049501787,351.928825849347,309.416932402331,13,8,6,434,461,133.664798202793,400.053337015842,177.133785673125,509.131253717262,3561.65555869479,27049.504172596,,6851.30589936302
LRP2,SACS,327.589229046223,195.839311805535,0.001,1098.84638697678,0.97235222831996,0.82630165834587,0.48055634594332,2.02429769192999,0.825232033127657,2.4530042590056,320.968138533627,214.598021905513,19,17,2,518,556,206.685752596569,488.395038959044,116.866555911369,304.258744898663,,3026.7748369497,179.30788008048,3571.9757333534
LRP2,SF3B1,310.034716045298,817.299901126516,1089.03962057465,0.001,0.987051140932054,0.988114909973569,0.8777328025146,1.01887634714497,0.615520332869942,1.65530900075116,320.96813853366,799.861713344602,20,13,1,522,556,193.22801503779,466.482886933755,460.414194170638,1323.30353006105,61.3528422872472,5042.26295430115,,9228.39108766525
LRP2,SMAD4,327.390299711819,831.022659456082,0.001,7306.72587776873,0.960404960868709,0.767036319685823,0.143141626248214,3.07930462884566,0.866780490669036,3.5525772234085,320.968138534091,952.261127372728,18,18,3,517,556,206.560100657197,488.098430396545,503.788972544555,1276.27514690682,,3421.04222075516,1774.64485637896,20031.6487033926
LRP2,SPHKAP,291.431795927614,251.236282325986,8290.09449988943,0.001,0.43001418611293,0.936641248578935,0.0385164661859069,2.67340533447436,0.295353593829367,9.05154157703886,320.968138533559,246.216275405056,19,5,2,530,556,179.242423619189,442.833157905229,107.950032545339,485.896233276674,1275.23966532513,33493.9677845108,,5584.37413370972
LRP2,SPTA1,324.608922422853,124.854650517476,0.001,1221.36776139096,0.992882452069303,0.847868934703666,0.237979439640163,2.02921416700368,0.514519654302685,3.94390019901927,320.968138535527,146.960144956356,19,10,2,525,556,204.805715850537,483.933326047292,62.5627088390912,219.007714277727,,5526.98320461617,199.547494514008,3955.88635217171
LRP2,SYNE1,333.644391487659,219.080459858084,0.001,2121.34434135456,0.929325449877919,0.322373697503924,0.0285883724857608,5.24889017684829,1.4697146681183,3.57136680384943,320.968138533911,252.979974339773,16,29,5,506,556,210.498779932021,497.445243104213,148.690945544094,308.819754877617,,2086.43524093474,729.50287559673,4956.76131605236
LRP2,SYNE2,298.686182176876,1012.00624012067,6903.12227816839,0.001,0.251437186924307,0.874271554933361,0.0140486700401191,4.09384553626899,0.569976449228726,7.18248191097834,351.928825847787,989.451682120242,16,9,3,433,461,175.184509296309,469.898485911247,541.895501889268,1697.42257450903,1603.46379628168,21388.510450923,,11989.766738892
LRP2,TENM1,310.71502573601,327.17486983691,946.188802328023,0.001,0.936556316154458,0.95953321550247,0.89806415463439,1.02964689912685,0.708642550921575,1.452984862097,320.96813853366,319.59276328664,20,15,1,520,556,193.65072595889,467.510927460581,191.891997210246,514.722323343716,53.3064720863292,4379.93184042173,,2905.70909507719
LRP2,TP53,182.679034633145,767.989374086943,1868.32118947286,0.001,0.382304606464631,0.82209163161174,0.0029482441109491,10.6859128173831,3.79364257793578,2.81679483447743,320.968138534933,758.023841537543,11,86,10,449,556,94.8461723028829,312.917787543442,624.23020503969,932.367711979126,925.875462299969,3334.24507375064,,3242.10259935305
LRP2,TTN,319.807458849775,632.857856640202,2352.27527523108,0.001,0.809281773529439,0.942337336953249,0.339490932810163,2.18259257276176,0.719555210005265,3.03325240706101,351.928825848876,617.519532483362,17,12,2,430,461,190.83894105081,496.872358250032,356.49282926357,1024.72826350938,378.156533168678,8018.75992441543,,7054.29365559302
LRP2,XIRP2,294.411599493891,311.411490949365,2235.86823461587,0.001,0.664756631213564,0.912397306677657,0.305698800105478,2.47946598566341,0.769822898590999,3.22082649165354,320.968138534935,305.528421757865,19,17,2,518,556,181.069670236215,447.362103341975,191.528675371594,473.184489018024,363.995749658301,7317.77080716014,,3096.39661233447
LRP2,ZFHX3,356.131832341026,209.871053056985,0.001,5751.33273157361,0.969806500648388,0.409733167088197,0.00319703810883644,4.08706491174544,0.543708906720728,7.51700930631385,351.928825847823,323.739257245133,15,7,4,435,461,219.028122490562,541.169595450212,90.1743648601207,405.909691588091,,7367.62634358839,1714.23622873452,14598.5346425218
LRP2,ZNF521,325.31533434192,259.433406123048,0.001,0.001,0.757144365148746,0.730780340176503,0.553346440361853,2.22902233719662e-06,0.61149003609509,3.64523083880634e-06,320.96813853461,253.642162905019,21,14,0,521,556,205.253211810181,484.99686164429,146.148325372542,420.051986557823,,2288.85253834406,,1597.32057535765
LRP2,ZNF536,356.382868579431,156.923976123794,0.001,1490.12647193732,0.971707016064624,0.964015516039854,0.252228386814439,1.98380965066677,0.528128020253585,3.75630448411774,351.928825847768,187.437863803551,17,9,2,433,461,219.145869073409,541.465797865656,75.3877839278505,282.858440313228,,6020.54182114315,243.229711047195,4865.19955429647
LRRIQ1,MACF1,323.077467730387,1239.30716619867,985.403748341141,11485.078316069,0.978381232465646,0.772294696048999,0.157390380262854,2.27665534035143,0.471533266342238,4.82819665728323,338.373030654307,1322.43671524927,7,18,2,434,461,146.012013679377,599.746542750551,752.912836200791,1898.74182575677,,7600.639567643,,51252.5556958015
LRRIQ1,MED12,352.127973478953,397.218406758499,0.001,0.001,0.856865073310437,0.89740648071016,0.768971219972241,6.30268165005988e-07,0.22739406982225,2.77170009533959e-06,347.180737423667,392.891718641509,11,10,0,535,556,182.838269118598,603.10912923132,199.02943907326,696.734352781665,,4533.77429919732,,7338.89432413274
LRRIQ1,NF1,353.654341760273,424.361370707861,0.001,3669.77765008058,0.921184573719679,0.661253271575387,0.480896959442979,1.18933442445555,0.312544905324132,3.80532334456747,347.18073742463,453.058167589181,10,13,1,532,556,183.629638175613,605.730618493473,233.43612667138,698.640101522659,,5204.66511664287,203.774363493754,18148.7362149881
LRRIQ1,NRAS,351.699828148581,4059.69692973232,0.001,0.001,0.867956383726308,0.909011443341736,0.788989950579189,4.63272124899463e-07,0.291645336695162,1.58847773857496e-06,347.18073742403,4034.325763768,11,15,0,530,556,182.618306836326,602.363376843863,2336.47145390634,6475.59737363129,,4839.62021859926,,84262.9727063355
LRRIQ1,PBRM1,356.085082380762,724.21945393817,0.001,0.001,0.758365124468757,0.821913305234059,0.623346072706333,9.06974151903411e-07,0.412198634301136,2.20033274355977e-06,347.180737423697,716.229234692655,11,18,0,527,556,184.890547136194,609.899774765127,439.035692187093,1112.26891558405,,2486.7393802552,,7368.28175207835
LRRIQ1,PEG3,318.772665169901,174.896779011172,3194.28849541053,0.001,0.832693941762302,0.967595299338073,0.451468533416002,1.30947288887373,0.304793753978283,4.29625893504049,347.180737423087,173.09890670238,10,12,1,533,556,159.710951279624,559.071507790322,96.2067912572949,287.925031766139,179.682905309427,14882.3815462753,,4489.39353641297
LRRIQ1,PIK3CA,357.102398188599,1036.44786955991,0.001,4558.70305586082,0.933062952635289,0.830847951121313,0.745111939143182,1.20389703061659,0.590994375032061,2.03707020147406,347.180737424213,1067.18196097561,10,26,1,519,556,185.420028042087,611.644078761811,687.338990054488,1487.56691534354,,3628.04782818304,253.917105080822,22207.3686609833
LRRIQ1,PLEC,353.267938456848,244.148209581665,0.001,5088.56365940818,0.930362803262762,0.379940988963877,0.0665636625266953,2.39443707216527,0.315403390515783,7.59166560717569,347.18073742494,282.790395643619,9,12,2,533,556,183.429172661427,605.06733469295,130.734566658829,409.499778593762,,6249.25177841877,800.158214911884,18670.5419659492
LRRIQ1,POLE,350.773608515842,272.237467567642,0.001,9011.11392440757,0.961319989274537,0.401015195822336,0.0309793610343413,2.43271677765294,0.214764586657474,11.3273646065906,347.180737424156,337.970832775839,9,8,2,537,556,182.137107660321,600.781001881442,124.406463452764,506.765009764007,,10713.0509913563,1434.55082465754,31707.8320990437
LRRIQ1,PREX2,349.293990253285,129.582297738067,0.001,0.001,0.935952465730972,0.925764750319227,0.866475232610491,9.75216198417957e-07,0.18002435323616,5.41713485363085e-06,347.180737423918,128.33417010892,11,8,0,537,556,181.369858959995,598.236326882561,59.2161551836788,241.214576164594,,10552.0952334274,,3356.99093098382
LRRIQ1,PTPRT,341.076741732268,78.9997848351383,1615.50301859317,3105.86122615916,0.996377775610933,0.834707494956626,0.0195568462746365,2.27272397219932,0.1616654583261,14.0581915007159,347.180737425506,104.66325586711,9,5,2,540,556,173.76064071627,589.471123434665,28.3852986891265,169.276286204045,,28845.2262375728,195.680482403695,12122.7801832109
LRRIQ1,RASA1,351.133105964751,294.76289435176,0.001,7636.55356571241,0.968267823590428,0.553056212125568,0.0500142784227292,2.30497186302163,0.259653763058747,8.877097854731,347.180737424757,357.440733418856,9,9,2,536,556,182.314991426658,601.373498529031,141.626396422323,531.37000074502,,10345.5431529226,1190.9833341551,28668.1599838029
LRRIQ1,ROBO2,350.357497156856,224.012126378826,0.001,0.001,0.906027359056403,0.90828997740359,0.822943164422023,8.03080628498628e-07,0.213138363816483,3.7678839891541e-06,347.180737423147,221.607065544048,11,9,0,536,556,181.910133124725,600.027002433635,107.634197343023,403.826898814359,,7099.7112186787,,4696.5176776968
LRRIQ1,ROS1,348.259969437147,121.905754102143,0.001,7163.67702725476,0.99626746505874,1,0.0133412173862387,2.22448768307487,0.132608938762776,16.7747943979422,347.180737424894,181.372976807986,9,4,2,541,556,180.833825677117,596.466126525317,37.8453634811549,283.199810443649,,38224.9570574129,1137.61660364968,25440.235126395
LRRIQ1,RYR1,344.58500669379,290.464392032832,0.001,2029.43716542131,0.981164258407226,0.954501611142046,0.600985464658122,0.985787207087272,0.321762922598083,3.06370665435131,338.373030654518,309.41693240204,8,13,1,439,461,165.569997954922,621.225895282414,159.776092612146,478.221875163547,,7064.29631230172,112.293312623195,10231.7487108728
LRRIQ1,SACS,354.903408320377,205.218574601244,0.001,1186.87517064398,0.941307525980045,0.804921317919728,0.645161068007277,1.12657583222402,0.429745860011765,2.62149315922016,347.18073742463,214.598021905799,10,18,1,527,556,184.278911410468,607.870075993407,124.408811889446,315.17286862293,,4603.81575649245,65.9942287682669,5828.88867765548
LRRIQ1,SF3B1,352.266232199045,807.753589430583,0.001,0.001,0.853126803405721,0.872676449813489,0.74451792539588,6.65301697615195e-07,0.315120674680418,2.11126006978094e-06,347.180737426079,799.861713337044,11,14,0,531,556,182.911953548295,603.337905233491,455.043848248426,1307.81670290215,,4326.60957058899,,11889.535802665
LRRIQ1,SMAD4,354.386212850125,914.853597993101,0.001,4967.11890175067,0.982056405616315,0.886801666125366,0.690189063453601,1.10483346665508,0.442725716571625,2.49552584207368,347.180737424852,952.261127378398,10,20,1,525,556,184.012371188721,606.974953939269,570.193024961889,1376.46327832505,,5134.9298623541,278.194005503443,23590.2276228562
LRRIQ1,SPHKAP,285.185591556442,248.460225574446,14912.6268276314,0.001,0.637818165516976,0.978971190107691,0.0138190710620906,2.40747588800851,0.155252385317745,15.5068528131228,347.180737424749,246.216275405153,9,5,2,540,556,137.033092199652,514.116673299669,106.758121409168,480.5202232395,2321.93622780883,57410.9403778486,,13996.8722508368
LRRIQ1,SPTA1,351.042702335859,123.470941105964,0.001,2763.15904403517,0.985301373147302,0.714004499879315,0.0623503811018301,2.16474756205553,0.267585873851303,8.08991719517479,347.180737422375,146.960144957015,9,10,2,535,556,182.273479997849,601.229272631366,61.8678049923156,216.569651722866,,11174.2194153314,439.736810841434,9714.32641174908
LRRIQ1,SYNE1,361.774649314792,224.334460312521,0.001,4669.59077879503,0.906756871805868,0.15790024903577,0.00562268460957141,4.76921091152829,0.761474162387748,6.26312900305575,347.180737423143,252.979974339792,7,30,4,515,556,187.8421643134,619.668624561339,153.313733598805,314.49962658196,,3412.15931181864,1303.14188822182,13751.5083783599
LRRIQ1,SYNE2,227.346019248834,997.383461845622,12670.1563165636,0.001,0.401890346261011,0.983473950583937,0.00179844021971479,3.74818834813183,0.269458008726751,13.910101859072,338.373030654663,989.451682140773,6,9,3,443,461,90.3597650609832,460.699623581782,534.0835424865,1672.84442277128,2999.78582174409,37074.6779631252,,46695.299071354
LRRIQ1,TENM1,352.726122439615,302.46229048816,0.001,2040.29338485052,0.986730504993665,0.920906475485542,0.612022219861519,1.11552590521532,0.372632988075482,2.99363164538012,347.180737424946,319.592763288067,10,15,1,530,556,183.150063024692,604.129561971458,174.046354874277,482.391934350153,,6739.26877324373,113.29578462857,10079.3177665298
LRRIQ1,TP53,171.85375861341,762.159634405626,2279.20561776377,0.001,0.851801049118945,0.940820324422582,0.0143447908374802,6.45545753456384,1.98316376295502,3.25513084453744,347.18073742404,758.023841538983,5,90,6,455,556,61.6232911047127,369.400464169396,619.507462122315,925.264359707499,899.373624127656,4677.39757583306,,7161.09974333305
LRRIQ1,TTN,305.824565038472,624.352114175957,2258.37222411653,0.001,0.947406885934045,0.983068589895268,0.580856962889421,1.07738004605204,0.337014632744054,3.19683462192652,338.373030656066,617.519532481676,8,13,1,439,461,139.751970233071,569.308196890484,351.713266239517,1010.92645282716,126.890566618907,10575.2770341305,,14888.3916183783
LRRIQ1,XIRP2,255.383181631271,307.755793315526,7745.20364437761,0.001,0.582796847547235,0.979843477946974,0.00798539632849324,3.81974825857348,0.403243362463207,9.47256325619495,347.180737424173,305.528421756197,8,16,3,529,556,116.704970738373,475.398411664962,189.285033015136,467.623586897268,1874.61332825729,21400.2295133265,,9512.67893387851
LRRIQ1,ZFHX3,344.78701732988,297.211428908439,0.001,3006.20898361848,0.932049081571629,0.681722289406658,0.438126233496481,1.08755849417657,0.253054199707267,4.29772948022463,338.373030654518,323.73925724378,8,10,1,442,461,165.664767120547,621.594329072357,148.918183898036,521.330540932305,,6144.48800458361,166.017291940636,15285.1143107294
LRRIQ1,ZNF521,350.732890502901,200.60572233207,0.001,7382.42468093717,0.986940753182253,0.724869453470408,0.00525245302358148,3.48895703519213,0.321086566305787,10.8660946963113,347.180737425133,253.642162905904,8,11,3,534,556,182.116671188601,600.708040720879,104.164340978713,343.578816883746,,12810.6941118064,1677.2462195374,24060.5318727974
LRRIQ1,ZNF536,338.152109368851,138.536965280849,348.338306369661,7175.07486783891,0.999999081718978,0.749440193910743,0.00216042311746327,3.4194648782222,0.24869424907462,13.7496741116687,338.373030657638,187.437863803568,6,8,3,444,461,160.891406985884,612.105929366881,63.3125784397796,257.856295840961,,18825.6972661869,1502.57738998164,24461.961410332
MACF1,MED12,1341.49861421101,390.977046234878,0.001,1771.15403212385,0.960986592089546,0.847325412330737,0.756638753133821,0.957008627150184,0.467564679610902,2.04679409904655,1322.4367152552,428.438115863631,19,8,1,433,461,836.044856660875,2018.56217876994,178.660262220356,727.853270280635,,15548.0816917324,99.933515927416,8142.61549868539
MACF1,NF1,1342.46443882926,394.767937757544,0.001,5168.27976352085,0.970249983083106,0.609194168308561,0.0651862965797995,3.09238613717825,0.664951209745797,4.65054592255036,1322.43671524127,502.42467133131,17,10,3,431,461,836.652340686971,2020.0024780912,197.798485038481,692.452548105518,,18958.8585774993,1247.25782784908,14391.8366235131
MACF1,NRAS,1340.09031446592,3894.40189499498,0.001,17321.46550711,0.967867566646108,0.903866207191111,0.770352797404896,1.13793987159876,0.55272235134344,2.05879112511534,1322.43671524092,4141.58458345422,19,12,1,429,461,835.206960212161,2016.48758366342,2084.91288438284,6530.64636229624,,16636.5130113432,979.186800362445,78884.4063701543
MACF1,PBRM1,1362.37911975058,736.287815830814,0.001,0.001,0.557251515775041,0.668281028420487,0.372523136409197,8.87109022063709e-07,0.785330348037026,1.12959982290393e-06,1322.43671524786,716.389528028447,20,15,0,426,461,849.009462951129,2050.14290737863,423.653640981271,1174.4103052198,,4487.81216088304,,3525.90032447321
MACF1,PEG3,1201.39253075559,197.264783863198,13335.007735929,0.001,0.490710633216717,0.906222805584178,0.172017783383209,2.70584690166823,0.641229914057942,4.21977646760836,1322.43671525635,192.210986934895,18,10,2,431,461,728.30044707416,1845.17183320645,105.627728499804,330.876324171838,2151.33921555119,44908.0737768684,,2253.43198942049
MACF1,PIK3CA,1361.63215471191,1078.6920391013,0.001,2021.92254712874,0.960999856695657,0.967442600411812,0.956988393100733,1.03733891579294,1.11935480958783,0.926729314876408,1322.43671526182,1100.91619337954,19,22,1,419,461,848.563230863798,2048.95638332842,688.339478942555,1594.529411166,,7805.47674092796,114.16429188192,9273.29729048867
MACF1,PLEC,1341.31841876186,151.487115711762,0.001,3263.96210472575,0.898889586815644,0.222503145083688,0.0206970387483814,3.12595231612014,0.473672253276003,6.59939925655448,1322.43671525963,222.42171195767,17,6,3,435,461,835.929473190194,2018.31748075106,60.2071063398612,306.989183598492,,17470.9312835375,787.192485665592,9105.85010107028
MACF1,POLE,1335.87141512026,293.514365381816,0.001,3651.26446049885,0.966874755520398,0.738349459045515,0.168783766944713,2.03962058997381,0.434687893181673,4.69214952145303,1322.43671526614,369.124710396923,18,7,2,434,461,832.550956175368,2010.07230101534,126.114548534515,567.674953453854,,25180.1529503124,596.42948099905,11837.8852172283
MACF1,PREX2,1326.19978755774,78.4600716392811,0.001,0.001,0.946065098811294,0.90683187631794,0.857926428586297,1.42273874131731e-06,0.202367783480754,7.03046066348113e-06,1322.43671524786,76.5618455360628,20,4,0,437,461,826.537243721285,1995.47158704983,24.3574620868408,182.275345891807,,50494.5372586555,,1552.89930217477
MACF1,PTPRT,1299.23417451361,82.7947467376532,5864.17415052838,415.305222609288,0.978733753930306,0.97282924470866,0.478192378628323,1.08643807303585,0.266835699722681,4.07156191680863,1322.43671524543,90.8786021896889,19,4,1,437,461,801.933383674555,1967.43372003059,26.2572028637961,188.033894441837,,55689.2596715056,,3051.17351804213
MACF1,RASA1,1282.00642945092,350.067331563892,5031.02209981739,3752.37278451505,0.973817411578182,0.799729084780144,0.0445621921149139,3.1992258898062,0.600363541116197,5.32881441111197,1322.43671525845,427.304020263489,17,8,3,433,461,782.078945288093,1954.01274123428,161.30447146105,645.119249967844,,34997.3703908373,17.764014451002,12658.7023331651
MACF1,ROBO2,1266.04689218688,212.332258656242,8213.067862646,0.001,0.905029974010524,0.970165921995181,0.621867560943529,1.07175431436404,0.381436057274104,2.80978762737647,1322.43671525635,206.582997833955,19,6,1,435,461,778.822580284212,1924.36498378755,91.235042771773,410.693379046716,451.851412971703,42277.7163734593,,3626.33830417824
MACF1,ROS1,1328.39461833866,149.267828860168,0.001,0.001,0.915694910271957,0.902829897660193,0.826724404539194,7.67977661765605e-07,0.197403137523723,3.89040251031123e-06,1322.43671524127,145.492226745497,20,4,0,437,461,827.894897770455,1998.77506221754,46.3391077594641,346.772791206777,,32414.0754661013,,2821.37233834718
MACF1,RYR1,1342.03341147613,226.044016547421,0.001,3717.09031317495,0.973745049764356,0.859979708169896,0.0155953204282282,3.77249093477021,0.721706954604912,5.22717830374158,1322.43671525877,309.416932403372,16,10,4,431,461,836.375851193489,2019.39344973852,113.257911830263,396.513278656815,,21239.0688839684,1105.88162054787,9494.29049690832
MACF1,SACS,1346.53498360342,138.262070702428,0.001,1120.73688721079,0.911102890455783,0.597416568598069,0.291041979651319,2.01467887985985,0.612517356137269,3.28917843661616,1322.43671526706,162.04436891729,18,10,2,431,461,839.1681591526,2026.19555747449,69.2753239386746,242.526645886142,,13506.2618241141,182.356444403733,3675.8191505979
MACF1,SF3B1,1331.87988296017,422.462995433944,0.001,13254.8701170158,0.985928676664745,0.74609292532637,0.00233335579481785,4.18493737258814,0.516287530631989,8.10582693613644,1322.43671525808,690.393081880073,16,6,4,435,461,830.066368777163,2004.02166381353,167.904614440697,856.101315774532,,37191.5336827885,3935.67252335528,34009.8768605449
MACF1,SMAD4,1262.44157602809,859.217351357349,4931.79409848781,4787.87746364212,0.96179257909287,0.917794125872119,0.113399560206453,3.10326383217942,0.794278242433826,3.90702359247611,1322.43671526428,940.942493998464,17,14,3,427,461,764.37266729286,1934.98937169564,488.165664324101,1378.73383104413,,23927.5491632337,,18123.4182186496
MACF1,SPHKAP,1262.24066796184,261.163556311807,13573.8359623227,0.001,0.753683190259471,0.957861780905125,0.421939237212084,1.28158507548754,0.295917008981513,4.33089358363853,1322.43671525474,254.925858925852,19,5,1,436,461,776.303373469431,1918.08838211955,103.798612263525,529.232887125942,746.004333451787,70847.073260378,,5590.10620983163
MACF1,SPTA1,1337.79779514562,106.272556708284,0.001,608.915142329006,0.956694948618888,0.820733230411376,0.66458845502446,1.01329370216912,0.400010393337945,2.53316843523375,1322.43671525906,118.558988591901,19,7,1,434,461,833.741533759084,2012.98572111654,45.6618059934323,205.539986258796,,19141.9541934543,34.3761520014879,2794.32315238854
MACF1,SYNE1,1370.79358998521,182.285047059897,0.001,2889.02235331667,0.922789451765228,0.126086363139372,0.00196269379575395,6.4624248465176,1.33983673065789,4.82329279280501,1322.43671525585,233.356209475727,14,20,6,421,461,854.267797095971,2062.74827263746,113.601693927018,274.296861340876,,9868.01030818699,1082.45171068013,6551.37720316031
MACF1,SYNE2,1066.14073498939,1011.69283503659,30366.2558076026,0.001,0.313094435388383,0.926026567428202,0.00204768483092206,4.69410711690367,0.603706727893305,7.77547590579986,1322.43671525619,989.451682139905,16,8,4,433,461,625.301212719202,1677.29999082999,541.728248891011,1696.8951763452,8731.04055420706,84378.9685599441,,15437.9646412225
MACF1,TENM1,1339.38729274454,220.764605819083,0.001,2899.06839714291,0.970574521036545,1,0.0694748795776338,2.89465566646247,0.634781984659808,4.56007847798922,1322.43671523379,287.267094906454,17,9,3,432,461,834.728140799355,2015.39330143317,106.07333256989,398.01205505965,,22615.551020927,697.393688408868,8148.58602297492
MACF1,TP53,930.393821623579,734.104510199814,5888.30863860393,0.001,0.595587421450195,0.890443672102068,0.0883419144239871,7.60299750065183,3.49926138417106,2.1727435209739,1322.43671524611,721.227201262911,13,69,7,372,461,511.711764820093,1531.96187888549,580.999097543532,912.112590107496,2501.28589916785,11612.0770175473,,2958.89178394161
MACF1,TTN,1139.80067463136,632.268588125617,13259.5729723971,0.001,0.830440869941238,0.9735003332305,0.0827938155355545,3.20076499905589,0.764136670325195,4.18873366945436,1322.43671525281,617.519532487164,17,11,3,430,461,680.149553756346,1770.89677448066,356.16260141525,1023.78596588518,3134.51245943466,38997.107986894,,8657.88747523288
MACF1,XIRP2,1203.03976622127,296.995172422527,11472.9166268161,0.001,0.576544830084369,0.931924425020132,0.222143831280635,2.66697432492639,0.70088411368465,3.80515733322263,1322.43671526536,290.68538268905,18,13,2,428,461,729.293572477665,1847.68516682534,170.900077566486,473.674976656036,1856.52996666841,38180.0838382483,,3403.50678565073
MACF1,ZFHX3,1337.58704861623,179.801318091235,0.001,7213.19133989405,0.952752827610552,0.17975234663987,0.000217159597305512,5.1746662214477,0.574971099647791,8.99987186245977,1322.43671525609,323.739257244245,15,6,5,435,461,833.615438147181,2012.64037441311,71.4621525210081,364.371451362982,,26539.0299445055,2457.23901457807,17222.3728417727
MACF1,ZNF521,1267.85723629959,221.699729789521,6779.00214698119,0.001,0.869810651841195,0.975861364795151,0.693360924767062,1.24164307979607,0.521665834226916,2.38015027692224,1322.43671525285,216.396196959107,19,9,1,432,461,779.750089362368,1926.61751856548,111.086562432159,388.884633236587,378.566984868588,32559.2145206233,,3044.49499666568
MACF1,ZNF536,1280.90091934886,135.431252596308,5760.57511980771,2573.1871545942,0.995224134974199,0.949947639636876,0.00389495455563065,4.13059711458462,0.564984692645924,7.31098942741316,1322.43671526072,187.437863803162,16,7,4,434,461,781.068036671526,1952.31713960651,58.5866080015013,259.588556593106,,44080.06756422,388.502963019735,7306.50899643053
MED12,NF1,369.660854929091,345.176590544993,652.483979634776,1325.76534640653,0.997814205750256,0.972539832658535,0.685000565286781,0.895685275535626,0.33720121091694,2.65623386434473,372.914615762724,355.116014628306,15,17,1,897,930,214.4108932114,585.435687863785,206.269104368724,535.422297179255,,7459.38589967677,,8222.74403139015
MED12,NRAS,378.366616427359,4547.26834027913,0.001,22581.0068464682,0.974845165666868,0.91228583583484,0.722477275387382,1.12447582146467,0.4795516731145,2.34484808313073,372.914615770393,4680.45591164902,15,27,1,887,930,221.959379897926,595.307058623824,3039.90285634077,6483.44826325514,,5289.85774703823,1275.57625148365,103983.042111463
MED12,PBRM1,360.067249065209,748.92157800842,987.036618461102,5781.10101518945,0.986891701955937,0.850168048051683,0.0891260956969798,2.77740424562295,0.627191903248179,4.42831648693006,372.914615772665,793.894769804905,13,30,3,884,930,204.335783987903,577.217930333836,512.569066877658,1048.15571310523,,6239.49949339252,,19904.4558484391
MED12,PEG3,397.031249635292,175.594368016288,0.001,0.001,0.90179922672355,0.831197192373067,0.749586605358438,1.1868147817202e-06,0.278963829340054,4.25436797497316e-06,392.891718638703,173.098906702998,10,13,0,533,556,198.935635109193,696.395904432975,96.5925634469425,289.08686862738,,7555.64279154975,,1891.67106146647
MED12,PIK3CA,358.586482111676,1018.10996397938,928.786513166033,0.001,0.948319050149366,0.973712666033539,0.949678410388212,0.988776089010633,0.790009097857828,1.25160088876416,372.914615761647,1008.20815978368,15,42,1,872,930,206.344154055793,571.896151233224,743.302528532592,1353.53641370873,52.7678268825354,4155.40380869995,,8261.90832926961
MED12,PLEC,393.392904273724,247.746132979673,376.585118208752,3635.34141116691,0.999993789099978,0.750969332695105,0.111469889423806,1.78945982232849,0.295857337770655,6.04838749585333,392.891718640087,282.790395643306,8,12,2,534,556,194.250141238813,694.548952932545,132.691694352595,415.408371424447,,10022.0133468611,384.356939157025,13494.1363881584
MED12,POLE,376.80946528258,302.706822797273,0.001,0.001,0.847928190298499,0.860307432700881,0.729488256686808,8.37176097326017e-07,0.273602020647018,3.05983155879569e-06,372.914615760114,299.668378362498,16,15,0,899,930,221.010730169681,592.763047194057,174.191528948297,482.76210816464,,4470.38249965733,,3926.89300426091
MED12,PREX2,345.151422276109,179.707157045091,0.001,0.001,0.894063800210963,0.860919663968038,0.769725229558114,1.12797433687688e-06,0.2595148191338,4.34647370289602e-06,341.914806870887,177.911895581711,12,15,0,735,762,184.819537828251,578.884588219878,103.411033168412,286.60031252868,,6018.65596826522,,2367.56230767201
MED12,PTPRT,375.708002851041,106.655734425648,0.001,0.001,0.88834042384922,0.876100699386808,0.77828231049197,1.41247173447105e-06,0.228893462640701,6.17086970582568e-06,372.914615772665,105.480497371191,16,12,0,902,930,220.367109606218,591.031539691298,57.1119751374528,178.881117964171,,6252.27262502893,,1580.08870332635
MED12,RASA1,333.128165689224,378.111254398255,3860.45114491848,297.342950432863,0.828964715574476,0.999894702371866,0.156558026523152,1.9067127053077,0.366405406907386,5.20383342975517,372.914615763932,377.226423261065,14,17,2,897,930,187.699093350213,539.240766120379,231.52205004149,575.971049316522,413.843056723395,13221.6746877611,,8633.36267361438
MED12,ROBO2,396.723196470937,224.864306605947,0.001,0.001,0.908416459721746,0.877600544217907,0.797237646355135,6.99879685214918e-07,0.194386047840031,3.60046254858209e-06,392.891718638152,221.607065544735,10,9,0,537,556,198.783769201972,695.868393531829,108.046785239734,405.38430104715,,8254.15003748485,,3438.14917925346
MED12,ROS1,375.129738605828,201.494192643916,0.001,0.001,0.910249033031879,0.891593895190352,0.81157682012275,7.92061446780934e-07,0.203090733246228,3.90003735828081e-06,372.914615762823,199.397233907562,16,11,0,903,930,220.029512932493,590.123573282838,104.626808255736,345.096639142994,,7892.87803641283,,3432.74492309459
MED12,RYR1,387.829139948406,313.736309075277,2532.08524413307,0.001,0.855124006893579,0.977030700363389,0.622987154725423,0.943918250103387,0.329181913149132,2.86746693058971,428.438115861244,309.416932402701,8,13,1,439,461,177.222285566623,721.982270902168,176.733680786513,507.996634434745,141.984133586322,11960.0206153251,,5451.69299556701
MED12,SACS,359.071824684942,205.921659660394,1940.42951270626,1045.29942425743,0.97217151562267,0.976806783121559,0.199347150076077,1.73941233236261,0.396195134392187,4.39029200858583,392.891718643901,214.598021905412,8,17,2,529,556,167.081197756752,656.374040530655,123.807984757065,317.581770950273,,9836.97463184071,,6149.7187818251
MED12,SF3B1,378.222010459431,788.328198598601,0.001,0.001,0.798979094740587,0.778763055556753,0.6222338181756,8.74121977742243e-07,0.431987043569983,2.02349119204691e-06,372.914615760114,779.739661404154,16,23,0,891,930,221.841849704613,594.993609502731,508.452342504233,1155.84426643447,,3257.89807335401,,6163.8043630154
MED12,SMAD4,378.728351791037,664.292501025421,0.001,2867.98894039384,0.992173745207617,0.976024123025324,0.796180555762078,0.959072719566582,0.466553347860247,2.05565499415057,372.914615772649,684.617138425049,15,25,1,889,930,222.138504366254,595.791972175703,436.738910751639,959.798402064227,,5144.33807236746,161.722788835018,13224.1674516052
MED12,SPHKAP,395.014928705865,249.068643000194,0.001,0.001,0.948078139543071,0.922757540483659,0.874849600886271,4.7057196285406e-07,0.140393214818749,3.35181414188413e-06,392.891718640416,246.216275404264,10,7,0,539,556,197.927251646908,692.859175351512,107.019231111048,481.699184205125,,15154.1362557854,,6150.27642790313
MED12,SPTA1,358.210925870865,148.614135974338,2950.33599327481,0.001,0.969670454369954,0.99729338993865,0.541384408199197,0.886242401727111,0.246180362676549,3.59997195589287,392.891718641363,146.960144956435,9,11,1,535,556,172.115572141633,645.771502767889,79.5789401354927,249.261436088608,165.260895590943,14006.0092507371,,3883.70720915525
MED12,SYNE1,410.985799120023,240.646089277954,0.001,1313.84719844562,0.978542123269367,0.898657400676141,0.503349551980793,1.67975946694643,0.699730171540292,2.4005817317393,392.891718643682,252.97997433943,8,32,2,514,556,205.917998816922,720.936164661537,166.581886573483,333.982324386601,,3613.1931331288,208.814070162615,4654.11478914476
MED12,SYNE2,433.460606632023,1004.00089394332,0.001,0.001,0.757289641892106,0.840383804341973,0.757802520379792,4.65778338518477e-07,0.271741801731557,1.71404743602385e-06,428.438115860034,989.451682139959,9,12,0,440,461,208.274793857702,781.453871073612,537.611305543064,1683.96888951749,,8311.99468279593,,11511.2739374077
MED12,TENM1,359.673974061707,323.846429102539,2298.2634827899,0.001,0.817502870271003,0.952050435282734,0.616218069580356,0.963302708983825,0.337840852180309,2.85135057754857,392.891718643327,319.592763287599,9,15,1,531,556,172.825059250101,648.442277575607,189.944870165185,509.484116549238,129.406680560877,10681.1052482601,,5062.88998497047
MED12,TP53,378.703491588406,652.84877018497,304.681209445252,0.001,0.976709141315741,0.829046631838158,0.472570710442029,1.04159720902663,2.46005929265525,0.423403294439455,372.914615773227,646.062753216676,15,138,1,776,930,217.910764221558,604.01035696628,550.13644491699,767.645185685074,17.3625043648756,1347.44661285851,,1523.84708108169
MED12,TTN,289.696097146759,625.489037997717,9600.70301847794,0.001,0.324406218635528,0.916869962878777,0.00733416648401839,3.19516980313447,0.343937168358768,9.28998112760387,428.438115861505,617.519532483061,6,11,3,441,461,115.13755105753,587.067352750507,352.349292215654,1012.78099338057,2267.89536911536,28397.5071548201,,12276.1642406412
MED12,XIRP2,398.756401944784,308.765429969924,0.001,0.001,0.863462352749243,0.819812477536711,0.707895035464724,1.08751459463111e-06,0.365199428997818,2.97786499178125e-06,392.891718640416,305.528421758878,10,19,0,527,556,199.800365963786,699.430460665851,189.905594607045,469.163731729856,,5286.60463143094,,3067.47609089299
MED12,ZFHX3,346.637127829633,243.896375092266,809.993460086697,2918.07487483752,0.997036610915785,0.857653224284609,0.122195655789113,1.7222501623666,0.289959409501079,5.93962501623935,352.231753771741,269.268228808942,11,14,2,774,801,186.802191052325,576.796176117789,137.545499353377,394.341033918874,,9851.6366687618,20.8902490477209,11161.7459402809
MED12,ZNF521,398.202420469259,256.994371131096,0.001,0.001,0.875606815762907,0.833257029989517,0.729623109666451,9.68959133728665e-07,0.291771553727759,3.32095134480712e-06,392.891718641545,253.642162905154,10,14,0,532,556,199.522645226667,698.459373400856,144.775583487836,416.097606004387,,5876.55446868408,,2799.84340419652
MED12,ZNF536,435.104652852866,190.117620141033,0.001,0.001,0.871498670767762,0.856522869614321,0.746478583850429,9.89896366195529e-07,0.25171907903435,3.93254404867916e-06,428.438115863009,187.437863803247,9,11,0,441,461,209.062761667465,784.426233341769,98.7162072332045,325.626740890042,,6238.44554835242,,2442.76850216874
NF1,NRAS,360.731210929925,4722.47875282542,0.001,0.001,0.755061598347847,0.780340219975674,0.58922220374589,8.50574153265019e-07,0.551216308915593,1.54308597098361e-06,355.116014626709,4680.45591312417,18,28,0,884,930,218.69146719328,553.985617512814,3182.16827238234,6694.20226234951,,2471.41668683989,,37029.0785080989
NF1,PBRM1,363.454606560832,805.046514056274,0.001,0.001,0.660686884615592,0.635010791032165,0.419586848525327,1.46474417921094e-06,0.698683404559501,2.0964347652345e-06,355.116014627001,793.894769803378,18,33,0,879,930,220.339954738014,558.176889637246,560.654599065603,1111.87977738493,,1679.46707591691,,3443.4311951509
NF1,PEG3,424.289695069294,176.222806219939,3690.09402962671,0.001,0.588908414946615,0.900991854201084,0.462301672324108,1.45976275451956,0.382545727060822,3.81591702967178,453.058167587985,173.098906702905,13,12,1,530,556,233.397439872219,698.512864699921,96.9381044256062,290.122810916029,207.33465769349,17277.4017886266,,2232.52792813813
NF1,PIK3CA,282.655425731901,1018.31204638532,3375.2194726133,0.001,0.557389416432427,0.931807025845935,0.0322673787130089,4.01668499513872,0.887660831150232,4.52502223167141,355.116014619523,1008.20815976171,14,39,4,873,930,159.2331178777,457.639063074083,743.450770211245,1353.8033805589,1033.93238941482,8056.19131414483,,10647.4174223751
NF1,PLEC,451.954548212517,229.637960102553,555.531049808515,4188.62608627135,0.999884638133087,0.682833359575022,0.0232004360225466,2.80075352665578,0.409418403981605,6.8408100354512,453.058167586135,282.79039564216,11,11,3,531,556,251.454291711086,736.393161598143,119.284642094431,393.097146727191,,11109.1564377061,794.101838807075,12485.0391300882
NF1,POLE,278.090524948449,302.367239476872,10580.1086710645,0.001,0.889925631831307,0.992904449074187,0.000703892795839721,3.7660154747723,0.307808289660142,12.2349384382417,355.116014616147,299.668378357565,14,11,4,901,930,156.663113460822,450.240595972363,173.996843359694,482.2207867596,3123.86361231527,27583.3071677558,,10808.4211107597
NF1,PREX2,361.856318826927,180.290789083496,2782.1663350691,0.001,0.732574476752746,0.939612835651745,0.526856387771371,1.20333027650695,0.345383005722247,3.48404599117612,382.728361434612,177.911895582025,15,14,1,732,762,208.234237575884,577.119282518634,103.745723702199,287.530357735303,156.951565793296,12800.8463640604,,2818.06432785236
NF1,PTPRT,317.550106149753,106.701709205923,6308.98077577277,0.001,0.710405679020331,0.97362019319541,0.0702890876561464,2.00565514719489,0.25433499977665,7.88587944622722,355.116014617019,105.480497371834,16,10,2,902,930,186.256811322508,499.543203935469,57.1372287151442,178.960160306909,1017.11717922072,21313.4956683353,,2927.0353960429
NF1,RASA1,263.048368767709,376.193722740295,10147.6653969016,517.81568469107,0.461248298390402,0.999812062908235,9.99053550918495e-05,4.97389509755123,0.41334379536574,12.0333125918829,355.116014626955,377.22642326707,13,14,5,898,930,144.728710199479,432.946647937552,229.696321764534,573.918284918397,3237.87029937317,24500.1558960689,,11976.4874160034
NF1,ROBO2,457.295897027086,225.871185948479,0.001,0.001,0.87921613371498,0.84322092907394,0.741388265258003,9.21898464868558e-07,0.268254732423245,3.43665312645449e-06,453.058167586896,221.607065544048,14,9,0,533,556,257.612921219295,740.402383883904,108.529093356484,407.196525770617,,7071.45403208755,,2591.87060505249
NF1,ROS1,337.10112816784,201.854995032614,3778.88066871785,0.001,0.737787320700626,0.961072787325636,0.404136092726331,1.12926420667768,0.226045229580365,4.99574447456409,355.11601462745,199.397233907845,17,10,1,902,930,201.173539322255,523.692468595021,104.813719304471,345.715428792739,211.63456838883,17955.6970844586,,4687.0014453644
NF1,RYR1,391.606008646736,314.663471706456,8119.61652365856,0.001,0.403519294208679,0.944152627455407,0.0212122652013208,3.14308012557856,0.461641860383236,6.80848162896083,502.424671328696,309.416932402425,10,11,3,437,461,196.19657686112,686.828377205137,177.262797035104,509.518808438144,1918.83891287442,23970.1054462733,,5156.75853785409
NF1,SACS,362.378031252233,217.582012406555,5125.54014771472,0.001,0.766457523058769,0.987664871850333,0.0535325904067074,2.79801198497776,0.544760437541649,5.13622464510163,453.058167589,214.598021906201,11,16,3,526,556,188.160438516784,620.66635961257,133.819469162096,330.62473938086,1239.22423632593,14210.136577412,,3726.10760428247
NF1,SF3B1,319.651152354299,788.8517145881,3091.34175977148,0.001,0.732759817782613,0.951173427680176,0.222089224036541,2.00962224874441,0.484254773052361,4.14992760128586,355.116014617579,779.739661416556,16,21,2,891,930,187.488868695032,502.852815747471,508.78502260255,1156.60154398677,506.916598760472,9908.65952110115,,11302.0392255336
NF1,SMAD4,320.121504211827,691.692570689644,2769.99965871746,0.001,0.849625105154319,0.978322363790729,0.269298397299545,1.9668711325752,0.524173290758424,3.752329939836,355.116014617196,684.617138420921,16,24,2,888,930,187.764003181849,503.593063819866,458.7257033248,992.697979291785,454.447349694926,8866.40699176042,,10221.77514932
NF1,SPHKAP,455.162347237132,251.082768496704,0.001,0.001,0.938035807354207,0.872450160658556,0.818394789268416,6.12196705153129e-07,0.191836465002128,3.19124263025978e-06,453.058167586286,246.21627540647,14,7,0,535,556,256.415477823386,736.94774677933,107.881457065968,485.602483407571,,14515.1368703496,,3620.62715466147
NF1,SPTA1,392.414142240916,149.156344122792,5734.24877582154,0.001,0.778441799174211,0.987568254993058,0.125316919220451,1.9074148330707,0.336792007902356,5.66348009547693,453.05816758635,146.960144956608,12,10,2,532,556,210.127956931714,658.175498637904,79.8693759240247,250.172456228322,920.266821449836,19637.6960915812,,3342.7125534267
NF1,SYNE1,389.292398733503,236.067397486933,2131.23779326855,1743.67953313252,0.877761614986514,0.786409522464744,0.00919210779100121,4.55339326850456,0.981288362279499,4.64021937234351,453.058167589276,252.979974339709,9,29,5,513,556,195.573711490373,673.097561029716,161.324139156569,330.442389546658,,7243.10762542254,,5809.37272116227
NF1,SYNE2,468.074652145019,1006.99564237456,4185.96421722806,0.001,0.461499198347516,0.908324884769297,0.461811649331216,1.48252166825563,0.384579102619385,3.8549199843624,502.424671328005,989.451682137055,12,11,1,437,461,250.64046105082,785.089532884464,539.218867286599,1689.0114510356,233.902758498865,20094.4565968592,,14042.9629567715
NF1,TENM1,393.96107877666,325.475557833655,4404.59211166615,0.001,0.516034671521141,0.903901579328511,0.175795443069196,2.11289743670467,0.47085556809016,4.48735786490708,453.058167588459,319.592763284987,12,14,2,528,556,210.954611183102,660.775759046053,190.895426372828,512.04764970857,714.616564370109,14576.1680825571,,3896.28205054477
NF1,TP53,319.602253338851,652.986901559473,797.162003146645,0.001,0.769569707091569,0.794990976202509,0.769552835176885,3.17951332752886,2.7609028885979,1.15162084862157,355.116014626269,646.062753231801,15,136,3,776,930,183.926832443896,509.805831449879,550.247009080569,767.799597786776,197.682826007228,2080.36988895572,,1884.82081169354
NF1,TTN,430.570629492202,628.005867251867,5753.20862802812,0.001,0.545695942543504,0.93578172918416,0.139386200129385,2.43709943365336,0.480576079477787,5.07120420205185,502.424671329594,617.519532481888,11,12,2,436,461,223.56712337369,737.471434617728,353.767357963604,1016.85839537213,924.206414149667,19642.4654826452,,9712.41444667702
NF1,XIRP2,426.510201696781,310.482777021846,2347.7961634504,0.001,0.698383790131195,0.890916230364569,0.627288682062738,1.28158514096168,0.508054027969478,2.52253711299908,453.058167588873,305.52842175873,13,18,1,524,556,234.618235083164,702.178371955137,190.958867408194,471.783049475979,132.500027961542,10787.9208145862,,3089.57625545754
NF1,ZFHX3,354.920391327985,248.037376642158,3643.5355283127,2215.69204776455,0.856378499992878,0.887765912049451,0.0197543738175313,2.8549624699586,0.377215546222641,7.56851751882341,387.661147258677,269.26822881187,14,13,3,771,801,202.315109279293,567.851283392428,138.744746810681,401.822953878123,,14927.4432419931,,9652.52592985703
NF1,ZNF521,392.201177894239,257.512372419603,6221.44941678831,0.001,0.482736494458263,0.935616948569045,0.102117480113514,2.45697862077917,0.405297692267751,6.06215793391694,453.058167584822,253.642162905063,12,12,2,530,556,210.014089502815,657.816441085174,145.066985048351,416.934300273489,1005.77956834993,20816.0134506414,,4287.63073669457
NF1,ZNF536,469.885485826392,190.70555206165,2958.72274359318,0.001,0.910753243217734,0.971735861780347,0.634112322975137,1.00558925265408,0.357827860414464,2.81025980338514,502.424671329219,187.437863803516,12,10,1,438,461,251.60653786591,788.131819212444,99.0212052508465,326.634556552703,165.771104805774,14036.6841212568,,3337.32227207343
NRAS,PBRM1,4762.01668935691,806.205758697879,0.001,0.001,0.618994747750466,0.604822399171436,0.374420137859864,7.5140928884089e-07,0.991079568613866,7.58172514737458e-07,4680.45591301883,793.894769805855,28,33,0,869,930,3208.78546752923,6750.30916405517,561.468742016038,1113.47222628507,,19048.9831736042,,3082.61786231847
NRAS,PEG3,3801.19203941812,175.250567745919,27793.2834752113,0.001,0.918707892028522,0.984288904544163,0.574859265498841,1.1273993575216,0.342289813647033,3.29369824216904,4034.32576342534,173.098906702908,14,12,1,529,556,2141.38411723897,6154.42829256455,96.4064037158415,288.517920028134,1561.26538778444,130311.020665789,,3657.67991764329
NRAS,PIK3CA,4706.40273405763,1010.04043320935,3538.25188450883,881.28429635871,0.976138258022961,0.999894359570444,0.977537356291953,1.05014787605845,1.28093936408276,0.819826375474395,4680.45591158925,1008.20815976884,27,42,1,860,930,3153.04569201215,6698.39265600798,735.099610780195,1346.11766768532,,29597.8353196174,,6552.32079776427
NRAS,PLEC,4076.52582912777,286.776325507249,0.001,0.001,0.856676554582848,0.823161889051593,0.705199785205197,7.29427568106015e-07,0.377698058944044,1.93124521249944e-06,4034.32576359183,282.790395643647,15,14,0,527,556,2345.78368960256,6501.48196438159,161.551392614943,464.325974888465,,51610.488776146,,2871.41565175227
NRAS,POLE,4711.55792093191,304.292086971584,0.001,0.001,0.832237370043104,0.795490092765548,0.662047432239298,8.10681195494503e-07,0.449716488478324,1.80264948309445e-06,4680.45591309844,299.668378354516,28,15,0,887,930,3174.80642529896,6678.6815662127,175.103561671278,485.291521656057,,50239.5694596475,,2561.01612454576
NRAS,PREX2,4471.79443189061,180.524050476599,0.001,0.001,0.816421343548999,0.804509770724497,0.656832329653796,1.29147192333163e-06,0.433784994228588,2.97721668687108e-06,4430.36078014195,177.911895581797,22,15,0,725,762,2853.77017950698,6609.40411733252,103.881124516774,287.902776922758,,42997.2407713835,,1603.60175862756
NRAS,PTPRT,4702.54771917207,98.3860617178687,1004.81615925655,594.846472959158,0.997172409905959,0.983558722244465,0.646505130703115,1.02048846815857,0.354228790105512,2.88087387774045,4680.45591172571,105.480497371759,27,11,1,891,930,3166.87929880228,6668.35188841828,51.0885906223296,168.497902327039,,97898.5265327205,13.9641367768791,2753.1998081781
NRAS,RASA1,4724.0501779416,383.084516469134,0.001,0.001,0.773372982959121,0.747166917225617,0.577856547850742,8.34350168027291e-07,0.571556905603021,1.45978494852933e-06,4680.45591348764,377.226423277562,28,19,0,883,930,3183.18944849827,6696.35023322022,235.619508157255,582.093989682776,,35694.6903232077,,2530.40825995824
NRAS,ROBO2,3841.07240315391,219.861409840266,30502.6581342681,358.169648759221,0.989156050045328,0.999908479812139,0.47325434840412,1.02579436967394,0.239612996788985,4.28104645165515,4034.32576334921,221.607065544075,14,8,1,533,556,2165.02523861462,6214.70378948652,103.655469897679,399.827752424902,,169504.32989127,,7222.11201574739
NRAS,ROS1,4700.50056187409,184.485345652407,1019.06031442238,1219.66370472684,0.997837754768244,0.988180446754203,0.611534189876263,1.02415731442899,0.328330402933187,3.1192886960194,4680.4559127148,199.397233907432,27,10,1,892,930,3165.63847806862,6665.30342999431,92.4423075526889,323.564979738412,,108793.385392226,31.5697111320215,5629.428399538
NRAS,RYR1,4190.91566246789,313.693916691108,0.001,0.001,0.858512137441689,0.826397583999494,0.709490729921462,6.82156957506133e-07,0.383813746152868,1.77731247081088e-06,4141.58458332917,309.416932402419,13,14,0,434,461,2305.37723414495,6899.67614547519,176.712201595153,507.919107558966,,53854.6181205399,,3218.75822038651
NRAS,SACS,4092.13539767496,217.449163572161,0.001,0.001,0.809254140993618,0.779927041075075,0.631183476713819,1.28846521140098e-06,0.511798833788575,2.51752275764905e-06,4034.32576335629,214.598021905546,15,19,0,522,556,2354.76436623764,6526.41037234114,133.738827678459,330.419685433567,,37454.8517785475,,1702.3983836778
NRAS,SF3B1,4741.41701088105,791.464010356418,0.000999999999976353,0.001,0.698339818056281,0.711048118151558,0.496577082360951,5.21671612706276e-07,0.681569428262372,7.6539761185629e-07,4680.45591166059,779.739661402265,28,23,0,879,930,3194.86904827757,6720.98537013175,510.477142764586,1160.44186936954,,25497.825570151,,4467.77671580462
NRAS,SMAD4,4571.19709578404,694.301119531141,13126.7303201224,0.000999999999997669,0.985388516200665,0.992151733391893,0.940195213101347,1.07258567523136,0.769168580031259,1.39447411539844,4680.45591349954,684.617138434552,27,25,1,877,930,3056.37414646176,6518.64420378362,460.437430776263,996.405072463864,744.717790418088,59274.0871761096,,6441.1905230335
NRAS,SPHKAP,4053.74250204785,249.28954801441,0.001,0.001,0.931108983834299,0.917019148343181,0.853847912398193,4.0086207498324e-07,0.183758902060061,2.18145662870918e-06,4034.32576351405,246.216275404716,15,7,0,534,556,2332.68697419962,6465.11026534154,107.114543476072,482.12380247343,,116265.919191023,,5614.18188866453
NRAS,SPTA1,4069.11170185987,148.815974415964,0.001,0.001,0.880153106098173,0.860907358986121,0.757740870501206,1.13774474523078e-06,0.317052144879545,3.58850985115723e-06,4034.3257638828,146.960144956628,15,12,0,529,556,2341.5164869885,6489.62251554307,79.6879124392417,249.599083423662,,62751.543090429,,1937.14708044511
NRAS,SYNE1,3866.07550945202,256.196296819195,10216.1159838728,0.001,0.941390579398358,0.959199231056375,0.931484298852143,1.16683456010568,0.917367249839697,1.27193832165861,4034.32576335753,252.979974340905,14,33,1,508,556,2177.90327941191,6259.60482668639,179.419625732826,352.285805146156,579.92368023403,45853.1083383212,,1993.03296737931
NRAS,SYNE2,3859.33010110722,1001.70530924408,33393.4110722756,0.001,0.863508999827886,0.978252630935261,0.511126741248116,1.24752166599101,0.328639684597055,3.79601650214762,4141.58458321549,989.451682137875,12,11,1,437,461,2066.43391762053,6472.62266995961,536.39108588866,1680.07864062405,1853.18370725879,156388.165409717,,22266.9293767701
NRAS,TENM1,4086.22673663446,323.862336839713,0.001,0.001,0.82679870948526,0.809931329613259,0.669668546968862,7.33483932782025e-07,0.424375082749372,1.72838595524989e-06,4034.32576351707,319.592763287207,15,16,0,525,556,2351.36336778954,6516.97878337259,189.954614164563,509.491011356038,,41798.6445815381,,2992.11754617872
NRAS,TP53,4691.02272595655,656.541005219517,4550.00327773743,0.001,0.999130918427756,0.891109882007429,0.4469427599127,2.09541914104038,4.15405440946926,0.504427466396161,4680.45591195326,646.062753184578,26,137,2,765,930,3110.85395269126,6732.9445852155,553.245343874513,771.998367328943,755.004143842372,14121.9878154637,,1205.49631893683
NRAS,TTN,4190.54425508272,625.973302473948,0.001,0.001,0.858611731668228,0.827461622040782,0.710485350409459,3.6488025505709e-07,0.382910450541586,9.5291276208577e-07,4141.58458330683,617.519532481224,13,14,0,434,461,2305.35183152163,6899.58532474586,352.642076870372,1013.56477561692,,53785.9997743305,,6472.11166789668
NRAS,XIRP2,4098.34699787727,309.575425827746,0.001,0.001,0.791197062568434,0.780334291641335,0.617421672837764,9.20784361041135e-07,0.509426040115909,1.80749370572347e-06,4034.32576351138,305.528421758002,15,19,0,522,556,2358.32443615597,6536.34272080449,190.403631065563,470.393704331255,,33921.7095145583,,2427.66642748495
NRAS,ZFHX3,4454.4100068945,273.257722437886,26831.9952038705,0.001,0.780227809428931,0.940970528266839,0.61961612295556,1.33661226134336,0.4778671000004,2.79703763105315,4615.53094212932,269.268228814506,23,15,1,762,801,2872.98165327869,6531.0164363146,160.27534702304,429.873618217209,1513.71106993903,123483.85576768,,3613.08654687156
NRAS,ZNF521,4078.15192383361,257.09886974571,0.001,0.001,0.851487932584041,0.828228122950246,0.705239826710733,8.00625865435452e-07,0.37426289078891,2.13920718601785e-06,4034.32576351707,253.642162904754,15,14,0,527,556,2346.73341097485,6504.11577408829,144.835808190084,416.260500122709,,49582.7206341457,,2656.7441707904
NRAS,ZNF536,4187.28357262754,190.161312383728,0.001,0.001,0.868159494051007,0.854082753061899,0.741493966884213,8.71643777313087e-07,0.306176952770909,2.84686280082381e-06,4141.58458332917,187.437863803603,13,11,0,437,461,2303.37166870336,6893.69347319666,98.7397874550749,325.697010250751,,58563.1703667306,,2355.72796666303
PBRM1,PEG3,723.262461316435,177.760802099287,0.001,0.001,0.841806628666891,0.70923877102503,0.59707039823853,1.85624269184118e-06,0.503494656751824,3.6867177574759e-06,716.229234698237,173.09890670213,18,13,0,525,556,438.460213976191,1110.78230993418,97.7825121248385,292.660079110026,,8239.00260282161,,997.648158333749
PBRM1,PIK3CA,764.884592675093,1029.24623112533,1896.5164461878,0.001,0.919405367931457,0.953814790876587,0.92072329355825,1.95882221835827,1.6371919377997,1.19645239701755,793.894769812448,1008.20815975274,31,41,2,856,930,526.222189220795,1066.69708699402,751.423020925328,1368.36299247256,312.840607629727,5979.55977032649,,4677.94293286845
PBRM1,PLEC,647.754817393899,289.147436423623,4522.51946652178,5.52436433242105,0.98342429105408,0.998366373680051,0.381182250999432,1.59242863108308,0.533641654040193,2.98407858349666,716.229234700612,282.790395642959,16,12,2,526,556,379.899674980379,1019.04111366097,162.832325867353,468.266223047914,718.914476989757,15309.6555329968,,3706.31958942042
PBRM1,POLE,802.173768914052,306.156252200008,0.001,0.001,0.713171028635395,0.726457247651777,0.518115021847482,1.33293206067532e-06,0.566394065846628,2.35336515873078e-06,793.894769817265,299.668378360291,33,15,0,882,930,558.658250444311,1107.8994932074,176.175277614312,488.269384833537,,4639.96033664769,,1835.91213426423
PBRM1,PREX2,677.624472494515,181.484489484485,0.001,0.001,0.809976727233281,0.743134467417329,0.601942462839519,1.82706356596091e-06,0.502495160799518,3.63598241036565e-06,671.360943150625,177.911895581797,23,15,0,724,762,437.045319108689,993.550607638126,104.433679919981,289.440644180002,,6270.90367296528,,1177.47492917959
PBRM1,PTPRT,799.527793970188,108.00486371369,0.001,0.001,0.794512973581714,0.753724171269636,0.598862453643554,2.59258620297249e-06,0.473409422915022,5.47641444694663e-06,793.894769807368,105.480497370999,33,12,0,885,930,556.81987551802,1104.23457416043,57.8344891577946,181.147927428077,,6831.49140695436,,731.911993107136
PBRM1,RASA1,779.399986124788,386.410863678632,1951.73197487342,0.001,0.939485096599419,0.95334707635796,0.934501530397702,0.929681982474917,0.758313890570965,1.22598569541555,793.894769756634,377.226423276006,32,18,1,879,930,539.575760312614,1081.55631566039,237.658381020675,587.154110911393,110.129446843051,8974.05158931926,,2780.78255781543
PBRM1,ROBO2,681.183452914225,227.279687267246,5340.40291298396,0.001,0.663469333646928,0.92759192219613,0.51126908556136,1.2116123851305,0.352913530952656,3.43317067458385,716.229234688506,221.607065544771,17,8,1,530,556,406.488318452509,1058.2487125222,109.204459540616,409.736803679375,297.798757521323,25876.5196653684,,3032.82104060039
PBRM1,ROS1,798.691688486431,203.751077647164,0.001,0.001,0.82196380791652,0.789094958333197,0.648620942417161,1.34612708980477e-06,0.420933146342017,3.19795934699571e-06,793.8947698039,199.397233907562,33,11,0,886,930,556.237505364945,1103.07624356301,105.797604603072,348.963841966207,,8045.24351917904,,1649.37478775902
PBRM1,RYR1,679.560937128819,317.984437816627,2864.96250295585,0.001,0.746194718911519,0.885585081726164,0.720631350909476,1.08131153195419,0.553676697453537,1.95296557887905,716.38952803147,309.416932403407,14,13,1,433,461,382.811448437907,1100.34265834249,179.120717268709,514.895699716022,160.776402780184,13484.7617225664,,2534.00606701804
PBRM1,SACS,566.377020251371,218.698529650329,8732.47097912607,0.001,0.548601142103199,0.972882128183878,0.0158714487825453,3.78100638479728,0.718189138263936,5.26463877459499,716.22923469329,214.59802190552,14,15,4,523,556,319.057653348627,917.041513493029,134.505369819963,332.324363802439,2612.89378010171,21975.6894125496,,2869.24618471496
PBRM1,SF3B1,804.998823782889,797.883727824098,0.001,0.001,0.636211680925757,0.591337216083058,0.376257486368391,1.17536721255286e-06,0.896279481636156,1.31138471496327e-06,793.894769810119,779.739661396149,33,23,0,874,930,560.625920821598,1111.80100982306,514.609455226832,1169.8714931089,,3434.05598524343,,2906.17608145267
PBRM1,SMAD4,807.695530043941,699.486975735059,0.001,0.001,0.570334564631574,0.574709841141964,0.327824715701751,1.35418853525887e-06,0.964963011628026,1.40335797221302e-06,793.894769748358,684.617138411734,33,26,0,871,930,562.498824876936,1115.53978783865,463.890078066879,1003.90142626631,,2770.00251367938,,2416.99854273134
PBRM1,SPHKAP,719.60513523162,251.681233220903,0.001,0.001,0.920296784485649,0.857892449814291,0.789523591240564,7.14728449456321e-07,0.256786369342779,2.78335821050627e-06,716.229234704025,246.216275404926,18,7,0,531,556,436.245564782219,1105.15756991821,108.140985670549,486.759364378191,,17571.5985257568,,3175.31539716097
PBRM1,SPTA1,685.035255092499,150.295965167988,3098.28285731274,0.001,0.899921843875975,0.96702251810022,0.761205036311121,0.928814742442838,0.443312961908465,2.09516712176492,716.229234700305,146.960144956635,17,11,1,527,556,408.780176066597,1064.2521441815,80.4773956300242,252.084140831332,173.730033577035,14642.3180394585,,1832.3629076169
PBRM1,SYNE1,709.053099385641,259.441628234866,867.063147911212,0.001,0.994475276968278,0.983739584467375,0.841942848187426,0.80608557673727,1.29470744544041,0.622600557041725,716.22923469399,252.979974340668,17,33,1,505,556,423.100658923071,1101.74383043979,181.683196643579,356.771098816632,49.1948500331026,3902.0544066649,,1037.37097827024
PBRM1,SYNE2,723.900037577161,1015.14888206807,0.001,0.001,0.631642789993132,0.736538141154122,0.632070515892781,5.66068056822786e-07,0.45484052704254,1.24454181887324e-06,716.389528027892,989.451682134476,15,12,0,434,461,416.544616640743,1154.57762624954,543.573836623402,1702.71568165432,,9353.6553320727,,6422.81820998647
PBRM1,TENM1,644.9226089883,326.868393398553,5707.66440536673,0.001,0.527734638443679,0.923615387040624,0.24483800427245,2.26693195835605,0.62161329373517,3.64685244219028,716.229234699069,319.592763285894,16,14,2,524,556,378.261484795898,1014.58912233057,191.713665057234,514.233975678691,926.917585068825,18808.6073992551,,3317.74194698378
PBRM1,TP53,833.122846369347,660.3755801338,317.752575274654,0.001,0.540050705070603,0.362570908975409,0.0573311790661356,1.07157731410645,5.09351409832992,0.21038074960032,793.894769815123,646.062753189306,32,138,1,759,930,576.734357200911,1156.21345437232,556.46412215657,776.520443948294,18.1079007846894,1405.15618531175,,722.209258641222
PBRM1,TTN,679.349373139983,634.82155788807,2971.60812890741,0.001,0.718824368784742,0.86690682550797,0.695358909438031,1.16716001825007,0.578778798550684,2.01659083085412,716.389528033086,617.519532484396,14,13,1,433,461,382.689149341147,1099.99686995735,357.597491629,1027.92598039715,166.697939983307,14010.9584205129,,4917.96555344525
PBRM1,XIRP2,685.694394665457,311.396350679797,2919.20014462457,0.001,0.758307991150135,0.890449640911778,0.721469545342305,1.31667660960731,0.663400531032568,1.98473855237639,716.229234704641,305.528421758268,17,18,1,520,556,409.192281516163,1065.310882348,191.52137598872,473.168092109485,164.840830112846,13381.1950789662,,2629.53950323924
PBRM1,ZFHX3,790.351996031487,258.332833914953,0.001,730.351437075365,0.998238672133927,0.995406078401041,0.952924401431679,0.849025041141338,0.624933204942013,1.35858526067617,780.068966353681,269.268228813467,27,15,1,758,801,532.548846436793,1120.3844736611,148.653113187174,412.010485800255,,7481.05979694546,41.399645497923,3296.69044403678
PBRM1,ZNF521,726.517214678949,259.990792908485,0.001,0.001,0.776810124806446,0.709207588271731,0.550961778707008,1.47626433615999e-06,0.536091220808289,2.75375585135335e-06,716.22923470005,253.642162904422,18,14,0,524,556,440.429532883941,1115.80809607508,146.461543536998,420.958983685502,,5643.04688438668,,1459.19301640525
PBRM1,ZNF536,725.945764064939,192.270977935165,0.001,0.001,0.82252871853482,0.757255662722784,0.622902895790143,1.4648869018025e-06,0.422664245437027,3.46584059952323e-06,716.389528025415,187.437863803797,15,11,0,435,461,417.718682921794,1157.85303945273,99.8325045088603,329.323264667355,,7323.46882845143,,1337.92375697874
PEG3,PIK3CA,178.127512635107,1077.10752660243,0.001,0.001,0.690472568144768,0.782652497372093,0.540434225467939,2.48789085905473e-06,0.7200423357982,3.45520080607036e-06,173.098906702569,1067.18196097192,13,27,0,516,556,97.9855858286307,293.263229886076,720.182615236968,1536.12904114265,,921.840776834352,,8621.96922920303
PEG3,PLEC,176.688124643044,265.085099498291,0.001,2141.99664715249,0.870508936442,0.565857573204342,0.474703256525431,1.3796084250313,0.385537978958144,3.57839823915526,173.098906702319,282.790395642645,12,13,1,530,556,97.1927992115501,290.892658615644,145.819458162488,436.420323932711,,1888.50672992201,120.268113449471,10062.7672058816
PEG3,POLE,175.034717196146,306.995537585762,0.001,3589.16433463469,0.949889821485648,0.669497040182831,0.391525234081077,1.31492095862412,0.262006227941281,5.0186629873501,173.098906702796,337.970832775593,12,9,1,534,556,96.2851110939802,288.158086008083,147.507712212462,553.413932431442,,3782.0593391035,201.816385238611,16756.0936225423
PEG3,PREX2,173.891444489965,96.991380784481,0.001,3948.12528505125,0.996681404259313,0.848418919920858,0.0226355130947113,2.82220078905313,0.219087523879957,12.8816134258721,173.098906702788,128.33417010856,11,6,2,537,556,95.6580596002318,286.272441781594,38.5498773143856,196.542036367643,,11663.214070745,638.233655421404,13221.7783310887
PEG3,PTPRT,174.411618534763,105.649105295899,0.001,0.001,0.906917738327295,0.936800468171593,0.849604684039705,1.55845137980943e-06,0.199725084693376,7.80298269594933e-06,173.098906703065,104.663255866997,13,7,0,536,556,95.9436455666503,287.131387600732,45.3951495682649,204.324726549042,,3605.81530353048,,3186.13238509361
PEG3,RASA1,175.609413494995,360.849840609815,0.001,0.001,0.830242833643871,0.902167789429122,0.749031611916806,1.3872197345121e-06,0.316252825742408,4.38642637028011e-06,173.098906702998,357.440733421905,13,11,0,532,556,96.6008672998212,289.110222958747,187.368470661477,618.041863345788,,1872.45542903986,,6900.64615771051
PEG3,ROBO2,174.528011510551,198.727703833858,0.001,2781.37259132773,0.965922142829158,0.744591876729898,0.346520888854291,1.50046138773997,0.261451893626314,5.73895781334265,173.098906701925,221.607065544285,12,8,1,535,556,96.0076210745435,287.3236613016,90.8144948671582,369.93072422399,,5241.10970492206,156.121656587738,13084.3933365805
PEG3,ROS1,173.927632722783,152.56319944244,0.001,3256.4141541226,0.98272285563272,0.853975209154299,0.251340084787972,1.34185310223683,0.160381197010903,8.36664850522106,173.098906702328,181.37297681024,12,5,1,538,556,95.678568246882,286.335829753295,54.7064323804908,327.889659374586,,9900.39625873735,183.112301321103,15198.8340951892
PEG3,RYR1,195.227287220407,222.746728897525,0.001,10159.0364474681,0.926687244371192,0.259673516029705,0.000438085900797026,4.8993455845843,0.448795750944137,10.9166487745873,192.210986935253,309.416932403007,8,10,4,439,461,104.538644576498,327.448691538747,111.608982214596,390.710611188075,,3981.26461639119,2942.82201800292,27842.3630646727
PEG3,SACS,177.039313385639,205.052972987764,0.001,1286.46047994058,0.8886815219078,0.650992922637333,0.57135813013246,1.47884091078184,0.524463605818499,2.81972074777983,173.098906702412,214.598021905944,12,18,1,525,556,97.387772049346,291.470430446641,124.309239806795,314.913277956218,,1790.20080912992,72.3314481299494,6007.77226033336
PEG3,SF3B1,175.449905054805,748.716044677465,0.001,6913.32984689744,0.945788389500651,0.693965338369833,0.463924562262476,1.5536922459865,0.388834831595848,3.99576406159363,173.098906702362,799.861713328558,12,13,1,530,556,96.5156611374594,288.846778197468,411.850473104234,1232.55907976736,,3071.33694623976,388.281984559828,32428.5287402191
PEG3,SMAD4,177.046642962302,915.2197696189,0.001,4914.50950015587,0.908152031304211,0.736531114105407,0.645988720747359,1.32469839761511,0.535369880776436,2.47436108227443,173.098906702521,952.261127385817,12,20,1,523,556,97.390811967928,291.478436683338,570.419056217445,1377.00922356996,,1850.03608733623,276.33251903524,22937.5558537088
PEG3,SPHKAP,146.958606479885,248.309868648735,7569.99874719145,0.001,0.718082235489119,0.981879561225818,0.0142333582112994,2.72628079478965,0.186776726603674,14.5964695086161,173.098906702493,246.216275404932,11,5,2,538,556,76.308728873176,251.693416229995,106.693842142687,480.227258584981,1162.23542252517,30796.014640407,,14584.2211610263
PEG3,SPTA1,175.571492492891,148.43277426358,0.001,0.001,0.832595652787598,0.888744108750452,0.739975971512103,2.09164539717761e-06,0.324886825070861,6.43807392534741e-06,173.098906702998,146.960144956822,13,12,0,531,556,96.5794626037957,289.042643625332,79.479319149891,248.944045641787,,1888.1613000503,,2468.27884181666
PEG3,SYNE1,181.526665914351,247.786322575474,0.001,811.854513623155,0.750428759306979,0.6910493899908,0.678875617302018,1.4508612505159,0.928066121761456,1.56331668239563,173.098906702564,252.979974339355,12,33,1,510,556,99.8500993313658,298.878020029689,172.549857575654,342.263272609002,,826.985591960481,45.6441876109478,3790.17068386863
PEG3,SYNE2,145.268811119823,997.658967002825,6041.98971626969,0.001,0.699437190520973,0.972841345357121,0.00366623407202439,4.11353883307853,0.373624858059263,11.0098103601716,192.21098693522,989.451682126869,9,9,3,440,461,69.8023776015759,261.882562054781,534.228225946192,1673.28419215531,1404.53445910751,18667.6413533047,,37118.2001709374
PEG3,TENM1,175.801026198958,302.161333449908,0.001,2263.2838327205,0.950095078180859,0.747975599689042,0.541757503621622,1.49160172308525,0.454255770681379,3.28361645433335,173.098906702362,319.592763287702,12,15,1,528,556,96.7065677924782,289.421904533031,173.87536896015,481.906391148068,,2774.6350757717,127.180262712656,10586.3500900106
PEG3,TP53,131.086738558567,755.859586062193,633.199596785698,990.744525417689,1,1,0.165800702738568,5.4482630238348,2.36787644645105,2.3009068028024,173.098906702073,758.023841535377,8,91,5,452,556,60.3583601667228,241.644487435996,613.033100526689,919.227835916888,122.068619753804,1567.65318826233,,6526.02418196008
PEG3,TTN,195.305535915629,578.44946259086,0.001,4896.3909352177,0.941696255034083,0.702081315420234,0.493424164059749,1.67615956039284,0.47310300869086,3.5429061527869,192.210986935229,617.51953248371,11,13,1,436,461,104.580693303992,327.577179225031,318.195448002678,952.322690082504,,3212.18981960257,274.78097644921,23038.5228869757
PEG3,XIRP2,134.728881014181,308.055138385406,3314.66125469662,0.001,0.699155414465023,0.970264803844524,0.0132265590813285,3.88536368520686,0.482970679881683,8.04471958040741,173.098906702827,305.528421758082,10,16,3,527,556,67.5077923472512,236.309628903553,189.468390980027,468.076521190794,797.767298359342,9304.02258281119,,7891.29895424311
PEG3,ZFHX3,195.665036128771,267.341686677346,0.001,6045.5533645221,0.894929293708249,0.280089745359031,0.0552380564317974,2.73393007492799,0.35068787596074,7.79590702255718,192.210986935477,323.739257245278,10,9,2,440,461,104.771819677701,328.187355212047,128.456096316204,481.965370246159,,2904.88828594104,974.715574687548,20402.7257614774
PEG3,ZNF521,175.3623618403,256.053968292816,0.001,0.001,0.845412456451535,0.876865181905867,0.741323233117439,1.95341712196356e-06,0.392664137611539,4.97477853171318e-06,173.098906703065,253.642162904822,13,14,0,529,556,96.4658013978359,288.698397240549,144.248177054618,414.566439572771,,2049.70526995901,,3827.13229180586
PEG3,ZNF536,194.725390622969,172.195991058963,0.001,1610.32807599584,0.955755939463319,0.769909458465337,0.47018139720668,1.37401892815592,0.343007075689422,4.00580345287113,192.210986935777,187.43786380357,11,10,1,439,461,104.270620986666,326.599256297616,86.2808248055892,302.030581807974,,4007.28388481031,90.4873590350821,7538.73622346306
PIK3CA,PLEC,1083.64466424188,248.462847153264,0.001,1597.88516838098,0.932854797170403,0.698980286637227,0.395883452922544,2.08175538399958,0.760223665881516,2.73834593347694,1067.18196098152,282.790395643917,25,12,2,517,556,724.535918815973,1545.48112132044,133.043242435362,416.747670453787,,10013.0206185901,262.3068663734,5105.30366776558
PIK3CA,POLE,976.864183170236,257.508326335822,5709.91413145529,2101.59413031215,0.978188644138178,0.955348063707168,0.0162107153924641,4.05718783300321,0.733623592212313,5.53033991282691,1008.20815980285,299.668378359779,39,11,4,876,930,705.479025671385,1309.20315976038,135.82598430406,433.786499988318,,24988.6693376928,,6809.5315780441
PIK3CA,PREX2,895.639698342598,182.083512383952,0.001,0.001,0.728219878412605,0.707623557877127,0.51533314762001,2.27542372359824e-06,0.657795242865115,3.45916719264696e-06,886.406907818017,177.911895581797,31,15,0,716,762,616.190791824906,1249.02692943038,104.777474052753,290.394343678135,,5496.65607033371,,1009.2239197983
PIK3CA,PTPRT,1007.68351065176,83.2183427807605,1080.65673712924,1021.10789739516,0.999765137661357,1,0.0594288699636921,3.06158329902139,0.603440188844018,5.07354888789612,1008.20815976089,105.480497371387,40,9,3,878,930,734.204671571945,1341.53074605098,40.011012442354,149.890456813229,,21662.5321670641,185.436768444535,2855.45374934342
PIK3CA,RASA1,1021.02113113409,387.329393036748,0.001,0.001,0.585527804132609,0.607660063976434,0.355850179399155,1.78807774562587e-06,0.952502077296411,1.8772428829774e-06,1008.20815973752,377.226423275013,43,19,0,868,930,745.425712250211,1357.41305827537,238.224007643338,588.547876558972,,3691.3090228179,,1483.8988989496
PIK3CA,ROBO2,1034.93914880967,227.557880199231,5304.61023812366,0.001,0.904454011778629,0.983533593428155,0.715041172770132,1.16413608129155,0.500408941076951,2.32636946651306,1067.18196097857,221.607065544198,26,8,1,521,556,686.341659157028,1485.38035018539,109.34075225059,410.239801939541,296.230531458597,25521.6630396459,,3147.00941286724
PIK3CA,ROS1,965.934390621519,204.484076812646,9321.92136901042,0.001,0.752696173128228,0.955497850284424,0.219870634842893,2.17723478224585,0.533442953296908,4.08147632055049,1008.20815978082,199.397233909548,41,9,2,878,930,699.610942715946,1292.57473882694,106.178172865198,350.221242151313,1494.74771889786,32089.0828204485,,2792.12137608628
PIK3CA,RYR1,1069.14088002476,318.957260382999,3184.99116050961,0.001,0.880475109602733,0.920331163344122,0.867223385570983,1.12732517686739,0.792527765304103,1.42244250134861,1100.91619337148,309.416932403503,22,13,1,425,461,682.259531230866,1580.36463069809,179.669535200772,516.471321585623,178.871480480531,14950.3806859612,,2397.38992798161
PIK3CA,SACS,1086.67384520062,185.41806290829,0.001,1301.23445981425,0.965325060466254,0.876673088072796,0.235671328537714,2.9615024716907,1.03096279849257,2.8725599759961,1067.18196098039,214.598021905897,24,16,3,513,556,726.555973361998,1549.79910298067,108.750896802536,291.710013524268,,9835.16443352503,317.573662071408,3523.73154739567
PIK3CA,SF3B1,973.315270322997,799.463692706271,3755.94658825935,0.001,0.926590005249528,0.698528929274217,0.699530125316279,2.09379732667798,1.15886548489759,1.80676476602719,1008.20815976076,779.73966136943,41,21,2,866,930,704.946374874086,1302.45786855433,515.630322446054,1172.19014062048,616.225007358656,12023.2522227578,,5570.23022560238
PIK3CA,SMAD4,1022.98025225614,619.994519314741,0.001,3335.46631360863,0.968523912464058,0.849397656255528,0.365766408550329,3.01930319107713,1.26605694830927,2.38480835724586,1008.20815975247,684.617138417408,40,23,3,864,930,746.855456215388,1360.01629072454,399.877860605405,909.043320827785,,7378.00837085521,821.405013898385,8839.17456403273
PIK3CA,SPHKAP,1071.73703527959,253.993942233212,0.001,0.001,0.893923261577335,0.804892741387934,0.719524853662235,9.41960434846633e-07,0.368563293388839,2.55576301748761e-06,1067.18196096648,246.216275404926,27,7,0,522,556,716.591552960013,1528.44549733963,109.132856226954,491.244406556505,,19421.4156755251,,2247.1734341132
PIK3CA,SPTA1,1068.88883161715,141.972396029353,936.459564340828,324.050049010617,0.999432808562601,0.996076524596519,0.918625703642909,0.982376461468293,0.645693594627487,1.52142822794308,1067.18196097421,146.960144956511,26,11,1,518,556,711.68872163406,1528.68585693057,73.85275980902,242.633098632199,,12698.8601663445,,1893.87366050892
PIK3CA,SYNE1,1104.67366167767,212.90156150186,0.001,1876.48727489911,0.947024067748153,0.494654260436981,0.0241355577865535,5.95404943217998,1.83343847368136,3.24747708616851,1067.18196097625,252.979974339967,21,28,6,501,556,738.570606674144,1575.54058721771,143.442900796765,301.837991274936,,6514.31156673486,720.157897701308,4061.04524339737
PIK3CA,SYNE2,1061.98541298635,1016.77430723582,5660.71930186821,0.001,0.627300977335523,0.876325418748649,0.627725764840531,1.60522752692519,0.670438656233758,2.39429441008471,1100.91619337532,989.451682137055,22,11,1,427,461,677.707348044863,1569.74513455209,544.44828639862,1705.42300703818,317.078032190379,26882.0697066482,,9128.41405404262
PIK3CA,TENM1,1001.27044146951,328.569309710161,5810.8668764559,0.001,0.75963545213788,0.937724470839105,0.440375118663244,2.24431534389632,0.885097917800993,2.53566899069458,1067.18196098194,319.592763286898,25,14,2,515,556,658.255514483689,1446.76020600771,192.709444943047,516.916762730252,945.045510536525,19089.1288236755,,2835.70790068256
PIK3CA,TP53,859.27203188644,660.465850701775,2873.89859719717,0.001,0.684447690394525,0.828773880728094,0.419670961835285,9.4474024855041,6.56506056052637,1.43904270164823,1008.20815975416,646.0627532008,34,130,9,757,930,601.769159115218,1181.44706493739,556.545168565277,776.626138207932,1372.22796326242,5231.60934540058,,1356.88702616694
PIK3CA,TTN,1118.73304763274,635.567408439917,0.001,0.001,0.695948575734691,0.671220502214666,0.467209731023882,1.08373493730549e-06,0.822798196184842,1.31713334123794e-06,1100.91619337462,617.519532481658,23,14,0,424,461,721.504824026544,1640.43304576468,358.023909625174,1029.11977634092,,6034.59769012225,,3065.00080003146
PIK3CA,XIRP2,1043.04302054,314.152275348972,2660.06955271037,0.001,0.864933684306163,0.885130404050006,0.864255563196202,1.21222555697303,0.978846854980759,1.23842207880094,1067.18196096553,305.528421756445,26,18,1,511,556,691.705957565879,1497.03999791885,193.213433407075,477.36823228368,150.143362308452,12216.0463841268,,1872.56411832669
PIK3CA,ZFHX3,1020.63513109627,276.46248078281,0.001,0.000999999999976353,0.653705614608326,0.658025582941577,0.43020362668466,1.9389622881354e-06,0.801229869595907,2.41998253149661e-06,1008.79749777633,269.268228813066,37,16,0,748,801,726.061897540613,1385.8241498736,162.153548371879,434.925306350419,,4676.7677522413,,1262.04584337128
PIK3CA,ZNF521,998.480121241623,260.258712044282,7061.41282645905,0.001,0.799150849086311,0.974714645646329,0.35252307033227,2.29612438247857,0.764055049904338,3.00518186846099,1067.18196097398,253.642162904468,25,12,2,517,556,656.420696357525,1442.70173288495,146.613785123456,421.388627248121,1142.31253305843,23545.0274150796,,2878.79632573026
PIK3CA,ZNF536,1065.48234367606,192.5448075976,4087.26950767685,0.001,0.945821379684815,0.972493872991373,0.83188612627252,1.1065733607815,0.620450374839712,1.78350018898348,1100.91619338404,187.437863803516,22,10,1,428,461,679.92165407129,1574.91149475278,99.9755279879936,329.789311699543,229.07137057867,19364.626418567,,2153.3228059288
PLEC,POLE,244.501378192434,343.017660020578,4286.17737254588,0.001,0.835948672890137,0.990084781115881,0.0938711466865889,1.84311489308774,0.278578321342209,6.61614616746733,282.790395644205,337.970832775425,12,8,2,534,556,130.923142202138,410.09182325273,171.870706334595,601.643401477106,682.313550457144,15112.3159316865,,9284.46028312055
PLEC,PREX2,264.093906228658,130.478792582479,3430.54507262481,0.001,0.669999033540265,0.952588127607619,0.358666586973062,1.24944128646013,0.229855144093306,5.43577691675649,282.790395643659,128.33417010869,13,7,1,535,556,145.276634350277,434.791089590537,59.6264324591734,242.891500314496,191.093659077561,16729.6635950004,,3001.36995754775
PLEC,PTPRT,243.633927365422,106.496209609717,6916.5428176529,0.001,0.570246839461436,0.975003176450068,0.0405948661365132,2.02408517842545,0.210478395091397,9.61659355843397,282.790395644404,104.663255867085,12,5,2,537,556,130.458481905279,408.630496661448,45.7586936956657,205.969311644401,1079.87482305112,26207.6985090363,,3322.57681125439
PLEC,RASA1,232.206496061494,349.21205289272,5791.10075545018,994.286953313847,0.490110872988273,0.992225020079425,0.00904861900389992,3.06338982286426,0.333826124342882,9.1766030261843,282.790395643076,357.440733421174,11,8,3,534,556,120.721927836378,397.055754299151,175.507478570672,607.38618816402,897.771082071527,18632.0246393459,,11513.2542282538
PLEC,ROBO2,264.783100700519,226.220981470534,2418.64890624679,0.001,0.68750071301448,0.929532270885762,0.465249583130829,1.09403236290939,0.274477325537248,3.98587519303457,282.790395642776,221.607065544717,13,8,1,534,556,145.653959947807,435.926216588139,108.697205236155,407.835869572366,134.817013273176,11747.0037365899,,3712.09560875954
PLEC,ROS1,263.721720190706,184.473146095273,4420.77693461481,0.001,0.694867402974293,0.966845103922599,0.298174859263025,1.14234178309305,0.168656255519803,6.77319545351176,282.790395644045,181.372976808319,13,5,1,537,556,145.07315848033,434.182260076962,73.3210522829972,373.830496048405,241.247806832241,24034.9645326989,,5584.32696999089
PLEC,RYR1,150.232523857056,313.546147138505,5098.56927924215,0.001,0.225167723533377,0.933960697696801,0.00689483753693903,3.19426234441216,0.334216334104365,9.55746927501961,222.421711956996,309.416932403843,6,11,3,441,461,59.7092423814354,304.443990007026,176.62679488906,507.687456079423,1202.87521704192,15136.0693713946,,6166.44471435939
PLEC,SACS,226.464024316057,217.872535990399,2978.20850187868,0.001,0.741789841164634,0.990450479808709,0.0636904843810861,2.66293021053718,0.552692790144983,4.81810195106514,282.790395644132,214.598021906246,11,16,3,526,556,117.587827239649,387.882769636441,133.997660804972,331.068310318902,720.868966941412,8232.65321942213,,3476.76779600168
PLEC,SF3B1,266.464125522256,814.984966414288,1375.15806725197,0.001,0.825736500969189,0.939920179222555,0.690203991676614,0.96718623398512,0.408158497390946,2.36963395388709,282.79039564365,799.861713337031,13,13,1,529,556,146.581572003109,438.710920608371,459.11496452713,1319.57992098079,77.4715590433659,6380.91223642135,,10038.4568115673
PLEC,SMAD4,289.295568528126,969.094089402811,0.001,0.001,0.72994003040291,0.695166042589964,0.507481836363843,1.35201299738229e-06,0.57142650435743,2.3660313042403e-06,282.790395644662,952.261127375263,14,21,0,521,556,162.968084149507,468.414073037711,611.433023966318,1444.76494146415,,1770.96755554316,,5183.20974112342
PLEC,SPHKAP,263.661365681686,250.371203515615,4842.47958598547,0.001,0.556594824719641,0.942596962664246,0.268304512802569,1.43037932554646,0.195537547013696,7.3151133753676,282.790395642776,246.216275404932,13,6,1,536,556,145.037112879342,434.073731253868,107.578290347062,484.223046260179,264.991412935101,25890.3195452423,,6091.71102665452
PLEC,SPTA1,224.312404382753,149.132711504466,5532.03714869017,0.001,0.640012554686531,0.989988617251084,0.0136258330693792,2.79095189362832,0.34318064501653,8.1326028555424,282.790395644198,146.960144956532,11,9,3,533,556,116.485984266307,384.237264650137,79.8552883881648,250.128514586632,1307.88561218344,16440.9419894093,,3823.75001187591
PLEC,SYNE1,235.641362049961,238.903467947347,1494.89425889819,1448.33030753533,0.816882640179335,0.835962794479798,0.0107563216015962,4.47521528239958,0.996874771933379,4.48924519748872,282.790395644353,252.97997433975,9,29,5,513,556,116.992479756993,411.053410472226,163.647831677753,333.770542587211,,4620.48332511007,,5246.16549235604
PLEC,SYNE2,149.235501727574,1003.62090629875,9988.39429491973,0.001,0.0621869729532308,0.90107240903435,0.00106189397341211,4.30605375499516,0.270610818389142,15.9123488877041,222.421711956919,989.451682139446,6,9,3,443,461,59.3134655385482,302.419606501427,537.408034892522,1683.34736996547,2311.88938703183,31087.5103262615,,17930.9763740326
PLEC,TENM1,266.89206045136,326.110432243684,1242.54863797448,0.001,0.769071542430813,0.904745253408292,0.704020548519537,1.02146821600529,0.473657346307338,2.15655520592834,282.7903956431,319.592763286579,13,15,1,527,556,146.811698872836,439.403441518669,191.266985446902,513.050893980329,69.9863291027997,5757.32597553475,,3170.43561831824
PLEC,TP53,243.181753076395,769.156795021417,698.826668136658,0.001,0.677563205052763,0.746377127892673,0.675575149760613,3.22775990227541,2.54135188328186,1.27009562253423,282.790395642301,758.023841538455,11,93,3,449,556,126.258163076174,416.565248065062,625.169562279201,933.802500205361,172.984982420826,1830.47211501645,,2258.35710912155
PLEC,TTN,226.352797655891,630.697197442775,0.001,0.001,0.856330090603874,0.746693962315579,0.639458439124413,1.07033615576136e-06,0.338477016573111,3.1622122133961e-06,222.421711957011,617.519532481224,9,14,0,438,461,108.759079621503,408.08134076684,355.27373381527,1021.25328969621,,2867.08585369219,,4281.87330048605
PLEC,XIRP2,224.639484486165,309.540292717025,5138.21978104637,0.001,0.263953119021493,0.915254936623809,0.0145899852711389,3.93475576976803,0.50826618660468,7.74152574668204,282.790395642889,305.528421756568,11,16,3,526,556,116.641767367529,384.751142079621,190.381541996319,470.343869583804,1235.75808986412,14440.9743814612,,4542.93400380076
PLEC,ZFHX3,175.647507713375,327.697882613488,3235.08426822348,25.3310930776538,0.720062830081679,0.998425980106676,0.0925198508462429,1.71772368836589,0.262837733962364,6.53530093442311,222.421711957011,323.7392572447,7,9,2,443,461,75.4698254407247,339.717110507966,170.000848221528,561.504067081603,504.51965950352,11369.7548563026,,9233.8246596011
PLEC,ZNF521,244.778020941804,257.913800090231,3846.48716056361,0.001,0.421975245351108,0.923589324934979,0.102158575521741,2.46376294776405,0.40998752316036,6.0093607941342,282.790395644612,253.642162905143,12,12,2,530,556,131.072196463633,410.556323101339,145.292796727466,417.589569722567,621.723559223664,12869.8160488057,,3866.45439860862
PLEC,ZNF536,175.056941065479,190.055922004716,3940.81748272351,0.001,0.518622318129477,0.951527502117507,0.063025744650929,1.97414264863694,0.254985762195023,7.7421681573226,222.421711957505,187.437863803789,7,9,2,443,461,75.2144142208791,338.566518099299,98.6845129237878,325.523541114919,630.681392071535,13643.5732509866,,4473.92363291127
POLE,PREX2,271.573365246951,179.438712136434,2594.56177120996,0.001,0.878968200196526,0.981928962833839,0.471521851190005,1.07041295507767,0.251255479528242,4.2602571577244,293.52404835599,177.911895581116,11,14,1,736,762,141.015130732249,465.120344844547,103.257623307468,286.173137148019,146.398401701414,11933.743510786,,4692.39353043554
POLE,PTPRT,240.955299087054,106.298100933593,10652.5991738213,0.001,0.713210255884515,0.993242866924508,0.00259901637718412,3.04625984081903,0.207427575207353,14.6858962111178,299.668378362011,105.480497371224,12,9,3,906,930,129.028892669253,404.126818321782,56.9213621367685,178.281972981973,2536.99652688422,30830.8207805204,,5083.21518590148
POLE,RASA1,262.42320426467,380.557052894975,3724.00160015346,0.001,0.818449998355031,0.987643615980158,0.126588694540757,1.92971597256883,0.329149467860132,5.86273459627419,299.668378360713,377.226423277981,13,17,2,898,930,144.357968531276,432.015969734425,234.062869926158,578.2445671993,608.422919478819,12066.6221152404,,9035.51591991385
POLE,ROBO2,340.996370369512,224.4190354009,0.001,0.001,0.915285342820215,0.893220887554901,0.817558287727166,6.9376811500624e-07,0.182410069541337,3.80334329541506e-06,337.970832775484,221.607065544048,10,9,0,537,556,170.862274773005,598.101274746383,107.833571645492,404.575236513939,,7649.91073104426,,3943.24182260035
POLE,ROS1,281.122232902124,201.287699424859,3801.56573915663,0.001,0.785071999419956,0.975667922496694,0.352684888735179,1.10371791026473,0.184630405118352,5.97798563869922,299.668378360405,199.397233907756,14,10,1,905,930,158.373156141052,455.147935734339,104.518349134218,344.738945062651,213.148150778419,17972.8188484215,,6260.66726377923
POLE,RYR1,333.073652854278,313.770892792826,2666.21850239262,0.001,0.711597862430412,0.944219377549668,0.521426517107175,1.06789863639487,0.305304626595397,3.49781347339388,369.124710398141,309.416932403609,8,13,1,439,461,152.204798081867,620.021968228115,176.753588003609,508.051393986531,149.870363823831,12462.0497678328,,5033.8157983727
POLE,SACS,310.296245325949,216.941698198785,1693.96381290428,0.001,0.940132872673057,0.981765312659012,0.701424613545759,0.929313697240015,0.375906878592764,2.47219125310761,337.97083277448,214.598021905799,9,18,1,528,556,149.096057696928,559.390930421852,133.425786912006,329.649119390182,95.7696697547718,7727.6460285391,,3595.83876858794
POLE,SF3B1,303.677415438289,787.013647743199,0.001,0.001,0.820001662579445,0.808955134826151,0.66335628089942,9.33845247663365e-07,0.396945783929756,2.3525763100903e-06,299.668378354516,779.739661427289,15,23,0,892,930,174.751566217615,484.315259044969,507.605123176523,1153.90661775916,,2957.88922274492,,7254.92743124958
POLE,SMAD4,287.413278237078,685.765826040469,1111.50368747547,553.862137912048,0.987218929333288,0.999938311427868,0.766164959688246,0.969259369655102,0.4364918375357,2.22056699874904,299.668378353927,684.617138410157,14,25,1,890,930,161.993813957736,465.029386829132,453.417740524449,986.095942431505,,5815.69202171256,,11289.1581442009
POLE,SPHKAP,305.35966857747,249.29642776363,8072.73079646888,0.001,0.519836602446925,0.959662793523461,0.197160069589671,1.3849435516824,0.133607093597951,10.3657935696884,337.970832774555,246.216275404989,9,6,1,540,556,146.727355479766,550.480542111378,107.116018278226,482.146778304149,446.249456301166,40863.6358481956,,8836.06569102716
POLE,SPTA1,273.174418800478,148.339967320992,6181.99595074751,0.001,0.804294126987088,0.989671853228625,0.0623053876299537,1.93357860877616,0.235594228652787,8.20724098307953,337.970832776009,146.960144956387,8,10,2,536,556,124.834229035227,508.512194422453,79.4327897357996,248.800416446265,995.99779829522,20932.5791457572,,5262.84018506141
POLE,SYNE1,276.386823249479,240.355433993885,2039.69621103694,2072.26265149634,0.876804293999149,0.840753440435749,0.0117652868829951,3.7558011352059,0.674106356332339,5.57152606547188,337.970832774495,252.979974339968,6,30,4,516,556,115.812968907986,532.032957393743,165.315414145266,334.853033530441,,7229.24794180137,,8411.30410013744
POLE,SYNE2,289.427137866485,998.063498399092,9474.30664891366,0.001,0.477940676625329,0.971056521456386,0.0322396343592687,2.77895824498598,0.258207299114783,10.7625084748306,369.124710397699,989.451682123223,7,10,2,442,461,124.359877446014,559.752771628601,534.449282343813,1673.98475529176,1521.74643614899,32366.9458092909,,34681.3263981703
POLE,TENM1,274.227827297223,323.485979162275,4709.30853228213,0.001,0.519034242005028,0.925123508301039,0.093538779633104,2.06385684697881,0.319541882947667,6.45879916566936,337.970832776323,319.592763288122,8,14,2,532,556,125.314613210339,510.473705411189,189.731002289928,508.907643141459,766.132603288109,15458.7689041633,,5829.82170135144
POLE,TP53,237.19297295367,650.610465899622,1077.51733365413,0.001,0.841947322014658,0.954840951799485,0.446887952793376,4.17769125037265,2.28352053628857,1.82949580876671,299.668378355951,646.0627532147,11,135,4,780,930,123.158800229756,406.258439245777,548.258367825063,765.002892979681,333.363066942919,2520.03290194106,,3242.89865600579
POLE,TTN,374.893727982274,625.046956890259,0.000999999999976353,0.001,0.870594099213659,0.845489281010227,0.736095635318044,6.9230511505502e-07,0.311740003431419,2.22077727412139e-06,369.124710396944,617.519532485675,9,14,0,438,461,180.135888595511,675.851230940824,352.107387070685,1012.03992003547,,5296.32574587213,,7438.72740517316
POLE,XIRP2,274.058826171415,308.39705132121,4791.20732372788,0.001,0.556007454679167,0.95329099610332,0.0920597779903814,2.35359578152164,0.358025131278604,6.57382841566544,337.970832775839,305.528421757477,8,17,2,529,556,125.237416288381,510.154908446913,189.678528925283,468.606446597958,781.550927717124,15595.3824155385,,6626.85333327428
POLE,ZFHX3,234.828045849971,271.441569244376,4402.89817336084,0.001,0.866273004632477,0.988319213506898,0.0824727812189692,1.8910203346497,0.257599046848314,7.34094461057235,278.867343313962,269.268228812663,10,14,2,775,801,117.642193287646,411.799612002014,159.168329195046,426.900745686738,714.988625952614,14509.5982275986,,8522.26541462884
POLE,ZNF521,238.713378673507,255.523730779268,10102.1058573664,0.001,0.539657047747188,0.994275133321382,0.00352446766114529,3.45150739274399,0.278343732271194,12.4001620750746,337.970832774158,253.642162905062,7,11,3,535,556,102.569857017277,461.670081126609,143.949710642746,413.706532570981,2417.19737747288,28796.6616724663,,11079.5931884005
POLE,ZNF536,357.496825033072,178.593083765926,1339.98112899754,1118.7790752851,0.993913038422032,0.978922370653701,0.45584880284011,1.06091083570138,0.238871549407162,4.44134447293694,369.12471039749,187.437863803522,8,10,1,442,461,166.039111284916,655.859429741745,89.8661551118877,311.80275648004,,13521.9417156124,,7791.43683278928
PREX2,PTPRT,179.040427289711,97.971246164814,0.001,2500.99997453694,0.990603171813609,0.829572625751703,0.0482436560957735,2.25991042836635,0.240867212087622,9.38239127185247,177.911895580233,118.757333402894,13,9,2,738,762,103.040643127535,285.569517123617,47.0755985130152,176.613760736667,,7377.506152388,407.078536894315,8209.86042243615
PREX2,RASA1,180.040791287203,363.970992275314,0.001,2903.55802751764,0.954535745515341,0.774576821900603,0.521006341530328,1.26941858925889,0.355089748297177,3.57492322813135,177.91189558026,385.07428579408,14,15,1,732,762,103.603636700988,287.134636386244,209.444332249422,580.476988961242,,3202.10703179198,163.759903000624,13377.9071502231
PREX2,ROBO2,129.405174316807,222.935194630394,0.001,0.001,0.935922307189043,0.947824582202492,0.887092242942366,9.53244978088531e-07,0.152725513287651,6.24155687919111e-06,128.334170108753,221.607065544598,8,9,0,539,556,59.1350793431018,240.882388080817,107.123053448511,401.897638993133,,3890.94788063961,,8320.32630031131
PREX2,ROS1,178.814632870457,178.418666829072,0.001,0.001,0.927603480191359,0.926312140394285,0.859252527750323,9.70665596969128e-07,0.169815123151646,5.71601385644738e-06,177.911895580973,176.724878400798,15,8,0,739,762,102.896228624135,285.168706697714,81.5383352365383,332.138173906009,,4787.4919884108,,4551.07701771353
PREX2,RYR1,77.777664632796,310.437087046446,0.001,0.001,0.939027988385327,0.955614023482046,0.897350753611389,1.16259346301904e-06,0.140538785622335,8.27240293752957e-06,76.5618455362128,309.41693240241,4,14,0,443,461,24.1457716867083,180.687216929629,174.879956587658,502.635204022013,,2426.29380530232,,14344.5223643602
PREX2,SACS,130.858911847775,204.503476213623,0.001,1853.78483419972,0.965722716889111,0.799680498477088,0.48034439814503,1.21112445519964,0.310192858436919,3.90442404542312,128.334170108514,214.598021905799,7,18,1,530,556,59.799187228396,243.594395584775,123.976704637538,314.069473138024,,2673.93256134551,103.439451259978,8968.90746129054
PREX2,SF3B1,180.109116381443,711.282941559636,0.001,9231.10595994593,0.984676269387569,0.867130004981936,0.144210039961754,2.17825521784774,0.411047530758125,5.29927819741485,177.911895582178,788.098998240508,13,17,2,730,762,103.643211123095,287.242713234636,424.474711595211,1104.99533207518,,3889.08398241804,1502.28487896557,30271.6690729203
PREX2,SMAD4,181.055103920207,753.973072822872,0.001,0.001,0.770014069835188,0.779381483712879,0.600153025601006,1.68488445813526e-06,0.473716968261235,3.55673233390728e-06,177.911895581283,745.771365184952,15,23,0,724,762,104.18680877061,288.754349660511,486.291827276329,1105.4792129325,,1338.11438145591,,5890.74805811311
PREX2,SPHKAP,128.897488271886,247.872454169759,0.001,0.001,0.965695447022331,0.954269173864289,0.921534218733102,6.69355064359441e-07,0.111613663804772,5.99707098165181e-06,128.334170108324,246.216275404416,8,7,0,541,556,58.9037371223821,239.93763502948,106.505933661036,479.380223392772,,7489.55414182895,,10575.1068794387
PREX2,SPTA1,129.944285634513,148.007637298989,0.001,0.001,0.905376257933039,0.918910952912585,0.831964998623084,1.42839673321002e-06,0.192332640498738,7.42669954255316e-06,128.33417010892,146.960144956435,8,12,0,536,556,59.3815683610927,241.889501990964,79.2552805713795,248.24122293634,,2573.38366407742,,3488.72250121644
PREX2,SYNE1,133.741210202103,247.056875649448,0.001,1183.56391481748,0.902500596510097,0.751839688610071,0.68472338252688,1.20335011079589,0.551661403197639,2.18132010653784,128.334170108601,252.979974339429,7,33,1,515,556,61.114648699073,248.970576786464,172.042364053065,341.254188163282,,1224.55208692894,66.0385308239319,5725.46271164276
PREX2,SYNE2,77.3012966711826,993.12096343473,0.001,0.001,0.920133215517868,0.956779424715883,0.920756402184241,8.44902078437834e-07,0.118621624174086,7.12266489622397e-06,76.5618455361736,989.45168213444,4,12,0,445,461,23.9980604895064,179.578656327922,531.801787102188,1665.66746377587,,3979.46978238207,,47088.4568617823
PREX2,TENM1,130.267246856701,321.568798401018,0.001,0.001,0.88760891986721,0.907021585870995,0.805086999318591,1.48433524462151e-06,0.266658929446171,5.56641867461311e-06,128.33417010892,319.592763286117,8,16,0,532,556,59.5291322516609,242.490840413832,188.61093404471,505.876763521735,,2128.3924810099,,6582.89464872416
PREX2,TP53,129.469931578763,765.387293474643,700.513245600461,0.001,0.946015408983978,0.982822616401721,0.277575874805473,5.34412726913782,2.67199953097474,2.00004798174059,177.91189558147,759.707967680603,10,127,5,620,762,64.8703882866668,227.102584653244,641.967156555307,903.748843040193,250.126126555178,1517.47541801961,,4033.85325516033
PREX2,TTN,77.765369312433,619.237546726765,0.001,0.001,0.939618320169637,0.962410025909595,0.904299996886498,1.09772699797986e-06,0.147253319003197,7.45468425031582e-06,76.5618455361736,617.519532485675,4,14,0,443,461,24.1419380976939,180.65852595516,348.841813175451,1002.60528665951,,2452.09306199714,,34096.0054532115
PREX2,XIRP2,130.133164352562,307.775337143267,0.001,0.001,0.895049318693257,0.870878521546128,0.779485904008861,1.64527521346811e-06,0.291823805971063,5.63790609197678e-06,128.334170108773,305.528421758037,8,19,0,529,556,59.4674864739987,242.237970124218,189.298479844389,467.656656361501,,2281.1806691922,,4430.30139209358
PREX2,ZFHX3,150.122626357623,285.603668801711,0.001,0.000999999999976353,0.868839392944583,0.899712866774284,0.781714055733375,1.35166438919483e-06,0.258491441054934,5.22904891426397e-06,148.208328512082,283.433817989552,11,14,0,642,667,77.9510888981684,257.11549735007,160.893806559282,462.413011318246,,2094.59276918509,,5326.63536841701
PREX2,ZNF521,129.986245747205,255.219259482541,0.001,0.001,0.903036677624935,0.917480033103112,0.828522598503326,1.38148706926074e-06,0.231336775611749,5.97175725998398e-06,128.33417010892,253.642162905324,8,14,0,534,556,59.4007929937957,241.967336266094,143.77823057492,413.21286228133,,2499.01292498018,,5916.93472110481
PREX2,ZNF536,77.5025569761643,188.041056019332,0.001,0.001,0.952399726542131,0.965562716975512,0.919602845030643,1.01850371065065e-06,0.109272694761354,9.32075220506835e-06,76.5618455361617,187.437863803686,4,11,0,446,461,24.0604657582749,180.047039102975,97.6401038635017,322.059489176241,,3135.00349440975,,11294.9550981701
PTPRT,RASA1,106.677767281932,339.418313436431,0.001,6436.28282667827,0.992673480181629,0.790722358828365,0.0764337507095513,2.06736724361292,0.277160558068946,7.45909612109615,105.480497372214,377.226423276664,10,17,2,901,930,57.1226178228721,178.913796159043,202.563311445485,527.312859908277,,3197.35142975283,1041.37074971784,21848.9612778459
PTPRT,ROBO2,105.560296954745,223.286077536608,0.001,0.001,0.94227175662472,0.934659822892408,0.880706500758102,9.94367579796283e-07,0.13920986536368,7.14293902374332e-06,104.663255866859,221.607065544822,7,9,0,540,556,45.3569223769116,204.153454444537,107.290001449559,402.528050393287,,3557.22046917785,,6696.51950658868
PTPRT,ROS1,79.4413809757611,200.438570130187,5670.73403163153,0.001,0.79582974738263,0.9948573289605,0.000773137658809083,3.19305162393651,0.152882889672399,20.8856048625105,105.480497370969,199.397233908048,9,8,3,910,930,38.1723552822495,143.210130293868,104.078869280241,343.285430744225,1330.63558789493,17117.6571697519,,15168.1046737557
PTPRT,RYR1,92.5760656788451,311.675409802577,0.001,0.001,0.912003664228164,0.904430957801842,0.82485400486683,1.36478974757138e-06,0.187845428340502,7.26549354769214e-06,90.8786021895539,309.416932403293,5,14,0,442,461,33.1970350630552,198.980415709856,175.575645063243,504.647923509293,,1976.87820335255,,6467.09621308783
PTPRT,SACS,107.028945722856,204.600645983692,0.001,1721.6844607091,0.972828981060257,0.85877331339331,0.515119587211458,1.02983738104951,0.281821139903213,3.65422331838978,104.66325586696,214.598021905799,6,18,1,531,556,45.9869139537053,206.997396991726,124.034934822152,314.219489689517,,2211.51837222051,95.3676792941601,8632.41218586528
PTPRT,SF3B1,106.938139954444,785.274270561749,0.001,0.001,0.848691619728019,0.850861188720602,0.722126794257281,1.80370484683225e-06,0.329887451121113,5.46763704015539e-06,105.480497372214,779.739661412508,12,23,0,895,930,57.2638614755047,179.356256064131,506.486006757421,1151.35532507006,,1260.56568259768,,9563.552817133
PTPRT,SMAD4,107.214873162606,689.479265880504,0.001,0.001,0.822868761661862,0.833234989427211,0.685653311594659,1.97636312573857e-06,0.355510460704942,5.55922636374647e-06,105.4804973711,684.617138420354,12,26,0,892,930,57.4118779675402,179.821185159041,457.259571198173,989.517557538078,,1061.3958002871,,7421.32095740041
PTPRT,SPHKAP,105.122340182411,247.829831742116,0.001,0.001,0.970014858949471,0.955460723650806,0.926811983719002,6.8489148671207e-07,0.0994392252269285,6.88753844520702e-06,104.663255866859,246.216275404716,7,7,0,542,556,45.1686928566827,203.303971004069,106.486932157603,479.295370174717,,7094.2626522875,,10965.1392244388
PTPRT,SPTA1,105.797171989032,110.639971741818,0.001,7869.1176410665,0.991064066351654,0.592635854058897,0.00091006955711055,3.07942409286871,0.175134115962966,17.5832337174094,104.663255866997,146.960144956629,4,9,3,540,556,45.4586334688785,204.612601209777,53.1631138981973,199.455248898484,,6112.13505140342,1765.84326918279,27919.9672688321
PTPRT,SYNE1,109.369234637126,239.309227784933,0.001,2600.94111822486,0.938201782225972,0.593838320697852,0.186299310432919,2.07338554626483,0.497723329448179,4.1657391237087,104.663255866896,252.979974339514,5,32,2,517,556,46.9915962390135,211.534378253486,165.659113621026,332.118968342187,,1303.36692093106,406.635100156967,9811.15209893021
PTPRT,SYNE2,73.2763211548055,993.910425434221,2140.23773022743,0.001,0.663154600629131,0.989445075539762,0.193760565459276,1.63670789111459,0.155623140664002,10.5171241508891,90.8786021894917,989.451682143365,4,11,1,445,461,22.7489863814565,170.232631086076,532.253331329034,1667.08216713138,119.435982382576,10263.6312465166,,60824.1149070293
PTPRT,TENM1,106.40622168019,322.035576645849,0.001,0.001,0.891279370337186,0.886406382079452,0.790045147313401,1.56428154186958e-06,0.241698730101793,6.4720304538248e-06,104.663255866782,319.592763286636,7,16,0,533,556,45.7200526510162,205.791941855508,188.883798402265,506.61469930871,,1803.96592407707,,5390.01576893624
PTPRT,TP53,47.3435293886285,648.10036488305,843.745311147748,0.001,0.733080736911269,0.977835344263564,0.00192643347066395,7.37809170933217,1.85309875329612,3.98148868008719,105.480497371177,646.062753218098,5,132,7,786,930,16.977218580809,101.761221395726,546.149540676809,762.043538357179,360.557976191075,1646.99795320439,,7514.40218212794
PTPRT,TTN,92.4672459719529,621.667273039044,0.001,0.001,0.917344314428095,0.911566343281635,0.836228021139744,1.25680630692644e-06,0.195098301457725,6.44191311526497e-06,90.878602189604,617.519532485675,5,14,0,442,461,33.1581058892704,198.745625429438,350.20714112287,1006.55243722545,,2108.58716381972,,14010.9351419687
PTPRT,XIRP2,75.6542982785928,307.008374998319,2364.47874051671,0.001,0.598486521379514,0.983834968518148,0.0376689524604093,2.62239786495474,0.258507140496235,10.1443923750839,104.663255866997,305.528421758685,5,17,2,532,556,27.1294370030491,162.604753191666,188.826802294814,466.487542453382,384.701886316555,7752.49943668113,,12713.9779636772
PTPRT,ZFHX3,103.872703519127,271.170882269471,0.001,0.001,0.871041538104689,0.894222074515651,0.778912214746389,1.54199090039459e-06,0.225233901418241,6.84617586733199e-06,102.447131256769,269.268228813202,10,16,0,775,801,52.0494518266961,182.198329064204,159.054288944409,426.593630424635,,1470.77746390012,,4810.17446307027
PTPRT,ZNF521,81.2364403018897,247.930161986451,2245.81522254486,1500.6419838878,0.860462531053901,0.990567508691101,0.0296576650574868,2.40630854565066,0.209575690192737,11.4818113848877,104.663255867023,253.642162904995,5,12,2,537,556,29.2775592936233,173.382988643259,137.089795452663,405.433787675295,,8547.88233871133,,18335.3032737355
PTPRT,ZNF536,81.193672593863,181.235791454157,886.425990459205,1460.49127708716,0.96359978599972,0.980634368500596,0.270651580019972,1.10466826426685,0.142814611562539,7.73498070106862,90.8786021894234,187.437863803875,4,10,1,446,461,25.6703301001896,184.873183824948,91.7611597209698,314.780057269131,,6330.25238347544,,14714.30423229
RASA1,ROBO2,360.650072346929,224.840279763726,0.001,0.001,0.907402767057629,0.878446785190507,0.797115922936548,8.29214952813078e-07,0.222180462401733,3.73216863377367e-06,357.440733421905,221.607065544048,11,9,0,536,556,187.264176145148,617.702207983741,108.035251504781,405.33887042555,,7442.37239766777,,3451.12310839542
RASA1,ROS1,379.443170034272,201.789830998979,0.001,0.001,0.895484697216571,0.877399753946159,0.785703450101499,9.50613976761572e-07,0.244332639994022,3.89065487437467e-06,377.226423266245,199.397233908178,19,11,0,900,930,233.378382118194,576.548620809895,104.779973117776,345.602189202783,,6813.11427447329,,3000.02915795972
RASA1,RYR1,395.018295260599,314.027278512848,2215.29090506467,0.001,0.917723548270852,0.994587202098944,0.693606082735297,1.02486402410425,0.41055853562604,2.49626773084011,427.304020262473,309.416932403684,10,13,1,437,461,197.925391822172,692.901422534359,176.897749225401,508.463049458181,124.082732123998,10513.7289464589,,5147.15972914156
RASA1,SACS,330.132298661305,206.101487829178,1629.82447706243,956.344066716474,0.980262598854982,0.983211637034533,0.227941614626311,1.80648956392028,0.444785735853498,4.06148268323805,357.440733423135,214.59802190599,9,17,2,528,556,161.078145986622,586.038522219198,123.912746316198,317.86843355944,,8341.10595849363,,5486.29859158954
RASA1,SF3B1,362.253015380828,789.374377129262,1463.56620483942,0.001,0.929044862205734,0.971994492183356,0.808510160904812,1.00017712519763,0.522885505319073,1.91280330975575,377.226423278775,779.73966137611,18,22,1,889,930,219.613373290295,556.324674804612,509.126679168734,1157.37863325999,82.8635006698783,6637.42041227755,,9358.1031964246
RASA1,SMAD4,342.694931092539,692.293464006978,2578.574845066,0.001,0.953463627699925,0.988615905227386,0.334121638563083,1.83660815172377,0.55778076925053,3.29270611855543,377.226423278518,684.617138428631,17,24,2,887,930,204.508606530929,532.391708307071,459.123417936621,993.562096229613,422.32201256023,8293.83483466205,,9695.92906695182
RASA1,SPHKAP,359.033939681278,249.417718075276,0.001,0.001,0.952859424276809,0.913749149193037,0.8706776916604,5.48743845651695e-07,0.157507428739565,3.48392358406809e-06,357.440733421905,246.216275403953,11,7,0,538,556,186.426086484812,614.92707602533,107.16928706991,482.375802259095,,15244.1057991085,,5453.90682382355
RASA1,SPTA1,321.177656718487,138.829618648275,3590.15831696566,916.54386374832,0.879916510869518,0.958158802672841,0.0838915096032953,1.93821489385093,0.276562893975825,7.00822466089885,357.440733422094,146.960144956843,9,10,2,535,556,155.881578080699,572.729391111808,71.1454550556158,238.609739164518,,16613.2105362098,,5941.45204511451
RASA1,SYNE1,362.410368937592,235.013463475064,252.428000820619,2004.83298517508,0.998785064864465,0.630842346224525,0.12617024719013,2.86096278469702,0.787622570764868,3.63240324857464,357.440733422712,252.979974340031,8,31,3,514,556,183.405152190824,628.22950234199,161.695142303955,327.706472425981,,3846.50514020376,350.916897100848,6303.0443412717
RASA1,SYNE2,391.719044803729,1004.54610878585,4384.06732118549,0.001,0.579835591860427,0.930652386154404,0.395736627822826,1.57445513857544,0.339409690994132,4.63880431334725,427.304020262211,989.451682134658,10,11,1,439,461,196.249865903334,687.004331426567,537.895608657654,1684.84400765911,244.524859392494,21114.3247091208,,16755.1499201218
RASA1,TENM1,363.618943234739,324.271285461866,0.001,0.001,0.829910729966011,0.794585039882706,0.659466204609257,1.1709188458605e-06,0.383997559998607,3.04928720345189e-06,357.440733421484,319.592763286749,11,16,0,529,556,188.804033886857,622.799480945864,190.191304882453,510.145497698879,,3807.88724105824,,2794.27123909342
RASA1,TP53,256.655803458642,651.413102855076,1912.19738691405,0.001,0.508895900627459,0.857098861434254,0.0437372810533854,7.46177402878073,2.9452063185023,2.53353185544407,377.226423278515,646.062753204324,12,132,7,779,930,137.430334916639,430.495096603951,548.933961019913,765.952944349627,816.949646555594,3733.68354176363,,2928.29788225003
RASA1,TTN,394.780028369993,628.060270529147,2412.44858741383,0.001,0.780561482746872,0.932053181245335,0.622780036972394,1.16362695907771,0.430517517085742,2.70285624370067,427.304020262949,617.519532478853,10,13,1,437,461,197.802599048291,692.478789477416,353.796300798994,1016.9510092832,135.063302057532,11478.5111291402,,8545.08989166366
RASA1,XIRP2,295.798134964283,308.529995332616,5391.24576545442,0.001,0.443253424665553,0.942854289959758,0.0831063024629374,2.73996123660697,0.407034566625886,6.73151978054317,357.440733420407,305.52842175688,9,17,2,528,556,142.127014409935,533.243192526858,189.791770920246,468.880579224852,877.273647627746,17678.4460992768,,5756.32060558728
RASA1,ZFHX3,415.027970578179,240.449579876651,276.996462269679,2664.57400590537,0.999478417674425,0.719694789008012,0.16893721224903,2.01529384221203,0.410783091355337,4.90598051531959,413.201059140906,269.268228808332,16,14,2,769,801,250.462016043933,638.990750243526,135.476735863098,389.233932419476,,8197.96991858106,303.08692755379,9072.57716256307
RASA1,ZNF521,328.644386468923,256.702806260952,2746.9056809715,0.001,0.788069095044529,0.968591106299293,0.515381797574981,1.21044893128246,0.332900769474389,3.63606528514072,357.440733420376,253.642162905154,10,13,1,532,556,164.670745765682,576.448690789413,144.6121011915,415.622379927458,154.180367710585,12909.1055737815,,5037.82764440128
RASA1,ZNF536,393.129259592286,190.027083453732,3086.88848970213,0.001,0.915613855664068,0.994317089164169,0.555428549524279,1.08077378602247,0.319339624713411,3.38440238035729,427.304020262047,187.437863803883,10,10,1,440,461,196.978711295628,689.569339702484,98.6698872456043,325.469801923652,172.631604988909,14752.1520517671,,4315.11908331561
ROBO2,ROS1,222.727606410297,182.957603790651,0.001,0.001,0.955869187828389,0.949287240873269,0.907395964687615,5.64119788097834e-07,0.111056980899731,5.07955270823683e-06,221.607065544822,181.372976808319,9,6,0,541,556,107.021964977864,401.519400380698,72.7176383767956,370.744103688952,,10268.6994178872,,6994.7112133891
ROBO2,RYR1,210.42945216673,289.600245271102,0.001,2778.25455026993,0.977302270299489,0.9130900238801,0.476400582671018,1.07472462725185,0.266701479183321,4.02969128833785,206.582997833935,309.416932403107,6,13,1,441,461,90.4146756854779,406.986481495198,159.302152882314,476.793268083125,,5440.3582559543,152.786158596762,14411.3587673674
ROBO2,SACS,227.063050551439,216.559942108345,0.001,0.001,0.804338840765312,0.843425745788744,0.678422507540468,1.72094461582846e-06,0.364399073815268,4.72269206891808e-06,221.607065544243,214.598021905184,9,19,0,528,556,109.102288150687,409.351899963843,133.192175592773,329.067667122103,,2017.31345247236,,2532.07754095265
ROBO2,SF3B1,225.032221473845,806.803614690171,0.001,0.001,0.871674541916662,0.886969116548835,0.773158349411544,7.98160342379336e-07,0.271379370392879,2.94112386370353e-06,221.607065544048,799.861713328349,9,14,0,533,556,108.128240617019,405.680343788883,454.510650344356,1306.26997874563,,3200.41780058497,,13423.5805745106
ROBO2,SMAD4,226.46854319455,914.09825031793,0.001,5596.24428832992,0.979730702730299,0.918189568756236,0.643955931886104,1.03417576471247,0.371663878340814,2.78255656516649,221.607065544574,952.261127380518,8,20,1,527,556,108.817494421394,408.275891207583,569.720663815868,1375.32629531305,,3851.76661425213,312.491170312798,26967.467177289
ROBO2,SPHKAP,197.734184199791,248.152239274358,6323.56084874209,0.001,0.666130173245993,0.977526786134088,0.171933553116181,1.51854769557318,0.129726356342726,11.7057762075835,221.607065544399,246.216275403398,8,6,1,541,556,90.3606147466879,368.078874301221,106.624740070334,479.917393495208,345.753530505971,33902.66073727,,13728.4161710762
ROBO2,SPTA1,224.908938232906,148.267785910168,0.001,0.001,0.875985393219703,0.900011327103089,0.788406134035549,1.29897099337105e-06,0.224689305584778,5.78118744899913e-06,221.607065544822,146.960144956522,9,12,0,535,556,108.068612878847,405.461161049239,79.3943295435921,248.678803671398,,3353.53649389445,,2802.76355519969
ROBO2,SYNE1,232.885395521038,255.382956948607,0.001,0.001,0.641234197249666,0.733023236889328,0.470103683114141,2.8491630399731e-06,0.642332090296793,4.43565420911265e-06,221.607065544152,252.979974340069,9,34,0,513,556,111.895066437173,419.875782004964,178.850444121906,351.166228802363,,990.780729647571,,1630.62172562853
ROBO2,SYNE2,178.751238143951,996.771686501826,3109.56328876326,0.001,0.733935593713948,0.968434472635807,0.295039759174601,1.48689503090655,0.218992362486335,6.78971181471834,206.58299783463,989.451682129752,6,11,1,443,461,71.044974033205,362.224545659776,533.753060837196,1671.80939422539,173.278982925464,15109.46135231,,36239.0977750799
ROBO2,TENM1,220.644269887982,305.313209456441,287.768322425315,2164.5961237586,0.999745215920015,0.920574298434265,0.521510392889427,1.18284303466234,0.319090673782375,3.7069182268519,221.607065544832,319.59276328628,8,15,1,532,556,104.097947661004,401.161501982591,175.760180162152,486.63265741925,,5780.51906592184,,11981.6950989719
ROBO2,TP53,188.376141781704,763.861387090453,578.337485400218,0.001,0.908004145364055,0.939856709642745,0.855061656965179,2.2024092230368,1.64323259838254,1.34029061083906,221.607065544559,758.0238415288,7,94,2,453,556,80.9361026766412,364.36305272321,620.885333016386,927.340051361606,95.8259311185712,1801.99114099952,,4199.08190078478
ROBO2,TTN,210.2068028585,622.55893560681,0.001,0.001,0.886009769249811,0.893791286762786,0.791921037741014,9.20072380746102e-07,0.277925546946856,3.31049948755533e-06,206.582997833991,617.519532477643,7,14,0,440,461,90.319780650855,406.553964342873,350.709803540536,1008.00255279812,,3424.4928361219,,11342.4698830376
ROBO2,XIRP2,199.558745479372,307.958741052167,1898.99369025118,0.001,0.7605493247263,0.957699722105873,0.467217386188985,1.36792046055128,0.334381992453105,4.09089152952256,221.607065544989,305.528421758068,8,18,1,529,556,91.1934035769718,371.477970996526,189.410395079497,467.934587065827,107.014757921174,8778.89646279054,,6447.94750915307
ROBO2,ZFHX3,210.910603207138,326.581010666791,0.001,0.001,0.865595999615346,0.909683367969159,0.787432213340162,8.47484184281211e-07,0.208742281158719,4.05995459844965e-06,206.582997834091,323.739257244733,7,11,0,443,461,90.6206970581257,407.922671339958,169.571796485074,559.361987360644,,2886.73342854195,,6992.99087429358
ROBO2,ZNF521,224.426350610422,255.785901719798,0.001,0.001,0.893042215121803,0.889523774473179,0.794390433395082,1.18728052386514e-06,0.275006847966925,4.31727621563784e-06,221.607065544203,253.642162905324,9,14,0,533,556,107.837237898201,404.585299558411,144.098051714642,414.136662853656,,3898.19133145976,,4361.40610074266
ROBO2,ZNF536,209.373467647968,171.637278887279,0.001,2304.49896881411,0.983082581131595,0.899925237672798,0.3666038087017,1.11568430956572,0.202990408519323,5.49624151064021,206.582997834265,187.437863803349,6,10,1,444,461,89.959190990539,404.923420186682,86.0013956203225,301.05231349959,,7444.144183603,127.412448111183,11664.3792182434
ROS1,RYR1,110.87566863393,310.486981031163,2291.31024232219,0.001,1,0.994055083429762,0.274964065765188,1.050962895846,0.139854241201743,7.51470164090313,145.492226747179,309.416932402811,3,13,1,444,461,27.5730742071766,287.517047007057,174.907658694261,502.719178815593,128.789467576062,10714.9566057406,,24939.5670797702
ROS1,SACS,185.05468075123,204.131084999117,0.001,2629.60852786266,0.968036694310296,0.754000410590919,0.369594674583043,1.20496987735252,0.228263172343494,5.27886239808875,181.372976810538,214.598021905799,5,18,1,532,556,73.5509224605513,375.001977564043,123.751708823799,313.499136789363,,4778.35123940016,143.737650652901,14131.2054668713
ROS1,SF3B1,202.018079612065,784.272905266358,0.001,0.001,0.866572109204692,0.87606294920308,0.759177353904749,9.26281110363771e-07,0.289893956442847,3.19524119001905e-06,199.397233908628,779.739661380372,11,23,0,896,930,104.898658343964,345.992906555103,505.839927240768,1149.88331858075,,2727.7100483558,,11735.8963100603
ROS1,SMAD4,202.752991844014,688.562205598729,0.001,0.001,0.832752489755818,0.862423731395058,0.718193278388267,1.04428403599303e-06,0.317570863272684,3.28834964653654e-06,199.397233908759,684.617138421657,11,26,0,893,930,105.27973286551,347.25401530951,456.651900410763,988.19908406627,,2139.17560287678,,9184.81441652233
ROS1,SPHKAP,151.824012417812,247.289089434454,6693.14715733321,0.001,0.858248263408586,0.991757121461102,0.131723023477018,1.32735932605622,0.0836982421527782,15.8588674255946,181.372976810439,246.216275404991,5,6,1,544,556,54.4439629018225,326.314493286884,106.255617064758,478.25236108312,370.252503607214,33847.6598122427,,27200.0845787987
ROS1,SPTA1,183.250702703609,122.871500970732,0.001,6433.96439967227,0.989545203614817,0.70743909573942,0.0142947990234264,2.23116170104137,0.143059678833797,15.5960206204117,181.37297680834,146.960144956624,4,10,2,540,556,72.8340109512594,371.339163092702,61.5670166438853,215.513828597202,,11405.7672968818,980.032098013262,26824.5273330926
ROS1,SYNE1,189.050513806175,246.602070794518,0.001,1654.06447288377,0.922849921443624,0.723930792606999,0.573674994939918,1.18127373264763,0.405302723255331,2.91454674461551,181.372976808259,252.979974340012,5,33,1,517,556,75.1378407914051,383.116978701081,171.726888700142,340.627774460859,,2281.03820140348,90.4765915004474,8857.78577414692
ROS1,SYNE2,110.2496909261,993.007932447754,3540.5451129209,0.001,0.811687923959124,0.988000775415628,0.183373914455389,1.30466324919773,0.115907104357526,11.2561111454685,145.492226747179,989.451682133799,3,11,1,446,461,27.4170346315705,285.885576074908,531.727744011163,1665.44130968674,198.545422844358,16727.1497058562,,84092.9587668367
ROS1,TENM1,184.253759701218,321.22223494869,0.001,0.001,0.91002134311465,0.922667037540522,0.83965151600957,8.61847844161635e-07,0.195796123839397,4.40176152245268e-06,181.372976808141,319.592763286117,6,16,0,534,556,73.2324738019431,373.373863345548,188.407535480974,505.331996538063,,3804.76756393572,,8233.96613375905
ROS1,TP53,136.878332900902,648.876270490279,988.247956165661,0.001,0.905344616718398,0.962822844068653,0.188353586028028,4.21493839166224,1.6777193035773,2.51230249462767,199.397233908868,646.062753215889,7,135,4,784,930,58.8125081478293,264.731736800203,546.79995398745,762.959028428435,305.750811246561,2311.16623683673,,5088.58196652644
ROS1,TTN,147.89606374912,620.307077267694,0.001,0.001,0.936712585668185,0.939613585616739,0.880151405654605,6.15125188097986e-07,0.142325583620869,4.32195795336821e-06,145.492226747824,617.519532485675,4,14,0,443,461,45.9137348591158,343.581977089268,349.442203228404,1004.34482430809,,4433.74430657198,,21951.4240660429
ROS1,XIRP2,122.497456344926,306.609535898715,4571.10449176597,0.001,0.795437250744275,0.98769812962063,0.0292092129232369,2.50080906022754,0.217988517087905,11.4722054796082,181.372976808739,305.528421757606,4,17,2,533,556,38.0289556900717,284.573760405079,188.581557998097,465.880693744984,746.05878557841,14857.1039979913,,17939.1413362764
ROS1,ZFHX3,191.558007934088,253.763555077594,0.001,3197.14171034083,0.971666827879809,0.813434506372856,0.374513516762298,1.06526773025981,0.19409749362829,5.48831265333016,189.247231064762,269.268228812291,8,15,1,777,801,92.0450845964505,345.328253040412,146.026735997461,404.711877931486,,5606.95849661578,178.418936479773,15449.2527607923
ROS1,ZNF521,183.867971275647,236.483247181374,0.001,4213.57144068828,0.981804234901667,0.797424822942185,0.28693955503782,1.19220181521921,0.168363980510908,7.08109781915008,181.37297680834,253.642162905143,5,13,1,537,556,73.0789340592718,372.592528967851,130.089018898118,389.318150778886,,7273.37765492363,230.144354667307,22697.0261903948
ROS1,ZNF536,147.338275781497,188.235392168994,0.001,0.001,0.95093531062175,0.954725289590911,0.907883790615,6.58105418389898e-07,0.106199412546868,6.19688379254885e-06,145.492226745497,187.437863803686,4,11,0,446,461,45.7406414309708,342.282982126221,97.7406883194393,322.393417562824,,5774.30630944284,,8743.59831202339
RYR1,SACS,314.208695632121,122.969094017419,0.001,3010.26387773087,0.963927469805118,0.30905258266917,0.014197192097785,3.31651130899961,0.430923287784399,7.69629166725133,309.416932402218,162.044368916966,11,9,3,438,461,177.001130411143,508.755734504168,59.0860263700639,221.688298750472,,5917.44142340706,711.8103335825,8849.83908407779
RYR1,SF3B1,312.858696593704,560.590984512456,0.001,9042.08189809703,0.972861168087888,0.767165189679341,0.111625514992621,2.12527188750856,0.362219414990732,5.86736049905813,309.41693240465,690.39308187598,12,8,2,439,461,176.240813739763,506.564585943054,256.17006968155,1043.55169854484,,7411.18709272326,1452.26758894926,30945.5582090204
RYR1,SMAD4,316.437856920696,899.022464881208,0.001,3626.59242371712,0.950893899300708,0.868177846609693,0.790952437598008,1.06584180592209,0.564435119894685,1.88833360709545,309.416932403008,940.942493991099,13,16,1,431,461,178.251438047809,512.36916560268,527.283599928935,1414.31544821032,,3239.65090998623,203.895344757151,16932.1005520689
RYR1,SPHKAP,266.190365108267,258.744729631639,11278.2490933629,0.001,0.569812577527967,0.96356477343958,0.0217613389812121,2.48907710353837,0.20896116845078,11.9116729772913,309.416932403381,254.925858925852,12,4,2,443,461,142.536060193405,446.475406575531,102.838964744827,524.326566528929,1664.75505812061,51040.05452176,,9567.22731087194
RYR1,SPTA1,312.899166069486,105.367577125033,0.001,915.328481232331,0.974900033749051,0.788410384455272,0.50909866766718,1.05589506688679,0.284197354507275,3.71535853568181,309.416932403323,118.558988591822,13,7,1,440,461,176.264095880269,506.632587314166,45.2733347740252,203.784613926465,,6551.09384239081,51.4284074206213,4284.67584512365
RYR1,SYNE1,322.696004269062,199.591572542264,0.001,2813.90405418907,0.858835821493817,0.175827477069905,0.0181789107686826,4.45627443281563,0.939742599505167,4.74201598944449,309.416932403487,233.356209475467,10,22,4,425,461,181.772403364781,522.551586169578,127.361703810244,295.053049747513,,2234.45576495039,815.015129512756,7662.41130745951
RYR1,SYNE2,222.807263997986,1004.04951167972,10287.8243999281,0.001,0.289504150643936,0.917353254371707,0.000491892121018724,4.74386648026173,0.42363851693608,11.1979111686332,309.416932402922,989.451682126198,10,8,4,439,461,111.638275009081,390.819190529933,537.636225175449,1684.03104638592,2885.15167287074,30391.52242249,,19172.9540777759
RYR1,TENM1,313.936463242209,243.406974985638,0.001,2794.1520735848,0.980982303518813,0.901346359395498,0.190821438340344,1.96923087104012,0.447724449616229,4.39830988173209,309.41693240465,287.267094906166,12,10,2,437,461,176.846824464286,508.32140625333,121.958991023504,426.954880247315,,6102.72537693461,448.467769297054,9581.22540838919
RYR1,TP53,216.468231983051,730.624202391044,1348.38937824547,0.001,0.673327713776889,0.862186442602508,0.178738245818074,5.28154240434448,2.43394835068403,2.16994843085317,309.41693240257,721.227201265434,9,71,5,376,461,104.001663938083,390.312831372435,578.24380713898,907.767950486779,479.148129374514,2947.67330649432,,3500.25892174231
RYR1,TTN,305.673169140484,602.008847560449,519.138204543128,1477.06586675201,0.99939336764883,0.99757957861857,0.816163006503995,1.05267769735441,0.536780973193649,1.96109353707409,309.416932403098,617.519532479199,13,13,1,434,461,169.380330171256,499.864831046826,332.196706414601,987.624628713951,,4993.00902736413,,10614.8072930822
RYR1,XIRP2,245.858376945184,294.377115184366,5744.088114535,0.001,0.56385588251963,0.946985848532924,0.015166635416663,3.70821291450493,0.494202023102446,7.50343531826505,309.416932403553,290.685382689297,11,12,3,435,461,127.657318542557,421.105827854678,169.395507554111,469.490678930776,1362.17214063515,16755.0820738793,,5931.2134798927
RYR1,ZFHX3,313.047805863581,178.399869901367,0.001,11815.8036506051,0.968391731873033,0.139649189012099,2.74471103430334e-05,5.1851756064108,0.40143111456449,12.9167257302319,309.416932401949,323.739257244754,9,6,5,441,461,176.349507244677,506.876258014308,70.9047674215956,361.521679139116,,8796.99251237222,3879.53549000966,30785.7511768078
RYR1,ZNF521,313.120163450971,197.96635011074,0.001,1328.945672412,0.980441315569701,0.949314418483425,0.617782514897209,1.07180746133538,0.363316515948235,2.95006534051452,309.41693240259,216.396196958809,13,9,1,438,461,176.387889477156,506.996581805446,95.1224374970076,356.893336396846,,6480.83546651819,74.5641710199718,6262.80392562172
RYR1,ZNF536,313.662856028336,155.852812842192,0.001,2088.92443577013,0.954505529259458,0.798231000384013,0.146234107888909,1.99426865640019,0.392154372014516,5.08541737315215,309.41693240223,187.437863803785,12,9,2,438,461,176.69236680254,507.87643104026,74.8866367860273,280.972526045235,,6103.64835746989,337.290200556726,7024.62014149794
SACS,SF3B1,182.756877505149,815.238437518477,2838.97575183924,0.001,0.652095123353048,0.966418811872279,0.0388645367435866,3.09945774655062,0.552323156046459,5.61167445655657,214.598021905079,799.861713333783,16,11,3,526,556,107.168982369013,287.448563256516,459.279136711987,1320.02432344185,681.073164390095,8053.4560852889,,13137.3007883841
SACS,SMAD4,207.791035856637,972.091753256751,521.995149603319,0.001,0.967133243701744,0.974907635054265,0.956550462686558,0.941614578261374,0.774432161948051,1.21587741900179,214.59802190622,952.261127380213,18,20,1,517,556,125.966058079816,319.130990597578,613.328876595106,1449.24617952124,29.5110342860152,2381.19195267778,,7538.97353970096
SACS,SPHKAP,215.581545219976,251.445525645937,0.001,0.001,0.918117939694032,0.863525418079521,0.792825433205968,1.18619117045644e-06,0.265608319632598,4.46594132328851e-06,214.598021905546,246.216275404926,19,7,0,530,556,132.591589641307,327.577039377859,108.039831525014,486.301070767041,,5128.96229193926,,3313.19076959351
SACS,SPTA1,191.55929866339,139.644730037903,2442.60852385618,545.889926236121,0.864134972984087,0.988196956753514,0.0304407016758175,2.89651452766655,0.463303444963522,6.25187349490701,214.598021905736,146.960144956599,16,9,3,528,556,112.675868332669,300.299236690318,71.038910136526,240.503060056176,63.4899165252995,8512.80436657126,,3756.37770068657
SACS,SYNE1,222.870165387416,211.575045221126,0.001,2570.97596024418,0.938500429402882,0.543608952070881,0.0064377991801424,5.51022711970361,1.33048994305224,4.14150227025598,214.59802190567,252.979974340765,13,28,6,509,556,137.065035409615,338.683192355656,142.549741714874,299.956633114415,,1648.8725040842,966.719377931909,5824.46190278386
SACS,SYNE2,163.697559384175,1008.24519359617,0.001,0.001,0.708281022101493,0.798986327844382,0.708760690075532,1.32569105106874e-06,0.358282581455761,3.70012699384445e-06,162.044368917025,989.451682137167,12,12,0,437,461,87.6549862508063,274.565593329773,539.884326036474,1691.10257454344,,2704.36364928714,,8792.94339986977
SACS,TENM1,194.654037834891,326.308125556871,1559.8070603379,0.001,0.706444553210634,0.961236385602014,0.295750096720201,2.15144291919379,0.640694919745497,3.35798342220101,214.598021905299,319.592763285345,17,14,2,523,556,116.159529820552,302.409629393578,191.385994905788,513.349995328522,253.312889791178,5142.43155455707,,3784.69595669908
SACS,TP53,122.475046399133,767.269980365022,1262.90705941574,0.001,0.283600123549522,0.841161441296983,0.00467673078055782,9.82148533336023,3.42473015911327,2.86781290117853,214.598021905952,758.023841533901,10,87,9,450,556,61.3629272463544,214.842650723566,623.648383416719,931.483181784995,600.866693255692,2313.15067910325,,3455.41533561708
SACS,TTN,109.162204350609,626.353701600258,4531.86159049824,0.001,0.188069015157131,0.927471548271278,0.000719753779577443,4.67437471920876,0.452133511268405,10.3384832194707,162.044368917175,617.519532481817,8,10,4,439,461,49.8835685050954,203.210467903953,352.845483733805,1014.18361661352,1309.39142728749,12388.4937878075,,11789.03698395
SACS,XIRP2,206.147694352148,311.181690605049,809.481270123503,0.001,0.824520959548574,0.920217383467605,0.775756338743775,1.28416501440853,0.696723758620673,1.84314801744502,214.598021905799,305.52842175907,18,18,1,519,556,124.972370214798,316.599414064245,191.390075826674,472.84067082246,45.6995182815493,3714.07152655529,,2816.72903520657
SACS,ZFHX3,127.637065132202,287.111637568869,3149.53988149366,3200.85988290858,0.82515560396046,0.946427697568128,0.000824566464446825,3.57509425909811,0.340264626073852,10.5068055423492,162.044368917178,323.739257244198,8,7,4,442,461,59.3460226761821,232.976989858791,134.281566812066,518.150430907736,101.816860108219,11413.493581265,,16032.57738386
SACS,ZNF521,194.183871899141,258.836794828169,1955.71469431244,0.001,0.653419259071262,0.93142255263916,0.20837044810612,2.27282259690835,0.554902636814342,4.09589438961125,214.598021905341,253.642162904933,17,12,2,525,556,115.880244378375,301.682904220156,145.813696032092,419.087260098604,315.995650929873,6559.02541790485,,3324.56596685425
SACS,ZNF536,150.306585263322,190.649768408951,1107.89527996146,0.001,0.80848646879733,0.962815493320702,0.561700574825361,1.07631677389234,0.332499718499633,3.2370456695395,162.044368917211,187.437863803355,11,10,1,439,461,78.0445499779625,257.441209105308,98.9923129570074,326.538463006151,62.0595699175705,5258.92088888383,,3293.92858548394
SF3B1,SMAD4,792.709527670584,693.740798049116,0.001,0.001,0.686046716144898,0.710887350807232,0.487727845238799,9.60404376094612e-07,0.682903736493678,1.40635396289635e-06,779.739661399757,684.617138426426,23,26,0,881,930,511.276347623248,1162.27257680136,460.083240723076,995.639699230535,,4053.40854476259,,3924.72628178566
SF3B1,SPHKAP,803.084431857595,249.632150289461,0.001,0.001,0.94580818886528,0.908269520453361,0.859051762011768,5.27125204280703e-07,0.195564229194255,2.69540706116101e-06,799.861713334275,246.216275404926,14,7,0,535,556,452.418707725282,1300.23579195675,107.261490109277,482.788079849677,,29570.2675684549,,5065.00307406573
SF3B1,SPTA1,809.765144827182,136.451763720074,0.001,933.851445169233,0.986104396534729,0.90512951380097,0.603411765959153,1.05454736257529,0.344400435891737,3.06198033647897,799.861713334886,146.960144956819,13,11,1,531,556,456.177059604834,1311.07659286069,70.85210706479,233.704815012626,,15823.1988066854,52.6217492681491,4318.74762146971
SF3B1,SYNE1,834.779998502457,241.117021947543,0.001,1133.09790256759,0.890323657181069,0.695467152011927,0.53114661114809,2.07056315432753,0.98431109800843,2.10356579186898,799.861713325408,252.979974339389,12,32,2,510,556,470.24347212698,1351.68082588175,166.908117950675,334.634151594265,,5183.06702399752,183.898423662612,3746.42749489851
SF3B1,SYNE2,626.68930149372,1000.92313638525,8021.16908590264,0.001,0.643020361783695,0.942510866709207,0.364034989685997,1.60004846635943,0.303673778560022,5.26897144016396,690.393081872422,989.451682125461,9,11,1,440,461,301.12568397866,1129.77006558454,535.97285901222,1678.77924691573,447.813792797484,38664.6091170405,,21542.4688913303
SF3B1,TENM1,695.471137219119,323.770214283689,7815.97024702032,0.000999999999976353,0.878291009314714,0.979867473570541,0.188991605229839,2.12748130968807,0.475618921068396,4.47307963465594,799.861713331719,319.592763286905,12,14,2,528,556,372.408713496142,1166.47456848083,189.900056139291,509.347624553066,1268.61638541313,25837.3589050106,,6068.28186141394
SF3B1,TP53,621.378883492624,653.190978266057,2775.34262592714,0.001,0.727156485477128,0.894124279692795,0.302075326392773,6.36648110186657,3.5394139770311,1.79873875821863,779.739661418245,646.062753213363,17,133,6,774,930,370.8025087971,965.3845839515,550.431969332975,768.051315963427,1097.74214515378,5672.45203854616,,2295.0605576366
SF3B1,TTN,559.513288533438,623.476749717787,10037.3608249374,0.001,0.793761709459589,0.990985724627136,0.0945157345189229,2.39451928795732,0.375793006043212,6.37191019910033,690.393081878006,617.519532485398,8,12,2,439,461,255.681653295054,1041.54804306477,351.227450022142,1009.48631344274,1609.55883475673,34443.9777278183,,17695.3830635138
SF3B1,XIRP2,694.849073953658,309.04373906848,8217.5704446263,0.001,0.737854288147803,0.969217834728869,0.170721934529981,2.42320371770264,0.51400604922846,4.71434863721925,799.861713334941,305.528421758392,12,17,2,525,556,372.074943644742,1165.41703350682,190.08206192415,469.597644067871,1337.58591074768,26928.3565460283,,5433.42813390801
SF3B1,ZFHX3,716.944062803031,238.238591386532,0.001,2890.85572128173,0.984442062018377,0.810364986390306,0.162413520841999,2.00012479435934,0.399443243564266,5.00728157650648,708.909794800251,269.268228812205,16,14,2,769,801,434.642188604792,1101.03183853485,134.210662258113,385.720978416062,,14381.2415920779,471.817410922826,9394.03708175029
SF3B1,ZNF521,751.327985114143,257.121029170712,4872.91708306578,0.001,0.875807698233483,0.97289798830569,0.617310713638674,1.19165033171806,0.409706401767438,2.90854701458747,799.861713323301,253.642162904524,13,13,1,529,556,413.299667848675,1236.91446820496,144.84777065992,416.297457274499,274.034674403827,22730.1208120892,,4431.75160184716
SF3B1,ZNF536,558.200398712216,189.446882513328,12378.0718373315,0.001,0.797036497162684,0.98314679514189,0.0653461339714627,2.14328132590265,0.279534599570817,7.66732035745606,690.393081874046,187.43786380388,8,9,2,442,461,255.082416223858,1039.0959335238,98.3690342318949,324.471983012659,1979.31629245098,43026.4974166628,,6169.30295694123
SMAD4,SPHKAP,910.494990412424,252.193312707154,10854.5105833733,0.001,0.597546910016925,0.931564288871185,0.374042270874731,1.39999543382195,0.278720957085639,5.02292848180697,952.261127374945,246.216275404512,20,6,1,529,556,567.479480922148,1369.89252725208,108.359710972964,487.756990218451,600.326273935756,54796.8270406581,,4440.19940118322
SMAD4,SPTA1,964.828861688666,150.405908819746,0.001,0.000999999999976353,0.761847195955807,0.758771294157285,0.578102151307189,1.97259906229742e-06,0.489297803358326,4.03148971599375e-06,952.261127387498,146.960144956424,21,12,0,523,556,608.753219258821,1438.39413945156,80.5377280883442,252.271781880984,,6945.76498432375,,1050.37022057342
SMAD4,SYNE1,959.426575997056,239.54385449344,767.488472725977,906.028730963858,0.999136829595924,0.869467757992421,0.469781349850995,2.85963288191549,1.38528961455786,2.06428522372789,952.261127390587,252.979974341653,18,31,3,504,556,596.291968304771,1443.39179043619,164.888078579716,333.862790114288,,6746.6313875865,82.790359934804,2798.13208321869
SMAD4,SYNE2,950.994028964751,1010.44643362217,0.001,0.001,0.651167295833189,0.778498872785706,0.651608273148623,5.10312049263606e-07,0.478197212375845,1.0671581432443e-06,940.942493999251,989.451682135532,17,12,0,432,461,567.505091800314,1477.43203286768,541.062397753588,1694.78002817026,,10522.18492891,,7823.47683996827
SMAD4,TENM1,921.116275928581,327.143175583075,2906.97296708232,0.001,0.920364541812153,0.955355302311447,0.881290755769494,0.99132866350488,0.654888232980606,1.51373717465196,952.261127376048,319.592763285379,20,15,1,520,556,574.099626029337,1385.93417241371,191.871742326672,514.667362094232,164.058032261861,13369.6670040202,,2904.23232514931
SMAD4,TP53,626.827624542946,655.531734935461,1382.50796203286,0.001,0.876731652425639,0.878457176376955,0.875488620684516,4.08444580118115,3.93818710902791,1.03713858384686,684.617138422798,646.062753208691,22,135,4,769,930,400.007165538351,926.539943634866,552.394393951166,770.806908543541,427.740600603186,3233.05064423222,,1599.60952329893
SMAD4,TTN,956.526211629679,631.005697534138,0.001,0.001,0.758972862253305,0.741523133292787,0.562842774427384,7.95373108502043e-07,0.573204809707805,1.38758973238115e-06,940.942493998349,617.519532485675,17,14,0,430,461,570.806127997204,1486.071143613,355.45651671097,1021.71659876007,,6762.79014910126,,4108.11788360407
SMAD4,XIRP2,968.453430120721,312.637433276275,0.001,0.001,0.705095261050515,0.648422758440746,0.457246513878748,1.66489413739451e-06,0.746260327688515,2.23098304388148e-06,952.261127391397,305.528421757007,21,19,0,516,556,611.039280112509,1443.80407913101,192.282674923321,475.062125644719,,5365.7694341885,,1390.34918851391
SMAD4,ZFHX3,673.561372573186,261.935129454287,909.837289794232,738.029127810577,0.99951198656012,0.996797592698407,0.812452593856943,0.926238438267838,0.463288103563241,1.99927093129298,676.213578541102,269.268228813066,21,15,1,764,801,426.991923519947,999.857871026583,150.980931110226,416.964847826369,,10610.5373909541,,4573.71918826945
SMAD4,ZNF521,917.895039018698,258.932368555137,3663.82269829838,0.001,0.934498974448588,0.981237212062805,0.817952402760704,1.06853350199369,0.56861135961977,1.87919830287635,952.261127374833,253.642162904298,20,13,1,522,556,572.093368400023,1381.06457479304,145.867846336471,419.238677275744,206.3660591489,16980.1930377632,,2992.89099361082
SMAD4,ZNF536,953.67053498116,191.389318841211,0.001,0.001,0.79795581269959,0.796329030363854,0.635465370584307,1.44701049560516e-06,0.44027455984205,3.28660937421476e-06,940.942493988066,187.437863803423,17,11,0,433,461,569.102113118738,1481.62033623406,99.3762780052216,327.806121332893,,8311.76886285646,,1629.36798104346
SPHKAP,SPTA1,249.291162404839,147.688752037531,0.001,0.001,0.916953827724902,0.942980272937252,0.864672434628556,9.1923009968263e-07,0.166345041863334,5.5260444759024e-06,246.216275404264,146.96014495678,7,12,0,537,556,107.115739504764,482.132245322674,79.0839962193984,247.703344237715,,5652.67113933081,,5087.37186715132
SPHKAP,SYNE1,257.254224713535,254.24801891132,0.001,0.001,0.736359659144511,0.849379489204012,0.625475710802845,1.9474083419093e-06,0.466748575404413,4.17228556128314e-06,246.216275404995,252.979974340112,7,34,0,515,556,110.532096038201,497.563735475279,178.057636972289,349.599719353846,,1595.92935690915,,3157.47443632291
SPHKAP,SYNE2,171.486053574366,992.953010728729,9169.50858014686,0.001,1,0.993853091460027,0.0154738804813501,2.61607277959049,0.173716947811789,15.0593987088977,254.925858925852,989.451682139973,4,10,2,445,461,53.2374821769818,398.379847597687,531.711126488739,1665.3837039557,1475.00083479134,31212.8288966088,,91554.0437402294
SPHKAP,TENM1,250.134638203464,321.136576871726,0.001,0.001,0.895632871737364,0.926663951900674,0.829955737995985,8.40635757195368e-07,0.229272444404904,3.66653637499836e-06,246.216275405245,319.592763286117,7,16,0,533,556,107.477191529047,483.761823083148,188.357624218797,505.196492503027,,4418.723884992,,8611.34358485295
SPHKAP,TP53,44.1755607085109,757.324994139452,2504.99935723213,1192.83114130876,1,1,0.000265289640113003,6.45182648266985,1.25074707843174,5.15837821564973,246.216275405043,758.023841532092,1,90,6,459,556,2.52540298431737,193.295652849587,615.360568909108,919.629977147227,950.18795883801,5205.6658143024,,80911.5525184475
SPHKAP,TTN,259.323376779221,620.190254362629,0.001,0.001,0.902704453722652,0.942199258742956,0.850532102786332,6.03433885902095e-07,0.213492415851429,2.82648862956345e-06,254.925858925852,617.519532481224,6,14,0,441,461,103.068966165418,525.501060244568,349.378471983987,1004.15334886138,,4951.7212502635,,21617.7929268584
SPHKAP,XIRP2,178.167732094466,306.700164387035,5346.27353937392,0.001,0.969031472769379,0.994854561771514,0.0409675527178442,2.51820269569727,0.255735769159598,9.84689276737709,246.216275406005,305.528421757936,5,17,2,532,556,63.8905930668131,382.937595960098,188.637468329707,466.018415508695,873.011622482289,17351.4451283195,,16772.3506753947
SPHKAP,ZFHX3,258.820585184872,295.6323679404,0.001,6452.13798427909,0.957686333745871,0.60572397885694,0.236030616581596,1.34117002045693,0.162159819890311,8.27066792109244,254.925858924968,323.739257243437,5,10,1,445,461,102.868799574943,524.482683254718,148.128720795638,518.550377731941,,8358.94330320716,353.37206213973,34303.4627439539
SPHKAP,ZNF521,250.260419609205,254.781277659751,0.001,0.001,0.89257984876947,0.939859679774046,0.838903753652911,7.97663075880958e-07,0.195611815752608,4.07778575548714e-06,246.21627540616,253.642162905069,7,14,0,535,556,107.530044238913,484.013464862496,143.531683329872,412.502957823395,,4366.67150522921,,8378.2926042158
SPHKAP,ZNF536,257.884322140094,171.13450180337,0.001,3798.67405876146,0.979600754972802,0.761340356865147,0.236826117814798,1.34675002398486,0.159262002930777,8.4561916791303,254.925858925525,187.437863803685,5,10,1,445,461,102.497359767247,522.578414256501,85.7496864029939,300.16721401108,,11782.4531686471,208.762203933972,19842.9139481902
SPTA1,SYNE1,152.942115418446,232.898438581592,0.001,2046.59598461496,0.972338278879713,0.693138342915935,0.142305974622916,2.8617725942524,0.824893225708865,3.46926426967946,146.96014495664,252.979974339661,9,31,3,513,556,81.8937032209729,256.535159432706,160.21621734838,324.82832890927,,1429.81543868513,483.942789448453,6028.98647653023
SPTA1,SYNE2,104.66711296484,1000.21999500054,1582.8287630695,0.001,0.582037381041524,0.950672645264259,0.31917725435119,1.45432489505237,0.236407229192141,6.15177843766512,118.558988591901,989.451682143365,7,11,1,442,461,44.971126465094,202.419323689795,535.586238491353,1677.57236277267,88.7801305534754,7458.41355596127,,23640.0547584171
SPTA1,TENM1,149.388961385394,324.292642414105,0.001,0.001,0.822831093139024,0.793570792718352,0.653000822544362,2.02150934903566e-06,0.396134667294411,5.10308618743852e-06,146.960144956835,319.592763286749,12,16,0,528,556,79.9940031876992,250.562585469633,190.204523577854,510.17533653635,,1490.72193393454,,2760.36053257531
SPTA1,TP53,107.013663332598,765.041631944882,572.493567964983,0.001,0.735038959394292,0.921773242681296,0.340023994887881,4.25365974004984,2.15141747942512,1.97714287474622,146.960144956646,758.023841534632,8,92,4,452,556,48.8995716423864,199.225721420415,621.842070253091,928.774799942926,176.802838685304,1343.64773131521,,4055.56103291596
SPTA1,TTN,90.2495872421484,624.21559177379,1937.84901964285,0.001,0.537704271501791,0.947836295573724,0.0695343172439875,2.14682824233355,0.292507516346345,7.33939513469317,118.558988591759,617.519532483972,6,12,2,441,461,35.8696097546063,182.886508393803,351.637384125143,1010.69585131382,312.859611207277,6512.12986081747,,14822.0776287008
SPTA1,XIRP2,111.607920039164,308.342919696345,2770.25664440542,0.001,0.540418247671913,0.96574582762862,0.0129760987570337,3.58878250634989,0.437201415230546,8.20853359877035,146.960144956651,305.528421757765,9,16,3,528,556,53.6278374257277,201.201750971778,189.646373563276,468.519046577472,670.792087228132,7651.17674913385,,7232.44523602176
SPTA1,ZFHX3,107.036237151198,293.053171142194,946.389006463522,3699.35447779029,0.960529863771827,0.920447385734818,0.0616467517104711,1.78846141914824,0.22307675285416,8.01724696215869,118.55898859193,323.739257245685,6,9,2,444,461,44.2561460840776,209.204887396557,142.614587095844,521.31051358956,,5740.22424928844,,19281.9825629067
SPTA1,ZNF521,123.851259296413,256.546709133574,2053.35977803208,0.001,0.737984792994843,0.981121528003585,0.101912379041029,2.14722928121448,0.341583013985367,6.28611257966846,146.960144956793,253.64216290449,10,12,2,532,556,62.0591219085992,217.240518487667,144.529486152839,415.381948879538,331.753028131781,6879.17472590151,,6363.92892033476
SPTA1,ZNF536,104.945462516765,189.372289085188,1229.91689551153,0.001,0.823394211192182,0.983652680301147,0.409359055838651,1.06273233977298,0.217429960573129,4.88769963887084,118.558988591897,187.437863803399,7,10,1,443,461,45.0923373155752,202.967393957774,98.3301359477787,324.345017759824,68.9525532105924,5814.91704483204,,5623.96512786841
SYNE1,SYNE2,207.826389324524,1028.99359249575,3497.77955178188,0.001,0.133480957824283,0.808327563631124,0.0260144766563957,4.29930092250783,0.775866160810525,5.5412919646044,233.356209475533,989.451682134677,23,9,3,426,461,134.027293553543,304.760712039274,550.972347081851,1726.00188639872,822.224419457546,10417.7827262185,,7257.03062793009
SYNE1,TENM1,241.661893147388,335.158382564965,979.506279442488,0.001,0.613317149061435,0.806523827696877,0.560898304032387,2.1071434730922,1.13435834201092,1.85756422380321,252.979974339849,319.592763286755,32,14,2,508,556,167.283673102374,335.394193833102,196.563813457467,527.327438303081,159.045617490664,3233.55150319943,,1543.42857007266
SYNE1,TP53,169.093478697771,779.009426825442,1213.34708409315,0.001,0.110042551871898,0.616848902036272,0.0039535737373258,14.0964257104563,6.13052622763738,2.29938266097083,252.979974341062,758.023841535743,21,83,13,439,556,106.671575693916,252.141792796446,633.154761358737,945.802460141364,658.76929592917,2037.20118266363,,1681.21954899161
SYNE1,TTN,209.292100719557,646.013567203998,1865.50044784998,0.001,0.315153681997648,0.7853922427138,0.117491482129135,3.31433005649146,0.962369985854543,3.443925003073,233.356209475671,617.519532485437,23,11,3,424,461,134.968387427034,306.920686541974,363.88346469289,1046.14561093794,441.520312615056,5480.06975443758,,3579.15273261783
SYNE1,XIRP2,241.140875292801,317.090381513939,1131.13745293702,0.001,0.541601605350434,0.798691534060414,0.474557920557045,2.60572074641826,1.23570291546344,2.10869515140782,252.979974339219,305.528421755883,32,17,2,505,556,166.925540053266,334.665603924546,195.016810127545,481.842789998162,184.403980631994,3686.95761922286,,1551.13038206447
SYNE1,ZFHX3,194.490123234767,287.989230608648,5086.93935088613,1370.98181488825,0.338284823229069,0.945108434063806,8.76536204014907e-05,5.75478384709347,0.745825525355417,7.71599208052188,233.356209475556,323.7392572461,20,5,6,430,461,121.674887701048,291.372470655334,130.389133591222,525.076893687053,1220.32469811074,16423.640735003,,6519.16856565654
SYNE1,ZNF521,232.906414497944,264.278001830143,2036.83638182824,0.001,0.425614937405747,0.892556512050165,0.129329645740066,3.39308444180433,0.984810930173563,3.44541712306781,252.979974339933,253.64216290492,31,11,3,511,556,160.222279671658,324.837151085822,148.873133893129,427.917463313707,484.405504240256,5878.74729145864,,1885.95662881017
SYNE1,ZNF536,208.292613112413,194.582720578319,2587.94668020937,0.001,0.436759230334412,0.926796859748629,0.0635847299309971,3.20157383531605,0.715986330155202,4.47155720783392,233.356209475751,187.437863803513,23,8,3,427,461,134.336295309335,305.46783946945,101.027154384918,333.278443516672,608.939988378916,7752.70122897597,,1946.97579898762
SYNE2,TENM1,1001.42146705162,217.064959645252,0.001,8852.65858340389,0.943670674934174,0.305668255333123,0.00372173923186083,4.06787976739148,0.369424545524567,11.0113954707998,989.45168212705,287.26709490619,9,9,3,440,461,536.241412063014,1679.63187630335,104.299765880492,391.322456830493,,24525.9273144852,2060.32348898845,27120.6399594009
SYNE2,TP53,1074.1942509888,668.89072672324,0.001,6906.29984044392,0.887182857211004,0.593013318943525,0.0135701731732884,6.49264408398739,2.06963192779775,3.1371008519839,989.451682132045,721.227201263432,6,70,6,379,461,575.156136333909,1801.89473336713,524.03595102653,838.33077864947,,5545.39122005259,2472.26182192307,17995.7935091433
SYNE2,TTN,1006.91386551823,623.753292010457,0.001,0.001,0.811672592725207,0.706141509700251,0.706619735387121,5.98611481438926e-07,0.441610373590217,1.35551951955367e-06,989.451682131613,617.519532481224,12,14,0,435,461,539.177600648387,1688.86049872365,351.384378881771,1009.94005873733,,9427.77977961335,,8946.03679136482
SYNE2,XIRP2,1000.75982334841,234.367982106794,0.001,6745.92866518603,0.995268460042853,0.790623298900542,0.00858838091848915,3.77956399353372,0.417354481159954,9.05600434199045,989.451682129733,290.685382688842,9,12,3,437,461,535.887571989339,1678.48805667954,125.50000043749,393.084719881952,,32930.7799997453,1606.93077316523,19502.3777828347
SYNE2,ZFHX3,1005.81664802712,267.419477898009,0.001,6112.79742569875,0.898241112211692,0.311477034349717,0.0556304325690153,2.61967492482124,0.330733195121464,7.92081037967521,989.451682129119,323.739257245552,10,9,2,440,461,538.581404601251,1687.02511364744,128.492974572874,482.10887601645,,15574.9676983992,977.199896090183,21219.1055268673
SYNE2,ZNF521,997.936335943419,196.368067219634,0.001,2455.80387194239,0.993070282346479,0.828096547722813,0.386861784333393,1.56338410040564,0.303968125066159,5.14325013540603,989.451682143365,216.396196958657,11,9,1,440,461,534.378944520782,1673.75213117403,94.3559257595108,354.000883792271,,32220.2139528291,137.428183823888,11687.0724388306
SYNE2,ZNF536,998.313862887102,120.054341997666,0.001,8895.11891172286,0.974726461588526,0.272286721537665,9.36178747577307e-05,5.11751568278715,0.327699510497078,15.6164886393164,989.451682142254,187.437863803855,8,7,4,442,461,534.579799986382,1674.39135282817,51.5844802172236,232.185292087728,,39200.002395421,2571.37495550538,24408.6196527807
TENM1,TP53,283.663723523246,768.93059203215,702.301413542831,0.001,0.888238352265997,0.909078571542146,0.883496237963691,3.28770593071118,2.91274714523845,1.12873029026419,319.592763288094,758.023841535116,13,93,3,447,556,156.026592236273,467.062221276301,624.992826254062,933.515437215723,173.854917745434,1839.32809711237,,2522.09421244115
TENM1,TTN,267.550503265983,626.205325271158,1473.21263922379,0.001,0.976746809372941,0.996284520854872,0.705674342909379,1.14099747313371,0.464395476815297,2.45695216705894,287.267094906905,617.51953248371,11,13,1,436,461,138.916969112682,458.244235191263,352.781342227144,1013.98703723294,82.6346490866244,6968.97377996563,,11074.1290266154
TENM1,XIRP2,324.173659346075,310.13461732235,0.001,0.001,0.798242209852109,0.754159922979363,0.60202899163607,1.95463496962568e-06,0.593762676542126,3.29194650800353e-06,319.592763286907,305.528421758725,16,19,0,521,556,190.137026418738,509.982198911693,190.747169916161,471.24632455469,,2798.4464588797,,2133.60750829779
TENM1,ZFHX3,292.332701380728,268.434993193041,0.001,4276.38811000508,0.927231102822346,0.525350978368252,0.107204458867044,2.03975918471367,0.348415769764731,5.85438249850468,287.267094906947,323.739257243958,10,9,2,440,461,156.530907743938,490.340120939459,128.979594022243,483.944221935291,,4877.05533766498,685.106998542772,14752.4292655037
TENM1,ZNF521,324.277104922166,257.74033021563,0.001,0.001,0.794347467532035,0.800558538211342,0.635948492403873,1.7427661539865e-06,0.478957545082333,3.63866520504843e-06,319.592763286117,253.64216290498,16,14,0,526,556,190.195520990579,510.150630207843,145.195104676436,417.299696907799,,2771.14036634353,,2256.26477039748
TENM1,ZNF536,290.564758561017,155.273960495885,0.001,2632.89977009805,0.989505432258558,0.935882334207644,0.102264721190304,2.11049392914095,0.341087655990002,6.18754121434056,287.267094906921,187.437863803834,10,9,2,440,461,155.588496381045,487.357162680836,74.6088541090601,279.924943075856,,8404.29080096259,422.826431484517,9010.999690148
TP53,TTN,731.615667472762,527.126642720099,0.001,1654.16632651261,0.91637429467148,0.86607289892617,0.77861547636024,3.36874549274529,2.47888283735561,1.3589772949249,721.227201263815,617.519532484086,73,11,3,374,461,579.027415249636,909.000782074617,273.675143927232,902.987301479278,,2993.89865963642,408.67007957043,4351.45825285041
TP53,XIRP2,719.59956554576,333.298095622996,3461.54106755477,0.001,0.731234156461139,0.901635084086908,0.199076127268599,6.49824909983547,3.33579045668956,1.94803875849094,758.023841543186,305.528421758368,90,13,6,447,556,580.812030585518,878.980361420739,204.975058133695,506.503906672396,1313.38040553846,7703.65562580085,,1098.80532692805
TP53,ZFHX3,641.664236875385,181.180381335636,0.001,1399.46360595236,0.850486154845313,0.483749834385684,0.0587770486247514,6.35461993968019,2.44348373175288,2.60063934828065,636.311443481834,269.268228811112,112,10,6,673,801,532.638109043142,764.677802343886,90.7797937292959,317.807557552362,,3152.6050735771,552.943579960829,2865.31368355857
TP53,ZNF521,764.321097189724,157.49531596647,0.001,1335.52554488344,0.966879940516918,0.745028027118572,0.0555857067139172,6.62741404364013,2.53243910484831,2.61700825538196,758.023841534519,253.642162905283,90,8,6,452,556,621.261691244562,927.893052815426,71.9675272436469,293.204780398555,,4974.83182205824,526.782191645759,2742.8031733999
TP53,ZNF536,726.025162770828,92.2982912546719,0.001,1294.96373971921,0.955306247908267,0.702738009512602,0.0113150576016172,6.45686086536995,1.90716063762705,3.38558836522747,721.227201265293,187.437863803753,70,5,6,380,461,574.623313401098,902.018731079827,33.0960078128183,198.398439053185,,6998.11854807334,509.769595310902,2669.16029950976
TTN,XIRP2,580.011325485799,295.085557265808,3865.12729205038,0.001,0.750259833603653,0.930350916529281,0.58197440245506,1.45937903387785,0.499693262618181,2.92054975132408,617.519532484226,290.68538269007,13,14,1,433,461,319.050117206504,954.896158919774,169.801761720865,470.620998243527,216.950964849471,18171.1733791524,,4047.44979793323
TTN,ZFHX3,626.997690975402,238.32161080933,0.001,6502.2046690004,0.931237120426474,0.287891443535176,0.0109131576610587,3.44456143066058,0.41856673457589,8.2294199374223,617.519532485373,323.739257244177,11,8,3,439,461,353.199418911601,1015.22505486935,108.904499186376,443.650487556849,,11351.9944382226,1536.6707576217,19122.9000080557
TTN,ZNF521,623.406085947821,219.951786571195,0.001,0.001,0.877218801036451,0.850455572878652,0.746052241693635,1.22661309569488e-06,0.382903623029963,3.20345126533026e-06,617.519532481521,216.396196958157,14,10,0,437,461,351.186381017289,1009.37020472133,110.209037561312,385.801095145314,,9504.77974200613,,2668.2958086531
TTN,ZNF536,606.422600651298,180.103322997631,1546.07525796309,659.570155969961,0.996414299774584,0.989764016710741,0.643708618938369,1.16692467394118,0.409034693163961,2.85287456893888,617.519532483305,187.437863803922,13,10,1,437,461,335.99796746102,991.669491584226,90.6807348809588,314.261608313431,,14929.4228923291,,4650.25105901368
XIRP2,ZFHX3,294.406259226066,298.056216157863,0.001,2336.7536974738,0.940394520612542,0.749612080072787,0.527995489342471,1.329446618554,0.388008911770925,3.42633011310545,290.685382689268,323.739257243763,14,10,1,436,461,169.412115348645,469.539474291989,149.341929712255,522.809019036898,,4826.42852262267,131.375424640965,10917.3205615098
XIRP2,ZNF521,309.196795972744,201.517772742746,0.001,4577.24451392008,0.931100544157315,0.349949287856881,0.0149531020663589,3.93164483153587,0.51232421185193,7.67413434809944,305.528421756813,253.642162905294,16,11,3,526,556,190.169702796602,469.823295535833,104.637961850093,345.140201218004,,5286.68050738834,1105.44806241505,12723.3936335724
XIRP2,ZNF536,293.596884101,155.071750475415,0.001,2880.53160628543,0.976781490275048,0.659297042874859,0.0842121646205147,2.58855344186747,0.382367572226245,6.76980379585074,290.685382689494,187.437863803776,13,9,2,437,461,168.948091995117,468.244369619183,74.5143106136556,279.565024220433,,7462.18063758523,466.687774148713,9571.85190649214
ZFHX3,ZNF521,327.422052922452,220.195084481537,0.001,0.001,0.884567010603872,0.84126522707152,0.744174476787578,1.13736308541591e-06,0.28774143742679,3.95272608487365e-06,323.73925724475,216.396196958817,11,10,0,440,461,170.007810227499,560.805075978122,110.329789830903,386.231189779051,,5321.26227795924,,2515.75048510294
ZFHX3,ZNF536,298.071989675405,190.356308960379,2237.43201978689,0.001,0.863846243620277,0.977888861742104,0.564685403955281,1.01741876992862,0.310141880621135,3.28049461714423,323.739257244486,187.437863803628,10,10,1,440,461,149.348670403138,522.834466606999,98.8398136510382,326.035257050867,125.317150682468,10626.4103734625,,3755.57845648604
ZNF521,ZNF536,218.874502593092,171.755971999656,0.001,2010.01647363274,0.987546956904833,0.818437252746525,0.405267834351515,1.37766713783018,0.282117063811614,4.88331729820544,216.396196958848,187.43786380339,9,10,1,441,461,109.670350411181,383.904214488689,86.0612922228032,301.258917963953,,6376.22993431789,112.354653356145,9617.97020614681
