variant_A,variant_B,ces_A0,ces_B0,ces_A_on_B,ces_B_on_A,p_A_change,p_B_change,p_epistasis,expected_nAB_epistasis,expected_nAB_null,AB_epistatic_ratio,ces_A_null,ces_B_null,nA0,nB0,nAB,n00,n_total,ci_low_95_ces_A0,ci_high_95_ces_A0,ci_low_95_ces_B0,ci_high_95_ces_B0,ci_low_95_ces_A_on_B,ci_high_95_ces_A_on_B,ci_low_95_ces_B_on_A,ci_high_95_ces_B_on_A
ADGRG4,AKAP6,533.42585089912,228.833112663459,0.001,13719.5714514855,0.999138483642857,0.692384687390027,0.00243142425425755,3.18820600633945,0.264168330205902,12.068842634749,530.094973779716,451.100307042025,8,3,3,261,275,276.97105969856,913.649522735676,56.9069530379309,593.412362822322,,34689.4248366408,3235.38356198523,40824.9517142438
ADGRG4,ANK2,384.302943344627,278.308856193573,0.001,0.001,0.983158204757974,0.962028487186978,0.945827311315052,2.23797570843396e-07,0.0699602361971428,3.19892531827295e-06,383.197178058182,272.964759214497,6,2,0,196,204,152.738186846457,778.79628885257,46.2760833109819,859.417714807039,,53613.2631906632,,14566.168330796
ADGRG4,ANK3,388.82789402786,465.557803897357,14169.7431413604,0.001,0.875458248111373,0.98686601656938,0.00704694914357449,2.92642273720195,0.326859545886967,8.95315059335593,530.094973780763,457.396656019705,8,4,3,260,275,177.678082305987,723.842369640872,200.029498226866,900.469752873869,3078.81879713175,53747.0618270086,,15216.3426739706
ADGRG4,APC,394.243723442639,1304.7990941516,5966.80379605597,0.001,0.839647360017748,0.988824986293653,0.0518572013374977,3.01320615562087,0.624760625873719,4.82297704245837,530.094973779591,1281.51260839281,8,11,3,253,275,180.150355805952,733.944695244456,734.989981920124,2112.79788759125,1428.02393105086,17008.5690632202,,23080.5497328635
ADGRG4,APOB,442.377146204339,418.150427252569,4673.36538681817,0.001,0.978439327045681,0.994993524833443,0.222915847443772,2.08291163973704,0.529411905650773,3.93438760538762,530.094973778983,410.700871896296,9,10,2,254,275,212.550682036078,797.572742260378,223.898208671202,701.391511345961,750.620917802002,15959.6083187963,,7815.40337279668
ADGRG4,ARID1A,344.002624429522,504.097180635351,9060.72734098556,0.001,0.946392990463002,0.990789089455148,0.00395049517942035,3.93578008857473,0.575018539455388,6.84461424896385,530.094973773883,497.143970419609,7,10,4,254,275,147.803185274904,665.353827944096,283.965908505878,816.232818462709,2682.82835625072,23494.8859357991,,12218.3354601729
ADGRG4,ARID1B,490.255028648568,657.412333342536,2748.12946913422,0.001,0.991903578391998,0.994757485814097,0.70228271756563,0.96499201034177,0.392229451851875,2.4602742241452,530.094973778821,643.302004239032,10,8,1,256,275,245.631947542658,859.978145067643,315.847362923461,1185.15447085443,153.235463516447,13479.5645870212,,11540.7187556125
ADGRG4,ARID2,439.639154704417,951.623023121765,6631.69094157861,0.001,0.78551213997136,0.978801211619451,0.122985804004505,2.22120404170046,0.417773283130553,5.31676900221103,530.094973777219,935.095676305746,9,8,2,256,275,211.239879860328,792.610868351309,476.804377791891,1669.25284971745,1064.45030892702,22753.8644955814,,20885.6074362438
ADGRG4,ASTN1,388.69271709713,230.851085703549,15010.6061589375,0.001,0.687300331280288,0.976359529742782,0.00515971660466943,3.12484174579199,0.339681710372032,9.19932292606966,530.094973780936,226.521752049661,8,4,3,260,275,177.617693539431,723.586718551514,99.1859937839052,446.498470959794,3395.44751826207,52457.5248637427,,7460.89741018636
ADGRG4,ATM,439.193202239879,596.759901148743,7114.91705501489,0.001,0.740516135154824,0.96948987319323,0.109147820410854,2.13904516061072,0.38188312594089,5.60130839858531,530.094973780936,585.099185757027,9,7,2,257,275,211.029324508523,791.819887140565,286.733412882272,1075.85901351062,1136.68308743616,24830.1726415847,,12990.0904073024
ADGRG4,BAP1,530.289990824501,0.001,1657.91725282493,5817.88601457479,0.999998495055276,0.70815330503748,0.00163472902882705,1.85449555445963,0.0824064947255017,22.5042402378235,530.094973779451,114.140560941429,9,0,2,264,275,275.34561676107,908.264542896643,,119.343034334889,,,935.940664804668,19806.5379060141
ADGRG4,BRAF,482.737531437476,409.324207112214,22008.0538771715,0.001,0.896798991036449,0.996683824335073,0.137153634494596,1.01878340241678,0.0830428014715458,12.2681723685087,530.094973778219,401.384622451113,10,1,1,263,275,241.877319472401,846.749792088179,68.0612380039026,1263.96061947281,1082.57247407595,352332.155800382,,35258.5340915223
ADGRG4,BRCA2,530.16645390214,0.001,7615.77010744382,33916.5113574842,0.999998262904046,0.656270013328266,1.33355289397554e-06,3.96791120590041,0.166867073065762,23.7788746035994,530.094973780378,528.27640552737,7,0,4,264,275,275.282260466434,908.049196653729,,331.168649196232,,,9837.61467027826,93373.1779316147
ADGRG4,CDH8,436.47002602035,155.326976374709,13182.4549294582,0.001,0.818011675365572,0.984550761413977,0.0408478021107546,2.07923743647009,0.247925154845837,8.38655294079774,530.094973779622,152.130479668061,9,3,2,261,275,209.718701836128,786.887143831853,55.6973731799717,333.873099486526,1997.27876818115,58670.4749592647,,5923.26772493738
ADGRG4,CSMD3,394.602111063433,645.246193355308,5882.14121785788,0.001,0.756055887486636,0.976210464390551,0.0519091938915929,3.32913737893207,0.693857162004907,4.79801544357126,530.094973780936,634.868425786903,8,13,3,251,275,180.313704876186,734.608983740782,378.435094805306,1015.15960309195,1419.04191729144,16415.61329239,,10826.2954511421
ADGRG4,CTNNA2,437.950612045149,211.970537697802,9012.60604297608,0.001,0.729039028235845,0.974160596511346,0.0746407271905986,2.2100031500158,0.338670972861766,6.52551687952851,530.094973779937,207.55519695245,9,5,2,259,275,210.429040305026,789.561457303144,91.0746651965452,409.983398035715,1416.78344539333,33499.4960620135,,5650.97723564464
ADGRG4,CUBN,534.098969797483,132.640170125954,0.001,6728.17788892166,0.981434251185591,0.928205701194457,0.0039013280129533,2.88238699043322,0.278770948524312,10.3396247194741,530.094973780936,260.554760555995,8,3,3,261,275,277.315343227863,914.820777234479,32.9850118718919,343.973059690893,,30066.9853957001,1581.45498139462,20255.896770291
ADGRG4,DMXL1,387.665903438906,1303.69875049549,20668.2630237466,0.001,0.741297784854471,0.985788676744617,0.00232199238009751,2.94316949803803,0.247603097816403,11.8866424693135,530.094973779622,1281.33893192483,8,3,3,261,275,177.158550591648,721.706584951917,518.126728788165,2641.78610861304,4546.4442552331,82172.1054916239,,54156.3419056825
ADGRG4,DMXL2,389.171512837259,967.915845003042,13288.8551058205,0.001,0.596139516690445,0.966490243322107,0.00677404472047741,3.14408964708994,0.360413892447696,8.7235528734404,530.094973780936,949.76829266865,8,5,3,259,275,177.834752631147,724.472599288119,442.296719005974,1801.87471948322,3059.33344233396,43156.4034693608,,25986.4293117573
ADGRG4,DNAH5,323.969139070489,336.555581904123,4120.1226210361,0.001,0.739488034951575,0.979265991866389,0.390172471876304,1.22800715474341,0.258819211617948,4.74465224998873,383.197178058839,330.771237803232,5,6,1,192,204,116.169263931645,696.363099567196,144.599655676216,650.969427332196,228.31484847043,20569.8115208977,,9486.65360378617
ADGRG4,EPHA2,485.473883958276,483.384473362312,6119.05087412306,0.001,0.898009839424179,0.988275504225042,0.389369543095147,1.05263573993581,0.212694241874366,4.94905612234476,530.094973778575,473.466607750354,10,4,1,260,275,243.24582173321,851.561160848715,173.336824104414,1038.98653439041,335.523370547913,32525.4460539734,,15500.0342031639
ADGRG4,ERBB2,538.03635193957,1278.56439125127,0.001,0.001,0.850988253421049,0.808450048794762,0.688013265500367,5.49949759666608e-07,0.39447360492055,1.39413576170039e-06,530.094973776768,1248.48717334794,11,9,0,255,275,279.360464806676,921.570197980565,614.325355001818,2305.10980166628,,6582.28760668216,,11735.6581105153
ADGRG4,ERBB3,389.095712201419,2044.80422492661,0.001,0.001,0.913291299361492,0.895378130164963,0.817758316047374,3.03483791484413e-07,0.189470188089472,1.60174956569474e-06,383.197178058427,2007.17964566262,6,6,0,192,204,154.639411806979,788.540696776912,812.670550875457,4144.0096756052,,8679.19960842233,,37177.7605410361
ADGRG4,ERBB4,387.469313097888,267.115629434672,22650.3868738572,0.001,0.528935530879466,0.981031428015992,0.00176917816252521,3.30636958120957,0.282216789673446,11.7157082859435,530.09497377776,262.390441261892,8,3,3,261,275,177.059685452324,721.300619634294,106.163871311389,541.306661313837,4985.60128950473,89258.3881311712,,10753.251117318
ADGRG4,FAT2,538.06459978173,355.899580490008,0.001,5521.67019924707,0.976771203148257,0.870768622917636,0.126742139869813,1.92380410489511,0.366151170000377,5.25412524256887,530.094973780936,464.991016434071,9,6,2,258,275,279.369805378889,921.643366532082,141.447083713541,721.255833512017,,13275.9483895088,887.141876254539,18879.9524679098
ADGRG4,FBN2,518.4200726882,158.249089807738,1719.91184604521,2708.37390151251,1,1,0.0789960939517432,1.9215131710195,0.292586540853329,6.56733274680168,530.094973778217,214.318124042036,9,4,2,260,275,262.320078993875,899.148691481712,49.387092737673,364.713449213433,,26337.3969169106,17.7853237470257,10628.5111418698
ADGRG4,FBXW7,386.861490664165,821.968528541032,29695.0351050641,0.001,0.603970950849091,0.995015766683027,0.00105314966519409,3.06441039267051,0.224675745453028,13.6392577066632,530.094973779872,807.452602788359,8,2,3,262,275,176.782469455247,720.165003036703,294.748798591179,1766.73924211956,6091.49546289214,158582.971388217,,40955.6210008923
ADGRG4,FGFR2,,,,,,,,,,,,,11,0,0,264,275,,,,,,,,
ADGRG4,GLI3,536.167341729313,130.068033155538,0.001,1117.63505094337,0.99648475639936,1,0.540310362505153,0.983441370355635,0.282312777990843,3.48351703155121,530.094973779787,152.606366239398,10,5,1,259,275,278.386807170406,918.366841109264,46.6399208622456,279.577122303351,,15452.2998208271,62.6044901664602,5305.5981286459
ADGRG4,GNAS,549.289887318474,1479.08466743864,0.001,4933.40564788438,0.925777124284655,0.871601302624101,0.842801256434228,0.916858496422222,0.589676402144761,1.55485024173842,530.094973783687,1563.50034084445,10,12,1,252,275,285.182167705687,940.985098424593,791.89950239022,2481.23985063694,,4554.49260699599,276.891061131082,23213.9794636318
ADGRG4,HMCN1,542.862300257603,280.335201973146,0.001,2550.65266573166,0.979293678099575,0.945601802161866,0.271876099739326,1.87589316350088,0.539020145473333,3.48019119369571,530.094973780936,329.446772609369,9,10,2,254,275,281.855593646544,929.898699636381,140.455043987727,491.775343987852,,8416.4690519985,409.964876226238,8709.19038298626
ADGRG4,HYDIN,329.026659835608,629.043456569314,2096.31454191974,0.001,0.914162164345259,0.985446510495717,0.654138224532151,0.965341588073974,0.36785241347157,2.6242632988694,383.197178059731,617.469551568603,5,9,1,189,204,117.977686060358,707.295218598659,315.132533802592,1103.65098472109,117.203866310433,10041.4955458377,,11781.48597299
ADGRG4,IDH2,529.929525011471,0.001,32651.6064283705,38932.2646443402,0.999998786201528,1,0.037583556013352,0.941236016512958,0.0370133170378711,25.4296586158411,530.094973779496,722.496365546849,10,0,1,264,275,275.168211428463,907.687779646573,,2344.52030456857,,,2186.71313836398,183306.290482761
ADGRG4,KMT2C,390.539413669579,622.631112692126,10029.8571489074,0.001,0.70866904073468,0.97397274657275,0.0137065026248207,3.13612438458077,0.430733858853576,7.28088660809659,530.094973780015,612.180797458807,8,7,3,257,275,178.46050422311,727.030276774778,311.96299798617,1092.17167554166,2362.78624369782,30058.5898242996,,15197.7207484344
ADGRG4,KRAS,464.779867249165,13858.7253096155,1430.53356371131,0.001,0.961811010073177,0.975351660159615,0.876819304391643,1.86112762163132,1.36415815240859,1.36430487795368,530.094973778454,13582.1850239426,9,33,2,231,275,223.293162519921,838.082829597877,9755.9469239763,18979.860598703,235.750864949414,4522.56098264435,,80262.2198058453
ADGRG4,LAMA1,391.441647417873,265.017612805403,8671.8310801256,0.001,0.610921661659234,0.960037359587976,0.0198162675708691,3.30759274109841,0.516620767608353,6.40236116796195,530.094973778983,260.121911256796,8,8,3,256,275,178.873206916419,728.722975082388,137.598818394782,453.943005757436,2048.17764917098,25743.2721826366,,5355.90260570705
ADGRG4,LAMA2,537.716136543439,372.17610360196,0.001,5712.75917077423,0.985367960657723,0.956497887345007,0.130738661133783,1.92926929613745,0.372612264748746,5.17768597187311,530.094973780936,486.172800927625,9,6,2,258,275,279.189087300108,921.043818976294,147.914814283812,754.253292242752,,14296.8313362712,915.823628585455,19675.3065074739
ADGRG4,LRP1B,544.116684827755,241.084027614283,98.2351852631493,2647.6872458143,0.998233795030725,0.855004097981063,0.0966326286794542,3.15426846502788,0.823297688845727,3.83126116805964,530.094973779579,283.626997191693,8,15,3,249,275,281.018235375411,934.268978996333,138.713024048877,384.556202919956,,7160.4219315588,584.879642844086,8220.84607213689
ADGRG4,LRP2,537.673289561762,235.403298337171,0.001,6031.60870340413,0.978031934745524,0.88659970286412,0.0156964656608722,2.88849992248976,0.407500975957377,7.08832639162045,530.094973780936,346.846149664793,8,6,3,258,275,279.168327966965,920.963902627214,93.5560321907337,477.046033488487,,14865.2792818019,1423.75148742941,17949.1781802325
ADGRG4,LRRIQ1,435.691604965574,633.279625454593,17558.655914882,0.001,0.51747936985736,0.973721734705596,0.0238639170122233,2.36665862165479,0.231162488365611,10.2380738258521,530.094973779622,620.511997495786,9,3,2,261,275,209.345836160139,785.477238203108,227.087109828626,1361.18273003496,2648.29351637326,78796.831514932,,23008.809854217
ADGRG4,MACF1,390.372479024585,620.902160784672,0.001,0.001,0.895733431560327,0.899571595638583,0.805799709452938,3.63663763876731e-07,0.165281665297986,2.20026681859165e-06,383.197178058431,607.762164334857,6,5,0,193,204,155.142416701756,791.166398118648,222.637379033449,1334.6928152071,,7367.14304342497,,11775.9354392749
ADGRG4,MED12,390.346587787165,759.238768376076,10396.0294511408,0.001,0.741425913498737,0.968114792243753,0.0137074990579244,2.99219892204454,0.40501141875291,7.38793718769205,530.094973780936,745.308293669443,8,6,3,258,275,178.370942408593,726.680508942247,364.794522138859,1368.8474020244,2377.48737695236,33693.1683897568,,18110.1890552393
ADGRG4,NF1,541.774881154406,804.976505946968,0.001,8593.29164196224,0.979288070161529,0.828356708573136,0.214067779744662,1.93001594548772,0.483142918447245,3.99471020229484,530.094973774575,965.004013575862,9,9,2,255,275,281.293475533562,928.011513513681,386.770630557936,1451.31011740247,,9033.45721684732,1382.88503566396,29214.0572785198
ADGRG4,NRAS,532.688433751906,1782.0268813255,0.001,0.001,0.948251444964636,0.959341708891395,0.90969927713481,9.52526524332408e-08,0.0754822689881791,1.26192089493438e-06,530.094973778575,1745.36273096442,11,2,0,262,275,276.586776402387,912.393241002802,296.310843265482,5502.77592259742,,23725.7153980837,,84170.0892467737
ADGRG4,PBRM1,387.601289703689,636.774169968137,21949.6633294986,0.001,0.533272200656729,0.970661269223889,0.00203089626255735,3.16574554859341,0.268468337845144,11.7918767404872,530.094973779175,625.128243838174,8,3,3,261,275,177.119497966216,721.549270632761,253.082804422807,1290.41700083939,4757.79682819978,91133.5000726403,,22486.8892288615
ADGRG4,PEG3,436.75415849338,236.28449589854,12104.8567961354,0.001,0.638341238864839,0.974523057500546,0.0450608699287635,2.31650220724103,0.289442104088818,8.00333529406001,530.094973777917,231.468038011974,9,4,2,260,275,209.855922388241,787.399730578173,93.9087650721103,478.836337248393,1875.62147229464,47890.4310029236,,7425.51050495191
ADGRG4,PIK3CA,441.328223755714,1119.4509801132,5266.54233717696,0.001,0.874009442340727,0.979863970412723,0.180189545461295,2.07994015810913,0.476418811144807,4.36578092521401,530.094973777917,1098.47924322345,9,9,2,255,275,212.049378383846,795.666838227565,581.235465571563,1917.47935943765,848.660988008851,17832.2601455283,,21201.157398099
ADGRG4,PLEC,486.801564916006,217.573111315373,4561.50545129183,0.001,0.895072831479763,0.980340590204096,0.492574495604785,1.03242328365559,0.268449228265129,3.84587912704273,530.094973778219,212.660415978983,10,5,1,259,275,243.90755635273,853.910548214074,86.4716631926391,440.92474239531,248.172411809357,24953.487615087,,5175.24778501999
ADGRG4,POLE,534.194359416554,156.431441082333,0.001,7714.43213259868,0.959559368100501,0.486969264624984,0.0237598041197942,1.8726059484797,0.167193081182728,11.2002598147772,530.094973780936,306.908387719201,9,2,2,262,275,277.364395259693,914.993715822393,26.0108555547076,483.057042145748,,25847.4046919268,1241.80409408981,26219.5579833252
ADGRG4,PREX2,389.340570964125,466.972483463178,12492.7049983941,0.001,0.587626135293327,0.986760286195601,0.00795091892747554,3.39546673253655,0.405625689712571,8.37093610846639,530.094973779872,459.216574029815,8,6,3,258,275,177.905097370964,724.753005010008,224.378991343599,841.896432023895,2894.52765350266,39273.8201717844,,13561.9530912597
ADGRG4,PTPRT,536.043152176637,116.704524856159,0.001,2818.65230802814,0.968580875358403,0.708447574497321,0.0659451149716772,2.01516201264503,0.282432338140626,7.13502577612646,530.094973780936,171.695159064987,9,4,2,260,275,278.302160637835,918.102652076177,36.2284374764321,271.131268551084,,17419.2523885856,450.669872968373,9793.13306827542
ADGRG4,RASA1,535.085290111172,290.762493730483,0.001,6625.03272373162,0.990656319034623,1,0.0745915653232615,1.90454262916301,0.281764116958713,6.75935122513164,530.094973780015,427.203443259639,9,4,2,260,275,277.827682868975,916.516053593505,90.2628936435933,675.524852910607,,22237.45913734,1061.08072958363,22887.0386236563
ADGRG4,ROBO2,536.220693554628,220.785818593092,0.001,4080.0337150841,0.991183358114076,1,0.101986510990344,1.94383147347406,0.334547498036409,5.81033032643546,530.094973780015,302.892005579656,9,5,2,259,275,278.41456530054,918.474220818499,79.1686027384883,474.588541548278,,18383.5897414964,648.931820216319,14436.1655895428
ADGRG4,ROS1,535.953579997862,350.164001906071,0.001,8965.23775833571,0.965811469683765,0.644253420531109,0.058471108374861,2.05006844011723,0.267834479869843,7.65423645646178,530.094973780936,515.737306274832,9,4,2,260,275,278.276215462594,918.012526482287,108.704774114846,813.510549176484,,17216.2290658801,1442.10687619664,30533.250700798
ADGRG4,RYR1,392.707958594227,244.977209861546,0.001,2291.14480140673,0.986729086071769,0.858017851807751,0.500493561007167,0.927842231210408,0.252273478315844,3.67792221919087,383.19717805942,281.271546449486,5,6,1,192,204,156.068706298792,795.914494199003,97.3533536187528,496.544556214539,,9244.30906062059,125.67082459331,12049.3083015732
ADGRG4,SACS,348.019877959447,658.808320185907,5882.92113230294,0.001,0.788547779674622,0.960984071440602,0.0167552117688102,4.05206079363889,0.846538539465095,4.78662294122992,530.094973780158,648.286431569364,7,15,4,249,275,149.52577561387,673.150619690088,405.151581242323,1001.20479839928,1763.96859506963,14753.2309292209,,9733.03223183224
ADGRG4,SF3B1,390.281267064495,1568.99384464035,10501.7523513778,0.001,0.829063874814956,0.970586194601461,0.0134015023153133,2.9091750855471,0.386333367863316,7.53021956564817,530.094973779227,1540.1170599391,8,6,3,258,275,178.34244932078,726.563122003739,753.883443565885,2828.70930120552,2402.11684822431,33944.4075296694,,39303.4775611647
ADGRG4,SMAD4,505.051445303473,2847.51189179401,1038.08905759968,0.001,0.982728392647369,0.981834332561681,0.981829947446766,1.03575726137632,1.0426887809396,0.993352264175094,530.094973777096,2788.32035228885,10,24,1,240,275,253.037426882958,885.993780889545,1871.70917458509,4115.30892545237,58.8397064678734,4686.98076740085,,18652.9088407206
ADGRG4,SPHKAP,535.783992372717,463.51610588201,0.001,9535.94600330758,0.990703191322601,0.915025845449269,0.0827782985552315,2.06838353322535,0.3147033482045,6.57248658149411,530.094973779622,637.289028011463,9,5,2,259,275,278.191421877593,917.712083803527,166.210627053883,996.290054489763,,18443.28202176,1531.79966389886,32617.4792678273
ADGRG4,SPTA1,447.33724162279,313.912477479612,7041.7654034377,2892.64000948866,0.912412790627839,0.966528368739736,0.0112956466345489,3.23720905435304,0.411410552409244,7.86856106484327,530.094973779872,355.577286106101,8,6,3,258,275,208.100213236715,816.87521605546,133.563295740098,600.080078798096,,28418.3071570603,,15235.4365047237
ADGRG4,SYNE1,298.674224798795,405.292431777378,6897.89759638527,0.001,0.339825270210728,0.899000468956073,0.00224028844981443,5.43134383434341,0.98623413913499,5.50715455774747,530.094973782142,399.015338934204,6,18,5,246,275,118.702538043994,605.295913654442,261.360986182503,594.366227454199,2386.5645377908,15928.113953349,,4660.20376217515
ADGRG4,SYNE2,388.337577958369,769.158041845377,0.001,0.001,0.923966630878733,0.92659713042352,0.856157080829102,2.72884419599134e-07,0.134783974123931,2.02460582849577e-06,383.197178060387,754.53131419982,6,4,0,194,204,154.336454962795,787.017840581561,238.773435057956,1786.97714415127,,10573.8977140398,,20307.2696010846
ADGRG4,TENM1,389.504856157867,334.563555869881,12316.3941586542,0.001,0.834209467114196,0.978755951081775,0.00933183200842717,3.0990775128723,0.379804382216482,8.15966760253409,530.094973779904,328.839835107408,8,5,3,259,275,177.986984191025,725.108595433494,152.878385697754,622.847022589854,2757.98992788643,42354.1386325976,,9942.09636154221
ADGRG4,TP53,379.329035190733,1482.17561411298,1688.19488636823,1716.425677122,0.923666496657275,0.999750412997095,0.234474217732438,5.18931142077121,2.60725017361717,1.99033889163456,530.094973778704,1485.32595522597,6,57,5,207,275,152.337200913436,758.165902864988,1137.5193117077,1889.97337423156,349.797580181135,4151.29222789318,,11154.69957522
ADGRG4,TTN,389.589519092439,666.777765871331,0.001,0.001,0.906598407541938,0.898044167123115,0.81419042185274,3.88020816121081e-07,0.181057245333463,2.14308361649069e-06,383.197178058455,652.433493251421,6,5,0,193,204,154.832476534351,789.568663273957,239.083504685078,1433.34576949474,,8331.96375273849,,12479.6871863173
ADGRG4,XIRP2,538.461728359616,289.347943365235,0.001,8432.29733867535,0.953128385430068,0.528204232079829,0.0107399858935959,3.12554518221267,0.388235259744127,8.05064739424393,530.094973780947,427.402901608311,8,6,3,258,275,279.5728425338,922.337824778946,114.999160634592,586.36786541316,,13097.7553519527,1992.19626641288,25010.0030772768
ADGRG4,ZFHX3,390.166863512056,270.743661058286,0.001,0.001,0.898568325303707,0.920981932079319,0.827585846830675,4.58981693108804e-07,0.139480008639237,3.29066292429014e-06,383.197178060387,265.168960251863,6,4,0,194,204,155.05958864393,790.759148759506,84.0462272142889,629.045805027361,,7744.97848302163,,6641.677005535
ADGRG4,ZNF521,437.042144178515,329.807495142688,11160.0125466515,0.001,0.764748533505051,0.981938461681854,0.0524992395741198,2.13556159666852,0.278104441047423,7.67899134808981,530.094973780936,323.21739046141,9,4,2,260,275,209.99346037043,787.919305899468,131.07975588429,668.357496032088,1733.1413444895,43824.4243885359,,10718.5794491256
ADGRG4,ZNF536,391.504514086899,319.40018915469,0.001,0.001,0.880647664913488,0.855060647885811,0.75304232251857,8.48489250848509e-07,0.281559495264607,3.01353449313122e-06,383.197178059461,313.132526083228,6,8,0,190,204,155.594645921598,793.44035086749,145.944221730733,594.652059121091,,6115.77713397012,,4154.76576282908
AKAP6,ANK2,311.952163942256,275.274820486242,0.001,0.001,0.990523420757513,0.983311541237014,0.973993388249242,1.1199098102078e-07,0.0322022941314591,3.47773300136943e-06,310.956321249426,272.964759215115,3,2,0,199,204,77.5774801401469,808.951017624794,45.7722326166127,850.024577391379,,77304.5888445433,,36171.2343687158
AKAP6,ANK3,456.448921424596,329.441518701793,0.001,14193.8403705814,0.98528341481301,0.797665366802693,0.0247290964652406,1.88324999063816,0.165405703576218,11.3856411835906,451.100307042399,457.396656019478,4,5,2,264,275,181.41281568368,924.993832725968,118.132699202427,708.118944990662,,24386.9874546405,2135.92580570144,61645.529987642
AKAP6,APC,308.012642115133,1292.60342930473,6041.8521349912,0.001,0.970436033072863,0.989472926123824,0.0939515396162787,1.94357857556061,0.316527478230357,6.14031548359335,451.100307043271,1281.51260840169,4,12,2,257,275,95.6159356615595,715.567794935338,728.107677928593,2092.92159720879,981.92617754656,20052.7076778517,,45675.1751438739
AKAP6,APOB,306.703787957912,414.543561732384,7274.67605206717,0.001,0.786880147555161,0.983116753446745,0.0679653364681268,2.04199394458865,0.283216908839227,7.21000011248561,451.100307042082,410.700871896746,4,10,2,259,275,95.2109237377933,712.530312172907,221.97055070845,695.327018730684,1171.40299388,24657.5621420358,,14738.7024957842
AKAP6,ARID1A,462.44401456807,429.651838634198,0.001,7838.82245326158,0.98498234993583,0.905593629018819,0.0927560464388288,1.88807149913888,0.303950901833803,6.21176475459596,451.100307041244,497.143970419995,4,12,2,257,275,183.792839492657,937.163970307746,230.058674436584,720.667364017373,,11916.7681193706,1209.67612770204,31613.7562845018
AKAP6,ARID1B,458.793213403668,577.481574921629,0.001,6966.39480501952,0.990156464498255,0.924746023986773,0.406128951004502,0.983594239367794,0.201546203665627,4.88024195682501,451.100307040138,643.302004236175,5,8,1,261,275,182.343190882372,929.755738707499,263.88779714918,1075.02686672826,,15316.0197723392,384.639486234307,35586.9550642805
AKAP6,ARID2,381.926687070451,944.771335617005,4604.2484326336,0.001,0.886296618929812,0.986570177146102,0.410839393239068,1.08254932028498,0.225721960754819,4.79594150549158,451.100307040592,935.095676293566,5,9,1,260,275,136.95446077564,820.915054671097,473.375434534888,1657.20561147354,257.951947549312,21844.7941690982,,31492.429399537
AKAP6,ASTN1,399.149103138973,154.145216083183,6257.78579527728,9512.7429676494,1,1,0.000789624904033521,2.83553311696214,0.174071097917055,16.2895113025212,451.100307041129,226.521752050059,3,4,3,265,275,131.428190409592,863.652238250472,48.6830659982277,349.93231760621,,48880.6161300292,469.99779358519,46995.3763446467
AKAP6,ATM,457.364116905512,458.633573567642,0.001,15160.4421812483,0.990892636860708,0.882227445931988,0.0352865372638592,1.9356546394344,0.195256405467519,9.9133989217905,451.100307040267,585.099185756932,4,7,2,262,275,181.776625417488,926.841996161731,197.060542611485,887.009125173454,,20968.226127746,2339.79889323046,61103.1878230014
AKAP6,BAP1,451.28645585494,0.001,3574.61886736975,14353.64271796,0.999998335298422,0.404014519925547,0.000299660928066576,2.00351820140643,0.0425976479842543,47.0335404937617,451.100307041395,114.140560941362,4,0,2,269,275,179.364845603626,914.498915917302,,119.201211871094,,,2211.03853646213,57814.8277054555
AKAP6,BRAF,431.233165313214,258.18038129494,10674.1583927413,15115.4987827054,0.997045119726753,0.974716784768187,0.0781448817577553,1.00315047518757,0.0439713072762891,22.8137514512448,451.100307041081,401.384622452708,5,1,1,268,275,162.138647057151,893.63011633033,15.3760935042314,1057.43873488186,,329579.422001757,,97784.4806890027
AKAP6,BRCA2,452.102072322712,132.910389664798,0.001,52229.0443161911,0.998854039808689,0.667546009437866,5.39881391820383e-05,2.83340818565635,0.0889917053160466,31.8390143844725,451.100307043511,528.27640552737,3,1,3,268,275,179.688779426143,916.152386374223,7.58277720380544,585.144705290573,,234240.638324978,11317.9103237219,217582.418691091
AKAP6,CDH8,453.814874752407,92.0236046719569,0.001,6551.7202323871,0.99754077558757,0.968017750971501,0.0117630993991001,1.94057221958304,0.127698279031692,15.1965416785408,451.100307040258,152.1304796681,4,3,2,266,275,180.380895244168,919.701081332178,22.8859365473181,238.648779535455,,47890.5098299631,982.632715843343,28405.6078327068
AKAP6,CSMD3,308.663390953048,640.432554987209,5576.58323463187,0.001,0.816099626460338,0.984827369977291,0.106656036815215,2.13855633440892,0.374149003013851,5.71578787376792,451.100307040258,634.868425786652,4,14,2,255,275,95.8258575905452,717.138513538201,375.620477961613,1007.56859634766,908.207972766929,18242.3777181267,,18609.647095235
AKAP6,CTNNA2,437.566501115486,187.342595746417,1504.13624318033,2030.7709646815,1,1,0.350224849601346,0.992397713839456,0.173251286462604,5.72808279870212,451.100307041081,207.555196952449,5,6,1,263,275,165.115359115074,905.22931078388,74.7221597500849,377.91046027452,,23002.2215234388,,13221.9173502406
AKAP6,CUBN,455.361877485182,175.173675889691,0.001,9232.81133984822,0.989786379807069,0.812930472966113,0.0176104011761604,1.90358504353502,0.142940363496699,13.3173373634172,451.100307039597,260.554760555275,4,4,2,265,275,180.981820218539,922.786446010587,54.3811377244052,406.962927717179,,31570.9905269217,1413.13952501567,37926.8128985844
AKAP6,DMXL1,303.220471997114,1292.35835579248,16047.413126999,0.001,1,0.998230215562795,0.0171053745463439,1.80778010998069,0.130558466774101,13.8465176150438,451.100307039965,1281.33893192646,4,4,2,265,275,94.1311693298168,704.422169994442,513.646178075269,2618.86226601006,2490.67299470194,63116.4985984361,,109662.63165112
AKAP6,DMXL2,304.24277580579,958.292904183093,11793.2652216974,0.001,0.890044036136248,0.990815082892914,0.0291707687239652,1.96098640678701,0.181647266507923,10.7955734456454,451.10030704017,949.768292669807,4,6,2,263,275,94.4499083848969,706.814373431463,437.910148058813,1783.91748376848,1866.69883171638,42558.2927777518,,56528.9534623776
AKAP6,DNAH5,258.733705946591,310.897840890684,3275.09731224461,4135.53657240062,0.929469736330836,0.925310661179942,0.212822714112035,1.07022685405612,0.119962994972986,8.92130822756733,310.956321251333,330.771237803515,2,6,1,195,204,45.549790673932,751.916803878388,125.913550146323,618.871646483471,,25376.7587181409,,46766.9616955626
AKAP6,EPHA2,456.214572080065,479.571647743407,0.001,0.001,0.935016875931957,0.93822659861945,0.877262994493499,2.4746975068636e-07,0.112125124010783,2.20708563642313e-06,451.10030704363,473.466607749888,6,5,0,264,275,181.320657529513,924.517721256429,171.971596169565,1030.78064265356,,13895.7204460856,,15204.4671335777
AKAP6,ERBB2,458.065925484321,1263.66935285934,0.001,0.001,0.912756815220526,0.89765414469194,0.819350614142919,3.0809253923948e-07,0.199456092022938,1.54466347011376e-06,451.100307039425,1248.48717332107,6,9,0,260,275,182.055656276186,928.268160510176,607.182507496562,2278.17940874158,,9928.78279019472,,23699.1542560037
AKAP6,ERBB3,315.248066231274,2023.09542977311,0.001,0.001,0.959915364983702,0.954058044385729,0.915818648298421,1.68251229368949e-07,0.0890778284973438,1.8888115281567e-06,310.956321250314,2007.17964562767,3,6,0,195,204,78.3960823913452,817.516892566234,804.064072823411,4099.87815104399,,15674.0852212641,,93936.1988398747
AKAP6,ERBB4,302.871571339435,264.699067147584,18306.6697478699,0.001,0.772355230214775,0.994185162128814,0.0132646906899092,2.16569905708987,0.145729999042206,14.8610380245913,451.100307037545,262.390441261026,4,4,2,265,275,94.0245772496202,703.62026203492,105.205075127748,536.395248959021,2835.80954264473,72335.2144209645,,21129.0498476404
AKAP6,FAT2,457.538418902117,351.611842220859,0.001,12736.5087114227,0.983685282100622,0.752676711222875,0.0311479900262181,1.91050499840909,0.184350561689686,10.3634346480864,451.100307041267,464.991016433035,4,6,2,263,275,181.845718327662,927.203513832233,139.745862614311,712.542526662822,,20000.21660047,1951.79382636051,52619.7211147251
AKAP6,FBN2,455.348308684936,144.005855508387,0.001,8061.54204721022,0.988157757525089,0.733864614628496,0.0160565104713777,1.96635904387047,0.146939934391762,13.3820601731581,451.100307041469,214.318124042332,4,4,2,265,275,180.97654598602,922.754290933782,44.705319428966,334.554377985756,,30146.4735574614,1220.6960742604,34382.5462963827
AKAP6,FBXW7,336.467645632866,574.872616274426,29522.8757076413,36508.50712185,0.79124972333062,0.90787720951897,0.000105587719199727,3.0459212614287,0.111692052235044,27.2707072748461,451.100307040254,807.452602785815,3,2,3,267,275,93.4647374270388,787.508902221366,118.341605683212,1484.69324080851,,190713.477632014,,212624.253676279
AKAP6,FGFR2,,,,,,,,,,,,,6,0,0,269,275,,,,,,,,
AKAP6,GLI3,379.647816698038,154.167793499087,7196.93802327693,0.001,0.97126645094895,0.997545868739376,0.287391792982237,1.01646358395453,0.143247512183878,7.09585505854901,451.100307040592,152.606366239456,5,5,1,264,275,136.138557041978,816.014934403896,61.2734490238651,312.420110651145,396.647066611268,37103.3752287846,,8861.16923094154
AKAP6,GNAS,466.077322214587,1458.02526707299,0.001,11451.5224689101,0.945878742401866,0.767729868200552,0.53396362343194,0.964020520801731,0.289874096456182,3.32565252496597,451.100307039351,1563.50034085158,5,12,1,257,275,185.231808215956,944.576597159567,780.663438528158,2445.7996525902,,7400.69154045806,629.814175086482,59740.1702586868
AKAP6,HMCN1,461.292060685844,248.710071154371,0.001,10515.8092668774,0.96730625777815,0.664684950002323,0.00462502094852762,2.79287372575262,0.275372808926676,10.1421550538647,451.100307038709,329.446772608113,3,9,3,260,275,183.334287760949,934.836582455731,119.499686997913,448.399124051949,,13328.1491538157,2246.36482099942,45049.4540263414
AKAP6,HYDIN,320.743493195441,623.494998167418,0.001,0.001,0.91170200990738,0.909334745715227,0.829062273419888,4.17049377969547e-07,0.166799497777058,2.50030355922876e-06,310.956321250916,617.469551568832,3,10,0,191,204,79.7604487839851,831.822334618039,312.362669869486,1093.86635989722,,6811.68604403042,,14771.5757170374
AKAP6,IDH2,451.589358353944,729.232937850924,0.001,0.001,0.99356696762274,0.990770130424901,0.984396560658915,3.79226330326772e-08,0.0208398642639606,1.81971593251971e-06,451.10030704363,722.496365546888,6,1,0,268,275,179.484636715581,915.118644192204,41.6090861623395,3210.86450341905,,237378.10878389,,160210.198171096
AKAP6,KMT2C,305.592833352845,617.436586075781,8774.29646620768,0.001,0.953679748836241,0.992677428520247,0.049269576960534,1.90724057517994,0.224617170167592,8.49107204830737,451.100307041244,612.1807974554,4,8,2,261,275,94.8684201133259,709.955853611476,309.365663681715,1083.03672416478,1407.30864137329,30183.7517407506,,29594.9047612761
AKAP6,KRAS,403.875692825331,13707.4739389716,1141.43188468941,1225.099356397,1,1,0.957540616654915,1.00366913430684,0.755057607835502,1.32926166678066,451.100307041729,13582.1850224595,5,34,1,235,275,144.825555866554,868.095037350942,9646.33599919314,18776.1614970013,30.9295834655389,5241.83248698338,,142940.074998883
AKAP6,LAMA1,306.001742652532,262.502060530401,8156.97265869951,0.001,0.795450501126588,0.985249942444855,0.0554342525986285,2.11556276337387,0.267110653763803,7.920173656737,451.100307041404,260.121911256894,4,9,2,260,275,94.994713108486,710.903676868509,136.297758470642,449.62144431948,1311.91440535321,27783.6945366065,,10764.0310926731
AKAP6,LAMA2,304.207226653364,490.319578243349,11907.4931151133,0.001,0.820160440468219,0.99006327534483,0.0286811482489594,2.05799398744585,0.190218164983194,10.8191243860841,451.100307041244,486.172800927753,4,6,2,263,275,94.4386917426231,706.730771497804,224.055281180434,912.785008663575,1881.73171769713,43204.4727028493,,28199.3797683122
AKAP6,LRP1B,466.26356294022,237.926013415927,0.001,5762.64917912929,0.992131826233507,1,0.0185976813794472,2.85004756072392,0.442109333874341,6.44647679285139,451.100307043004,283.626997192257,3,15,3,254,275,185.308659779695,944.927785186785,136.897088358865,379.514712541873,,10284.520171529,1226.87723310688,24748.010213657
AKAP6,LRP2,457.373554039546,232.700800806354,0.001,14996.5555749675,0.987121844996042,0.719979373308543,0.00165296953384777,2.85388120777963,0.21030802157126,13.5700064432047,451.100307039322,346.84614966495,3,6,3,263,275,181.78055683117,926.866020677155,92.4859311294566,471.564971765908,,22487.3644694986,3243.13594823502,62277.8248131374
AKAP6,LRRIQ1,302.24134221135,625.931079047125,24716.5248892386,0.001,0.744544530720622,0.994385130789978,0.00795930011772113,2.16881130616685,0.118873546964284,18.2446924614648,451.100307040578,620.511997506484,4,3,2,266,275,93.8290952347242,702.15392632565,224.455405361229,1345.34419149288,3712.59843566254,112352.587674943,,63209.3288747993
AKAP6,MACF1,316.204550664159,613.455310765273,0.001,0.001,0.951264189374943,0.954946884109177,0.908411849585577,1.79398808680198e-07,0.0723141170879717,2.48082692431902e-06,310.956321250622,607.762164333525,3,5,0,196,204,78.6330215510612,820.022270691675,219.971755880931,1318.63223737216,,13173.5579567478,,30166.7661598147
AKAP6,MED12,305.401201580308,751.856343406776,9103.38094421642,0.001,1,0.995178613584405,0.047042872052509,1.81715306458891,0.20842280397599,8.71859043215942,451.1003070434,745.308293668128,4,7,2,262,275,94.8088040107915,709.515126704005,361.254545240745,1355.49807113201,1447.25020387355,32274.1959161869,,40068.4956841622
AKAP6,NF1,458.706100491236,616.292956884193,0.001,68185.8867624208,0.986452968087962,0.392677423545571,4.53802932634234e-05,3.94099283247745,0.24408048573939,16.1462839625996,451.100307043256,965.004013575352,2,7,4,262,275,182.308943341771,929.573255464815,264.799814213294,1191.96250655567,,20664.7107787355,16770.032327728,365406.421888113
AKAP6,NRAS,453.651009173369,1759.82449447385,0.001,0.001,0.966887960986495,0.983660021318095,0.951089625446458,5.77383509244847e-08,0.0408663076149484,1.41285949952975e-06,451.10030704363,1745.36273116909,6,2,0,267,275,180.302704638851,919.311995094955,292.622540107066,5434.1272419757,,31653.7880344438,,217804.623663342
AKAP6,PBRM1,302.830788758988,630.366621578712,18602.3379549686,0.001,0.838608248206268,0.993855141987001,0.0129616363796744,2.04986117254709,0.134008386752667,15.2965140631863,451.10030704017,625.128243839439,4,4,2,265,275,94.0119168805921,703.525622430909,250.539782059567,1277.40063777518,2873.12146545362,74310.3457517321,,53351.4142698296
AKAP6,PEG3,302.877970719631,233.555925817542,18267.1175036321,0.001,0.74965981815289,0.992892896739738,0.0133668146260134,2.20601424393428,0.149611693770158,14.7449319524668,451.100307041267,231.468038012745,4,4,2,265,275,94.0265204901364,703.635359976591,92.8268628341373,473.289114977103,2823.1133334411,72899.056828305,,18785.8921434526
AKAP6,PIK3CA,229.03018505779,1105.45188346232,13253.1068966905,0.001,0.91113055394434,0.990397458187681,0.00264238837454865,2.97462580603587,0.250400715382477,11.8794620913613,451.10030704049,1098.47924324441,3,8,3,261,275,56.9563416324049,593.930900744152,573.974496435998,1893.40317774142,3139.70335254533,38989.7268094561,,68978.0243998798
AKAP6,PLEC,437.571720868614,187.568379538743,1748.43835568813,2522.88624116402,0.998921855794727,1,0.296707799203036,0.953605393417391,0.138150111272744,6.9026755362848,451.100307042872,212.66041597938,5,5,1,264,275,165.498945106105,904.226311518053,67.5319439362061,400.979035471211,,30675.9563969386,,15806.9954275214
AKAP6,POLE,453.513968009868,154.668092569916,0.001,17625.5685842964,0.988656194358247,0.632533125953622,0.00545537463807551,1.90799416030198,0.0867291775433261,21.9994494857147,451.100307040802,306.908387719662,4,2,2,267,275,180.247984180059,919.031812455376,25.7178786894595,477.603228845444,,62475.5560415886,2718.05698237078,71230.8025165236
AKAP6,PREX2,310.16135221196,406.096505631821,12941.8683207262,9459.37302579682,0.807666971135363,0.929018901989193,0.000977662057348063,3.32248181109603,0.211201273539981,15.7313531088489,451.100307043511,459.216574030748,3,6,3,263,275,81.7543849625999,752.821744124389,174.111200299284,772.755746236599,,50829.0052213489,,60531.2725256751
AKAP6,PTPRT,455.700445748045,115.47998473089,0.001,5766.31239485801,0.988443659523744,0.792377694629751,0.0193718524169546,1.87261133376249,0.148178073698785,12.6375737450138,451.100307037545,171.695159064346,4,4,2,265,275,181.11577470777,923.47361928571,35.8496319787924,268.284730684451,,29018.6975428887,884.67493610025,23599.4268721827
AKAP6,RASA1,455.155814631117,287.049187328156,0.001,16171.2521064369,0.989904932904742,0.786954090608519,0.0158810369442409,1.96003250543739,0.141920369496456,13.8107906031512,451.100307039597,427.203443259397,4,4,2,265,275,180.900004187493,922.364616298216,89.1117856433257,666.874436899397,,32632.6143059121,2449.66678987556,69063.9566415942
AKAP6,ROBO2,303.668597289447,305.375153528662,13842.0790543282,0.001,0.872223068270946,0.993963898144385,0.022150333398216,2.09666377761577,0.173818873998351,12.0623481753522,451.10030704188,302.892005579937,4,5,2,264,275,94.2721133208134,705.480956685679,131.20884316279,590.643996860897,2164.7332872256,52346.1532611454,,21919.0804706718
AKAP6,ROS1,455.975078119112,346.786614740194,0.001,17912.9489614478,0.983505016032836,0.675483030070041,0.0177492974752543,1.89244886809437,0.14080416650539,13.4402902631573,451.100307042658,515.737306274257,4,4,2,265,275,181.224950527393,924.034220047245,107.657134647419,805.646924054026,,26650.8576964295,2771.06355393462,71399.0104218283
AKAP6,RYR1,305.584481040815,247.220921047044,548.402195680186,5215.02105017781,0.999528258153703,0.834306814087235,0.246970986218697,0.916772507995301,0.119227932227341,7.68924270402692,310.956321251627,281.271546449286,2,6,1,195,204,67.9935942865509,812.267203951104,98.3180019287607,500.537402208657,,16840.6564816316,,40757.2700604359
AKAP6,SACS,233.180594044797,652.810864668492,6520.70904257487,0.001,0.944158508991588,0.982940502200392,0.0177503794276123,2.88064232437062,0.437435045676354,6.58530301319736,451.100307041909,648.286431568989,3,16,3,253,275,57.9868872424319,604.710804695381,401.474394566637,992.052439904251,1581.25015088783,17951.0433433555,,22374.4778226933
AKAP6,SF3B1,228.220948903577,1550.22715756355,16774.4464357261,0.001,1,0.989914466987531,0.00149497003912905,2.77306543292437,0.193180838114196,14.3547644786856,451.100307041129,1540.117059967,3,6,3,263,275,56.7530653347611,591.810224470868,744.883449639837,2794.76706268184,3858.88889143379,53734.2749682078,,120739.494255882
AKAP6,SMAD4,394.644731660066,2820.28900199964,1579.34831728844,0.001,0.939886509135473,0.973224422607506,0.834542056523662,0.986605259101337,0.561055535322178,1.75848057275613,451.100307042368,2788.3203523233,5,24,1,245,275,141.509786338281,848.322536026614,1853.88326949309,4075.87188038834,89.5045915857755,7134.48310775681,,34883.8065774823
AKAP6,SPHKAP,227.626422566153,641.904314855258,20831.0054569022,0.001,0.994615152345834,0.994951543692171,0.000851964033239078,2.72967898474684,0.166654829760092,16.379237185483,451.100307041774,637.289028005483,3,4,3,265,275,56.6069826129229,590.281907493173,275.807258605619,1241.47789671183,4705.21967436634,73059.517877623,,57599.1224525297
AKAP6,SPTA1,351.858828855908,293.380821400061,7681.8351239789,8939.83118587015,0.948558452100771,0.916527009750287,0.00170416700554371,2.9242034027593,0.218415744198792,13.3882445768096,451.100307039606,355.577286105981,3,6,3,263,275,100.543669970834,810.497636074932,121.061246550579,572.550698075158,,36966.2376700938,,46963.0904752153
AKAP6,SYNE1,260.605275829095,377.326054765811,5340.0239684799,4664.24582878465,1,1,0.00161642343782802,3.82057119868099,0.499746048879786,7.64502532285158,451.10030704341,399.015338936159,2,19,4,250,275,48.4598260860983,708.137293266402,236.836076713329,563.027418216879,20.6663355519794,16535.4893706344,,40791.1228340292
AKAP6,SYNE2,314.927051843669,761.648273311258,0.001,0.001,0.962849050899255,0.963395809865522,0.927607855592304,1.43073477263528e-07,0.0619286357662989,2.31029596394544e-06,310.956321250314,754.531314199714,3,4,0,197,204,78.31600906947,816.695208270118,236.445870940604,1769.47766645729,,17744.773689195,,44294.9555434949
AKAP6,TENM1,455.994380548427,206.783816910263,0.001,16252.021870459,0.990677599582411,0.870704078065429,0.00117485407352979,2.8828945316837,0.195957825450387,14.7118112025263,451.100307041129,328.839835107283,3,5,3,264,275,181.254805383974,924.177450298296,74.1501254784301,444.46525800387,,28436.9155951219,3405.68518693533,69408.4765754309
AKAP6,TP53,311.428242866465,1480.23022899329,1477.21362468821,2187.79436589693,0.959389555111886,0.998988161107621,0.355177038963954,2.98811005723516,1.39635693041457,2.13993284392409,451.100307040793,1485.32595521712,3,59,3,210,275,78.9835562554436,784.793257721001,1137.75224695696,1885.28436989312,67.1390630001719,4529.18876046945,,19420.0755040987
AKAP6,TTN,209.443940172529,655.818105807874,9687.1779157324,0.001,0.876021856571553,0.995635144064417,0.143701959410506,1.04753609348922,0.0794812699844008,13.1796597323472,310.95632125031,652.433493248618,2,4,1,197,204,34.8256147117711,646.76367368977,235.162911900986,1409.69008214577,526.72289174592,54011.9268611318,,94009.3896687096
AKAP6,XIRP2,458.008455740379,335.278659186734,0.001,9848.05545161656,0.994966608988786,0.946397596025821,0.0436664823684349,1.90734422568043,0.210810921712363,9.04765374672038,451.100307041267,427.402901607239,4,7,2,262,275,182.033733176177,928.171857152545,144.061297814911,648.472511975707,,20289.7764645859,1524.44808796611,39170.5632583606
AKAP6,ZFHX3,315.258598304849,200.233332399165,0.001,9208.17173198794,0.984314901347789,0.724759918236371,0.14047002233882,0.86536164576432,0.0641719053557272,13.4850545728278,310.956321249701,265.168960251059,2,3,1,198,204,78.3979359335433,817.566422827011,49.7937142027417,519.268303108051,,26147.4003279291,478.824562708295,73336.5906713977
AKAP6,ZNF521,454.947204454101,217.184549633567,0.001,12120.4580158104,0.993789508222846,0.835567279434905,0.0157619495644034,1.97836530846463,0.142170724436106,13.9154197624824,451.10030704015,323.21739046141,4,4,2,265,275,180.817692520337,921.936914204331,67.4239033529622,504.550547220485,,34053.3247226791,1860.25720550231,49613.7997992152
AKAP6,ZNF536,317.694531796997,315.926319638676,0.001,0.001,0.938049185790804,0.932204996776943,0.874463178026683,4.43818493607237e-07,0.134694668183474,3.29499674777544e-06,310.956321250314,313.132526082908,3,8,0,193,204,79.0039859510418,823.882297264879,144.362418509454,588.149788902908,,9863.12961917436,,10049.196585671
ANK2,ANK3,277.168083867879,425.402699273213,0.001,0.001,0.969964677716197,0.977161000953877,0.947813129353815,1.87008440563153e-07,0.060942224820269,3.06861853361407e-06,272.964759214497,423.416606254107,2,5,0,197,204,46.0865411584286,855.888022398666,152.5412910964,914.400352627514,,18929.1497481506,,44300.8034247686
ANK2,APC,279.443207284476,932.6882499377,0.001,0.001,0.954261916157524,0.965948594560935,0.921770613798202,2.22561398790545e-07,0.0919658223760873,2.42004467573179e-06,272.96475921482,928.595453565659,2,8,0,194,204,46.4645481497736,862.928925934148,426.193811191304,1736.34163098934,,11910.5987313939,,63365.3021484279
ANK2,APOB,276.822802756512,230.217593182514,0.001,22435.1312403735,0.989495333373197,0.617924673364497,0.0688666953203277,1.26908553205981,0.0656775535170806,19.3229720673101,272.964759214819,275.821021355948,1,5,1,197,204,46.0294914563976,854.823471836849,82.5536358735099,494.825889762663,,33095.4735382464,1101.64502146536,354344.964323729
ANK2,ARID1A,277.322300304234,316.813403614375,0.001,0.001,0.968876027510444,0.968963519299883,0.93880691540913,2.42571349240613e-07,0.0696945728273113,3.48049122622007e-06,272.964759212331,315.375332818265,2,7,0,195,204,46.1125689660159,856.355001906997,136.122325687149,612.750140720407,,17608.8625541483,,23776.8042745834
ANK2,ARID1B,277.410368890381,467.976358844149,0.001,35095.243226611,0.98939710833078,0.693871819582741,0.0886701726862645,1.13439936955014,0.0667381946788663,16.9977533106595,272.964759218182,560.386021849931,1,5,1,197,204,46.1273681134271,856.646296749814,167.813192895634,1005.88057867155,,28581.6348605806,1724.61123877631,568987.446654578
ANK2,ARID2,275.567337290113,611.963505407909,0.001,0.001,0.981241499769443,0.978057481446249,0.9597112526774,1.35693455974133e-07,0.0505139402020943,2.68625760396546e-06,272.96475921483,609.237224667584,2,5,0,197,204,45.8208074857926,850.919990777528,219.443582120869,1315.35973709204,,29944.057219079,,64909.1151235174
ANK2,ASTN1,273.789980702665,43.4035179873454,0.001,0.001,0.993971773308574,0.997719630396151,0.99170517737201,1.70944674901354e-07,0.0126888467019679,1.34720419370219e-05,272.964759214793,43.3043516700835,2,1,0,201,204,45.5258826026687,845.434916735042,2.4765505290902,191.109352699924,,153389.100028125,,45393.9463800938
ANK2,ATM,275.419003820063,329.300269277978,0.001,0.001,0.982314075714568,0.981464726653322,0.964107036958111,1.45283071783901e-07,0.0427151268273717,3.40120895276856e-06,272.964759214497,327.75668097958,2,4,0,198,204,45.7956922672058,850.45543032427,102.229699847146,765.009672508192,,32466.4399842833,,41566.1774487988
ANK2,BAP1,274.09739179074,73.3135986815033,0.001,0.001,0.991769247880332,0.994613455694169,0.986427104415109,9.09909510678469e-08,0.0103938078848053,8.75434220800507e-06,272.964759215115,72.9179369563158,2,1,0,201,204,45.5765098747398,846.381647445878,4.18317027604055,322.80515290478,,112206.828491296,,32034.9287915768
ANK2,BRAF,273.79250418988,260.297293063815,0.001,0.001,0.993971688882799,0.99585398133248,0.989850693609171,3.81706873160085e-08,0.0100833621029285,3.78551190826745e-06,272.964759215115,259.216195846509,2,1,0,201,204,45.5259307435018,845.435822295826,14.8522129545937,1146.10021389527,,153519.18204586,,149827.38684377
ANK2,BRCA2,274.099910900138,172.143843720818,0.001,0.001,0.991769652970114,0.995646467115759,0.987452001708146,4.8252521852709e-08,0.0100872325369545,4.78352428933668e-06,272.964759215115,171.391097792821,2,1,0,201,204,45.5764693798838,846.380895476402,9.8222028187209,757.951954023379,,112218.512656195,,94234.8662382285
ANK2,CDH8,274.690879442643,82.0024525068734,0.001,0.001,0.987483558693296,0.996248185009298,0.983778794574612,2.06564558551266e-07,0.0257207033034014,8.03106183041074e-06,272.964759214793,81.8464372822478,2,2,0,200,204,45.6752702532056,848.218305923173,13.6350938713147,253.214165304268,,51570.4921139761,,52502.5059659355
ANK2,CSMD3,277.496827577723,371.68555464085,0.001,25017.1344154138,0.990101847205013,0.734614707076375,0.0962672843144279,1.24908994198533,0.0856328326886912,14.5865773998889,272.96475921483,424.055259186638,1,7,1,195,204,46.1413931738648,856.893382058723,159.70224562544,718.859351261133,,26944.8884613577,1226.89403522978,413752.662674032
ANK2,CTNNA2,274.7639564865,119.311371914637,0.001,0.001,0.986955210229861,0.993749571252954,0.980786439959146,2.30766570006083e-07,0.0377934122610479,6.10599986082561e-06,272.96475921483,119.061170164125,2,3,0,199,204,45.6875529579007,848.443336615356,29.6711927174863,309.392558278464,,46373.6309223776,,45446.8550275653
ANK2,CUBN,274.795272720581,114.525527498602,0.001,0.001,0.986752539384626,0.992222119615881,0.979077960743293,1.49111759593836e-07,0.0237344319089528,6.28250805268233e-06,272.964759215115,114.075934901941,2,2,0,200,204,45.6923290086751,848.54553715606,19.0429463038545,353.649701951862,,55385.9566644716,,35133.6377909504
ANK2,DMXL1,273.479360608269,276.439158434931,0.001,0.001,0.996249218584476,0.994475090893665,0.990745062751619,3.76805861400029e-08,0.0102522130602532,3.67536120431274e-06,272.964759215115,274.910087068351,2,1,0,201,204,45.4738868750916,844.464718723958,15.7732483211161,1217.18249791214,,247113.009513903,,117741.474249466
ANK2,DMXL2,274.780813640158,453.563336737354,0.001,0.001,0.986853036906359,0.985827166779286,0.972866842441896,1.03329809793566e-07,0.0347525693395803,2.97329986695061e-06,272.964759214497,451.401251284823,2,3,0,199,204,45.6901328521905,848.491115234741,112.794225429547,1176.17052422563,,45813.8068825734,,75100.2275994197
ANK2,DNAH5,276.913098679412,283.979811585052,0.001,24730.296694144,0.987192216880173,0.667916154034137,0.0774819503430491,1.28816036817551,0.0868933573310842,14.8246126947002,272.964759215115,330.771237801354,1,6,1,196,204,46.0442644221439,855.088092937749,112.865789854435,575.488826799709,,29352.4113232144,1185.92069089024,460453.644786351
ANK2,EPHA2,274.584056790043,379.667519284665,0.000999999999999446,0.001,0.988266967124426,0.983414069936664,0.971875900898912,1.01459329810046e-07,0.0318036248956732,3.19018131244055e-06,272.96475921483,377.556336366882,2,3,0,199,204,45.6574859636931,847.880931174804,94.4192371884271,984.554886120494,,50497.4577398865,,53438.2065499897
ANK2,ERBB2,276.34422573755,1081.39271614824,0.001,0.001,0.975743217864637,0.970815097070105,0.947267248536852,1.57419888311599e-07,0.0675072832586398,2.33189488174895e-06,272.964759214782,1076.03139301168,2,6,0,196,204,45.949952880759,853.325408840323,429.796944917386,2191.4093316728,,22859.9085669751,,85880.1119500582
ANK2,ERBB3,276.830249475281,2016.82670010097,0.001,0.001,0.972327411775982,0.97185476976618,0.944962280234674,1.33474172967635e-07,0.0632565949401441,2.11004359456802e-06,272.96475921483,2007.17964567052,2,6,0,196,204,46.0305822320644,854.830140058256,801.578354862441,4087.13065407008,,20033.3375208924,,166056.508964657
ANK2,ERBB4,274.469760324202,175.285998104218,0.001,0.001,0.989076866739247,0.992904234531822,0.982058699377856,1.70832279195073e-07,0.0360280377329433,4.74164817027675e-06,272.964759214793,174.86564469797,2,3,0,199,204,45.6385273942877,847.52827488688,43.5905681267246,454.528989600295,,54923.8277679212,,58306.8564928401
ANK2,FAT2,275.407242724832,151.558147990687,0.001,0.001,0.982379993314328,0.992707498221959,0.975216304702712,1.23951037290897e-07,0.023815795123862,5.20457270673718e-06,272.96475921483,150.99906954258,2,2,0,200,204,45.7939348389922,850.447387401441,25.2006226364634,468.005593997586,,39182.6588945682,,49189.944515467
ANK2,FBN2,275.741684448616,141.875181852891,0.001,0.001,0.980002302092465,0.992517018022596,0.972669282297512,2.09101254046852e-07,0.0384060823648306,5.44448277906968e-06,272.964759214793,141.515648879123,2,3,0,199,204,45.8494309803287,851.46887320328,35.2819104728355,367.913321235608,,30267.8798933527,,44834.1133617751
ANK2,FBXW7,275.043376483567,619.558210031206,0.001,0.001,0.984976088375864,0.986481418127691,0.971660957599975,9.27505530183212e-08,0.0347006944396592,2.67287310862336e-06,272.964759212331,616.739281861626,2,3,0,199,204,45.7336456236752,849.304973363727,154.074438339893,1606.62461374726,,40674.6996148637,,107696.832281306
ANK2,FGFR2,,,,,,,,,,,,,2,0,0,202,204,,,,,,,,
ANK2,GLI3,275.98154184676,101.694189623723,0.001,0.001,0.978293388451234,0.991639848517406,0.97011506064041,2.48847785381829e-07,0.0362474320762798,6.86525282282478e-06,272.964759214793,101.406917198503,2,3,0,199,204,45.8894894509175,852.215078474935,25.28967348788,263.714113786735,,27422.7283302149,,28670.7330304837
ANK2,GNAS,282.848871921225,1258.92013718638,0.001,0.000999999999976353,0.931483436220831,0.963535193535926,0.897522290342335,2.17124485508329e-07,0.0951437272747842,2.28206831629848e-06,272.96475921483,1252.92721392511,2,8,0,194,204,47.0295671402743,873.502972808099,575.23336315109,2343.87854927672,,7864.61121393573,,80215.4008703316
ANK2,HMCN1,278.224749041567,214.083884781064,0.001,0.001,0.962644491862696,0.973703365727789,0.93733226391523,2.99168708038904e-07,0.0700233896319496,4.2724111130776e-06,272.964759215115,213.120648652913,2,6,0,196,204,46.2615813739861,859.157526687987,85.0842109799764,433.862935930269,,15012.8530369916,,18983.2273956123
ANK2,HYDIN,281.914884568489,619.433684785284,0.001,0.001,0.937621613244912,0.969758019590502,0.909269880161403,3.35206058259176e-07,0.123225353670036,2.72026858333688e-06,272.964759215152,617.469551567647,2,10,0,192,204,46.8750474576929,870.583771603658,310.33750476634,1086.69062729882,,8580.54437617947,,48126.6803764899
ANK2,IDH2,,,,,,,,,,,,,2,0,0,202,204,,,,,,,,
ANK2,KMT2C,275.311321257723,394.654709323184,0.001,0.001,0.983071401085876,0.978050625173895,0.961494235182897,1.67794728179235e-07,0.0533331089062844,3.14616439244296e-06,272.964759215115,392.894804561503,2,5,0,197,204,45.7781253220999,850.124368715719,141.517943277976,848.278610867283,,33191.1197813251,,42019.8831048242
ANK2,KRAS,296.822557806571,14743.3302910754,0.001,0.001,0.846083335483658,0.806242487594382,0.682189994970071,5.39608892026998e-07,0.278189478144107,1.93971711520833e-06,272.964759218086,14625.3454515612,2,28,0,174,204,49.3515369317504,916.726111441602,9929.98168082494,20911.2386399194,,3306.75170965948,,159618.271226871
ANK2,LAMA1,276.166700218541,94.6079172523454,0.001,77076131.6978588,0.984601532927009,0.174910117819334,0.000111072489869807,1.99943817553393,0.0607496863683259,32.9127324775196,272.964759218182,157.677425739683,0,3,2,199,204,45.9236405229364,852.853020057344,23.5270603838547,245.333705989896,,36657.1278541716,12392.7996161965,
ANK2,LAMA2,277.080109540205,321.821761331966,0.001,0.001,0.970556681500022,0.986399102350538,0.957357131146087,1.65860679064798e-07,0.0481236985876136,3.44654887160913e-06,272.964759214497,320.705660291926,2,4,0,198,204,46.0722465662788,855.632260408877,99.9059984576576,747.674406771927,,19808.3681603477,,55745.2447155654
ANK2,LRP1B,280.194600333271,170.860942716011,0.001,0.001,0.949145296067416,0.983026164703205,0.933036384109079,4.50716681229483e-07,0.0918326342295389,4.90802300305249e-06,272.964759211912,170.482245201145,2,8,0,194,204,46.5891923733777,865.261206695192,78.0734043426646,318.094706088318,,10697.2205933308,,23590.4940511652
ANK2,LRP2,276.505208100441,201.438609415915,0.001,0.001,0.974607107350645,0.983936640422901,0.958952416105069,2.02123718049622e-07,0.0459934809941947,4.39461666480808e-06,272.964759215115,200.616709781767,2,4,0,198,204,45.9764247940752,853.836249484703,62.5348380481005,467.982154697289,,22916.5296669913,,29378.2398588169
ANK2,LRRIQ1,274.506882947664,496.473827960737,0.001,0.001,0.988815117441103,0.99090055137995,0.979817574134345,1.03460074415192e-07,0.0360283190070047,2.87163201799889e-06,272.964759215115,494.958277692884,2,3,0,199,204,45.6446283873208,847.641885267507,123.466498274586,1287.42125910482,,53510.939929319,,128889.19583825
ANK2,MACF1,277.645989634026,611.92301131462,0.001,0.001,0.966650321348924,0.966798716356558,0.934558470828186,1.57096370120846e-07,0.0580594018630041,2.70578691960224e-06,272.964759214497,607.762164336698,2,5,0,197,204,46.1658183176242,857.373172205611,219.423971126578,1315.32304635201,,17061.9914617595,,43453.8778209918
ANK2,MED12,275.391060123026,216.732524034757,0.001,37626.7941106069,0.993100145418878,0.623901897041589,0.0446973083479952,1.09370115503763,0.0351848328540667,31.0844493584461,272.964759215115,324.398435914737,1,2,1,200,204,45.7912973502268,850.389541640488,36.0375348988846,669.26353066753,,65693.9168497722,1833.59087694406,588811.976992162
ANK2,NF1,281.221718616112,1128.62292671597,0.001,0.001,0.942265252371666,0.951577768110861,0.896643313240413,2.60848438099481e-07,0.111917642962874,2.33071775989788e-06,272.964759214497,1122.93310348414,2,10,0,192,204,46.7599040036538,868.438819509323,565.474490272285,1979.80391243714,,9319.51466533779,,53817.0416533374
ANK2,NRAS,274.387676840563,2315.15806563638,0.001,0.001,0.989679291454752,0.989415090695472,0.979203747149363,3.95409438832921e-08,0.0191241231836542,2.06759512598667e-06,272.964759215115,2302.85604413593,2,2,0,200,204,45.6247413974789,847.274889477866,384.962387243856,7148.94577480198,,63029.7945058967,,513191.933357557
ANK2,PBRM1,274.227569980918,266.266850119693,0.001,0.001,0.990830449979889,0.991406500336621,0.982315864519975,8.73648662190127e-08,0.0232822870672048,3.75241770565031e-06,272.964759215115,265.117268424389,2,2,0,200,204,45.5981746546588,846.781397143672,44.2744571128408,822.200105133812,,76200.606485481,,72780.3231734318
ANK2,PEG3,274.092961850392,103.925628372802,0.001,0.001,0.991794924804622,0.996205985911795,0.988032072665284,1.67713098164041e-07,0.024982510509777,6.71322035863474e-06,272.964759212331,103.727858784729,2,2,0,200,204,45.5758560666345,846.362563267088,17.2806734485048,320.906244642516,,78821.0242215137,,64817.5419471122
ANK2,PIK3CA,276.81934285981,769.551106304574,0.001,0.001,0.972395016953546,0.978601752549718,0.951588409830948,1.61571117681183e-07,0.0640924961156585,2.52090537072576e-06,272.96475921483,766.7536912181,2,6,0,196,204,46.0287951513105,854.799535620008,305.851706761831,1559.51066576057,,20208.2667056747,,84239.1299312666
ANK2,PLEC,276.285046342841,188.813433257811,0.001,0.001,0.976159837458176,0.980907260143803,0.957523153369406,2.12148468597744e-07,0.046466929598329,4.56557965915987e-06,272.964759215115,187.897509857712,2,4,0,198,204,45.9399286734494,853.156657444487,58.6152766435748,438.651545718269,,24694.8779667428,,23346.2314901139
ANK2,POLE,275.733461221511,197.048470391208,0.001,0.001,0.980064639903458,0.9891787155658,0.969459482949006,9.22407479009291e-08,0.0207894452347702,4.43690280617286e-06,272.96475921483,195.973344263595,2,2,0,200,204,45.8480925989378,851.453735727334,32.7647023763967,608.472789378116,,32238.2162125314,,42733.1712273804
ANK2,PREX2,276.394484085779,339.321513482448,0.001,0.001,0.975376803562565,0.985795239407862,0.961522334660177,1.94647412607484e-07,0.0579154932084341,3.36088673037732e-06,272.964759215115,338.342873519743,2,5,0,197,204,45.9581888814645,853.486185455245,121.678566811225,729.322694955229,,22995.6925609702,,55942.3961720801
ANK2,PTPRT,276.232283617104,116.206912564248,0.001,0.001,0.976526383342872,0.992965655539783,0.96965752989337,2.22940765244595e-07,0.0357234872829413,6.24073353978109e-06,272.964759215115,115.929001651131,2,3,0,199,204,45.9309821147058,852.995667894749,28.8985293401997,301.351885707378,,25722.9806467844,,38889.1921413847
ANK2,RASA1,275.493749364096,186.00588764272,0.001,47095.3531519741,0.989265884485773,0.412494250342925,0.0307602950965119,1.28816845094666,0.036732406073114,35.0689918973081,272.96475921483,278.596733530295,1,2,1,200,204,45.8083504467781,850.707545403166,30.928441445445,574.37985151607,,53476.0174642894,2290.80502869914,737305.340728632
ANK2,ROBO2,276.250581783969,175.273880206072,0.001,0.001,0.976399551995976,0.993805118479334,0.970351246735085,1.78478530694004e-07,0.0374762652376244,4.76244176313544e-06,272.96475921483,174.902509691582,2,3,0,199,204,45.9339600683201,853.0557256967,43.5871040562827,454.533012809147,,25983.2382327628,,67501.6227666918
ANK2,ROS1,276.559521711887,463.187010612659,0.001,0.001,0.974214803643811,0.984564711458727,0.959178260470812,1.33628177500286e-07,0.045196423112512,2.95660957876316e-06,272.964759212331,461.369182635965,2,4,0,198,204,45.9856659617301,854.009472693388,143.791963075629,1076.06881002503,,22583.6769778903,,70189.869065166
ANK2,RYR1,280.654930814323,282.3228130985,0.001,0.001,0.946057189735816,0.975026316711974,0.922434004464556,3.11067519184055e-07,0.0838676905939532,3.70902688485955e-06,272.964759214819,281.271546449432,2,7,0,195,204,46.6654621344989,866.695300112231,121.291763154828,546.131150545687,,10109.6650657407,,26868.0271315313
ANK2,SACS,279.335578725733,307.966545136453,0.001,18554.6952698141,0.981121970657041,0.596892279156546,0.10572276598688,1.20708724015356,0.0908336619297148,13.2889857626524,272.96475921483,351.295554500006,1,7,1,195,204,46.4468357852904,862.604026969836,132.320946042064,595.648427813575,,18715.4613204305,912.190204872847,299160.017753298
ANK2,SF3B1,276.225266477671,857.465125750647,0.001,0.001,0.976582777636048,0.980428040592114,0.957469855781474,1.05486055018743e-07,0.043051464380467,2.45023152026865e-06,272.964759214497,853.213216913832,2,4,0,198,204,45.9299731007606,852.969654736308,266.195304089645,1992.03824958628,,25080.3169378758,,102117.200412225
ANK2,SMAD4,284.603967807314,2313.3452319405,0.001,0.001,0.920044091535307,0.919442862589945,0.845937102069757,3.38747515073179e-07,0.160984049333749,2.10423030402779e-06,272.964759215152,2300.95712463652,2,16,0,186,204,47.3221241839308,878.887321936426,1356.65544717901,3639.97798840363,,6559.89251051208,,64392.8517767781
ANK2,SPHKAP,275.024796599062,371.979794041661,0.001,0.001,0.985102577039713,0.991057591300066,0.976293619714393,1.09547544644047e-07,0.034085478303403,3.21390662818159e-06,272.964759214793,370.860199167586,2,3,0,199,204,45.7305839996064,849.250064034192,92.5058703983388,964.604551878223,,41937.0275550881,,97983.3584768178
ANK2,SPTA1,276.897381799017,321.585863490042,0.001,0.001,0.971842099662711,0.98319969157542,0.955515614941967,2.35852774256931e-07,0.0683375283743437,3.45129213577877e-06,272.96475921483,320.667901587969,2,6,0,196,204,46.041769717513,855.041096778727,127.812893297373,651.689566733136,,19775.0319657296,,44757.8319826098
ANK2,SYNE1,283.252964258595,329.844679165111,0.001,0.001,0.928843273480925,0.91757976017971,0.852296679132963,5.73931122221233e-07,0.164339513766612,3.49235012972173e-06,272.964759215152,327.919160820803,2,15,0,187,204,47.0975204369064,874.709148143882,189.781368600034,526.148997524653,,7421.19478238877,,8938.07980752861
ANK2,SYNE2,275.500621671303,567.158481792307,0.001,68113.0023314198,0.99490828242239,0.790255953041711,0.0598057230393697,1.10087073688406,0.0446840502577656,24.6367715221325,272.964759214497,754.531314194114,1,3,1,199,204,45.8095584462098,850.726489546946,141.043238012461,1470.74808737101,,60184.8662952803,3342.4366085758,1119012.88822661
ANK2,TENM1,275.613454603345,165.436338404394,0.001,0.001,0.980909677272024,0.993027132769014,0.974070236306565,1.7965026760788e-07,0.0364562220271001,4.92783556876341e-06,272.964759214497,165.045385430472,2,3,0,199,204,45.8282079289694,851.075151803664,41.1411158312416,429.01679996366,,32347.8672625261,,56333.3077842268
ANK2,TP53,303.535789840156,1237.84985497761,0.001,0.001,0.809055244422984,0.846487618515473,0.684895269286838,9.6804014608487e-07,0.405642477642148,2.38643682415051e-06,272.964759215465,1232.21687470781,2,39,0,163,204,50.466843607035,937.498016101782,888.365975127262,1669.22017371792,,2628.70188804517,,17105.3207213704
ANK2,TTN,277.468800641809,654.888854219181,0.001,0.001,0.967868259372126,0.98171301117562,0.950170191837496,1.59867705346576e-07,0.0605074731332312,2.64211504907111e-06,272.96475921483,652.433493252877,2,5,0,197,204,46.1363176228056,856.82369509055,234.829800744951,1407.67710780351,,17805.4028193744,,83588.0214146139
ANK2,XIRP2,278.358319128871,387.770676738233,0.001,0.001,0.961708270844007,0.982243685439531,0.944633066881691,2.00954797298196e-07,0.0631637730664378,3.1814881781496e-06,272.96475921483,386.593154320702,2,6,0,196,204,46.2838707298862,859.581491034543,154.116893461061,785.812493551926,,14754.1694480444,,51253.9515085827
ANK2,ZFHX3,276.598003201474,199.216487009426,0.001,28866.9519450087,0.986397059856602,0.476001683119739,0.0495541140077166,1.21634001338106,0.0464955562732522,26.1603497382133,272.96475921483,265.168960251298,1,3,1,199,204,45.9924331542425,854.147832422602,49.5434331550145,516.641259679784,,36054.1002625837,1409.94750044536,451974.734249863
ANK2,ZNF521,274.107799760957,142.062343749589,0.001,0.001,0.991702871112458,0.994272197163897,0.986022650714664,1.29643210225504e-07,0.0239709474444315,5.40834735573294e-06,272.96475921483,141.653663350858,2,2,0,200,204,45.5780244898781,846.402861115979,23.6219332965679,438.667716806653,,77600.146537112,,58739.6552407101
ANK2,ZNF536,278.46561179292,313.876193044929,0.001,0.001,0.960914837733179,0.981547347884708,0.943184579863406,3.28829843639512e-07,0.0937238396014259,3.50849735817384e-06,272.964759215152,313.132526082908,2,8,0,194,204,46.3029189245693,859.905951434429,143.429010890396,584.314036780842,,13936.9589773378,,39935.8096726059
ANK3,APC,267.539162493952,1293.55681970295,8077.06625962871,0.001,0.896352994116526,0.96704007996169,0.0123669002981869,3.11237829628833,0.427498543283827,7.28044187561581,457.396656017847,1281.51260838917,4,11,3,257,275,83.053361051444,621.587573847507,728.665268957158,2094.57554484286,1922.16707752246,23425.1813682094,,41879.0761436483
ANK3,APOB,299.258942857565,396.499442010276,9539.04914270331,2161.86149224481,0.686812371854301,0.985103964532668,0.00530896740149016,3.25750632278184,0.337529461998608,9.65102810134922,457.396656017927,410.700871895809,4,9,3,259,275,93.6628329966019,686.836403605511,205.159402757266,676.449810183883,1162.46466510638,31195.0835276703,,22456.0451260339
ANK3,ARID1A,466.473043717929,429.721330245519,0.001,7716.90008636965,0.99445427456855,0.955325590809595,0.0926625616710909,2.25760521961709,0.372974305318176,6.05297787924338,457.396656019242,497.143970423073,5,12,2,256,275,200.412224102406,902.187589368611,230.091171281537,720.761517747985,,13238.2650829574,1213.52138473037,28672.2303493818
ANK3,ARID1B,464.617168986664,504.660120702742,0.001,14535.3860509191,0.990723220405211,0.59126667587622,0.0435321836679214,2.28940821501411,0.263810161194089,8.67824121956302,457.396656017419,643.302004237209,5,7,2,261,275,199.628293274159,898.631626908747,216.837003620133,976.05013471015,,16294.4048609027,2275.00083890235,54555.9236013102
ANK3,ARID2,397.975947972322,945.621381600255,4265.84897268163,0.001,0.902932001043784,0.987241767446495,0.446458794330562,1.13836352191179,0.265377108571024,4.28960707289914,457.396656019874,935.095676294743,6,9,1,259,275,158.17095223646,806.51578757506,473.802590083278,1658.69848680336,239.096657572977,20203.882964882,,28439.6219842278
ANK3,ASTN1,329.698650265344,229.508137943865,13144.2264862298,0.001,0.546323535847254,0.96945852121797,0.0255982673134106,2.29912987297,0.220826466768709,10.411477874969,457.396656019242,226.521752050444,5,5,2,263,275,118.22518988597,708.664411274277,98.6100926611598,443.899448350565,2063.91780120483,49060.5839610983,,9734.95551256723
ANK3,ATM,330.623240072368,590.733647456522,10231.3461815741,0.001,0.865217582589714,0.989095492696883,0.0404246729054304,2.27899158254964,0.258319518327524,8.82237469822198,457.396656019242,585.099185756413,5,7,2,261,275,118.556710756995,710.656545575871,283.845622005045,1064.97008222678,1631.82970234013,35902.3685029754,,27872.3221849569
ANK3,BAP1,459.276924322956,57.6765232193742,0.001,5212.61139526091,0.980923042537205,0.543426720954484,0.0861006724523697,1.14158998599183,0.0563633502114051,20.2541187085226,457.396656019874,114.140560941284,6,1,1,267,275,197.333290346317,888.299827307113,3.29093469857675,253.954329573002,,88789.135385191,289.341843255198,25881.7689202397
ANK3,BRAF,458.395324580716,202.839476193044,0.001,18118.8455904304,0.994694601695766,0.825113757499819,0.0881957622433676,1.08572814923411,0.0536655683975104,20.2313733303247,457.396656020052,401.384622452386,6,1,1,267,275,196.956286854051,886.581400657437,11.5737472424926,893.117934503833,,170781.573741536,1006.92763009975,89441.8512249706
ANK3,BRCA2,459.840144875189,266.619183883878,0.001,25733.4455929391,0.982656470391401,0.6031923103392,0.00718385261840015,2.06595461680064,0.106653537856695,19.370708729574,457.396656019242,528.276405539999,5,2,2,266,275,197.575263196885,889.390066565322,44.3329157627905,823.291488797343,,51164.1729012421,4041.42468640862,96048.2854871976
ANK3,CDH8,328.719973630906,154.334820369866,18736.5498306941,0.001,0.551008093505529,0.972923761361313,0.0143839116111029,2.08415923755008,0.15948431781479,13.0681139444094,457.396656020316,152.130479668179,5,3,2,265,275,117.874681163656,706.559481140914,55.3417788950919,331.738590889542,2819.97739500862,85443.3380247528,,8132.08853600705
ANK3,CSMD3,335.255108791254,642.257210727652,4958.26597915684,0.001,0.715886629696944,0.964404434197831,0.137892382735487,2.1548059349327,0.43859346220177,4.91299146164975,457.396656018472,634.868425789273,5,14,2,254,275,120.215262296254,720.637060744796,376.684104177178,1010.44858564665,805.937508293056,16316.3918694579,,13539.2497620319
ANK3,CTNNA2,395.529344517259,210.794546169398,7140.31462967256,0.001,0.607758538646869,0.954769414534089,0.281542010938006,1.43087191959338,0.218144064575233,6.55929796842993,457.396656020948,207.555196951978,6,6,1,262,275,157.194544201854,801.520452158347,90.5712399778374,407.710936089825,395.984087584508,35616.3352127286,,6154.04418441321
ANK3,CUBN,321.064570058157,223.806186587376,22930.2168799426,4499.64045222716,0.658310090062739,0.919990502111423,0.000486357412699227,3.31310479833672,0.185708563807406,17.8403447337661,457.396656021148,260.554760557136,4,3,3,265,275,102.36057087322,721.996737970526,71.1370033046089,491.284955781003,1075.33796966761,110448.986246369,,32336.0069723611
ANK3,DMXL1,328.783245988525,1293.9346332061,18186.7305334831,0.001,0.723007701649398,0.989696731300024,0.014483338399986,2.22380606447042,0.164450181139945,13.5226732439899,457.396656018472,1281.33893197148,5,4,2,264,275,117.894225866015,706.67241714271,514.210070358797,2621.74063258012,2822.08412298683,71619.5685885959,,86953.7159747455
ANK3,DMXL2,330.278700253419,960.352528660795,11154.8145743028,0.001,0.743847176140028,0.97919379263701,0.0352163106293723,2.28015403162026,0.246183539618464,9.26200848015286,457.396656019242,949.768292668557,5,6,2,262,275,118.432873968513,709.917416436066,438.845271222004,1787.76165262671,1752.55775871795,41177.5855647601,,42618.3847782121
ANK3,DNAH5,430.357742653032,337.41257643407,0.001,0.001,0.923234912477747,0.871520680851056,0.804645431803017,6.14573413812328e-07,0.220289246932892,2.7898475407633e-06,423.41660625181,330.771237803234,5,7,0,192,204,154.314565907292,925.09480761286,144.963444095174,652.676276647051,,11056.3739964548,,5154.70312699257
ANK3,EPHA2,460.795550053641,479.96282839636,0.001,0.001,0.950009644201779,0.934382761288828,0.887677360834892,3.05619197079818e-07,0.139329176829106,2.19350464874041e-06,457.396656018695,473.466607749194,7,5,0,263,275,197.986749008914,891.229709974836,172.111112097259,1031.61688423191,,18421.754299379,,14183.9623159966
ANK3,ERBB2,465.156433160724,1264.70292354775,0.001,0.001,0.889885604042262,0.891296309464452,0.793169487499718,4.11364581292856e-07,0.267821489145568,1.53596555155165e-06,457.396656021376,1248.487173327,7,9,0,259,275,199.857001717095,899.690325059304,607.677948893211,2280.03750286653,,7911.13201673792,,22060.7886675029
ANK3,ERBB3,430.28351048101,2032.56223373226,0.001,0.001,0.923394468387341,0.928068878106146,0.856986192055802,2.43181860801189e-07,0.165751956089347,1.4671432334114e-06,423.416606254107,2007.17964565333,5,6,0,193,204,154.287702836083,924.928481924801,807.813991914952,4119.07463820786,,11021.3766552593,,55806.7464595482
ANK3,ERBB4,328.51616424169,265.674642148696,20566.0912130066,0.001,0.387978787202504,0.970886245824065,0.0115408785176249,2.56644382627289,0.182112081823087,14.0926609623081,457.396656019212,262.390441261343,5,4,2,264,275,117.801913865515,706.117979768738,105.591588458486,538.383156495134,3148.57136829726,85047.0129864356,,12915.8528094535
ANK3,FAT2,330.866565846742,469.924486928268,9691.88488900718,0.001,0.96674603840775,0.988149012688137,0.047398985136338,2.04341755050675,0.243636013573736,8.38717363879506,457.396656018519,464.991016433035,5,6,2,262,275,118.642730778743,711.192839730291,214.735785908192,874.815853022644,1503.89427378756,36931.5119831507,,21920.5693788779
ANK3,FBN2,461.250691130764,144.568862016678,0.001,5603.98351166312,0.99209654453305,1,0.0321860740984339,1.93425118425874,0.193779593289388,9.98170731718974,457.396656018472,214.318124041637,5,4,2,264,275,198.180162588699,892.125237170179,44.8795554379775,335.870454608509,,30865.951305738,849.107332324363,23764.8404811194
ANK3,FBXW7,328.701855510198,815.605875837294,18790.2236327645,0.001,1,0.991961791658862,0.0161807843162959,2.03365965816784,0.153603982597117,13.2396284509228,457.396656019242,807.45260278538,5,3,2,265,275,117.867900562377,706.525075423012,292.469140950807,1753.0483636944,2700.841668657,96468.4204648933,,64286.986970816
ANK3,FGFR2,,,,,,,,,,,,,7,0,0,268,275,,,,,,,,
ANK3,GLI3,462.842968726371,128.784499610986,0.001,1941.76483079045,0.98612632726477,0.892935099733412,0.346658675192789,1.06076770512323,0.185894832853214,5.70627859226638,457.396656019874,152.606366239328,6,5,1,263,275,198.862856473103,895.207888291148,46.1829203176477,276.827407912695,,18703.5189545124,106.965087595646,10014.9737724442
ANK3,GNAS,474.93815690888,1334.67204110859,0.001,23864.858918544,0.903811727865486,0.327687738161409,0.0868900888633589,2.33204011337475,0.40051857491792,5.82255171024881,457.396656015794,1563.50034087213,5,11,2,257,275,204.044013441909,918.725118260727,692.966253162889,2286.19873766891,,6018.29568918487,3698.97615832625,92384.8266647716
ANK3,HMCN1,388.378991538906,281.199242175264,3999.67854274465,5689.01057364644,0.949024088732743,0.864490816487809,0.00722400255858338,3.25107966640476,0.372268643793566,8.73315472738975,457.396656019126,329.446772607969,4,9,3,259,275,136.253588810252,817.471825093186,137.122751021943,498.946994356587,,22613.6099431374,,26072.6746181356
ANK3,HYDIN,437.914625313318,563.24288100057,0.001,4229.44445505354,0.991582178215478,0.934779602585497,0.591559228476119,0.980100613625622,0.329652175248268,2.97313558719122,423.416606249921,617.46955156989,4,9,1,190,204,157.014470873881,941.432332926977,270.592063287162,1015.64853436489,,8809.38971841791,226.197016708307,25778.1872612078
ANK3,IDH2,458.158623558405,732.007061552693,0.001,0.001,0.988499943604553,0.987020624793695,0.975670042253009,4.38599214275893e-08,0.0242137223978613,1.81136632802329e-06,457.396656018695,722.496365546888,7,1,0,267,275,196.854911280059,886.121122076146,41.7673162105267,3223.09950193491,,133962.149789649,,112660.124281623
ANK3,KMT2C,330.663588060434,618.032752552296,10147.3965833423,0.001,0.653660812046924,0.977679709070141,0.0405014547015563,2.49635110713233,0.283371138950112,8.80947550403792,457.396656018472,612.18079745758,5,8,2,260,275,118.57105196763,710.74291515131,309.663786262562,1084.08307920796,1618.45211259799,35552.6906993665,,23841.8536924188
ANK3,KRAS,375.149675028092,13190.5377957009,1519.071763275,50819.2292867943,0.968874717429878,0.97241211134135,0.185683620353987,2.65067920753695,0.904464349379062,2.93066189878761,457.396656016743,13582.1850235532,4,32,3,236,275,123.91860917629,819.360995633774,9173.6919847098,18223.6274534336,,5934.11628068864,,264306.817042279
ANK3,LAMA1,466.807966971739,215.38340700576,0.001,3645.77217422398,0.990500101515999,1,0.11319307081982,1.89568234702714,0.33991838899029,5.57687494536017,457.396656016988,260.121911257339,5,9,2,259,275,200.56071779694,902.893114304448,103.487620701438,388.318862958865,,12809.2029058584,557.384356366251,14957.5616356269
ANK3,LAMA2,464.358219330911,369.02651655947,0.001,9399.70516904248,0.978966912251932,0.897607305479364,0.0588817453182891,1.89063788640885,0.244854607886315,7.7214715407221,457.396656019623,486.172800927625,5,6,2,262,275,199.511926088368,898.16182463475,146.664404274063,747.858610891508,,16700.4718782266,1443.54354039022,37960.0626719984
ANK3,LRP1B,270.036559820004,286.717185203056,5843.8396345399,0.001,0.618107558379309,0.952552819265524,0.0279760182837095,2.89675200597426,0.511711436912819,5.66090924887377,457.39665601818,283.626997191777,4,15,3,253,275,83.8262097989065,627.39934299231,173.793395508177,440.414457775154,1405.06026354624,16444.6863773023,,6249.00124664457
ANK3,LRP2,352.906578628759,297.590601117487,8853.85386164953,5984.23878577222,0.848041451451099,0.894810410866104,0.00248547438181563,3.24605219970144,0.271876019578089,11.9394575687066,457.396656017927,346.846149664908,4,6,3,262,275,116.577767142685,770.29870435534,125.073665149456,573.294891289891,,38541.9193021251,,32516.7019471397
ANK3,LRRIQ1,262.137005048023,628.219904541819,50512.8254519059,0.001,0.207431232797682,0.966830540929364,0.000109511017823977,3.33951191430373,0.152415759078451,21.9105421545342,457.39665601977,620.51199749363,4,2,3,266,275,81.3784420709799,608.999838149086,225.273323347082,1350.29888823717,10254.1459260428,288526.794731957,,35998.6914460864
ANK3,MACF1,430.603203784427,490.579867649963,0.001,11911.6533453397,0.978263164151433,0.579568141096198,0.230926272616802,1.24808625793392,0.160397278981574,7.78121839633762,423.416606250026,607.762164334852,4,4,1,195,204,154.402238121711,925.619613021452,152.294229188101,1139.74399301544,,17339.9196521287,647.04064858459,65802.095194602
ANK3,MED12,381.502006158794,603.928768805465,6185.60708684275,16126.1507212503,0.915704446961018,0.842001205821001,0.00289363191338036,3.17633442708655,0.278288589539307,11.4138148184402,457.396656019126,745.308293672803,4,6,3,262,275,132.54021110656,807.099747306487,247.229971137948,1186.0534420859,,32215.392633112,,75525.6950787922
ANK3,NF1,469.213522129816,888.569087215699,0.001,6723.20039666516,0.96180740195449,0.843469505183909,0.559572174138435,1.04118638007223,0.324660465932047,3.2070008187882,457.396656020237,965.00401358442,6,10,1,258,275,201.591903589893,907.597910883281,445.205826875961,1558.67856517716,,8617.29695228967,371.669951220212,34055.0843292976
ANK3,NRAS,459.156184389749,1768.2347665972,0.001,0.001,0.973659815045109,0.974326100374173,0.948662890036642,7.06706031817269e-08,0.0503142619838426,1.4045839170695e-06,457.396656019754,1745.36273095121,7,2,0,266,275,197.283134365848,888.057232043098,294.02011664407,5460.15400431536,,41370.936976866,,136693.535393134
ANK3,PBRM1,328.916599827206,631.643994141356,17169.5663729994,0.001,0.741877486346067,0.986419873182734,0.0165866194075834,2.31937969577252,0.186064795215885,12.4654408324876,457.396656019242,625.128243838735,5,4,2,264,275,117.945739161013,706.985266741177,251.045790042959,1279.99635483208,2630.69846990149,70698.1861535809,,40210.8124742153
ANK3,PEG3,329.156314631528,234.845751841308,15732.5846237419,0.001,0.507354882114008,0.96901881629138,0.0189964305988545,2.18848141691144,0.18510531836506,11.822898640845,457.396656020363,231.468038012598,5,4,2,264,275,118.031110514526,707.499116533033,93.3376165656411,475.919283931772,2423.34982945138,63489.6048170894,,10467.6629107497
ANK3,PIK3CA,332.205995145286,1109.34184861547,7479.20178115159,0.001,0.913879310075347,0.988356737397988,0.0709992759991947,2.15835541347122,0.312922449664341,6.89741313154873,457.396656019242,1098.47924323855,5,9,2,259,275,119.12312469346,714.070325091387,575.997012632066,1900.1114252985,1198.15568492318,25795.7167394517,,40903.6343659599
ANK3,PLEC,463.520216473168,179.439730906828,0.001,2757.71989903892,0.975094367305437,0.810100765039987,0.336321483303625,1.07111940376716,0.182937658688239,5.8551061134578,457.396656017912,212.660415979097,6,5,1,263,275,199.15028910195,896.546899970746,64.3448507562548,385.690566763271,,17854.4156421815,152.381577228092,14002.6501870698
ANK3,POLE,459.919888918798,77.2605915757267,0.001,27609.8196041275,0.980686419292073,0.155170213868315,6.04162039287572e-05,3.2467971868167,0.112245078356639,28.9259648115756,457.396656020074,306.9083877186,4,1,3,267,275,197.610993615118,889.532197435417,4.40837135254084,340.185679993976,,83413.7483218164,6221.13542671719,97028.9605933444
ANK3,PREX2,264.614697197316,463.841881892139,14543.6327287739,0.001,0.716777870733928,0.97083944656189,0.00276301059351959,3.02236285581288,0.265313097785523,11.3916835657173,457.396656020631,459.216574032153,4,6,3,262,275,82.1460065282497,614.771198535756,222.871256033393,836.229510134205,3312.29144884261,48073.061092423,,20304.5664810046
ANK3,PTPRT,399.457804011251,113.214319482376,8953.89887817307,6499.57508084038,0.931987391293258,0.752721818338738,0.000656466874668771,3.05141045586047,0.181396843358829,16.8217395592951,457.396656021148,171.695159064416,4,3,3,265,275,145.247266464115,825.960480828227,29.3442593612528,278.825196982457,,69661.809898138,90.3487250245845,28770.8566523228
ANK3,RASA1,462.470797707396,288.115882998488,0.001,11375.064241997,0.973030796122526,0.740848736502434,0.0301733544846684,1.94404973660249,0.187490795512367,10.3687742712375,457.396656019242,427.203443259901,5,4,2,264,275,198.700539831262,894.49145431731,89.4452903055827,669.390937498767,,21491.4601501609,1732.42116466927,47209.8970366573
ANK3,ROBO2,462.922056971496,219.072657562679,0.000999999999976353,6382.25755756047,0.988020584226098,1,0.0503630003376499,1.78227634899694,0.215476091986589,8.27134153290598,457.396656018519,302.892005579676,5,5,2,263,275,198.895925711011,895.369318841442,78.5547103673247,470.897813815452,,21479.4479755848,967.353287299834,26967.8261432811
ANK3,ROS1,361.000830854491,390.561969926405,15568.9542412626,14169.4246285834,0.852552234156481,0.85924588184975,0.000593378406344109,3.08053813868645,0.174919196826652,17.6112067433017,457.396656021148,515.737306273459,4,3,3,265,275,121.293096307001,779.229526091268,109.506109781746,909.556998289353,,91554.6221628638,,71539.4535102748
ANK3,RYR1,435.883707335724,243.928198863693,0.001,2960.88793525222,0.975198852197962,0.699954251120059,0.40568310881522,0.985963988614592,0.215644671849969,4.57216948675903,423.416606250218,281.271546449178,4,6,1,193,204,156.289529505036,937.031181942565,96.9382719588423,494.404380770565,,9913.91193329845,159.642632258672,16910.0526426754
ANK3,SACS,270.931333187006,655.152502114303,5379.84022454307,0.001,0.849038915648078,0.953185816093904,0.0348154941911875,2.93006211169165,0.558114933436049,5.2499260208872,457.396656019263,648.286431570912,4,16,3,252,275,84.1042847526367,629.485451015301,402.904942112217,995.640396428779,1299.92499429438,14945.9219918481,,14218.5956412671
ANK3,SF3B1,397.571008083576,1201.27541371825,6481.10872062363,46297.8269237525,0.9222089581327,0.760501191701628,0.00148081518538981,3.59111161322029,0.264921848466459,13.555362209678,457.396656020074,1540.11706000317,4,6,3,262,275,143.465464966667,824.992979973936,486.083930286006,2383.78392786167,,39086.6859117952,,195998.626873264
ANK3,SMAD4,479.234809290798,2708.41950685279,0.001,9236.76752493358,0.991558839737311,0.977670281128075,0.889049107544843,1.05846515173805,0.669655204910187,1.58061214782913,457.396656018874,2788.32035235218,6,24,1,244,275,205.895303499539,926.973310754329,1763.93937581066,3942.08431776611,,4833.19592974006,512.913027123275,45768.5538632045
ANK3,SPHKAP,329.416927466225,644.368287354987,14328.2761407017,0.001,0.59965692440969,0.9781444465455,0.0232235353695821,2.27949497220971,0.200936472876376,11.3443564504695,457.396656019242,637.28902800939,5,5,2,263,275,118.124276195602,708.063254802932,276.863515198554,1246.26304850639,2192.50410368744,57835.1678985423,,30284.5580332393
ANK3,SPTA1,330.646409320351,359.884098675231,10210.5630712619,0.001,0.562021024979439,0.966149675665443,0.0409378592461455,2.28866232066013,0.259666436162354,8.81385501524412,457.396656018472,355.577286105894,5,7,2,261,275,118.564114465118,710.710433132201,172.91889987724,648.823794308306,1602.47032582922,37599.5362799576,,12118.6139171591
ANK3,SYNE1,423.31792933128,362.73031886832,1351.68710156053,4657.64974274832,0.989885970788292,0.859339275987889,0.036965489375248,3.40431925294752,0.681427481799323,4.99586433461467,457.396656017927,399.015338934685,4,20,3,248,275,158.283757262585,864.508793673867,226.48750553928,544.642526347034,,9643.50756100611,259.950518066605,18804.7778101127
ANK3,SYNE2,396.130758416391,639.346908259106,4253.20563753749,11795.1782647826,0.941801046742438,0.849447417001874,0.190135829723597,1.21328499957675,0.118756076648858,10.2166140362167,423.416606250064,754.531314199714,4,3,1,196,204,129.19751252367,883.499647319319,162.092671567327,1619.31098472647,,52140.7116234696,,84937.4825864008
ANK3,TENM1,303.77580891757,306.432175824225,15367.5545600816,2989.11519060732,0.607358606726354,0.961108123788547,0.00149143266744505,3.30297859691311,0.24562870127442,13.447038476269,457.396656020074,328.839835108499,4,5,3,263,275,95.4308707771864,693.98630600652,128.466223652448,591.276775965284,1602.06933656305,57123.8734479181,,28592.0562794644
ANK3,TP53,297.704061913383,1501.3054361581,1601.10781073274,0.001,0.876549311747999,0.923511479630442,0.500284428062296,2.98878116152672,1.66862907636905,1.79115970340774,457.39665601982,1485.32595522177,4,59,3,209,275,92.4034038360955,691.857617855229,1157.10228276034,1908.28118472679,395.333326328121,4217.71991458146,,10047.6733454512
ANK3,TTN,431.181376698848,662.65206308753,0.001,0.001,0.914091798989368,0.926231862808694,0.846681304376489,3.23835445671536e-07,0.161229296715801,2.00853971497724e-06,423.416606254107,652.433493250909,5,5,0,194,204,154.606673388007,926.894417596101,237.60653104297,1424.45113520656,,10066.6519849437,,18143.6751560474
ANK3,XIRP2,425.423439188235,314.834145739789,2893.42578893412,11791.393354649,0.990038248892954,0.837951905128451,0.00311611035599111,2.84428615964084,0.243718819104617,11.67035918724,457.396656021148,427.402901606986,4,6,3,262,275,164.198342288926,857.182123013134,125.872022618878,632.849478460322,,29328.8051012672,1236.88042752539,45928.8504781281
ANK3,ZFHX3,429.796491906662,200.964298372201,0.001,5554.33945530159,0.981191669558532,0.588971417836454,0.213127160877261,1.08411485694971,0.121920361682565,8.89199180504679,423.416606252056,265.168960250893,4,3,1,196,204,154.113429875842,923.912286752705,49.9755409940847,521.157244547241,,22386.1194169674,301.14683320755,30953.038353825
ANK3,ZNF521,328.638766646385,327.041377514201,19394.5494113016,0.001,0.465220005880745,0.976010779128608,0.0126525703819522,2.48101686120704,0.182189697564608,13.6177670547327,457.396656019242,323.217390460873,5,4,2,264,275,117.845900171906,706.381344823803,129.981690576614,662.739875251136,3004.78649789853,76697.0785356824,,17399.432268017
ANK3,ZNF536,432.103336247976,318.428309867592,0.001,0.001,0.904651212985212,0.875879028904753,0.792393540657935,6.74877681650869e-07,0.234484110968436,2.87813821953042e-06,423.416606254107,313.132526082908,5,8,0,191,204,154.939791371066,928.847560998626,145.501239854591,592.835733024678,,8592.05889343575,,4997.34721264891
APC,APOB,1269.84769462897,328.5403946792,1840.80518609401,3688.85778486644,0.999729992902138,1,0.0694966970859302,2.90508594214423,0.648362553078332,4.48065041441907,1281.51260840591,410.7008718953,11,9,3,252,275,701.194050991859,2077.41528768096,158.082545771494,591.157163100357,,26148.3538206099,536.842462500769,11277.5101960929
APC,ARID1A,1027.29305282817,509.353167476593,13038.8958286735,0.001,0.61358710814935,0.928964162790164,0.0679531991752357,3.3072386835971,0.765246591502061,4.32179472646262,1281.51260840628,497.143970421792,11,11,3,250,275,533.380166261316,1759.64809778323,286.915615759444,824.789322685715,3127.49653321524,36989.8987037338,,6060.27714226204
APC,ARID1B,1304.99143699835,587.634363870022,0.001,2621.17952800601,0.978558096997601,0.949040756249668,0.787708208011896,1.0253905888385,0.512826484159018,1.99948836597243,1281.51260838762,643.302004235072,13,8,1,253,275,735.086672025683,2113.13376600384,268.520282721218,1093.98944682601,,17724.2550479892,147.625802437636,12154.7115880628
APC,ARID2,1020.20970642521,955.938821642868,18807.3781186942,0.001,0.808752059691941,0.985509137502232,0.0297417933906048,3.07908095926072,0.53688949392096,5.7350367144901,1281.51260839956,935.095676308305,11,7,3,254,275,529.71027885703,1747.47458145768,478.963149856061,1676.84325787649,4426.93820441667,56475.38359204,,18833.2553520879
APC,ASTN1,1107.91846732364,232.502674964602,19544.2578877052,0.001,0.623409586067011,0.956170368544652,0.0919989579339586,2.35358371184574,0.411217592646944,5.72345092702889,1281.51260840883,226.521752050603,12,5,2,256,275,593.236670632337,1858.37166693295,99.8952979400652,449.704158133733,3069.69478113048,72881.0725028506,,4655.60642898088
APC,ATM,1111.38579975092,600.469601296415,14710.905779631,0.001,0.635924818840478,0.943723927539857,0.143257688317279,2.4049129624291,0.514182036565667,4.67716254440166,1281.51260840883,585.099185755178,12,7,2,254,275,595.090327898104,1864.200074836,288.513485413485,1082.58218694147,2349.53457452822,51398.4028213764,,9457.0612821002
APC,BAP1,1285.32081291106,58.5601681732423,0.001,2205.50144483972,0.982982730589194,0.798267551499689,0.194198838489135,1.04909256959291,0.113091168072792,9.2765207705491,1281.51260839534,114.140560941398,13,1,1,260,275,724.04311245773,2081.1790370129,3.34131850225909,257.849741754662,,198129.510801249,124.144579623764,10248.8092912583
APC,BRAF,1279.05709653369,216.877087873146,2329.71048806794,7197.6817291572,1,1,0.201451611237391,0.994212547047354,0.109137754794579,9.10970313544273,1281.51260839534,401.384622451113,13,1,1,260,275,718.500258255838,2073.95322937235,12.3912382872137,950.96085557594,,347469.696049731,42.9369641428392,34756.7555496325
APC,BRCA2,1287.05224569272,270.725629031804,0.001,10423.8842489042,0.990266659934642,1,0.0381700441123145,1.94916414014569,0.215095845856166,9.06184000154561,1281.51260840883,528.276405532525,12,2,2,259,275,725.017737030245,2083.98868724591,45.0152897472356,835.994428581173,,101277.980302423,1691.02502006331,34525.3238903106
APC,CDH8,1104.44269902929,155.977340737447,29309.5822863316,0.001,0.712934174633304,0.974675979635584,0.0490977871132842,2.19541986711632,0.294922003475878,7.44406941917404,1281.51260840883,152.13047966789,12,3,2,258,275,591.378592993762,1852.52875937642,55.930336944021,335.271043164661,4432.44601574763,131476.271715108,,4647.09814356136
APC,CSMD3,934.954994604959,647.994968620935,15722.8300644677,0.001,0.68016345071134,0.977738567444915,0.014374013477272,4.25754539166001,0.849071614452673,5.01435370019348,1281.51260840461,634.868425785276,10,12,4,249,275,468.446897407821,1640.06403720536,380.041403606369,1019.48716322694,4675.23855932201,40196.3183018463,,9379.47147168089
APC,CTNNA2,1200.88750425253,213.379019465126,9699.11508488805,0.001,0.743587027270335,0.944797289389512,0.517007224942131,1.35932435575719,0.408889716814459,3.32442783434931,1281.5126083905,207.555196952303,13,6,1,255,275,660.564428852463,1977.18088775899,91.6791247000302,412.714407318521,538.976650996712,47883.1714259192,,3442.50550831058
APC,CUBN,1293.40730686455,178.091187895801,0.001,3385.34064012352,0.979853628612656,0.918085071707643,0.0990854927339429,2.04233036319102,0.347704160753662,5.8737587688459,1281.51260840883,260.554760556368,12,4,2,257,275,728.5781462012,2094.31442090098,55.2860908759967,413.7583637792,,42558.7030290156,547.946009014726,11292.2402679383
APC,DMXL1,1105.47986084585,1313.7965570853,25471.9853143276,0.001,0.602391581964609,0.962709314688838,0.0592523280198926,2.30745843541843,0.327890633391205,7.03728072849647,1281.51260839638,1281.33893197148,12,4,2,257,275,591.934358905345,1854.26868666213,522.159928813267,2662.43592321115,3955.35464833412,100105.499799957,,31730.1376309841
APC,DMXL2,1016.4799872706,972.616139221783,25787.1077815924,0.001,0.681047037949843,0.959654788769861,0.013987580771178,3.2672917660032,0.474701375587797,6.88283610292363,1281.51260840059,949.768292672305,11,5,3,256,275,527.775184139149,1741.08276584026,444.441092442719,1810.65601678383,5876.17277107971,85823.0620389817,,20594.1178669496
APC,DNAH5,943.329001258392,338.663901646941,0.001,0.001,0.883455164415208,0.84929887990027,0.750352770239653,7.0177103576798e-07,0.329716879057784,2.12840494479202e-06,928.595453562985,330.771237803518,8,7,0,189,204,431.046129121446,1756.21574000054,145.502405543679,655.080125720224,,15290.8395697969,,4152.1507117754
APC,EPHA2,1291.19652802627,487.323348124543,0.001,0.001,0.901645638105156,0.866185394515571,0.781007643084879,4.0480182353711e-07,0.272188721917314,1.48721012643603e-06,1281.51260837765,473.466607751302,14,5,0,256,275,727.350246492189,2090.69692844771,174.746939175485,1047.46915154741,,25505.6741765046,,6566.86477546976
APC,ERBB2,1303.70823017283,1285.94162248449,0.001,0.001,0.789503724359561,0.768093833360962,0.606468325350951,4.25954398485667e-07,0.516536765922144,8.24635198474663e-07,1281.51260839352,1248.48717334073,14,9,0,252,275,734.383545248127,2111.05112132346,617.87418697059,2318.4982736211,,10901.3317759563,,9432.15580048813
APC,ERBB3,945.526760447449,2056.01901914727,0.001,0.001,0.867122452205005,0.866866986797566,0.751714035693822,2.14737573679333e-07,0.262774842870945,8.17192282690455e-07,928.595453562434,2007.17964561525,8,6,0,190,204,432.042806340263,1760.34031601941,817.119156387999,4166.83818650424,,13383.6956437285,,28494.738214585
APC,ERBB4,1104.95193923826,269.268465372812,27348.4589742951,0.001,0.504937910200661,0.953822981652491,0.0526352482305266,2.48065225438336,0.343484568804189,7.22201950154422,1281.51260840883,262.390441261343,12,4,2,257,275,591.651869679238,1853.38265904787,107.018269147616,545.682203210965,4204.27833824748,111035.847504668,,6130.93323540966
APC,FAT2,1294.68553315296,297.430694695625,0.001,7154.68777774424,0.987963485251721,1,0.0199994466468498,3.04352962888387,0.467242776169545,6.51380777640847,1281.51260838454,464.99101643309,11,5,3,256,275,729.302929868457,2096.40847632754,106.652799018417,639.327302538408,,41941.1272474054,1706.78579810575,20606.2814769991
APC,FBN2,1106.79109445597,219.94431523272,21856.0827011719,0.001,0.740539167758255,0.967069735246863,0.0816329478709598,2.2124823039527,0.360125633290719,6.1436401617283,1281.51260841835,214.318124040968,12,4,2,257,275,592.638868470197,1856.51393460789,87.404980633519,445.703869619022,3326.51942010968,91958.6615349691,,5184.35335443687
APC,FBXW7,1289.98761713369,496.539730128528,0.001,12823.0959065412,0.983715405484499,0.933235079633453,0.0646657374608797,2.12462117536468,0.298117378239667,7.12679411012604,1281.51260839638,807.452602795616,12,3,2,258,275,726.667995846441,2088.76345664171,123.480208321075,1287.66738472114,,57134.5556493283,2074.17912163226,42861.7041146513
APC,FGFR2,,,,,,,,,,,,,14,0,0,261,275,,,,,,,,
APC,GLI3,1243.39930007267,118.108294934397,5555.60108082631,1482.78491832275,0.994397207094421,0.94880914946134,0.100435514457532,2.07150667952048,0.351232677350686,5.89781877684518,1281.51260840765,152.606366239141,12,4,2,257,275,683.174808931938,2041.24771894957,37.17065648411,269.430520025386,,53407.8174293212,,6049.71840280793
APC,GNAS,1327.00530456673,1485.31173375656,0.001,4237.98542562575,0.883982030843421,0.846370458127989,0.845623674411393,1.03246055293737,0.764855637475295,1.34987637189341,1281.51260840338,1563.50034086716,13,12,1,249,275,747.43792035129,2149.02032037917,795.233080579399,2491.7673848091,,8631.08725436059,238.32381339628,19773.3635776513
APC,HMCN1,1120.61767931947,337.823629686328,8908.26003542011,0.000999999999976353,0.885164069038671,0.966626764155668,0.323912196307707,2.17407523812175,0.700770923602292,3.10240502980059,1281.51260839262,329.446772608117,12,10,2,251,275,600.010291760903,1879.79136982869,180.878469303169,566.695433166303,1421.99208623542,31074.0324151213,,4285.33150003084
APC,HYDIN,960.925185043153,633.568061051945,0.001,0.001,0.763471955296259,0.777576724336944,0.593768157367637,6.8737708742387e-07,0.482808596853088,1.42370515335506e-06,928.595453562992,617.469551571774,8,10,0,186,204,439.057422897498,1789.16562103986,317.389776582328,1111.64533747725,,6938.66663372388,,5023.87795013912
APC,IDH2,1283.84654267508,739.844160468864,0.001,0.001,0.897712788435127,0.976577198468501,0.952316037405573,5.2905113569142e-08,0.0479133050484063,1.10418418257084e-06,1281.51260839534,722.496365546888,14,1,0,260,275,723.217628100499,2078.77443977207,42.2144098982847,3257.64432328557,,171309.102801175,,60779.3820134768
APC,KMT2C,1019.82149992872,626.447332914431,19706.1840998506,0.001,0.627971545239218,0.959256226137342,0.0259638889725867,3.29367462839571,0.562996959766253,5.85025295654027,1281.512608395,612.180797458206,11,7,3,254,275,529.508824613547,1746.81997631693,313.872072836932,1098.88643264521,4622.97130474436,59771.8830589647,,10976.3653472645
APC,KRAS,1385.51845607802,13516.7821412862,0.001,16351.9555027736,0.786169025489737,0.984022045397972,0.677285381836585,1.12151483516972,1.76881132326475,0.634050008849845,1281.51260840891,13582.1850231856,13,34,1,227,275,780.424167689934,2244.42953800042,9463.96286499533,18592.319854696,,3899.0313122376,921.310940167176,75417.5123693664
APC,LAMA1,1283.54928087603,224.181482680427,1147.43160966552,1582.10887385915,1,1,0.324897876720428,2.00754432176373,0.635164999926656,3.16066584587556,1281.51260839262,260.12191125671,12,9,2,252,275,714.147933389469,2091.85445592355,107.80495459377,403.712976338447,,22138.1504488788,91.6531817852893,5759.455805122
APC,LAMA2,1301.04458247496,373.984775976827,0.001,4678.99662581772,0.958728584315727,0.789128071862348,0.175097881619276,2.03889429121791,0.465409824457977,4.380857867778,1281.51260838974,486.172800927753,12,6,2,255,275,732.87173896069,2106.75909937026,148.632831893398,757.925365156726,,24258.5746398831,756.98586544089,15630.7100139069
APC,LRP1B,1081.09863568352,265.126340281054,8056.43257744396,1183.19483158445,0.949774173445639,0.980713446769517,0.0304135125942686,4.12359063064421,0.971386572368901,4.24505624016204,1281.51260840062,283.626997191474,10,14,4,247,275,550.072223499306,1864.99326420028,153.620646000484,418.572217033146,,26389.7945509048,,5502.8570772168
APC,LRP2,1300.14879401082,276.743270460127,0.001,2948.42682455405,0.99678956390649,1,0.22701883859553,2.02694460372518,0.520075130253846,3.89740728947343,1281.51260840588,346.846149664216,12,7,2,254,275,732.374567662127,2105.27848507216,118.903406634143,535.27358980029,,27187.6721524564,477.751226869008,9802.25766267849
APC,LRRIQ1,1009.95210827463,634.808318151735,68354.6751607254,0.001,0.432333169848569,0.96741342724175,0.00130426384618444,3.30112939425638,0.28726934519493,11.4914084968459,1281.51260839767,620.511997503233,11,2,3,259,275,524.394029014356,1729.86357456872,227.634539977914,1364.46509994605,14011.6739330584,381948.225200281,,21437.9985415626
APC,MACF1,947.504903470035,622.939552901353,0.001,0.001,0.852928226876256,0.885316848240171,0.755150619072628,3.46975456492083e-07,0.245173581592444,1.41522367229951e-06,928.595453559262,607.762164333525,8,5,0,191,204,432.93766034812,1764.08812380536,223.365341724244,1339.10130741386,,12171.2828975525,,10222.99506033
APC,MED12,1300.25763182507,594.353911658703,0.001,6467.19569991045,0.991542607050061,1,0.218548394616572,2.07813596228873,0.525060714223572,3.95789649843019,1281.51260840883,745.308293669074,12,7,2,254,275,732.435819830683,2105.45537479234,255.364562822274,1149.60094520488,,26640.281458407,1047.71562744903,21513.2622676513
APC,NF1,1309.09034096156,808.337870060139,0.001,7189.50020851438,0.955872568693926,0.742750411195162,0.272737775293147,2.1953120296894,0.643219011344213,3.41300861910407,1281.51260840278,965.004013578116,12,9,2,252,275,737.397637206381,2119.80122038739,388.382611986378,1457.38634493922,,16864.2159898143,1164.40132848522,23926.6189064924
APC,NRAS,1286.38971592408,1787.41113355986,0.001,0.001,0.948854351879182,0.953577820696212,0.904808911786286,7.14966898119262e-08,0.102837395525718,6.95240184238682e-07,1281.51260837995,1745.36273097507,14,2,0,259,275,724.648285644349,2082.90925976353,297.204959051224,5519.39088440009,,58114.4745282185,,73122.1130144117
APC,PBRM1,1106.62158710992,641.223144798415,22285.0822180287,0.001,0.758084474759682,0.971695047057235,0.0764446323253529,2.22798735861705,0.357931434347427,6.22462054130304,1281.51260839638,625.128243837364,12,4,2,257,275,592.54331449794,1856.19498364863,254.847343987615,1299.45773355619,3452.66184315011,88487.3203701664,,15941.0561025078
APC,PEG3,1106.70671617649,237.458117518509,22066.3602907155,0.001,0.776260069105738,0.974822796591726,0.0789418582278359,2.16039806072083,0.346118581461699,6.24178583997779,1281.51260840883,231.468038012107,12,4,2,257,275,592.586827891513,1856.33842672474,94.3750141268647,481.219969269744,3397.47765310715,89232.1867189439,,6010.05414926107
APC,PIK3CA,1118.27559932562,1127.20356872996,9890.38822552003,0.001,0.849678560760785,0.96437295761958,0.273064718508478,2.13059754431793,0.625426118113476,3.40663346574752,1281.51260839294,1098.47924324036,12,9,2,252,275,598.765380589462,1875.79924361418,585.241365909587,1930.7890465783,1590.58940217991,33711.0459645075,,15382.1277426068
APC,PLEC,1296.59217575559,182.138028904681,0.001,1292.00121181748,0.981808773839677,0.938269754402393,0.608418748364889,1.02591998619176,0.347844250504117,2.9493659438238,1281.51260840832,212.660415979113,13,5,1,256,275,730.368939401436,2099.50369875038,65.3112998364784,391.50418730341,,28871.1008446486,72.7117686579704,6003.414105057
APC,POLE,1293.04251909113,157.279106652659,0.001,6104.78929023099,0.926847473412836,0.377597934277807,0.0353307987568289,2.04294172951163,0.224790518343371,9.08820240536571,1281.51260841416,306.908387719625,12,2,2,259,275,728.371083047485,2093.78990393219,26.1516171942886,485.678430430112,,38027.9045729256,988.601752954904,20332.7466736781
APC,PREX2,1268.20532642104,329.307744970668,2256.2809122344,5654.47136877048,1,1,0.0295021506842986,2.98346935232974,0.506983178057641,5.884750187886,1281.51260840665,459.216574030326,11,6,3,255,275,702.929122277949,2070.56651066891,131.090886104466,665.722165710857,,40119.0980052785,923.023242249462,17209.0423354961
APC,PTPRT,1293.89291240542,117.393629213268,0.001,2194.55111409563,0.977996213147646,0.905625563062068,0.102123245537723,1.95687609486034,0.338264341163339,5.78504990543896,1281.51260840883,171.695159064796,12,4,2,257,275,728.855586965785,2095.12817920358,36.442926510166,272.741515523606,,41814.9411332153,354.612085301549,7358.19716018141
APC,RASA1,1293.54898770196,291.867343355263,0.001,5655.13746160656,0.975200837011874,0.851878008790512,0.0958632057614579,2.11302522268477,0.356743069600739,5.92310097306062,1281.51260840883,427.203443258388,12,4,2,257,275,728.665669665196,2094.55561483615,90.6056452889375,678.095083111523,,39688.9635509984,913.259234195711,18999.7040246714
APC,ROBO2,1297.29052900944,221.861653736428,0.001,3340.25472994024,0.970427170825947,0.845595804349982,0.13786425111729,1.99176309620206,0.403933081781522,4.93092342775569,1281.51260840883,302.892005579676,12,5,2,256,275,730.753575070714,2100.61714624945,79.5512319887195,476.887182051214,,30859.9296485088,538.016501014078,11316.9631308972
APC,ROS1,1293.04160285264,352.343496433212,0.001,6801.55026055227,0.983276446616519,0.947894177572356,0.0963533666360078,2.00759644677162,0.332871935625467,6.03113759950758,1281.51260840883,515.737306274782,12,4,2,257,275,728.410043208947,2093.82995871897,109.383006978909,818.602119370595,,45498.6508608562,1103.31687304268,22529.2361692247
APC,RYR1,955.00148265704,288.066054543837,0.001,0.001,0.801337713574295,0.849269331193372,0.680628169073758,7.72451297970794e-07,0.31888235185362,2.42237080064368e-06,928.595453559262,281.271546449424,8,7,0,189,204,436.354051518688,1778.11402952433,123.751747137886,557.296850954568,,8550.97583695841,,3521.92240708461
APC,SACS,847.37830670776,660.807894413163,15109.7649896877,0.001,0.819664051008881,0.970367016653699,0.00508673373733451,5.182724656016,1.0808977439399,4.79483344754224,1281.51260840374,648.286431570872,9,14,5,247,275,407.135412738528,1527.80481666219,406.380669655104,1004.2443908742,5190.71662241538,35519.3048954771,,8816.30253960562
APC,SF3B1,1113.38181241921,1581.85003773251,12882.137368521,0.001,0.77899015096366,0.954943507604843,0.185116117175825,2.20691060882813,0.524419134006996,4.20829536093679,1281.51260840883,1540.11705992134,12,7,2,254,275,596.150584083401,1867.58805446853,760.036976667535,2851.97464680809,2032.32182808467,46696.9014959895,,25034.1880915652
APC,SMAD4,1150.39399062805,2861.91236085702,3954.38533358824,0.001,0.935046683393803,0.974930993144008,0.801924013121486,2.05724977762827,1.3486507352679,1.52541330667025,1281.51260838657,2788.32035236887,12,23,2,238,275,615.932325359332,1929.83710889418,1881.13771463499,4136.22563654783,649.421605668675,12622.285646347,,17843.4069630384
APC,SPHKAP,1107.96285938873,653.509856077126,19429.4602450633,0.001,0.676920636999758,0.962534158373175,0.0959988092532157,2.22715096050382,0.383442935555029,5.80829832548628,1281.51260840883,637.289028011463,12,5,2,256,275,593.25834613227,1858.45559121465,280.785766420666,1263.98591837285,3014.00531660497,75178.9412501837,,13497.758384622
APC,SPTA1,1111.73406084153,364.566695065262,14333.9189223271,0.001,0.684620777189873,0.95514200906456,0.152408827688395,2.29669190908336,0.498644292461094,4.60587224963085,1281.51260840883,355.577286107295,12,7,2,254,275,595.274979949116,1864.79486609487,175.16538077513,657.282824785536,2278.84605860762,50818.9945397125,,5961.18217427878
APC,SYNE1,1144.11737300046,409.948318675972,4548.83272181069,0.001,0.816739030043613,0.909239202007858,0.671366492572048,2.28989832466402,1.32240218595372,1.73162019012585,1281.51260840233,399.015338934927,12,21,2,240,275,612.445620140089,1918.92547332764,264.351046530642,601.234246937742,744.397980136428,14671.8393759355,,2549.87159471957
APC,SYNE2,939.697228400509,773.134685996198,0.001,0.001,0.910586228073838,0.907792639544613,0.826641659165685,2.25874328624656e-07,0.182263757971485,1.23927176273845e-06,928.595453559262,754.531314202268,8,4,0,192,204,429.384212535583,1749.46564788813,240.005856001646,1796.2470687123,,21606.5130505404,,15848.1998873404
APC,TENM1,1015.72796177699,336.026746413601,27665.0123342076,0.001,0.647612934962884,0.961623788105218,0.0127048731426891,3.33042818316824,0.456690198277805,7.29253265282988,1281.51260838965,328.839835106816,11,5,3,256,275,527.392563291927,1739.82779555171,153.550775300004,625.591115307467,6129.85814733301,96481.0646694267,,7374.3835607449
APC,TP53,615.927388442975,1506.62993805149,6472.10328766277,0.001,0.930801382730504,0.997201269366581,0.0180280549219319,8.04154756657246,3.27894359771779,2.45248121137842,1281.5126084281,1485.32595521608,6,54,8,207,275,244.745685381738,1248.48307863947,1161.19997567385,1914.98532370617,2915.34791874543,12341.605539245,,9561.7836941669
APC,TTN,934.650256921668,540.511334931392,507.578790412835,5580.49190353353,0.999693538963876,0.91515470563757,0.454603078347644,1.01215559874141,0.244742221324601,4.13559864441614,928.595453561541,652.433493255079,7,4,1,192,204,423.666216135861,1745.67164459941,167.830792800026,1255.1892328994,,33068.4995529279,38.6426903112509,28820.5357782273
APC,XIRP2,1303.58477673436,340.609047612883,0.001,3783.4963256021,0.957892086246225,0.788642321591476,0.203426517861713,1.95285213932699,0.473971354483216,4.12019022005294,1281.51260840588,427.4029016065,12,7,2,254,275,734.295745669894,2110.90626818031,146.344288715169,658.788451722192,,22119.0178532315,614.114170117845,12508.3150498159
APC,ZFHX3,944.062323414073,271.622407136217,0.001,0.001,0.877804944390023,0.909292114093527,0.798209655166176,4.59876797176493e-07,0.183747623851867,2.50276323326628e-06,928.595453562985,265.168960251793,8,4,0,192,204,431.36723584684,1757.6633891002,84.3186413520472,631.092835014696,,15327.3027979422,,5695.08314309483
APC,ZNF521,1105.04959829485,331.519089718555,27038.6040198189,0.001,0.52353140167169,0.956895941980948,0.0528396436478772,2.47848171401758,0.346209735588566,7.15890242024559,1281.51260840883,323.217390461355,12,4,2,257,275,591.697339828711,1853.52043077485,131.760120953326,671.840472733648,4196.69112843418,106340.885917323,,7776.34451888844
APC,ZNF536,783.508493327524,292.073438078097,10019.3354037927,1630.53977439228,0.901799843805459,0.982455210835314,0.0844915356944773,2.23440758002364,0.355020544806307,6.29374162343955,928.59545356217,313.132526083257,6,6,2,190,204,315.228319321948,1565.19501020358,123.087499772996,564.292852759913,,45270.3431209393,,13311.737551131
APOB,ARID1A,350.92542208076,508.356194255158,2653.93590178088,0.001,0.930183835161757,0.977775340838791,0.34827667761415,1.89179213383666,0.62372713389618,3.03304446933288,410.700871896361,497.143970420967,10,12,2,251,275,175.825464635963,615.579965964012,286.35473763046,823.1708245296,431.157644228875,8750.93384864228,,6658.87022501213
APOB,ARID1B,401.601692330196,540.761504652981,1085.90579057157,5774.50582756438,0.995763252577711,0.901271659831887,0.143114120966135,2.09433149622801,0.413482368720403,5.0651047170628,410.700871894572,643.302004240233,10,7,2,256,275,209.292266694944,683.028942496542,233.2749555475,1040.41673475363,,11588.8360540809,,22447.5697734883
APOB,ARID2,382.694545723906,956.757431081203,2044.21182146211,0.001,0.900271804279677,0.971794569685102,0.701346203255032,1.08120159375099,0.454096800938143,2.38099363729777,410.70087189589,935.095676300472,11,9,1,254,275,198.70347367368,655.493657718837,479.36989770945,1678.29500191924,114.636641628711,9658.45184978575,,13826.4504123988
APOB,ASTN1,414.788744147778,164.940708140808,0.001,3203.46015091118,0.994865627042813,0.950444453988523,0.0937330744080474,2.11731428026291,0.346623480425918,6.10839830487315,410.700871896361,226.521752050071,10,5,2,258,275,222.102233472563,695.734207374656,59.1450462066491,354.53520021593,,13691.2376732288,509.566013983174,11271.7734106187
APOB,ATM,346.928616241041,597.557182513968,4689.8117776094,0.001,0.903530452322707,0.984867726398506,0.147728428100565,1.99772531492493,0.405330830639366,4.92862907016901,410.700871895818,585.09918575807,10,7,2,256,275,173.828604274502,608.552996897088,287.124637943512,1077.33390439167,749.58333067607,16340.5606782836,,12786.8896937968
APOB,BAP1,411.857848750007,58.3239880897453,0.001,2600.76783910686,0.989765696013066,0.807118832601672,0.167346804882154,0.959511470395452,0.0883655745025953,10.8584307384011,410.700871895556,114.140560941393,11,1,1,262,275,220.535864869157,690.809801009316,3.32788207063361,256.810436839388,,76577.5458826395,146.176144586754,12160.3465811682
APOB,BRAF,410.664260066655,0.001,4325.66507061469,19215.8863823749,0.999999030878833,1,0.00184877628192192,1.91950144389246,0.08975609484668,21.3857504292195,410.700871893662,401.38462245254,10,0,2,263,275,219.897918595555,688.796924427347,,484.967258250095,,,3099.14493293552,64847.7858479949
APOB,BRCA2,412.665726926626,269.618120035622,0.001,12372.9329673358,0.990700211844226,0.856786296996113,0.0278881644066355,1.90599590982378,0.180547656060403,10.5567469077866,410.700871896746,528.276405537479,10,2,2,261,275,220.967804015257,692.166977211918,44.8321317493921,832.586275792717,,32476.2537039012,1995.92755757302,41732.4157968032
APOB,CDH8,413.184925320704,93.0370260611268,0.001,3028.46494518409,0.993497442821876,0.906358956231418,0.0450922801028339,2.12359754364092,0.251827243984057,8.4327553684992,410.700871893829,152.130479668095,10,3,2,260,275,221.243905709433,693.033458781078,23.1362885079161,241.271855828983,,22307.5236568775,478.675210253696,10861.9088299248
APOB,CSMD3,280.218085180945,645.164715809256,5491.16845498353,0.001,0.950929492214423,0.98544217344757,0.00974456309326746,4.14438581344347,0.740677510358153,5.59539847705037,410.700871895362,634.868425784977,8,12,4,251,275,128.045779034023,521.663826764436,378.384987376978,1015.02536191599,1638.70754426352,13940.1311395339,,12000.2963333478
APOB,CTNNA2,414.760782753675,151.054123923544,0.001,3009.49618014929,0.993041846768334,0.917410526177649,0.0894057014500445,2.15130812021196,0.345000358649339,6.2356692283864,410.700871895148,207.55519695245,10,5,2,258,275,222.087123604726,695.686760742025,54.1658253163325,324.682936343267,,13701.5958268366,478.926018600924,10585.8256710579
APOB,CUBN,405.203787851306,97.5147300347345,1761.65759233578,9830.17563990692,0.997755427790036,0.633396105564413,7.81993846923997e-05,4.17704657222395,0.290199043142004,14.3937296518927,410.700871896571,260.554760557054,8,2,4,261,275,213.693330093259,684.543874092482,16.2545757885712,299.469706644878,,45897.550620031,2569.99317187665,27512.6972700259
APOB,DMXL1,344.978838828419,1309.33949693909,7615.28086677017,0.001,0.879445946152653,0.988193324135674,0.0674043307817939,1.93483033754163,0.267546035772445,7.23176604712342,410.700871896746,1281.33893192669,10,4,2,259,275,172.851702686682,605.11866807217,520.38926623648,2653.37875698726,1182.80577437081,29886.6813865858,,40496.2529694578
APOB,DMXL2,346.346594677513,969.717557094471,5297.78390567198,0.001,0.943468402555469,0.990005497466063,0.122508551173155,2.02310908723833,0.374711483826557,5.39911151528723,410.700871896746,949.768292668067,10,6,2,257,275,173.53547087321,607.523776240954,443.123217231012,1805.25151822534,840.417470942162,18985.0549008632,,23821.4184620095
APOB,DNAH5,233.862231726374,336.390194360421,2604.14377158887,0.001,0.901432810133812,0.975866408473112,0.438021024975772,1.03693094286313,0.239614397371993,4.32749849022356,275.821021356642,330.771237802513,5,6,1,192,204,83.8588451395567,502.689510837445,144.525167770225,650.681461228546,144.533933175426,12946.4589573239,,10964.4384045554
APOB,EPHA2,414.93886762496,485.518052696356,0.001,0.001,0.885475696382813,0.882426053157506,0.781382267106637,5.34856658664963e-07,0.228304249118734,2.34273632982977e-06,410.700871896251,473.46660774863,12,5,0,258,275,222.181814555806,695.990335987695,174.100629746003,1043.58423604005,,6977.82428131909,,7561.6235364059
APOB,ERBB2,417.178613246054,1277.95665878734,0.001,0.001,0.830770872454999,0.811948536208998,0.674577144888957,6.91624165655288e-07,0.412194011250806,1.67790930187595e-06,410.700871895316,1248.48717334616,12,9,0,254,275,223.380051722349,699.754082748307,614.036063745469,2303.99448943165,,4437.28061803661,,11947.9125035536
APOB,ERBB3,280.109070372389,2041.02268244395,0.001,0.001,0.912352271068645,0.905332617851592,0.825997438836844,3.89659241595286e-07,0.183788726464273,2.12014767767071e-06,275.821021356762,2007.17964562069,6,6,0,192,204,111.325643967812,567.659833663469,811.171069079146,4136.29516651368,,6167.86021975232,,41343.3463666479
APOB,ERBB4,344.718430011504,267.519253977571,8325.07312553847,0.001,0.902069523249319,0.995761867520203,0.0577596707775379,2.19570695880557,0.292764307480696,7.49991342079958,410.700871893829,262.390441260131,10,4,2,259,275,172.7216431634,604.659413988266,106.324189742505,542.125533743346,1292.58836744902,32655.0363690164,,9590.29236018267
APOB,FAT2,416.541573414097,355.404215909382,0.001,5901.42495142868,0.96448294238436,0.69690449734324,0.111341854464505,2.11435519983313,0.377410566795727,5.60226815529923,410.700871893829,464.991016433035,10,6,2,257,275,223.037444191492,698.689758341388,141.250941814387,720.247326155416,,9208.94601386154,948.016765067488,20156.1460670092
APOB,FBN2,414.340351176361,145.580770358049,0.001,3640.36912048679,0.981484368618588,0.770270600280562,0.0633443397103513,2.16784342880027,0.298905922362492,7.25259443394791,410.700871896361,214.318124041801,10,4,2,259,275,221.861906165927,694.983198512555,45.1934951587063,338.224333150904,,14981.9056821603,579.356752270415,12789.5421462849
APOB,FBXW7,361.603071177544,740.566786707814,7541.68245344268,4063.49230749316,1,1,0.0463192009833025,1.97565385581224,0.231526789120659,8.53315447130672,410.700871896233,807.452602793286,10,3,2,260,275,181.79765374159,631.645134488114,224.606946676932,1682.77336020676,,39207.2829378402,,39813.9072363579
APOB,FGFR2,,,,,,,,,,,,,12,0,0,263,275,,,,,,,,
APOB,GLI3,414.542795841058,103.676552677943,0.001,2602.37895146455,0.972318156943033,0.726684592690382,0.0613692660553863,2.14841599452595,0.288776834015266,7.43971032805345,410.700871895479,152.606366239574,10,4,2,259,275,221.968492991961,695.323531687938,32.1842388164407,240.858479794044,,14064.4190639791,417.688935491372,8913.42681593801
APOB,GNAS,422.481562248988,1347.63543880343,0.001,12190.6866780011,0.932582777314826,0.605136154692817,0.253252638773209,2.11543622359041,0.606061125707968,3.49046677613462,410.700871896143,1563.50034085078,10,11,2,252,275,226.209819350543,708.689830407582,699.683548827951,2308.46320902101,,4627.36402712042,1963.99636850631,41210.0473874058
APOB,HMCN1,419.04427885506,251.173454750699,0.001,4457.72578196976,0.989459303873874,0.663233581904123,0.0341061818189428,3.14167516601823,0.56834449850755,5.52776559686625,410.700871895548,329.446772607417,9,9,3,254,275,224.375982199492,702.892801343327,120.683113583631,452.8437915848,,7739.30263809827,1055.34919315474,13039.8497470798
APOB,HYDIN,284.780077248989,628.976708899302,0.001,0.001,0.827104000019567,0.83496306090866,0.690664048220583,9.30819289959449e-07,0.34019262643331,2.73615363071934e-06,275.821021356577,617.469551569009,6,10,0,188,204,113.17716837498,577.16742584952,315.09496487517,1103.55692464669,,2929.33673142856,,7256.37314489949
APOB,IDH2,411.239503162442,737.356466065932,0.001,0.001,0.984663148750665,0.97988366558148,0.964855756411073,8.03689734425782e-08,0.0411863942507296,1.95134764537332e-06,410.700871896251,722.496365537236,12,1,0,262,275,220.203730452274,689.761590717734,42.0716558054487,3246.61472346101,,89812.8263262554,,71136.9184609805
APOB,KMT2C,346.699218702454,562.148066539655,4442.99903483799,3198.73866446074,1,1,0.024509211406998,2.90325140486833,0.458850749706513,6.32722384506352,410.700871894729,612.180797457605,9,7,3,256,275,168.31616903521,617.707128276312,258.489990807399,1028.4754366722,,16568.8109610274,,19336.4972544999
APOB,KRAS,408.430514885113,12937.4293623596,448.519497916938,48171.114946028,0.999860049400118,0.915949199278699,0.439862017840756,3.08576194992634,1.48852760761744,2.07302970676201,410.700871894924,13582.1850228102,9,32,3,231,275,207.875834375546,703.20342205012,8963.20403385173,17939.6094639296,,3118.72657715944,1519.51531104029,163936.202125627
APOB,LAMA1,415.199479773551,143.696445772036,0.001,7919.50085656859,0.984684243217188,0.920833781024141,8.53662006737685e-05,5.24750281179856,0.536248046155491,9.78558868310913,410.700871895767,260.121911256655,7,6,5,257,275,222.32272652605,696.419852304483,57.1107421730056,291.205687066517,,13543.6668832855,2516.42034433559,21973.4479724376
APOB,LAMA2,415.00871943395,309.002515530252,0.001,9911.6161250725,0.986520441192654,0.793926811136154,0.00970958757927612,3.14793895008452,0.384105247845901,8.19551143270877,410.700871895204,486.1728009271,9,5,3,258,275,222.217942269688,696.103314852467,110.801841806995,664.189363310647,,14186.2301150553,2324.49403420688,29769.3272516289
APOB,LRP1B,425.147126703419,257.113472591956,0.001,1536.74278909742,0.96374776360617,0.861581659391155,0.457772762301888,2.13526976278668,0.869389106531295,2.45605764639267,410.700871894251,283.626997192257,10,16,2,247,275,227.63580099234,713.167644584362,150.782231979499,404.565978037458,,3994.89037078854,245.733691617853,5327.77228409981
APOB,LRP2,415.419299772718,195.560065191052,0.001,8925.03148771083,0.995670857263825,0.589460582757572,0.000767347982937859,4.11823294007747,0.428926972892525,9.60124496789192,410.700871895833,346.846149665212,8,5,4,258,275,222.43875981226,696.786787187202,70.1256145619456,420.337361316242,,14583.8232369754,2600.1978576378,24023.7141435447
APOB,LRRIQ1,343.957264342125,632.654704147084,11467.2615181402,0.001,0.810767692079792,0.992437343050933,0.0339348382321602,2.21466832993965,0.236759046058919,9.35410226897313,410.700871896233,620.511997493088,10,3,2,260,275,172.340463393279,603.319561676526,226.862543589407,1359.84080377003,1730.29465623243,51374.3712067011,,27351.6018624453
APOB,MACF1,279.270794298556,492.021490204451,0.001,9254.7200946157,0.996452475698609,0.810203002491758,0.29314391518119,1.00956691778075,0.154311506704116,6.54239556947973,275.821021356593,607.762164333536,5,4,1,194,204,110.993435152357,565.955284690868,152.733895228815,1143.04870620311,,13355.6572087611,508.463424977238,48195.5006043033
APOB,MED12,365.023054007479,540.817298428668,4811.8443527154,13559.7984288485,0.917147668816457,0.762925603569294,0.000667156894673927,4.28596309341664,0.426307966847706,10.0536781545717,410.700871896287,745.308293659433,8,5,4,258,275,178.158434509983,642.695677606585,201.430961593339,1114.42295545297,,23974.4036394201,297.418149482721,45219.824060001
APOB,NF1,420.640530706027,896.479054589205,0.001,4042.81946856353,0.946876044825678,0.861869478614295,0.753840408608557,1.02142528532453,0.501105086400383,2.03834547492183,410.700871894113,965.004013580876,11,10,1,253,275,225.225986002111,705.593633027389,449.163008632931,1572.58461401509,,4774.04294481015,227.03626653256,18976.6563436651
APOB,NRAS,412.908701001307,1778.72305188979,0.001,0.001,0.938333699040093,0.962932658810377,0.903554434559672,1.27497634840718e-07,0.0826626999992377,1.54238410845392e-06,410.700871896251,1745.36273096442,12,2,0,261,275,221.095408677805,692.575113429332,295.759017703284,5492.48086380334,,15214.1524139962,,92275.883311299
APOB,PBRM1,309.735133816354,636.400764440727,14901.9159694197,0.001,0.879729714719527,0.990084653907366,0.00303800682526045,3.06696924600419,0.277928884505378,11.035086372769,410.700871895039,625.128243838501,9,3,3,260,275,148.824572549328,558.396400484406,252.935033369157,1289.65565910688,3257.23386406828,60270.903482708,,26272.2939248812
APOB,PEG3,344.777837613129,236.097478331569,8152.61251385119,0.001,0.911840353558497,0.994925685152455,0.0601790036446195,2.19120283401484,0.297830564350337,7.35721277899919,410.700871896746,231.468038012226,10,4,2,259,275,172.752342866818,604.76834530894,93.835961704298,478.462777254782,1263.33209803842,32250.0408827014,,8491.4709671703
APOB,PIK3CA,417.298095679205,812.895568435825,0.001,15697.2582092888,0.999473941192154,0.966353497792086,0.0289579414511837,3.02466595205334,0.508164616962136,5.95213804954608,410.700871895503,1098.47924324012,9,8,3,255,275,223.442607921709,699.951659509387,371.457885821469,1513.30692049456,,9811.85923906335,3730.15874064167,45671.3965148046
APOB,PLEC,414.097522643475,144.530737642028,0.001,3481.83180442638,0.994996301382717,0.950832794583072,0.0668396609295785,2.03975345326234,0.281212483228825,7.25342427847549,410.70087189581,212.660415979536,10,4,2,259,275,221.731617807526,694.577349737361,44.8680059488316,335.777823591442,,18332.8334689229,561.001108822413,11778.3516289415
APOB,POLE,411.901557421081,78.1356115779598,0.001,11692.7540200252,0.997074724521368,0.604166252074145,0.000640612647313338,2.84069496602488,0.178693229633082,15.8970486562798,410.700871895548,306.908387720192,9,1,3,262,275,220.560339165394,690.872733132343,4.45827962396629,344.044297046859,,102433.283849007,2777.80629042493,34086.1277185096
APOB,PREX2,346.697002948453,467.595074968782,5006.92731710488,7.83030196247428,0.975764739262536,0.999134886461963,0.134358818533814,2.19113221654333,0.425187747595201,5.15332868582421,410.700871896746,459.216574031115,10,7,2,256,275,173.711551396619,608.140908346285,224.59670106537,843.119082416304,792.942564427434,17651.4619604054,,11684.9200535414
APOB,PTPRT,412.684038635927,58.0164188054165,0.001,7034.58689515285,0.999609865273403,0.471089817974134,6.82729524035795e-05,4.31016883406981,0.296547562124725,14.5344942416252,410.700871896035,171.69515906492,8,2,4,261,275,220.977827990682,692.185741481167,9.64662867416476,179.14974793363,,39792.509342846,2030.92041799766,19319.8795199526
APOB,RASA1,414.297589010008,290.163497437272,0.001,7313.87700255024,0.98177430563284,0.778312715975184,0.0621908643031379,2.14594644781028,0.289574942038565,7.41067729377111,410.700871896233,427.203443258768,10,4,2,259,275,221.838743596657,694.912555126358,90.077193098785,674.129360221878,,15503.0950611022,1166.42371126228,25527.5097117766
APOB,ROBO2,414.089861703141,175.906844059584,0.001,7304.45174888005,0.983888042804459,0.765447394158481,0.00586331193248451,3.23281405412041,0.347074381682817,9.31447039809122,410.700871894746,302.892005578798,9,4,3,259,275,221.727128762536,694.558431422415,54.6068723572455,408.680624104591,,17325.5962317179,1682.63750151343,22959.6799232251
APOB,ROS1,413.77283823677,262.133719804608,0.001,14010.6124088105,0.991309318555155,0.52839962027738,0.00323430549294976,3.15182922719858,0.283741021011039,11.108119707076,410.700871895548,515.737306273098,9,3,3,260,275,221.560121273277,694.02152643286,65.188216438142,679.768723330295,,20955.3140458554,3328.99186871532,40722.0412260094
APOB,RYR1,281.777666152816,243.998725394916,0.001,2887.67378856438,0.991457958072443,0.78940722105784,0.419757707040141,1.07703998999383,0.239649446144547,4.49423108344763,275.821021356534,281.271546449683,5,6,1,192,204,111.987024724425,571.055666211003,96.9664853488548,494.544377676448,,7525.15184169607,156.761211310699,15758.2897856619
APOB,SACS,425.441942401109,592.010470611614,0.001,3240.94943932484,0.978853063822172,0.939154797887469,0.512185091709664,2.03935761516659,0.885141466966425,2.30399059503552,410.700871895752,648.286431573571,10,17,2,246,275,227.81634027238,713.732810683685,353.247252544417,919.8650953172,,3981.31499732459,521.724082558969,11000.8121751714
APOB,SF3B1,321.598513874395,1519.36667612617,7065.13842367354,2636.22506930918,0.884203427476091,0.999316691056985,0.01552178552578,2.95198734712984,0.406570151908685,7.26070847373186,410.700871895548,1540.11705996626,9,6,3,257,275,154.651375910035,579.122557930813,705.63691636276,2778.94987229783,1237.04297065358,22938.7072514486,,46319.4428766482
APOB,SMAD4,285.797460952321,2840.26796638606,3111.39227601769,0.001,0.738946488166533,0.957699798891764,0.0585721862738751,3.97748336969258,1.13344847175512,3.50918764179332,410.70087189689,2788.32035229618,8,21,4,242,275,130.59150312026,532.081720911862,1866.96515676356,4104.78844883749,944.735289058791,7574.17612796014,,28910.7963339675
APOB,SPHKAP,415.302417786589,464.026419231304,0.001,9025.61084337102,0.981908261907279,0.79505310604449,0.089949748823814,2.09351803483363,0.332002317592475,6.30573319492117,410.700871897653,637.289028011463,10,5,2,258,275,222.375979977434,696.601769411595,166.393826584529,997.391431148861,,12115.8634768484,1453.09264706625,30613.8237512699
APOB,SPTA1,416.870688880216,282.029654058313,0.001,3849.7560695693,0.985320756061953,0.876506042105327,0.152513756367029,2.08872200643914,0.432661712198663,4.8276099954046,410.700871894727,355.577286106167,10,7,2,256,275,223.214208749771,699.239585783414,121.176445655953,545.485855018289,,9183.01776041349,618.924721265951,13111.9672017898
APOB,SYNE1,247.649897684683,404.89743020161,4774.94775439299,0.001,0.730066691279735,0.989040409569509,0.00433476869665057,5.23715037739679,1.03992509634787,5.03608422932501,410.700871895939,399.015338934069,7,18,5,245,275,106.403705435882,478.99921363848,261.111876042733,593.769591658616,1659.02629665936,10934.1953312378,,6082.43987080264
APOB,SYNE2,249.690026903551,690.041937495788,3530.98499115592,5439.86267518777,0.915378343745805,0.971636245839787,0.241768159562026,1.05526639489415,0.128648678802438,8.20269904609506,275.821021355902,754.531314199714,5,3,1,195,204,90.592688134416,529.662324116494,183.154572612282,1693.63453881819,,28414.6845086659,,54892.7793792128
APOB,TENM1,383.029022960154,246.748642258968,3231.57844342227,5276.52953422921,0.947143372006138,0.746559395987206,0.0077803960712221,3.44016493950666,0.391108110745405,8.79594374289534,410.700871895548,328.839835108995,9,5,3,258,275,193.676706819963,662.054181553045,90.2958836962988,517.562264869516,,20630.1728830979,,19069.2559238685
APOB,TP53,468.6534913153,1471.27202114427,0.001,2051.91504509089,0.945680561363353,0.979315043471066,0.819832235836083,2.04740243001278,2.79616903232801,0.73221697484725,410.700871896599,1485.32595519132,10,60,2,203,275,250.874446997607,786.403027904441,1128.82566124926,1877.32905054601,,1138.05944497702,332.340529509319,6835.77758337628
APOB,TTN,279.840006718415,663.876578525214,0.001,0.001,0.917694236559888,0.917586670968993,0.842080771591419,4.43624394243377e-07,0.167047942646491,2.65567110384701e-06,275.821021356534,652.433493249264,6,5,0,193,204,111.217689522027,567.115806455095,238.046557933125,1427.0920315419,,6730.98324830281,,15837.6998850092
APOB,XIRP2,416.061438368057,289.532738477819,0.001,7974.26974309138,0.991704780187226,0.641573275615352,0.0125780041425642,3.22294723824555,0.41792503313606,7.71178317331446,410.700871895281,427.402901610145,9,6,3,257,275,222.782628621291,697.873723515791,115.073041460339,586.738359651525,,12018.8253744706,1897.30535870464,23117.712706775
APOB,ZFHX3,279.128063885456,201.229689043312,0.001,4983.10218640178,0.985841032132989,0.676134531762137,0.235035629081874,1.07354352398285,0.130873813143255,8.20289023601499,275.821021355902,265.16896025127,5,3,1,195,204,110.935776552065,565.670982192387,50.0417387604115,521.847467611671,,14371.9803242788,272.953242814798,26201.7477373278
APOB,ZNF521,414.052486563195,219.401306918869,0.001,5681.62454639954,0.987737793569911,0.805314455824006,0.0588830251390679,2.19428443157443,0.286684068828705,7.6540159365658,410.700871896746,323.21739046141,10,4,2,259,275,221.708423418121,694.495538635542,68.1112073774621,509.711254958658,,16303.1148644864,911.179321550726,19503.4247617392
APOB,ZNF536,282.01482089756,318.073791516947,0.001,0.001,0.876352960723203,0.883791810004559,0.774540994172749,9.37255858790651e-07,0.265630233634636,3.52842312400256e-06,275.821021356525,313.132526083334,6,8,0,190,204,112.081301473879,571.534477216799,145.340346858608,592.167451777047,,4228.21164278894,,5344.47194031369
ARID1A,ARID1B,505.010635355503,585.773152988979,0.001,2951.8842772645,0.987381213560129,0.963564884756486,0.742845386043419,1.08263005197699,0.484381762651074,2.23507599883951,497.143970421492,643.302004234529,13,8,1,253,275,284.473598170668,817.710605285244,267.675162347246,1090.51004198511,,7901.56315829052,166.372584516715,13635.4136097392
ARID1A,ARID2,507.08804847283,766.991844889249,0.001,7315.97420926971,0.95003700100399,0.7761343103462,0.249561188082873,1.99233866535465,0.546367607314863,3.64651681154021,497.143970421792,935.095676305746,12,8,2,253,275,285.641652005345,821.113675723146,350.477217906415,1427.87642996178,,7070.80040254794,1187.65933838127,24180.309697689
ARID1A,ASTN1,429.720994091993,231.336526035722,7694.56184509227,0.001,0.863094371524867,0.988498864373756,0.0925498378947408,2.20637206283065,0.36195443757975,6.09571767536216,497.143970420526,226.521752050444,12,5,2,256,275,230.097456688507,720.781593925851,99.3966181263167,447.431235315498,1209.35659943068,28628.0975080975,,6091.37343345989
ARID1A,ATM,431.280188271672,598.516760346551,5557.72128229969,0.001,0.836546159762735,0.975419914369612,0.154899996053775,2.3401829926321,0.502821875832858,4.65409940400047,497.143970419297,585.099185756413,12,7,2,254,275,230.928776112747,723.397525319963,287.580529759269,1079.04200988044,887.375684174537,19435.9606491745,,11462.2170167728
ARID1A,BAP1,462.413397155742,116.843626370953,17120.3154663945,0.001,0.913177723906846,0.994238831244675,0.165239050390667,1.09155852714242,0.110768911520141,9.85437621587482,497.143970422399,114.140560941468,13,1,1,260,275,254.363440165983,761.309541351749,19.4282933020795,360.805185868152,839.275097256308,284554.114707092,,8198.67716317153
ARID1A,BRAF,462.414994686065,411.75032810577,17128.5734784715,0.001,0.845343417694654,0.990475178601956,0.164540980646789,1.0927729152342,0.111012768723953,9.84366868600058,497.143970421909,401.384622452386,13,1,1,260,275,254.363891688646,761.31088933342,68.4641201447898,1271.45945789833,839.606663237006,284807.001495729,,26030.6819225756
ARID1A,BRCA2,427.507761951857,541.172562193051,17744.2409064464,0.001,0.643277575398164,0.978393545404538,0.0235316362110497,2.21280083050359,0.218827326166255,10.1120864074462,497.143970422399,528.276405522078,12,2,2,259,275,228.915331107206,717.062375445516,168.002095183114,1257.24992109554,2575.56910269874,103804.455104674,,20485.1635469078
ARID1A,CDH8,391.827489635661,154.787168711475,25723.6876840712,0.001,0.741942801222458,0.997466479246565,0.00140513088970928,3.20605073145587,0.255925441933156,12.5272841466588,497.143970422368,152.130479667975,11,2,3,259,275,203.449335220885,671.118192959666,55.5054517803045,332.698821866827,5330.73641729971,142287.225375442,,7568.51872352932
ARID1A,CSMD3,511.438371982306,568.874789573212,0.001,3233.38047557943,0.989981133469023,0.978702009661583,0.49600882887932,1.98031439445353,0.824350597544427,2.40227204341513,497.143970421037,634.868425786652,12,14,2,247,275,288.089543875459,828.168889796074,320.449705657338,921.147891705397,,5282.20559108278,525.318466771669,10659.9442488172
ARID1A,CTNNA2,429.539153518568,212.027667476432,7836.85290107565,0.001,0.858984379812023,0.992510902892824,0.0898048335376472,2.22020713936216,0.358526444019444,6.19258963012991,497.143970419417,207.555196952426,12,5,2,256,275,230.000808449031,720.47213059878,91.1005688392054,410.08395344911,1231.44932094687,29063.1783432991,,5733.39318591044
ARID1A,CUBN,501.902722175469,177.491639323588,0.001,3878.36701287101,0.966614701084842,0.704634678816982,0.0760969111775206,2.13105125797895,0.318153265726826,6.69819073870114,497.143970420526,260.554760556311,12,4,2,257,275,282.726339306377,812.677315078391,55.100262517636,412.355519048023,,15304.1145905056,629.663700348651,12813.899343573
ARID1A,DMXL1,429.024126949528,1311.38054285966,9423.11821154576,0.001,0.753299083342758,0.977120969345647,0.0657952439098389,2.2599097790439,0.326441020839081,6.92287315250715,497.143970421909,1281.33893197148,12,4,2,257,275,229.712111673522,719.569335722915,521.213062867525,2657.56440528007,1460.524995124,37295.9329620503,,35649.341432134
ARID1A,DMXL2,503.242202480586,727.777431471571,0.001,10744.2787606942,0.974436059112433,0.824833411647734,0.134642410095861,2.23725276593701,0.439832177348131,5.0866054853604,497.143970420332,949.768292668067,12,6,2,255,275,283.482251837695,814.849698010089,289.251591525067,1474.85544089321,,11554.2496870601,1744.16376760946,35511.2286212397
ARID1A,DNAH5,270.821155178586,289.215387585651,4065.3323929914,3919.26688339201,0.961235224888683,0.961261374181072,0.0385129755002205,2.23959799275524,0.243640651226578,9.1922180534335,315.375332819273,330.77123780252,5,5,2,192,204,100.581114983391,562.038828689949,108.435979241082,596.248366219297,,22347.3109947783,,23585.0576457231
ARID1A,EPHA2,464.508335493483,485.617211037263,5162.90611235734,0.001,0.840857449944086,0.9858248642192,0.425290593274857,1.16575469313387,0.262827305186894,4.43543981210367,497.143970421138,473.46660774828,13,4,1,257,275,255.511942013835,764.756398163131,174.13915273039,1043.80362629987,282.527089741926,27620.1484874909,,12582.3564624794
ARID1A,ERBB2,506.197369587498,1280.15700045514,0.001,0.001,0.779334944829312,0.799792080579493,0.623350976586648,7.06435744641273e-07,0.482886285582931,1.46294431159601e-06,497.143970421157,1248.48717335897,14,9,0,252,275,285.144355927232,819.652247476263,615.093699261678,2307.95868692944,,4001.28801118465,,11104.247191374
ARID1A,ERBB3,321.965105676316,2041.55089136887,0.001,0.001,0.866375863021831,0.904154177782222,0.783360409682973,4.22210082964836e-07,0.223320241396591,1.89060373714642e-06,315.375332818463,2007.17964560697,7,6,0,191,204,138.330340013562,622.760997445381,811.388205515581,4137.36692087579,,4510.41978541308,,40485.3571314893
ARID1A,ERBB4,428.949065679432,268.436335537728,9563.5807304927,0.001,0.755503112438122,0.980223205990227,0.0644010981474682,2.21351933703311,0.310925320267677,7.11913502292926,497.143970420526,262.390441260177,12,4,2,257,275,229.684617312533,719.482970909732,106.68759398211,543.976792934592,1479.9678941707,38042.1734455299,,7504.42611739147
ARID1A,FAT2,470.861119019273,408.076579941638,2856.08762942,3099.14915326955,1,1,0.132463568136377,2.22184642175323,0.42233388321425,5.26087654829742,497.143970421909,464.991016433035,12,6,2,255,275,255.781071510809,779.128118800723,165.960624733432,807.374202795365,,17899.0051281313,,15234.342630039
ARID1A,FBN2,392.409586733426,218.103178745348,18599.0132511671,0.001,0.721703722014948,0.989331439235751,0.00293131163689872,3.34299212810725,0.314083886910379,10.6436282389142,497.14397042203,214.318124041381,11,3,3,258,275,203.750160392777,672.114180540172,86.6836551443807,441.99100316425,4067.97845770024,75068.8410903202,,8389.37129726709
ARID1A,FBXW7,500.753933568314,494.512148855746,0.001,15248.2979809964,0.966518299468131,0.616065156374554,0.0458059959862442,2.30396199423306,0.274872054090925,8.3819433803588,497.143970419895,807.452602797531,12,3,2,258,275,282.084230176703,810.812910515761,122.976613319528,1282.37888184844,,18869.1793342934,2473.83627297548,50490.4003429581
ARID1A,FGFR2,,,,,,,,,,,,,14,0,0,261,275,,,,,,,,
ARID1A,GLI3,501.995874980213,130.097604404255,0.001,1106.21278948415,0.987442463505537,0.932597320991432,0.536971156237087,1.10786589558933,0.318832334508424,3.47476016602091,497.143970422399,152.606366239335,13,5,1,256,275,282.783594815244,812.824740963329,46.6511790035843,279.636688902268,,12839.4377469304,62.3276202385292,5118.75056011256
ARID1A,GNAS,509.066969130987,1478.1336430018,0.001,5040.78792892492,0.974442724194562,0.949385531719325,0.87833717998561,1.11441372948368,0.708168162391574,1.57365692030007,497.143970420966,1563.50034087471,13,12,1,249,275,286.757613244711,824.312762221233,791.410067192382,2479.61667472444,,5159.48818059542,283.902874379272,23365.0100824179
ARID1A,HMCN1,433.162515102098,336.485774863033,4159.07880554595,0.001,0.844106008298913,0.974914423148251,0.241217948135087,2.3589979103509,0.634793838919703,3.71616384047687,497.143970423073,329.446772608163,12,10,2,251,275,231.937243548582,726.568325751494,180.165682719587,564.431946186382,672.086792118234,13952.5001694608,,5087.44985973902
ARID1A,HYDIN,324.483054053057,627.495763863789,0.001,0.001,0.820713670141051,0.85391372752914,0.700865081454542,9.11986911932309e-07,0.366100533048013,2.49108326704541e-06,315.375332819022,617.469551568292,7,10,0,187,204,139.411134304474,627.639895889148,314.365488599915,1100.89047683278,,3208.22745425145,,7979.69007585125
ARID1A,IDH2,497.16453571809,0.001,29405.5835077334,32333.9040663634,0.999999177143349,0.848065716597115,0.0448745405389435,1.00882046762415,0.0472100666768808,21.368757526415,497.143970421642,722.49636553808,13,0,1,261,275,280.068010482135,804.978147007401,,2190.62782025211,,,1821.9624182238,149546.204286422
ARID1A,KMT2C,506.116436601402,437.990190468701,0.001,7958.16272412241,0.94138399764038,0.568187876388187,0.0326957564153881,3.11840552839878,0.553800244228543,5.63092118665061,497.14397042286,612.180797455687,11,7,3,254,275,285.095355335955,819.530023082558,188.186180483118,847.144952643561,,8177.54640805355,1909.65265738604,22547.2030490632
ARID1A,KRAS,530.850187318394,13097.9392813573,0.001,33812.7378043887,0.926695342751305,0.899940236227794,0.883443344213857,2.06027413194449,1.68665267431775,1.22151653586763,497.143970422193,13582.1850227213,12,33,2,228,275,298.997985097339,859.716707519087,9118.7453407839,18097.3849837345,,2250.45998306426,5495.093773035,111363.444364511
ARID1A,LAMA1,433.082612302493,265.876331200185,4202.26036272056,0.001,0.937121734080669,0.989671645053793,0.24181282964122,2.14268613616099,0.569594570742053,3.76177415695791,497.143970422089,260.121911256898,12,9,2,252,275,231.885453485636,726.41095866573,138.041774636839,455.393021490126,677.692887095591,14287.5886820351,,4400.6955187231
ARID1A,LAMA2,502.82458917139,372.468988979295,0.001,5502.36579288198,0.989452780393371,0.929682429114599,0.136537969726978,2.11232101865901,0.414476005553436,5.09636502561469,497.143970421274,486.172800927753,12,6,2,255,275,283.248074436335,814.16516038138,148.033494868322,754.837878614335,,12781.8843501185,892.946911259154,18202.0200393228
ARID1A,LRP1B,400.922095124896,289.817785911415,3952.4040222642,0.001,0.680504454731662,0.949133193047221,0.12059648510076,3.2438154841681,0.899866509304856,3.60477409774249,497.143970423762,283.626997191881,11,15,3,246,275,208.163377799984,686.734724603194,175.671010602833,445.183328329408,958.377436714874,10884.3280423094,,3081.29266859086
ARID1A,LRP2,431.567799855186,354.799979021544,5274.56278736832,0.001,0.883194375961937,0.981846969920685,0.1699532429546,2.18626037786937,0.485744289884569,4.500846275288,497.143970421909,346.846149665164,12,7,2,254,275,231.08580747569,723.894270762692,170.474554108925,639.67042034418,841.927251262522,18465.353272343,,6733.35976572666
ARID1A,LRRIQ1,428.200745744908,632.982199393088,12501.3121139314,0.001,0.923144019701282,0.996052180592449,0.0418241380844132,2.15835415892487,0.251514459941069,8.58143169752778,497.143970422399,620.5119974939,12,3,2,258,275,229.285021205909,718.225058578166,226.982314119757,1360.51451009756,1897.66519853586,55211.3383811783,,25532.3292958446
ARID1A,MACF1,320.711044010258,616.390406267033,0.001,0.001,0.890063749020851,0.932787359660675,0.830255613847639,4.6498641728546e-07,0.187702146452752,2.47725679259883e-06,315.375332818721,607.762164336205,7,5,0,192,204,137.793000162657,620.325271772999,221.024387390287,1324.94525726998,,5625.16260695024,,18047.5414038111
ARID1A,MED12,431.103958388316,761.205948637347,5726.49798044332,0.001,0.846044405034115,0.981703954469609,0.147723063833452,2.29778484433425,0.475985351122949,4.82742764858897,497.143970421776,745.308293672183,12,7,2,254,275,230.836924700487,723.106494639357,365.742064921053,1372.38256576005,915.319578119124,19956.9139762009,,15337.5123987233
ARID1A,NF1,508.502627494095,897.831798903406,0.001,3786.99072638651,0.933320815759065,0.84418574011641,0.768161757301581,1.13244102817758,0.590541036083138,1.91763308387285,497.143970421462,965.004013571107,13,10,1,251,275,286.434145694454,823.391738535866,449.840556311717,1574.94457037929,,5194.10095239806,213.322435178511,17538.8575340351
ARID1A,NRAS,499.323633111021,1791.44072411813,0.001,0.001,0.941361217879158,0.949299666080087,0.893636979291183,1.32679788103322e-07,0.0994451581829271,1.33420058379575e-06,497.143970423464,1745.36273097283,14,2,0,259,275,281.280989423296,808.486548942615,297.875197864838,5531.90894949224,,19372.4229562488,,67018.4593183664
ARID1A,PBRM1,499.872710632331,211.922165055503,0.001,22230.8681027966,0.965656417645159,0.492952178478959,0.000102480939010388,4.39964782916251,0.326469562182333,13.4764411106274,497.143970419871,625.128243831673,10,2,4,259,275,281.57731511067,809.354008376123,35.2359235766878,654.363915278518,,31115.9610491199,6566.1700461025,57919.7127881003
ARID1A,PEG3,501.326094844443,157.681190347937,0.001,3417.42176710685,0.984722649197322,0.875083816146286,0.0790018611460949,2.00513948250505,0.305086263583631,6.57236893904073,497.143970422399,231.468038011353,12,4,2,257,275,282.406067016961,811.741223788503,48.9507645335732,366.324271401523,,18130.8154880812,553.61057456948,11366.0878502468
ARID1A,PIK3CA,507.621081748709,920.125430772899,0.001,8310.8014648801,0.948008191351658,0.767554998641599,0.265205914957153,2.15155000576914,0.618370656281469,3.47938567898313,497.143970420374,1098.47924324235,12,9,2,252,275,285.941679967068,821.976538881591,442.095874955016,1658.91036068633,,6675.02256403085,1349.75176569365,27430.8124995522
ARID1A,PLEC,502.212489725985,181.520899128881,0.001,1466.21199640593,0.9871784390029,0.9419870182599,0.557499279375446,1.06423753457863,0.320070243450672,3.32501241947736,497.143970421591,212.660415979208,13,5,1,256,275,282.904522310637,813.179724455419,65.0906600820427,390.169986315468,,12516.161748798,82.6130366842548,6784.2782863057
ARID1A,POLE,499.562219042069,156.899623938994,0.001,6720.39148356768,0.978424378987128,0.738781570987687,0.0309639802741922,2.20574288894953,0.223865269409363,9.85299280575801,497.143970422399,306.908387719662,12,2,2,259,275,281.414630406225,808.875975286621,26.0887055627366,484.503155690114,,31385.3374499941,1090.20932214571,22258.6520449196
ARID1A,PREX2,431.19933295972,469.274099478334,5625.94543574539,0.001,0.858224949034407,0.983374849100896,0.152714298889119,2.2171413327729,0.463824717548746,4.78012759753341,497.143970421265,459.21657403027,12,7,2,254,275,230.887800677847,723.268298220384,225.479810728584,846.034950789158,898.184669293325,19681.2159334023,,9384.16990240964
ARID1A,PTPRT,428.943069848517,175.584112893673,9582.84056133366,0.001,0.718160911953643,0.977070882640486,0.0640047702874149,2.2355526711559,0.314416540704594,7.1101624174928,497.143970422399,171.695159064629,12,4,2,257,275,229.681655947557,719.473782666179,69.7836699083565,355.831440117755,1482.13920764696,38251.5797883655,,4743.7094484677
ARID1A,RASA1,425.946699576503,366.397165411107,12678.3992824857,3857.27755219678,0.976346018871568,0.990385398195368,0.00337742991974011,3.40758013125388,0.31557375673541,10.7980466009122,497.143970420898,427.203443259354,11,3,3,258,275,222.718878877576,723.724141856499,114.855796209626,808.346914444704,,59584.755992121,,23257.9804961419
ARID1A,ROBO2,501.937374333907,220.838461141884,0.001,4026.70855938997,0.987859921523108,0.881526905354247,0.100182851522221,2.08577340690579,0.35539810883239,5.86883653871515,497.143970422443,302.892005578043,12,5,2,256,275,282.751422685839,812.730321442314,79.1889149061516,474.69067294171,,15093.2112703453,651.988559905101,13411.0568414342
ARID1A,ROS1,392.568609044634,526.085621637814,17394.6081095589,0.001,0.643273209608155,0.98172420414196,0.00351407963807065,3.18892666236096,0.307175387308183,10.381452401854,497.143970421738,515.737306273679,11,3,3,258,275,203.833149821436,672.390295715754,209.089398034651,1066.11649810699,3805.1241423853,70532.406004467,,17413.2157921518
ARID1A,RYR1,321.629752128097,286.377972919926,0.001,0.001,0.872663096771016,0.883412648372407,0.77095422551994,8.54083213607665e-07,0.245749477447708,3.47542229785372e-06,315.375332818721,281.271546449844,7,7,0,190,204,138.187791642589,622.101936361864,123.029917041129,554.005352982802,,4712.78147434773,,4627.47193707298
ARID1A,SACS,372.117957441473,652.892191383729,4845.66097227927,399.560591603629,0.839135871960104,0.999764241654334,0.0258481222787793,4.44279886768276,1.00527974632967,4.41946521244821,497.143970422259,648.286431568995,10,15,4,246,275,186.507894241277,652.519232149273,398.747523856498,995.971839539505,1302.2083955506,12378.9661990405,,9594.83966019277
ARID1A,SF3B1,431.512110347986,1574.68742002774,5328.70891816612,0.001,0.93421397930856,0.984725255863109,0.168079417253889,2.32407442489092,0.519701990873706,4.47193673625104,497.143970421909,1540.11705996763,12,7,2,254,275,231.055380091861,723.798650953997,756.599975199632,2838.90605504867,850.13076835773,18696.8221217102,,31497.0271570433
ARID1A,SMAD4,525.495201586727,2873.88457100605,0.001,0.001,0.465408248088028,0.480070456930128,0.223614740849163,1.73455538979295e-06,1.37574685458962,1.26080999858827e-06,497.143970423493,2788.32035226472,14,25,0,236,275,295.984766966281,851.024110206398,1888.97647628896,4153.62216755106,,1294.09368301561,,7521.27845463734
ARID1A,SPHKAP,393.511969681842,651.229368478051,12065.3938542262,0.001,0.816948327191236,0.988641434665428,0.00897780095437395,2.98998958192263,0.356398649658441,8.38945261096843,497.143970422998,637.289028010722,11,4,3,257,275,204.324428248942,674.017672066886,279.803009413124,1259.52487579001,2710.59475230182,42703.2363040344,,18435.5951241645
ARID1A,SPTA1,431.640563536566,364.183860009067,5216.89766395948,0.001,0.821986766125549,0.974941875530413,0.171362986238757,2.10127848674974,0.467223080133727,4.497377325941,497.143970421909,355.57728610569,12,7,2,254,275,231.12073452009,724.003875845766,174.982325027176,656.584208967888,833.40262944996,18219.312203987,,6485.41607839081
ARID1A,SYNE1,442.7661976315,408.126556898051,1856.98640158856,0.001,0.967060318306486,0.98066305644584,0.687057997557589,2.29117179334925,1.25710386499949,1.82257954743475,497.143970421597,399.015338933895,12,21,2,240,275,237.068709498475,742.726014414832,263.185013574975,598.53269173072,304.59276982048,5948.80420934945,,3198.05185530728
ARID1A,SYNE2,318.505490069047,768.228437132411,0.001,0.001,0.933855211455529,0.930948568108058,0.869379758908284,3.43020933045099e-07,0.148593501881385,2.30845177414902e-06,315.375332818522,754.53131419982,7,4,0,193,204,136.84854885592,616.035522581105,238.486594119828,1784.7938839785,,9737.19949531624,,21444.7410653874
ARID1A,TENM1,393.493924946626,334.858012311345,12438.5137456758,0.001,0.611841694341935,0.98057014932093,0.00757794571876955,3.49689585320477,0.41116517893363,8.50484436029841,497.143970420464,328.839835109744,11,5,3,256,275,204.314760088361,673.983175790374,153.013035176183,623.373726552903,2857.62056841145,40585.7832654832,,9195.23203162236
ARID1A,TP53,559.36528933066,1283.92682656325,0.001,14265.4060769825,0.906888519491764,0.54684338563525,0.00213178659943586,9.06737820217604,3.19631425590915,2.83682312695406,497.14397042234,1485.32595519841,5,53,9,208,275,315.014733299115,906.07430290482,967.960102438411,1662.54259208166,,2053.40927552495,5921.67964292055,36336.495186943
ARID1A,TTN,320.170314725624,663.116892380975,0.001,0.001,0.900600771304382,0.922836808844732,0.831123943399383,4.42711652386645e-07,0.182960760463611,2.41970820007986e-06,315.375332818721,652.433493255043,7,5,0,192,204,137.561656479402,619.2712094121,237.776273680624,1425.42052856527,,6255.99270075628,,16599.8582792352
ARID1A,XIRP2,431.998134135688,437.859127855915,4917.67389921629,0.001,0.898079018238992,0.982400154859555,0.19067668304484,1.9800594180619,0.46150796133553,4.29041226576445,497.14397042157,427.402901608189,12,7,2,254,275,231.313704040523,724.615570725808,210.381647975204,789.415827238299,784.698405539665,17249.2143912559,,7844.11537712867
ARID1A,ZFHX3,318.74168282826,269.506795097277,0.001,0.001,0.928984926930764,0.937621414203099,0.871045426621221,5.2021888858212e-07,0.146306249931807,3.5556846602561e-06,315.375332819248,265.168960251793,7,4,0,193,204,136.949671589454,616.494879425699,83.6637357387317,626.150974993107,,9039.86866676889,,8391.81878862885
ARID1A,ZNF521,428.846933867757,329.971353286431,9872.31823807857,0.001,0.833780025175923,0.988958387877704,0.060978830633676,2.26674952012662,0.31256318255627,7.25213219800303,497.143970420526,323.217390463655,12,4,2,257,275,229.630339500262,719.310711084867,131.146097060495,668.678609460576,1532.29292774694,38861.4494056597,,10382.138288093
ARID1A,ZNF536,323.299936288193,318.483429015927,0.001,0.001,0.841817358735684,0.874672222990277,0.736343661390265,9.18578060621865e-07,0.278515998069807,3.29811596815933e-06,315.375332818592,313.132526082908,7,8,0,189,204,138.902966630684,625.350237851792,145.529345636966,592.920035500486,,3713.97918891055,,4766.88829085522
ARID1B,ARID2,655.713382467688,951.780379499503,0.001,0.001,0.843357624762279,0.839409152434154,0.707952781214513,4.59675395666007e-07,0.339647631993881,1.35338907846202e-06,643.302004235072,935.095676290377,9,10,0,256,275,315.060127682036,1182.17401361866,476.883271251635,1669.5372149294,,7550.88915347187,,10717.2574599672
ARID1B,ASTN1,504.85276792593,230.337446564514,14514.0982409659,0.001,0.600922458202981,0.968657878966011,0.0427417135299474,2.24725328407445,0.256568862878395,8.75886987556856,643.302004240214,226.521752049718,7,5,2,261,275,216.918671520148,976.425370535267,98.9662804438638,445.506783126209,2282.7707800847,53869.9818699174,,7450.19620754897
ARID1B,ATM,579.849537440338,594.964920559475,5007.67217737382,0.001,0.863134341165982,0.974465341691807,0.514083115769837,1.16614264615739,0.321985214769605,3.62172731127364,643.30200423612,585.099185757845,8,8,1,258,275,264.969056883822,1079.43959953312,285.874270160793,1072.62143508413,280.213777392743,23899.6729731266,,13201.9490536326
ARID1B,BAP1,646.023480087671,116.291035976553,0.001,0.001,0.963082145007389,0.963430765719216,0.927864739876619,3.72403695022509e-07,0.0711600065790709,5.23332856368843e-06,643.302004233085,114.140560941284,9,2,0,264,275,310.409871887719,1164.65847736042,19.3365359018151,359.099301999754,,40698.9478548905,,6179.1183287002
ARID1B,BRAF,645.984631688819,408.217073428249,0.001,0.001,0.963573360644133,0.966865076250585,0.931646880798973,1.42089119004127e-07,0.0690634061068273,2.05737201528033e-06,643.302004233085,401.384622452386,9,2,0,264,275,310.391344184274,1164.58831715044,67.8773883377175,1260.53980847454,,41223.2946348242,,23980.0973474883
ARID1B,BRCA2,620.734691360703,451.326259407879,4375.28327532654,5396.51497555536,1,1,0.27485666660546,1.0124718094595,0.136653748111435,7.40903065925333,643.30200423625,528.276405527182,8,3,1,263,275,288.639886510662,1137.89518358266,114.5471690037,1141.96491606441,,54058.4687835838,,36944.849673738
ARID1B,CDH8,576.203230977847,154.995422391968,8871.78119841385,0.001,0.824035390052805,0.980212650039568,0.329763178974762,1.08429934175101,0.182571552873075,5.93903773445378,643.302004236175,152.130479668377,8,4,1,262,275,263.304371186992,1072.63793672436,55.5784499019193,333.159481707173,486.62523778696,47109.0234567347,,5625.74937390098
ARID1B,CSMD3,513.956257104899,643.881283357458,5178.04852694391,0.001,0.941489769467167,0.99814987286734,0.243477691456661,2.02985225158676,0.539375457440064,3.76333817860506,643.302004236781,634.86842578992,7,14,2,252,275,220.824349072953,994.074893207529,377.636693452059,1013.00311488878,843.092691537107,16952.5392984976,,11811.7242324577
ARID1B,CTNNA2,651.033056087636,211.769609465893,0.001,0.001,0.899182240083932,0.869603943373002,0.7819491374778,8.33903301421181e-07,0.2547289772725,3.27368841327032e-06,643.302004239032,207.555196952226,9,7,0,259,275,312.814277135994,1173.70818474296,90.9885584498018,409.593371468464,,12264.2628753387,,3022.96036603939
ARID1B,CUBN,515.496033447919,257.301059183551,15808.5025869242,510.339353492977,0.750509588987103,0.999339659185317,0.0340225963956284,2.14923594675288,0.218569858341793,9.83317628083908,643.302004234572,260.554760556529,7,4,2,262,275,221.609752454608,996.205540466971,98.3069207880579,528.557380075182,1625.17447605893,65001.1768629223,,12778.4417126739
ARID1B,DMXL1,576.73038880989,1302.83795945904,7972.77677007039,0.001,0.841496785377891,0.981821486929317,0.359309394555635,1.13454051177123,0.207926400925091,5.45645241163945,643.302004233085,1281.33893197361,8,5,1,261,275,263.54481332117,1073.616754152,517.786512815866,2640.05079627072,441.028431712168,40313.6825762242,,43153.396467548
ARID1B,DMXL2,579.378905533511,967.102961528964,5286.20561882965,0.001,0.856619219315423,0.97367816453865,0.493097799820493,1.12218957817796,0.295739935009261,3.79451486030394,643.302004234529,949.768292672873,8,7,1,259,275,264.755820571735,1078.57348707548,441.898838955969,1800.25618942238,295.663163427267,25737.5449053527,,22380.5959763577
ARID1B,DNAH5,569.173916598412,337.75866055915,0.001,0.001,0.911956148114617,0.865199755227103,0.789047030936675,5.85612384450436e-07,0.235712847950202,2.48443133050666e-06,560.386021848679,330.771237802085,6,7,0,191,204,226.210506772886,1153.46834711807,145.11238209155,653.336320474782,,12376.681278083,,4801.35567912028
ARID1B,EPHA2,648.403310984261,482.540248426932,0.001,0.001,0.93212438143777,0.909797547890339,0.848051986864213,3.25655559528341e-07,0.173693759536104,1.87488347536545e-06,643.302004236781,473.466607748079,9,5,0,261,275,311.552599200741,1168.95420431065,173.034092971694,1037.17030714743,,18890.396560124,,10075.229859556
ARID1B,ERBB2,580.175924022834,1269.85094478049,4762.1875727953,0.001,0.883884201139394,0.981831348629857,0.537047075626926,1.13305641498466,0.327591866665638,3.45874403573375,643.302004237191,1248.48717332728,8,8,1,258,275,265.117637253663,1080.04962019829,610.147199210449,2289.34829060308,266.156126312344,22847.4282658132,,27812.0281558609
ARID1B,ERBB3,570.533075662781,2042.05369841765,0.001,0.001,0.898819144864271,0.902658932514904,0.811345949750209,2.2696452850815e-07,0.193142390927153,1.17511504035255e-06,560.386021849765,2007.17964563282,6,6,0,192,204,226.747777524094,1156.24517538609,811.58662248855,4138.4344025639,,10782.683677846,,40159.4038713916
ARID1B,ERBB4,576.621941700935,267.068028293073,8145.84154359254,0.001,0.783003652684403,0.974745267423341,0.350918357149853,1.1941947658669,0.215831102911958,5.53300590023873,643.302004239096,262.390441261142,8,5,1,261,275,263.496007118505,1073.41927790443,106.144827029271,541.213455979103,449.36913713919,41768.0612560713,,8273.27647297566
ARID1B,FAT2,579.655000801718,473.366475417674,5128.65353299779,0.001,0.880165613096421,0.977621846781388,0.508444435403077,1.08339168887987,0.293005507935746,3.69751304851734,643.302004237705,464.991016432136,8,7,1,259,275,264.876833655384,1079.07453784076,216.307265391819,881.245682256036,285.50021330545,25079.7160469061,,10984.8722037663
ARID1B,FBN2,577.26045094047,218.341090026283,7243.83062008033,0.001,0.822400846801622,0.975748179056803,0.388027411112817,1.12456384427272,0.225320303962657,4.99095653829356,643.302004238428,214.318124042114,8,5,1,261,275,263.786854642899,1074.61376504037,86.7763241331472,442.485243894307,399.445066323999,37238.1665070286,,6442.63604534013
ARID1B,FBXW7,576.466209980505,821.857086804658,8391.68522864495,0.001,0.913410217704199,0.988269775375872,0.349459370979882,1.04650999191776,0.185400969014458,5.6445767111182,643.302004236781,807.452602787155,8,4,1,262,275,263.42418421646,1073.13122702439,294.707815083782,1766.51693914337,459.685595396883,44894.4570122475,,31400.519896361
ARID1B,FGFR2,,,,,,,,,,,,,9,0,0,266,275,,,,,,,,
ARID1B,GLI3,652.020851012252,155.625128945252,0.001,0.001,0.886982241901766,0.889897059037066,0.789340305324074,9.20522591426037e-07,0.221176369973682,4.16193914176081e-06,643.302004236175,152.606366239289,9,6,0,260,275,313.285974006512,1175.50256726785,61.8515012096909,315.381532683912,,10971.6783860413,,2644.26287598231
ARID1B,GNAS,613.543572720612,1422.50061344401,1748.307410686,9615.26764959543,0.997182495375526,0.976365149544903,0.233140564886692,1.87728880637597,0.490246049976058,3.82927880085448,643.302004234516,1563.50034087213,7,11,2,255,275,276.618251526911,1140.59339784798,742.180903889893,2423.0788420388,,13501.9185038592,,42755.7519214368
ARID1B,HMCN1,509.368185183305,334.225578731176,7496.72027994869,0.001,0.744268320857449,0.99317171611818,0.133246459343525,2.25832312971647,0.437656264149659,5.16003840160785,643.302004236164,329.446772608135,7,10,2,256,275,218.856523091443,985.175023190155,178.959334858362,560.624950907652,1208.96441336086,25284.606240845,,7549.29239851281
ARID1B,HYDIN,480.495340732851,628.347132193297,3230.33592099939,0.001,0.927691785947069,0.984952308638804,0.631729326357817,0.96946391505569,0.348664079491091,2.78050987205426,560.386021851198,617.469551567393,5,9,1,189,204,172.292192432393,1032.86857543781,314.781985238446,1102.43901013032,181.057098749826,15301.2938798433,,13024.098898601
ARID1B,IDH2,644.533965297661,734.877111624864,0.001,0.001,0.983077291708689,0.983171644085053,0.966534115753177,4.63340279195065e-08,0.0310229174356686,1.49354192801461e-06,643.302004233085,722.496365537236,9,1,0,265,275,309.695621433139,1161.96557499027,41.9310077058921,3235.76028131513,,127320.035221029,,86236.552190048
ARID1B,KMT2C,507.807114832858,621.286063398566,9143.49421378497,0.001,0.790087719553805,0.975886345820373,0.095318033180922,2.17051650295809,0.3548096268871,6.11741153136398,643.302004235787,612.180797454275,7,8,2,258,275,218.186153716848,982.153535422399,311.290128277735,1089.80943438837,1466.45997836686,31461.9731883148,,16064.2013157762
ARID1B,KRAS,645.798331989308,13232.713940625,610.924697094976,34737.4540084042,0.999980911909855,0.984262388339808,0.769075202223779,1.8510561034181,1.12591464079759,1.64404657009063,643.302004233042,13582.1850213415,7,33,2,233,275,292.386271046148,1197.74417977942,9220.25222843265,18266.7617063207,,4972.59270681928,,151160.457039267
ARID1B,LAMA1,509.925683094538,264.636461815322,7253.39479750059,0.001,0.797548360759962,0.964589054315297,0.140187663005221,2.01099882344798,0.399595800547273,5.0325824763268,643.302004237565,260.121911257699,7,9,2,257,275,219.093307605998,986.266338904723,137.402406098869,453.297179600825,1165.52487114264,24781.9158278959,,5520.04769556949
ARID1B,LAMA2,580.617200629605,494.991053193276,4587.65843282099,0.001,0.96337195761883,0.989954959376565,0.559629798359796,0.972123099886051,0.290420239302085,3.34729804720973,643.302004236058,486.17280092884,8,7,1,259,275,265.317411119405,1080.88434597143,226.184830001122,921.514068085898,255.49334083317,22398.0940146713,,11846.8179774062
ARID1B,LRP1B,591.091896089087,288.807667417985,2172.21004432781,0.001,0.908317599203806,0.957226022851326,0.841089700676161,1.02944500001845,0.611957239076627,1.68221721107796,643.302004234529,283.626997192803,8,17,1,249,275,270.098036770565,1100.43022288795,175.056079635208,443.637288865864,122.75310684073,9928.02122487414,,3029.27099322306
ARID1B,LRP2,513.520420570804,348.359140699725,9575.29915016118,252.182701637119,0.81368294088948,0.999885288470398,0.083735153769947,2.1402197126107,0.326584603762752,6.55333928161985,643.30200423466,346.846149664127,7,7,2,259,275,220.63577499776,992.754286333588,165.652763544688,630.91792877909,1222.38633135727,34412.8365491302,,11144.3922160706
ARID1B,LRRIQ1,575.44953113932,631.778137120136,10579.1936319189,0.001,0.730071257202463,0.974289921552171,0.281138756387887,1.21948218466439,0.177573279579987,6.86748697522973,643.302004236175,620.511997499585,8,4,1,262,275,262.961271124226,1071.23054854322,226.548059043724,1357.95344086016,579.972634445369,56272.0591153079,,22845.9564883031
ARID1B,MACF1,499.649592966696,583.552202611034,4848.09772878906,2021.00513846685,0.965910229501192,0.996636093453383,0.376268507876975,0.917866921911133,0.176292854893262,5.2064896360483,560.386021848682,607.762164333536,5,4,1,194,204,180.18729243061,1066.22955493383,193.249625029922,1291.59261959335,,32350.3900357629,,28155.9254756528
ARID1B,MED12,433.728561341984,755.252534980356,16558.7707041879,0.001,0.598816699365506,0.995293205864121,0.00555506543576721,3.17751729597904,0.330389667581025,9.61748386153689,643.302004237173,745.308293668585,6,6,3,260,275,172.383818172439,878.946270899659,362.889000706471,1361.61128996008,3857.25244700184,51339.2168966912,,27443.4762412975
ARID1B,NF1,609.821783958821,950.999540952079,2131.45546803289,1746.41684840733,1,1,0.712785918945972,0.973708582934961,0.400508069513549,2.43118343187845,643.302004236175,965.00401358045,8,10,1,256,275,279.95174796184,1129.18551339573,482.861040435875,1648.60638339609,,14052.2556993948,,20130.2999187037
ARID1B,NRAS,638.946717414391,950.882378584795,3337.57202692598,59631.0379333766,0.998962068459132,0.893040628717559,0.106766086930701,1.1038485329975,0.0652284575746106,16.9228059966753,643.302004236023,1745.36273096043,8,1,1,265,275,304.417973178958,1156.18496886482,54.4091903423112,4152.98663876527,,274466.739297796,,303210.978074941
ARID1B,PBRM1,577.182101054484,636.210590713633,7338.3652209247,0.001,0.865072880520277,0.982033369341331,0.385654087483976,1.12506079761701,0.223280275373418,5.03878273947591,643.302004236175,625.128243834428,8,5,1,261,275,263.751391993907,1074.46502902452,252.858437079777,1289.27475988682,405.712203738688,37231.9684688329,,20173.9484327307
ARID1B,PEG3,577.213106527997,235.735072758533,7302.80064654487,0.001,0.843043388462368,0.979577359152263,0.386495636890598,1.08992610664151,0.215983726075398,5.04633439956966,643.302004234529,231.468038011437,8,5,1,261,275,263.764870447088,1074.52228374381,93.6907738065005,477.722792150404,403.089913133507,37336.1214992641,,7354.47142041069
ARID1B,PIK3CA,583.275909816192,1116.91501543799,3565.80141224706,0.001,0.962416487032601,0.988467954975093,0.662722347279931,1.0393881311481,0.390682452538137,2.6604423218794,643.302004236312,1098.47924323124,8,10,1,256,275,266.531201119524,1085.84094593295,579.920304608176,1913.12740320721,200.125539195732,16786.0248519606,,20956.7380767661
ARID1B,PLEC,578.053942618341,216.806745177442,6364.00346935723,0.001,0.895966287320609,0.982705278564,0.434753522035888,0.987027787183202,0.220455676085062,4.47721648501516,643.302004238428,212.660415979892,8,5,1,261,275,264.148388056804,1076.09944261291,86.1673589800919,439.368885764472,350.985818184365,32706.3921081796,,6195.94588966175
ARID1B,POLE,646.816505819226,155.690341378927,0.001,9848.1038561799,0.990107894702081,0.698057847537823,0.0156593789458249,1.93841527513002,0.141946014929241,13.6560034890469,643.302004235177,306.908387719538,7,2,2,264,275,310.790428301542,1166.09126657142,25.8877348235608,480.763653305828,,61561.57513717,1569.2760335437,34663.8095459624
ARID1B,PREX2,580.195611431966,466.819116232871,4808.66563644937,0.001,0.900979586968752,0.982003107009245,0.534317227874351,1.10694438636337,0.316693700451783,3.49531545712542,643.302004239096,459.216574031815,8,8,1,258,275,265.126441620266,1080.08947099584,224.29993827451,841.607284925488,268.695508878975,23099.8805404854,,10667.981209098
ARID1B,PTPRT,535.865303026398,161.262033924136,13361.923989337,929.779991068297,0.83001092606757,0.987566517479271,0.0355731508937559,2.10912364205074,0.215046224742157,9.80776874636887,643.302004236164,171.695159064394,7,4,2,262,275,231.233934706852,1030.58717073944,57.8635999233152,339.365725661702,,61266.9787640717,,9550.16587831157
ARID1B,RASA1,504.600863113345,433.995827755303,15257.2053458431,0.001,0.842343170458483,0.983012205310278,0.0413233051997813,2.01173935046953,0.2225926793136,9.03776061581654,643.302004235953,427.203443259191,7,4,2,262,275,216.809994341197,975.942696035751,172.486014815406,879.517791968535,2353.62552600331,61500.246047959,,17509.1116120418
ARID1B,ROBO2,579.418310683796,308.468037923358,5275.05325218859,0.001,0.954683126708135,0.989573643656029,0.505036334737321,0.958543289914959,0.252256716826208,3.79987221737825,643.302004234529,302.892005579893,8,6,1,260,275,264.770211835337,1078.64504667384,132.532757353315,596.646418848163,292.617942672444,26273.3559836821,,8441.3242406678
ARID1B,ROS1,516.137943204357,508.232942037954,15867.1134488939,1073.1084063107,0.79760858205892,0.999382382681097,0.033816565217935,2.09474279022968,0.209976821316746,9.97606677295967,643.302004235177,515.737306275814,7,4,2,262,275,221.910613020557,997.392593172071,193.719020344507,1044.84226603958,1569.9254166451,66244.9073373904,,25963.308224829
ARID1B,RYR1,527.272611834928,263.900907003109,2140.35398505625,1347.7520366845,0.980689632064476,0.966047303834443,0.494430440755751,0.907500228751749,0.235718938261111,3.84992498034456,560.386021848682,281.271546448975,5,6,1,192,204,193.498097869429,1108.53234074047,106.290323905853,527.577841467869,,18901.8279287496,,10720.8839354721
ARID1B,SACS,443.062734176684,657.59699393732,6414.15017855715,0.001,0.761903766033921,0.953075517553816,0.0605763620201485,3.07210458351525,0.675199324130252,4.54992248025801,643.30200423749,648.28643156996,6,16,3,250,275,176.088179406068,897.914281202137,404.406339811932,999.366951458252,1556.55973433538,17626.1290146793,,10399.3898231913
ARID1B,SF3B1,506.636715730409,1563.56578302149,10392.7487986863,0.001,0.763040576584007,0.989017545369766,0.0771886209785631,2.22997144148622,0.330323723497096,6.75086674937478,643.302004234152,1540.11705997513,7,7,2,259,275,217.684984285294,979.879291488878,751.277335787241,2818.84553228416,1658.83305191308,36300.0005623605,,46679.6077085963
ARID1B,SMAD4,639.818563628464,2656.3098355591,712.470063893143,11042.809133955,0.999989762285562,0.993121720422328,0.522781127167333,1.95610541034056,0.853589109707541,2.29162414104693,643.302004233682,2788.3203522798,7,23,2,243,275,292.630654302904,1180.06060020633,1714.45794394625,3891.62102623128,,7107.32335108434,,45503.5376320076
ARID1B,SPHKAP,504.823597908887,646.720340303177,14579.6070391451,0.001,0.728363930473306,0.981637567828958,0.0437339634755109,2.1603080920419,0.243584026488512,8.86884137348712,643.302004240214,637.289028006467,7,5,2,261,275,216.905781171123,976.371514609624,277.872691797352,1250.82184516236,2274.14653811874,55531.5115105285,,23861.7906836312
ARID1B,SPTA1,579.978514176749,361.796787917285,4933.61192594932,0.001,0.839857633008301,0.970698770393093,0.517663295616522,1.12695576747356,0.314359314265154,3.5849288261362,643.302004236175,355.577286107327,8,8,1,258,275,265.027757940594,1079.68287645408,173.836157676181,652.280754924929,275.819422119123,23644.8681847741,,7683.52791158624
ARID1B,SYNE1,519.901902188557,405.344295671364,3674.97376933443,0.001,0.750723506938425,0.952801273524669,0.380115024283827,2.30420857163731,0.83484722581896,2.76003620827386,643.302004232956,399.015338934142,7,21,2,245,275,223.376398764789,1005.59357278238,261.396644747677,594.434982009298,602.64229995217,11779.2754639398,,4357.65044226076
ARID1B,SYNE2,375.273327188806,763.351376743628,31698.7954749799,0.001,0.665474940265844,0.999018422204883,0.00843941741521584,2.15482757791261,0.13337605516726,16.1560302200447,560.386021851281,754.531314196668,4,2,2,196,204,116.499748412787,871.829614304751,236.975999645588,1773.42556763678,4507.05720459829,189157.408476465,,66840.3170720961
ARID1B,TENM1,514.20925974196,328.131057605415,12317.3511476032,413.476402286791,0.684041193934653,0.999901134125138,0.052558598599521,2.33967359495241,0.288158984955172,8.11938449643133,643.302004237209,328.839835109298,7,6,2,260,275,221.010749876834,994.041163782019,147.274676129409,615.24592163081,1425.87226271117,45872.690703571,,12816.0136174098
ARID1B,TP53,570.444966212225,1511.51517730586,1157.18904696742,0.001,0.971355748340226,0.967566632980167,0.962308327678408,1.97249582227489,2.0953878418008,0.941351182308905,643.302004241312,1485.32595523304,7,60,2,206,275,245.042501281737,1103.62630014092,1164.92972096426,1921.34909843312,191.78978492243,3620.2406181546,,5858.31514820075
ARID1B,TTN,569.65497904998,665.23685101378,0.001,0.001,0.907168949086447,0.908375331984932,0.824070474640272,3.00090012237661e-07,0.175423042305402,1.71066473533859e-06,560.386021849947,652.43349325364,6,5,0,193,204,226.398506811661,1154.47090511973,238.532031895167,1430.02134159767,,12016.8706419143,,14070.3416676602
ARID1B,XIRP2,640.104934526529,344.796340625923,882.421783346848,6240.08016106536,0.999905800470173,0.877416541462865,0.0818911534056909,2.04913163084918,0.303071707540542,6.76121056458255,643.302004236898,427.402901607224,7,7,2,259,275,301.612256264272,1163.63589458845,148.248217390081,666.330104427492,,22416.4151756697,607.627020145034,23151.6809155242
ARID1B,ZFHX3,435.386135427535,225.63990838714,18139.9658951772,3478.94242848671,0.933374834485313,0.978070956691739,0.0128283934542616,1.93811663449497,0.135668988656891,14.2856274944048,560.386021851281,265.168960251478,4,2,2,196,204,137.890790953338,986.879207096146,49.7540929450916,577.698327507758,,131760.015429625,,28319.9198776164
ARID1B,ZNF521,576.509809474154,328.862292216968,8327.66907146972,0.001,0.777129266554992,0.97485861638843,0.343603895301535,1.22290925142109,0.217154421648015,5.6315189998908,643.302004234529,323.217390462869,8,5,1,261,275,263.445190796756,1073.20825629939,130.707443528206,666.451203461355,460.643563672256,42129.4301851919,,10301.8096117776
ARID1B,ZNF536,573.137334975667,318.879191654456,0.001,0.001,0.874896964016209,0.866161693591915,0.75783240088962,6.69765755111681e-07,0.259549248547298,2.58049583599403e-06,560.386021848247,313.132526083123,6,8,0,190,204,227.781765912798,1161.53798477894,145.707345669744,593.674617382262,,8489.24650958063,,4537.35106440904
ARID2,ASTN1,943.719699395279,163.893193311029,0.001,4650.87195960484,0.990838208526214,0.802553419035753,0.0470085749255139,2.24149942615498,0.267545343739667,8.37801695527188,935.095676306653,226.52175205072,8,5,2,260,275,472.851477775123,1655.35080368132,58.7704534327122,352.269437851023,,40054.6779600969,743.893095138946,16142.7867593267
ARID2,ATM,854.084017880602,596.504130254371,6205.77880219014,0.001,0.885717132847474,0.974441700152331,0.580017819093392,1.08601739484147,0.346822102915468,3.13133847500535,935.095676307047,585.099185757721,9,8,1,257,275,410.374957086612,1539.79193454212,286.612451696483,1075.40668266144,347.288046502797,29606.0961603151,,11497.0055336373
ARID2,BAP1,933.153210805819,60.4853609388611,1817.04797578199,2884.88789427796,1,1,0.148140082159567,0.942756273355971,0.0761948191229038,12.3729708162347,935.095676298627,114.140560941333,9,1,1,264,275,465.752463968298,1639.61294439912,3.45393719769182,265.661724670797,,324118.502159103,53.1030209641727,14179.8155210765
ARID2,BRAF,843.171678376985,409.309846569957,40409.048704435,0.001,0.862430224309224,0.993084170987795,0.13165961797089,1.02854701776552,0.0778142157838386,13.2179834674776,935.095676298627,401.384622452386,9,1,1,264,275,405.139468764571,1520.07340146081,68.0588935438297,1263.92419327538,1980.23672134377,672581.560602432,,34549.1458962988
ARID2,BRCA2,750.870566881333,537.453118899509,40665.8753971221,0.001,0.767702443104078,0.987858892744572,0.015531695939554,2.05138591251942,0.153798817149962,13.338112415515,935.095676305746,528.276405538739,8,2,2,263,275,343.12627045776,1397.79732561646,166.849216148735,1248.60267686778,5888.85596450962,240031.12841626,,29812.9488714937
ARID2,CDH8,941.573899077921,123.395693384869,0.001,2129.05858684473,0.993784483910888,0.903951963016947,0.312470927190689,1.21259551675286,0.192797150001957,6.2894888059318,935.095676291865,152.130479668136,9,4,1,261,275,471.775291361242,1651.56701026698,38.3070946851798,286.669979601259,,47005.6459532936,118.973870416485,10220.7575606682
ARID2,CSMD3,961.09996528037,563.802133967481,0.001,5024.92468263188,0.984963156676444,0.903170733798681,0.270786547105835,2.10742783981246,0.601409764215327,3.50414636610043,935.095676305746,634.868425787906,8,14,2,251,275,481.542736205679,1685.9203341227,317.599086190041,912.906249970827,,13943.1786868905,806.805386803092,17224.2115712079
ARID2,CTNNA2,943.656208607113,150.100461271423,0.001,4407.79000630064,0.989061829752446,0.765874114257553,0.0441737510029863,2.29137658556384,0.266278571374022,8.60518581626802,935.095676306653,207.555196952307,8,5,2,260,275,472.81990101997,1655.24151079087,53.8248807325328,322.621872447249,,40183.0537470613,704.333894330672,15349.6005263105
ARID2,CUBN,943.678497560876,176.10457576829,0.001,5908.28117384793,0.976363921450592,0.638242261234967,0.0363321586130032,2.1931832478651,0.23037609814714,9.52001212584269,935.095676305746,260.554760555304,8,4,2,261,275,472.830249290158,1655.29609803381,54.6712545205496,409.135331607021,,39083.3663982867,948.547710093653,20253.7387248744
ARID2,DMXL1,753.625652841434,1303.465043795,22502.381574488,0.001,0.780265091580474,0.983286095160793,0.0406254757778013,2.07732357201427,0.226862336164475,9.15675826642378,935.095676305746,1281.33893197571,8,4,2,261,275,344.380281341783,1402.92438726797,518.057663775676,2641.4428733194,3489.89987806742,88864.475114986,,49195.5445330692
ARID2,DMXL2,946.283750074068,723.331440081152,0.001,14755.4188538379,0.988938878009693,0.922300212152581,0.0804267617481048,2.0474528227223,0.307354253145775,6.66154055708225,935.095676302351,949.768292683994,8,6,2,259,275,474.129698883091,1659.85876308934,287.48239246673,1465.81109237186,,31524.5740158162,2366.65397614219,50769.9120208463
ARID2,DNAH5,620.26053494363,333.725445891332,0.001,0.001,0.91472560940606,0.940296567948567,0.86012243279889,4.35832188141116e-07,0.18168203915264,2.39887327428636e-06,609.237224666245,330.771237801801,5,7,0,192,204,222.413975159162,1333.24158082826,143.388119092802,645.47165203549,,13895.0734823223,,11176.5368341131
ARID2,EPHA2,940.509580808866,288.409499550691,0.001,11787.1908356814,0.995903755597178,0.975113105829864,0.0287711009128901,2.01815057619581,0.18673035710039,10.8078333246629,935.095676292794,473.466607751911,8,3,2,262,275,471.245101505832,1649.71061160379,71.7229434331881,747.898919830924,,68542.8682147859,1892.77466288588,40397.3096023371
ARID2,ERBB2,949.399136627377,1128.45265799862,0.001,8163.57322666863,0.994085325180186,0.976258989208763,0.595383889829844,1.03944631937644,0.335836439946614,3.09509688567945,935.095676303474,1248.48717333647,9,8,1,257,275,475.69161898409,1665.34294316254,515.661679545251,2100.70855830468,,21364.8692294459,457.53026808736,38676.1885081112
ARID2,ERBB3,494.90432513602,2032.82369923156,7541.39838903023,0.001,0.975527449104673,0.998001816095572,0.352148270905647,0.879029164146418,0.155334506245099,5.65894330496932,609.23722466765,2007.17964566746,4,5,1,194,204,153.6328369162,1149.77689114463,807.984344453273,4119.9762051612,416.858062503252,38690.2307819635,,94863.4620017852
ARID2,ERBB4,924.3364198118,185.155901683876,2470.70440928277,5722.70948799651,0.99930631198929,0.962102776925023,0.0341706202721499,2.27287170797573,0.228846862048331,9.93184563525154,935.09567630332,262.39044126127,8,4,2,261,275,455.326649288953,1633.76667748438,57.5627977594133,429.093647931623,,61670.4835582423,519.613176682209,20844.9791381925
ARID2,FAT2,947.685348115265,413.154578742017,0.001,3707.29339567309,0.985006711111163,0.904947620324422,0.506795685220193,1.11818363051791,0.300406813978621,3.72223124938002,935.095676302013,464.991016432411,9,7,1,258,275,474.83723426166,1662.33717037682,177.516543709741,799.087171410579,,23721.1165242422,207.867287491493,17535.5821507589
ARID2,FBN2,943.226653392043,181.207585850008,0.001,2404.13943878032,0.991132867631159,0.907792724613194,0.382024510833688,1.17087707237847,0.229381428812631,5.10449812105278,935.095676293566,214.318124041064,9,5,1,260,275,472.758905246078,1655.02919148529,64.9761626310609,389.474381897884,,35970.331893529,134.477630736894,11415.7061726065
ARID2,FBXW7,942.995245439403,656.940009887686,0.001,9433.31644870959,0.988511927763625,0.903556879918065,0.362944397161068,1.04059843918422,0.190564245450919,5.46061742443824,935.095676291865,807.452602789793,9,4,1,261,275,472.493138255,1654.10217360766,203.938269589757,1526.16943202447,,38735.0926627719,528.576866911372,44722.6525943848
ARID2,FGFR2,,,,,,,,,,,,,10,0,0,265,275,,,,,,,,
ARID2,GLI3,944.089356971675,129.219064553884,0.001,1553.85143290759,0.99294159742865,0.939305792461746,0.414357427061757,1.08474387417322,0.2289280627982,4.73836130404607,935.095676294689,152.606366239251,9,5,1,260,275,473.035856826457,1656.00412593453,46.3364769028344,277.744808571735,,34031.2387371545,87.0822470251955,7362.53344005661
ARID2,GNAS,961.77988180584,1593.88937335693,0.001,0.001,0.756865800633704,0.782249109899624,0.592126296050388,4.37925724230612e-07,0.492743502472176,8.88749870943941e-07,935.095676297649,1563.50034085718,10,13,0,252,275,481.881077155356,1687.13311629776,876.682284901869,2624.49059700961,,6685.2819992124,,12725.4998856177
ARID2,HMCN1,954.585083615937,306.805806012811,0.001,1717.55213168305,0.984075571225707,0.938719547249954,0.690242253373597,1.11045846372746,0.45109782394105,2.46167993901158,935.095676294307,329.446772609128,9,11,1,254,275,478.260911268869,1674.37594911271,159.279888034864,525.470412334116,,15518.4779121136,96.3506262235371,8120.11546242508
ARID2,HYDIN,626.643008858565,624.095789243275,0.001,0.001,0.869408127065622,0.900776456359649,0.78316951751357,4.47850898139157e-07,0.264785119949602,1.69137487115741e-06,609.237224667584,617.469551567647,5,10,0,189,204,224.698264587174,1347.00614470966,312.667675927857,1094.89814941989,,8752.31465941026,,12254.1415699999
ARID2,IDH2,936.628606619994,734.44991576286,0.001,0.001,0.983868142371914,0.983732017703732,0.967862958397994,4.24075896343634e-08,0.0340598876546562,1.2450889463978e-06,935.095676298627,722.496365544472,10,1,0,264,275,469.305692651797,1642.8914296982,41.9070931155889,3233.89366426706,,194280.558489987,,88463.9659657412
ARID2,KMT2C,953.337750496646,498.281970538965,0.001,6812.25625378793,0.968519582283832,0.814168116874445,0.147164111909938,1.92365675259905,0.389496918887645,4.93882405563764,935.095676305746,612.180797458043,8,8,2,257,275,477.654367418221,1672.28295500753,227.68381930745,927.585145444491,,18930.0290029125,1092.21754536025,23490.6294999094
ARID2,KRAS,997.410410134045,13406.6793828506,0.001,24154.4974048575,0.940905770384342,0.91364648138718,0.934926695570363,1.10328528028003,1.23046889714109,0.896638088815934,935.095676307413,13582.1850234034,9,34,1,231,275,499.689325058257,1749.73112680384,9387.34491076668,18440.518890555,,4987.96184039564,1352.63999602571,114115.450416076
ARID2,LAMA1,950.544979433679,215.673900926078,0.001,3306.07782085101,0.988884033987234,0.855566917605177,0.121252613316515,2.23251338501821,0.419406732076312,5.32302706245544,935.095676299161,260.121911256897,8,9,2,256,275,476.266112533174,1667.35088656773,103.628158977122,388.829412432192,,22770.6814794838,529.817124318989,11402.4664139439
ARID2,LAMA2,947.095812339013,431.778899693905,0.001,3982.83822578352,0.988702641777371,0.919617563132294,0.498145578046001,1.14892822440983,0.301956262811243,3.80494914632069,935.09567629613,486.172800928852,9,7,1,258,275,474.540198333435,1661.28885311842,185.51800867223,835.118316549815,,25014.9502232285,223.244833459489,18858.142101513
ARID2,LRP1B,964.105030652179,255.421973652071,0.001,2236.92068661933,0.967472628166595,0.782255534253831,0.271354844580989,2.29089297072292,0.681609825186116,3.36100344518565,935.095676289603,283.626997192257,8,16,2,249,275,483.047954756463,1691.20002706491,149.795652289648,401.884679553469,,12196.2093145893,357.17030220512,7810.72831353778
ARID2,LRP2,946.504022318184,234.244518556048,0.001,8066.50695162835,0.983677560324582,0.776543755064552,0.00709526048362636,3.12782937938812,0.347207327504616,9.00853504984435,935.095676303303,346.846149665135,7,6,3,259,275,474.243035153631,1660.25231056291,93.0989130412641,474.698114445241,,32497.8364570019,1901.12070116389,24155.4944552817
ARID2,LRRIQ1,941.177742598929,503.357614098179,0.001,8641.01665210242,0.997719094136562,0.951649301718513,0.314501589869686,1.17687529236821,0.184248505767328,6.38743466313039,935.095676303869,620.511997499635,9,4,1,261,275,471.580250972609,1650.87966390524,156.264830043356,1169.37337319709,,50509.7179015024,483.931486900725,41069.4983289125
ARID2,MACF1,617.104834229019,491.41832330285,0.001,10631.3466607656,0.990401186820854,0.847773845520075,0.260857657174677,0.928964837994088,0.126303997443109,7.35499158221433,609.237224665408,607.762164334911,4,4,1,195,204,221.283990785386,1326.44825753833,152.557175323482,1141.74163274986,,32857.591235699,579.84873885531,58183.6960441965
ARID2,MED12,947.335150347599,587.937997128634,0.001,11023.1571238398,0.991108790806035,0.896855984807757,0.0898923803869771,2.13891434291935,0.339912265026136,6.2925482925863,935.095676306653,745.308293668246,8,7,2,258,275,474.659934136783,1661.7090450746,252.613930033312,1137.14586919683,,28630.2250826262,1770.16851254685,37772.9210640206
ARID2,NF1,958.709181173657,982.913784437672,0.001,0.001,0.635426432214354,0.81912221548589,0.639929277780754,4.54186296556733e-07,0.41608562769021,1.0915692980746e-06,935.095676299614,965.004013582679,10,11,0,254,275,480.343861609055,1681.74008413152,510.342576211733,1683.61009755039,,7571.47775665894,,9667.54009737283
ARID2,NRAS,939.568193106059,1776.39517630604,0.001,0.001,0.953822138664751,0.965425480941684,0.920845877669602,5.97492301994819e-08,0.0712551821768862,8.38524699174278e-07,935.095676291865,1745.36273097283,10,2,0,263,275,470.773223302348,1648.05933263229,295.375032831258,5485.35780640767,,46679.2670083354,,99630.9518204108
ARID2,PBRM1,944.510680540863,529.435462541817,0.001,6320.67680885403,0.987864086785947,0.910545200277498,0.414852638947625,1.07110070756238,0.226996525132314,4.71857755063891,935.09567629613,625.128243837208,9,5,1,260,275,473.245155027039,1656.74946730871,189.851748861541,1137.95944733477,,32520.932444564,354.228434658769,29951.1279087475
ARID2,PEG3,944.069323858747,195.619759130407,0.001,2651.8610275665,0.984568476098502,0.849443564721937,0.37279930739716,1.19423247496324,0.228638273162346,5.22323956722358,935.095676297532,231.468038011705,9,5,1,260,275,473.025415181723,1655.97093774552,70.1478610868113,420.458189983253,,33465.6490148842,148.291988994942,12690.36574946
ARID2,PIK3CA,762.997954003039,1118.32041708023,9114.87718399089,0.001,0.967898433323432,0.985459965241709,0.185147893273296,1.91037052634562,0.433468629461158,4.40717135336964,935.095676293579,1098.47924322683,8,9,2,256,275,348.656917283741,1420.43686653566,580.64507379521,1915.53779511373,1467.37884673391,30966.964306469,,22761.5738346903
ARID2,PLEC,932.447818501227,184.575077093161,1222.1081303608,1832.9248975221,0.999811242524108,0.974025070408696,0.430887405936895,1.04510607928643,0.227390313721031,4.59608882271298,935.095676290669,212.66041597916,9,5,1,260,275,462.089062344614,1643.96370313238,66.2478054906196,396.090195512177,,36728.7679008898,,9536.6811210317
ARID2,POLE,929.668122189321,244.109513821042,1754.01119180117,3439.16128087258,1,1,0.334134645129917,0.926790065977575,0.153906769543166,6.0217628420668,935.095676300141,306.908387719201,9,3,1,262,275,460.745118413144,1638.96817380984,60.8226921391847,630.890914466276,,59082.7150650112,,18064.6243052033
ARID2,PREX2,946.274829388802,361.979770940768,0.001,7101.43731945654,0.999134246481496,0.959587724253139,0.0838217422915704,2.21300131789416,0.337077002132661,6.56526937136817,935.09567630393,459.216574031665,8,7,2,258,275,474.129448434449,1659.83739595479,155.53070023901,700.093399245325,,31929.752327937,1139.28943185864,24406.952869588
ARID2,PTPRT,943.572164468698,145.323812664079,0.001,1787.99704384523,0.997023088951383,0.967822752942958,0.408539024935955,1.12446221103609,0.233307463081911,4.81965812915857,935.095676295438,171.695159064891,9,5,1,260,275,472.777157618269,1655.09326263657,52.1109976926375,312.363218485095,,36610.4722889021,100.129378959584,8499.87970040245
ARID2,RASA1,943.890091085917,361.286383667775,0.001,4715.91841360745,0.988109631035323,0.887796228768737,0.385463810698327,1.15098090438052,0.22647190115492,5.08222388080358,935.095676291865,427.203443259193,9,5,1,260,275,472.938579858114,1655.66158097558,129.551867548242,776.550952767508,,34161.2178481058,264.302491027486,22343.0121098336
ARID2,ROBO2,944.042144160614,219.1354700511,0.001,6387.16845463006,0.98234060255233,0.717942979040071,0.0446515653511197,2.26210413091063,0.265216697030949,8.5292674112696,935.095676302013,302.892005579491,8,5,2,260,275,473.012639247353,1655.91898928832,78.5786295227383,471.021311371573,,37041.865654707,1019.20389438103,22374.0726995012
ARID2,ROS1,944.003949249392,436.297528684083,0.001,5557.16893307745,0.98935779673848,0.899223960149587,0.393683139489079,1.12634661760592,0.223658477399816,5.03601129141393,935.095676290377,515.737306275814,9,5,1,260,275,472.993288540037,1655.85438326264,156.45174817951,937.779019117376,,33953.0435499063,311.54918684376,26288.364741245
ARID2,RYR1,622.379974893077,284.022646783811,0.001,0.001,0.899349125584769,0.935487165073859,0.841346157105057,4.90839287867195e-07,0.183255910149103,2.67843633238258e-06,609.237224666245,281.271546449483,5,7,0,192,204,223.171861858997,1337.82216095285,122.020923614452,549.429244452172,,11676.5662643729,,8779.66305759178
ARID2,SACS,966.60994594761,588.731788880832,0.001,4354.96272194847,0.976025109668338,0.889269852875009,0.345382858619935,2.13906379721769,0.721151070386602,2.96617988249114,935.095676297716,648.286431566643,8,17,2,248,275,484.294962079103,1695.59595673366,351.305549486167,914.750775799116,,11451.8450505383,699.891646408183,14885.7510144038
ARID2,SF3B1,853.643229081016,1572.77667087644,6429.69625380504,0.001,0.803151565035632,0.954519288113705,0.554342586722133,1.14285262448804,0.353176994421129,3.23592035308308,935.095676300141,1540.11706000838,9,8,1,257,275,410.163242175213,1538.99570636999,755.687160386127,2835.54528580697,359.443036326667,30822.7439263786,,27074.0129784038
ARID2,SMAD4,884.240599430276,2845.66307959697,1918.86868250969,0.001,0.970287057788886,0.971448334394378,0.970033930094491,1.01321793513625,0.970910335270419,1.04357518745955,935.095676290086,2788.32035222958,9,24,1,241,275,424.83867166768,1594.31032622764,1870.49198575319,4112.64116820727,108.778600672468,8658.97771638083,,19054.222976158
ARID2,SPHKAP,947.004998572365,554.712352228349,0.001,5755.88634655602,0.977601287537598,0.844333294273882,0.453439788425256,1.10623627845944,0.260862877890481,4.24068110957462,935.095676298627,637.289028009235,9,6,1,259,275,474.491561036307,1661.13409926212,220.467679375743,1124.11472669111,,24992.3985929899,322.559247647869,27274.3389464435
ARID2,SPTA1,949.644315117331,321.113426010719,0.001,2431.83812937248,0.987445338102882,0.928954573461869,0.572076151164549,1.10928314798254,0.344656062587186,3.21852208156624,935.095676300472,355.577286105115,9,8,1,257,275,475.817911722574,1665.78657156394,146.735684420244,597.780295017,,20745.443187079,136.285023841063,11523.109855152
ARID2,SYNE1,678.299269265372,404.785066863624,7611.5425986735,0.001,0.776404314684961,0.968003865520681,0.103467259568017,3.30009109331286,0.867410416191227,3.80453247011197,935.095676302947,399.015338935415,7,20,3,245,275,291.492787551951,1312.22848513711,261.026450708334,593.587364322672,1857.46326651866,20622.6388845869,,5343.35200196286
ARID2,SYNE2,615.923495487613,764.826880966718,0.001,0.001,0.94730725133987,0.947442000951349,0.897524296467855,1.58212039068698e-07,0.10444141479701,1.51484006010637e-06,609.237224666245,754.531314199714,5,4,0,195,204,220.859867541265,1323.89103037434,237.438191587862,1776.92189884849,,23802.4374592346,,28944.7228124587
ARID2,TENM1,942.857362976772,207.777156568111,0.001,9870.35242150085,0.998585827087111,0.840951706385146,0.0033311372550789,3.31569372155051,0.304087796377812,10.9037382001051,935.095676292787,328.839835108222,7,5,3,260,275,472.42525419778,1653.84706494161,74.5062871807408,446.60178695903,,49361.6021682572,2310.10892504953,30110.3061543714
ARID2,TP53,1056.70450270033,1380.81385913043,0.001,8880.73137310377,0.951082319441743,0.795261257306857,0.137798774253875,5.0793102699137,2.29486613475473,2.2133361911572,935.095676287168,1485.32595522404,5,57,5,208,275,529.34543012815,1854.15345800515,1051.96655894186,1772.36439066817,,4410.30979281813,2881.64022784992,24696.5130304049
ARID2,TTN,617.377426405724,659.58870276787,0.001,0.001,0.936200754731853,0.947475911663171,0.887035497951449,2.09618654707335e-07,0.129131854931154,1.62329159461926e-06,609.237224664906,652.433493252877,5,5,0,194,204,221.381508987998,1327.03077130129,236.513136539916,1417.80898521267,,19190.2252810035,,25121.8423890638
ARID2,XIRP2,948.043282655577,337.176279955982,0.001,6233.3546386393,0.987982075886839,0.850366541475403,0.0918660369712454,2.13991744459485,0.33829694529005,6.32555946598961,935.095676305746,427.402901608783,8,7,2,258,275,475.015832040191,1662.96943345558,144.873423705634,652.135831693179,,27249.0658823232,1000.38939638491,21396.5401470781
ARID2,ZFHX3,617.286951371066,268.380127367719,0.001,0.001,0.936890437453203,0.953403058241109,0.893240939611851,2.89198497244354e-07,0.104575760355278,2.76544484364112e-06,609.237224666245,265.168960251809,5,4,0,195,204,221.348167600901,1326.84531376091,83.3144321727418,623.526751814545,,19765.2948188614,,11519.6277270928
ARID2,ZNF521,943.611803162091,273.482947641566,0.001,3440.08450738291,0.994162546014989,0.942482065170099,0.39986309595606,1.12122795421858,0.226780704748747,4.94410649028014,935.095676303519,323.217390463055,9,5,1,260,275,472.79761360176,1655.16278997483,98.0695104277027,587.818349612962,,35778.6310457643,192.794686463697,16297.844819983
ARID2,ZNF536,619.475042078961,236.146395284178,0.001,12347.7088844615,0.968946397675431,0.419248900569356,0.0167941198299665,2.41392758531205,0.206765147411618,11.6747315276811,609.237224663145,313.132526082908,3,6,2,193,204,222.133448581873,1331.54167651975,93.8539328898345,478.559899298101,,24020.574281661,1815.89692615355,59231.9773974874
ASTN1,ATM,229.287755259028,458.711752817765,0.001,14851.901586152,0.989705819931669,0.777473127617571,0.0352199076241701,2.33163466216919,0.243483864966875,9.57613623591198,226.52175205072,585.099185756311,5,7,2,261,275,98.5176707472845,443.459642757588,197.096310330402,887.164362271002,,10135.0750102417,2332.7732947335,55377.7117041229
ASTN1,BAP1,227.541073088465,57.5993181719057,0.001,5933.20954845547,0.979136512226046,0.450379194284412,0.0755565890336463,1.19648086249355,0.0521554220364544,22.940680293168,226.521752049511,114.14056094129,6,1,1,267,275,97.767217297934,440.080337690554,3.28653294090624,253.613614694278,,38297.3788396538,329.754545961329,29273.256167514
ASTN1,BRAF,227.006300212411,202.779258668292,0.001,18624.224439504,0.996488081922522,0.813988796027879,0.0859777335789818,1.09168387795483,0.0525342669910901,20.7804151553114,226.521752050528,401.384622451113,6,1,1,267,275,97.5383392137711,439.038036438374,11.570235070432,892.8463693938,,88045.0806909044,1034.59355940123,92100.3475072537
ASTN1,BRCA2,227.487108665387,133.004734064471,0.001,47374.4978391471,0.980446899464677,0.300066741574225,6.07948882102026e-05,3.14840370576234,0.105224953618254,29.920694640403,226.521752049511,528.276405539999,4,1,3,267,275,97.7442179834875,439.973826370386,7.5890792916099,585.630462482395,,44918.8244481165,10704.7911553406,165900.152504197
ASTN1,CDH8,228.217029514843,92.3232606700792,0.001,4875.73193644357,0.992856223524727,0.904885831916962,0.0187260910233416,2.06461698615716,0.174527541683699,11.829748853616,226.521752050654,152.130479668095,5,3,2,265,275,98.0577279318758,441.386540337566,22.9591288181811,239.412816322436,,18106.0740437734,764.246424469193,18301.5632907916
ASTN1,CSMD3,132.331676557316,640.571525257424,4117.26298614411,0.001,0.556794579703298,0.972522985341006,0.0108915003842053,3.44612229434235,0.456404823984443,7.55058253823323,226.521752050057,634.868425787806,4,13,3,255,275,41.0809874158779,307.435950727535,375.699928666899,1007.77966945165,990.693533492995,11570.0761052024,,18468.4418677879
ASTN1,CTNNA2,163.329284020186,209.913138577932,6174.04957073772,0.001,0.749817266642027,0.987795088219068,0.0290323874152116,2.32426428608915,0.236031617308419,9.8472582300365,226.521752051047,207.55519695182,5,5,2,263,275,58.5684667776475,351.056920399836,90.1931452278786,405.985939852039,965.803720461923,23335.8804032125,,10347.3284167556
ASTN1,CUBN,228.430551711342,131.322805475196,0.001,13869.9589179104,0.97938965742997,0.600392565595624,0.000559297416989726,3.16293528344666,0.188203751658617,16.8059098480879,226.521752049914,260.554760555995,4,3,3,265,275,98.1483704229895,441.808525550166,32.6579964968597,340.549272917624,,19072.6731684375,3124.12714432926,48959.7138815675
ASTN1,DMXL1,227.668383378377,644.815776800713,0.001,83758.0075214792,0.9964846559375,0.647952778184183,0.000305238115984444,3.29518278359724,0.156417123067198,21.0666372004657,226.521752050394,1281.33893196451,4,3,3,265,275,97.8214160907346,440.313178397985,160.351013267997,1672.04141570468,,25786.2889703249,18965.0556660065,290911.621469169
ASTN1,DMXL2,228.355626417924,597.614690954646,0.001,44845.6176025391,0.99755902932659,0.839422402184666,0.00103858270538826,3.37300292002942,0.236984094898987,14.2330350121899,226.521752049795,949.76829266865,4,5,3,263,275,98.1177867803934,441.651163303078,214.300721105036,1284.48728615288,,16407.5045296086,10104.6644161541,158165.557803262
ASTN1,DNAH5,44.0733763078839,332.164153333663,0.001,0.001,0.982602398810306,0.971305219690943,0.954408146859813,6.35195455243594e-07,0.0477546025641973,1.33012405325683e-05,43.3043516700894,330.771237801739,1,7,0,196,204,2.51473432114924,194.065059572341,142.717374857014,642.451706906472,,5156.87598844107,,38143.1262297737
ASTN1,EPHA2,203.457365807822,455.274575665044,3308.69083583624,2148.11908616529,0.982718757098742,1,0.251060059450092,1.09006675016325,0.13669894505458,7.97421479535207,226.521752049661,473.46660774863,6,4,1,264,275,81.1305356047729,410.525235599496,151.985694766816,1003.92529800717,,21319.7313625459,,33514.3493930231
ASTN1,ERBB2,229.618123808266,1263.32924833251,0.001,0.001,0.90999819704177,0.899822350005718,0.818847564292474,6.88212093231206e-07,0.25722342329425,2.67554208095555e-06,226.521752050444,1248.48717333354,7,9,0,259,275,98.6594462339531,444.098985490961,607.019426013575,2277.53914778416,,4822.78738025328,,23928.3032210504
ASTN1,ERBB3,0.001,2007.19559467421,3978.60582502055,1441.90679543601,0.690477336843919,1,0.0225346121796204,1.1962542063419,0.0320510947008434,37.3233494052988,43.304351670091,2007.1796456483,0,5,1,198,204,,84.8256254877927,797.753781055967,4067.53158295803,218.474602552759,20756.3562251318,,
ASTN1,ERBB4,129.972356088408,264.789909787929,17800.8425819597,0.001,0.363588154921611,0.988759117904585,0.000236578848850111,3.52685407112295,0.191018708829468,18.4633960345295,226.52175205052,262.390441259956,4,3,3,265,275,40.3492314624569,301.944011531234,105.241301118948,536.578882303219,3876.81135570568,71181.2037099939,,20764.2476764283
ASTN1,FAT2,229.653455981928,292.766904637508,0.001,19733.0729264935,0.966133829375976,0.408656454014448,0.00135309444711666,3.26189988994738,0.24515246972902,13.3055966907164,226.521752049913,464.99101643309,4,5,3,263,275,98.6693867586719,444.164075173662,104.998813750024,629.366860033956,,9398.17236545153,4461.76971853852,69173.7626597481
ASTN1,FBN2,228.961048256244,144.374898135309,0.001,6266.02306208662,0.98046339806299,0.687051364916832,0.0238320088742491,2.17857321880946,0.202487861768131,10.7590311823439,226.521752051047,214.318124042332,5,4,2,264,275,98.3762428975539,442.834474281719,44.8198713817501,335.412571152173,,12300.4560805063,982.589819956179,23488.0082238249
ASTN1,FBXW7,227.925034047351,488.464530437564,0.001,35755.4705745436,0.989255337371311,0.686556472290682,0.00996491492336363,2.37061628648837,0.146736131802491,16.1556411319283,226.521752051047,807.452602791925,5,3,2,265,275,97.9322995371518,440.823610507263,121.473759694355,1266.67073920298,,24447.3520524047,5615.01404014657,133405.705499927
ASTN1,FGFR2,,,,,,,,,,,,,7,0,0,268,275,,,,,,,,
ASTN1,GLI3,229.289417865036,128.764746330304,0.001,1973.47282943938,0.986331883195365,0.876292319995413,0.339120949705239,1.10798804300577,0.191982194875462,5.77130625954412,226.521752051047,152.606366239251,6,5,1,263,275,98.5172152375739,443.47061837936,46.173623565863,276.767539694018,,9551.92045719719,109.608756364969,9767.42406464141
ASTN1,GNAS,236.351576523879,1459.49876219835,0.001,10565.8417724191,0.864344715616884,0.587571112845315,0.512949721067047,1.1869672435625,0.382907752607177,3.09987780472076,226.521752050968,1563.50034085961,6,12,1,256,275,101.543054048407,457.219150946663,781.45796202824,2448.26736790879,,2267.50640887962,587.202177762295,52152.3500203803
ASTN1,HMCN1,231.790339425419,248.912416957606,0.001,9564.75527765607,0.94968378040816,0.414835088096886,0.00485220851026127,3.27766783578161,0.356883196624181,9.18414726943053,226.521752050196,329.446772607921,4,9,3,259,275,99.5882886938495,448.333457048158,119.597381146196,448.762183981994,,5644.73604138029,2163.03091839327,33406.8552175829
ASTN1,HYDIN,44.9048003914336,620.185975055815,0.001,0.001,0.964446353430094,0.95792674395625,0.923873322367159,8.60824951523964e-07,0.0680336308513696,1.2652932685668e-05,43.304351670082,617.469551571809,1,10,0,193,204,2.56212763425739,197.738577316811,310.710837213057,1088.02905258971,,2445.36599039875,,47874.4561422953
ASTN1,IDH2,226.727636011639,731.87142390811,0.001,0.001,0.993728782453828,0.987188702279439,0.980997944342622,6.82756940667784e-08,0.0231788418063824,2.94560421254432e-06,226.521752050528,722.496365544472,7,1,0,267,275,97.4189854380876,438.498714813268,41.7600383719261,3222.53197003854,,122285.77279703,,113682.718114297
ASTN1,KMT2C,130.801865271743,616.258844040012,8049.99523268837,0.001,0.749120959001607,0.994828620088848,0.00184613853745417,3.44144317879986,0.276749571560795,12.4352249558726,226.52175205052,612.180797460424,4,7,3,261,275,40.6065840078003,303.874660865732,308.777577339026,1080.95874364702,1885.36211865534,24511.0497674107,,38470.6427539874
ASTN1,KRAS,243.370944913603,13348.5593778285,0.001,32758.1383104576,0.939401477001143,0.924745140643069,0.923542986518395,1.04354685562471,0.877928551284041,1.18864667756669,226.52175204975,13582.185021625,6,34,1,234,275,104.556833141413,470.784232310862,9346.45824744557,18359.6004014425,,1543.17441279381,1822.96728691957,160653.092830498
ASTN1,LAMA1,131.588969956931,262.326083862616,5378.35439864388,0.001,0.929829744812287,0.99243742848466,0.00578843032495909,3.19997798039426,0.354623825053524,9.02358430066361,226.521752049661,260.121911256742,4,8,3,260,275,40.8504261627836,305.710437039102,136.20702324133,449.314505405726,1261.95309289909,16244.6246332774,,11917.9341598308
ASTN1,LAMA2,229.902028793455,368.281742030207,0.001,11135.5539003696,0.977143215349547,0.702537012344762,0.0408510186370816,2.19204685530001,0.251559981359675,8.71381387234985,226.521752049824,486.172800930172,5,6,2,262,275,98.7794405464056,444.662556949781,146.370378978615,746.331817386883,,8864.2025809683,1750.16160259735,41431.282156738
ASTN1,LRP1B,235.076679692385,238.627253327753,0.001,4232.94582310878,0.977161211902847,0.871362744688167,0.0339871235172279,2.89431682600505,0.559102409537899,5.17672035861412,226.521752051143,283.626997191279,4,15,3,253,275,100.998268648563,454.70439777507,137.299926017173,380.636681787306,,4015.62367963373,957.994322042608,14746.8054757178
ASTN1,LRP2,229.984158902156,233.010573322578,0.001,12855.8629637201,0.969207461879922,0.499719531736764,0.0021777417452509,3.21508040885485,0.270415231943866,11.8894205246628,226.521752051047,346.846149665865,4,6,3,262,275,98.8141268658176,444.816665732865,92.6086788974163,472.191322004717,,8680.88330509204,2899.9634998071,45208.0144686631
ASTN1,LRRIQ1,162.437892620937,626.819554552464,13021.4527864003,0.001,0.535846473194573,0.990145936531469,0.00771206146466835,2.48740001888545,0.15713543194116,15.8296571827089,226.521752051047,620.511997495786,5,3,2,265,275,58.2523526227749,349.154668093964,224.775220019124,1347.25468228096,1946.88073139572,60292.0622237882,,47318.8065424697
ASTN1,MACF1,44.1957418762496,609.188039267735,0.001,0.001,0.979869058024746,0.988521945118749,0.968622721202303,3.54268290452507e-07,0.0283154847073342,1.25114683401745e-05,43.304351670074,607.762164336205,1,5,0,198,204,2.52168993219316,194.610744323757,218.445704105014,1309.4193611089,,4631.63474237105,,178277.558611698
ASTN1,MED12,229.995910860503,500.603501965349,0.001,28117.9775012621,0.968272970770155,0.470989248958257,0.00205199027069701,3.24343560674072,0.271042902049455,11.9665026540666,226.521752049659,745.308293668887,4,6,3,262,275,98.8184986962095,444.836779918579,198.967342431638,1014.50315845,,8631.17590694263,6355.91881796523,98333.919322794
ASTN1,NF1,232.627854404659,886.088244167428,0.001,8533.85029517681,0.930279350702185,0.663318682609498,0.449564170714874,1.24730757470901,0.314481418134397,3.96623616781059,226.521752049913,965.00401358442,6,10,1,258,275,99.9473764617679,449.96059650326,443.970557838065,1554.29747904218,,3837.94485981951,474.341588119153,42089.6212709159
ASTN1,NRAS,227.602527942503,1764.62523469602,0.001,0.001,0.96744002152356,0.978362553435359,0.946507844029773,1.20268127860672e-07,0.0474213730831226,2.53615869894489e-06,226.521752051142,1745.36273097283,7,2,0,266,275,97.7940003909145,440.195638483724,293.413560463612,5448.84223207637,,16510.9844479888,,161784.328502103
ASTN1,PBRM1,228.03600594365,420.158193510649,0.001,23186.0500534041,0.996944700674908,0.864104305025195,0.0153106146039771,2.38089408535136,0.17628440740049,13.5059822956567,226.521752049511,625.128243837851,5,4,2,264,275,97.9803577598536,441.034895703405,130.436901575129,976.088506053132,,20204.2173705974,3644.39767081557,86251.0593257807
ASTN1,PEG3,162.859260103232,234.16416336939,8541.90667131611,0.001,0.579997076021053,0.984456152103195,0.0161462191218468,2.44894011058467,0.200974693286653,12.1853158252702,226.521752049511,231.468038011839,5,4,2,264,275,58.400179076218,350.043811313857,93.06842276212,474.522602063524,1316.37520307925,34512.6103472188,,12814.3376139766
ASTN1,PIK3CA,131.399416311389,1106.59453875502,5831.86994244148,0.001,1,0.998041912390698,0.00458464722132566,3.04479060552068,0.308837606105462,9.85887257680965,226.521752049903,1098.4792432435,4,8,3,260,275,40.7927094983164,305.274532273688,574.574495003697,1895.38814043951,1372.82179524231,17471.6111228817,,61341.3461448148
ASTN1,PLEC,229.063474688427,179.245189369024,0.001,3004.82080518277,0.987367329310083,0.878445291649278,0.314140698402809,1.13245059427238,0.179183204183869,6.32007112179059,226.521752049511,212.660415979636,6,5,1,263,275,98.419513999267,443.036781406354,64.2755672975499,385.269131385955,,11357.5693477248,166.996302993332,14828.5888238081
ASTN1,POLE,228.398429306632,154.699181210653,0.001,17280.7229299321,0.963982228355907,0.258276552906853,0.00529738304923069,2.28296362090517,0.1060339137365,21.5305041609466,226.521752051047,306.908387719662,5,2,2,266,275,98.1342714362633,441.747731708909,25.7230194247692,477.696819729531,,14865.8640649876,2714.28653269618,64432.029161808
ASTN1,PREX2,163.887032885459,463.808741296153,4662.40283310278,0.001,0.887881282368979,0.992808541381866,0.048827528994565,2.2345267706546,0.27315353990641,8.180478903624,226.521752051047,459.216574032763,5,7,2,261,275,58.7679437860481,352.260693406774,222.85726661378,836.160631417466,732.059102181919,17221.7881299924,,20318.9254602371
ASTN1,PTPRT,229.472035551123,115.751628585743,0.001,4688.04977680016,0.969569897164547,0.590832105725748,0.0267646645506409,2.03970737154058,0.192518942060116,10.5948399140052,226.521752050394,171.695159065076,5,4,2,264,275,98.5947090640472,443.832697113643,35.9328654268945,268.908753367711,,10117.7068856904,735.81966129651,17520.7644833463
ASTN1,RASA1,229.20929127677,287.579016920434,0.001,13408.365968382,0.969499622036204,0.516911665079834,0.0205536189708523,2.24256282572744,0.192511265878469,11.6489952704542,226.521752049651,427.203443258153,5,4,2,264,275,98.4826952636388,443.32041223414,89.2764568382552,668.105451759042,,10559.248242402,2104.42225242172,50120.4992067784
ASTN1,ROBO2,229.458792147164,218.802507605144,0.001,7024.1301628603,0.985419070623462,0.847105403183277,0.038902028055207,2.06200772535167,0.234948199790977,8.77643551721676,226.521752050101,302.892005579419,5,5,2,263,275,98.589114615845,443.802203496442,78.4590049675825,470.304725252206,,10940.1948023251,1102.72071229811,26232.3353343678
ASTN1,ROS1,229.242468241901,347.167608328032,0.001,16102.7456533687,0.970078535571559,0.521558754253109,0.0206331754423538,2.15674017734201,0.177061432187247,12.1807451272686,226.521752051047,515.737306275875,5,4,2,264,275,98.4963606410126,443.384868555182,107.775634975016,806.532597372322,,10816.2919705411,2534.40592126724,59603.4200346539
ASTN1,RYR1,44.874938353451,282.404497171487,0.001,0.001,0.965074928591718,0.972881750680914,0.938906972933565,6.37720853529158e-07,0.0469230163560042,1.35907898309601e-05,43.304351670083,281.271546449483,1,7,0,196,204,2.56040570149992,197.612321278106,121.326171547014,546.294064958006,,2526.41964018325,,34375.2717034882
ASTN1,SACS,234.513301925263,514.797336112483,0.001,18366.4487556689,0.946072469264236,0.468763325839306,0.00136774421385976,4.19974592462265,0.56070865097959,7.49006800106518,226.521752050307,648.286431570036,3,15,4,253,275,100.756972871557,453.603439102561,296.21522835045,821.103782168864,,4059.94233957221,4871.89262027535,70975.9397125674
ASTN1,SF3B1,229.524533384806,1033.14284009061,0.001,70633.6733725557,0.96727688671773,0.385291597281358,0.00120002199462416,3.38257742565047,0.243781662163521,13.875438355907,226.521752050057,1540.11706000417,4,6,3,262,275,98.6177438481422,443.928222899893,410.622968426005,2093.60795117677,,9598.38366004502,15851.9996744229,251368.05714865
ASTN1,SMAD4,238.191274345446,2824.74246328055,0.001,0.001,0.705358163856858,0.729094572785213,0.514353939468342,1.63969800651143e-06,0.660623860401143,2.48204478341998e-06,226.521752049848,2788.32035227907,7,25,0,243,275,102.336520761801,460.728120086574,1856.79774009358,4082.24473148088,,1293.10034139531,,17767.5664321332
ASTN1,SPHKAP,97.5979724945942,640.698373656819,18174.9087821615,0.001,0.949712681849182,0.996764419651347,1.58430707197931e-05,4.04457444849251,0.20981400299218,19.276951923191,226.521752050394,637.289028003709,3,3,4,265,275,24.2710853718078,253.088931258691,275.291462056489,1239.12971178773,4480.47400066704,73285.8959560454,,67581.4766854389
ASTN1,SPTA1,164.038003992055,359.344142749739,4375.00755353594,0.001,0.885602006206647,0.991790663152574,0.0544338163146065,2.14083050511352,0.274994455081474,7.78499517191809,226.521752051047,355.577286106195,5,7,2,261,275,58.8220220701061,352.586464811059,172.661024139136,647.838175432977,689.128293302738,15979.5711962017,,14744.0194725883
ASTN1,SYNE1,234.460618840098,331.206743672833,0.001,11291.1015047647,0.955887044012916,0.511457775199872,0.00148148838568434,4.35473120642662,0.6281868766978,6.93222250887858,226.521752049661,399.015338934036,3,19,4,249,275,100.735441107966,453.499276945349,203.688649659162,503.32762134663,,4205.7877057918,2998.02603537555,43550.2508436884
ASTN1,SYNE2,43.9021847948901,756.783065720776,0.001,0.001,0.98641261172301,0.988245929662556,0.974818679645202,2.8630494666726e-07,0.023229099799239,1.23252708517202e-05,43.3043516700744,754.53131419982,1,4,0,199,204,2.50496113359894,193.312357352287,234.937902993078,1758.14193941619,,7181.04860299086,,216138.925103425
ASTN1,TENM1,97.8241142826791,330.383440709451,13499.0860387197,0.001,0.930413924264964,0.989672161958232,4.26552833990521e-05,4.18406353030276,0.261481723726115,16.001361283228,226.521752051047,328.839835107283,3,4,4,264,275,24.3272249492737,253.67732340966,150.974409215538,615.025361195367,3440.25779187491,48420.4252712974,,26250.2864908841
ASTN1,TP53,183.428151761105,1503.42352572813,545.41607370565,0.001,0.946928025941871,0.964782242192737,0.905879008022603,2.11356065282014,1.69302550304031,1.24839268459019,226.521752049801,1485.32595524064,5,60,2,208,275,65.7646122420288,394.376769055818,1158.73619587235,1910.96962383818,90.2251343595971,1706.65773973798,,8283.74032460907
ASTN1,TTN,43.9862196047184,654.530520632143,0.001,0.001,0.984530787705906,0.984290620686263,0.969065202667154,3.99838290510759e-07,0.0320669484147804,1.24688600031073e-05,43.304351670083,652.433493251083,1,5,0,198,204,2.50976320922281,193.683704950093,234.700613942092,1406.90916384182,,6100.56603768272,,139269.099158547
ASTN1,XIRP2,230.213293884486,287.34822328504,0.001,14303.7623326626,0.972322450618005,0.645481969905487,0.00288244190664817,2.97531248542735,0.254828980900286,11.6757225764348,226.521752050787,427.402901609009,4,6,3,262,275,98.9115297296969,445.274851982604,114.206083456709,582.309765045283,,9477.67322600916,3239.23411061402,49752.2911047063
ASTN1,ZFHX3,44.1662605808202,266.15599085632,0.001,0.001,0.980528994631562,0.985421431704831,0.966235169768565,3.41380839313701e-07,0.0251026659086203,1.35993858403888e-05,43.3043516700844,265.168960252107,1,4,0,199,204,2.52000387870056,194.482150563373,82.624635104806,618.350116800486,,4895.33491438639,,61081.828289688
ASTN1,ZNF521,162.988421836924,326.561564699525,7714.34013501538,0.001,0.860958718550874,0.995389365756361,0.0195913242559154,2.19919615062439,0.18902153568417,11.6346327558091,226.52175205052,323.21739046141,5,4,2,264,275,58.4464304558495,350.322104564473,129.792124431439,661.757785877105,1195.96206009511,30442.1407130843,,21663.2246707122
ASTN1,ZNF536,44.2589633778187,314.5296190409,0.001,0.001,0.978492655546577,0.965410850849424,0.944649266139856,6.92728024889559e-07,0.0517270129855435,1.33919974285614e-05,43.3043516700854,313.132526082936,1,8,0,195,204,2.525317987167,194.883414602833,143.725476673559,585.540124126597,,4089.03770348466,,29770.8385830698
ATM,BAP1,586.293023156503,57.8285035378992,0.001,4207.67299156702,0.995783480278469,0.90071969293819,0.106878707825992,1.22180570516028,0.0730704303405615,16.7209321125629,585.099185757352,114.140560941284,8,1,1,265,275,281.71526296509,1056.94485811072,3.29961161337345,254.624541231864,,209167.652997591,235.169402630675,20188.6641757762
ATM,BRAF,574.588164026183,239.331890848288,6385.60782671038,12028.802295657,1,1,0.109447251092365,1.17282264991315,0.0710672994328735,16.5029860325696,585.09918575728,401.384622452386,8,1,1,265,275,271.034246140207,1044.64737705054,13.8833051655484,1016.3431272387,,308222.273713492,,66639.8995536109
ATM,BRCA2,456.592432002774,534.670977094916,31950.7962995046,0.001,0.895406577682038,0.994730461743311,0.0100213305697223,2.16384366031928,0.140169737268654,15.437309810833,585.099185756311,528.276405527182,7,2,2,264,275,196.187207691652,883.060772367032,165.986287260907,1242.11410390918,4597.85888590574,192487.846333388,,42704.6143008938
ATM,CDH8,455.460424590561,153.920685248114,23846.2096001805,0.001,0.744103288882816,0.991506520729968,0.0156619961413882,2.26732947984594,0.172049859768948,13.1783279735934,585.099185756413,152.130479668095,7,3,2,263,275,196.451108565426,884.269371983523,55.2065734821622,330.906471820549,3607.51285443451,105464.149419709,,9490.72699290786
ATM,CSMD3,601.532298703922,563.047471751707,0.001,5480.32603328055,0.993036368661637,0.97639739919314,0.241317153714319,2.0035971756442,0.531529648306228,3.76949278752156,585.099185757883,634.868425781153,7,14,2,252,275,289.025380607601,1084.49932990392,317.173628083618,911.679764231133,,9974.53554256137,875.644400305371,19117.6907871892
ATM,CTNNA2,524.815159180566,210.513561940433,6900.72976274641,0.001,0.855740783597752,0.985022589789741,0.374090397195313,1.25836127263597,0.241463297459371,5.21139769843367,585.099185754736,207.555196952226,8,6,1,260,275,239.825593044501,976.954843429108,90.4509869816764,407.148145867952,383.53783045427,34043.3682750659,,6985.23024162356
ATM,CUBN,590.438584023409,175.827313704202,0.001,6620.24626248854,0.981156117511936,0.721552628653861,0.0299212668521043,2.20224594867958,0.212778015365907,10.3499694030535,585.099185756413,260.554760556311,7,4,2,262,275,283.703111808617,1064.44183855999,54.584067280746,408.481595588867,,29409.7081293554,1056.92097912367,23151.7037106903
ATM,DMXL1,457.962003736108,1297.96243087023,18258.2376706852,0.001,0.750161636988085,0.986671248570583,0.0246188469035641,2.33721098481361,0.212915255692352,10.9771889159071,585.099185751396,1281.33893197156,7,4,2,262,275,196.776420321038,885.719971193412,515.870290779133,2630.22603176839,2828.45615955565,72400.2376623894,,63646.8573542188
ATM,DMXL2,592.055127617357,720.415060884807,0.001,19627.9929931554,0.979035518759277,0.731075200237287,0.0478794205977569,2.44487529483169,0.297106502311025,8.22895249957299,585.099185756413,949.768292668067,7,6,2,260,275,284.480376794903,1067.36363491955,286.327627672096,1459.8921642969,,21524.1390077388,3135.83177638869,68502.0953554379
ATM,DNAH5,332.059669051258,285.325846014369,0.001,6923.57450391516,0.995674216482944,0.968179502515905,0.23330163484901,1.16423741117835,0.150296431025079,7.74627450058399,327.756680980468,330.771237802623,3,6,1,194,204,103.084274114847,771.422741061638,113.399189302519,578.221271101754,,21739.4084605892,371.198337183791,42032.5361673752
ATM,EPHA2,589.438763891769,481.391912070958,0.001,0.001,0.936176824876285,0.920648271927252,0.861894938665015,3.37928869859928e-07,0.173094023395909,1.95228502538763e-06,585.099185760201,473.466607750628,9,5,0,261,275,283.225023314395,1062.62555159093,172.62340474592,1034.69145579305,,18356.5227276405,,11492.5156161245
ATM,ERBB2,595.645134880079,1267.54775709021,0.001,0.001,0.852506390675249,0.873659368938955,0.744819572118622,4.19548171792013e-07,0.324439183685974,1.29314889473429e-06,585.09918575485,1248.487173327,9,9,0,257,275,286.200731549002,1073.85213422121,609.045285908434,2285.16643221522,,7386.48616061826,,18523.0470441858
ATM,ERBB3,334.237547171362,2025.14019711226,0.001,0.001,0.924978558183972,0.948582991266685,0.877425522136227,2.36615447891247e-07,0.130630067006135,1.81133986465868e-06,327.756680979456,2007.17964568271,4,6,0,194,204,103.75996180232,776.520149755812,804.867516879511,4103.96083700969,,8638.60984405849,,80206.2368958949
ATM,ERBB4,457.862073645052,265.768114119548,18860.5983774641,0.001,0.714337453536828,0.987542155790135,0.0234806125392648,2.35185937520412,0.20827567852402,11.2920499977288,585.099185756413,262.390441260707,7,4,2,262,275,196.731556945946,885.518304551278,105.629641464909,538.563501954642,2902.70913132314,76239.5141765153,,13168.0285474773
ATM,FAT2,591.460791539088,352.937894818536,0.001,9031.40936743619,0.994598906127361,0.963108814353404,0.0545182963446444,2.25289334944863,0.285646193734333,7.88700636964883,585.099185752754,464.991016433824,7,6,2,260,275,284.195815629436,1066.28923566921,140.272962361681,715.230908670157,,25471.1134987767,1442.39108258992,31548.9086971031
ATM,FBN2,457.992941402381,216.725766946574,18099.5755033131,0.001,0.852655485895533,0.993335934632726,0.0255391443296977,2.33495253970233,0.214906387870084,10.8649750379401,585.099185761886,214.318124041381,7,4,2,262,275,196.787455371946,885.771673460438,86.1365376753293,439.193125604706,2785.41540473632,73455.4737374312,,11792.7655224234
ATM,FBXW7,589.348366889842,489.849061446561,0.001,27249.543622426,0.976350350485382,0.549787610301636,0.0160285338589122,2.47764118482236,0.186650628907137,13.2742182511211,585.099185760944,807.452602792201,7,3,2,263,275,283.18027909356,1062.46930248024,121.818100082385,1270.26744974962,,34367.6673506639,4350.34821447575,95319.7771767925
ATM,FGFR2,,,,,,,,,,,,,9,0,0,266,275,,,,,,,,
ATM,GLI3,591.370829330242,128.941721122096,0.001,1784.67505552391,0.982749193255807,0.853876774817853,0.366192290506703,1.13940625659079,0.212910675544084,5.35156940195268,585.09918576035,152.606366239251,8,5,1,261,275,284.150962214834,1066.12395068983,46.2371539726264,277.147421775101,,21154.0580942374,99.7951560487723,8543.74764137632
ATM,GNAS,601.236442817655,1464.13315591105,0.001,8243.22047934772,0.947171680098283,0.826951904163155,0.662257779003033,1.18391131865285,0.482356455478337,2.45443241239262,585.099185757721,1563.50034086639,8,12,1,254,275,288.880561537063,1083.96506051017,783.930315798811,2456.04956023963,,7890.7238329934,460.999009611612,39448.3991065721
ATM,HMCN1,557.416599655335,293.778802004558,2145.2852447378,3074.65031330603,1,1,0.123777043370482,2.31433733852583,0.429705493180789,5.3858686362013,585.099185758385,329.446772608449,7,10,2,256,275,252.615294863744,1033.14199116005,147.854633886679,512.582789476322,,18368.6828385127,,13305.6536062102
ATM,HYDIN,337.908770097734,622.628832913688,0.001,0.001,0.885566793487575,0.921936856745961,0.816453086154541,5.35134847487527e-07,0.221603359772746,2.41483183303858e-06,327.756680981251,617.469551566641,4,10,0,190,204,104.898239375407,785.072387251748,311.933822530509,1092.3154136304,,5434.26510316958,,16161.4553969972
ATM,IDH2,586.303197731115,734.653694547843,0.001,0.001,0.981804455033852,0.983470275045142,0.965575880777133,4.82971998024169e-08,0.0307101537093596,1.57267854337366e-06,585.099185761367,722.496365546888,9,1,0,265,275,281.720027033516,1056.96373592634,41.9183131355567,3234.7636284678,,107562.370043527,,87148.8407322926
ATM,KMT2C,593.987001722028,432.969401406466,0.001,15675.2062611275,0.976741674975332,0.61112676735858,0.00585433276126404,3.37702172130158,0.360926160695931,9.35654460399896,585.099185755741,612.180797458826,6,7,3,259,275,285.407442159199,1070.85678655384,186.030842850641,837.398493230673,,18665.0898866613,3661.85805496287,48306.8988793906
ATM,KRAS,627.221232878,12569.4017686568,0.001,84548.5829530644,0.963874160156975,0.822711038155681,0.254697237762094,2.88536042200342,1.11020149681225,2.59895201933004,585.099185756741,13582.1850228529,6,32,3,234,275,301.339822508693,1130.96949846633,8699.29500451634,17448.4906948131,,4472.87655440906,19751.9222835797,260051.981212754
ATM,LAMA1,594.414570896472,191.233849740246,0.001,5742.11985353058,0.990574368285819,0.922403812533973,0.00952257564117736,3.06355470402605,0.38196137937092,8.02058760252579,585.099185757419,260.121911257417,6,8,3,258,275,285.61097796049,1071.62485741154,87.3864084848608,355.998905999185,,19210.5230721238,1336.29021000935,17883.1319028214
ATM,LAMA2,592.141640559182,307.012093975137,0.001,15486.9442075239,0.971044964480745,0.550238800101857,0.00278709167916976,3.20462885348147,0.2807692050321,11.4137476476991,585.09918575807,486.172800926477,6,5,3,261,275,284.520302625726,1067.52401018845,110.090364247124,659.899260358313,,22818.0488226454,3609.37898647817,48043.6736348681
ATM,LRP1B,333.075222321915,286.409775050336,9977.78139623426,0.001,0.57791756397047,0.965798089802163,0.00301437569720707,4.22955218609082,0.586166906498439,7.2156106719786,585.099185757323,283.626997192316,5,14,4,252,275,119.43738673948,715.918223186616,173.610708566647,439.928634421243,2991.64369162356,25026.0903409114,,6515.11314358467
ATM,LRP2,591.781881938023,233.696323478768,0.001,9637.40637470596,0.991481894349386,0.940579425719744,0.00449257701687962,3.25332141215278,0.322011714839521,10.1031150800651,585.099185758475,346.846149664216,6,6,3,260,275,284.34884092605,1066.86307390918,92.8813534363731,473.58461139871,,25999.7849492719,2249.89919905292,29776.4078821312
ATM,LRRIQ1,457.252248471632,628.197404684859,23433.5259757822,0.001,0.805544047805843,0.992991493421605,0.0162018520604267,2.22717214523018,0.17145987771305,12.9894653777691,585.099185760944,620.511997493088,7,3,2,263,275,196.469900022477,884.336185650833,225.268254432708,1350.21393551087,3548.76599531302,104513.538472201,,39788.2031861846
ATM,MACF1,333.65294326509,612.847138986905,0.001,0.001,0.931454086405394,0.959729817638578,0.893949830243644,2.82955055119728e-07,0.117725705290455,2.40351123335058e-06,327.756680980816,607.762164332315,4,5,0,195,204,103.57831828718,775.158284055198,219.75591565348,1317.30250721591,,9583.79941534638,,31593.9547480169
ATM,MED12,460.631769169711,754.085819361053,10041.2239735284,0.001,0.955766835693777,0.994733339260169,0.0699207271910663,2.27388652478448,0.322301631993791,7.05515051449781,585.099185756311,745.308293663682,7,7,2,259,275,197.918266444731,890.880297332133,362.326448167041,1359.51241462507,1606.47547112264,35545.5948321859,,27318.7591390183
ATM,NF1,598.169308529843,888.908761321645,0.001,6529.55882731934,0.948632785846858,0.783086585304512,0.558561606054551,1.24944131356465,0.399013774272691,3.13132376405324,585.09918575481,965.00401358045,8,10,1,256,275,287.410797326179,1078.41380666776,445.380657867571,1559.25418694975,,9542.8859413592,365.136780528561,31256.0633699993
ATM,NRAS,587.294973654211,1777.10010101611,0.001,0.001,0.967087842283639,0.96633798103447,0.934534051192335,7.66251491339065e-08,0.0656797178909793,1.16664857271609e-06,585.099185761367,1745.36273097283,9,2,0,264,275,282.196830732885,1058.75899198753,295.233895883255,5482.76406583902,,41537.3789389705,,103114.409255518
ATM,PBRM1,589.985317633474,421.540117368017,0.001,17012.2886579456,0.982262356313636,0.712554678789383,0.0263304943665224,2.40888126240564,0.223450166772608,10.7803959030248,585.099185752754,625.128243830675,7,4,2,262,275,283.486246031184,1063.61949849355,130.864974184628,979.299627845728,,31028.5978947147,2715.90799682293,59521.6093513875
ATM,PEG3,589.140988058169,116.966905503185,0.001,9463.87698513648,0.987712692055527,0.835601120560171,0.00109500776353444,2.95385092289528,0.204736839452121,14.4275496818249,585.099185756505,231.468038012271,6,3,3,263,275,283.083517377672,1062.10429671299,29.0880180795959,303.315772083677,,45913.8326997954,2196.02356938934,29733.6920219964
ATM,PIK3CA,596.485701581515,909.417409653646,0.001,15855.4956985981,0.961263522580921,0.668447086956538,0.0953024934431488,2.36710840850468,0.398369198704232,5.94199656048744,585.099185755821,1098.47924323855,7,9,2,257,275,286.603681953532,1075.37272218288,436.961422899051,1639.5486355639,,12899.1021294819,2535.08016966452,55193.5521670576
ATM,PLEC,591.460462814263,179.773929287145,0.001,2408.23188333776,0.982757069429677,0.864921507764013,0.376117213736051,1.12855651391666,0.21623093044253,5.21921869182634,585.09918575728,212.660415979227,8,5,1,261,275,284.210337979301,1066.35268555174,64.4650869574336,386.407707682189,,21050.6054682761,134.778864487599,11517.8501443363
ATM,POLE,589.326177038255,155.222078221939,0.001,12518.6557160873,0.963891565354908,0.368367098911923,0.00958763522276404,2.40413291356596,0.145481807884519,16.5253164538229,585.099185756897,306.908387719662,7,2,2,264,275,283.166230608047,1062.43523516994,25.8104246634377,479.322877772966,,35354.3334820754,1998.77956948462,43795.6026979198
ATM,PREX2,460.791583785956,465.003636665852,9808.07812821749,0.001,0.955490035792626,0.995030498595698,0.0735328591277199,2.15776046267754,0.309006210051348,6.98290323135894,585.099185753977,459.21657403027,7,7,2,259,275,197.989850436938,891.205025250056,223.431520083174,838.319467637915,1561.98202196368,34591.1263493715,,16374.253952721
ATM,PTPRT,575.394829876867,122.182539549526,1842.23290407026,3711.95127331372,1,1,0.0339979619926271,2.04832141937485,0.206328928026934,9.92745631435385,585.099185756311,171.695159064963,7,4,2,262,275,269.772632694424,1048.37817694645,38.0101514443764,282.871897414088,,42447.5565510659,278.281177674869,13932.8760430966
ATM,RASA1,589.489280668986,288.153713954093,0.001,11410.2895710722,0.991862596530487,0.867908398714286,0.0275892388333482,2.27560808211794,0.214421015084349,10.6128034195844,585.099185753071,427.203443258038,7,4,2,262,275,283.265331786767,1062.78208682173,89.4400302950467,669.329996352816,,35978.7110990553,1819.90041478792,40080.2679528317
ATM,ROBO2,591.511293651374,219.053037831222,0.001,6417.21875878115,0.984324726258044,0.795921578138555,0.0446517022742012,2.02200472694095,0.237046475228667,8.5299927998947,585.099185758385,302.892005579107,7,5,2,261,275,284.217960205002,1066.3794633733,78.5491352375426,470.843363371042,,24692.3938815385,1021.30725121803,22679.4358420631
ATM,ROS1,458.303623017279,522.241744737119,16533.654941361,0.001,0.862736695255068,0.990916722691034,0.0303857449566389,2.11966459648594,0.204177241401996,10.3814929711614,585.099185756311,515.737306274832,7,4,2,262,275,196.920723159933,886.376598443104,207.562922050867,1058.31483806309,2537.70148779397,67517.9495182454,,25511.569578646
ATM,RYR1,335.012820478795,284.00210349926,0.001,0.001,0.916484757344427,0.935795975518,0.857654826087584,5.05651568451573e-07,0.148775521167035,3.39875514792426e-06,327.756680979999,281.271546449444,4,7,0,193,204,104.000308030837,778.323024170075,122.011577695247,549.391712591814,,7657.23572638219,,9012.76062192282
ATM,SACS,604.114269290578,587.452986996011,0.001,5041.89770646934,0.98407032465247,0.925678804771258,0.283833086883873,2.21651889030557,0.66973181348081,3.30956189580664,585.099185763631,648.286431568792,7,17,2,249,275,290.264964154983,1089.15552837557,350.54123047881,912.74924684136,,8436.37218126586,805.885290189789,17568.3813375038
ATM,SF3B1,592.77005620124,1211.01280501959,0.001,29448.5179805383,0.977237701700201,0.734019900689404,0.0568094951751522,2.56415114698813,0.343311442563771,7.46887761106838,585.099185756932,1540.11705998977,7,7,2,259,275,284.822412238474,1068.64912223862,520.333851507797,2342.1602387411,,19240.418704436,4698.34243577417,103236.983656874
ATM,SMAD4,614.063571396533,2598.38677946015,0.001,16279.5602990982,0.943089218631427,0.781350850940937,0.411154561801793,2.24071507868575,0.877514702014055,2.55347867510699,585.099185758095,2788.32035223032,7,23,2,243,275,295.027437022385,1107.12597563795,1675.64695768473,3810.59379818582,,5405.0413127848,2604.29305299789,56543.805616588
ATM,SPHKAP,458.994432128662,645.706613674828,13881.1682846616,0.001,0.786076214011355,0.987176897576681,0.0403157310771724,2.16323220717624,0.235304199410581,9.19334296878244,585.099185755178,637.289028011463,7,5,2,261,275,197.217122188997,887.714109163684,277.439165779863,1248.84334449833,2168.54372916043,52666.5577648042,,26185.9640975612
ATM,SPTA1,327.816213116807,358.749777158945,26037.7714087443,0.001,0.606436164721898,0.989340864063053,0.000112156636352145,4.27805184029447,0.30567748788549,13.9953120849288,585.099185759913,355.577286106857,5,5,4,261,275,117.552752771519,704.590890316997,172.376388388615,646.757412869807,7337.86638671384,78892.3793554475,,18541.2365338993
ATM,SYNE1,606.296454366036,332.524500895633,0.001,6814.793980592,0.949313834734746,0.694655100111914,0.00704420017249515,4.44712061995416,0.849057108285379,5.23771672901351,585.099185755361,399.015338933338,5,19,4,247,275,291.313020051359,1093.10752509625,204.496925982584,505.3390838968,,8407.68201836367,1916.99933744315,20729.5483248293
ATM,SYNE2,331.04070008201,761.457184077555,0.001,0.001,0.961101803817735,0.964295016874139,0.926788213064584,1.9713316457004e-07,0.0884927839894672,2.22767502255895e-06,327.756680978996,754.531314196282,4,4,0,196,204,102.768778023174,769.060806029606,236.390215188535,1769.04048282529,,17610.2483729124,,43794.6186620877
ATM,TENM1,459.362072771843,332.649573188142,12782.0528647886,0.001,0.787550071545605,0.988888104590427,0.0461306332814452,2.34460656319785,0.272334259357942,8.6092971509553,585.099185755695,328.839835108705,7,6,2,260,275,197.376299935607,888.431333729379,152.007063314797,619.262131906054,2014.11439650414,46777.0503535734,,13073.6679749087
ATM,TP53,666.097749508143,1432.67823256466,0.001,4902.07167698253,0.91748406661946,0.847767521439575,0.67987215711853,3.08303386909926,2.06898935337311,1.49011586940887,585.099185759073,1485.32595521291,6,59,3,207,275,319.978990453275,1201.28734961947,1096.73873513265,1831.52348556806,,2425.74537356772,1150.18192222398,14927.3323862908
ATM,TTN,333.346110960969,657.929324938461,0.001,0.001,0.934878115448667,0.959491180552839,0.897013016364925,2.66771316859951e-07,0.113850394256364,2.34317429116008e-06,327.756680979941,652.433493247519,4,5,0,195,204,103.483192017401,774.446512981075,235.919254227903,1414.23389899817,,10193.1402769662,,33456.1996657839
ATM,XIRP2,594.023961510851,336.974930864226,0.001,6523.74306389168,0.986278227323471,0.894368649740617,0.0862956694941502,1.95366512262334,0.296359410510828,6.59221557788853,585.09918575767,427.402901606808,7,7,2,259,275,285.438442244084,1070.98292188522,144.783175302002,651.730773033262,,17911.1765957107,1037.4939797339,22661.9884343479
ATM,ZFHX3,331.813026010615,267.454274661897,0.001,0.001,0.952103531101223,0.966584453182802,0.920291904814984,3.03933862619722e-07,0.0874087976237025,3.47715414103013e-06,327.756680980393,265.168960252107,4,4,0,196,204,103.010755707622,770.885022847134,83.0275675813123,621.370865405976,,14179.3696729845,,16524.0765099264
ATM,ZNF521,457.759360437645,327.146784856506,19509.2019210818,0.001,0.720068977119898,0.989390723097773,0.021664121686201,2.41714181283403,0.21001733327695,11.5092491420532,585.099185760809,323.21739046141,7,4,2,262,275,196.686927881248,885.314314261709,130.024782245483,662.944055214037,3027.82832118425,76802.6827563161,,17175.6510269855
ATM,ZNF536,335.223217751963,315.874234923178,0.001,0.001,0.91419568200071,0.933442886648285,0.85335779626784,5.24230490867288e-07,0.163165587112563,3.21287411239257e-06,327.756680979794,313.132526082908,4,8,0,192,204,104.06543236945,778.808694692081,144.339564411722,588.044296747584,,7415.73904124623,,9674.05868525391
BAP1,BRAF,62.5331696987797,383.259126806566,22307.6933178905,10588.4030712075,1,0.999319362557575,0.0220088354582902,1.0107164979296,0.015642227732291,64.6146134187225,114.140560941327,401.384622451113,1,1,1,272,275,3.58371149102951,272.031990870028,50.3906860351314,1222.36701816125,,415825.191862874,,882944.022551917
BAP1,BRCA2,0.001,528.29321164516,28958.7685771272,8342.93516317286,0.772057609595862,0.999998551214867,8.51133829434353e-05,2.1796741335189,0.0307486269219136,70.8868769670334,114.140560941327,528.276405533599,0,2,2,271,275,,121.17497837481,164.020357911035,1227.36885856184,4200.22635904241,167295.733718594,,
BAP1,CDH8,57.4317474761103,152.829673969473,8481.29681355915,0.001,0.444569523041759,0.98423669185502,0.0542487139987573,1.14047127961292,0.0366621169275665,31.1076221230257,114.140560941359,152.130479668252,1,4,1,269,275,3.27698913842651,252.876351157329,54.8033017969483,328.488943128721,465.289504918474,44988.171860142,,34762.6219178047
BAP1,CSMD3,58.7566321803798,636.659375862053,1958.80547249006,0.001,0.812615294420947,0.987403125449353,0.217037347183114,0.968317197860602,0.116296278483393,8.3262956518327,114.140560941498,634.868425788008,1,15,1,258,275,3.35252640739116,258.715799263424,373.408117272534,1001.60580383768,110.465148939649,9029.06419520105,,90401.7550772739
BAP1,CTNNA2,57.5677527859948,208.434076060255,6284.65668316396,0.001,0.452419829256999,0.981044471274065,0.0715451835315477,1.24729124289751,0.0516867893065575,24.1317222375673,114.140560941362,207.555196952226,1,6,1,267,275,3.28474955142215,253.475665905242,89.558221599279,403.122251025169,349.331345621053,30984.6107303402,,37786.6085339017
BAP1,CUBN,57.6187760384537,261.493370918853,5730.89530299133,0.001,0.644300648064394,0.988207377556768,0.0796667777848459,1.02271060643033,0.0462930947002981,22.0920768648407,114.140560941858,260.554760556798,1,5,1,268,275,3.28763149249764,253.699576267012,103.929726823592,529.910716247431,315.835668961822,29549.9544442546,,70815.4089291598
BAP1,DMXL1,57.5118362731433,1284.14815983292,7026.11292737655,0.001,0.79088851569367,0.995828300847703,0.0655572189283191,1.23479836195258,0.0472284681059913,26.1452130774475,114.140560941327,1281.33893192533,1,5,1,268,275,3.28154758208238,253.228490115608,510.390900077827,2602.20906442163,388.401614666088,35663.1867279531,,607053.732169701
BAP1,DMXL2,57.8090172538526,952.609118352125,4312.93513063583,0.001,0.75554001893886,0.98962354823703,0.104144337123152,1.10794750459533,0.064753245407696,17.1103007674678,114.140560941452,949.768292672873,1,7,1,266,275,3.29851542391946,254.540555724178,435.297054369581,1773.23191987269,240.110693699817,21092.643458029,,257606.170979574
BAP1,DNAH5,0.001,331.186205653334,5554.1615650192,1187.17314979188,0.337874064496304,0.999994033616509,0.0266360603029263,1.21119637374017,0.0361661946868808,33.489737701919,72.9179364039628,330.771237803515,0,6,1,197,204,,148.786096454006,142.299951733785,640.539438276801,308.51831247271,27452.9410629245,,
BAP1,EPHA2,114.982378423419,475.596158478757,0.001,0.001,0.985443929584066,0.977900140129276,0.963666136155612,2.09556608345499e-07,0.038167529185228,5.49044208045313e-06,114.140560941359,473.46660774863,2,5,0,268,275,19.1191311025201,355.051036166733,170.546761551495,1022.21285259725,,16092.8942728702,,50615.1597894642
BAP1,ERBB2,116.233942806149,1253.59670756492,0.001,0.001,0.96437408823929,0.964242871325824,0.929892412192039,3.46717618681085e-07,0.071531443064841,4.84706590312734e-06,114.140560941468,1248.48717333449,2,9,0,264,275,19.3270625648093,358.923274653989,602.349394937367,2259.96453984808,,6357.24461824372,,81688.2615832516
BAP1,ERBB3,74.3297703813589,2012.6828475528,0.001,0.001,0.981023168828433,0.983888055500756,0.965217563657281,2.33063636513251e-07,0.0324621203969291,7.17955677766811e-06,72.9179369232326,2007.17964560697,1,6,0,197,204,4.24115350334474,327.291682867016,799.927090619025,4078.68299786596,,7841.10374055739,,417706.204783207
BAP1,ERBB4,57.5101581835212,263.237736905412,7046.29409622553,0.001,0.595328578299791,0.990511291442368,0.0652714558959593,1.18477075744486,0.0447342104337904,26.4846690252508,114.14056094196,262.390441260458,1,5,1,268,275,3.28148345606044,253.223852505269,104.624931244873,533.429765488334,387.842005223239,36505.4383513302,,79945.5043500667
BAP1,FAT2,57.7150442922496,466.385925949721,4906.87438650371,0.001,0.624018802112082,0.987006989587443,0.0914395832022235,1.20204767321611,0.0623947044330651,19.265219446718,114.140560941858,464.991016432411,1,7,1,266,275,3.29318964514776,254.128184521087,213.12280987146,868.21126318765,273.508684439232,23854.6618688111,,107658.220846875
BAP1,FBN2,57.5194615339108,215.117407084584,6916.74057503402,0.001,0.512052482810824,0.985375125695071,0.065929748332956,1.20118357534575,0.0462331993766712,25.980974527838,114.14056094196,214.31812404139,1,5,1,268,275,3.28199645246764,253.263310134169,85.4978447392909,435.933866516765,381.854634508466,35342.6599290682,,50386.8295436282
BAP1,FBXW7,0.001,807.587787381557,16149.8733819974,4576.48768013166,0.834296576420455,0.999999352200085,0.000252286939600136,1.98908390687849,0.0407816021970103,48.7740500549609,114.140560941858,807.452602798,0,3,2,270,275,,116.231805425674,289.591579978256,1735.71755469454,2423.30014713253,74385.4863983196,,
BAP1,FGFR2,,,,,,,,,,,,,2,0,0,273,275,,,,,,,,
BAP1,GLI3,57.6667600015275,153.10351685681,5290.52107890255,0.001,0.747926956801938,0.991548939463951,0.0862697316872847,0.95119733961898,0.0461392402858289,20.615799777508,114.140560942121,152.606366239344,1,5,1,268,275,3.29037240112567,253.911562618607,60.8509043303733,310.258911252545,292.083874547767,27048.8258413061,,48299.5336676733
BAP1,GNAS,117.29562186435,1571.18761704237,0.001,0.001,0.947072768662019,0.939101428465755,0.889402304463419,5.10236881860488e-07,0.106486372274941,4.7915697657827e-06,114.140560941446,1563.50034086458,2,13,0,260,275,19.5031485582315,362.200406172062,864.229076483163,2587.03813758617,,4195.24134713898,,59784.9235215138
BAP1,HMCN1,58.1118533103401,330.571832665965,3108.52927058556,0.001,0.591382253329728,0.976029902121354,0.139293221645941,1.20095602945382,0.0939417617775771,12.7840484011496,114.140560941858,329.446772606903,1,11,1,262,275,3.31576796379244,255.873009125908,177.003963281412,554.491125885091,174.671532401378,14554.7401251078,,44691.1965886695
BAP1,HYDIN,75.1082691656198,621.005308503098,0.001,0.001,0.970907743016286,0.945394114466626,0.91789375047156,4.21738265275425e-07,0.053810293413035,7.83750168463611e-06,72.9179370558499,617.469551565402,1,10,0,193,204,4.28549317522358,330.720227037921,311.116980497962,1089.4815381846,,4984.41942507798,,36433.0954161751
BAP1,IDH2,114.407985983528,724.739220087824,0.001,0.001,0.995335123160202,0.996908179543009,0.992257744682158,3.57643647478018e-08,0.00701559336976284,5.09783889441854e-06,114.140560941327,722.496365546888,2,1,0,272,275,19.023661959322,353.276278259127,41.3528355355787,3191.0651842619,,83034.9202379524,,558119.472019354
BAP1,KMT2C,58.0784768909507,613.425953029628,3204.30117590083,0.001,0.973030449787279,0.996397573216522,0.138891769274424,1.03606431804641,0.0790938984287616,13.0991686922547,114.140560941393,612.180797459664,1,9,1,264,275,3.31386204036716,255.727170723422,307.359679618511,1075.98154656893,179.297810117194,15289.9220407737,,188009.430120375
BAP1,KRAS,61.3581415517981,13627.8372228864,812.123915644412,0.001,0.805447073143802,0.961157252961022,0.457880012967083,0.908957054663382,0.252682728639938,3.59722668642939,114.140560941429,13582.1850218298,1,34,1,239,275,3.5009201904607,270.190429350251,9594.02491480722,18662.0907400715,46.104150572603,3644.35027289354,,734988.574612256
BAP1,LAMA1,58.2052972304766,261.190724721863,2863.13317595739,0.001,0.6209754858391,0.976247523169975,0.151059672504542,0.979401104037799,0.0823597018284825,11.8917514548249,114.140560941364,260.121911256739,1,10,1,263,275,3.32108331132425,256.285457886377,135.617435705558,447.369604062132,160.512480055276,13542.2673052417,,34579.8971638838
BAP1,LAMA2,57.8824729127127,487.914354022401,3940.47394123046,0.001,0.680025552927668,0.985329416351992,0.113064722902887,0.970097379502108,0.0610811697871771,15.8821021745684,114.140560941497,486.172800926457,1,7,1,266,275,3.30270895450124,254.865105358852,222.957641397599,908.299757291782,219.452615700337,19238.3453875736,,101374.43052087
BAP1,LRP1B,58.7739788954539,284.734809153831,1941.98574173528,0.001,0.560934438134027,0.961134248854874,0.212045870597554,1.05016629889534,0.12638126569824,8.30950927016996,114.140560942053,283.626997192812,1,17,1,256,275,3.35347916585305,258.787149849094,172.59717483617,437.353925667577,109.75041259412,8869.63841177854,,21837.9266855732
BAP1,LRP2,57.8724983963162,347.9234064419,3989.66308848387,0.001,0.668812301908885,0.986135861318019,0.111344277705198,1.12268943077425,0.0700386360941553,16.0295730097454,114.140560941364,346.84614966433,1,8,1,265,275,3.30211319138293,254.818066387064,167.174299520013,627.24372241508,223.020053527686,19131.7153761893,,72719.1326736953
BAP1,LRRIQ1,57.449437597344,623.028391446197,8123.17279548628,0.001,0.541666008043027,0.988433137955342,0.0569357321928134,1.11033801433611,0.0372498540738026,29.8078487001913,114.140560941858,620.511997490589,1,4,1,269,275,3.27795278821483,252.950972799029,223.415117097725,1339.09570142898,445.082474881866,43382.8639848516,,181746.431887507
BAP1,MACF1,74.1830605517169,609.972521888148,0.001,0.001,0.982975752873056,0.982197075199866,0.965476567697791,2.28820710754252e-07,0.0294039958585065,7.78195969878884e-06,72.9179369894619,607.762164336205,1,5,0,198,204,4.23273505629733,326.640910832643,218.725188230215,1311.10982365198,,8834.46516002029,,114311.175779863
BAP1,MED12,57.8907893662998,748.090076601536,3912.9263929304,0.001,0.595377809382553,0.980317873494134,0.112795980242024,1.11388760726874,0.0707382686194891,15.7466054655719,114.140560942063,745.308293668601,1,8,1,265,275,3.30306482221978,254.891721228369,359.448399311402,1348.69871015815,218.720250805016,18770.1081504252,,127112.16397557
BAP1,NF1,78.2896942764,936.545468677435,1830.17006188498,15230.5232000958,0.931312681740739,0.963302648654828,0.153570020384072,1.03423822777638,0.0879331989231276,11.7616354282815,114.140560941396,965.004013572362,1,10,1,263,275,4.79789800760129,311.776106758678,475.626278584807,1623.42350464626,,11914.1195946843,,378646.455059043
BAP1,NRAS,114.528770042955,1750.35208097353,0.001,0.001,0.993254461093293,0.99433915366893,0.987631837221297,7.03166394882475e-08,0.0149799487872314,4.69405072654081e-06,114.140560941327,1745.36273117031,2,2,0,271,275,19.0436059503639,353.646779524062,291.043582281538,5404.76064748651,,40122.0212913883,,731725.151886572
BAP1,PBRM1,57.6272164305226,626.812875382134,5641.544354633,0.001,0.860592270931504,0.994635220830014,0.0814125343808427,1.05572514245613,0.0488902797704566,21.5937635745355,114.140560941386,625.128243837217,1,5,1,268,275,3.28813721643665,253.738651017907,249.129432925445,1270.18569738501,311.135851919831,28988.8068884655,,263833.394202804
BAP1,PEG3,57.6181979475611,232.464745264645,5735.97359717222,0.001,0.593234566203394,0.98642671030296,0.0796071284986839,0.976962371923289,0.0437978061382157,22.3061942609688,114.14056094196,231.468038012025,1,5,1,268,275,3.28760645324272,253.697891865723,92.3934748044527,471.074630911909,315.401894660393,29863.8187657331,,55335.1548971684
BAP1,PIK3CA,58.2247845190813,1100.67838489492,2835.86288196798,0.001,1,0.997539224027743,0.156804523618898,1.0194806808675,0.0870591060294317,11.7102130651657,114.140560941917,1098.47924323684,1,10,1,263,275,3.32206368711537,256.361269676851,571.490239350746,1885.17159092845,158.094636030172,13323.2684379216,,321793.988401172
BAP1,PLEC,115.610351378706,213.744731028311,0.001,0.001,0.974791904978035,0.970151025824648,0.945696414698345,3.26095652493884e-07,0.0477712767357933,6.82618667065166e-06,114.140560942121,212.660415978922,2,6,0,267,275,19.2234290094338,356.994244550651,84.9522734042158,433.146961548286,,9180.8287083016,,16945.7845683874
BAP1,POLE,62.6932317015096,300.494110198373,6896.85667172151,3063.39618499653,1,1,0.0631146276771761,0.891470130050924,0.0322472399595696,27.6448505722851,114.140560941374,306.908387719662,1,3,1,270,275,3.59193107011517,272.907737246421,88.9909900088326,707.170089464909,,44938.5577206486,,298250.5382918
BAP1,PREX2,0.001,459.395356928739,8555.76008801623,1821.67307465072,0.596670647593662,0.99999855173282,0.000778228293370407,2.08965447393538,0.0671395206606087,31.1240600673725,114.140560942018,459.216574031919,0,7,2,266,275,,117.848514935646,220.740267191887,828.18098479507,1362.13230569862,30179.3405926455,,
BAP1,PTPRT,57.5460915374958,172.282205282643,6554.78690082988,0.001,0.555593184856167,0.987439331118858,0.0697082208844286,1.11012656854806,0.0444468096320966,24.9765186238788,114.140560941359,171.695159064891,1,5,1,268,275,3.28349510712998,253.379357598911,68.4727356208233,349.128159281071,361.473193251074,33681.8813430196,,43355.5812069051
BAP1,RASA1,57.6018442220441,428.786594499086,5970.20806923231,0.001,0.614127867782124,0.987243009460613,0.0768235644888093,1.06534682905457,0.0465725108626987,22.8750138079378,114.140560941284,427.20344325924,1,5,1,268,275,3.28651475585744,253.612912304337,170.402492472678,868.84544022135,327.438975089941,30271.5594683253,,111734.445616056
BAP1,ROBO2,57.7615115607925,304.211622239622,4600.1207614363,0.001,0.580169395386624,0.982077405250983,0.0973000042614493,0.942183925667596,0.0513049314901287,18.3643930184153,114.140560941858,302.892005578457,1,6,1,267,275,3.29578112231859,254.329455676177,130.707333461041,588.382285059678,255.337619808042,22847.589621087,,56980.7095875763
BAP1,ROS1,57.5399529213314,517.133166594926,6632.06395617695,0.001,0.658937187003411,0.992111743809205,0.0692406269896947,1.12100005863233,0.0445809231849649,25.1452858878974,114.140560941359,515.737306277631,1,5,1,268,275,3.28314882725538,253.352550305408,205.534240800818,1047.94616378679,365.795616333294,34040.2961888928,,172566.33489372
BAP1,RYR1,0.001,281.396007736503,3887.18793317898,1187.96385604564,0.475014117577838,0.999998535809275,0.038054606334909,0.878977416453788,0.0359616732197095,24.4420611656091,72.9179370558499,281.271546449589,0,6,1,197,204,,153.798114643845,120.895194058014,544.32489100193,215.84762231695,19260.5035201005,,
BAP1,SACS,59.017843059493,650.392734403933,1707.39707772872,0.001,0.716317831334957,0.973212205483782,0.242455210391802,1.06750932045985,0.14600898487873,7.31125773764189,114.140560941398,648.28643156996,1,18,1,255,275,3.36744134311919,259.86735099073,399.990262296762,988.368066819374,96.5290063278531,7788.88241592729,,64617.939108814
BAP1,SF3B1,57.8713420884338,1544.01382307173,4029.24312587999,0.001,0.900066256692796,0.994511177535072,0.11135691864725,1.21131783175455,0.0754461386891891,16.055398630071,114.140560942077,1540.11705995864,1,8,1,265,275,3.30162007494929,254.779956395088,741.618114579945,2782.45925984344,225.199259016336,19337.6670290002,,523386.475523813
BAP1,SMAD4,120.140723066405,2800.50484696309,0.001,0.001,0.902537326148527,0.902511908575492,0.814562124218393,9.01054549834468e-07,0.192548058708565,4.67963455917401e-06,114.140560941398,2788.32035224221,2,25,0,248,275,19.9790722790518,371.058754497138,1840.64446132719,4046.51339382384,,2221.8563219342,,63897.9481931478
BAP1,SPHKAP,57.6141405983159,639.232841417733,5776.40457653292,0.001,0.601448752728892,0.989294636704011,0.0784808907075885,1.14470953822292,0.0510992880747698,22.4016729264006,114.140560941362,637.289028011308,1,6,1,267,275,3.28737320239822,253.67877387416,274.660757091398,1236.30492617547,320.594486382407,28684.4020068708,,165349.928413205
BAP1,SPTA1,0.001,355.752847326735,9570.15053229324,1859.12418752923,0.379701681960619,0.999997958046453,0.000617379146766596,2.25992577670811,0.066016858542499,34.2325555411465,114.140560942121,355.577286106051,0,7,2,266,275,,118.8710185616,170.938031087706,641.340687719364,1527.28754985397,33491.4836492686,,
BAP1,SYNE1,0.001,398.977281215727,2918.41953836712,1103.66495041874,0.867637617083743,0.999998751883379,0.00614137676913953,2.26098712128752,0.186612703462162,12.1159335851215,114.140560941325,399.01533893464,0,21,2,252,275,,127.136299210065,257.303392812423,585.060096578288,478.306407220134,9370.30792790474,,
BAP1,SYNE2,73.6171131573695,757.358535667207,0.001,0.001,0.99052243933639,0.985226847965463,0.975889575442105,1.64561167267582e-07,0.0216784878608554,7.59098920200648e-06,72.9179372915277,754.531314202268,1,4,0,199,204,4.20047286437772,324.142783010807,235.116064955205,1759.48739438521,,16326.5418725179,,171581.277778624
BAP1,TENM1,57.6878115430127,330.213256475153,5120.05410082591,0.001,0.46574104941524,0.977539715982379,0.0868643294613789,1.18547771309692,0.0586969799238732,20.196570839495,114.140560941359,328.839835108344,1,7,1,266,275,3.29160387783015,254.005572369437,150.894153824521,614.726539111633,285.251427731851,24945.0925464593,,50772.4711837222
BAP1,TP53,0.001,1485.63694130845,941.975676904144,1071.12496875272,0.800171820860809,0.999999177107978,0.0537964814698203,1.92700405497804,0.455475018907032,4.23075684721882,114.140560941348,1485.32595522571,0,60,2,213,275,,136.861763329872,1145.11493696575,1888.18435412145,155.876500782397,2944.87685401709,,
BAP1,TTN,74.0728379433643,655.144108819427,0.001,0.001,0.984436639653017,0.979664539723919,0.964418390675539,2.15706952913795e-07,0.0279365441193257,7.72131842766391e-06,72.9179374968085,652.433493251083,1,5,0,198,204,4.22646313068951,326.15554227157,234.920741698419,1408.24347231486,,9730.56653202578,,107169.989595781
BAP1,XIRP2,57.952620985707,428.434358059842,3641.95888363898,0.001,0.845050854567892,0.994782536758717,0.122668651282357,0.959530430317318,0.0646569463628749,14.8403301469286,114.140560941443,427.402901606495,1,8,1,265,275,3.30666819960608,255.170764979439,205.860497258557,772.383006941106,203.47123081487,17510.8705600082,,120261.152388249
BAP1,ZFHX3,73.7517920617827,266.399765082061,0.001,0.001,0.98872966678618,0.981727121475194,0.970663205962226,1.89736079651923e-07,0.0214566544156915,8.84276159628909e-06,72.9179372915277,265.168960251224,1,4,0,199,204,4.20810300096016,324.733623384883,82.7008857078872,618.927336094014,,13649.8982395481,,48591.8501431677
BAP1,ZNF521,57.4815885674794,324.29800430305,7598.2991496902,0.001,0.541596885575309,0.989106634408239,0.0602393809442403,1.27886523645942,0.0454447350768814,28.1411088500327,114.140560941364,323.217390463374,1,5,1,268,275,3.27955003301086,253.07396383982,128.888926791335,657.142140678573,420.158316700793,38497.4081696529,,92809.7643811166
BAP1,ZNF536,74.5529474639387,314.718791197634,0.001,0.001,0.978121051469168,0.960810857789523,0.939790794861915,3.41497806134045e-07,0.0396787331847066,8.60657028903505e-06,72.9179370558499,313.132526082908,1,8,0,195,204,4.25382692884667,328.270104766746,143.810974266619,585.894633393826,,6698.91146667088,,26168.9535017435
BRAF,BRCA2,403.359383346493,396.780331273632,0.001,72016.8505326763,0.999465337650535,0.902975022005461,0.0400290912568233,1.15201934926111,0.0309994726933723,37.1625466231691,401.384622451113,528.276405538739,1,3,1,270,275,67.0709328955183,1245.53116546158,98.6728076398044,1028.88553270198,,151173.816007495,3538.55187477052,1151560.98201601
BRAF,CDH8,202.017692174467,152.428363467353,28500.1519477973,0.001,0.797934494365407,0.997659453131315,0.0574849000343711,1.11912538601525,0.0374353720050751,29.8948648316765,401.384622451113,152.130479668037,1,4,1,269,275,11.526874227694,889.495345181462,54.6599913711379,327.621158776963,1564.06523542564,150870.861523373,,85557.4616690821
BRAF,CSMD3,0.001,634.861875665108,14681.6865527913,3789.26695817012,1,0.999999375090265,0.0030848953230262,2.00203054873626,0.11876743044896,16.8567303440705,401.384622451113,634.868425788404,0,14,2,259,275,,464.706146022763,372.357746490547,998.7658622691,2390.07732504747,48119.2752983876,,
BRAF,CTNNA2,202.726878389651,208.000662505852,19071.1554391274,0.001,0.8255403843859,0.997052587882987,0.084060088325689,1.10905765112815,0.0522477626778562,21.2268926799079,401.384622452386,207.555196952449,1,6,1,267,275,11.5672884467607,892.61837694136,89.3729183726967,402.278923219871,1059.41172803257,94304.4425900587,,85047.9996273315
BRAF,CUBN,202.76242334979,261.15502943768,18755.9416084103,0.001,0.930403457987324,0.997062124236714,0.086302834954747,0.956136318287561,0.0458976400207992,20.8319276950683,401.384622452708,260.554760554737,1,5,1,268,275,11.5693313560294,892.780577109712,103.795719481988,529.220194585843,1032.8169868132,97014.7745713134,,118334.828615095
BRAF,DMXL1,202.410762273932,1283.85693145825,22353.3597656428,0.001,0.935694570405932,0.998133900036762,0.0725140599774758,1.11709279169328,0.0461405232619217,24.2106658685249,401.384622451113,1281.33893193296,1,5,1,268,275,11.5492913377367,891.227900540227,510.275151921002,2601.61489062701,1235.40523701749,113586.911294866,,715636.455923893
BRAF,DMXL2,203.373650319115,951.694597506285,14661.4505305805,0.001,1,0.997738933728815,0.108425653013093,1.0450575749523,0.0625746239150883,16.7009805184033,401.384622452386,949.768292672873,1,7,1,266,275,11.6043141602191,895.481979696099,434.899445459427,1771.59576137891,816.84357818093,71423.6198268414,,392694.256328828
BRAF,DNAH5,263.461423543877,331.747958204832,0.001,0.001,0.983818018621742,0.97963326175428,0.96378132523571,1.25603504365964e-07,0.0358403631522087,3.50452655383386e-06,259.216195856573,330.771237802919,1,7,0,196,204,15.0340553800818,1160.15761039642,142.541529254332,641.650301500651,,32317.0111028878,,54232.4940581205
BRAF,EPHA2,404.776045437058,475.327074859419,0.001,0.001,0.983331462004693,0.98070344347796,0.964356900505676,8.74751721335887e-08,0.0376006391378833,2.3264277985492e-06,401.384622451113,473.46660774863,2,5,0,268,275,67.306007560786,1249.90612448898,170.449267508565,1021.62425865202,,49578.3113570134,,57576.6167143746
BRAF,ERBB2,408.324519990835,1253.69070518766,0.001,0.001,0.966356187422434,0.963562485844694,0.931145908587157,1.14564909383655e-07,0.0685336413935433,1.6716594515354e-06,401.384622450564,1248.48717333449,2,9,0,264,275,67.8952611304923,1260.8731104172,602.395273903582,2260.13845247561,,23615.8170189451,,80260.9153088462
BRAF,ERBB3,264.16225914857,2012.19972075094,0.001,0.001,0.981295829189148,0.985276530582354,0.966848199942609,6.96413449460115e-08,0.031620431118956,2.20241604815636e-06,259.216195856878,2007.17964560697,1,6,0,197,204,15.0726464256516,1163.15508853964,799.73817677108,4077.71156593114,,28236.1572710479,,457856.479162257
BRAF,ERBB4,202.338997546216,262.891892200765,23264.8368395704,0.001,0.891150272090549,0.998995011093014,0.0697257088552717,1.13681744921203,0.0451985229005753,25.1516504579745,401.384622452386,262.390441260458,1,5,1,268,275,11.5452096747364,890.912051355381,104.487848086697,532.725252704007,1286.0029743488,118109.986093833,,147914.8078016
BRAF,FAT2,203.157981189629,466.015886802154,15890.7155970642,0.001,0.822763565668529,0.994590183293426,0.0997924491761729,1.08989886663554,0.0604508833195653,18.0294944719656,401.384622451113,464.991016432411,1,7,1,266,275,11.5919179452207,894.521925434462,212.953595743595,867.51445203309,886.179446695654,77076.6348485877,,154226.755243992
BRAF,FBN2,202.283340868136,214.75088332478,24071.4244821253,0.001,0.758561187213849,0.995901269906195,0.0672576483749636,1.18121988454142,0.0455951021794182,25.9067274351812,401.384622451113,214.318124041253,1,5,1,268,275,11.5418756303324,890.654239945975,85.3522890990081,435.183980581388,1330.03972480511,122469.27196782,,94558.0596552559
BRAF,FBXW7,202.314480637434,808.99320083937,23595.8148546951,0.001,1,0.999052853239592,0.0695369809226809,0.988893922336896,0.0390620322455849,25.3159875584473,401.384622452386,807.452602778552,1,4,1,269,275,11.5437894974535,890.804989884623,290.101651688886,1738.79531461812,1291.98729460247,126504.740977394,,558991.678667575
BRAF,FGFR2,,,,,,,,,,,,,2,0,0,273,275,,,,,,,,
BRAF,GLI3,365.856867280757,132.398139770967,3926.04104437536,8281.44305421903,0.999680969419618,1,0.0860553477811859,0.92921788085437,0.0456892873057644,20.3377626496077,401.384622452708,152.606366239414,1,5,1,268,275,38.1618018102188,1210.57785473038,47.602628797113,283.505932214385,,79505.29759478,,150870.475291682
BRAF,GNAS,411.77072191306,1571.05110259212,0.001,0.001,0.950194085899051,0.940496273692884,0.893658101804105,1.6200810327798e-07,0.101312361028586,1.59909513146444e-06,401.384622451113,1563.50034086309,2,13,0,260,275,68.4711407136109,1271.59022258466,864.125852939859,2586.72473972976,,15678.833617383,,61104.7073967601
BRAF,HMCN1,204.458584545476,330.122017332665,10612.3696267056,0.001,0.840339444464282,0.993142920823869,0.145754345207725,1.13349583902962,0.0907611668284724,12.4887755263414,401.384622451649,329.446772608899,1,11,1,262,275,11.6660546401709,900.250257734892,176.764452920907,553.730325504785,596.596949314916,49590.3509945793,,77190.3077636895
BRAF,HYDIN,266.549126957092,619.370709083241,0.001,0.001,0.972522469790217,0.970227013051913,0.943569075515097,1.46754130391294e-07,0.0523155324758531,2.80517321426539e-06,259.216195856573,617.469551565402,1,10,0,193,204,15.2087696017671,1173.67577810451,310.304828120619,1086.58547195325,,18739.5884142319,,68567.5845209889
BRAF,IDH2,402.118014668225,725.578509362292,0.001,0.000999999999976353,0.996363304523374,0.995756751682752,0.992135506961363,1.32485755893264e-08,0.00680138022056077,1.94792456232274e-06,401.384622451113,722.49636554199,2,1,0,272,275,66.8638412944923,1241.68080415286,41.4006227968006,3194.76254309889,,374864.872889099,,404261.417950805
BRAF,KMT2C,409.538835272018,551.879663905982,0.001,29744.0618682709,0.98897251897541,0.748363265204383,0.117115634163355,1.09561539302784,0.0784604329857808,13.9639223406579,401.384622451649,612.180797461287,1,9,1,264,275,68.0960178074388,1264.61751269056,265.174831720819,994.935567803039,,32441.1709203369,1459.74237640343,489369.040430524
BRAF,KRAS,215.380583858728,13606.2423739965,3136.45960357134,1068.4385197579,1,1,0.438335546513322,0.969228152609102,0.244596898079287,3.96255291959967,401.384622442097,13582.1850219766,1,34,1,239,275,12.2896641313212,948.386493875152,9578.25157850224,18632.8601178391,162.21376652857,14117.666682925,,1292383.17818141
BRAF,LAMA1,0.001,260.101762063541,24348.2844234985,16942.3330589507,0.748404089512832,0.999997258792069,0.00115621292790799,2.16542975202697,0.0824548929189188,26.2619921677216,401.384622452708,260.12191125732,0,9,2,264,275,,658.655452693942,135.054670847148,445.495036605356,3920.75013353989,82662.0660106327,,
BRAF,LAMA2,203.313673190701,487.116690057898,14993.0297150183,0.001,0.908426410431811,0.997133841525722,0.105843215635468,1.02611495054007,0.0599275576594217,17.1225891829541,401.384622452386,486.172800926457,1,7,1,266,275,11.6007704240126,895.206975559,222.594520677657,906.803833451008,836.115340773066,72729.67546599,,179218.594211914
BRAF,LRP1B,228.345522169199,282.460193199849,5997.73089473189,906.929595947285,0.943060253876205,0.999257071666822,0.224851349672355,1.06847293662964,0.131567490680991,8.12110142938233,401.384622452688,283.62699719249,1,17,1,256,275,13.1004828739134,990.832178143134,170.624773312649,434.704774896306,,29750.8075426803,,59060.4121333077
BRAF,LRP2,0.001,346.764808877482,29964.9678883676,6231.00431045893,0.842834911379404,0.999998688035128,0.000782015250925735,2.15471868152702,0.0694977277813086,31.0041601404201,401.384622452708,346.846149665231,0,7,2,266,275,,490.645986730273,166.619234450635,625.145466204436,4782.58856458311,104949.953620148,,
BRAF,LRRIQ1,202.009068644918,621.683537337306,28663.5678349371,0.001,0.901475959327079,0.999183311139785,0.0572699088085738,1.10030914922231,0.0365342011137957,30.1172357866838,401.384622451113,620.511997489199,1,4,1,269,275,11.5264007701124,889.458736714463,222.934480084183,1336.19037144961,1572.87847586261,151796.225575064,,426306.200405905
BRAF,MACF1,263.236509286161,609.978748400189,0.001,0.001,0.984746732491176,0.982115621073298,0.96713566850927,7.3961060112742e-08,0.0264893913582756,2.79210115145344e-06,259.216195857199,607.762164336205,1,5,0,198,204,15.0198546181148,1159.07033190961,218.728299143028,1311.12872292008,,35085.3992348678,,113816.322394345
BRAF,MED12,0.001,745.1588629349,32819.9322000181,4090.98517766779,0.562349954756369,0.999999523423057,0.000650364341777643,2.29177588326503,0.068394621583304,33.5081301747341,401.384622452386,745.308293668601,0,7,2,266,275,,419.966911859172,358.044022479436,1343.38022310858,5240.70019642153,114744.502642451,,
BRAF,NF1,410.682973051018,968.597366784851,0.001,0.001,0.955299689761644,0.960442879967807,0.917512917181943,1.52027592676199e-07,0.0845674344460966,1.79770846392533e-06,401.384622451113,965.004013580448,2,11,0,262,275,68.2872088736592,1268.17120633033,502.922287788694,1659.02533745319,,17583.2964981999,,56715.8956130475
BRAF,NRAS,403.072196144668,1750.94164634315,0.001,0.001,0.991659007284385,0.993652778516676,0.985364775798993,2.20667941114956e-08,0.0143149279603742,1.54152323871833e-06,401.384622451113,1745.36273097283,2,2,0,271,275,67.0223441040785,1244.63114974722,291.144287944227,5406.63583798972,,114166.717360261,,649231.773761419
BRAF,PBRM1,202.714267929186,626.475197235577,19178.3615629736,0.001,1,0.998374101633363,0.0846061404011192,0.986297894527432,0.0465070327143057,21.2074999621303,401.384622451113,625.128243837217,1,5,1,268,275,11.5665691281845,892.56671071464,248.995040322296,1269.49484473328,1056.02453152495,99202.3423300433,,343306.445307476
BRAF,PEG3,202.59791644238,231.961381128635,20303.2306402281,0.001,0.963734759020031,0.999552138352536,0.0799578521992743,1.00085325175244,0.0446673578286479,22.4068156346273,401.384622451113,231.468038011409,1,5,1,268,275,11.5598273225605,892.044309775977,92.1888602233215,470.021255737588,1118.98311144605,104520.594782755,,126139.78925245
BRAF,PIK3CA,410.082841010214,1000.21565852078,0.001,49972.0517543145,0.988981804204077,0.75330971618388,0.125050315656044,1.10956894327029,0.0874198726681386,12.6924108833058,401.38462245185,1098.47924323493,1,10,1,263,275,68.1867728044446,1266.30434330337,501.165036437486,1754.44740521527,,30477.9355179642,2455.158629511,814478.835501031
BRAF,PLEC,213.630244939111,211.119382077166,19445.9380193899,1065.65033469715,0.884166590772481,0.999447596535158,0.0788894858929911,1.03864451772405,0.0459815001400368,22.5883130076412,401.384622451113,212.660415979296,1,5,1,268,275,12.2071583802177,936.433617368937,82.807973964119,429.784722247589,110.968318437797,103984.226616695,,117396.342778601
BRAF,POLE,403.987916365299,230.613029073612,0.001,33905.898138807,0.997119026514322,0.889622294398746,0.0497409010578613,1.02829795002234,0.0314935560963785,32.6510587396192,401.384622451113,306.908387719662,1,3,1,270,275,67.1745833601618,1247.46380275557,57.3502078385653,598.01418047315,,112997.726872736,1646.37333999403,594354.759887918
BRAF,PREX2,203.403623030873,460.052302583118,14579.161235398,0.001,0.917479571956215,0.99876636427705,0.108508977089257,1.11613014167414,0.0668397572498854,16.6985965778033,401.384622451649,459.216574030905,1,8,1,265,275,11.6052263161194,895.549340577968,221.054139889174,829.368407756518,815.619767288482,69666.4673711375,,174537.490927557
BRAF,PTPRT,202.368433402223,172.011355892129,22888.5796501224,0.001,0.80456916797649,0.997149948658373,0.070784555893026,1.13165712159514,0.0456669057850609,24.7806831257953,401.384622451113,171.695159064544,1,5,1,268,275,11.5468658402026,891.040514625155,68.3654777594412,348.575933761376,1263.86135406551,116855.182099777,,79919.0984126028
BRAF,RASA1,202.345865417918,428.01685812559,23167.0298121201,0.001,0.814546543907268,0.996507408933861,0.0698729444584502,1.13751137698312,0.0453639920573138,25.0752044825765,401.384622452708,427.203443257464,1,5,1,268,275,11.545643600462,890.94566624947,170.11395736145,867.359358046717,1280.41248007559,117714.499073568,,200530.021951672
BRAF,ROBO2,0.001,302.733038371037,39510.8721939508,19891.516473725,0.814243564503272,0.999996735263182,0.000469117554737845,2.01556773087556,0.0516974739886727,38.9877410899647,401.384622451649,302.892005579383,0,5,2,268,275,,608.385152858757,130.074445086228,585.509502096019,6199.25037315775,148052.477064985,,
BRAF,ROS1,202.428247117523,516.685124210435,22129.0533035011,0.001,0.875267954658612,0.998064664402046,0.0731765370155543,1.07032807495259,0.044296344655053,24.1628983900931,401.384622451113,515.737306272517,1,5,1,268,275,11.5503520519556,891.309941940656,205.356805323234,1047.03391963439,1223.12909122782,112408.2246413,,262592.460390847
BRAF,RYR1,264.265632813851,282.260443431187,0.001,0.001,0.980916017979308,0.976051957831975,0.957426019249323,1.35875150972589e-07,0.0359308557187671,3.78157291983502e-06,259.216195857015,281.271546449483,1,7,0,196,204,15.0785701220976,1163.60646449246,121.264611119293,546.013447245825,,27419.9369711759,,39081.7774400486
BRAF,SACS,414.808430180545,615.297783692534,0.001,14997.8636408457,0.997757813448698,0.980442201541679,0.239658042118995,1.02437000002581,0.144504647286704,7.08883775892285,401.384622451113,648.286431573216,1,18,1,255,275,68.9744456833994,1280.9504884676,372.991783277837,945.02687512004,,21134.377415361,737.204702801574,244680.102290838
BRAF,SF3B1,203.410900352279,1542.92451357728,14479.3433227679,0.001,0.980077541914529,0.997361085711396,0.109311297803091,1.20196210363869,0.0730076715222148,16.4635041575454,401.384622452386,1540.11705998021,1,8,1,265,275,11.6063441347774,895.636291434663,741.37560602041,2781.54069896813,809.534999392316,69371.0766530682,,617929.391677359
BRAF,SMAD4,421.519558831694,2681.23407643385,0.001,55586.5353487631,0.975159402653854,0.778561330909947,0.269318228903733,1.12786152280655,0.194728907595502,5.79195732535706,401.384622452084,2788.32035230582,1,24,1,249,275,70.0878886793475,1301.68423757548,1746.27863538713,3902.32933387588,,13219.4469722923,2727.14240515434,921489.80598134
BRAF,SPHKAP,352.872443226106,571.089728920954,4569.49226842801,30378.9385719625,0.999650501972553,0.987644962542167,0.0928656621223396,0.978796553242421,0.0514162963233333,19.0366989307674,401.384622451649,637.289028011308,1,6,1,267,275,32.3627016242447,1197.45002617927,227.855871834832,1151.66204356691,,68886.7131335529,,547189.72186598
BRAF,SPTA1,203.4918594373,356.192095468,14077.2875291494,0.001,0.940656599329306,0.999731209383896,0.112321197337457,1.09391191182164,0.0677072474169253,16.1564965872204,401.384622452386,355.577286105809,1,8,1,265,275,11.6109966731718,895.995696560695,171.149109267233,642.141103387937,787.599996802592,67233.03893298,,137602.537868587
BRAF,SYNE1,0.001,399.01367638726,10935.8614489609,1974.18675685722,0.874507806543459,0.999999342446205,0.00541115391126635,2.2985475622024,0.177892875256451,12.9209647035544,401.384622452084,399.015338934863,0,21,2,252,275,,474.906038196154,257.294604380405,585.041081473573,1793.73638384972,35033.1411879519,,
BRAF,SYNE2,261.728158747891,756.449510154794,0.001,0.001,0.99041573576386,0.989951070263679,0.980463277891694,5.53244469594233e-08,0.0211486625492572,2.61597852018147e-06,259.216195846509,754.53131419982,1,4,0,199,204,14.9338049647963,1152.40932364192,234.834634191492,1757.36352676559,,57141.8269891105,,253434.024270314
BRAF,TENM1,202.883772810987,329.432733350179,17753.1128689184,0.001,0.790681220812221,0.996610273715384,0.089721670820692,1.1856078361057,0.0594786058544241,19.9333494636293,401.384622452708,328.839835108755,1,7,1,266,275,11.576413868145,893.322594958983,150.538772368315,613.261322806619,989.733531525712,86231.9126948558,,120547.352061514
BRAF,TP53,228.317036653585,1488.98306365635,1652.79674948419,0.001,0.981395537834607,0.993747494383067,0.71078397273212,0.976375266141595,0.456801197243916,2.13741836061836,401.384622450278,1485.32595524085,1,61,1,212,275,13.0268867655813,1005.45774615239,1147.67162864597,1892.48799979891,94.0727021372231,7344.04195617337,,62487.4377408849
BRAF,TTN,262.881813404712,654.432782185372,0.001,0.001,0.98606596207739,0.984936572059584,0.971212854614572,7.20957542787147e-08,0.0263958307304179,2.73133113388371e-06,259.216195856878,652.433493249062,1,5,0,198,204,14.9997320153865,1157.51173342308,234.667621113599,1406.70967256948,,38514.002425627,,145456.179161087
BRAF,XIRP2,407.589395285609,380.494084006348,0.001,23795.3912257934,0.997382873772441,0.843608850539184,0.103066742602876,1.07978767941088,0.0663362841421199,16.2774821257327,401.384622452386,427.402901608006,1,8,1,265,275,67.7731333793084,1258.59928798637,173.874144483413,708.303738894617,,45371.3247101047,1166.92536431483,373122.595868432
BRAF,ZFHX3,262.000393545362,266.010701467238,0.001,0.001,0.989386400154569,0.987487688507374,0.977007152499777,8.07047217930325e-08,0.0209040402610179,3.86072361061854e-06,259.216195846509,265.168960251224,1,4,0,199,204,14.9493659154889,1153.61467112816,82.5796689585542,618.010594230488,,51566.3585293159,,71367.1310264079
BRAF,ZNF521,202.342243805375,323.859717620584,23213.7849312137,0.001,0.868706086412844,0.998147406448255,0.0698080342656557,1.13311679672402,0.0451216189365149,25.1125031288947,401.384622451113,323.217390463374,1,5,1,268,275,11.5454336796628,890.929292727356,128.720290107142,656.275078756883,1283.55136683168,117682.812753162,,171468.922498784
BRAF,ZNF536,265.305050616058,313.980193444892,0.001,0.001,0.977273143582888,0.978941236013922,0.956693663509747,1.45783366550887e-07,0.040458649412739,3.60326824219162e-06,259.216195856878,313.132526082908,1,8,0,195,204,15.1347514824608,1167.95475748813,143.473872425537,584.501533828256,,22889.5647823764,,49610.037541107
BRCA2,CDH8,265.416930359223,153.115210790317,46351.2120715676,0.001,0.345612608019274,0.982598419583152,0.00244398148157195,2.21482697513994,0.0750258572583088,29.5208486257538,528.276405538739,152.130479668095,2,3,2,268,275,44.1330228758102,819.570611097192,54.9059584884978,329.105387151984,7035.76688474772,204166.528127331,,18337.3572732535
BRCA2,CSMD3,135.417549890204,636.713887178023,15100.9656914445,0.001,0.678185911822067,0.986787620925407,0.00139653926059814,2.99996340400778,0.238214354224153,12.5935459001975,528.276405525574,634.868425787806,1,13,3,258,275,7.72673130143266,596.270278996671,373.441480032981,1001.68800414059,3641.71601135436,42193.0045095065,,103295.029217831
BRCA2,CTNNA2,266.466868787303,208.865299609869,27254.0673852972,0.001,0.462455386483862,0.981147803198646,0.00640817233836252,2.12672657663459,0.104572489207511,20.33734295465,528.276405538739,207.55519695245,2,5,2,266,275,44.3076574445969,822.820667091423,89.7433184427566,403.957276932772,4278.18510219745,101812.268021723,,20240.9030719499
BRCA2,CUBN,531.941385492953,130.536606536122,0.001,43486.8826670618,0.992398897168647,1,7.45002579654822e-05,2.86759284080133,0.0914176582463374,31.3680408775536,528.276405539999,260.554760556199,1,3,3,268,275,165.139543348844,1235.77073232455,32.4625607004226,338.506129021734,,79530.0386888595,6726.49684791338,723221.065662114
BRCA2,DMXL1,132.780991783287,1283.9294520821,59704.8552291155,0.001,1,0.996985961802742,3.53192765951618e-05,3.11267841490242,0.0917184497763613,33.9373203809279,528.276405538739,1281.33893197052,1,3,3,268,275,7.57630477780682,584.643529834449,510.304346767731,2601.75744778099,13040.9126051126,243071.422340166,,772475.277225144
BRCA2,DMXL2,133.362143343021,952.258018332745,35705.5959407302,0.001,1,0.989987335354481,0.000135393109288849,3.03835297411825,0.124176288724764,24.4680607330176,528.276405539999,949.768292667678,1,5,3,266,275,7.60945016383535,587.206045153017,435.155441041612,1772.64686746968,8183.5096147359,117441.080408321,,319571.61532177
BRCA2,DNAH5,0.001,331.20275112564,11145.8021603901,1905.85276832992,0.395706689754419,0.999993660164054,0.0311953295074354,1.04974926470352,0.0357824230540619,29.3370089308235,171.391097792955,330.771237803515,0,6,1,197,204,,362.570635550476,142.307071413759,640.571361266494,619.170407031102,55101.4097698192,,
BRCA2,EPHA2,399.10509936219,476.431453534493,17030.2368995316,0.001,0.898660513796216,0.99557336107483,0.145026768518107,1.04278104289381,0.0753233140847495,13.8440674785038,528.27640552737,473.46660774863,3,4,1,267,275,99.2518371315023,1034.93856613225,170.84623837412,1024.01101529083,932.12596484113,91406.6894507225,,55734.9293770635
BRCA2,ERBB2,537.374023996645,1257.66771092789,0.001,0.001,0.934208664836277,0.936720028446689,0.875096662974129,1.8752759510304e-07,0.136534789379061,1.37347848087572e-06,528.27640552863,1248.48717333449,4,9,0,262,275,166.824246092326,1248.41006752371,604.303814079747,2267.32159396052,,15611.7347494563,,40309.2026679086
BRCA2,ERBB3,174.625593204612,2012.67898397645,0.001,0.001,0.981499135039181,0.983888850733052,0.965686606113297,9.99744794918239e-08,0.031238840608142,3.20032618194437e-06,171.391097793126,2007.17964560697,1,6,0,197,204,9.96385280770033,768.911187749097,799.926233079485,4078.67862582707,,18880.6544620715,,417749.849439537
BRCA2,ERBB4,132.731269790889,263.326182884645,63323.619578694,0.001,0.421511619426618,0.99131344448445,2.9094134321214e-05,3.19886997750578,0.0905066254669136,35.3440420632541,528.276405539999,262.390441260885,1,3,3,268,275,7.57360341919852,584.434371449167,104.659996567206,533.606496623966,13871.4731843429,255218.626850889,,93674.0721417184
BRCA2,FAT2,267.10255859635,467.087691928102,21872.1623865809,0.001,0.743213990295605,0.989398075775871,0.00970965024723992,2.05596982856403,0.120462155867871,17.0673504367556,528.276405538739,464.991016434071,2,6,2,265,275,44.4133235628385,824.787578840697,213.442519671122,869.516078156135,3467.34265329641,78585.7708186331,,54299.9195655453
BRCA2,FBN2,265.868524241187,215.466913169537,35512.0051903115,0.001,0.453218410212635,0.984614960437027,0.00394126248205367,2.23793410561925,0.0910043495705345,24.5915070673045,528.276405539999,214.318124042332,2,4,2,267,275,44.2084329056686,820.97358125232,85.6363211377633,436.641024478537,5506.29755332855,140241.126558779,,25935.918928628
BRCA2,FBXW7,530.91749643706,323.554833877867,0.000999999996565748,179676.306488232,0.996208084843564,0.660636171798971,1.70135597471073e-05,2.97187631360356,0.0772579107353179,38.466951608167,528.276405538704,807.452602798,1,2,3,269,275,164.82398288462,1233.39987183285,53.7985068441342,999.067157265187,,132148.327962149,31003.7486820159,2781205.11644774
BRCA2,FGFR2,,,,,,,,,,,,,4,0,0,271,275,,,,,,,,
BRCA2,GLI3,400.006377463279,153.677525551655,13214.2970484183,0.001,0.835057880914599,0.990787779945381,0.181410272864049,1.0164281281071,0.0911504776980783,11.1511003976727,528.276405522078,152.606366239344,3,5,1,266,275,99.4760238309794,1037.28141954419,61.0787218484557,311.424196901701,730.665994846431,67005.1683786863,,13018.244242565
BRCA2,GNAS,405.947682062248,1573.22231747997,5398.38396685437,0.001,0.974201776925611,0.993758742150918,0.398400796642586,0.984424080137499,0.199348630570255,4.9382033742668,528.276405523116,1563.50034088645,3,12,1,259,275,100.950612121523,1052.69896350044,865.336685804302,2590.36729931886,303.913717093941,25065.806488727,,71416.0134772269
BRCA2,HMCN1,268.972973884834,331.060464253621,13930.4071174836,0.001,0.664150634096725,0.979082885709124,0.0219483193206907,2.12714408037731,0.18149887631523,11.7198746546665,528.276405539999,329.446772608359,2,10,2,261,275,44.7238022190699,830.564236539827,177.266001125365,555.31429879846,2250.03840061326,46796.756956223,,23795.2878132259
BRCA2,HYDIN,176.330046566385,621.001863196699,0.001,0.001,0.972050311621099,0.945396830357659,0.918976369015887,1.99145505081497e-07,0.0521570769719752,3.81818761025471e-06,171.391097793126,617.469551565402,1,10,0,193,204,10.0610455165124,776.424080761393,311.116433842476,1089.47962392303,,12177.9339333789,,36436.9658382671
BRCA2,IDH2,529.202027792781,727.456868017768,0.001,0.001,0.993043827046483,0.993190758650222,0.98628201420505,2.25468545310127e-08,0.013654400754419,1.65125185180432e-06,528.27640552863,722.496365546888,4,1,0,270,275,164.289729888404,1229.39193201701,41.5076903068234,3203.03113692636,,257027.616865206,,223556.612427017
BRCA2,KMT2C,537.175539060544,429.272611436369,0.001,70536.5889418232,0.977629878077544,0.491901845385138,0.000236400650916124,3.07874841201053,0.155901593718434,19.7480239847381,528.276405526831,612.180797460424,1,7,3,264,275,166.762366579691,1247.95694492592,184.444976900921,830.239384256294,,29886.569121261,11898.860929214,1146037.43873767
BRCA2,KRAS,423.059592900108,13683.9420203601,2062.69088700453,0.001,0.886284112041184,0.957250162811241,0.762575088340719,0.971376465281621,0.489975726514073,1.98249915805518,528.276405523841,13582.1850214509,3,34,1,237,275,105.225639395463,1097.38787040671,9632.002543945,18736.597762014,117.107858408472,9236.93530229914,,195320.774411999
BRCA2,LAMA1,133.890012409182,261.170420350742,26352.1873545415,0.001,0.321786302658488,0.973730363798105,0.000286705220903227,3.27413384076542,0.165124666638115,19.8282540545015,528.276405523338,260.121911257421,1,8,3,263,275,7.63953972816205,589.529300769813,135.607400292915,447.333543708065,6245.57640340061,77469.6700408705,,36450.0509888274
BRCA2,LAMA2,267.155198978393,488.653578487686,21529.8082268504,0.001,0.628548529594659,0.984390559103231,0.00995075491001513,2.02855569959124,0.120203862576208,16.87596102251,528.276405537479,486.172800927753,2,6,2,265,275,44.4220470614908,824.950125220492,223.295013739267,909.676906896575,3413.94742284554,77297.0168792998,,48725.7598902092
BRCA2,LRP1B,271.903664897138,285.344701098701,8941.54306453662,0.001,0.479005806546086,0.955946544762972,0.0478405823957412,2.11202745052687,0.265563271164726,7.95301037400163,528.276405523116,283.626997192257,2,16,2,255,275,45.2112041777325,839.630697253085,172.965529069574,438.291738150047,1461.51577937047,28938.4957326058,,10443.5281951
BRCA2,LRP2,133.582235722387,347.754042545746,31077.3726778909,0.001,0.694255403850336,0.987065707777644,0.000193768622491801,3.0727765440033,0.138047988070668,22.2587564436673,528.276405538739,346.846149665865,1,6,3,265,275,7.6219910375174,588.175184151158,167.093489694218,626.936224326121,7214.29738786253,97616.8463091744,,88042.3185816973
BRCA2,LRRIQ1,265.462848679914,624.267987982561,44843.4157739388,0.001,0.473012081866483,0.987641616497858,0.00263028419706488,2.13279499329876,0.0733615188678339,29.0723941681353,528.276405538739,620.511997495786,2,3,2,268,275,44.1411041417014,819.721322424334,223.859567954109,1341.76431943296,6799.31825199847,198624.180025606,,91447.2316025383
BRCA2,MACF1,174.182663920584,609.969057183851,0.001,0.001,0.983996274428238,0.9821979674429,0.966479746038743,9.90582220872401e-08,0.0261257325707192,3.79159596076785e-06,171.391097792992,607.762164336205,1,5,0,198,204,9.93858058339745,766.956818364903,218.724851198829,1311.10780318513,,22090.1034145705,,114323.216340698
BRCA2,MED12,133.410086545248,747.63769721465,34579.4911643744,0.001,0.409091959160251,0.979679288291043,0.000138340711514161,3.28510058974257,0.135872615697604,24.1777975118537,528.276405539999,745.30829366819,1,6,3,265,275,7.61225069811725,587.420772232854,359.229439860006,1347.86663429623,8052.75555625032,107561.350129824,,142459.240078934
BRCA2,NF1,539.050950660348,792.290375285839,0.001,38948.4804407884,0.991854136280967,0.699290984377892,0.0185161370071495,2.03106185950946,0.167452023158122,12.1292166030838,528.276405528457,965.004013561175,2,9,2,262,275,167.343998458947,1252.31786015529,380.686945895719,1428.36982761126,,26532.7858231765,5599.76419095256,225081.220119986
BRCA2,NRAS,530.696901410274,1756.11328160625,0.001,0.001,0.98196717758448,0.987859241537603,0.970045561380317,3.50994029109874e-08,0.028194546530386,1.2449004233198e-06,528.27640552863,1745.36273117031,4,2,0,269,275,164.751843380642,1232.86234380062,291.998024434451,5422.51324800927,,68849.0825784575,,301545.831244876
BRCA2,PBRM1,266.203055577978,627.715067364418,30327.9326663795,0.001,1,0.996525286212486,0.00555860902141704,2.01197577230885,0.0923079185982124,21.7963507666807,528.276405538739,625.128243840606,2,4,2,267,275,44.2637565452035,822.006684738133,249.487175175564,1272.01238778684,4660.59870091558,123281.059337422,,123264.328225017
BRCA2,PEG3,266.190033955758,232.97203938065,30537.8554822916,0.001,0.548379712960345,0.985336627144613,0.00538121467080541,1.9860900187032,0.0897920733514673,22.1187677772978,528.276405538739,231.468038012786,2,4,2,267,275,44.2615034450345,821.96415735086,92.594988597993,472.104198146422,4704.47612448312,123270.722015358,,27096.1957541155
BRCA2,PIK3CA,538.577741643046,902.006091581904,0.001,45139.2736583277,0.983299121717106,0.712077390106274,0.0176768119182289,2.09057395052361,0.172364301411736,12.1288105100705,528.276405526766,1098.47924325818,2,9,2,262,275,167.201315952399,1251.24592552422,433.409795516264,1626.17844576353,,25867.7562230167,6514.98473864101,269511.114445016
BRCA2,PLEC,399.94862791582,214.071729980017,13397.7676808598,0.001,0.86586741432359,0.992295087359217,0.179910382734959,1.028485465543,0.0911743769274928,11.280422199769,528.276405538739,212.660415979743,3,5,1,266,275,99.4621629918258,1037.13838746745,85.0819486921382,433.809576479256,738.645155035652,68935.0700780355,,19304.4223226999
BRCA2,POLE,530.949840778459,153.988842214708,0.001,36452.409323944,0.991909342844084,0.592261391733581,0.00154556336104057,2.12568691935187,0.0620852802403923,34.238178697451,528.276405539999,306.908387719662,2,2,2,269,275,164.83719652834,1233.50222224949,25.6042048809393,475.487006270681,,105488.455088616,5227.77662627005,221659.969969096
BRCA2,PREX2,133.37687534485,460.285134368753,35116.2321785078,0.001,0.515476236320956,0.998308908320397,0.000132973344265533,3.27614374197168,0.133706058048221,24.5025826787156,528.276405535598,459.216574032656,1,6,3,265,275,7.61027879093923,587.267620642587,221.167418850286,829.787373509327,8196.01005676917,108489.184156413,,178474.623112292
BRCA2,PTPRT,266.064010294406,172.567218691703,32269.5469748873,0.001,0.531124711331362,0.986777213693723,0.00480426143305185,2.09269027507944,0.0912904559471098,22.9234288882495,528.276405538739,171.695159065076,2,4,2,267,275,44.2410816134506,821.582783695712,68.5858241770279,349.705579363178,4985.60981168522,129243.361610093,,21093.0303761934
BRCA2,RASA1,265.903749794491,429.322267385282,34900.2632961015,0.001,0.511516604380129,0.985968206392096,0.00409690846034685,2.19926486728051,0.0904161060591107,24.3238175490848,528.276405522078,427.203443258768,2,4,2,267,275,44.2140744962047,821.078906268845,170.632047849198,870.01718297156,5404.9103738944,138395.792965292,,55398.6681359707
BRCA2,ROBO2,266.506121164104,304.715231174619,26835.7647819697,0.001,0.436435235631935,0.978844318948376,0.00659733921036397,2.09268461175031,0.103922059348211,20.1370587233878,528.276405533635,302.892005579107,2,5,2,266,275,44.3144041840685,822.946606431404,130.923766102504,589.35802712688,4209.93747343702,100479.409357811,,27677.9832810501
BRCA2,ROS1,266.139085657282,517.99416004128,31203.9748358881,0.001,0.729674366515814,0.992798209295052,0.00514854807199431,2.00529953932094,0.0892114951216824,22.4780398152251,528.276405539999,515.737306276735,2,4,2,267,275,44.2531701236147,821.807966732164,205.876292341464,1049.69303480653,4827.84236837852,124382.83139348,,78866.8293673371
BRCA2,RYR1,0.001,281.400765426555,9540.2254706393,1503.81397400173,0.461668406415767,0.999998841596948,0.0364278395900839,0.918473359542032,0.0360031865318349,25.5108907854558,171.391097793099,281.271546449589,0,6,1,197,204,,365.743911358606,120.897529230792,544.335341088646,529.986435780422,47175.3022940719,,
BRCA2,SACS,135.936821982019,650.250027119059,13225.8822110133,0.001,0.587058042669954,0.971990199042966,0.00197613952019884,3.23133407825252,0.287504283511093,11.2392554253121,528.276405526766,648.286431569438,1,16,3,255,275,7.75631780080774,598.55422523287,399.903744361724,988.147900851833,3211.14239903601,36296.1029378479,,74004.6606852504
BRCA2,SF3B1,285.279247993377,1522.53136680485,17848.6058599417,6034.6323426791,1,0.99986542502601,0.012695968014905,2.15954188984294,0.143002173915269,15.1014619618476,528.276405539999,1540.11705998674,2,7,2,264,275,47.5252517412649,877.282432846461,720.415931146048,2762.74034285639,1933.35491411583,65242.8561089348,,269161.032044133
BRCA2,SMAD4,556.070054772941,2809.93035090315,0.001,0.001,0.815131663301764,0.82895342261692,0.67574086891021,4.52227938471661e-07,0.387552929435634,1.16688045457483e-06,528.276405528344,2788.32035234541,4,25,0,246,275,172.623823501241,1291.94579650221,1847.08574145603,4060.7608450146,,5152.6217182279,,31119.2550348056
BRCA2,SPHKAP,266.702003311416,640.49993102691,24884.6610741848,0.001,0.681865214118207,0.990209690287328,0.00773702946627121,1.96994351252475,0.103990478137681,18.9434989414761,528.276405538739,637.289028011463,2,5,2,266,275,44.3482402939189,823.57761669496,275.20477388214,1238.75903980021,3903.64394811569,93275.361598947,,77035.7420971387
BRCA2,SPTA1,133.572850841645,356.442235680504,31120.4135987029,0.001,0.568712154542538,0.998606328270567,0.000190806978394524,3.03589389210624,0.135735266053067,22.3662868198109,528.276405535598,355.577286104861,1,6,3,265,275,7.62123415138184,588.115604838697,171.269581279305,642.587595337299,7255.784950185,96523.5402369356,,129507.706352513
BRCA2,SYNE1,0.001,398.851896995151,14661.8727153411,8751.50856457182,1,0.999994252312438,2.94978206748657e-05,4.32908879950747,0.352282771869595,12.2886758740219,528.27640552863,399.015338935089,0,19,4,252,275,,483.007498648767,257.22308044469,584.87440059517,4439.59192560997,35918.648768516,,
BRCA2,SYNE2,173.196980534719,757.361031208896,0.001,0.001,0.989590245832998,0.98522752801649,0.974971842557246,7.59953121386853e-08,0.0210175832062284,3.61579689696029e-06,171.391097789626,754.531314202268,1,4,0,199,204,9.88237131410295,762.605554012429,235.116208328183,1759.48846742511,,34793.5212724112,,171598.584557892
BRCA2,TENM1,133.174719542874,330.031653376639,41003.8369340826,0.001,0.276586745820985,0.978595160238345,8.7812409033719e-05,3.25271979029816,0.119094643185614,27.3120579002758,528.276405539999,328.839835109357,1,5,3,266,275,7.59876561641173,586.37880902222,150.811631998762,614.383653651062,9412.73658980501,134080.533788223,,58455.759936139
BRCA2,TP53,171.55146057207,1485.57901838908,3153.92566771257,1492.97422924277,0.895107941165944,0.999996530421293,0.0886755692754725,2.92113916873239,0.913652545078346,3.19721012595866,528.276405527409,1485.32595522812,1,59,3,212,275,9.82162088417454,747.50275078462,1144.28166597761,1889.06823489786,661.969782897089,8541.41975590994,,84069.844691362
BRCA2,TTN,173.895717289569,655.144952358857,0.001,0.001,0.985627317470945,0.979665573301865,0.965585798206171,9.78868519825127e-08,0.0262216537488475,3.73305409796341e-06,171.391097792821,652.433493251083,1,5,0,198,204,9.92215449070407,765.683732983679,234.920207598399,1408.24027023019,,24627.8153949638,,107181.277654017
BRCA2,XIRP2,133.663921909484,428.330380954952,29634.4822452291,0.001,0.795746394622169,0.994935846941923,0.000222833055845441,2.89457695648016,0.133780855489111,21.6367053858147,528.276405538739,427.402901608754,1,6,3,265,275,7.62668412370881,588.538260561869,205.81132430983,772.192687778768,6892.04817125093,92777.9213965003,,139414.868172143
BRCA2,ZFHX3,173.469729405884,266.40247964945,0.001,0.001,0.988039973451503,0.981727984835051,0.969986964758777,1.01040851593123e-07,0.0207725453366389,4.86415361986984e-06,171.391097792821,265.168960251224,1,4,0,199,204,9.89790785549501,763.809835358228,82.7008468221082,618.927045032417,,30302.108924606,,48596.7748745974
BRCA2,ZNF521,265.995066845226,324.901314132706,33339.0108237834,0.001,0.616700748930858,0.990208716863049,0.00448428762373522,2.11942549047531,0.0900457004457689,23.5372203223824,528.276405532375,323.217390463336,2,4,2,267,275,44.2294705916095,821.365650930207,129.132864837283,658.388192030326,5171.31427141774,131616.513930921,,46585.2335663934
BRCA2,ZNF536,175.342459091226,314.718084026466,0.001,0.001,0.977509342243321,0.960812677876744,0.939204834628825,1.86827957408039e-07,0.0405253362498065,4.61015193696094e-06,171.391097793099,313.132526082908,1,8,0,195,204,10.0047214769119,772.069175269818,143.811008356593,585.894772411563,,15288.8299556207,,26171.6315527022
CDH8,CSMD3,93.3845700918621,638.956666935114,2563.85611861669,0.001,0.657854372684568,0.979755562100481,0.0567978474522178,2.45690279910352,0.333250395278352,7.37254279038846,152.13047966789,634.868425786917,3,14,2,256,275,23.2229784151268,242.168920615941,374.754852600225,1005.23106514227,416.435174480398,8456.34709493009,,24272.3108999769
CDH8,CTNNA2,123.091577990433,209.607891881284,2568.41960970833,0.001,0.804125235816441,0.984746414300253,0.263904401400572,1.25449681042732,0.17460958372155,7.18458164603304,152.130479668147,207.55519695208,4,6,1,264,275,38.2127343311134,285.962795637094,90.061569613006,405.393662202775,142.553580018536,12755.6284389265,,10413.0165224414
CDH8,CUBN,153.794403900323,174.833685276931,0.001,11680.7976766976,0.983749655758371,0.713007727919214,0.0115107798982565,2.05477375821906,0.137577262568213,14.9354167968001,152.1304796681,260.554760556311,3,4,2,266,275,55.1485163722487,330.572329924986,54.275789225006,406.170803528619,,12157.4293289756,1762.14431565009,52863.0515533478
CDH8,DMXL1,153.187877362798,858.379178555077,0.001,74899.1714889725,0.99553882864959,0.746694407291774,0.00687177558209679,2.18001141480399,0.110567791470644,19.7165140571954,152.130479668095,1281.33893197202,3,4,2,266,275,54.9321658798679,329.256181433328,266.484063380496,1994.13990770367,,16166.9498538834,11366.6767891954,330964.798586216
CDH8,DMXL2,92.2092378161231,954.811545470103,5403.53052486791,0.001,1,0.998926226110519,0.0151746279968505,2.21686181454043,0.169872823989111,13.050126338528,152.130479668095,949.768292682019,3,6,2,264,275,22.9310415888556,239.117122680272,436.321140457239,1777.4031676847,854.503632219044,19573.8163166355,,96860.9022918946
CDH8,DNAH5,41.487176418695,331.821045556747,2733.76879167111,0.001,0.708685053625236,0.997849008285262,0.11993652700573,1.36361626331148,0.0995327299753408,13.7001794650796,81.8464372821183,330.771237802085,1,6,1,196,204,2.3671760030932,182.676702938762,142.571452004438,641.776894182584,149.189637644232,14684.0251765587,,84992.6992075452
CDH8,EPHA2,153.551825605597,477.901098676268,0.001,0.001,0.954811677360294,0.954694796564529,0.911556465815309,4.30766619847513e-07,0.0974526436134367,4.42026613004184e-06,152.130479668494,473.466607749016,5,5,0,265,275,55.0624792519212,330.040864561422,171.371383852135,1027.16610613196,,6800.93335751514,,21103.7671144083
CDH8,ERBB2,154.079977634367,1259.66053721988,0.001,0.001,0.938705519154951,0.923442554576287,0.866846748391507,6.85450498183297e-07,0.181954713786299,3.7671488906209e-06,152.130479668578,1248.48717333676,5,9,0,261,275,55.2517434982984,331.176837781035,605.260712764774,2270.92242416447,,4842.6840682603,,32383.8772429558
CDH8,ERBB3,82.859143011981,2016.85839419547,0.001,0.001,0.975803653463963,0.97178104392371,0.948269071184939,4.0965601655861e-07,0.0635452562418732,6.44668132266759e-06,81.8464372822478,2007.17964565043,2,6,0,196,204,13.7775070026201,255.867586246977,801.585110583087,4087.16534758243,,7025.94404711473,,165542.297059271
CDH8,ERBB4,91.7787324709032,264.312318186059,9329.93757725563,0.001,0.434573842655528,0.986215255212717,0.00553173034977122,2.57713079247334,0.140182707521215,18.3840848706915,152.130479668095,262.390441260582,3,4,2,266,275,22.8241067664198,237.999003398986,105.051413197703,535.609644275584,1434.01676463772,37748.7602023328,,23309.68680494
CDH8,FAT2,154.650915174513,350.919296165788,0.000999999999976353,16332.7060804188,0.973783949056949,0.600070482082225,0.0199515123752168,2.07911012142693,0.176447377556662,11.7831738290317,152.1304796681,464.99101643309,3,6,2,264,275,55.454846194981,332.416591164092,139.471379098487,711.135112993935,,7016.80476779452,2464.6684679503,73814.2276129058
CDH8,FBN2,153.870053267858,143.891690183593,0.001,8878.06243337975,0.983758260893207,0.746258898038656,0.0135313793597455,2.00327489348541,0.149102818001668,13.4355267079057,152.130479667806,214.318124041853,3,4,2,266,275,55.1759140988806,330.733938247166,44.6699122605518,334.288233753442,,10870.6071907664,1333.72914573334,40752.2224226054
CDH8,FBXW7,95.6587766501733,790.196673123339,9671.59456372823,3829.27838836751,1,1,0.00595606348620104,2.1197926032895,0.104881622784821,20.2112872303525,152.130479668095,807.452602788343,3,3,2,267,275,23.8118327914382,247.540001990167,270.75144581262,1722.1503344309,946.015196322938,56902.6392448891,,142196.969907639
CDH8,FGFR2,,,,,,,,,,,,,5,0,0,270,275,,,,,,,,
CDH8,GLI3,153.953761757107,128.283821544967,0.001,2765.42478743262,0.9924307185767,0.919046070377981,0.256574399692997,1.06216210160609,0.139035351656071,7.63951102330824,152.130479668014,152.606366239318,4,5,1,265,275,55.2058991266118,330.911608244937,46.0013606724284,275.731911466298,,9395.74284639651,151.579550066933,14738.9593925676
CDH8,GNAS,159.274925213633,1455.35772145429,0.001,13937.7992657283,0.894026969700191,0.5792044872669,0.436286431970204,1.0669326512357,0.271863038639067,3.92452264411047,152.130479668327,1563.5003408494,4,12,1,258,275,57.1077390462977,342.416468076247,779.240444489999,2441.30142307594,,1986.30963945273,763.669200261163,74456.5313402052
CDH8,HMCN1,156.259747036671,276.191313720969,0.001,8032.84177285927,0.957757333088033,0.560509799439269,0.0420360730331556,2.11350304624704,0.257654276072693,8.20286423521553,152.130479667806,329.446772606592,3,10,2,260,275,56.0299611731109,335.891628567256,138.383561298879,484.477518048404,,4239.18799840663,1214.10990929881,36083.6459615997
CDH8,HYDIN,84.9596023800667,622.000435993463,0.001,0.001,0.928372589281056,0.931114979255684,0.864435924618143,9.82099806344787e-07,0.137715686633182,7.13135758427216e-06,81.8464372822478,617.469551566641,2,10,0,192,204,14.1260528773686,262.386718750264,311.617642204685,1091.22457046245,,2264.77428915516,,20475.8805080279
CDH8,IDH2,152.234449429618,729.058712826909,0.001,0.001,0.996703824936198,0.991124220506794,0.98785733888909,6.66218031892694e-08,0.0165424773622446,4.02731717447125e-06,152.130479668494,722.496365546849,5,1,0,269,275,54.5896971664185,327.198587233467,41.5941224785779,3209.71035420466,,156721.192738667,,167761.295919771
CDH8,KMT2C,92.3477556800704,615.141204102779,4766.06497566937,0.001,0.825081598062644,0.996425204465792,0.0188060024530731,2.40111519558423,0.197591407429459,12.1519211124676,152.130479668095,612.180797457454,3,8,2,262,275,22.9657296557505,239.479132545054,308.217452915451,1078.99050159542,761.051206304285,16636.8632376256,,50277.4416116113
CDH8,KRAS,162.864567390323,12883.9622656883,0.001,111193.069060136,0.973563723966381,0.860809939656928,0.285798309839393,1.97714585217416,0.630975499941412,3.13347483754558,152.130479668174,13582.1850227414,3,33,2,237,275,58.396539429072,350.115142890258,8970.32606561849,17800.4551360792,,1846.42802484484,16931.8550637505,484150.018379657
CDH8,LAMA1,61.8176768073244,261.375033073146,5261.46917953631,0.001,0.676557500301293,0.98502235590334,0.00137415010728297,3.29932038288603,0.260825157313038,12.6495481374377,152.130479667908,260.121911256898,2,8,3,262,275,10.2787229354129,190.890142094312,135.71443314047,447.683213204973,1228.71299887951,16066.5904641302,,20700.2827663622
CDH8,LAMA2,154.435433654378,367.03416573222,0.001,16152.9670026402,0.983841922058606,0.789012398881744,0.022392926212372,2.04804472434927,0.183539482654825,11.1586057382593,152.130479668179,486.172800930172,3,6,2,264,275,55.3780390120099,331.954862649722,145.874938723542,743.7993148851,,8441.24170870548,2437.678370607,72977.137047919
CDH8,LRP1B,63.1925419535617,284.909668367578,2349.74479017718,0.001,1,0.994006473960025,0.0125404598281099,2.79602350665246,0.410863860212374,6.80523106901445,152.1304796687,283.626997191258,2,15,3,255,275,10.5071290961834,195.150670517744,172.703752404796,437.617464671423,564.337617673959,6634.50624739207,,15160.1569318418
CDH8,LRP2,154.812269199192,271.42152059534,0.001,11006.4158087212,0.977343554661889,0.66728665214912,0.0248849511987422,2.10102388383491,0.196333048325083,10.7013256390544,152.13047966789,346.846149665164,3,7,2,263,275,55.5133884675811,332.766269339034,116.620288838622,524.948389038248,,6689.57552278146,1663.58360568809,49461.934759065
CDH8,LRRIQ1,91.6268804279304,624.745623009464,12667.3321736896,0.001,0.442111541108831,0.990480942391856,0.00327533059187274,2.50627593870867,0.115320012132694,21.733226457042,152.130479668095,620.5119974939,3,3,2,267,275,22.7863086124485,237.604106805644,224.030530874914,1342.78090653854,1887.70593997338,59436.2146567419,,71700.4499792
CDH8,MACF1,83.5867176175269,610.470368020663,0.001,0.001,0.958954618691546,0.978359570098064,0.93820491541763,3.87814841339715e-07,0.0550719625241742,7.04196515912215e-06,81.8464372822478,607.762164336205,2,5,0,197,204,13.8980008944578,258.13643188193,218.905125843858,1312.18281721804,,4329.82553800981,,66185.6830627078
CDH8,MED12,61.7146807859979,747.749382819937,5826.52081670126,0.001,1,0.997697618711381,0.00118901983752879,2.70263664006082,0.195554983033851,13.8203414616798,152.130479668157,745.308293668887,2,6,3,264,275,10.2611700691134,190.566024423653,359.280051656427,1348.03474740033,1312.40888710542,19376.6126677924,,96344.3645491111
CDH8,NF1,156.343407268414,883.519962452324,0.001,11802.5560528748,0.949246718005455,0.666648673737929,0.356534302084631,1.17037967760152,0.225544691798568,5.18912534925353,152.130479668164,965.004013571559,4,10,1,260,275,56.0605104221006,336.073618570673,442.683539150893,1549.778385203,,3546.10818505582,647.15491426966,62790.0378256597
CDH8,NRAS,152.85599091789,1760.76953057076,0.001,0.001,0.976613805083171,0.9826048379307,0.959625928950901,1.20970396647957e-07,0.0333920953497496,3.62272553970964e-06,152.130479668494,1745.36273097283,5,2,0,268,275,54.8130553684416,328.54339122644,292.778352931028,5437.03630291209,,15641.0227537075,,205788.365388645
CDH8,PBRM1,97.3597183319648,503.115741699731,11603.5378242283,31824.7403130912,0.723794188353012,0.914405790531327,6.60750356573241e-05,3.48695361365448,0.125245838650353,27.8408740061134,152.130479668191,625.128243839987,2,3,3,267,275,18.2737176782812,264.664177340322,149.276248776669,1137.24728677564,,61871.6954174795,,244406.000409302
CDH8,PEG3,91.8257034920064,233.331485455345,8657.74163520832,0.001,0.425218633706955,0.9831829138689,0.00641379886241467,2.57634275406124,0.149471612338026,17.2363348047315,152.130479668095,231.468038011353,3,4,2,266,275,22.8354498892471,238.117904641659,92.7378613179263,472.832763757639,1327.56651134373,35633.5107288205,,18388.1852659564
CDH8,PIK3CA,154.610613535899,903.439178008886,0.001,32903.6562575354,0.992691491647301,0.852545489392902,0.029078466294161,2.20579792527676,0.222177157769139,9.92810398433837,152.1304796681,1098.47924324965,3,9,2,261,275,55.4415399596755,332.32093366484,434.100563466299,1628.77815832617,,7362.81408830402,4991.59540538152,145736.573687344
CDH8,PLEC,153.872824998843,178.700562204285,0.001,4032.45869775115,0.992664674618126,0.936768163035108,0.246399725089569,1.03705187513838,0.127927176691176,8.10657986802827,152.130479667975,212.660415979896,4,5,1,265,275,55.1764495771184,330.744127331878,64.0802093444841,384.095894232853,,11440.1369665364,220.990714721112,21510.3433976616
CDH8,POLE,153.387737688005,154.203266796416,0.001,27141.8148729613,0.973002864661916,0.257585037659993,0.00239277817938829,2.20555828946049,0.0748012540323741,29.4855790586869,152.1304796681,306.908387719662,3,2,2,268,275,55.0028356092672,329.696643794033,25.6406319860428,476.164200074864,,14422.0261397214,4112.59321734736,120824.84282152
CDH8,PREX2,92.4411123358732,462.170975902529,4421.49440818899,0.001,0.791526340254025,0.990345740162563,0.0225986000732328,2.24298789347052,0.19921187289501,11.2593082976165,152.1304796681,459.216574031115,3,7,2,263,275,22.9887322883126,239.723865843378,222.071894552859,833.203707329047,691.505341547496,16557.8483532116,,31450.5654772927
CDH8,PTPRT,154.196925271293,115.278760927561,0.001,7029.29756788114,0.97508645349781,0.587460016153392,0.0135355593215975,1.98292636543507,0.14229191059739,13.9356226022271,152.130479668095,171.695159064435,3,4,2,266,275,55.2925079715224,331.442361282065,35.7871928421345,267.815408770447,,8989.64073131646,1062.15193873422,31638.3638341391
CDH8,RASA1,153.573549899295,214.448929051166,0.001,40124.8429971165,0.98493828748953,0.422226607623409,0.000145404951693421,3.06162409808998,0.140470164916428,21.795547117863,152.130479668511,427.203443258435,2,3,3,267,275,55.0697163383121,330.094111882595,53.3299879546687,556.107138586887,,15782.3116924516,8273.88984740939,221336.724486523
CDH8,ROBO2,61.3727096888568,303.827459381228,9029.41618485052,0.001,0.963848985401156,0.989629553372759,0.000451969356282586,3.08665212522158,0.173855847243193,17.7540886554359,152.130479668343,302.892005579851,2,4,3,266,275,10.204938957107,189.518133802615,130.543003595141,587.615151749622,1862.99463897406,35856.13569178,,36129.1014054222
CDH8,ROS1,153.586181202576,258.917597613834,0.001,47463.2041552858,0.984468162426445,0.453292387454888,0.0001514615024259,3.0259702144945,0.128602256908008,23.5296820386211,152.130479667872,515.737306276086,2,3,3,267,275,55.0740463056202,330.12183725074,64.3888534638115,671.418296582577,,16336.2639356914,9835.61098854833,260795.422951895
CDH8,RYR1,85.0198053919541,283.489060779676,0.001,0.001,0.927046481270746,0.947812085528066,0.878678340944618,7.72522991836916e-07,0.0952373969648715,8.11155088711489e-06,81.8464372822478,281.271546449241,2,7,0,195,204,14.1358478930237,262.58258868248,121.790847079624,548.401740622614,,2247.64488562823,,12414.2086255258
CDH8,SACS,158.305232979159,583.582437381582,0.001,9815.37014164233,0.960235455047003,0.703566310147443,0.103191606009742,2.13734329458014,0.407671442018523,5.24280848321728,152.13047966814,648.286431567957,3,17,2,253,275,56.7634747399356,340.29338216282,348.237522114823,906.722652809668,,2938.954429221,1487.64283223559,43650.984254035
CDH8,SF3B1,154.436299246339,1203.37577683642,0.001,64596.9808062982,0.974060970392536,0.506965163453482,0.0145294144872375,2.27259384051712,0.171546397169538,13.2476920414197,152.13047966789,1540.11705998674,3,7,2,263,275,55.3784080281189,331.954033442116,517.058506059261,2327.37111463379,,7521.96052401393,9787.76850869948,287766.57365828
CDH8,SMAD4,159.639337326443,2812.25449400473,0.001,0.001,0.786953256852417,0.812108856337152,0.639138719025542,1.69047000053713e-06,0.471932436448576,3.58201697950322e-06,152.13047966837,2788.32035227544,5,25,0,245,275,57.2422869243783,343.156965436052,1848.6163330147,4064.12055599148,,1266.15494485205,,27483.4329163653
CDH8,SPHKAP,92.2574823479027,641.291256146166,5166.10483678156,0.001,1,0.998173773409249,0.0176455339487562,1.9388698534984,0.152664343590574,12.7002141292284,152.130479668095,637.289028009442,3,5,2,265,275,22.942799243316,239.244059497513,275.544534295038,1240.2885486871,793.247382281657,20572.2791226465,,59145.6664638448
CDH8,SPTA1,92.50500641025,357.907426086109,4215.23182501457,0.001,0.801945792541185,0.990931045374669,0.0245115451351832,2.18750766655258,0.20165117693509,10.8479786718861,152.1304796681,355.57728610718,3,7,2,263,275,23.0043198087087,239.886718433649,171.971813247771,645.241571162204,662.127535217484,15521.6214944536,,23628.1655641543
CDH8,SYNE1,158.000431898909,366.168478344773,0.001,5948.11625472502,0.973983490933592,0.802068242311005,0.10919367692998,2.20391498240818,0.442253871881289,4.98337068940294,152.130479667968,399.015338934718,3,21,2,249,275,56.6578981371713,339.652232702584,231.019294998824,545.974815005625,,3181.02416631963,900.934288627151,26507.92360538
CDH8,SYNE2,83.0488924708364,758.45071789842,0.001,0.001,0.971353307944142,0.979648437677422,0.95158630414238,3.17344988823645e-07,0.0462230601614127,6.86551231604884e-06,81.8464372820587,754.531314202245,2,4,0,198,204,13.8089351719629,256.465813422207,235.456944923618,1762.0374656198,,6464.84304740328,,86963.0345607334
CDH8,TENM1,92.5585400513842,330.877166190817,4052.79293489482,0.001,1,0.996347614992626,0.0278027674139171,1.99876836208485,0.192210054894708,10.3988751430292,152.13047966789,328.839835108705,3,6,2,264,275,23.0174786259999,240.028997357878,151.198034195603,615.957424868306,624.036012852157,15811.7412050681,,24848.7370762395
CDH8,TP53,102.806526346196,1496.04185442522,535.782397022997,0.001,0.880560888363885,0.967322250981289,0.635049882997319,2.20813094181735,1.22001787108627,1.80991688248902,152.130479668046,1485.32595520064,3,60,2,210,275,25.5633372795993,266.659364601386,1153.08793409407,1901.51795215571,88.5965719304142,1678.48979447686,,13932.5225952975
CDH8,TTN,83.1273363954094,656.41807621066,0.001,0.001,0.969569442561556,0.97041477778432,0.940887469216301,4.48159481597694e-07,0.0640401955573011,6.99809670625842e-06,81.8464372822369,652.433493252382,2,5,0,197,204,13.821823527564,256.706826703849,235.376218232274,1410.97867962925,,6011.47877608414,,51828.9437008038
CDH8,XIRP2,155.063653898138,334.516294717889,0.001,13019.5535149225,0.974781992083632,0.653077083741646,0.0265130999990835,2.02989050556531,0.186398035784778,10.8900852791662,152.1304796681,427.402901608566,3,7,2,263,275,55.6020899604835,333.316618416205,143.731027021739,646.978365857418,,6720.70246888489,1976.62541427986,57429.1357216983
CDH8,ZFHX3,83.6608499305265,266.879294976936,0.001,0.001,0.957280789588605,0.974970908268163,0.933324220054639,4.07489847107333e-07,0.0500515723244974,8.14139952418417e-06,81.8464372822478,265.168960252107,2,4,0,198,204,13.9102289628108,258.370200413877,82.84894035013,620.034952885725,,4207.88591326554,,24845.371979462
CDH8,ZNF521,91.9551792869014,325.400456109214,7175.41073325391,0.001,0.803649505103316,0.994519255004544,0.00914362834173087,2.16387781946598,0.137817253346633,15.7010662084773,152.130479668179,323.21739046141,3,4,2,266,275,22.8677953591829,238.456261967898,129.331144085145,659.400406570757,1111.7733605681,28384.8789640652,,34224.1091333877
CDH8,ZNF536,83.5955175050428,315.494834962267,0.001,0.001,0.958797175756627,0.942313339537021,0.903493149056431,8.5001028009464e-07,0.107620314158177,7.89823265935949e-06,81.8464372822478,313.132526082908,2,8,0,194,204,13.8997763044715,258.149481088313,144.165591027333,587.343073491939,,4011.20716542906,,12436.7855416917
CSMD3,CTNNA2,641.178699335903,151.731380588122,0.001,2464.04294609769,0.980102048882857,0.756066096888802,0.119557187027482,2.41298169958938,0.456493198613758,5.28590942190799,634.86842578629,207.55519695182,14,5,2,254,275,376.054026384731,1008.73228324782,54.4085750927323,326.131607587729,,15700.6128665869,400.597157764438,8104.56982775702
CSMD3,CUBN,639.557189559587,133.378594942298,0.001,5250.22008246083,0.972631325619379,0.569936253074239,0.0070924484471849,3.26878478637866,0.379532295956889,8.61266569722951,634.868425786655,260.554760555995,13,3,3,256,275,375.105696369747,1006.18306947943,33.1686928888962,345.88748226934,,23500.5026251432,1265.09779130385,14700.2488737248
CSMD3,DMXL1,518.858859071456,1316.52638740587,16275.6140945662,0.001,0.869551172684114,0.989133428718829,0.00858313912728102,2.91089269086843,0.350232442101641,8.31131654566615,634.868425786655,1281.33893197052,13,3,3,256,275,285.412966230104,854.245522494346,523.24280154439,2667.96839683408,3582.74022642685,64504.8470188938,,36289.3087750499
CSMD3,DMXL2,641.154748841768,608.296283248944,0.001,13946.3893253361,0.991773480220056,0.909228998676735,0.021984206110285,3.11372759383191,0.489406477134763,6.36225252281349,634.868425785751,949.768292675186,13,5,3,254,275,376.042877337158,1008.69984422553,218.135211255308,1307.55752595939,,17981.2340977834,3354.43430210803,39260.739949032
CSMD3,DNAH5,431.040866771911,287.963684781443,0.001,3014.3873971329,0.968071122388897,0.830743762697694,0.450802998115451,1.25738802337883,0.313314387947114,4.01318315324565,424.055259186638,330.77123780273,7,6,1,190,204,196.966230744694,802.443289910796,114.446518211984,583.589571470024,,10755.0139268105,167.257399393421,14992.2999478648
CSMD3,EPHA2,640.385657995838,390.348814219632,0.001,3140.90514746387,0.992541827686228,0.961553557709248,0.56891398787934,0.964333184943145,0.296616244797991,3.25111386127857,634.868425785575,473.466607748079,15,4,1,255,275,375.590320108228,1007.48929495215,121.179441125209,906.870860251147,,16589.3301535232,177.341775621408,14406.1914582949
CSMD3,ERBB2,603.899425538406,1285.1132563627,2689.84646644659,0.001,0.940242628958645,0.97907078086389,0.779456696400263,1.08410781994934,0.535548009096113,2.02429623775295,634.868425788092,1248.48717334454,15,8,1,251,275,347.489306225823,963.214318931321,617.466095817949,2316.91754725867,150.496966378173,12845.0600765805,,16377.7581836766
CSMD3,ERBB3,430.605343504289,2052.29436373787,0.001,0.001,0.885730745500421,0.876189883848724,0.77609079672842,3.56803552795451e-07,0.241515126123421,1.47735489086143e-06,424.055259189958,2007.17964568271,8,6,0,190,204,196.767232850363,801.62749348312,815.637195951865,4159.20988573725,,7183.17910895241,,30802.2813624901
CSMD3,ERBB4,569.869530177321,210.675945748528,11690.1254142461,2461.45773170874,0.915809297496661,0.970776757107516,0.00602925808900109,3.46282470807376,0.383291675207415,9.03443756298615,634.868425788192,262.390441260215,13,3,3,256,275,316.869441770957,927.781665084617,61.2097240012349,481.100139981429,,57831.5492734815,,11842.5239760426
CSMD3,FAT2,643.873328227344,357.719254265702,0.001,4467.83859792703,0.952488528689461,0.674833223151385,0.171469099295038,2.1762532902417,0.492582235968466,4.41805069556145,634.868425786652,464.991016433035,14,6,2,253,275,377.634579446555,1013.01257969596,142.170741845704,724.944010300063,,10801.2615046527,727.223001717333,14642.5692311314
CSMD3,FBN2,640.699633947475,146.381142969724,0.001,2861.7524994001,0.96833798135694,0.658403494845325,0.0918460430134761,2.31193494835723,0.388515501562303,5.95068906918886,634.868425786652,214.318124041381,14,4,2,255,275,375.772970034931,1007.98361777085,45.4418489502286,340.079156781877,,16846.4873073991,465.234623347605,9414.11571485184
CSMD3,FBXW7,637.400653274066,330.574677373765,0.001,19682.2137925305,0.994729047476797,0.905468184119584,0.00341938162236118,3.16180366619732,0.303012159453574,10.4345768562524,634.868425786614,807.452602794848,13,2,3,257,275,373.843965105249,1002.77308441206,54.9665573456545,1020.80567847483,,51660.3458965002,4731.84375113375,55400.2446200299
CSMD3,FGFR2,,,,,,,,,,,,,16,0,0,259,275,,,,,,,,
CSMD3,GLI3,641.182549205257,130.608085868082,0.001,950.602536235463,0.985912873285712,0.923931625091323,0.598608834709232,1.14564880821234,0.380438942550382,3.01138679582104,634.868425783465,152.606366239282,15,5,1,254,275,376.08275017254,1008.81800488836,46.8357825340412,280.747548071474,,14015.3006982174,53.5000479273809,4363.10807548866
CSMD3,GNAS,654.6210932222,1488.43664420074,0.001,3948.75264932865,0.907301701142783,0.882584650132445,0.882094550157047,0.995005349196246,0.788400043563351,1.26205643609442,634.868425788794,1563.50034085158,15,12,1,247,275,383.914920324391,1029.99787341994,796.907124892184,2496.99168558936,,4309.57073063106,222.724833540723,18221.5932696469
CSMD3,HMCN1,647.989446452148,253.294324387019,0.001,3209.4728396332,0.941453382543104,0.650943966107285,0.0720571524351661,3.14155846885155,0.73523235644992,4.2728784190356,634.86842578826,329.446772609669,13,9,3,250,275,380.037397107399,1019.4990375019,121.698784181588,456.685116371015,,8186.23494125462,773.712623606031,8976.09904660475
CSMD3,HYDIN,435.442493069144,564.278380498312,0.001,3837.88227399162,0.960349386838679,0.803776235970136,0.597962324691334,1.2314360047232,0.441973767751008,2.78621966862284,424.055259189192,617.469551567167,7,9,1,187,204,198.971378439092,810.662035778384,271.098627969608,1017.48818138237,,6665.21898766444,212.748721533788,19132.3606226689
CSMD3,IDH2,635.665379431392,743.698095479947,0.001,0.001,0.897931773003484,0.971525232002516,0.952548345836921,8.40220776418196e-08,0.0552860511924622,1.51976992079469e-06,634.868425785713,722.49636553808,16,1,0,258,275,372.828380661939,1000.03852858186,42.4337585665927,3274.59630745696,,108517.846371887,,49765.836747094
CSMD3,KMT2C,522.918544255475,628.018889525293,7836.46889841524,0.001,0.976632297840973,0.992691172347677,0.0487005298394116,3.01467753881646,0.602806447056151,5.0010704987295,634.868425789862,612.180797457571,13,7,3,252,275,287.639866821654,860.945505386596,314.657821846779,1101.65012924394,1844.26604568632,23553.1723277211,,11074.8025015295
CSMD3,KRAS,677.5928821175,12729.1137881471,0.001,45731.980543145,0.900043244351141,0.797747340035581,0.628790272652451,3.17334310092442,2.00295869008615,1.58432778300981,634.868425787068,13582.1850227071,13,32,3,227,275,397.368979169338,1066.25098607755,8809.44638818041,17671.3421256266,,2786.03773208493,11061.311142828,126837.30024786
CSMD3,LAMA1,642.301543353324,144.67043563752,0.001,5448.57907753463,0.981252742006232,0.728560236562937,0.000313068115804381,5.42658514049753,0.704109710086456,7.7070164816094,634.868425782945,260.121911257919,11,6,5,253,275,376.712933427054,1010.50348915552,57.4977529926328,293.180955503268,,16093.4745739261,1850.38498982511,13176.6567105233
CSMD3,LAMA2,642.958344150807,373.807772006314,0.001,4759.85134226468,0.972136009174514,0.77197625215402,0.16951873815155,2.25598998301745,0.50516292856538,4.46586607102044,634.868425781153,486.172800929355,14,6,2,253,275,377.092383158515,1011.54483688546,148.564130493128,757.553578024372,,12520.0332114065,774.806199749687,15592.8419269371
CSMD3,LRP1B,657.312414531657,258.448255530229,0.001,1236.86924025566,0.911684805951892,0.746705799161122,0.548865129942685,2.34635998404876,1.14785714500138,2.04412194868199,634.868425788729,283.626997192257,14,16,2,243,275,385.496083854944,1034.2254856247,151.567587074478,406.667231031602,,4458.0043979866,201.174738418969,4062.85188767117
CSMD3,LRP2,642.298619963832,197.017570406238,0.001,6415.61734701951,0.965214439099766,0.565719963229526,0.00231484483590054,4.23410454778303,0.560472839098987,7.55452227549466,634.868425787913,346.846149664576,12,5,4,254,275,376.703970478301,1010.49261143027,70.647755613299,423.483639793395,,15192.9356273825,1909.85861748419,16381.4898456687
CSMD3,LRRIQ1,600.288702200648,501.160025942742,7046.45954191908,5559.49190869534,0.968589422670879,0.972378046260426,0.0575795097638817,2.38341694394549,0.31406563264369,7.58891357797654,634.868425784882,620.511997495786,14,3,2,256,275,341.560197842652,962.467519015306,133.792968641114,1212.13566238335,,46731.7463602957,,28347.8399125971
CSMD3,MACF1,430.589240047833,622.631611147457,0.001,0.001,0.886024546862516,0.887271943650788,0.786169617427504,4.09997107474538e-07,0.198024095147238,2.07044050457442e-06,424.055259188435,607.762164333525,8,5,0,191,204,196.758421900915,801.60718646857,223.255092085658,1338.43588448642,,7324.57585801936,,10417.4207279366
CSMD3,MED12,641.88684029184,423.52721858619,0.001,13497.0606678126,0.979543352956027,0.725996104547658,0.00254217141416229,4.10433115314547,0.553371712059981,7.41695150600796,634.86842578859,745.308293671689,12,5,4,254,275,376.469026533351,1009.85616385999,151.869331582223,910.362933225153,,16969.7903590309,4017.4538349369,34468.9322477957
CSMD3,NF1,649.404847003366,901.755843779715,0.001,3205.35653388152,0.93385143773758,0.870458383346631,0.829382579361428,1.0838385699432,0.660259983038924,1.64153302908758,634.868425784313,965.00401358045,15,10,1,249,275,380.864167827223,1021.73827581776,451.803568988829,1581.85963693974,,5852.2236923869,180.793670734056,14764.7769963631
CSMD3,NRAS,636.43681230219,895.256887453489,0.001,34142.0552923288,0.992257976695377,0.73722360062571,0.191927017678393,1.03701870396925,0.110001405212892,9.42732233249426,634.86842578923,1745.36273097283,15,1,1,258,275,373.279709085035,1001.25117247402,51.0827019497382,3941.99600961461,,97480.6973130437,1927.69955983498,156623.961979986
CSMD3,PBRM1,559.602935430332,641.795517346196,9462.19907563954,0.001,0.976334146842376,0.997890372552103,0.103908512958317,2.0715171407549,0.362010608056468,5.7222553556546,634.868425784882,625.128243834814,14,4,2,255,275,315.238158260404,906.087144256687,255.07635915909,1300.61133262799,1466.37246266617,37397.4944791416,,16767.2013023295
CSMD3,PEG3,639.410271269274,157.920314174263,0.001,3209.68244412301,0.996649521073398,0.875494706620037,0.0883094566690793,2.41866311457602,0.393045568686232,6.15364554970173,634.868425791163,231.468038011513,14,4,2,255,275,375.019207148659,1005.93883579254,49.0240200011627,366.872201903374,,22702.7029912332,521.822309814962,10562.1531005599
CSMD3,PIK3CA,645.592291611018,818.782160095302,0.001,11589.1526294669,0.975634467081558,0.821868105385602,0.0596329799731602,3.13610789233827,0.674361736667166,4.65048314846207,634.868425785905,1098.47924323157,13,8,3,251,275,378.636985100323,1015.70324681826,374.141425745659,1524.30055069486,,10472.1338215292,2789.75604725548,32526.0613212175
CSMD3,PLEC,638.798175706154,109.093498243032,0.001,3962.25613470365,0.991574995109712,1,0.0090890701425785,2.99065577120929,0.367762805258705,8.13202349026431,634.868425786623,212.660415979208,13,3,3,256,275,374.658125088355,1004.98060363424,27.1283070349515,282.899405248511,,32874.009867494,954.493539615581,11100.8720273146
CSMD3,POLE,638.5044661291,157.719542249409,0.001,5497.93053627865,0.972963776613551,0.653660566347417,0.0445097940144648,1.95907527969443,0.235623177252004,8.31444216372298,634.868425787556,306.908387719201,14,2,2,257,275,374.488417524125,1004.52377317049,26.224917624347,487.041429400451,,31067.922287561,893.867474618056,18080.8266372635
CSMD3,PREX2,642.930267973202,365.977488899545,0.001,4071.84618531914,0.996925664843099,0.941623418204301,0.208763761715797,2.27653854218435,0.558969958655259,4.07273862742307,634.868425788517,459.216574032256,14,7,2,252,275,377.094167891038,1011.53666715376,157.235319769803,707.794091209054,,12963.1960750036,663.177991255602,13319.9838077505
CSMD3,PTPRT,641.163106661855,117.39009247049,0.001,2202.13417150619,0.962026288614501,0.634772948619947,0.0978545185930025,2.2573797818965,0.387660962855631,5.82307737479662,634.868425784882,171.695159064874,14,4,2,255,275,376.053091289818,1008.74612967205,36.4399518395579,272.71288790928,,15639.1812058018,358.241566597695,7227.98393626466
CSMD3,RASA1,640.610324851111,291.681759181067,0.001,5798.66541002216,0.968552964700332,0.656253204438086,0.0891048532409432,2.31158359140906,0.378558644652546,6.1062760659731,634.868425786917,427.203443258768,14,4,2,255,275,375.721490167262,1007.8459299086,90.5489786485684,677.652937736513,,17250.0246217176,943.340756737003,19034.2276190097
CSMD3,ROBO2,639.234158194783,132.366227526413,0.001,8084.0924867825,0.970241054985553,0.451078004959135,0.000416936294628733,4.60950855010739,0.454406250715865,10.1440254020398,634.868425789536,302.892005579292,12,3,4,256,275,374.916313331893,1005.67275447949,32.9167937591425,343.264116340354,,25724.1777900619,2398.93573272817,20807.0654038384
CSMD3,ROS1,640.967835493552,352.769015140969,0.001,6503.30712646446,0.968821680805339,0.690599229064432,0.101242905175336,2.15216361863036,0.369625393566127,5.82255347195275,634.868425783978,515.737306274832,14,4,2,255,275,375.930023755863,1008.41141660968,109.514239018649,819.577686361354,,16514.4745510841,1059.70674758212,21240.7288870843
CSMD3,RYR1,434.35031949255,286.801784101959,0.001,0.001,0.826469767811597,0.875231558635939,0.723402875237585,9.47485282514968e-07,0.308395765552494,3.07230315182032e-06,424.055259187918,281.271546449432,8,7,0,189,204,198.484882067797,808.693291041613,123.211162946474,554.825237803546,,4530.51519856658,,4288.22286116161
CSMD3,SACS,654.632039425096,523.364690191324,0.001,5699.51729292677,0.953965557391815,0.710622101521791,0.0478517829111308,4.30542128865656,1.16921937619675,3.68230408793026,634.868425783547,648.286431568563,12,15,4,244,275,383.927257249816,1029.97190911659,301.133497880639,834.812158393773,,6201.63926732189,1699.18811856137,14504.7284219135
CSMD3,SF3B1,563.157449561557,1585.27400192586,5409.68252065983,0.001,0.931303928866256,0.983121422318732,0.245586502770354,1.98789781812966,0.532339283141995,3.7342685033436,634.868425785992,1540.11705994046,14,7,2,252,275,317.235133588984,911.864658788123,761.680716924553,2858.14216158331,861.150429840957,19098.3514443151,,24836.6627214157
CSMD3,SMAD4,539.211318282349,2865.7214869181,2644.01573647156,0.001,0.955622936771023,0.986839655633047,0.473584175128791,3.01184776015046,1.49425204376893,2.01562231265465,634.868425786385,2788.32035234431,13,22,3,237,275,296.584067235604,887.854975637251,1883.63788438526,4141.73932645786,646.43967474996,7129.01897190038,,19156.0796453536
CSMD3,SPHKAP,640.910471162145,372.956122725384,0.001,10845.6787928044,0.969368229319942,0.607887846365922,0.0129292584436669,3.2161683674117,0.434158824658883,7.40781526193469,634.868425788356,637.289028001027,13,4,3,255,275,375.897409038514,1008.31795279088,115.780234103214,866.461779971311,,17704.1212648072,2617.12273052751,30251.3544585362
CSMD3,SPTA1,642.75667010535,242.745301139603,0.001,4724.67911394449,0.982058504789655,0.781195826231863,0.0300262394042536,3.28509715044311,0.570132125058045,5.76199271372168,634.868425785467,355.577286105437,13,6,3,253,275,376.978714123144,1011.22790307475,96.4764841791998,491.933750861322,,14107.7893767926,1139.55560183406,13194.3260670235
CSMD3,SYNE1,493.395905048414,409.16186910644,4286.32266430122,0.001,0.777877807907916,0.944971710552444,0.0956315792868737,4.18071820890621,1.35126154754956,3.09393708160179,634.868425782491,399.015338934318,12,19,4,240,275,264.18003607427,827.646327810218,263.847601317569,600.066290689912,1297.0110854764,10516.7994830888,,3359.27563042869
CSMD3,SYNE2,429.211776503606,771.216266654844,0.000999999999862666,0.001,0.908723031859195,0.916793533847804,0.833124800395037,3.16983735947074e-07,0.16701154290825,1.89797501674009e-06,424.055259187624,754.531314196282,8,4,0,192,204,196.130956558547,799.030875724078,239.411828543793,1791.76185015045,,9430.43418733453,,17626.6881124353
CSMD3,TENM1,640.844059547402,167.81438287855,0.001,7437.16371403377,0.9576036097314,0.434942604614277,0.000942927840147589,4.53546943658453,0.514364157249762,8.81762341457673,634.868425789139,328.839835108222,12,4,4,255,275,375.863967616868,1008.22954585959,52.095339062524,389.874007510168,,17582.699564585,2211.57325821843,19048.3736818174
CSMD3,TP53,710.576093103738,1289.59771273541,0.001,10961.8600531659,0.963135822086816,0.809758073567796,0.00898905294782705,9.14905044023799,3.71119721544831,2.4652557945867,634.868425791947,1485.32595521814,7,53,9,206,275,416.652141518105,1118.30946380706,972.203369741356,1669.93016859433,,2513.08155890137,4726.4328777716,24919.8632043078
CSMD3,TTN,428.742500689154,530.479220461774,0.001,7468.22252314722,0.998103547026556,0.918699245232929,0.374244825863603,1.09766081948765,0.214184644816209,5.1248343242792,424.055259189591,652.433493248892,7,4,1,192,204,195.924901071717,798.181188156935,164.672416438724,1232.44667603234,,18391.3714143466,414.0908831283,36741.8818117993
CSMD3,XIRP2,642.380412119688,242.694111843717,0.001,8031.90722793694,0.958044509336608,0.559059490638133,0.0021499238022159,4.3110986413984,0.553787802625934,7.7847482753433,634.868425788422,427.402901609545,12,5,4,254,275,376.755346459405,1010.64520675209,87.0266131133478,521.657736148322,,15166.7335541767,2395.6858001856,20414.8352002726
CSMD3,ZFHX3,430.239252474877,270.500731800517,0.000999999999997669,0.001,0.891576105192254,0.924201532456213,0.824013538754246,5.42047961484687e-07,0.171867514993251,3.15387094242896e-06,424.055259187624,265.168960251863,8,4,0,192,204,196.599795223544,800.967111891778,83.972651603188,628.477478442387,,7860.71887823642,,6844.19151401706
CSMD3,ZNF521,638.73285346352,165.243672385762,0.001,6915.44070819036,0.988442197162451,0.666961781276526,0.00607426570626762,3.4243964465848,0.378273696779929,9.05269511397467,634.868425786027,323.217390461677,13,3,3,256,275,374.620050123606,1004.86134366003,41.08290271298,428.402435948753,,28408.3892454035,1666.52660618314,19344.1958037729
CSMD3,ZNF536,433.24941510773,318.335878014678,0.001,0.001,0.843579214849194,0.878063327640181,0.740746220688678,1.01483235020409e-06,0.35244839297553,2.87937857124673e-06,424.0552591879,313.132526082908,8,8,0,188,204,197.973601467264,806.568057784776,145.462121023908,592.640325957899,,5036.85946964265,,4892.04825942194
CTNNA2,CUBN,209.713357470854,175.199292235374,0.001,9133.76432052967,0.976702727721572,0.542239265431248,0.0167331157645529,2.39253057769829,0.18688222091564,12.8023445246741,207.55519695245,260.554760556515,5,4,2,264,275,90.1067506694578,405.606487097498,54.3882523221992,407.012325442571,,11937.9594382091,1434.50749903808,34034.8900899671
CTNNA2,DMXL1,209.089130431316,861.096965253743,0.001,47919.4386609975,0.99388249280665,0.75320262005217,0.0149963559614086,2.2353447255721,0.154548320895548,14.4637270247851,207.55519695182,1281.33893195937,5,4,2,264,275,89.8404698291378,404.388977371147,267.332310955737,2000.50166803923,,15822.6724600347,7537.857118722,177769.349872512
CTNNA2,DMXL2,209.676588963645,717.669705643695,0.001,28537.9310334502,0.991913219426784,0.746207522204167,0.0249780365548416,2.52260195487847,0.235305126977693,10.7205566970821,207.55519695182,949.768292668067,5,6,2,262,275,90.0941147389557,405.534076979239,285.240768264646,1454.33340496683,,11207.3346381508,4483.51844884048,106270.135990043
CTNNA2,DNAH5,120.882993689779,284.782377810737,0.001,9812.59914200145,0.987525946003596,0.861734364794219,0.172923038743299,1.29981726563555,0.142378713059867,9.12929494656275,119.06117016326,330.771237802375,2,6,1,195,204,30.0612826716008,313.481267894346,113.184103589735,577.12049673345,,8997.63395849782,510.38125907153,75961.4888342007
CTNNA2,EPHA2,185.875948190674,457.118870456373,3055.74448172589,1953.14104092089,0.997862468964097,0.99823871977107,0.254410653765357,1.06318295368696,0.135245260242638,7.86114760531754,207.55519695182,473.466607750354,6,4,1,264,275,74.0807687392299,375.275901263425,153.302527930613,1005.99574212366,,19247.4468797149,,33507.7020296172
CTNNA2,ERBB2,210.300866056934,1262.6456245632,0.001,0.001,0.912691975081829,0.904131520983976,0.825203138149482,7.3478524356956e-07,0.255053632433917,2.88090483776952e-06,207.555196952189,1248.48717333354,7,9,0,259,275,90.3599657084433,406.7346453158,606.695472462149,2276.3182231864,,4565.03421978298,,25099.1281951226
CTNNA2,ERBB3,120.612307697703,2019.60694004023,0.001,0.001,0.96205341485799,0.963950038929118,0.927373893090458,4.31473832255072e-07,0.0954223034047321,4.52172937415882e-06,119.061170163523,2007.17964560697,3,6,0,195,204,29.9942024435947,312.773267401959,802.679219848179,4092.75444003224,,6410.28139443776,,119507.131352878
CTNNA2,ERBB4,119.109626236065,264.542841879338,16155.5713802022,0.001,0.477106162047102,0.990094690613121,0.000247309939828593,3.50035274451088,0.190758621060712,18.3496437804341,207.555196952458,262.39044126127,4,3,3,265,275,36.9770350137617,276.707182349955,105.143191106721,536.076415175259,3505.36079166983,65659.4636739058,,22556.3414625207
CTNNA2,FAT2,211.359083571393,410.977217198691,0.001,5571.70423465792,0.955950770192304,0.684392000666003,0.356832670301993,1.28151477294602,0.243318059601147,5.26682965928101,207.555196952189,464.991016434428,6,7,1,261,275,90.8119842916466,408.800417097031,176.582436623316,794.869791953859,,5328.30248674426,309.111104994844,27726.3627187097
CTNNA2,FBN2,210.212695338896,180.458027089172,0.001,3306.5543675728,0.972171919286989,0.718175865560141,0.287065751856937,1.321991091702,0.201497909837635,6.56081789020662,207.555196951965,214.318124041064,6,5,1,263,275,90.3209592484738,406.572517383116,64.7102389087323,387.87749117939,,7859.74081817131,183.169017749148,16578.8283225249
CTNNA2,FBXW7,209.192040454429,651.711597522546,0.001,17458.9055209895,0.986733082700074,0.776009695367951,0.211017216041515,1.34795429545137,0.145551424379877,9.26101754891336,207.555196952226,807.45260279016,6,4,1,264,275,89.8819113232519,404.58327538462,202.319804504053,1514.01661600295,,13882.1100198597,969.633088554638,86418.6272121523
CTNNA2,FGFR2,,,,,,,,,,,,,7,0,0,268,275,,,,,,,,
CTNNA2,GLI3,210.066973197297,128.559459722976,0.001,2246.47122230346,0.979593570443345,0.787666160869968,0.301165649090404,1.23268819006608,0.191052380420425,6.45209542719889,207.555196952226,152.606366239456,6,5,1,263,275,90.2588135492684,406.290782202337,46.1008069125258,276.328740188141,,8624.87702977509,124.598122820105,11193.4557738874
CTNNA2,GNAS,216.707746132836,1581.26084805872,0.001,0.001,0.740909889691732,0.867558862230058,0.642832003364687,1.06743299310296e-06,0.378716477253054,2.81855439944249e-06,207.555196952226,1563.50034088387,7,13,0,255,275,93.1026095996086,419.201086332633,869.753734626541,2603.62054748535,,1395.32204212846,,22328.6814956185
CTNNA2,HMCN1,213.108479500974,304.975871162217,0.001,2706.97879701435,0.942054412610555,0.716988209083409,0.483071170151711,1.29640950408677,0.356075843003742,3.64082408160764,207.555196952226,329.446772608837,6,11,1,257,275,91.5617792203488,412.195654697991,158.347990295315,522.382298557109,,3626.27425098201,150.345710564426,13398.3157256151
CTNNA2,HYDIN,123.331696945835,621.294896847413,0.001,0.001,0.900061763056617,0.941971597198899,0.847846569029399,1.02178680622155e-06,0.197777823613121,5.1663365869588e-06,119.061170164125,617.469551567939,3,10,0,191,204,30.668925453492,319.859807583158,311.267010950488,1089.96932341545,,2307.70188611602,,23175.5431486009
CTNNA2,IDH2,207.73180729214,731.140711939263,0.000999999999862666,0.001,0.99416627409891,0.988189612171303,0.982424880102889,7.30412861264925e-08,0.023197029523892,3.14873445547255e-06,207.555196952449,722.496365546888,7,1,0,267,275,89.2567463975834,401.754330168006,41.7177258516356,3219.26039961393,,120501.080145199,,123600.271344652
CTNNA2,KMT2C,130.573263935364,593.805949860437,6738.2269771263,3510.66893929419,0.813702367511323,1,0.00173651904192324,3.55255520908545,0.274351724269632,12.9489078974915,207.555196951852,612.180797461498,4,7,3,261,275,40.6927708170555,301.428646543205,287.482843367089,1057.78494218973,1045.52745167934,22113.7642581403,,47356.5442187413
CTNNA2,KRAS,222.759833382669,12915.7094387476,0.001,83009.1349302324,0.900899597966016,0.647228954197261,0.380013869735205,2.2490161210304,0.87898168375358,2.55866096256553,207.555196952264,13582.1850234954,5,33,2,235,275,95.7025505399715,430.909012475433,8992.38200398507,17844.4337237354,,1623.12858243731,13054.2060583251,307881.317642705
CTNNA2,LAMA1,211.408823647607,214.809166853793,0.001,4592.96848554585,0.989349152609123,0.846133425495219,0.0710871420300517,2.32057394237401,0.354221733484885,6.55119018120054,207.555196952192,260.121911257113,5,9,2,259,275,90.8331762079724,408.880486531964,103.211962284477,387.263497922277,,6585.70566755599,720.658155090417,17214.1559035973
CTNNA2,LAMA2,211.214844551227,429.867175036158,0.001,5603.29822040567,0.963842343449571,0.734059024165364,0.371600326187979,1.27258168273644,0.251613047582295,5.05769352966569,207.55519695208,486.172800927764,6,7,1,261,275,90.7501558055281,408.521688198411,184.697746756035,831.41637162923,,5723.78327840134,310.970199150475,27834.8235927469
CTNNA2,LRP1B,216.418352186076,271.347416289703,0.001,1188.13536512325,0.959082139185278,0.890069432268425,0.770131973278828,1.09372250996574,0.560380930358923,1.95174826749584,207.555196952595,283.626997192812,6,17,1,251,275,92.9819417761654,418.618307595311,161.909768713231,421.628942830164,,2415.05849466894,66.0696721922541,5846.76289980564
CTNNA2,LRP2,211.089824394578,272.086784804051,0.001,8160.83518593554,0.966543342824252,0.552046463161877,0.0394751102598782,2.37052968487311,0.269114399917321,8.80863188889706,207.55519695245,346.846149664216,5,7,2,261,275,90.6967291173289,408.27194713135,116.905161996183,526.23224819513,,6642.13078997797,1283.13162286301,30305.3201132938
CTNNA2,LRRIQ1,178.926074194888,626.964206930446,4724.91013482273,0.001,0.859109502242646,0.99457147396704,0.21199414065714,1.36734297038804,0.157262762621888,8.69463913511163,207.555196952226,620.511997496221,6,4,1,264,275,71.1143886745799,362.582360441729,224.826188287317,1347.56034241479,257.704584242999,25832.9403346549,,41104.6320026972
CTNNA2,MACF1,121.317198712851,610.212420199423,0.001,0.001,0.945458873230246,0.980517902190797,0.927041867749205,4.24985536440822e-07,0.0832002699838037,5.10798266067589e-06,119.061170163523,607.762164336205,3,5,0,196,204,30.1686248888621,314.620756880857,218.812763904752,1311.62236285386,,4622.48843867061,,69900.4243195427
CTNNA2,MED12,211.089894760789,584.327180244905,0.001,18660.1769724838,0.96240923749668,0.489627175371107,0.0351634180083225,2.47092714337497,0.268954951385915,9.18714130616436,207.55519695245,745.308293674204,5,7,2,261,275,90.6970028003481,408.273375480129,251.064974683104,1130.14768720964,,6473.94604570607,2928.13305800709,69764.0763998736
CTNNA2,NF1,213.363531277156,975.387620370228,0.001,0.001,0.73029728261004,0.891017770843582,0.73547240537537,9.44373814327701e-07,0.313410214349504,3.01321964342415e-06,207.555196952303,965.004013580448,7,11,0,257,275,91.6715190148889,412.695488231006,506.437658623471,1670.65899769299,,2190.35591687189,,16930.1703068416
CTNNA2,NRAS,208.470723387081,1764.05686306665,0.001,0.001,0.96984017647989,0.978952225255781,0.949427841093138,1.30301391645569e-07,0.0475423192922921,2.74074537349494e-06,207.555196952226,1745.36273097283,7,2,0,266,275,89.5741870323522,403.190339179827,293.324862319182,5447.19152557299,,16453.1205498658,,166493.781135185
CTNNA2,PBRM1,209.400875829024,525.60430430914,0.001,11182.6611761007,0.990226255128301,0.844500970985588,0.255675222059675,1.34047267619082,0.174601394101482,7.67733088896023,207.555196952449,625.128243834789,6,5,1,263,275,89.9734989897242,404.993758767813,188.479107460522,1129.703243145,,11702.4390745225,620.979206711693,55392.1768163619
CTNNA2,PEG3,179.3477107302,234.146071588106,3440.21603301879,0.001,0.864393980714856,0.991669757523715,0.278738492467655,1.36343680913004,0.201599685196756,6.76308997109474,207.555196952449,231.468038012025,6,5,1,263,275,71.2817642449321,363.438743851994,93.0613835803789,474.484696789969,189.678813826858,17693.5949882318,,11447.8435864063
CTNNA2,PIK3CA,211.544581780596,1008.70653041865,0.001,9580.61934561171,0.982991445715422,0.885907933938992,0.48040943364939,1.20162674309254,0.30694322271276,3.91481764110175,207.555196952449,1098.47924324841,6,10,1,258,275,90.8929932809236,409.148435667347,505.40481401878,1769.34778157351,,5270.6928350468,532.203248298902,47382.666913428
CTNNA2,PLEC,210.134973620702,215.119730032079,0.001,0.001,0.917786560338015,0.933944501832385,0.857170224053674,8.65143015592058e-07,0.177535443730887,4.87307208865551e-06,207.555196952226,212.660415979687,7,6,0,262,275,90.2872816977601,406.423612723299,85.4983702974783,435.935721569934,,5164.44504934489,,6317.48760733406
CTNNA2,POLE,209.653340505996,232.290655233004,0.001,8075.90983417248,0.962595768018429,0.511491783873756,0.167104980074307,1.22528697402347,0.105022893944966,11.666855939673,207.555196951978,306.908387719662,6,3,1,265,275,90.0805230195721,405.490294576324,57.7676751372367,602.374704187589,,9841.71222860227,448.824122063212,39851.0895858621
CTNNA2,PREX2,210.67200988887,412.664813742582,0.001,4520.1185277522,0.996860817565703,0.970572483240451,0.439474855947332,1.19916334017972,0.27338183012735,4.38640468395838,207.555196952449,459.216574031815,6,8,1,260,275,90.5196054742626,407.464075518049,188.559793488961,768.140639734076,,7092.65284795809,251.113230878632,22359.8863957364
CTNNA2,PTPRT,210.680838355073,144.80702030607,0.001,2297.05970208689,0.966270392454327,0.718673910175334,0.322350931330822,1.14071512238707,0.191743722922352,5.94916540161791,207.555196952226,171.695159064632,6,5,1,263,275,90.5208337585943,407.48505573012,51.9259476594452,311.251620552069,,6837.52033569234,127.652690544422,11337.5272707991
CTNNA2,RASA1,210.417110950043,359.535425303501,0.001,6925.16824706622,0.962780252471472,0.644297333995136,0.271911363373306,1.3373440405878,0.192132129912955,6.9605434613861,207.555196952226,427.203443256526,6,5,1,263,275,90.4082994653247,406.970835375448,128.925466667019,772.787649976593,,7103.49722570609,383.903077951398,34594.9908423667
CTNNA2,ROBO2,210.7436295719,262.605084058917,0.001,3641.9085874968,0.974123231477299,0.789119901093874,0.360042192546079,1.21827018870549,0.232904359225009,5.23077452375425,207.555196952189,302.892005578457,6,6,1,262,275,90.5479204717777,407.606650198773,104.369715720348,532.180045080373,,6866.99869276978,202.038882815028,18131.4907918018
CTNNA2,ROS1,210.398497271682,434.594326479136,0.001,7417.18132874763,0.97058427546006,0.727478147330332,0.303997208246045,1.13907271848246,0.176220217800397,6.46391618794094,207.555196951978,515.737306275814,6,5,1,263,275,90.4001992251791,406.93608196091,155.841449897051,934.1140333565,,7558.14285649649,412.21098413404,36594.6451502707
CTNNA2,RYR1,123.128813215207,283.356361048837,0.001,0.001,0.904520020281962,0.951163711310818,0.860359568895594,8.3222919523146e-07,0.135239270617279,6.15375394611991e-06,119.061170163809,281.271546449241,3,7,0,194,204,30.6182071294063,319.342202015528,121.734493207619,548.137283402734,,2454.0007659971,,12416.8580382108
CTNNA2,SACS,215.748271059508,585.200228120176,0.001,7041.97777579867,0.937785331550788,0.615754585122083,0.16405873136395,2.3586482383967,0.559517722650232,4.21550228511912,207.555196952049,648.286431568609,5,17,2,251,275,92.6949239135696,417.310816027323,349.199666495889,909.235916941625,,2897.07510748365,1107.81052553272,26103.1305050406
CTNNA2,SF3B1,211.13564145279,1380.80445799684,0.001,19265.4947302223,0.960066769990858,0.692913819227349,0.347030883812205,1.3175127599369,0.241803269929553,5.44869703507627,207.555196952226,1540.11705998659,6,8,1,260,275,90.7214699690115,408.384183675423,630.967177312026,2570.33673440891,,5599.94488313031,1070.43510585796,95216.4270451231
CTNNA2,SMAD4,217.905410965068,2824.97088047072,0.001,0.001,0.712904395238486,0.72758610005706,0.518771210096421,1.76191653055574e-06,0.654794067595145,2.69079488918816e-06,207.555196952226,2788.32035236071,7,25,0,243,275,93.6217037720478,421.483892628251,1856.943882768,4082.58439301821,,1221.47892235428,,17685.6380552717
CTNNA2,SPHKAP,149.862042941908,643.443627327294,5128.49673799733,0.001,1,0.997610336758605,0.0365092117483604,1.97042308984441,0.209317478869403,9.41356211859307,207.555196952299,637.289028006701,5,5,2,263,275,53.7373394458057,322.102880254434,276.503708660549,1244.62191290352,790.474325175001,20284.1952876606,,37076.7887047144
CTNNA2,SPTA1,150.117569753115,359.046176723203,4291.5730824579,0.001,0.879157455582886,0.998505535027935,0.0481611214758987,2.24756086495011,0.273960022820665,8.20397385651179,207.555196952226,355.577286106158,5,7,2,261,275,53.8307785390766,322.660297133224,172.51828108627,647.297051861347,676.334162860199,15621.9717000049,,16277.2015525143
CTNNA2,SYNE1,215.009641358344,348.961162698392,0.001,7658.02758772478,0.953050204072051,0.51708324595098,0.0179033741882477,3.58038840019095,0.623001826400363,5.74699503030039,207.555196952455,399.015338935415,4,20,3,248,275,92.3790900633063,415.872872750501,217.473575349747,525.101648134664,,3545.15323338482,1732.06064211211,26655.9089525011
CTNNA2,SYNE2,120.650383302533,759.467767322755,0.001,0.001,0.961169942566542,0.974491849912759,0.93665434462993,3.38167464891681e-07,0.0684419968136848,4.94093510761021e-06,119.061170164125,754.531314202268,3,4,0,197,204,30.0032516230993,312.880120750105,235.770805650643,1764.38862795172,,6757.47153933764,,63900.7846128613
CTNNA2,TENM1,210.473043733449,248.944412236713,0.001,7918.25229926062,0.982148768347449,0.720494362739724,0.0376133015761239,2.30841558971597,0.260954354836016,8.84605122289136,207.55519695245,328.839835108304,5,6,2,262,275,90.4325156872559,407.077769205779,98.941003728471,504.490116289608,,8797.04922036341,1241.06648962546,29723.7789738879
CTNNA2,TP53,133.632202394733,1499.01194313255,782.551130660197,0.001,0.915662305210948,0.973632322582892,0.455394225932264,3.2425045042247,1.68861285256066,1.92021782808752,207.555196952076,1485.32595523664,4,59,3,209,275,41.479527888866,310.528200850307,1155.36338419904,1905.31463433,193.215284369968,2061.68209736197,,11695.8643373437
CTNNA2,TTN,120.949012235635,656.244236914467,0.001,0.001,0.954109628939211,0.971794457432477,0.927202040067832,4.78186764723957e-07,0.0944965043317581,5.0603645934366e-06,119.061170164131,652.433493252382,3,5,0,196,204,30.077320859569,313.659915285927,235.315636759724,1410.6032918939,,5610.25418828306,,51106.8008349638
CTNNA2,XIRP2,211.36316312273,335.794064534956,0.001,8536.67087507609,0.972389778325861,0.699201392464002,0.0535783033293309,2.05143222365669,0.254028552558589,8.07559702637581,207.55519695245,427.402901608085,5,7,2,261,275,90.8127290216118,408.815545977243,144.279888968802,649.457615348439,,7024.51616965542,1343.15696632531,31629.7224503001
CTNNA2,ZFHX3,121.243178412455,266.844457511434,0.001,0.001,0.947213946496186,0.975535226429697,0.924043939199463,4.58547043047201e-07,0.0739279847620508,6.20261791962962e-06,119.061170163437,265.168960251793,3,4,0,197,204,30.1501201159971,314.430605267901,82.8382831283728,619.950208259811,,4876.94571624516,,23796.1266203891
CTNNA2,ZNF521,209.455992725426,272.22092319256,0.001,4853.80665558669,0.998400265523643,0.967194116717001,0.301453900687474,1.24019865053179,0.188953889628427,6.56349892013659,207.555196952226,323.217390463055,6,5,1,263,275,89.9969947649739,405.097074593495,97.6172098227386,585.101391613295,,11392.229133139,269.367640295335,24115.2143002121
CTNNA2,ZNF536,80.8608742114875,314.72816450167,2097.34741272176,0.001,1,0.996699337376999,0.241469112105621,1.20190363756745,0.155070170638498,7.75070816404365,119.061170163761,313.132526083452,2,7,1,194,204,13.4451607726035,249.7006649618,143.816627306512,585.906998484348,115.994296340734,10588.7643479636,,31284.2452930939
CUBN,DMXL1,87.1524017680586,1288.43850155889,35198.7624985144,0.001,0.519524390344155,0.987388092386604,1.3221713029628e-06,3.9770641809183,0.136799245218782,29.0722669891768,260.554760554804,1281.3389319717,2,2,4,267,275,14.4914854602688,269.119905192658,512.093505188815,2610.92312808477,8767.36925085756,189230.742501389,,181877.428534472
CUBN,DMXL2,131.472946399945,957.032652711195,12287.705161072,0.001,0.623116443641238,0.979121064901707,0.00074126471680543,3.20818153024414,0.201416779049272,15.928074837595,260.554760556199,949.768292671716,3,5,3,264,275,32.6964810286537,340.950869833245,437.33976917863,1781.60172353201,2824.76533775183,40065.9847757322,,68113.4104569906
CUBN,DNAH5,116.074957315637,333.970130528524,0.001,0.001,0.966151726717496,0.935664695855293,0.904000787453817,5.29027788483951e-07,0.0875709657103032,6.04113228845789e-06,114.075934901941,330.771237801801,2,7,0,195,204,19.3003245891805,358.446056682929,143.488094381394,645.983740065648,,6827.57256725413,,13868.6887428948
CUBN,EPHA2,218.629470113908,478.441101011661,5885.79567337182,0.001,0.845034770644063,0.991137326289546,0.209376135605135,1.09862587975691,0.116609029393695,9.42144776840333,260.55476055664,473.466607751587,5,4,1,265,275,78.3984761343695,469.917980890603,171.566292338911,1028.34171222466,323.023788650094,31131.1849318831,,31222.1464848527
CUBN,ERBB2,264.624671921851,1262.52330386447,0.001,0.001,0.911830023974562,0.905047156381515,0.825260714532089,5.1929319735283e-07,0.218601822981463,2.37552089122726e-06,260.554760555295,1248.48717332728,6,9,0,260,275,105.173316184603,536.264732511624,606.631125775833,2276.09358219057,,5668.38647418823,,25651.9233167774
CUBN,ERBB3,115.855133649859,2021.32264311611,0.001,0.001,0.969653840092231,0.959071781383585,0.929970586179373,3.04378695512031e-07,0.0646906710299616,4.70514048882036e-06,114.075934901348,2007.17964561915,2,6,0,196,204,19.2639328638837,357.766731091676,803.35565247434,4096.28008718799,,7636.2238482277,,113256.392349423
CUBN,ERBB4,130.846912335174,264.531908211481,23139.8266052994,0.001,0.32533961732736,0.983511433456019,0.000137978115433583,3.4836933521207,0.154531880805404,22.5435252192885,260.554760555995,262.390441260644,3,3,3,266,275,32.5396532602693,339.310685659787,105.138046291539,536.058528465855,5069.10849769839,91925.3574370349,,25124.6497970177
CUBN,FAT2,264.017810308217,351.576606077126,0.001,12898.0077019366,0.984067406995054,0.831710462937344,0.0315336681951279,2.06138325829465,0.202524440890651,10.1784419165865,260.554760556515,464.99101643309,4,6,2,263,275,104.931346464346,535.039726679093,139.731734569622,712.474113958287,,12480.1930991168,1945.73974534963,55194.9586641906
CUBN,FBN2,262.852944520416,144.117115029425,0.000999999999976353,7418.92561465486,0.989140051883498,0.960469851395278,0.0201267937430403,2.01353441155049,0.165126508145988,12.1938896071752,260.554760556515,214.318124041205,4,4,2,265,275,104.469144924609,532.671605799803,44.7396733416227,334.816901344938,,18913.2735952907,1091.2121269012,33946.0619269789
CUBN,FBXW7,174.731651324757,814.328266212736,12656.6084268621,0.001,0.943068332452493,0.991725823233484,0.0105763642652018,2.03090522894212,0.125255426334169,16.2141097466218,260.554760557138,807.452602797531,4,3,2,266,275,54.2440747426398,405.933919838489,292.011622429134,1750.29678946862,1858.27354639064,61226.1157764082,,77628.5570512295
CUBN,FGFR2,,,,,,,,,,,,,6,0,0,269,275,,,,,,,,
CUBN,GLI3,263.481380594495,128.564886020255,0.001,2234.68208370067,0.994589400621494,0.968653386948302,0.310797562113869,1.001387047172,0.155207614105255,6.45191959779049,260.554760554737,152.60636623962,5,5,1,264,275,104.720185219849,533.955210688064,46.1024865166512,276.342816311162,,13645.5964106685,122.519488684461,11799.7870823204
CUBN,GNAS,269.74496910552,1332.20977776382,0.001,29160.4835293614,0.935612070849668,0.373031930592132,0.0646050211627456,2.21395399301625,0.32718022108925,6.76677210390512,260.554760556864,1563.50034084433,4,11,2,258,275,107.202331762114,546.694697030191,691.691283184901,2281.96475691037,,4514.88770391123,4471.60133729674,117219.875850402
CUBN,HMCN1,227.516394416431,272.062444317702,1979.80208810733,9170.15261922803,0.962003331356875,0.737443221170256,0.0033990483863719,3.21031462566417,0.302011877118272,10.6297628301783,260.554760556736,329.446772609107,3,9,3,260,275,72.7997791580133,498.030819759646,131.755670212166,485.960533884894,,13459.3640656174,462.724162464211,42363.1823478023
CUBN,HYDIN,118.11780971075,623.41572543417,0.001,0.001,0.933174323016414,0.910618976990191,0.849786064678538,6.80689339278666e-07,0.127077782452178,5.35647794715668e-06,114.075934902017,617.46955156544,2,10,0,192,204,19.6394787855748,364.77894636359,312.316277041504,1093.76212720211,,3352.79137023246,,17687.0464851436
CUBN,IDH2,260.898407951023,728.990771656212,0.001,0.001,0.992169317996888,0.991102286459885,0.983341379616494,5.39599273240111e-08,0.0204266078190413,2.64164896110213e-06,260.554760557165,722.496365539613,6,1,0,268,275,103.693949752084,528.69853426416,41.5951850847922,3209.79008446537,,112484.837634639,,166502.020284946
CUBN,KMT2C,131.831316862164,616.710849381056,9771.72491946616,0.001,0.473725322741692,0.973191771583743,0.00128729643385713,3.31626808061449,0.238750715189949,13.8900864777561,260.554760555116,612.180797460424,3,7,3,262,275,32.7822421041229,341.846319165636,308.97704103359,1081.67744192967,2316.15899371011,29620.7915820091,,32944.8448419294
CUBN,KRAS,279.213968839603,12898.8799152418,0.001,91798.5038902529,0.980450061032815,0.793032773343443,0.366176982943987,2.08420976391304,0.76120335267646,2.73804595918393,260.554760556122,13582.1850227344,4,33,2,236,275,110.963341822936,565.898607993184,8980.72103948286,17820.9932311907,,2627.67052206503,14139.6715158499,368700.531974058
CUBN,LAMA1,132.563237433153,262.215747132277,6936.46096406432,0.001,0.816336140891845,0.976902903158327,0.00352257536955269,3.01830154327121,0.286128001807395,10.5487807002649,260.554760555482,260.121911256478,3,8,3,261,275,32.9660852829075,343.77343870158,136.147961014755,449.134075711721,1634.47517751905,20727.1429755209,,14873.7354291025
CUBN,LAMA2,176.145097192778,490.45815455908,5830.15011246685,0.001,1,0.992890102805671,0.0402403850843407,1.89294260142229,0.205523514691425,9.21034561064397,260.554760555365,486.172800930172,4,6,2,263,275,54.6821777649969,409.228708726351,224.117236748689,913.052016255005,911.322471081641,21872.7236674864,,29844.4145467364
CUBN,LRP1B,134.723779233899,285.854431102996,3772.95756950409,0.001,0.784902165318948,0.968144415985139,0.0176697297247922,2.89912652407016,0.446877935913476,6.48751323589959,260.554760555482,283.626997190968,3,15,3,254,275,33.5025524343415,349.389244183238,173.272376651607,439.082570018895,909.949542469971,10535.0892875753,,9470.59457267302
CUBN,LRP2,191.999594386655,256.328664820719,6421.41865303263,18257.1410370555,0.898388589963848,0.82060985894073,2.38750633286847e-05,4.08228379386667,0.227752131176277,17.9242397108769,260.554760556736,346.846149664202,2,5,4,264,275,46.386695525881,457.761193495303,96.5468937807221,523.396418886366,,30142.4932568113,544.874585179956,110822.605497784
CUBN,LRRIQ1,174.464787363076,626.890208999151,16474.6279259685,0.001,0.447821855712452,0.981825648045893,0.00587671845922617,2.40057683972178,0.127187668938819,18.8742891488682,260.554760555023,620.511997493088,4,3,2,266,275,54.1611067453002,405.307594690664,224.797504247382,1347.42777973651,2488.32992363954,73318.5205446668,,51209.1428807405
CUBN,MACF1,108.779331125164,501.828922879642,512.996743329525,35921.3012979347,0.997308287440744,0.717205905208435,0.0909763918359303,1.01268591006529,0.0582970442386501,17.3711364493827,114.075934902013,607.762164336184,1,4,1,198,204,13.4329818149589,350.194905416365,155.983355719964,1163.46276322855,,15775.0927742979,,610479.59643257
CUBN,MED12,222.501024246683,492.875773944493,3733.69498885832,53472.1146254019,0.948296744679753,0.615319310524343,1.97167552849556e-05,4.17552888109779,0.228616741186868,18.2643180872076,260.554760556901,745.30829366648,2,5,4,264,275,67.5676448199865,491.492577920726,179.541275911704,1038.00086091554,,25102.671028853,8100.02813807141,300128.145069308
CUBN,NF1,267.150389423133,886.276220071344,0.001,8336.54567692657,0.965267943320665,0.821682570527261,0.480524321204309,1.03867661039538,0.267710132010082,3.87985543392233,260.554760556425,965.00401358045,5,10,1,259,275,106.173542640382,541.413201029337,444.059841692446,1554.64196802209,,5729.87676394085,457.521443569038,43801.5787803076
CUBN,NRAS,261.687963993254,1759.85787479705,0.001,0.001,0.974428388266455,0.983619772118662,0.958467489284473,9.34781012297222e-08,0.0418257746270588,2.23494010722392e-06,260.554760557369,1745.36273097283,6,2,0,267,275,104.007188903463,530.302975355397,292.62750005652,5434.21752586838,,24173.5566510628,,216776.143073157
CUBN,PBRM1,130.989288249212,629.255499517595,19515.0400192771,0.001,0.827551292266422,0.988821975694675,0.000244140916576897,3.14507815156547,0.150121479404745,20.9502208746955,260.554760555454,625.128243834014,3,3,3,266,275,32.5749363086209,339.681079456078,250.098358730012,1275.14644876316,4206.11189004802,81696.4878011234,,70942.3946985894
CUBN,PEG3,174.926879473488,234.012852429414,10890.807847289,0.001,0.537047126692492,0.978797173512618,0.0123770001421039,2.30474586773342,0.159676330001262,14.4338604708363,260.554760556444,231.468038012786,4,4,2,265,275,54.305090167977,406.388760456053,93.007248235541,474.223262338437,1684.95329593523,43352.8489949978,,15028.0614196514
CUBN,PIK3CA,132.368442379919,1105.63618297686,7581.33041641828,0.001,0.777441401804886,0.991964024967803,0.00272201193373403,3.04876665702285,0.265618740858342,11.4779802327608,260.554760555818,1098.47924324065,3,8,3,261,275,32.9168255543869,343.255836768538,574.073723729838,1893.71601714904,1793.56614691559,22412.4445458726,,69560.3477977204
CUBN,PLEC,263.584922954472,179.056685176969,0.001,3293.35724768031,0.989045815092644,0.903648794058109,0.293614324627261,1.02886553216993,0.150172909713579,6.85120594741264,260.554760556929,212.660415979743,5,5,1,264,275,104.759146612708,534.165442555064,64.2076983409952,384.864799084877,,13854.7055818208,180.957675185661,17209.5070291213
CUBN,POLE,261.60525162036,77.1741642717723,0.001,32219.2891481922,0.992578725344549,0.342433505907927,4.71709554091569e-05,2.99394302097804,0.0934636597780618,32.03323118405,260.554760556736,306.908387720192,3,1,3,268,275,103.976386646847,530.137403197294,4.40324700809008,339.790521145864,,86685.675463897,6886.13129255714,135785.494590433
CUBN,PREX2,175.992221031311,463.202660643484,6187.17814601415,0.001,0.820008024684948,0.987966347477751,0.0347619174145812,2.18135114794507,0.225124754210812,9.68952150816076,260.554760556311,459.216574031115,4,7,2,262,275,54.6349661857956,408.86757971924,222.565251556101,835.070090856796,979.812366937863,22221.3664215629,,24603.6528658291
CUBN,PTPRT,211.919511461943,119.541771908398,7073.59950940472,7522.09935878577,0.909589162014785,0.780383521926128,0.000368790284181579,3.04679760344789,0.157640871579034,19.3274597693427,260.554760556008,171.695159064478,3,3,3,266,275,63.3255428151202,477.39399926275,31.7676966137274,288.281498308962,,47553.2502364731,,37128.3088326866
CUBN,RASA1,263.268879069188,287.207793048655,0.001,15238.7749289252,0.978293359532997,0.704144482993143,0.0186358499291449,2.04374394159021,0.159631534023442,12.8028835536347,260.554760556992,427.203443258153,4,4,2,265,275,104.633609268543,533.516748453425,89.1606286470764,667.248274339918,,14895.4180491959,2250.43487948738,68597.747444171
CUBN,ROBO2,175.770901391634,305.870082430218,6795.85937129436,0.001,0.934701395535627,0.986203684570601,0.0309156733263524,1.92178393961756,0.186781547727325,10.2889389396382,260.554760556515,302.892005579224,4,5,2,264,275,54.5660996354054,408.356913330761,131.41841090752,591.605801540761,1047.51306619973,26800.8747751764,,19000.1236944777
CUBN,ROS1,227.911094423276,327.14603531065,5361.36468159994,28092.5683173257,0.946656502513135,0.702365519310347,0.000294553915189562,3.11793461278445,0.148427215186873,21.006488660849,260.554760556555,515.737306273833,3,3,3,266,275,74.1000892079687,495.543004520925,83.766047677423,815.597419834719,,44598.9750503535,1807.01436336593,127039.375850053
CUBN,RYR1,100.181786713003,253.236204161951,648.589358746738,9605.65891937285,0.98267636119837,0.741510018513451,0.154884827293897,0.993661596807656,0.085894049336435,11.5684567730137,114.075934901941,281.271546449691,1,6,1,196,204,8.78389720723068,343.444636955142,101.096834746077,510.342851714435,,8641.64012053196,,204195.538558514
CUBN,SACS,134.94186420625,653.326593509961,3608.30758513159,0.001,0.912728119095402,0.969120560562386,0.0199004297879445,2.91857910031006,0.467547285799735,6.24231856103679,260.554760556515,648.286431569485,3,16,3,253,275,33.5567610256125,349.95430477052,401.787262274713,992.850973609343,872.839395570228,9995.42821433974,,20946.537961562
CUBN,SF3B1,131.596582605744,1551.15281101228,10707.8689206874,0.001,0.711448027146244,0.995989619539151,0.00112469336164829,3.19752164660635,0.21668503097685,14.7565414749299,260.554760556406,1540.11705997909,3,6,3,263,275,32.7260231951074,341.25535917381,745.319423614169,2796.40632324282,2458.69105990312,33966.606446994,,131144.07577764
CUBN,SMAD4,231.994433754897,2808.51154924921,833.409156489232,1006.58888181927,0.952562183651738,0.994248139766789,0.843892251398818,1.00861707208749,0.572140775387904,1.76288269509137,260.554760556971,2788.32035229495,5,24,1,245,275,83.2314918252539,498.259108792442,1842.89514779469,4063.10851898178,,4049.13817489765,,37197.7418059271
CUBN,SPHKAP,175.398608662428,643.029322044839,8126.62890146814,0.001,0.79079389823585,0.988856351557195,0.0217659985040692,2.05506665442615,0.170872915588107,12.0268718266617,260.554760556487,637.289028009442,4,5,2,264,275,54.4509670980326,407.486795616831,276.291301670962,1243.67589251794,1260.8625185174,31428.5762960435,,40913.772053637
CUBN,SPTA1,175.96702453228,359.084125669982,6254.7712303331,0.001,0.639046557466403,0.97652840219151,0.0335659586201163,2.19317354175295,0.223714517994141,9.80344754295467,260.554760556515,355.577286105694,4,7,2,262,275,54.6273508543275,408.809786872803,172.534611377824,647.373306088904,991.509716937217,22362.0792467689,,15747.7664865816
CUBN,SYNE1,95.5124818102555,398.334925249879,4703.99927554434,557.868247570432,0.881342948360043,0.999952388886287,0.0011500306193907,4.46294516542186,0.552721171766357,8.07449649731965,260.554760556172,399.015338934431,2,19,4,250,275,15.8917422799762,294.307847089189,256.119017570804,585.137835792751,1327.81678612642,11825.8208828944,,25614.5917472557
CUBN,SYNE2,72.6507754003495,707.266892558025,4777.27420001406,15380.5349005214,0.793671831072631,0.965138703943856,0.0766857457178018,1.00234071488568,0.0457654113000954,21.901708876013,114.075934901882,754.53131419982,1,3,1,199,204,4.31165251015397,298.85576017996,195.017208670505,1705.66203475761,,34715.1951779236,,452392.924728614
CUBN,TENM1,138.924880971354,281.562821338408,14649.8295179386,12371.5130936333,0.558584583492509,0.835641786917967,8.34177613236907e-06,4.47944926685424,0.210405827886911,21.2895684109181,260.554760556406,328.839835108182,2,4,4,265,275,25.126696190176,385.845175206853,107.680066082068,563.719753255081,1570.00323343,55750.9747115581,,102211.82266206
CUBN,TP53,197.340838004842,1500.59479540263,721.475184594359,0.001,0.910600611110981,0.950606765735288,0.809214648799813,2.04882261467401,1.42769248473048,1.43505876551616,260.55476055409,1485.32595521428,4,60,2,209,275,61.2540579317678,458.582783183776,1156.56434997923,1907.3590576339,119.39753046133,2255.2041330581,,9875.38414830874
CUBN,TTN,115.923490839829,657.441843785983,0.001,0.001,0.968556835714427,0.962894511021346,0.932622285789665,3.19955063997975e-07,0.0610066016739462,5.24459739141012e-06,114.075934901348,652.433493249002,2,5,0,197,204,19.2751712209117,357.98530653616,235.743121972289,1413.22565347052,,7649.83493971722,,45853.1744860564
CUBN,XIRP2,209.247224210279,297.127274127189,4894.13995365279,24945.6259478803,0.974464752888753,0.82413702153655,2.499165744377e-05,3.91918781351291,0.211544792591161,18.5265151909802,260.554760555295,427.402901609008,2,5,4,264,275,57.3027504699846,477.38041764748,109.491220662548,618.161812889845,,31164.08944053,2665.90214476078,141767.933570929
CUBN,ZFHX3,109.425774150406,206.477595899461,497.90541992616,16168.3668955521,0.998142539195183,0.731877324122435,0.0863047181475473,0.944018222323509,0.047482198708737,19.8815187163985,114.075934901941,265.168960250893,1,3,1,199,204,13.9489265483774,350.62070734276,51.4211101409538,534.05826001522,,18675.2335848344,,271885.270691566
CUBN,ZNF521,174.895276372097,326.22984432393,11132.8942158883,0.001,0.652452805352973,0.986782151381365,0.0119009651892059,2.28088160087688,0.153811020005063,14.8291169306451,260.554760556721,323.217390463655,4,4,2,265,275,54.2949879664854,406.312516024812,129.659828446712,661.089986127946,1726.73143652126,43885.690559743,,24423.1916289717
CUBN,ZNF536,116.517603280899,315.471328026018,0.001,0.001,0.958817955255439,0.942488635152795,0.903681871937934,5.8255528911878e-07,0.0951439524033824,6.12288300415476e-06,114.075934901373,313.132526082908,2,8,0,194,204,19.3736261484459,359.810577976214,144.162445209386,587.343413038261,,5517.30009518475,,14077.2923235763
DMXL1,DMXL2,1294.18332053462,596.403110919461,0.001,59864.6665853019,0.986107325238471,0.591128556428983,0.000488953848745122,3.26901333761204,0.189230806219032,17.2752703586128,1281.33893192483,949.768292667678,3,5,3,264,275,514.371631810443,2622.56513777677,213.889120470986,1282.01166772303,,87037.2760085915,13130.4725904887,240906.114966239
DMXL1,DNAH5,279.528620629512,331.442668231123,0.001,0.001,0.983484475858005,0.986052685406752,0.969767913805858,1.2146415825779e-07,0.0358045439293636,3.39242299796971e-06,274.910087075922,330.771237802919,1,7,0,196,204,15.9496680459108,1230.81918352611,142.408409262891,641.045755003628,,33591.7450168108,,79672.9412095935
DMXL1,EPHA2,1075.15099175551,477.768024322827,29185.868427569,0.001,0.94714788906009,0.996973809322261,0.209164594407003,1.10491920522368,0.114091308145719,9.68451692930419,1281.33893194207,473.46660774863,5,4,1,265,275,385.544549243426,2310.85963858132,171.325286514082,1026.88664837555,1601.18732693128,154799.058288407,,36455.9687891981
DMXL1,ERBB2,1304.33648064789,1260.96032617092,0.001,0.001,0.899224250070503,0.915353652520907,0.823117473805248,1.6988638371193e-07,0.209590124798232,8.10564829213573e-07,1281.33893192637,1248.48717333449,6,9,0,260,275,518.40499249987,2643.21464063797,605.871848853087,2273.21639652198,,24270.9913044608,,28779.3639933615
DMXL1,ERBB3,280.150900598667,2011.75810909123,0.001,0.001,0.981316734283865,0.986561166401239,0.968129460449202,6.60258725887486e-08,0.0315782214108307,2.09086736487644e-06,274.910087067607,2007.17964560697,1,6,0,197,204,15.9848971890968,1233.55694385901,799.564265228133,4076.81785767575,,29990.2302285013,,502096.817057867
DMXL1,ERBB4,1252.94050218744,139.09445164252,6128.88858040051,18259.9599041193,0.992220759125171,1,0.000250275530973217,2.91606950002694,0.134377974803205,21.7005019185434,1281.33893191985,262.390441260644,3,3,3,266,275,477.649806687716,2574.69848213615,34.6304260853574,359.91035047752,,221680.90876085,3496.84799184501,73821.2752766614
DMXL1,FAT2,1295.16631209293,351.099193627098,0.001,15127.2809167455,0.996426500935526,0.922752562644802,0.022206090860708,2.14512535829565,0.183945330780854,11.661754876786,1281.33893193145,464.991016433035,4,6,2,263,275,514.763009894535,2624.56105611877,139.544534133623,711.505130585553,,81720.9085337515,2348.12834680665,59476.9871281688
DMXL1,FBN2,1270.61999302447,147.18234038161,2788.99644642094,8687.96820207013,1,1,0.0123475174609795,2.03247413599312,0.13683514954719,14.8534506135222,1281.3389319668,214.318124042195,4,4,2,265,275,493.515532527093,2594.99840512181,45.707733628642,341.698064680304,,132790.342602913,1081.78194195864,35189.7063537109
DMXL1,FBXW7,1290.84280829565,487.453933396984,0.001,46423.3249567136,0.982824992108465,0.486979983585016,0.00613288026129152,2.33205907460005,0.118240458641229,19.7230212179411,1281.33893192067,807.452602778552,4,3,2,266,275,513.047592954668,2615.80833884933,121.222701950588,1264.04570807882,,107600.75392195,7204.66269707788,182816.459122556
DMXL1,FGFR2,,,,,,,,,,,,,6,0,0,269,275,,,,,,,,
DMXL1,GLI3,1294.73085480481,128.303584722466,0.001,2717.23729651305,0.991222357393545,0.882694724852839,0.258284313249793,1.05407860646092,0.136078379688841,7.74611373879671,1281.33893192269,152.606366239414,5,5,1,264,275,514.588441464979,2623.68407559892,46.0084508387169,275.772760507105,,71696.9364913654,150.226764776492,13778.6770633514
DMXL1,GNAS,1315.94184122231,1455.32960389369,0.001,13739.2060775145,0.95979560963726,0.774973760054967,0.46834301425581,1.17617548611515,0.30781885012655,3.82099889474476,1281.33893196492,1563.50034084863,5,12,1,257,275,522.979829650705,2666.65002693007,779.235554862297,2441.26238002986,,26084.07003196,763.552030772692,69759.1193492863
DMXL1,HMCN1,1303.55209013646,248.359928371631,0.001,13028.2346339875,0.988017622017213,0.730514797859114,0.0023223403871637,3.14394155201226,0.276415168185779,11.373983463524,1281.33893192631,329.446772607839,3,9,3,260,275,518.081780088873,2641.53989014901,119.324868582827,447.734963888844,,54549.4030303154,2864.42795210384,52010.1467878135
DMXL1,HYDIN,283.325559718,618.638246814501,0.001,0.001,0.970420967022653,0.981746421097266,0.952708448641629,1.41643373025697e-07,0.0525858721999022,2.69356325378131e-06,274.910087068007,617.469551565402,1,10,0,193,204,16.1644499830338,1247.44323252373,309.93804119946,1085.28726517903,,18470.6503186922,,113117.763995235
DMXL1,IDH2,1284.1741193532,730.293509994564,0.001,0.001,0.98689083714379,0.989336386128676,0.97636719403025,2.28023614381215e-08,0.0208654085879122,1.09283081335543e-06,1281.33893192631,722.49636554199,6,1,0,268,275,510.400778089465,2602.26266415405,41.6695986393642,3215.54258091832,,328744.447050588,,137890.224306812
DMXL1,KMT2C,1301.7573628357,430.756318773566,0.001,28785.3686154174,0.974092652059428,0.520129383844291,0.00130352105947854,3.21570981547088,0.23357899657869,13.7671188872821,1281.33893196451,612.180797460018,3,7,3,262,275,517.37928957241,2637.97786473875,185.08173620813,833.114886207852,,54013.2136173112,6302.88706632787,116399.066267709
DMXL1,KRAS,1375.01333877693,13328.1935063049,0.001,37287.6545284356,0.96850125887238,0.950583076755027,0.926198002223598,0.995547564952917,0.749843096560475,1.32767450886657,1281.33893191771,13582.1850212342,5,34,1,235,275,546.451977109593,2786.78292700509,9332.2029052184,18331.4345018695,,10510.7373464021,2064.85738156087,187660.283450681
DMXL1,LAMA1,1302.4445898623,190.209510318095,0.001,10207.8683957858,0.991912688712914,0.836241116578929,0.00230344510761565,2.88713597910426,0.246468113568838,11.7140344740695,1281.33893192105,260.121911257572,3,8,3,261,275,517.696970190563,2639.58363775828,86.926031384821,354.116083643503,,59081.6262346836,2242.47507363627,40618.5959206471
DMXL1,LAMA2,1297.20490655019,367.234413096552,0.001,14979.6269186024,0.990492982196306,0.818669392469635,0.0244603986250314,2.03749213127402,0.181008221430873,11.256351314695,1281.3389319662,486.172800928291,4,6,2,263,275,515.576281251101,2628.7354978302,145.955595413884,744.207064082156,,70021.732940089,2325.17251527175,58899.9088994011
DMXL1,LRP1B,658.44690776162,285.250198804229,22687.9159002245,0.001,0.702717223311061,0.989588594119769,0.0101086278121752,3.08363432637553,0.387338074023448,7.96109273313745,1281.33893196999,283.626997191905,3,15,3,254,275,163.714938301812,1707.20268002155,172.911607875709,438.142992400554,5500.58259617205,62517.0642327572,,11127.0857702373
DMXL1,LRP2,1296.62850372494,232.450365812723,0.001,17640.9318213968,0.990785031986098,0.785388076195681,0.000981790749491928,3.10035231473064,0.207377707677889,14.9502680372294,1281.33893192512,346.846149664855,3,6,3,263,275,515.345456393197,2627.54675886617,92.3867148792405,471.054580893948,,78558.2946244637,3878.24949229128,70404.7590816363
DMXL1,LRRIQ1,1225.26875616309,411.454269173743,11490.519642035,27435.4086091741,1,1,0.00796355364827733,2.06129965063296,0.111018181357026,18.5672258853168,1281.33893192565,620.511997495786,4,3,2,266,275,453.907121622033,2545.78306853747,102.926316280378,1056.81391531022,,194283.09903395,1292.69142087035,118392.810859726
DMXL1,MACF1,279.919242013072,608.981115304316,0.001,0.001,0.982123977383998,0.990167210217625,0.972467342752381,7.4646663116365e-08,0.0278445219007108,2.6808383847474e-06,274.910087068007,607.762164336205,1,5,0,198,204,15.9717073074899,1232.54277106821,218.371587260168,1308.97222200178,,31691.3816423766,,208551.893636417
DMXL1,MED12,1296.22927381553,499.474291183875,0.001,38075.4850755154,0.992369845021596,0.824426184952276,0.000970372743243285,3.092205632249,0.208542196004357,14.8277216385714,1281.3389319301,745.30829366819,3,6,3,263,275,515.187804963902,2626.7380130201,198.514490952325,1012.1848264407,,81522.1014473268,8371.91197543098,151833.310859642
DMXL1,NF1,1309.254838964,884.417054003697,0.001,10330.7238051698,0.96691854777692,0.773316561787336,0.402823558886661,1.19066942861889,0.254854387736325,4.67195969900571,1281.33893196951,965.004013579285,5,10,1,259,275,520.351772034873,2653.18180253825,443.143183533957,1551.389174261,,32077.2791670557,571.397740250802,52315.8223460532
DMXL1,NRAS,1286.58508278807,1762.85700089196,0.001,0.001,0.975897066049442,0.980280874746049,0.956653677602335,2.9693349793455e-08,0.0433217198736427,6.85414842256082e-07,1281.33893192631,1745.36273097283,6,2,0,267,275,511.357964901864,2607.15781684545,293.125412975619,5443.4871570547,,124188.504374154,,179081.606290494
DMXL1,PBRM1,1291.95402581385,419.340330018019,0.001,29670.4970354876,0.987061056004175,0.631873802600807,0.00971590397965817,2.31529414555153,0.141918138522388,16.3142933641726,1281.33893197156,625.128243837217,4,4,2,265,275,513.489504316338,2618.06040665013,130.182665603444,974.180551900005,,99483.176600257,4605.13233752211,116800.688636003
DMXL1,PEG3,1292.15467012622,155.474195215422,0.001,8966.17403449826,0.995606270813192,0.936228890914207,0.0145324208997947,1.85705688338681,0.132196080907569,14.0477453691328,1281.33893192565,231.468038012786,4,4,2,265,275,513.568537918056,2618.47076796016,48.2663115066583,361.18718847429,,111079.85771256,1389.7933130751,35421.2598692188
DMXL1,PIK3CA,1305.39329668921,904.84217960654,0.001,26224.7877557585,0.977587681407411,0.695368990425602,0.0416472686457223,2.22547361047163,0.256081788926329,8.69047978695537,1281.33893193823,1098.47924324634,4,9,2,260,275,518.812369713043,2645.2992587245,434.773318349506,1631.31029342511,,44069.0271662494,4069.69606890215,103318.634031117
DMXL1,PLEC,1296.93734988576,178.786586891618,0.001,3820.09381701778,0.980335568041115,0.766257454791718,0.25333814472417,1.09404891447537,0.139462357625545,7.84476136143406,1281.33893196545,212.660415979636,5,5,1,264,275,515.465846706432,2628.19285092925,64.1113099527243,384.280737373561,,59285.0878935085,211.312023916244,19324.8301331094
DMXL1,POLE,1288.74207327957,154.454164025353,0.001,21037.1496078446,0.984052067038992,0.470618528751051,0.00380911950659357,2.29251153050131,0.0941746340228105,24.3431955354988,1281.33893197178,306.908387719662,4,2,2,267,275,512.197949604669,2611.46895351601,25.6819450105057,476.932820467867,,149689.991273977,3256.99417710379,83610.4231673711
DMXL1,PREX2,1297.99197361381,359.752306861181,0.001,12494.7361128703,0.998193468365726,0.981413737261124,0.0320806349033648,2.03006859308398,0.199774460920528,10.1618023831963,1281.33893197646,459.216574032256,4,7,2,262,275,515.903865249522,2630.40065905116,154.567026256734,695.74259603591,,69154.261646944,1937.94594475349,49155.0018953515
DMXL1,PTPRT,1273.74287123851,117.679254064843,2221.39899832054,6306.54456631887,0.999591859177674,1,0.0150469658713458,1.89608649133846,0.134057394983176,14.1438410881877,1281.33893197571,171.695159065076,4,4,2,265,275,496.094813115718,2598.91936262228,36.5428422980487,273.251291695397,,127439.76754448,808.682746786335,25363.3295453141
DMXL1,RASA1,1291.44681527453,286.697210867866,0.001,18786.2795886057,0.993106659349333,0.795129720239564,0.0113401743009882,2.11339193299776,0.136466527643257,15.486522369225,1281.3389319668,427.203443258768,4,4,2,265,275,513.287944318329,2617.02366921978,89.0028557087945,666.049727946834,,110635.583634308,2914.02371810488,74032.5386316152
DMXL1,ROBO2,1294.26985193465,217.958668750253,0.001,10173.7983225132,0.996894261020946,0.95068139383967,0.02020527412108,1.865225435823,0.154051525483578,12.1078024379696,1281.33893193145,302.892005579107,4,5,2,264,275,514.408296537315,2622.7551849627,78.157394237255,468.487558819407,,89793.3105743229,1575.72358070541,40314.755232049
DMXL1,ROS1,1291.52220399781,346.406323854493,0.001,20198.6596486551,0.997256870633493,0.986322303516014,0.0142095820563252,1.98397610860543,0.134110693978453,14.7935712637814,1281.33893196927,515.737306276735,4,4,2,265,275,513.317797003054,2617.17831096008,107.539574435011,804.760890494713,,115911.567824499,3135.49842292459,79424.2272393973
DMXL1,RYR1,281.123379589554,281.846552726354,0.001,0.001,0.977920841719131,0.986099886307825,0.964328411463303,1.32255172962531e-07,0.0360036231725713,3.67338510151076e-06,274.910087067951,281.271546449483,1,7,0,196,204,16.0404144128936,1237.8512191876,121.087496073025,545.207757697559,,25115.3082574623,,67984.294078367
DMXL1,SACS,1320.93002685852,548.846795782437,0.001,15441.2011632977,0.984665889498567,0.8083213137451,0.0108895278686943,3.1197624773932,0.43215587304353,7.21906763738222,1281.33893191985,648.286431569485,3,16,3,253,275,524.989526260901,2676.87563441155,321.897100045714,863.500100946492,,31665.4641938499,3399.59593363417,61271.7308378986
DMXL1,SF3B1,1298.49677289275,1205.11444918043,0.001,50636.8668149477,0.980746358492539,0.645715037722241,0.022222250025476,2.40822459532238,0.217920872132026,11.0509129839723,1281.33893197018,1540.11705996763,4,7,2,262,275,516.08624532443,2631.34211287239,517.800972140424,2330.72318602011,,59982.8485021885,7837.01027709987,201399.572364503
DMXL1,SMAD4,1350.73666870652,2819.91850268662,0.001,0.000999999999976353,0.729926178437247,0.760496337458408,0.555168748098266,3.43521114422318e-07,0.575771165078988,5.96627853663342e-07,1281.33893192161,2788.32035227698,6,25,0,244,275,536.81685723798,2737.4521387641,1853.64234665025,4075.2657419938,,8114.05550264851,,20672.5839870078
DMXL1,SPHKAP,861.734175285409,642.173780589341,44427.4290133829,0.001,0.801799486107697,0.993971725768978,0.0173805671572847,2.1107048081925,0.154516310400617,13.6600777142558,1281.33893197235,637.289028011463,4,5,2,264,275,267.519312173831,2001.90880753901,275.903853893135,1241.90846371964,6981.20681115264,165495.800824885,,46411.8552329061
DMXL1,SPTA1,865.287191957623,358.324297227493,31143.5166817345,0.001,0.872069320068048,0.994399528490232,0.0328790285747731,2.0592356571806,0.19987316232908,10.3027121459668,1281.33893192646,355.577286105694,4,7,2,262,275,268.623895044106,2010.19889016222,172.171997736842,645.992759546613,4973.0076150385,108917.67823595,,20253.2600646283
DMXL1,SYNE1,1333.96000233386,348.642798085091,0.001,8882.49711779386,0.939996579524099,0.478366401907417,0.0131659493145563,3.35578574901581,0.543503102433003,6.17436355743614,1281.33893196554,399.015338933502,3,20,3,249,275,530.162506320768,2703.36616525571,217.27491354397,524.621212503053,,21291.2129258911,1947.41660950498,35759.9404317212
DMXL1,SYNE2,277.714926698752,756.334233894026,0.001,0.001,0.989913607579434,0.990557262810875,0.980566302369837,5.33801560211045e-08,0.0213074714363625,2.50523184698528e-06,274.910087068351,754.53131419982,1,4,0,199,204,15.8460140122295,1222.80865734618,234.798911325753,1757.09439741623,,57716.8167162365,,269773.192665176
DMXL1,TENM1,646.291541889234,330.312155131076,63924.1520561583,0.001,0.846825652299459,0.998286732508571,0.000648845925882367,3.13314927069833,0.176163135466132,17.7854990058387,1281.33893192512,328.839835109357,3,5,3,264,275,160.72443991168,1675.94919932306,150.941160196391,614.900138632407,14635.7516756903,210759.257406243,,33823.5523605396
DMXL1,TP53,1457.97009814095,1423.2482760435,0.001,8703.60948544625,0.95107368580202,0.852558014158264,0.319642712396219,3.00038685132163,1.36615977063821,2.1962195899825,1281.33893199673,1485.32595523061,3,59,3,210,275,579.392050170676,2955.47343658992,1089.5459946848,1819.36239636621,,8018.67623202391,1928.66442315449,33799.7756875472
DMXL1,TTN,279.217556171151,653.713511680734,0.001,0.001,0.984590277045848,0.99036921787435,0.975108234314505,7.08824744568898e-08,0.0270573641091737,2.61971100255318e-06,274.910087068007,652.433493249062,1,5,0,198,204,15.9316942346885,1229.44038741759,234.409460568032,1405.1502443215,,36825.0975323436,,228620.781672895
DMXL1,XIRP2,1299.06065091521,286.642089141187,0.001,19076.8062202331,0.988782215997816,0.817772551590577,0.00142660618612846,2.84086260807286,0.196475848039565,14.4590932494705,1281.33893192483,427.402901609514,3,6,3,263,275,516.315055628124,2632.52420886074,113.926198006598,580.876797733073,,69176.7606093452,4195.4769766488,75965.7356342138
DMXL1,ZFHX3,278.501640672291,265.718783355475,0.001,0.001,0.98712495690924,0.991823407252271,0.979053880749666,7.85533766471669e-08,0.0209349406729029,3.75226172715371e-06,274.910087068351,265.168960251863,1,4,0,199,204,15.8907637874479,1226.27559468269,82.4894873590263,617.330839852153,,44954.6090987094,,109617.760770345
DMXL1,ZNF521,859.746427023422,325.458570995143,58450.5557034804,0.001,0.862842085600728,0.997503608519494,0.0105919548725785,2.23324930198852,0.134621939500761,16.5890441800973,1281.33893192646,323.21739046141,4,4,2,265,275,266.905321560543,1997.29916241619,129.354531272794,659.516101141839,9071.8619510622,230141.831319273,,31679.30380163
DMXL1,ZNF536,281.310597455967,313.719766254524,0.001,0.001,0.977272181694311,0.985318402020857,0.962924840261035,1.38187025119571e-07,0.0395990151571694,3.48965812839293e-06,274.910087067996,313.132526082908,1,8,0,195,204,16.0510719178862,1238.67047635796,143.357084619021,584.021643793935,,24266.2688101219,,71590.7303433562
DMXL2,DNAH5,458.529663113237,332.927881163887,0.001,0.001,0.954278130718905,0.955984944786598,0.912279651478156,3.35439164159427e-07,0.124836741887124,2.6870227393689e-06,451.40125128355,330.771237801455,3,7,0,194,204,114.028047348347,1189.07618664991,143.045641878871,643.927620457886,,19706.8510975286,,16255.3754099965
DMXL2,EPHA2,836.019480765684,479.930590082405,18586.8520624583,0.001,0.781516341570767,0.984421138435035,0.241668774563732,1.24793781150635,0.156806690255459,7.95844749655318,949.768292672873,473.466607749194,7,4,1,263,275,359.217568512933,1616.9057133318,172.103660041716,1031.5681451928,1019.67567061022,98528.9720831368,,22760.4630846974
DMXL2,ERBB2,909.769621410122,1185.37079309791,3773.56141719189,6308.68007105144,0.985317101912803,0.97352941211773,0.477278821426494,1.22670141970276,0.299287722721528,4.09873618786609,949.768292673791,1248.4871733416,7,8,1,259,275,397.140654609284,1733.51151015581,545.956791306536,2188.47621788256,,33625.7169723853,,46989.1177772262
DMXL2,ERBB3,305.581703216065,2019.67096600248,9439.110965075,0.001,1,0.998459783051544,0.20707269406065,0.925015986045919,0.0995781482714619,9.28934713190504,451.401251285228,2007.17964561689,2,5,1,196,204,50.8118356289274,943.656963694619,802.580172457447,4092.27856792926,520.098919898561,48568.4922197617,,226573.318720089
DMXL2,ERBB4,596.133831786264,264.8685327919,66335.1991078166,0.001,0.514221275754237,0.990029814161749,0.000384572648606107,3.49326038381648,0.197972714452691,17.6451608165996,949.768292671716,262.390441259956,5,3,3,264,275,213.770455081208,1281.29830054741,105.272682961189,536.73678329535,14320.8549460052,272521.289128012,,19490.7262053827
DMXL2,FAT2,959.740644216611,293.183340838352,0.001,17083.5090560347,0.982543678241236,0.755159352001407,0.00199343731882284,3.30609640538584,0.269299577059131,12.2766490816282,949.768292681511,464.99101643309,5,5,3,262,275,438.565339961661,1786.61459092727,105.139227124906,630.211143593435,,50275.471687332,3913.92995211362,56081.7052000686
DMXL2,FBN2,957.159092586206,144.363800548702,0.001,6287.70041840834,0.992156612044786,0.880573149209915,0.0234821928696953,2.29524133388601,0.209026938548814,10.9806006336834,949.768292669807,214.318124042437,6,4,2,263,275,437.396170913922,1781.81482161104,44.8174482151,335.392455103687,,65468.4249289636,995.451310033675,22688.8908672461
DMXL2,FBXW7,956.226626415923,489.908490157956,0.001,27171.0409456751,0.984504408191275,0.744411922865931,0.0167618435928696,2.25950004843058,0.172309565043804,13.1130274042313,949.768292676343,807.452602790954,6,3,2,264,275,436.996001465912,1780.17847773948,121.82167379007,1270.31452846083,,68188.2226325855,4279.99845959937,99487.4775712297
DMXL2,FGFR2,,,,,,,,,,,,,8,0,0,267,275,,,,,,,,
DMXL2,GLI3,960.539665587217,128.821795917301,0.001,1906.51067807086,0.983194596340194,0.852408460912243,0.347086152508422,1.14299602243322,0.202757376046407,5.63725988529073,949.768292676763,152.606366239344,7,5,1,262,275,438.932109030284,1788.09998934357,46.1945667221685,276.891930810317,,36392.9983452869,106.344065201099,9238.24007161359
DMXL2,GNAS,980.93683686171,1338.60355552754,0.001,19272.7728599859,0.908031769064057,0.486929446998879,0.124541867622453,2.20996392039498,0.443798352549956,4.97965778308341,949.7682926762,1563.50034088993,6,11,2,256,275,448.22601939937,1826.25002474371,694.995781382718,2292.97589089818,,12893.7287912009,3036.34853785591,70559.1423951262
DMXL2,HMCN1,968.960667824705,277.6252831577,0.001,4568.72597793585,0.982467222844876,0.885426648978774,0.10816079264168,2.22284857571189,0.40116060678067,5.54104400616586,949.768292679957,329.446772606592,6,10,2,257,275,442.77220702287,1803.84566892183,139.100072522492,486.997371045198,,24539.9693308447,722.407872339089,16541.9455564248
DMXL2,HYDIN,465.463722648017,558.720028535027,0.001,10806.0325614573,0.967710691851239,0.75089519915936,0.278795462652118,1.1047440554838,0.183396610488434,6.02379756387849,451.401251285253,617.469551567092,2,9,1,192,204,115.748927928273,1207.13146559387,268.43015833203,1007.42973145781,,15301.8758652507,562.81174185007,84013.1888491397
DMXL2,IDH2,951.473050573918,732.920672684682,0.001,0.001,0.985859646888538,0.985792487916181,0.971853306630677,3.34125021879297e-08,0.0270590313829699,1.23480037829286e-06,949.768292676763,722.496365541951,8,1,0,266,275,434.797591379946,1771.17876446194,41.8194362544192,3227.12590361677,,225612.375898425,,102298.417111517
DMXL2,KMT2C,480.124716688107,616.406180885526,37424.8258098058,0.001,0.863241857538903,0.994006108496799,0.000145983709839088,4.23482297154667,0.324293598221955,13.0586079859901,949.76829266418,612.180797458756,4,6,4,261,275,149.051377060898,1115.4120212674,308.852012277273,1081.21409821694,10669.7264674295,108147.630376577,,36881.2715643481
DMXL2,KRAS,1022.19219398051,12949.6346939439,0.001,64394.2881435743,0.90648930704953,0.722438238858819,0.51795864705828,2.11239086090506,1.00229020433761,2.10756410844211,949.768292675435,13582.1850232238,6,33,2,234,275,467.049531434364,1903.2357167396,9015.88497161102,17891.5482905055,,6425.82732665279,10201.7973800267,231918.776715018
DMXL2,LAMA1,966.659033673575,190.889316449884,0.001,6745.39303106679,0.97514519950258,0.656824867964115,0.00621690717993237,3.1959652623293,0.365837211469574,8.73603111474378,949.768292675186,260.121911257408,5,8,3,259,275,441.723942224915,1799.53166062338,87.2292164769548,355.355716343568,,29034.7773828626,1552.50052520366,21909.4768381778
DMXL2,LAMA2,959.784955484095,244.802463139358,0.001,27632.2897923895,0.977466265747336,0.392277590915805,4.09247090127815e-05,4.239317634494,0.267891034312132,15.8247835556698,949.76829267102,486.172800925528,4,4,4,263,275,438.58851605639,1786.69983367636,75.9966492726553,568.72657941775,,52530.7954797186,7621.57732942739,90468.4080962024
DMXL2,LRP1B,980.543430511668,254.99312049926,0.001,2534.51737898818,0.991442432616121,0.936050757183293,0.233865339749015,2.04588798054696,0.557975954067307,3.66662392103759,949.768292675072,283.626997191936,6,16,2,251,275,448.057668861811,1825.43622194381,149.544455595961,401.209163125403,,15699.8326176872,400.771162803944,9189.672338916
DMXL2,LRP2,962.116356635607,233.447620090626,0.001,10593.437356891,0.981213390160006,0.797535149990126,0.00360087691328961,3.18417213957257,0.300281840301543,10.6039450683232,949.768292672384,346.846149663895,5,6,3,261,275,439.655448317489,1791.06801518738,92.7826844080202,473.081858212635,,39784.6892243004,2433.83220160221,34624.8960937156
DMXL2,LRRIQ1,715.555688687849,626.958971348287,44530.0692229807,0.001,0.775941200095696,0.994498458695691,0.0116891137247188,2.34157504606315,0.164525336053663,14.2323067208287,949.768292678667,620.511997495786,6,3,2,264,275,284.398753282362,1450.02951533903,224.824529176565,1347.54722638982,6730.86634012414,198821.795649777,,47700.5047251848
DMXL2,MACF1,459.158203075247,489.369479123019,0.001,16731.9004637395,0.984717170737822,0.827914725044861,0.187763548676526,0.930182123050436,0.0927657539404396,10.0272146081803,451.401251285253,607.762164333678,2,4,1,197,204,114.18301434834,1190.74677864973,151.916948616921,1136.95818134279,,29957.6769283772,830.871284577599,165339.131474004
DMXL2,MED12,962.076478846393,501.515597062562,0.001,23307.1729588212,0.979801782710651,0.753946410239176,0.00339985285824988,3.22577701645988,0.30137766801008,10.7034374436529,949.768292672384,745.308293671689,5,6,3,261,275,439.630467310416,1790.9655710101,199.321819987963,1016.31884065712,,39422.7932240957,5338.1335803784,76640.4474481026
DMXL2,NF1,969.117065119632,708.187424234156,0.001,25663.9020343216,0.947182559271351,0.424358072836394,0.00580775870375959,3.34056894786743,0.367309530515698,9.09469717046905,949.768292686456,965.004013577644,5,8,3,259,275,442.843662267064,1804.13268377418,323.612083519697,1318.36985767087,,22400.486838749,5857.34574197835,85017.2818672006
DMXL2,NRAS,953.456890827052,1768.78123034554,0.001,0.001,0.969681411167432,0.973735322408821,0.944213848277831,4.73940325194846e-08,0.0573108032699417,8.26965071423833e-07,949.768292676763,1745.36273097283,8,2,0,265,275,435.702645981907,1774.88143258004,294.109773405504,5461.80972863477,,73813.1421238375,,132791.421817695
DMXL2,PBRM1,956.704382857609,421.335895635188,0.001,17698.7858536322,0.994570192667889,0.991043819255484,0.0255704663526947,2.27270018912717,0.206738821692127,10.9930982992234,949.768292668067,625.128243829507,6,4,2,263,275,437.185051412207,1780.93703617042,130.801239213044,978.829563188192,,64835.2811771853,2784.34858525131,65054.4100567075
DMXL2,PEG3,957.083740115668,155.927839403798,0.001,6690.24374560638,0.995178516593592,0.925236728022396,0.0242352230858377,2.18385026653131,0.199254121735065,10.9601259312218,949.768292671791,231.468038012739,6,4,2,263,275,437.358001573016,1781.65045860589,48.4070536848863,362.242861225173,,65895.2665711206,1058.87858051563,24167.5109005878
DMXL2,PIK3CA,824.750752966853,1028.52399501527,7527.030508793,6599.76613583059,1,1,0.10825371549532,2.08291106334831,0.358664136660939,5.80741381823013,949.768292671839,1098.47924323141,6,9,2,258,275,334.409732280446,1635.83811550937,506.344381928833,1813.6320561817,,36951.7345295839,,44186.112516181
DMXL2,PLEC,961.017626085895,179.608046433853,0.001,2572.94632850313,0.980942748462633,0.849904150690118,0.356360351177343,1.11346948267323,0.201771262644375,5.51847407842087,949.768292675749,212.660415979892,7,5,1,262,275,439.151378157526,1789.02221886725,64.404642826747,386.045975077605,,35935.2790991785,143.3608129996,12513.7816488147
DMXL2,POLE,958.213892240786,155.219515118339,0.001,12561.3051308959,0.956510353790131,0.334595808566316,0.00966880876208696,2.14693870734737,0.129299282276365,16.6044131842781,949.768292679957,306.908387719662,6,2,2,265,275,437.866441085677,1783.80291239838,25.8094934763852,479.307859677475,,49495.6854818157,1986.19134522696,45551.5008603145
DMXL2,PREX2,962.197007159807,361.047714297005,0.001,8670.20122361701,0.995750278686254,0.973104097931252,0.0598585541567524,2.19407261586427,0.290064030594313,7.56409752484245,949.768292683994,459.216574031115,6,7,2,260,275,439.68335036117,1791.16334572535,155.124258690207,698.259667015686,,38332.6850027795,1375.3384101385,31084.2867764654
DMXL2,PTPRT,958.918791045755,115.77941097308,0.001,4586.8675251121,0.983617253371177,0.781446888832268,0.0278243718234336,2.08222938517697,0.196576404631283,10.5924685573662,949.768292679957,171.695159065076,6,4,2,263,275,438.199705879387,1785.12600193517,35.9418899537463,268.975228644918,,53754.681867443,725.834868739886,16587.7122172819
DMXL2,RASA1,957.249414691557,215.435483144479,0.001,21521.5934936757,0.97472927340477,0.462886375670973,0.000618035081146098,3.34082955892914,0.205465088016992,16.2598404973446,949.768292683994,427.203443258261,5,3,3,264,275,437.431167136149,1781.96939276785,53.5751660507322,558.67095532115,,59856.7925871291,4926.43732152866,70863.1461780553
DMXL2,ROBO2,961.385502379283,218.574179629138,0.001,7669.03446789388,0.973167754301992,0.606080884582969,0.0320444347042898,2.22335532111485,0.231927093067382,9.58644068577574,949.768292678519,302.892005579419,6,5,2,262,275,439.316701167938,1789.69835058143,78.3777037289359,469.811257915317,,38621.2113075565,1213.91710155595,27681.3925975192
DMXL2,ROS1,958.38975708077,347.635179783509,0.001,14282.7654372298,0.985329605425159,0.791108048857242,0.02588674138379,2.14142351374211,0.191169454328384,11.2017033331258,949.768292676208,515.737306272639,6,4,2,263,275,437.951200941944,1784.10317078984,107.920750589644,807.620786556316,,56605.2809027693,2266.30485212355,51129.4008006053
DMXL2,RYR1,464.12598798876,283.171519077845,0.001,0.001,0.920280935149354,0.95513592591557,0.879003209089728,3.58792900650301e-07,0.120433311215279,2.97918322621676e-06,451.40125128378,281.271546449432,3,7,0,194,204,115.416293101906,1203.6648380157,121.655642189671,547.778384156579,,11118.6389835048,,13445.3173406543
DMXL2,SACS,981.038117071945,551.206817725266,0.001,9336.20214172317,0.973410093803858,0.831317429157015,0.0357429556720397,3.2033970890487,0.622161580909136,5.14881855026748,949.768292671149,648.286431569485,5,16,3,251,275,448.285151361651,1826.36198532206,323.276589701336,867.224750556419,,16376.4777310828,2149.70738796276,30313.31528463
DMXL2,SF3B1,721.976802195362,1558.26102858856,16666.634787445,0.001,1,0.989830704744387,0.066936783603591,2.200874632248,0.304971533163285,7.21665595939285,949.768292668067,1540.11705997187,6,7,2,260,275,286.945923381501,1463.08311367106,748.731009947764,2809.26825727741,2633.0120260831,60173.3369254436,,59944.2307609305
DMXL2,SMAD4,746.705801523413,2824.6738201338,5063.77803356744,0.001,0.967994137303425,0.985377257634969,0.429304476294454,2.01311208353236,0.775537380686059,2.59576409038016,949.768292670612,2788.32035232916,6,23,2,244,275,296.761682650802,1513.30999663852,1856.73912867408,4082.1848403141,831.512354220663,16170.1833367744,,36046.0612235378
DMXL2,SPHKAP,718.389914625446,644.158479480264,25489.7324071696,0.001,0.83723732347274,0.992430945855399,0.0316551789274077,2.22896683734967,0.220995846662694,10.086012343715,949.768292683994,637.28902800478,6,5,2,262,275,285.523506787095,1455.79053327282,276.774710540472,1245.8402554832,3962.16861893604,98055.4602963581,,32261.3974445232
DMXL2,SPTA1,599.669446273027,359.042411828035,31105.0811709251,0.001,0.655584166148853,0.98139025296234,0.00266615433528584,3.32395520960758,0.286685197878926,11.5944430832155,949.768292679112,355.577286106467,5,6,3,261,275,215.036955996482,1288.91542186703,172.516259174235,647.291596445253,7199.82505039105,98260.16775798,,15898.8929013066
DMXL2,SYNE1,820.649816297985,336.77151986049,4658.01981690758,9681.90903429232,0.974973690112963,0.797028590209157,0.000256975379024497,5.52328351221326,0.768512883996653,7.18697581683915,949.768292675119,399.015338934763,3,18,5,249,275,301.581667803492,1660.99641006529,204.969549177885,514.88567959585,,25027.820073754,1781.39873592696,38416.0542158823
DMXL2,SYNE2,456.892794239041,761.122630772979,0.001,0.001,0.964547092831421,0.966043391323232,0.931796987352523,1.24229269642118e-07,0.0689276569244963,1.80231383431761e-06,451.401251286988,754.53131419982,3,4,0,197,204,113.620674575789,1184.83777246307,236.283196859104,1768.25182582053,,27157.8659360416,,47999.398628754
DMXL2,TENM1,958.838295023593,207.32418396639,0.001,12033.1959318987,0.994980281357292,0.988378106541395,0.00201381085656602,3.17615433579252,0.263118468341495,12.0711949860938,949.768292671297,328.839835107912,5,5,3,262,275,438.142662698265,1784.87610485609,74.3425333067584,445.617916493125,,61857.6924395057,2766.34671071531,39208.1936329622
DMXL2,TP53,1076.41465068071,1402.09800061084,0.001,8723.2200520919,0.977860820190313,0.874357892293633,0.220741658534563,4.06738922420002,1.88024042637268,2.1632282590832,949.768292669758,1485.32595522731,4,58,4,209,275,491.782196042922,2004.46727623861,1070.80966695075,1795.96342483033,,5210.06483330065,2433.95567742255,27599.7210096029
DMXL2,TTN,459.657669056251,657.92554866036,0.001,0.001,0.947326927345284,0.959502431832261,0.908968208365495,1.75518054048977e-07,0.0915333646044093,1.91753088950171e-06,451.401251284208,652.433493254351,3,5,0,196,204,114.306717564786,1192.04179404217,235.916534221391,1414.23969544979,,17641.2671739261,,35727.8293901258
DMXL2,XIRP2,964.3973007182,287.650101937059,0.001,12914.658153136,0.968775742092015,0.597499996564195,0.00365166598960468,3.0143521080072,0.271639612532074,11.0968797220298,949.768292671716,427.402901608653,5,6,3,261,275,440.688085124338,1795.3380205468,114.325308574892,582.918575255944,,34040.0418010504,2968.78696531657,42070.1599813196
DMXL2,ZFHX3,458.911011468209,267.189089019412,0.001,0.001,0.951915601180579,0.970459367232609,0.923799065420089,2.12785642195266e-07,0.0695910356227707,3.05765879600792e-06,451.401251284208,265.168960251495,3,4,0,197,204,114.120999190197,1190.10083605966,82.9450371652944,620.754013772709,,19683.4080003808,,19494.5227390895
DMXL2,ZNF521,716.577778502459,326.659466938338,35028.5073758441,0.001,0.717686393751074,0.990921189396655,0.0173956174872739,2.45754887702226,0.199461807643026,12.3208994546991,949.768292672536,323.21739046233,6,4,2,263,275,284.804600953015,1452.10296527062,129.831217267935,661.954334332732,5436.08676699873,137848.023638824,,19680.3030351214
DMXL2,ZNF536,461.096094031412,315.088126230508,0.001,0.001,0.938462892285492,0.952019160406417,0.893440084711707,3.71771207288013e-07,0.133642979382478,2.78182369927587e-06,451.401251285404,313.132526082908,3,8,0,193,204,114.665397033576,1195.75324423143,143.98121121776,586.57656432562,,14419.4029948154,,14088.8076191077
DNAH5,EPHA2,333.062120674869,384.551386362492,0.001,0.001,0.953312347977796,0.946590666932766,0.902400634395662,3.28307005082774e-07,0.112903807419126,2.90784706545831e-06,330.771237801801,377.556336365915,7,3,0,194,204,143.103259213506,644.18768458259,95.6310235664143,997.231882804936,,15107.7326696494,,14007.8597540454
DNAH5,ERBB2,335.059228289411,1092.52013403705,0.001,0.001,0.914726323306177,0.913315634912453,0.835446312046497,4.83199258629252e-07,0.237132917454429,2.03767264290547e-06,330.771237801801,1076.03139300862,7,6,0,191,204,143.957014129047,648.046062752237,434.219520488563,2214.04519373203,,7597.28749453555,,24149.7238830822
DNAH5,ERBB3,335.506540730544,2037.9951864504,0.001,0.001,0.906128459961993,0.913397900230731,0.827670580602371,4.05429370475136e-07,0.223488826767929,1.81409234787444e-06,330.771237802913,2007.17964567052,7,6,0,191,204,144.151126463245,648.933261419915,809.976321340938,4130.10830454216,,6936.26266209544,,44972.1204294339
DNAH5,ERBB4,332.41965696316,177.925867976747,0.001,0.001,0.966232631504471,0.949429706407251,0.917372741683543,6.0111786449402e-07,0.134254516569577,4.47744984566306e-06,330.771237801801,174.86564469797,7,3,0,194,204,142.828423798896,642.941494389281,44.2468771494397,461.39863921544,,21011.9457384368,,6909.29485290425
DNAH5,FAT2,334.247965764313,153.367247580374,0.001,0.001,0.930222143679555,0.96965880204499,0.902004430878485,4.27173298009082e-07,0.0864155868600833,4.94324361530663e-06,330.771237801801,150.999069542562,7,2,0,195,204,143.607202271069,646.522579795004,25.5011942723492,473.604490996151,,11910.3348834142,,10078.124940107
DNAH5,FBN2,334.723237946351,143.804923885921,0.001,0.001,0.921102149248967,0.953479817145899,0.87826270767267,7.46236566855551e-07,0.14370479956445,5.19284372628678e-06,330.771237802919,141.515648878957,7,3,0,194,204,143.812442987361,647.434049766275,35.7610840374943,372.934004711916,,9238.04351606973,,6209.70668746869
DNAH5,FBXW7,318.340241964305,476.134709983416,3820.92497289432,12041.515854641,0.948031257787081,0.807279938109608,0.155933736296598,1.47860492509877,0.123314040049033,11.9905642902531,330.771237803515,616.739281861626,6,2,1,195,204,130.961452954911,627.580539525171,80.8349822540289,1426.97577711335,,61388.2394646659,,75995.512566213
DNAH5,FGFR2,,,,,,,,,,,,,7,0,0,197,204,,,,,,,,
DNAH5,GLI3,334.963788622099,102.984385123927,0.001,0.001,0.916423145057751,0.955164196414595,0.875343859012395,8.81381643988866e-07,0.133101981623309,6.62185215606525e-06,330.771237801801,101.406917198364,7,3,0,194,204,143.915931200985,647.896347423912,25.6101188110472,267.068864759162,,8423.01513050381,,4566.2145067768
DNAH5,GNAS,346.565275488214,1111.06463265228,0.001,12018.9406229509,0.793415094980673,0.395421475655725,0.359087063017566,1.40416161870129,0.329089450852247,4.26680835579785,330.771237802678,1252.92721392414,6,7,1,190,204,148.872406353022,670.55634370303,477.30522010194,2149.06950228986,,2689.40784432189,662.168416736057,62165.6140069721
DNAH5,HMCN1,338.964248408801,216.757201116437,0.001,0.001,0.844469173679398,0.905534384994964,0.764734081520033,1.00287951228673e-06,0.25014437046043,4.00920280732592e-06,330.771237802085,213.120648652912,7,6,0,191,204,145.623362975011,655.709986104474,86.141972182082,439.285713892254,,4180.47197758581,,4405.84418080845
DNAH5,HYDIN,343.593211464578,628.148811654803,0.001,0.001,0.768664810535183,0.846984912298585,0.651131651230617,1.11893474111474e-06,0.458494193741779,2.44045564019708e-06,330.771237801739,617.469551565188,7,10,0,187,204,147.609622482836,664.686006819838,314.686375531329,1102.05315662619,,2558.3368709287,,7708.37446698509
DNAH5,IDH2,,,,,,,,,,,,,7,0,0,197,204,,,,,,,,
DNAH5,KMT2C,285.517098312317,398.259128767984,6398.96218741513,0.001,0.744908500621959,0.981146558312607,0.24204167699462,1.39710593956369,0.191456579775664,7.29724693296375,330.771237802357,392.894804561356,6,4,1,193,204,113.475961282436,578.610416672093,142.809107999347,856.044545057502,349.900466525749,34581.2587761464,,17937.1580667013
DNAH5,KRAS,360.844622031379,14935.5078278732,0.001,0.001,0.547435239101341,0.571297812207441,0.312971614806436,1.56467025305782e-06,0.956892476969625,1.63515785808345e-06,330.771237802832,14625.3454516922,7,28,0,169,204,155.005807463751,698.177076910395,10058.8243526681,21185.4489450473,,1111.23241350481,,52663.4170121117
DNAH5,LAMA1,335.345892989105,128.131774437613,0.001,1986.97219692196,0.966797914060114,0.793207257925362,0.339196742010904,1.24785121614821,0.227519587668651,5.48458806968972,330.771237801925,157.677425739562,6,4,1,193,204,144.079470896597,648.633312135609,39.7797830003808,297.713310926722,,11770.8252506421,109.332783879855,10306.1553745261
DNAH5,LAMA2,336.371724362284,326.311900616165,0.001,0.001,0.890272966807496,0.933908097663942,0.831452701961566,5.61934692461068e-07,0.177134249141399,3.17236613012369e-06,330.771237803536,320.705660293036,7,4,0,193,204,144.518729301324,650.652708981014,101.297697254587,758.140719840792,,6226.61236235491,,9663.56649808705
DNAH5,LRP1B,341.473294786244,174.008715705665,0.001,0.001,0.802316814111261,0.851877059428147,0.683540190820534,1.60764088689633e-06,0.344569580727454,4.66564948508305e-06,330.771237802048,170.482245201019,7,8,0,189,204,146.702047363052,660.567813563925,79.5076189388801,323.981677012115,,3081.73883880584,,2178.34353293336
DNAH5,LRP2,336.188181609548,204.135948381576,0.001,0.001,0.893659286628181,0.933524746416259,0.83426936897532,6.91096067960374e-07,0.167282912989795,4.13130101340675e-06,330.771237802085,200.616709781767,7,4,0,193,204,144.439053383952,650.288098613413,63.3709951719836,474.265981777288,,6445.88295824546,,5962.46760873052
DNAH5,LRRIQ1,332.56087712208,503.235685313686,0.001,0.001,0.963425716371216,0.951611182971678,0.916809940943138,3.42429570648548e-07,0.132174189112215,2.59074462985982e-06,330.771237802085,494.958277692884,7,3,0,194,204,142.88837874423,643.214493583064,125.145907523501,1305.00681147193,,19749.5073128692,,20622.3378806746
DNAH5,MACF1,338.075622829471,615.966619843329,0.001,0.001,0.859671381538304,0.936312619434556,0.804941937513553,4.79827265336807e-07,0.199017242195788,2.41098339039773e-06,330.771237803536,607.762164333525,7,5,0,192,204,145.244909275116,653.976039332021,220.873066140785,1324.02468902385,,4703.64193901484,,18976.0823473266
DNAH5,MED12,335.28967350908,330.094233870938,0.001,0.001,0.910413486323292,0.949671903687561,0.864606499589071,4.02937063635712e-07,0.12818607753345,3.14337618709463e-06,330.771237801801,324.398435914936,7,3,0,194,204,144.05375861312,648.544649056774,82.086917559125,856.047094410992,,8118.05195973763,,12940.0233286599
DNAH5,NF1,341.328553788623,1023.47536265751,0.001,8303.678786155,0.935203917677179,0.673291014393493,0.51153825941189,1.32227442371572,0.398794923021128,3.31567516882773,330.771237802125,1122.93310347458,6,9,1,188,204,146.642840740437,660.265417695907,491.747590484936,1845.28131284741,,4892.54021613695,460.275951649398,41369.7143508508
DNAH5,NRAS,332.709090449657,2340.77850481329,0.001,0.001,0.960261405215842,0.967927428900288,0.929464979562824,1.13878343039947e-07,0.0642891441706865,1.77134638373163e-06,330.771237801801,2302.85604413593,7,2,0,195,204,142.951349678496,643.507105043718,389.218581500512,7228.19027710252,,19834.5370315095,,144455.654516927
DNAH5,PBRM1,315.832808466094,178.02648578623,9282.54254139005,7219.07643544934,0.91622118381836,0.845931151998543,0.0926232118018345,1.46496895475,0.0828755748940588,17.676727511365,330.771237801801,265.117268424389,6,1,1,196,204,129.397786629926,624.082943575412,10.8254293655926,713.938306885623,,246266.055500469,,48139.0287656784
DNAH5,PEG3,331.950903100016,105.639127208779,0.001,0.001,0.975735799428837,0.964211398945599,0.940817005208409,6.18750295947089e-07,0.095635250961641,6.46989775972113e-06,330.771237801801,103.727858783918,7,2,0,195,204,142.626993515029,642.033283978367,17.565239960137,326.211122904969,,32898.3656128479,,5901.48020371841
DNAH5,PIK3CA,335.834903805314,779.081612161877,0.001,0.001,0.900004162963013,0.909613351663676,0.818672090857701,5.16619428347909e-07,0.23141259119261,2.23246032415719e-06,330.771237803805,766.7536912181,7,6,0,191,204,144.291622509966,649.570902240213,309.630312438147,1578.86069125758,,6477.77259550726,,16444.3111493746
DNAH5,PLEC,335.687562842782,190.979123773323,0.001,0.001,0.903120570387913,0.937970795171645,0.847115627614199,7.11239937479255e-07,0.165515632209909,4.297116399116e-06,330.771237802085,187.897509857219,7,4,0,193,204,144.222098162433,649.31616242765,59.2825091992957,443.665415235481,,7419.00168845733,,6027.61321492952
DNAH5,POLE,334.89208261235,199.075215357681,0.001,0.001,0.91779634537828,0.969306214326756,0.889630903861857,3.02773905431694e-07,0.0727461621022398,4.16206019234618e-06,330.771237801801,195.973344263595,7,2,0,195,204,143.883260668841,647.778680667237,33.1015632823646,614.741611988616,,9367.98806531162,,12785.2056245301
DNAH5,PREX2,312.830168774095,303.927323865231,2493.51960210632,2868.03057645789,0.951481182472222,0.931655343106008,0.294449464092261,1.40749515702958,0.210962047645937,6.67179320989441,330.771237802932,338.34287351707,6,4,1,193,204,126.91538884079,622.002304146894,96.2616850799886,690.958320045346,,24670.9660769394,,21580.2832187015
DNAH5,PTPRT,335.70830546754,118.114521915753,0.001,0.001,0.902617238506955,0.946128725674704,0.854006604823076,8.11616025599106e-07,0.135178284143524,6.00404148300463e-06,330.771237801801,115.929001651131,7,3,0,194,204,144.232317471855,649.364139263794,29.372233020373,306.313645555833,,7404.19533216498,,4312.27803565086
DNAH5,RASA1,334.108187852746,187.987253216162,0.001,7125.77364392863,0.964369435007763,0.474005187263408,0.165455033089142,1.45516919242865,0.135747003824751,10.7197149950158,330.771237802368,278.596733529852,6,2,1,195,204,143.549068958609,646.239866394028,31.2575578451091,580.509500830196,,18264.0436755021,390.644061944136,37419.6371152714
DNAH5,ROBO2,335.212273604866,178.053576889232,0.001,0.001,0.911956008994719,0.948610502434067,0.865105567734025,6.41002165245857e-07,0.142255123753175,4.50600406040946e-06,330.771237801801,174.902509691582,7,3,0,194,204,144.019963042171,648.390990224036,44.2755212591548,461.748927452033,,8307.93022496276,,6923.97581901131
DNAH5,ROS1,334.262644689266,233.558396246529,0.001,16555.8293621854,0.965302213832389,0.397847678291289,0.012802651167965,2.24489837343633,0.163538007796402,13.7270742360463,330.771237803412,461.369182635958,5,2,2,195,204,143.61435500536,646.544759275049,38.8351419535208,721.22873382107,,22390.3549055551,2589.67942616185,62442.8057869748
DNAH5,RYR1,341.195899256275,244.573396877379,0.001,2554.22979976873,0.914808886628124,0.561684134307111,0.422931661065623,1.25470416673821,0.309809434038687,4.04992240030216,330.771237802932,281.271546449589,6,6,1,191,204,146.582033225659,660.035571725202,97.1940944771405,495.715545692459,,4853.40159425668,140.493671722075,13146.3297230355
DNAH5,SACS,340.41081053044,357.430385500624,0.001,0.001,0.819626433699997,0.87278953416067,0.715406040222632,1.0175587071351e-06,0.332416155802557,3.0610988346171e-06,330.771237803234,351.295554500006,7,8,0,189,204,146.248411242219,658.491544585962,163.324541755482,665.435159182573,,3412.95302435296,,5262.69160000109
DNAH5,SF3B1,335.051098265642,865.742999644311,0.001,0.001,0.914862487825127,0.943815324984405,0.863470504603921,3.24907594636496e-07,0.150689849566713,2.15613457423125e-06,330.771237802085,853.213216923293,7,4,0,193,204,143.952180247449,648.080049068093,268.761738183041,2011.29841345438,,8605.32392735475,,30018.1580282413
DNAH5,SMAD4,295.047615778985,2338.76556381096,1198.79100603112,0.001,0.990338282235437,0.994539484951453,0.843570858337278,1.02579673258374,0.578127658102089,1.77434294693889,330.771237803119,2300.95712461015,6,15,1,182,204,117.255327203819,597.996035639976,1371.51572137569,3680.16082205809,67.5800734517623,5535.18850465638,,31359.0265102469
DNAH5,SPHKAP,332.990656413744,251.246507447012,0.001,7443.18616942668,0.986338548930778,0.901938889056228,0.211792070270332,1.11293804388427,0.124232623791846,8.95850067329347,330.771237802375,370.86019917021,6,2,1,195,204,143.070795610175,644.063024557481,41.776244425386,775.849184429633,,35981.7823487431,412.454331100591,37274.5590453222
DNAH5,SPTA1,258.701743989296,301.563005140988,7686.57139363724,1813.03258274223,0.758987688841853,0.984176683722547,0.0294314186925693,2.44453269748972,0.255015050968413,9.58583694651229,330.771237802519,320.667901587728,5,4,2,193,204,93.3739029921977,551.119575233804,108.542367048533,633.888871239943,29.2342689272726,36448.230683382,,19651.0727500131
DNAH5,SYNE1,340.953598004249,287.220371150471,0.001,3706.09517767486,0.992736343616636,0.823033239326036,0.159058659523648,2.43876303541702,0.577931128799743,4.21981601939642,330.771237802519,327.919160820517,5,13,2,184,204,146.48519766064,659.515085758419,157.979295691494,472.934259493591,,6628.42091671119,580.68234947421,13899.9739203453
DNAH5,SYNE2,335.640315640696,767.217239280284,0.001,0.001,0.903820859870168,0.936091055538757,0.846071981927014,3.58908267078517e-07,0.160179117609506,2.24066827458424e-06,330.771237801739,754.53131419978,7,4,0,193,204,144.204397014673,649.223025511098,238.173246764103,1782.43637216199,,7312.74470469691,,23282.1464828871
DNAH5,TENM1,334.658773016353,168.008412947553,0.001,0.001,0.922465891919118,0.948586421050519,0.875051078369643,6.33581711923848e-07,0.13558772185391,4.67285461589586e-06,330.771237802636,165.045385431364,7,3,0,194,204,143.783574459064,647.319600519559,41.7796625843075,435.707310539415,,9969.20588435939,,6491.11713580351
DNAH5,TP53,269.508039927428,1171.74945754386,956.901037788692,7542.52633000488,0.966404609880401,0.877032203619452,0.0598020221128334,4.43566945999105,1.44577326176139,3.06802565610257,330.771237802567,1232.21687470137,3,35,4,162,204,80.7174025745383,600.915898464711,827.711023403123,1599.15981112462,,3779.76798566679,,33609.4760412654
DNAH5,TTN,336.338162245758,662.409808666973,0.001,0.001,0.890950031942368,0.928056757255129,0.826873995313994,5.24786808060853e-07,0.222835295609692,2.35504347112068e-06,330.771237802636,652.433493252877,7,5,0,192,204,144.50349442762,650.577475265424,237.524612577823,1423.90855367257,,6223.64434529425,,17977.845121246
DNAH5,XIRP2,338.443033494442,394.120338115881,0.001,0.001,0.853437769188984,0.892144979897237,0.761421478791931,6.72739475258109e-07,0.231383668972843,2.90746308174872e-06,330.771237802085,386.593154323013,7,6,0,191,204,145.40172286864,654.694793164957,156.636182275928,798.724485952367,,4477.1001245402,,6887.59420669446
DNAH5,ZFHX3,338.124272185194,269.575066670266,0.001,0.001,0.858959050702355,0.937297207061796,0.805123187959665,5.92293100718823e-07,0.168547475408335,3.51410247637286e-06,330.771237802085,265.168960251863,7,4,0,193,204,145.264153705979,654.08848820289,83.6850585167631,626.316298574673,,4761.41944938101,,8422.20219752948
DNAH5,ZNF521,331.376414132187,71.7848829301915,0.001,5118.8865651342,0.998182724200093,1,0.110691011442985,1.35559358163633,0.0881851715579182,15.372126148737,330.771237802906,141.653663350858,6,1,1,196,204,142.380165360819,640.918638283513,4.09592758766953,316.078584956489,,135989.352359404,282.415291003503,26189.0374231782
DNAH5,ZNF536,337.768504342221,318.820619341397,0.001,0.001,0.865196359312383,0.867567649474522,0.750652186151757,1.12162302625231e-06,0.346712100952352,3.23502705319897e-06,330.771237802085,313.132526083228,7,8,0,189,204,145.1201792511,653.329326450939,145.681725112562,593.555163417228,,4660.63467449704,,4528.9851538228
EPHA2,ERBB2,481.911133287961,1257.92778580705,0.001,0.001,0.915728487470935,0.93505661306783,0.856264126654142,2.60077660895158e-07,0.174945611294559,1.48662009278564e-06,473.46660774821,1248.48717334616,5,9,0,261,275,172.808707644545,1035.80991133521,604.429857361502,2267.78332543573,,10807.6367294749,,38372.7864557411
EPHA2,ERBB3,384.164244020268,2019.68501859637,0.001,0.001,0.949438063921243,0.963809298326752,0.915080429841708,1.48130165916402e-07,0.0926167968396072,1.59938770256687e-06,377.556336371149,2007.17964561915,3,6,0,195,204,95.5346468422511,996.228367032736,802.709464052171,4092.90810222795,,14931.8375710583,,118787.003171328
EPHA2,ERBB4,477.960921378337,220.285620765548,0.001,5521.01979733191,0.999388987922804,0.990067276621267,0.225498175185077,1.0296959583972,0.116151804255643,8.86508793381204,473.466607749016,262.390441260874,4,5,1,265,275,171.387362152417,1027.26122715006,78.9910653412563,473.453787254569,,35910.2934841499,302.761771199306,29317.6247228308
EPHA2,FAT2,480.819848888493,468.78227446025,0.001,0.001,0.926121622487084,0.937675590071921,0.868407479716571,3.38837659243953e-07,0.155593587251358,2.17770966805057e-06,473.466607750563,464.991016434428,5,8,0,262,275,172.418446742379,1033.46235279784,214.21668338619,872.67449551624,,12444.2365225704,,14918.8706660627
EPHA2,FBN2,478.975293725071,216.081921926086,0.001,0.001,0.944015037265962,0.952391140049583,0.899075261068193,4.09483438157604e-07,0.118487212790329,3.45592936583133e-06,473.466607749453,214.318124041084,5,6,0,264,275,171.757944801021,1029.49231237996,85.880743501694,437.885641790955,,16830.1265716981,,9081.25285381025
EPHA2,FBXW7,478.616126497948,813.061294732774,0.001,0.001,0.947562169585213,0.966196338190364,0.915533307583147,1.66517914170004e-07,0.0978384652417129,1.70196776654884e-06,473.466607751154,807.452602779998,5,5,0,265,275,171.627812395699,1028.71332738326,291.560007815637,1747.55264007816,,18206.4002025944,,48538.9162600125
EPHA2,FGFR2,,,,,,,,,,,,,5,0,0,270,275,,,,,,,,
EPHA2,GLI3,479.543731390013,153.867686798869,0.001,0.001,0.938554835622243,0.952167212929914,0.893664970510621,5.14007930024762e-07,0.116306785135408,4.41941482112449e-06,473.466607749728,152.606366239289,5,6,0,264,275,171.957631462368,1030.69565204403,61.1544479825619,311.808510979943,,15269.9445012812,,6438.89756862967
EPHA2,GNAS,488.287127015963,1575.34478407799,0.001,0.001,0.857717592766169,0.908698270655516,0.779424914566223,3.62237428118027e-07,0.256231750957905,1.41371015404542e-06,473.466607750599,1563.50034088917,5,13,0,257,275,175.090639140111,1049.55602263703,866.505613603736,2593.84553792113,,6167.98314890101,,33674.6637722909
EPHA2,HMCN1,484.964157538469,332.121760746307,0.001,0.001,0.887389810239998,0.908922889899644,0.806582217422068,6.18927081024769e-07,0.233285757267629,2.65308559028199e-06,473.466607748041,329.44677260748,5,12,0,258,275,173.902299588289,1042.39080857257,177.833752937717,557.091981716587,,7921.48801396475,,7111.4000546608
EPHA2,HYDIN,389.48549595036,621.350209802987,0.001,0.001,0.911168225750634,0.940630859392976,0.857083201658416,3.56988404016803e-07,0.162069182884807,2.20269145350438e-06,377.556336366341,617.469551569448,3,10,0,191,204,96.8561702094862,1010.06783149186,311.295913117723,1090.06618548714,,8178.62344556461,,21957.5186749146
EPHA2,IDH2,474.372763277548,728.276641390752,0.001,0.001,0.990522494846642,0.99207268584296,0.982670409920249,3.08106538269009e-08,0.017462255336763,1.76441434583972e-06,473.46660774863,722.496365546888,5,1,0,269,275,170.108820683592,1019.57748125029,41.5545498940238,3206.65101825262,,168641.825376749,,188830.883312089
EPHA2,KMT2C,482.62725522035,554.701622728589,0.001,8522.15989134852,0.979067840367169,0.805913524745584,0.32891432769708,1.13916432146745,0.191974207416683,5.93394465223591,473.466607750651,612.180797456831,4,9,1,261,275,173.066022752808,1037.3614167937,266.530398354283,1000.04173300176,,16205.5317755324,466.317398878431,45819.6581436633
EPHA2,KRAS,508.696339116625,13721.685382456,0.001,0.000999999999976353,0.699601031903339,0.709177892202067,0.496221413791019,7.11919595944126e-07,0.626404827134709,1.13651677813624e-06,473.466607753667,13582.185022488,5,35,0,235,275,182.401962142881,1093.51295722393,9659.87311746577,18791.1811519799,,2657.9707604133,,81180.9789272428
EPHA2,LAMA1,483.532596444194,238.167546363245,0.001,3090.1871080064,0.985115401506073,0.864165906697911,0.378501571482582,1.06905178093121,0.213041635636784,5.0180415566929,473.466607750377,260.121911257111,4,10,1,260,275,173.388084010335,1039.29650803288,119.334076551893,417.763916662003,,15167.6252935166,169.599009982953,16338.6477606115
EPHA2,LAMA2,481.171641137742,490.452142360453,0.000999999999976353,0.001,0.922772544627274,0.93296173004643,0.860918362627482,3.31408569408673e-07,0.155490589673847,2.1313738027737e-06,473.466607749016,486.17280092965,5,8,0,262,275,172.544090887494,1034.22015781012,224.116707378454,913.026064083146,,11887.8972274478,,14465.3248813929
EPHA2,LRP1B,490.527739958017,286.873357049095,0.001,0.001,0.838524728639238,0.818116439365767,0.686045691097007,9.91537937129402e-07,0.336598651334811,2.94575730828799e-06,473.466607749088,283.626997191734,5,18,0,252,275,175.895343024525,1054.36884971525,173.890245039825,440.646395383373,,5344.02691139499,,2904.23756505169
EPHA2,LRP2,480.702892653692,271.174685030822,0.001,12655.6198260082,0.984550746910728,0.673396633058537,0.0191521649629425,2.13371625684658,0.174631508599763,12.2183921673427,473.466607750918,346.846149665245,3,7,2,263,275,172.374757528662,1033.20339395057,116.513663109592,524.464591553005,,23937.230632142,1917.24315310796,56117.3552765295
EPHA2,LRRIQ1,477.538264954109,625.871282666507,0.001,0.001,0.958265601422801,0.958083456731686,0.918100295933715,1.80697058441582e-07,0.0955142192265921,1.89183411543058e-06,473.466607750563,620.511997494592,5,5,0,265,275,171.242930377844,1026.39211989812,224.434653814874,1345.20809179638,,22951.7335813783,,29969.8070167328
EPHA2,MACF1,384.434220502751,610.163948342168,0.001,0.001,0.947417922273648,0.980849280847109,0.929276219753821,1.7859178174295e-07,0.0816300190919206,2.18781991881987e-06,377.556336366446,607.762164337748,3,5,0,196,204,95.6013046637248,996.941281568831,218.795627453485,1311.51706533161,,14524.7814693993,,68864.7791181493
EPHA2,MED12,481.333198582876,666.990149641495,0.001,11472.3752239593,0.985313665865649,0.834257411244533,0.301195688179029,1.13517729641987,0.175766114893593,6.4584535938972,473.466607748326,745.308293667209,4,8,1,262,275,172.602115391454,1034.56935512092,304.789342412992,1241.65841201296,,19207.2191581306,629.417428391962,60795.0941016656
EPHA2,NF1,485.292386733242,972.433046325236,0.001,0.001,0.808179001133364,0.920297870727615,0.813906008458963,3.42601268009737e-07,0.212279492553183,1.6139159929634e-06,473.466607751927,965.00401357737,5,11,0,259,275,174.019385444106,1043.10193111573,504.912158402591,1665.60799017646,,7716.4824399606,,23970.2904422451
EPHA2,NRAS,475.510740869016,1759.56792716483,0.001,0.001,0.978774366882258,0.983948397335493,0.96306379276965,4.80914679263289e-08,0.0354022061126112,1.35843138626317e-06,473.466607750563,1745.36273097492,5,2,0,268,275,170.516305721164,1022.02861023975,292.578198882802,5433.311066533,,52326.2833567493,,224098.42024638
EPHA2,PBRM1,478.833509555345,629.528756506209,0.001,0.001,0.945401150271844,0.958892473886069,0.906540533761096,2.22771056269423e-07,0.11799174682465,1.88802235973748e-06,473.46660774863,625.128243827539,5,6,0,264,275,171.706807592719,1029.18263270444,250.213928419306,1275.72175132881,,17224.425664597,,30762.5041773692
EPHA2,PEG3,479.067814779514,233.733751122515,0.001,0.001,0.943149502049365,0.943514076948555,0.889878244284206,3.79652723199388e-07,0.115718727206047,3.28082353103819e-06,473.466607750354,231.468038011493,5,6,0,264,275,171.790458947616,1029.68865291768,92.8976839718373,473.648134098358,,16575.2635903566,,8224.35448594566
EPHA2,PIK3CA,482.989545521908,1005.66360155254,0.001,13418.2494938631,0.986060013238875,0.882765210505202,0.371609434215509,1.0972568824525,0.209632261492067,5.23419856582537,473.466607746989,1098.47924323846,4,10,1,260,275,173.195821818017,1038.13658025327,503.883602350555,1764.00699478328,,15936.4489296446,733.982088981881,72306.3137407679
EPHA2,PLEC,479.776479036219,214.413325245526,0.001,0.001,0.936177439976578,0.952347085072866,0.891569936816068,4.0755057146354e-07,0.117284188394702,3.47489782759113e-06,473.466607750354,212.660415979821,5,6,0,264,275,172.044998358041,1031.22520560875,85.2178364298747,434.500733221491,,14732.58329284,,8997.83405095024
EPHA2,POLE,477.950060680765,309.31853279108,0.001,0.001,0.95411733480949,0.969352619003048,0.924878047100542,2.08035098923573e-07,0.0763237602772848,2.7256924733239e-06,473.466607749728,306.908387719029,5,4,0,266,275,171.390977355,1027.29311786471,96.0269427939083,718.596921090258,,21369.3070089536,,20386.7840328875
EPHA2,PREX2,480.741677861573,411.090019427346,0.001,6726.54621430268,0.995011649168207,0.935781875702293,0.317413449218957,1.06502404978009,0.17035850472808,6.25166352264036,473.466607747887,459.216574032129,4,8,1,262,275,172.38979705297,1033.28893228475,187.855725519314,765.260985933773,,21473.3842277299,369.221585904917,35549.0581244207
EPHA2,PTPRT,479.213268229952,173.375952178748,0.001,0.001,0.941725827766813,0.943661744852056,0.888675462500388,4.69113535857702e-07,0.115907017686723,4.0473264278582e-06,473.466607750563,171.69515906463,5,6,0,264,275,171.842569594344,1030.00352966751,68.9071279389602,351.347428466835,,16175.4340627477,,6129.49829822763
EPHA2,RASA1,479.482740842453,430.595139728964,0.001,0.001,0.939057750023482,0.954056983840578,0.895918529187442,2.6550619175187e-07,0.117020261241674,2.26889077955089e-06,473.466607749016,427.203443257426,5,6,0,264,275,171.938888302957,1030.58354434854,171.138255228448,872.595302754583,,15421.1744435511,,18782.2897461747
EPHA2,ROBO2,480.12262878298,305.695606414665,0.001,0.001,0.932863552565097,0.938083902307407,0.875110034651791,3.73202113229058e-07,0.134892443074449,2.7666643491888e-06,473.46660774943,302.892005579624,5,7,0,263,275,172.16839248262,1031.96052154243,131.345471498482,591.253547858122,,13823.8073884801,,9790.68309311812
EPHA2,ROS1,479.462730417137,520.677061196279,0.001,0.001,0.939280364276412,0.944811370735601,0.887447258254688,2.36402254263132e-07,0.114560956768415,2.06354992950189e-06,473.466607751154,515.73730627543,5,6,0,264,275,171.93182770216,1030.54138750291,206.941383694527,1055.14017438789,,15490.4015152652,,18769.7818707643
EPHA2,RYR1,387.056613970493,283.379545415757,0.001,0.001,0.928391991683011,0.950107682893513,0.882080982123259,3.60752042918855e-07,0.113022017247968,3.19187404103195e-06,377.556336368671,281.271546449432,3,7,0,194,204,96.2526689729287,1003.76105225013,121.744762232518,548.182666393987,,10358.79139218,,11974.3642076595
EPHA2,SACS,491.118092290737,618.535550401646,0.001,4542.10512352732,0.97345182033981,0.872307559192636,0.570879658895835,1.11339306266796,0.364239815995339,3.05675825040008,473.466607754349,648.286431574851,4,18,1,252,275,176.108349726145,1055.65219984512,374.953678602523,950.023351277214,,8648.27924407122,249.366998934683,23980.922548298
EPHA2,SF3B1,481.818198431174,1551.04602155622,0.001,0.001,0.916598762777176,0.938938289760705,0.860635490937724,2.46314296326131e-07,0.174826411902886,1.40890780543478e-06,473.466607749728,1540.11706000087,5,9,0,261,275,172.775680799139,1035.61266644073,745.273352379296,2796.20599524221,,10939.6389382526,,50648.5701578658
EPHA2,SMAD4,497.963741085949,2814.96316884961,0.001,0.000999999999862666,0.777956241122929,0.793645311408297,0.617469230568194,6.06839574680829e-07,0.47358040962304,1.28138656572357e-06,473.466607750531,2788.32035223076,5,25,0,245,275,178.558611269822,1070.38543612947,1850.37860163262,4068.06816784318,,3755.39987245731,,24942.5396719371
EPHA2,SPHKAP,479.76739312053,643.545072260177,0.001,0.001,0.936326222027016,0.934362197140106,0.87487297153526,2.5028457702192e-07,0.133338816048272,1.87705714239514e-06,473.466607749453,637.289028005304,5,7,0,263,275,172.041284595662,1031.19402498818,276.511228572326,1244.65965404992,,14597.500245103,,19418.5570041123
EPHA2,SPTA1,481.965928632898,359.255964634647,0.001,0.001,0.915269823824426,0.912317680615412,0.835025796176706,4.33613827134291e-07,0.171815435253682,2.52371870137319e-06,473.466607748041,355.577286105545,5,9,0,261,275,172.828666271108,1035.92989977639,172.618507392117,647.680198289928,,10745.0248984935,,8007.73315931591
EPHA2,SYNE1,494.622581951759,383.911151407826,0.001,2808.62951240212,0.940120524247774,0.752340059443604,0.550750809591109,1.30718380788639,0.443950521641213,2.94443579670532,473.466607749628,399.015338934735,4,22,1,248,275,177.362014875,1063.18999632607,244.975895880401,567.521872122457,,6888.01528837552,154.201904113827,14831.7500947212
EPHA2,SYNE2,382.186950240696,759.129689965389,0.001,0.001,0.964199151859989,0.976177983657264,0.941231548501737,1.29087754004338e-07,0.0639946879192285,2.01716358344098e-06,377.556336368675,754.53131419459,3,4,0,197,204,95.0435561393814,991.092226200094,235.665876383407,1763.59921232574,,21960.3320036031,,68562.9958659303
EPHA2,TENM1,479.797800174952,289.859388206834,0.001,5205.79351512504,0.998737409131817,0.977762957125751,0.29599498222444,1.01705618374666,0.152843269963355,6.65424250600311,473.466607749728,328.839835108494,4,7,1,263,275,172.052124568204,1031.25980893466,124.542073529744,560.618486737933,,25208.7339207062,285.730633175232,27515.8931081343
EPHA2,TP53,540.268401042466,1447.2563861005,0.001,6164.66355303409,0.965301591812875,0.903225673534814,0.657637911527056,2.01411998316429,1.14613432234389,1.75731582581468,473.466607752319,1485.32595520423,3,60,2,210,275,193.707182026257,1161.54883237393,1110.51391547827,1846.45828612174,,3111.97671239222,941.756010775241,26421.7297122698
EPHA2,TTN,382.994725982918,655.674696747594,0.001,0.001,0.958118984608882,0.975857969004493,0.934990199322537,1.75705805387759e-07,0.0825766116206786,2.12779141622903e-06,377.556336366872,652.433493249062,3,5,0,196,204,95.2441986409982,993.188772885213,235.112088884236,1409.37227436042,,18333.9069438688,,58246.4528991696
EPHA2,XIRP2,385.235475747775,431.081034627144,5432.2161438358,0.001,0.990741464429027,0.997675103099129,0.372487843660478,0.906484402043441,0.167080741273691,5.42542722239035,473.466607747279,427.402901607087,4,8,1,262,275,119.608802355833,895.087998452295,207.143264876865,777.216480832233,303.792062879063,26064.0153761434,,19764.1156564819
EPHA2,ZFHX3,383.35078191888,266.866322545266,0.001,0.001,0.955475981714618,0.975088960946136,0.931676423308239,2.08661718332712e-07,0.0638005693490826,3.27053066236802e-06,377.556336364769,265.168960251863,3,4,0,197,204,95.3321687931627,994.12578914831,82.8451048488149,620.000319487776,,17554.1565299613,,22943.0059828182
EPHA2,ZNF521,478.562603238199,325.933039541781,0.001,0.001,0.94809779092734,0.951294263906987,0.901922746254117,3.04888417808086e-07,0.115060181175099,2.64981694530889e-06,473.46660774863,323.217390462141,5,6,0,264,275,171.609670880427,1028.59713812763,129.542711522448,660.480571818439,,18140.5894201366,,13373.1081051932
EPHA2,ZNF536,385.896033593348,315.571162188573,0.001,0.001,0.936775291816798,0.940477590678269,0.881022129587642,3.73191018908717e-07,0.124322452737752,3.00179903702457e-06,377.556336366446,313.132526082908,3,8,0,193,204,95.9650696718361,1000.7282447921,144.201322927394,587.479680708596,,11701.652208771,,11105.8900777155
ERBB2,ERBB3,1096.23698720123,2038.77335065259,0.001,0.001,0.895157450406219,0.911436663094134,0.815895641948248,1.41743038120992e-07,0.192958307161549,7.34578574024915e-07,1076.03139301588,2007.17964564974,6,6,0,192,204,435.68325879077,2221.60811997578,810.280622143028,4131.72885418035,,19988.1400168601,,44492.3370295926
ERBB2,ERBB4,1261.14211204329,266.062660077133,0.001,0.001,0.914010611876072,0.92043157917437,0.841291452334916,5.09147331859486e-07,0.215827932905272,2.35904280324527e-06,1248.48717334794,262.390441261035,9,6,0,260,275,605.960978200401,2273.55965935266,105.745797578323,539.157033699472,,28451.4120468707,,6353.60668016406
ERBB2,FAT2,1267.61244961399,472.121100840856,0.001,0.001,0.873051516112065,0.886530557295759,0.774006218152468,4.50276612548768e-07,0.296422297462039,1.5190375906402e-06,1248.48717334616,464.991016432411,9,8,0,258,275,609.078964509005,2285.32736378989,215.738449001548,878.898479117173,,18626.0165629579,,7759.36812062169
ERBB2,FBN2,1262.32183300641,217.264405949106,0.001,0.001,0.906161174471876,0.922051241060695,0.835537398715766,6.35531128180197e-07,0.226884049950578,2.80112739665321e-06,1248.48717333387,214.318124041564,9,6,0,260,275,606.544034749404,2275.76405528361,86.3490991557353,440.280482245571,,25967.473387757,,5311.73388182994
ERBB2,FBXW7,1260.97980061347,821.201578199587,0.001,0.001,0.915009577560103,0.919481557933536,0.841343216458995,1.96583488787502e-07,0.188173148520351,1.04469468855298e-06,1248.48717332107,807.452602793977,9,5,0,261,275,605.891940879818,2273.31014326151,294.474128731251,1765.09105919632,,29079.9007700568,,19417.2830073491
ERBB2,FGFR2,,,,,,,,,,,,,9,0,0,266,275,,,,,,,,
ERBB2,GLI3,1263.22450196901,128.794310400792,0.000999999999976353,1941.64692686411,0.967162654027958,0.72154812658459,0.335145474459495,1.27493361639847,0.221522010483962,5.75533606621346,1248.48717334,152.606366239486,8,5,1,261,275,606.966870594025,2277.37767128995,46.1839228788063,276.826605096578,,38728.5411746353,108.561864692849,9295.40829913344
ERBB2,GNAS,1287.65034671511,1591.96285130726,0.001,0.001,0.759182747194306,0.794787868254064,0.603454446795109,3.71240508542864e-07,0.494182130176226,7.51222041174333e-07,1248.4871733399,1563.50034086949,9,13,0,253,275,618.678355429643,2321.55977546577,875.6203924879,2621.328153759,,9045.59698563186,,13705.7186024224
ERBB2,HMCN1,1276.01181701248,334.902712959281,0.001,0.001,0.823291040134478,0.82362151412947,0.678119471080343,8.79592856274127e-07,0.441631077297378,1.99169148524808e-06,1248.48717333908,329.446772608211,9,12,0,254,275,613.097890231018,2300.45618288639,179.316040569671,561.76151850075,,12812.7988665259,,3409.45923285513
ERBB2,HYDIN,1111.11119815048,625.874703651013,0.001,0.001,0.826010133549263,0.87626027259775,0.723840332400408,4.65917311799928e-07,0.349351295063582,1.33366418955204e-06,1076.03139300862,617.469551567915,6,10,0,188,204,441.582932351619,2251.85473063257,313.55635950301,1098.03302403329,,11328.154105694,,9596.58769742128
ERBB2,IDH2,1250.96854009595,736.038326030177,0.001,0.001,0.98244001373659,0.981621801345035,0.964384966654593,3.43831592399115e-08,0.0310124142610751,1.1086901829203e-06,1248.48717333449,722.49636553808,9,1,0,265,275,601.089645816448,2255.21668987261,41.99723263035,3240.87797988591,,237976.232628395,,78597.4605047406
ERBB2,KMT2C,1270.99214917743,622.934517069755,0.000999999999976353,0.001,0.852741340937266,0.841626129115694,0.71771691150134,4.46152957168933e-07,0.355073301947825,1.25650944388517e-06,1248.48717334761,612.18079745828,9,10,0,256,275,610.693636440237,2291.38751396108,312.118078080365,1092.71408223479,,15683.9245549477,,7131.8474477114
ERBB2,KRAS,1341.85665211639,12569.8293999394,0.001,85930.42834197,0.920327667513522,0.693410929446889,0.235899873737024,2.96777402604227,1.12525187436185,2.63743086651186,1248.48717333525,13582.1850250417,6,32,3,234,275,644.674729711586,2419.59634394278,8699.50418692488,17449.0662549463,,8688.05446239065,20088.7035920216,264168.693489953
ERBB2,LAMA1,1278.54350904724,263.964639787399,0.001,0.001,0.810867962637321,0.852775751383561,0.691519237921285,9.572553651947e-07,0.396589762409032,2.41371678224869e-06,1248.4871733399,260.121911256777,9,11,0,255,275,614.121781387721,2304.35822819295,137.058258022752,452.13228631741,,11929.1266025088,,3273.80704760333
ERBB2,LAMA2,1267.29439814524,430.750613491739,0.001,4645.85944514489,0.973431092368879,0.770404966421775,0.433136762956127,1.27262296790869,0.292731139395456,4.34741234067851,1248.48717332505,486.172800928355,8,7,1,259,275,608.921109834159,2284.72398330914,185.074982247147,833.112877885377,,30751.2402514718,259.770504345129,22236.1033070019
ERBB2,LRP1B,1291.99168154463,287.717371866433,0.001,0.001,0.736350486830748,0.777594390056269,0.572645401413075,1.38346894265704e-06,0.60743002370751,2.27757747997523e-06,1248.48717333231,283.626997191734,9,18,0,248,275,620.76867232996,2329.36566773376,174.401946908437,441.943196262043,,8100.23533570025,,2261.41604992383
ERBB2,LRP2,1270.59988112756,352.537982356221,0.001,0.001,0.854975240822233,0.865036991633442,0.739608959888827,6.18442016641577e-07,0.325411271854101,1.90049352967361e-06,1248.48717333387,346.846149666369,9,9,0,257,275,610.506394534133,2290.69791355843,169.388708409793,635.579803074684,,16011.0095486014,,4801.16951098943
ERBB2,LRRIQ1,1258.42635299647,629.475575455724,0.001,0.001,0.931656429101175,0.931076541833901,0.867448591086804,2.21047698127034e-07,0.179399449514346,1.23215371465985e-06,1248.48717335271,620.511997498906,9,5,0,261,275,604.668792029521,2268.68660975686,225.725975046749,1352.96731661713,,36451.2201274793,,17466.3756287087
ERBB2,MACF1,1094.9714372589,618.578235594253,0.001,0.001,0.90139377463731,0.916508430204861,0.826152511414823,2.39820034211294e-07,0.180528329358869,1.3284343518992e-06,1076.03139300821,607.762164334857,6,5,0,193,204,435.181228376748,2219.04375503571,221.804251777009,1329.69358493791,,21486.6539047582,,14673.5003774841
ERBB2,MED12,1270.70256682902,758.165331571445,0.001,0.001,0.854402549107775,0.858756442369287,0.733750003801586,3.65511417928406e-07,0.330545125401776,1.10578371858949e-06,1248.48717332728,745.30829366749,9,9,0,257,275,610.556065945078,2290.88532197213,364.28243697927,1366.89404667001,,15941.8870114757,,9835.00684223474
ERBB2,NF1,1278.59239771776,981.322376664052,0.001,0.001,0.669317843636395,0.833705391338894,0.674060854944322,3.83298198812498e-07,0.402356832512583,9.52632508857697e-07,1248.48717332956,965.004013572697,9,11,0,255,275,614.339011864705,2305.17310846055,509.518999535468,1680.89231540385,,11753.9652027863,,10671.8049291831
ERBB2,NRAS,1253.23783850935,1773.38574217241,0.001,0.001,0.966669259499472,0.968691831842968,0.936405666724886,4.53417444395542e-08,0.0647925704878119,6.99798512363133e-07,1248.48717334616,1745.36273097283,9,2,0,264,275,602.178551303754,2259.31875744972,294.874916855122,5476.06097110409,,88004.2051345649,,110817.31156108
ERBB2,PBRM1,1261.92461049269,635.739956830016,0.001,0.001,0.908939788760666,0.904440201538953,0.822091659408268,2.79156643165183e-07,0.226777295892257,1.2309726247808e-06,1248.48717333354,625.128243828288,9,6,0,260,275,606.346620587539,2275.01187290726,252.672510447521,1288.3137236244,,26698.5844206314,,12565.4575122379
ERBB2,PEG3,1262.27242941643,234.503972159993,0.001,0.001,0.906530418694595,0.925199827546161,0.838728948792599,5.64327162527961e-07,0.215195832807762,2.62238889649915e-06,1248.48717334616,231.468038011654,9,6,0,260,275,606.512744536486,2275.64389752049,93.2036672981987,475.209702539563,,26040.5065452438,,5987.63710137917
ERBB2,PIK3CA,1270.70887866987,910.631929261408,0.001,13963.2592979747,0.998001322414223,0.973039437178722,0.12366801899272,2.09123065895337,0.387763938806732,5.39305089944342,1248.48717334987,1098.47924323954,7,9,2,257,275,610.559039501644,2290.89769328043,437.543119487018,1641.74558157163,,33197.9556006826,2225.57124726878,49082.5630013813
ERBB2,PLEC,1264.79757087866,216.400522196214,0.001,0.001,0.890725697843405,0.901443442607125,0.802953226020311,6.28606359678852e-07,0.222715310424027,2.8224658577897e-06,1248.48717332107,212.660415979462,9,6,0,260,275,607.716302921045,2280.19815358758,86.0059562217114,438.535752999143,,22097.0751962846,,4124.30244776993
ERBB2,POLE,1261.87272438608,312.530204108439,0.001,0.001,0.909318346239912,0.930428581822495,0.846064700468667,2.94141646799834e-07,0.141794757988149,2.07441834220992e-06,1248.48717334794,306.908387719625,9,4,0,262,275,606.311950999529,2274.94205491061,97.0207681896596,726.061874776387,,28064.3740160353,,8584.88571088127
ERBB2,PREX2,1268.810228226,465.931046019812,0.001,0.001,0.865739221965659,0.878558131055887,0.760620214673382,4.8804545810916e-07,0.318210519094034,1.53371880822374e-06,1248.48717334616,459.216574030671,9,9,0,257,275,609.64877446867,2287.45668429707,223.875630788924,839.992541644896,,17404.0070280619,,7115.8334318407
ERBB2,PTPRT,1263.58541122294,174.197375847512,0.001,0.001,0.898121295829725,0.917455803356767,0.823998633268934,7.2455783595919e-07,0.213506070644,3.39361702350523e-06,1248.48717334616,171.695159064891,9,6,0,260,275,607.146651016686,2278.04701537424,69.234806657771,353.021311332096,,23857.7572009734,,4002.56740545635
ERBB2,RASA1,1264.0344462901,433.512807433078,0.001,0.001,0.895377935521562,0.91649902662375,0.820625420330162,3.60889178911521e-07,0.223969164243939,1.61133422152012e-06,1248.48717334616,427.203443258671,9,6,0,260,275,607.356384620735,2278.83494553224,172.296317207629,878.519787098936,,23126.1890574732,,9855.95272163039
ERBB2,ROBO2,1267.65375965368,306.837964807338,0.001,0.001,0.872713824484864,0.914404895391383,0.79802914458111,5.30541300988729e-07,0.251459891132331,2.10984463009066e-06,1248.48717334616,302.892005579681,9,7,0,259,275,609.091323757427,2285.39078002905,131.83575114326,593.464493944463,,18671.4985675786,,6807.34442261545
ERBB2,ROS1,1262.86513267908,523.567965116784,0.001,0.001,0.902829979097715,0.914172590358633,0.825353611925816,2.95445758251474e-07,0.210627836538951,1.40269094107529e-06,1248.48717335271,515.737306274716,9,6,0,260,275,606.795842434085,2276.71839767838,208.089432615791,1061.00759866073,,25063.2069676981,,11533.6828503878
ERBB2,RYR1,1102.35320575664,285.412660352751,0.001,0.001,0.865876907894112,0.904672591694253,0.783364606912171,5.38315850728832e-07,0.231424396539423,2.32609810710744e-06,1076.03139301588,281.27154644925,6,7,0,191,204,438.108017981756,2234.05551440827,122.616617294915,552.127455733587,,15205.7860209858,,5737.73098298201
ERBB2,SACS,1296.22148185568,658.875453811803,0.001,0.001,0.715340968920136,0.739641044635754,0.529168409037446,8.36978195539045e-07,0.678340242545175,1.23386192215082e-06,1248.48717333387,648.286431568575,9,19,0,247,275,622.802716583895,2337.03658408215,405.200279921443,1001.30342076113,,7401.53205616857,,4298.63732374474
ERBB2,SF3B1,1270.02970944737,1569.30944731007,0.001,0.001,0.858563024951552,0.845761987413355,0.72616414200855,2.48662595180981e-07,0.331885703037548,7.49241660321983e-07,1248.4871733399,1540.1170599635,9,9,0,257,275,610.234031252175,2289.66641955887,754.02844420207,2829.25991062602,,16445.6802553022,,18567.3205003439
ERBB2,SMAD4,1202.25798825379,2809.689280658,2131.97234083135,1558.02693093814,1,1,0.993477308405473,0.96232343976663,0.84972925130704,1.13250595797002,1248.48717332062,2788.3203522474,8,24,1,242,275,550.511305092662,2232.37219877458,1839.12994872826,4071.65381014021,,11916.4474898949,,25145.1853401823
ERBB2,SPHKAP,1263.26174275379,646.828416616118,0.001,0.001,0.900281267771629,0.901889984569144,0.811966550245497,2.96633132182422e-07,0.244222512566688,1.21460191800059e-06,1248.48717334616,637.289028011641,9,7,0,259,275,606.989165957581,2277.43421759762,277.921511775931,1251.02075176746,,24171.7692235624,,12380.281332754
ERBB2,SPTA1,1268.05322639702,360.993009699622,0.001,0.001,0.870394149599395,0.87389279135648,0.760649731842322,5.80955123367574e-07,0.312385802227587,1.85973600344462e-06,1248.48717332107,355.577286105115,9,9,0,257,275,609.283595077375,2286.07246817582,173.452546985109,650.816181212526,,18053.9145798658,,5291.09976194563
ERBB2,SYNE1,1010.77040006009,404.720980447591,6854.2398472832,0.001,0.930496299382275,0.996415417027097,0.420650749743435,2.24394096102262,0.847045452895733,2.64913878393589,1248.4871733511,399.015338934438,7,21,2,245,275,434.279416648313,1955.02418161556,260.997187114493,593.513321491671,1124.05672686496,21967.0840465241,,5119.58037881563
ERBB2,SYNE2,1087.60607590906,766.419434120625,0.001,0.001,0.938275842160231,0.939775042574468,0.881775205049986,1.54529763204264e-07,0.133890627403991,1.15414922015414e-06,1076.03139300862,754.53131419978,6,4,0,194,204,432.263385397427,2204.05541168294,237.924753336782,1780.5787192556,,35965.2821382905,,24958.0128077002
ERBB2,TENM1,1266.00050561931,333.411945104924,0.001,0.001,0.882936759673012,0.896504855655083,0.791573226897281,5.64583492600147e-07,0.285851327638349,1.97509487629333e-06,1248.48717333947,328.83983510793,9,8,0,258,275,608.306395822633,2282.39735557353,152.353678585782,620.679123145081,,20248.5672028139,,6042.0118343543
ERBB2,TP53,1413.60870304552,1377.4056217312,0.001,11097.292540361,0.900693955906618,0.62316383412644,0.0694745923482063,5.20309314991228,2.09584709437388,2.48257287656124,1248.487173341,1485.32595521324,4,57,5,209,275,679.077524577242,2549.33638364226,1049.37934987991,1767.95833361741,,6155.93361221561,3509.79765815387,33901.7718948274
ERBB2,TTN,1095.22244778392,661.749214924953,0.001,0.001,0.900101460333037,0.932487301277703,0.839348531477095,2.24969890124841e-07,0.177414442453246,1.26804721765607e-06,1076.03139301857,652.433493250917,6,5,0,193,204,435.277849242567,2219.56879245966,237.285877854437,1422.47727498308,,21377.1656060507,,19381.8303396621
ERBB2,XIRP2,1270.89869176771,385.045929069353,0.001,3420.4862485245,0.963119225810317,0.803856967807383,0.497436768743722,1.12546029389154,0.300064506593338,3.75072782405691,1248.48717334815,427.402901608784,8,8,1,258,275,610.645937598992,2291.26312370723,175.951487536841,716.79446544763,,26150.3720868124,191.326079769977,16348.9106236303
ERBB2,ZFHX3,1089.92102027081,268.995538537766,0.001,0.001,0.926446612955935,0.944826539292075,0.875340319536828,3.25933856339718e-07,0.135380648308345,2.40753653060789e-06,1076.03139300862,265.168960251863,6,4,0,194,204,433.178145260194,2208.7629952478,83.5052149985941,624.959950167344,,29864.4221807661,,9583.81451170112
ERBB2,ZNF521,1260.26997418742,327.833101669437,0.001,0.001,0.919616729666205,0.918816859483929,0.844966477719249,4.33977062213025e-07,0.217927697412903,1.99138093672773e-06,1248.48717334616,323.217390461481,9,6,0,260,275,605.548901826119,2271.99715661793,130.297630905594,664.339785896753,,30372.6624960187,,7663.56304892171
ERBB2,ZNF536,1099.99067767165,317.123308482593,0.001,0.001,0.876986149604618,0.904814742232349,0.793527801674889,5.49010436280174e-07,0.257078386802804,2.13557601285752e-06,1076.0313930195,313.132526083334,6,8,0,190,204,437.173113657244,2229.2141961398,144.909788939343,590.375200314439,,16604.3668379894,,6404.39273680613
ERBB3,ERBB4,2018.68957496937,177.40883951685,0.001,0.001,0.966620482486941,0.957717380987355,0.925751473547749,2.98329182079303e-07,0.094481717789637,3.15753342613363e-06,2007.17964559478,174.865644696994,6,3,0,195,204,802.312645936581,4090.87836133468,44.1188130737054,460.057165001296,,130713.026889518,,8355.88725754076
ERBB3,FAT2,2019.34206111903,153.368178407299,0.001,0.001,0.964718231610508,0.969496681470882,0.935294075747182,2.34387276123928e-07,0.0648593367422833,3.61377849198889e-06,2007.17964567052,150.99906954158,6,2,0,196,204,802.569142255154,4092.24158109878,25.5013000274057,473.607762052699,,135828.343586362,,10059.6437916983
ERBB3,FBN2,2021.4204416824,143.55902177922,0.001,0.001,0.958836919395393,0.958144520043366,0.918708562443761,3.78582788968548e-07,0.0983513752118689,3.84928820927012e-06,2007.17964561915,141.515648879063,6,3,0,195,204,803.397002248777,4096.44842490684,35.7001267892527,372.292038528421,,105358.823852589,,6873.46275515567
ERBB3,FBXW7,2024.48571105778,627.9551770678,0.001,0.001,0.950266993958573,0.947605283879587,0.900483269996337,1.07858379345201e-07,0.0997325388336569,1.08147632263826e-06,2007.17964559478,616.739281871078,6,3,0,195,204,804.611705240428,4102.69092595117,156.159809144282,1628.46545233895,,86151.5038702214,,23630.4466826805
ERBB3,FGFR2,,,,,,,,,,,,,6,0,0,198,204,,,,,,,,
ERBB3,GLI3,2024.20573274354,103.019534445331,0.001,0.001,0.951000224539743,0.95402326740187,0.907281407653205,5.13899141277004e-07,0.0974305460621243,5.27451771592585e-06,2007.17964560697,101.406917198418,6,3,0,195,204,804.50158234419,4102.11996738425,25.6188163228658,267.160139227576,,87138.0242752242,,4446.86858941662
ERBB3,GNAS,2058.90465596606,1277.33038007069,0.001,0.001,0.859695389030066,0.859258946848688,0.738745249566274,1.81190897870784e-07,0.268978842659155,6.73625092886529e-07,2007.17964564041,1252.92721393226,6,8,0,190,204,818.262510569391,4172.69132721486,583.617895882448,2378.33346905711,,26856.0979536334,,17067.3163856164
ERBB3,HMCN1,2035.55579169083,216.639690117564,0.001,0.001,0.920000971534754,0.907330689583832,0.834761987938618,5.19874740988451e-07,0.194997517399882,2.66605825510251e-06,2007.17964562064,213.120648652909,6,6,0,192,204,809.005370873853,4125.17756688276,86.0975806980559,439.060001359816,,49589.2591695901,,4511.63165802652
ERBB3,HYDIN,2067.04572816897,627.566003306939,0.001,0.001,0.839646995905124,0.852975847894423,0.716246081399143,3.66565336034513e-07,0.330896541028228,1.10779440273219e-06,2007.17964562064,617.469551568911,6,10,0,188,204,821.493580278838,4189.2205738175,314.39876990158,1101.02629722365,,23086.8505821696,,8008.98335729958
ERBB3,IDH2,,,,,,,,,,,,,6,0,0,198,204,,,,,,,,
ERBB3,KMT2C,1691.06188578976,399.105101674398,28750.1729758163,0.001,0.865937949299249,0.989806003513305,0.314474563364954,1.01096146146495,0.161583275830165,6.25659714021108,2007.17964563534,392.894804560671,5,4,1,194,204,606.376230135346,3634.78296750498,143.110454088394,857.872901598228,1575.15665530303,153478.982770032,,17016.7385114251
ERBB3,KRAS,2176.66092041197,14830.7771045183,0.001,0.001,0.617213323344954,0.689393404711311,0.425659253706955,2.41690495267517e-07,0.808588380734676,2.98904239815961e-07,2007.17964566569,14625.3454504723,6,28,0,170,204,864.964595371909,4412.18901385821,9988.8101799866,21035.4834396874,,8392.83322549967,,80140.9347234431
ERBB3,LAMA1,2036.78762833001,159.948316970976,0.001,0.001,0.916570844154528,0.931578377147224,0.853868446640017,5.57388735229975e-07,0.158741511346615,3.51129789871351e-06,2007.17964563149,157.677425739761,6,5,0,193,204,809.488360417717,4127.7009195758,57.3545889793933,343.802062660395,,47926.1645648277,,4591.9542896844
ERBB3,LAMA2,2032.86834359654,325.402414102302,0.001,0.001,0.927164078309399,0.94399863360455,0.875251189633973,2.3702113155998e-07,0.128062221298989,1.85082789565709e-06,2007.17964564437,320.705660293036,6,4,0,194,204,807.92757461164,4119.71571862308,101.016028162391,756.016887170103,,56207.1567923465,,11467.1722408055
ERBB3,LRP1B,2049.45033351879,172.664328168408,0.001,0.001,0.883400035210936,0.904744641331781,0.799274197174051,7.93248781033335e-07,0.240797148661702,3.29426152029639e-06,2007.17964566469,170.482245201145,6,8,0,190,204,814.502146583789,4153.34184170079,78.8954947853643,321.465406863276,,32734.8630063027,,3546.62104332583
ERBB3,LRP2,2027.00683407453,204.037038620569,0.001,0.001,0.941217023666579,0.935108672577408,0.880148052101149,3.61043444881961e-07,0.129017580192087,2.79840502623304e-06,2007.17964568271,200.616709781536,6,4,0,194,204,805.907288918142,4109.31302022543,63.3387569492695,474.026376679977,,70172.6783882925,,6150.84018528833
ERBB3,LRRIQ1,2020.26941637829,501.103672722073,0.001,0.001,0.962058956506831,0.963773051877228,0.927208743865685,1.20180271445062e-07,0.0938361939668593,1.2807453751535e-06,2007.17964560697,494.958277685387,6,3,0,195,204,802.941291548915,4094.1007756627,124.616705656085,1299.4524427113,,113521.839583748,,27688.4782125385
ERBB3,MACF1,2033.51415009805,494.253756969072,0.001,7117.44384371133,0.998613695574771,1,0.373357890045847,0.887840796843935,0.171763553789294,5.16897081631804,2007.17964568839,607.762164331877,5,4,1,194,204,808.18877829378,4121.03444280014,153.428830060845,1148.33203912728,,92873.9842008934,389.223835593673,38288.1461904028
ERBB3,MED12,2024.18250941937,329.833544486185,0.001,0.001,0.951089970784683,0.951668804854441,0.905128525788457,1.77349148328598e-07,0.0972138950014701,1.82431892401715e-06,2007.17964560697,324.398435913973,6,3,0,195,204,804.491593094654,4102.07159125878,82.0221943208393,855.368696158939,,87550.6476635632,,13502.6897690119
ERBB3,NF1,1713.31622799434,1140.08738908979,13679.4182312809,0.001,0.914380523449893,0.980381959239269,0.560326886541144,1.05196954350985,0.32370652508349,3.24976317125065,2007.17964562727,1122.93310347216,5,9,1,189,204,614.356299945549,3682.81772439503,571.199535041049,2000.00924398745,766.79166894805,64762.1814646315,,26104.056472132
ERBB3,NRAS,2016.40268409738,2332.19052167051,0.001,0.001,0.973058312275722,0.975049392848457,0.948780921429408,2.77577594827569e-08,0.058576541629205,4.73871599632257e-07,2007.17964560697,2302.85604415322,6,2,0,196,204,801.409288332394,4086.26372769022,387.791811158216,7201.62263055808,,174581.141886347,,189245.367002894
ERBB3,PBRM1,2019.23721075712,269.800217045049,0.001,0.001,0.965027543251781,0.965677506417208,0.931907532439261,1.44175013799559e-07,0.0664736641237631,2.16890426757773e-06,2007.17964560697,265.117268424093,6,2,0,196,204,802.529214369736,4092.02494526979,44.861368018287,833.13947497276,,134002.531281433,,15695.6961814708
ERBB3,PEG3,2019.7870394582,105.024207521857,0.001,0.001,0.963396047028152,0.975520109187591,0.939813503996458,3.22477960957082e-07,0.0626680793215539,5.1458089101858e-06,2007.17964562064,103.727858783918,6,2,0,196,204,802.746773337523,4093.14799034073,17.4631879334604,324.305796812186,,128328.79120021,,8737.07256657117
ERBB3,PIK3CA,2043.65986683472,781.908930853187,0.001,0.001,0.898518112621485,0.890215414023878,0.799896420044523,1.81876576235349e-07,0.195765176053788,9.29054798721589e-07,2007.17964561846,766.753691218217,6,6,0,192,204,812.217282255613,4141.68359704222,310.751340826722,1584.65783662483,,38450.9415064205,,13557.219693189
ERBB3,PLEC,1685.6386534729,190.676755631802,39196.4847401345,0.001,0.884822252341145,0.993160569532693,0.24304041334803,1.04821535518874,0.130268014622667,8.04660574758118,2007.17964565527,187.897509857284,5,3,1,195,204,604.445155384177,3623.14795426384,59.1934950341573,443.000611943647,2115.04756411604,230177.49999044,,11073.7743071969
ERBB3,POLE,2023.91265722804,199.861192439116,0.001,0.001,0.951865906300351,0.961648736072947,0.915364870159167,1.85496028602943e-07,0.0651093359883205,2.84899278708998e-06,2007.17964566262,195.973344262916,6,2,0,196,204,804.376036193974,4101.55256235769,33.2318000869535,617.179054594351,,96410.1758439552,,10307.2279269455
ERBB3,PREX2,2033.03575570443,343.085012859091,0.001,0.001,0.926673967106918,0.933209064901157,0.864789150983053,2.76066796484585e-07,0.156095387976005,1.76857753495588e-06,2007.17964564974,338.342873519743,6,5,0,193,204,808.005291374409,4120.05985838638,123.026052144862,737.434438750839,,54714.4952857747,,10066.2990374865
ERBB3,PTPRT,2023.17672398511,117.693198470416,0.001,0.001,0.953882896735227,0.955988922972309,0.911906642078923,4.40633491813249e-07,0.0949014474738295,4.64306397365288e-06,2007.17964560697,115.929001651172,6,3,0,195,204,804.093121380415,4100.03254107467,29.2676491432692,305.217283057265,,94096.0908622155,,5347.45910788354
ERBB3,RASA1,2023.68626857924,282.672989953432,0.001,0.001,0.95244299922477,0.957626017569792,0.912089105266645,2.03170648748006e-07,0.0975855579268476,2.08197455713997e-06,2007.17964564974,278.596733530238,6,3,0,195,204,804.295263367568,4101.06005349206,70.2947518779758,733.05847719664,,89989.1892698656,,13304.5324409747
ERBB3,ROBO2,2026.56200819527,177.068011331809,0.001,0.001,0.944368174804691,0.964072375982124,0.910444352279333,2.98775087611202e-07,0.0942774836721887,3.1691033317146e-06,2007.17964567052,174.902509690668,6,3,0,195,204,805.433865174483,4106.92760111562,44.0328054420328,459.198218312911,,76810.2135855663,,9969.36061362293
ERBB3,ROS1,2025.65327290316,467.911285973656,0.001,0.001,0.946974640338706,0.945581309891669,0.895447819252473,1.67592285961731e-07,0.123291261328248,1.3593200698591e-06,2007.17964560697,461.369182636999,6,4,0,194,204,805.077291615362,4105.05291427382,145.25737982321,1087.0753781248,,78468.433803609,,16901.4062231707
ERBB3,RYR1,2049.79275903526,285.41076974282,0.001,0.001,0.882480803062999,0.904484569840059,0.798218355568471,4.67169714815641e-07,0.222782022832617,2.09698120555553e-06,2007.1796456526,281.271546448868,6,7,0,191,204,814.649001315974,4154.14195308024,122.61545088652,552.126922303202,,32630.3836662934,,5772.14602874248
ERBB3,SACS,2052.87862581857,357.109501917707,0.001,0.001,0.874718265291294,0.878375304867194,0.768358901242643,4.43444991209824e-07,0.255868538832098,1.7330969771974e-06,2007.17964564041,351.295554500635,6,8,0,190,204,815.874309688662,4160.39132213972,163.177688365755,664.8367294313,,30301.4390706186,,5551.24540591899
ERBB3,SF3B1,2028.31584955688,871.620313380239,0.001,0.001,0.939752471379391,0.918588651820378,0.863255232034079,1.15435872985242e-07,0.134899621198818,8.55716806017642e-07,2007.17964560697,853.213216910597,6,4,0,194,204,806.13228189421,4110.46830585546,270.580147778401,2025.04288476711,,68384.7947973089,,20692.9173708386
ERBB3,SMAD4,1746.34171933985,2342.04117660578,7734.89826604744,0.001,0.88614101772329,0.961832807403011,0.783357408945847,0.959411115461484,0.499896656371416,1.91921890901518,2007.17964564041,2300.95712457226,5,15,1,183,204,626.181008084863,3754.02610763448,1373.40766268953,3685.38327631575,436.727910967849,35477.7134462122,,28361.1814455566
ERBB3,SPHKAP,2022.2532200068,375.871302821546,0.001,0.001,0.95646758826017,0.960721247111578,0.918902227836053,1.48767268804209e-07,0.0915653039529601,1.62471222593916e-06,2007.17964560697,370.860199169829,6,3,0,195,204,803.72574684113,4098.14246895672,93.4726523589608,974.717212515242,,99829.5660834776,,18995.2486258673
ERBB3,SPTA1,2033.86971858215,325.475919626765,0.001,0.001,0.924491620281547,0.915238165927123,0.846141830936696,3.44257762609213e-07,0.185603066761066,1.85480643513498e-06,2007.17964559478,320.667901588281,6,6,0,192,204,808.336134176344,4121.7149700834,129.355798265163,659.598360597852,,52299.2806009516,,7461.62701831791
ERBB3,SYNE1,1381.50637039417,332.78087861862,20406.8192368254,0.001,0.549652018618552,0.929866450593458,0.141419069076618,2.31073608049185,0.492599780924333,4.69089952934186,2007.17964564868,327.919160821728,4,13,2,185,204,428.869145809724,3209.79906241131,191.463819663124,530.869543751174,3315.59689051003,67256.6834646978,,5567.29530359454
ERBB3,SYNE2,2027.51691603093,768.210925869553,0.001,0.001,0.941872524406166,0.931040865894361,0.876929933924304,1.20837702637447e-07,0.129612600551334,9.32299036694264e-07,2007.17964563218,754.531314199714,6,4,0,194,204,805.8174637956,4108.85657343888,238.480074724673,1784.76649784349,,71264.5942077128,,21691.2341301627
ERBB3,TENM1,2020.70979496094,167.241568062041,0.001,0.001,0.960852487000008,0.961359926784826,0.923728944241108,3.14632258541052e-07,0.0943829550120027,3.33357075439141e-06,2007.17964561915,165.045385431018,6,3,0,195,204,803.111779665389,4094.98904966184,41.589406782433,433.709061875187,,111973.014168674,,8695.20305405603
ERBB3,TP53,2249.94683847892,1218.87288749382,0.001,2053.91053825222,0.956644895526144,0.973485078910888,0.942200267209972,1.01642468663928,1.18238754230784,0.859637513310882,2007.17964564275,1232.21687470544,5,38,1,160,204,893.989389311598,4561.13456211621,870.70167886745,1649.82183995124,,10435.0682945166,113.75362124107,10331.4953069447
ERBB3,TTN,2034.45809958921,529.842892104816,0.001,8555.92213791933,0.982916359221494,0.89287006827537,0.332907019269276,0.961039914120886,0.167101608622635,5.75123077534939,2007.17964563328,652.433493251695,5,4,1,194,204,808.561696462576,4123.00752374343,164.478127640717,1231.03517070346,,87024.4146937785,470.260477736259,44802.4986020817
ERBB3,XIRP2,2040.35453991476,392.33398956463,0.001,0.001,0.907074483327464,0.916138192775987,0.831020393114186,2.83949534202362e-07,0.179194340981562,1.58458985170507e-06,2007.17964561915,386.593154320787,6,6,0,192,204,810.907294820477,4134.95588976741,155.927794576774,795.091978972319,,42307.5692815227,,9066.48522252138
ERBB3,ZFHX3,2029.78212981009,269.574460419584,0.001,0.001,0.93559765641401,0.936718725045032,0.876401655976175,2.83540446467754e-07,0.129934918227199,2.18217281648622e-06,2007.17964568271,265.168960251863,6,4,0,194,204,806.712698224123,4113.45956190526,83.6843523157421,626.312424833167,,63937.2070589866,,8349.8675131483
ERBB3,ZNF521,2014.63425337825,143.714593133862,0.001,0.001,0.978220305026844,0.971579989614486,0.950420306714569,2.43661077151602e-07,0.0636785502656315,3.82642312262424e-06,2007.17964562823,141.653663350148,6,2,0,196,204,800.705753175347,4082.65199948078,23.8964640848393,443.781004623874,,217539.4334181,,10134.6333209329
ERBB3,ZNF536,2045.51044769742,277.258035188775,0.001,3222.12036656033,0.979203719494661,0.859636104778455,0.419108178492241,1.10225833513958,0.246283732004931,4.47556290529783,2007.17964567964,313.132526083228,5,7,1,191,204,812.951849180589,4145.39887631521,119.124899890374,536.27048926909,,58146.4901334521,176.70408435622,17057.0785941857
ERBB4,FAT2,266.465892482892,350.849313934323,0.001,16818.5544851384,0.966100522373891,0.41733585831329,0.0178471557657704,2.46190187857615,0.202077042412741,12.1829864945654,262.390441260241,464.991016433035,4,6,2,263,275,105.905411322888,539.991980295984,139.443762085295,710.989380285383,,10361.3061905833,2592.45760025425,67788.6882205777
ERBB4,FBN2,265.021510565407,143.660189188572,0.001,11150.5021615343,0.978245136750884,0.395386913661194,0.0082205824238309,2.59978284934982,0.163771459603886,15.8744561209745,262.390441261212,214.318124041381,4,4,2,265,275,105.332390296573,537.051595746588,44.5980507537386,333.74546298083,,16437.2955604386,1713.57941983551,45477.5892731875
ERBB4,FBXW7,263.893313267558,487.321392711991,0.001,48305.7664694153,0.99368269618466,0.670411928619684,0.00587204376929592,2.43881224301667,0.122635963573879,19.8865991014737,262.390441260849,807.452602790954,4,3,2,266,275,104.885278218599,534.758605014896,121.189673908895,1263.70221814406,,32969.5456646299,7416.52571078319,196794.78460386
ERBB4,FGFR2,,,,,,,,,,,,,6,0,0,269,275,,,,,,,,
ERBB4,GLI3,265.124701903128,102.357278828314,0.001,7259.57765067502,0.976569357208411,0.449313976412464,0.00966958309455392,2.4649929893098,0.15636344673848,15.7645091658317,262.39044126049,152.606366239625,4,4,2,265,275,105.373714432037,537.266289254669,31.7762178735047,237.792726485367,,16001.6255210307,1121.06496708706,29053.6876125296
ERBB4,GNAS,271.870473712397,1454.92457808909,0.001,14318.042833628,0.907173153121991,0.5941251197615,0.43250670553557,1.27149288432847,0.320269199682606,3.97007544149906,262.390441261904,1563.50034086793,5,12,1,257,275,108.051083300764,551.003727077825,779.038921181025,2440.65863168792,,3706.00045848194,786.259707144483,75230.3436062894
ERBB4,HMCN1,268.673774180699,276.267081841084,0.001,7709.35892870095,0.955949112112941,0.48566368452154,0.0431912033291862,2.41756863480226,0.300925192608486,8.03378611756045,262.390441260539,329.446772606592,4,10,2,259,275,106.781529211277,544.47901571587,138.421036567068,484.606468254925,,6771.76473542565,1190.62041858842,30833.8625690529
ERBB4,HYDIN,180.865283865967,620.38415642987,0.001,0.001,0.904013351417602,0.955619112851873,0.86390102340947,7.08298148304745e-07,0.187306691312274,3.78148876232021e-06,174.865644698155,617.469551568003,3,10,0,191,204,44.9765821348056,469.056682246529,310.812835710982,1088.36234139078,,3516.88138554723,,30117.2046557579
ERBB4,IDH2,262.666745244681,731.252599807866,0.001,0.001,0.993748255265023,0.988031483545846,0.98185465834068,5.27998649027517e-08,0.0200480790648042,2.63366204473154e-06,262.390441260622,722.496365546888,6,1,0,268,275,104.398365998937,532.268233321127,41.7244171470441,3219.78516618476,,142103.377533293,,122906.332145432
ERBB4,KMT2C,265.614947438666,430.606094877538,0.001,30400.9146362617,0.996485799908336,0.819248363224703,0.00115650010733938,3.30303459103597,0.23509712402864,14.0496597084428,262.390441260398,612.180797456587,3,7,3,262,275,105.569131067573,538.251421648899,185.017540894168,832.824542008252,,16022.8869703005,6624.67873616777,123464.130647611
ERBB4,KRAS,281.583773161728,13311.5411579093,0.001,42387.557601972,0.9282364261457,0.874452700198503,0.852317655331307,1.10789194384403,0.745753808758797,1.48560011471878,262.390441260314,13582.1850238568,5,34,1,235,275,111.905558464332,570.698911638269,9320.63727400199,18308.3914981221,,2079.62602524295,2344.62116098366,214477.43781756
ERBB4,LAMA1,266.578416767484,190.035983809899,0.001,12034.2665996018,0.990680953699007,0.5640955462794,0.00143557806080273,3.42897496283984,0.290719671921013,11.7947813444543,262.390441260791,260.121911257572,3,8,3,261,275,105.951728898921,540.214026944984,86.8410399624959,353.767377296122,,12475.575402322,2641.00514555879,47358.0233279263
ERBB4,LAMA2,266.254510936675,366.814319964402,0.001,17585.5383012901,0.971628961608359,0.458152557124992,0.0178323119192256,2.48067920526779,0.206095819293744,12.0365333647653,262.390441260582,486.172800930172,4,6,2,263,275,105.82151365471,539.562576173202,145.788257924402,743.34928886679,,11388.1040811489,2717.98712697014,70068.9615146213
ERBB4,LRP1B,272.053753975069,253.745880768755,0.001,4191.88616797816,0.954679923947085,0.574859721594637,0.102221249718705,2.38487731205041,0.459374704264712,5.19157300110312,262.390441260789,283.6269971916,4,16,2,253,275,108.123323426414,551.342748480876,148.816155428061,399.240781818788,,4649.16723108046,646.951692128082,16747.4295758797
ERBB4,LRP2,266.228718479256,232.295747992156,0.001,19830.5714423412,0.974464606080107,0.353363410331134,0.000696069452528158,3.43465685837366,0.225715299941041,15.2167658075054,262.390441260462,346.846149665865,3,6,3,263,275,105.811723637057,539.504827650555,92.3253669839023,470.740029766302,,12260.8152743089,4341.80701244171,79149.9810647908
ERBB4,LRRIQ1,213.668800893096,516.124013996873,10584.6227630264,17306.9810427585,0.903075496156194,0.949452550156625,0.00554691004667828,2.67666885944704,0.128894141537284,20.7664120923042,262.39044126061,620.511997498852,4,3,2,266,275,68.9900114652482,476.302367189489,142.786766357511,1222.0833223856,,63672.0604816322,,113261.445987776
ERBB4,MACF1,177.91617586179,611.5026889506,0.001,0.001,0.949609980887675,0.970227554909703,0.921340743170628,3.10516619014605e-07,0.0827599558917293,3.75201527923527e-06,174.865644696873,607.762164336205,3,5,0,196,204,44.2441645920372,461.387323736776,219.273995827022,1314.41136019554,,7221.16515877078,,47388.1223215693
ERBB4,MED12,265.964184700032,499.04632423452,0.001,44382.9240433162,0.978822191261032,0.391974998677341,0.000648617655470057,3.48169146070892,0.225466448234879,15.4421710545681,262.390441260226,745.30829367167,3,6,3,263,275,105.707492823351,538.971095046714,198.34448692057,1011.31433171906,,13582.6331234403,9601.23434671819,182250.085748404
ERBB4,NF1,268.744102878446,883.917018586979,0.001,11122.4991467789,0.948171062869054,0.663403180964469,0.372511483751064,1.29706215899752,0.262038727342156,4.94988726343449,262.390441261069,965.004013580876,5,10,1,259,275,106.809809783799,544.624703634075,442.884160086811,1550.48014257329,,5742.18829843052,612.97855591306,57307.4574633807
ERBB4,NRAS,263.694680906949,1762.654675153,0.001,0.001,0.970825272316662,0.980510303510077,0.95190470755229,9.06898996513037e-08,0.0407699566087721,2.22442963384932e-06,262.390441260951,1745.36273097283,6,2,0,267,275,104.806178209824,534.357855933598,293.09167611539,5442.87166576368,,21252.5897431985,,182923.18446074
ERBB4,PBRM1,264.278092673166,419.313488226563,0.001,29930.3982413164,0.994956732894853,0.777080521419776,0.00987673876682128,2.38295910358497,0.147818821795961,16.1208097496153,262.390441260613,625.128243835155,4,4,2,265,275,105.038097443324,535.539291913023,130.174435940434,974.121026238797,,25322.5262264317,4591.08445462555,122210.614114787
ERBB4,PEG3,263.28127442062,155.975419871172,136.340551060014,11274.4780459008,0.999980146727938,0.797815173653873,0.00932832731111169,2.53051646231784,0.16373579144789,15.4548766640505,262.390441261077,231.468038011353,4,4,2,265,275,104.109773026175,534.412664871188,48.4238746238407,362.346759154226,,27679.9883708386,1670.45358681246,45360.4707776944
ERBB4,PIK3CA,266.982315490469,904.08677602425,0.001,29496.3923815323,0.979169929857146,0.620423277981809,0.0336075170303133,2.43905991938674,0.261539149970248,9.32579279111444,262.390441260919,1098.47924324634,4,9,2,260,275,106.111789780486,541.032251471193,434.406617232357,1629.92554294852,,9584.30007348767,4569.51302293734,116680.063450105
ERBB4,PLEC,265.038278905254,178.63446225858,0.001,4205.5169576618,0.988915410720788,0.830948378753159,0.235061625459799,1.25527001008665,0.149215396549044,8.41246975257056,262.390441260458,212.660415979208,5,5,1,264,275,105.339060419131,537.089869586863,64.0567942844931,383.953342173342,,16195.6777032671,231.605430779645,21757.7611391284
ERBB4,POLE,264.36451333559,154.389369873084,0.001,22305.929375138,0.974910123888905,0.285746037083478,0.00340509416802991,2.32845246095481,0.0904240976301598,25.750353301598,262.390441261077,306.908387719662,4,2,2,267,275,105.07155300259,535.721949755607,25.6716182339102,476.740769025703,,22715.8125902571,3432.69427660648,90189.1975165593
ERBB4,PREX2,265.653588132865,359.438202913275,0.001,14293.2552407505,0.996197313035507,0.812832888190512,0.0249194032767614,2.42390775921864,0.22644552941198,10.7041537340697,262.390441260819,459.21657403027,4,7,2,262,275,105.583658693212,538.330458492221,154.411202145166,695.03702991926,,14730.4682803293,2213.09975815389,56592.1286769062
ERBB4,PTPRT,265.414696885794,115.198882094456,0.001,7687.01881461331,0.97468574980776,0.423099331311459,0.0107705960514772,2.37961780946718,0.157605602237778,15.0985610643273,262.39044126061,171.695159064987,4,4,2,265,275,105.488332200628,537.855607412781,35.7625832330635,267.628371956982,,14709.7701499238,1190.25965330035,30367.3686522452
ERBB4,RASA1,265.101387320317,286.388336467297,0.001,22038.9466950966,0.976086781986628,0.386479098431998,0.00829598628001338,2.56800770657981,0.156702176057276,16.3878241591309,262.390441260193,427.203443259814,4,4,2,265,275,105.364193615155,537.217384204973,88.9072443217402,665.33163354898,,16115.837658542,3395.05762358386,89059.8752810824
ERBB4,ROBO2,265.626704844077,217.565145563622,0.001,13075.9063000087,0.976152350342342,0.434414144709153,0.012425266145303,2.54663620043513,0.188720620183261,13.4942127572608,262.390441260879,302.892005580241,4,5,2,264,275,105.572399334572,538.287070186811,78.0162774842163,467.637469346544,,14030.2416828548,2009.58005410099,53004.7253714061
ERBB4,ROS1,265.317964670075,346.092413648042,0.001,22710.4146138689,0.976586488853969,0.458742732187949,0.0111249109473809,2.31497891434783,0.147850297601875,15.6575871127531,262.390441260977,515.737306274277,4,4,2,265,275,105.4500484989,537.658167188899,107.442250545668,804.028958143368,,15279.3327295367,3519.61150147024,89632.0763243627
ERBB4,RYR1,179.926796213692,282.942101951966,0.001,0.001,0.918216721235944,0.960627520499325,0.882072119549669,6.13850526486048e-07,0.128755226876175,4.76757752969823e-06,174.86564469797,281.271546449444,3,7,0,194,204,44.7432914288662,466.621359505677,121.557430370359,547.332052265059,,4213.83539017221,,15285.2953117533
ERBB4,SACS,271.5918443404,548.489755803942,0.001,17335.8306180016,0.953629126139372,0.422170914457636,0.00773737796097456,3.44674375925363,0.46818978977911,7.36185161338053,262.390441259749,648.286431572994,3,16,3,253,275,107.94265624482,550.412509893549,321.687303824543,862.931927008421,,5258.04055524795,3803.11342220599,68773.8607906351
ERBB4,SF3B1,266.27405103703,1204.69964378814,0.001,53429.8105159987,0.972166191661512,0.505913277430354,0.0203741085888287,2.43215523220159,0.208665946999493,11.6557362002507,262.390441261077,1540.11705997712,4,7,2,262,275,105.829017682506,539.593294827244,517.622800327629,2329.92226031573,,10932.8701684671,8175.98202024003,219553.669683998
ERBB4,SMAD4,275.691919920386,2818.48758443704,0.001,0.001,0.744368707209941,0.769556810176146,0.572888798329619,1.23297017356333e-06,0.570148372129155,2.16254265351832e-06,262.39044126082,2788.32035222684,6,25,0,244,275,109.568223910312,558.72469481968,1852.70525241673,4073.17900105894,,1770.18199772075,,21599.6544597943
ERBB4,SPHKAP,265.380738484993,458.455255010878,0.001,22238.6068758177,0.989243567120022,0.71928025705656,0.0185440881905603,2.2047489376557,0.174309163056537,12.6484970669075,262.390441260789,637.289028011463,4,5,2,264,275,105.475336979622,537.782285350822,164.398874148734,985.38621281983,,16103.8752353598,3450.51278139521,87400.01590409
ERBB4,SPTA1,266.044704533093,278.478622202036,0.001,9906.97399885642,0.994591070357599,0.829607006607582,0.0305330824403569,2.26645564272568,0.228907644426714,9.90117935293023,262.39044126061,355.577286105694,4,7,2,262,275,105.739276186227,539.12776044341,119.653625987503,538.595872502082,,13126.8904184429,1536.24186480166,39008.7367107629
ERBB4,SYNE1,271.907487839481,348.530672655926,0.001,9388.92369322768,0.963534410730865,0.645703272983565,0.0131283676929088,3.41246390891077,0.537538107664282,6.34831998002645,262.390441260431,399.015338935014,3,20,3,249,275,108.066402041081,551.035336747111,217.204974366137,524.453448784151,,5234.75670543111,1984.78717085015,39683.4433905548
ERBB4,SYNE2,176.660109701972,568.498850562556,0.001,36605.4794731576,0.989187951222541,0.751370768150508,0.101520368490019,1.1460207827242,0.0673589032194587,17.0136496877095,174.865644696881,754.531314204995,2,3,1,198,204,43.9323902611492,458.11729042864,141.376240485223,1474.23230437801,,22931.178695779,1923.81743176221,266032.401142941
ERBB4,TENM1,265.444360884906,206.378935737164,0.001,22604.3211167293,0.984005696721616,0.354896382180218,0.000383391322522992,3.52889556265226,0.21184459979865,16.657944389455,262.390441260644,328.839835108874,3,5,3,264,275,105.500287015774,537.911077118425,74.0029409242498,443.575240636822,,16886.7110719168,4936.69965592226,89413.657010237
ERBB4,TP53,297.403870701569,1449.63630221187,0.001,5141.17568389919,0.956631507280886,0.899179588583121,0.754860615743508,2.16655902384471,1.42615145471177,1.51916475398651,262.390441260752,1485.32595522988,4,60,2,209,275,118.18372095149,602.845886362354,1112.33227828153,1849.51065220721,,1509.57538772841,801.54720551206,19862.0964326918
ERBB4,TTN,177.599241832408,656.312844575437,0.001,0.001,0.954685763630383,0.971251355802823,0.927242855379725,3.35039721133463e-07,0.0906862303196101,3.69449386034313e-06,174.865644696994,652.43349325619,3,5,0,196,204,44.1655201844587,460.561856484937,235.340265446691,1410.75118745944,,8129.9103810008,,49851.1017278062
ERBB4,XIRP2,266.090368445914,238.315294386755,0.001,37029.6731718335,0.973980403994326,0.430060491522261,1.5771162431977e-05,4.12531324595277,0.21432202165884,19.2482005069898,262.390441260919,427.402901608723,2,5,4,264,275,105.755626007282,539.233135135467,85.4579594017477,512.226846474821,,15062.7818573352,9171.9789435934,202056.644851061
ERBB4,ZFHX3,177.804034203138,266.630639115565,0.001,0.001,0.951406281034637,0.978604781229124,0.931053026606759,3.40019567105897e-07,0.0703522170079331,4.83310379639573e-06,174.86564469797,265.168960251863,3,4,0,197,204,44.2161110094881,461.099568986494,82.7720966506651,619.451554580547,,7663.05498997402,,27075.039596204
ERBB4,ZNF521,264.411463200205,216.743607359268,0.001,15769.5785344886,0.993360774882191,0.653239402643787,0.00932557865837714,2.49854199369413,0.155078880615118,16.1114265448893,262.390441260241,323.21739046141,4,4,2,265,275,105.091052588572,535.808924750976,67.2873220578198,503.52176538915,,22631.5305892944,2438.63713156352,62675.7549114447
ERBB4,ZNF536,178.331391167279,274.940901247048,0.001,9791.61658744222,0.979930724447361,0.653272306897653,0.161794572960751,1.39302494496911,0.145510229295197,9.57338155342381,174.865644696994,313.132526083452,2,7,1,194,204,44.3475914923087,462.456294053838,118.131693928298,531.768416197519,,9661.58527621548,517.141229210688,68563.8450015684
FAT2,FBN2,351.739474362803,217.494055693939,12284.4800429621,0.001,0.771033527819557,0.978673390462052,0.0334568230877247,2.07684086686264,0.213821570536812,9.71296236225654,464.991016433035,214.318124042081,6,4,2,263,275,139.796390932578,712.803324541435,86.4399079320893,440.766946404753,1875.77526145319,51059.7533371138,,9495.27492261876
FAT2,FBXW7,350.726494701699,816.589368443479,17646.9923299842,0.001,1,0.994757932965759,0.0182656030694057,2.11231631573523,0.169000404349733,12.4988832060067,464.99101643309,807.452602787481,6,3,2,264,275,139.394646279798,710.7434568595,292.82160854888,1755.16443382195,2619.57645305413,83621.7593483578,,58901.4257718945
FAT2,FGFR2,,,,,,,,,,,,,8,0,0,267,275,,,,,,,,
FAT2,GLI3,470.396766697219,129.215472146522,0.001,1556.75171221427,0.99455716478329,0.987498536132404,0.418646455169297,0.969064632032372,0.20581216240361,4.70849059994801,464.991016432411,152.606366239251,7,5,1,262,275,214.951429861069,875.694718095759,46.3347629391841,277.742071937444,,17848.5361843022,86.3259668532604,7744.50298993361
FAT2,GNAS,481.289856816507,1463.8965520847,0.001,8359.45444621816,0.914940318495096,0.749883849588541,0.636940578156308,1.10870074230123,0.443539631564606,2.49966556176782,464.991016434071,1563.50034085837,7,12,1,255,275,219.915220808086,896.065102255254,783.7990117545,2455.68658906156,,5356.99932180996,464.205808492966,41339.3694804441
FAT2,HMCN1,356.025074827526,333.714519359313,5432.0638600071,0.001,0.927764358296657,0.982210424691535,0.131704010305456,2.09816214517157,0.406123494771371,5.16631559657177,464.99101643309,329.446772608265,6,10,2,257,275,141.496617973564,721.51475040225,178.682331954259,559.783210832665,870.880394671956,18680.0979711306,,8646.76027830211
FAT2,HYDIN,156.121834491158,624.095168858133,0.001,0.001,0.935924799395322,0.900782864235701,0.84308553264452,5.28808660476329e-07,0.124291947926639,4.25456893465415e-06,150.999069542556,617.469551565188,2,10,0,192,204,25.9585205953789,482.137410553142,312.655677731913,1094.979179777,,4616.44142884122,,15466.5310777308
FAT2,IDH2,465.714270777282,732.488322903927,0.001,0.001,0.987740858459809,0.986368996223496,0.974277194170998,4.92549652830027e-08,0.0274525353038563,1.79418639254363e-06,464.991016432411,722.496365546849,8,1,0,266,275,212.816184121651,866.950852813186,41.7949323723903,3225.22558909243,,127644.399552575,,106275.346779581
FAT2,KMT2C,353.047169541277,619.222940913005,8830.36183518818,0.001,0.679131675982534,0.976770990147116,0.0552595474741857,2.45394399123655,0.31550841216383,7.77774505093806,464.991016433824,612.180797461639,6,8,2,259,275,140.316497265437,715.451602111611,310.259275114167,1086.17737536758,1415.42399063495,30434.4046947316,,20194.4066372829
FAT2,KRAS,502.346510336449,13372.2451241184,0.001,28703.3356636316,0.885665043646322,0.897144141781508,0.884087658670408,1.07713732065829,1.01503004111767,1.06118762699105,464.991016433392,13582.185021625,7,34,1,233,275,229.520410772442,935.358051666908,9362.97574259231,18392.2870904728,,2514.97227178198,1603.03892762981,138324.485031838
FAT2,LAMA1,355.51118943797,264.092068326112,5819.48322428882,0.001,0.77428002022256,0.968852591578412,0.114908907624545,2.05650702288693,0.375005174536919,5.48394305605632,464.991016433035,260.121911256231,6,9,2,258,275,141.292914218722,720.464288857693,137.120052279626,452.358310571459,934.204473954653,19947.8992636455,,6271.09528932971
FAT2,LAMA2,404.666012332472,375.250336393688,5776.69410001363,10363.5828173855,0.928504466041455,0.808193740952474,0.00310180151389044,3.13886190482372,0.278280933563391,11.2794716642299,464.991016433243,486.172800929032,5,5,3,262,275,159.565619285412,804.760210885445,138.757231295693,779.464973926545,,33205.7572285933,,42530.0757874512
FAT2,LRP1B,360.808011297676,288.230012553227,3389.73352777702,0.001,0.695500789242113,0.936216497814397,0.261471216353434,1.99113360260187,0.576552567933159,3.45351614639363,464.991016434285,283.626997192257,6,16,2,251,275,143.394897897743,731.229745962935,174.707995060762,442.746540673822,552.449317120319,11066.2876313094,,3721.67875375679
FAT2,LRP2,427.139884570768,302.867016954408,2877.89782262644,3501.09506891956,1,1,0.0834156516865542,1.97197491911791,0.298093870141835,6.61528168351677,464.99101643309,346.846149665153,6,7,2,260,275,178.303873940392,829.866171920908,131.894253800547,577.102323877837,,20519.9623744864,,17696.5754590793
FAT2,LRRIQ1,350.286751579106,629.93608810693,22049.7910652057,0.001,0.41887657499948,0.972790580470648,0.0112724621896521,2.41447172724492,0.168680895496057,14.3138422412593,464.991016434145,620.511997496579,6,3,2,264,275,139.219109729719,709.840308413449,225.889758618623,1353.99462383332,3320.08577781376,99098.7620741979,,30455.151136228
FAT2,MACF1,153.746157403045,611.663606941863,0.001,0.001,0.964758285902596,0.968875001486985,0.934733829680254,2.56235852845194e-07,0.0608614317582402,4.21015157617454e-06,150.999069542667,607.762164333525,2,5,0,197,204,25.5639020799443,474.786048090688,219.330602592207,1314.77021558488,,8881.62362757682,,50921.9232869822
FAT2,MED12,294.398268498554,752.82153965942,12197.1293144851,0.001,1,0.990164054636585,0.00514501993578497,2.98124628359793,0.304458479939732,9.79196337112394,464.991016433081,745.308293675041,5,6,3,261,275,105.566993617236,632.792260491325,361.717777632307,1357.24207058605,2811.10909898295,38914.6119839852,,35133.1619195872
FAT2,NF1,475.690931127097,888.937530844877,0.001,6516.67836206506,0.963159465841276,0.843308422799001,0.571310560063922,1.1301876998408,0.361995022142349,3.12210840124859,464.991016434285,965.004013572371,7,10,1,257,275,217.364841664329,885.587998515109,445.390652333906,1559.32027109128,,8481.54461288896,361.488096661775,32382.9339925329
FAT2,NRAS,466.035327754265,882.481449056155,0.001,75536.860736972,0.993175293982186,0.779122499897412,0.0913604857602412,1.11546817731917,0.0571706428735119,19.5112057736888,464.991016433605,1745.36273096563,7,1,1,266,275,212.96242704279,867.551129627441,50.3535599053999,3885.65100470717,,153939.049816545,4214.95963816801,365347.253256239
FAT2,PBRM1,351.150254561616,632.667071114246,14902.8450224824,0.001,0.818204598768341,0.988685772316974,0.0231475766738955,2.27548698323732,0.203223874687885,11.1969471437943,464.99101643309,625.128243826051,6,4,2,263,275,139.563113948825,711.602471025667,251.452086602318,1282.07850372853,2291.70181996459,60527.2073695405,,35853.8349891103
FAT2,PEG3,351.169470789272,235.395087174544,14842.2030776826,0.001,0.454506352412362,0.963651413591784,0.0223448788569604,2.3038834428926,0.20655539125442,11.1538286602011,464.991016433035,231.468038011513,6,4,2,263,275,139.571701229779,711.644827071362,93.5552365818725,477.032180012944,2298.40501907745,58881.4526891787,,8567.37023154175
FAT2,PIK3CA,294.95916261174,1109.42270945492,10772.8295587207,0.001,0.872827777699163,0.985125680327928,0.00671418158812901,3.1561755737574,0.348262635063394,9.0626304862791,464.991016433081,1098.47924323645,5,8,3,259,275,105.768240238861,633.996587502869,576.038671568425,1900.25181979385,2537.2652998021,32231.174238302,,43180.9667388827
FAT2,PLEC,470.034189483675,179.729855225406,0.001,2449.93803045315,0.991118489387854,0.939925787249524,0.375741130864366,1.06392548516733,0.201291874389164,5.28548650260171,464.991016434145,212.660415979208,7,5,1,262,275,214.785802290327,875.02098932396,64.4490048052901,386.314991963357,,19402.5622762671,136.301796076437,12011.8154502172
FAT2,POLE,468.651220749938,155.014523083102,0.001,14078.9930968288,0.960069713361267,0.288555318541283,0.00774765914218556,2.2748265448934,0.124363133606914,18.2918078607093,464.991016433035,306.908387719662,6,2,2,265,275,214.153347502297,872.446842125436,25.7752642194339,478.669439089128,,25607.5669876062,2227.84144795466,50864.4642169253
FAT2,PREX2,353.239035834909,465.824035463321,8497.07799081975,0.001,0.653217609377306,0.968674581403995,0.0600154282781622,2.22726036972852,0.297338503386698,7.49065574878439,464.991016433035,459.216574031115,6,7,2,260,275,140.391644092926,715.844454259771,223.821839928612,839.81591512388,1348.75786560336,30308.5271132911,,13768.3894900667
FAT2,PTPRT,469.706644406855,116.144100476079,0.001,3664.32267315401,0.98849904170302,0.991951867897999,0.043243916586808,1.77773317329511,0.200351996957557,8.87304943444963,464.991016433035,171.695159064987,6,4,2,263,275,214.63620952043,874.413962417754,36.0554219893962,269.832706294504,,24333.1892786247,575.864920038189,13507.5296748733
FAT2,RASA1,469.403055391415,288.590727480208,0.001,10080.5874677943,0.984087792141969,0.88521464722516,0.0369160922459131,1.98974789917367,0.209260656550714,9.50846629257067,464.99101643309,427.203443259397,6,4,2,263,275,214.497878955386,873.841085992903,89.5893085113944,670.470759480124,,23618.0361278105,1560.43174189157,38655.8102710108
FAT2,ROBO2,349.841849832583,263.884840328722,12529.6121017912,3777.00708136289,0.751253637072838,0.924881391787364,0.00203204344922656,3.07144596192957,0.244443651307741,12.5650469770752,464.991016433151,302.892005579441,5,4,3,263,275,128.351947084994,731.874991236709,95.3228187553016,547.337808186499,,53041.6918888295,,23278.4683844131
FAT2,ROS1,351.806904261118,522.656984144345,12011.6812251671,0.001,0.940093227014922,0.988923611133231,0.0360443950422559,1.90326109761808,0.194976230651743,9.76150319070219,464.991016433035,515.737306274832,6,4,2,263,275,139.822886519718,712.943243736081,207.726397207295,1059.16876179466,1815.53454156182,51634.4296243092,,24906.0513582374
FAT2,RYR1,155.296039826882,283.83779612569,0.001,0.001,0.945724034806074,0.939503993550364,0.888523326245174,4.3775463978192e-07,0.0837159018547464,5.22905003808546e-06,150.999069542678,281.271546449844,2,7,0,195,204,25.8212722583232,479.588147147136,121.939134847545,549.087312108519,,5554.6168965832,,11162.0642457994
FAT2,SACS,300.423386197997,655.944022611704,5119.63002640521,0.001,0.842376988125266,0.965516221956806,0.0450007113447244,3.0714095773335,0.619593922924255,4.95713315398185,464.991016433317,648.286431570393,5,16,3,251,275,107.724766390437,645.771403385196,403.392889203179,996.846051281168,1240.17959583045,14131.7711573116,,13046.4325229197
FAT2,SF3B1,471.398015751786,1209.97456627303,0.001,31570.5840289166,0.975112136564049,0.712510981878112,0.0514813737577032,2.30820300603901,0.289427134988878,7.97507464574016,464.991016433824,1540.11705997187,6,7,2,260,275,215.409434321892,877.566553445033,519.92410315301,2340.32899907923,,15652.1244469707,4963.49653339063,116248.699765777
FAT2,SMAD4,489.357638320315,2831.24420180405,0.001,0.001,0.666902972307285,0.689530637680811,0.459952461973428,9.82902471552416e-07,0.750015896979763,1.3105088512263e-06,464.991016432411,2788.3203522197,8,25,0,242,275,223.601944428191,911.083016621941,1861.05642235998,4091.68107523138,,2285.52449912646,,15019.2884563393
FAT2,SPHKAP,351.808264091008,646.703885062619,12028.601216283,0.001,0.556296655995503,0.969203253133983,0.0333568710590153,2.21876476990339,0.226025197343776,9.81644876756257,464.991016433035,637.28902800939,6,5,2,262,275,139.824005864911,712.940424773141,277.86515414089,1250.79366497735,1862.93132384057,46851.9794892956,,22374.9023647837
FAT2,SPTA1,353.064961808058,360.864045512619,8810.20438191439,0.001,0.56003497063652,0.961137936554037,0.0557106271732125,2.25963861290967,0.292136634942535,7.73486903946216,464.991016433035,355.577286105208,6,7,2,260,275,140.322949047201,715.49161389272,173.388773754604,650.593068850937,1398.32980253344,31414.8151759324,,9782.27387604875
FAT2,SYNE1,483.589140698404,368.361511751229,0.001,2967.98812421537,0.970205129418549,0.894100230234208,0.31142205957909,2.27643132818562,0.751683110648352,3.02844549243912,464.991016434071,399.015338934718,6,21,2,246,275,220.966872287341,900.301170117841,232.38874427756,549.240354695791,,5914.58500674698,466.219598561741,10960.3566116137
FAT2,SYNE2,152.729717046326,760.230510740046,0.001,0.001,0.977603144567109,0.970546877748458,0.948811669365153,1.84772240346617e-07,0.0458050908777094,4.03388000779047e-06,150.999069542771,754.53131419982,2,4,0,198,204,25.3951357212426,471.635472566681,236.005322945137,1766.18895502982,,14626.994897721,,62591.4704796194
FAT2,TENM1,352.870489462029,333.885563715399,9196.53724264074,0.001,0.621458086134048,0.964269388710327,0.0532406639833553,2.18829127905037,0.277491020161729,7.88598952778716,464.991016432899,328.839835107912,6,6,2,261,275,140.245136374879,715.10037565999,152.568216470804,621.587029028062,1440.24074897747,34258.3677714164,,9948.20898396921
FAT2,TP53,396.341053577014,1508.53260455432,965.00521743825,0.001,0.911268245015521,0.918363079739848,0.911223346931151,2.0449435606852,1.88999242073381,1.08198505890898,464.991016434332,1485.32595522149,6,60,2,207,275,157.495206398737,803.446875709197,1162.63857891726,1917.52302277322,159.698445929647,3016.60339952814,,6404.28128757092
FAT2,TTN,101.684728323923,611.008797557074,3993.58390773285,16390.9306907629,0.795309396657973,0.898034852154573,0.0986458166382837,1.07359680745078,0.0620332391108413,17.3067991102717,150.999069542646,652.433493249062,1,4,1,198,204,6.19431752355123,407.112376472848,200.216556334979,1359.39374209403,,28702.974550253,,443339.311684253
FAT2,XIRP2,352.571889458448,384.310245175246,8826.29366130177,4189.97133401707,0.87361235871257,0.965711527080735,0.00485987600687078,2.85769833090122,0.277290339949071,10.3057983607582,464.991016433151,427.402901609379,5,6,3,261,275,129.560311351301,736.8489725392,166.092283661631,728.034494044516,,35761.0522030943,,25570.6517036952
FAT2,ZFHX3,153.289218924505,267.361560637578,0.001,0.001,0.970511907163728,0.967903767971721,0.939365435498678,2.50917474603485e-07,0.0474315400333013,5.29009756856551e-06,150.99906954258,265.168960252107,2,4,0,198,204,25.4879688736098,473.372616597928,82.9977665242603,621.167251191643,,10980.4583843288,,20611.0011333816
FAT2,ZNF521,351.001604451693,327.958412931581,15803.0280938528,0.001,0.51300927264786,0.972890620253737,0.0199584642720908,2.37344341625753,0.203005585725095,11.6915177864691,464.99101643309,323.21739046141,6,4,2,263,275,139.504236374259,711.298371304446,130.345412670876,664.605336789487,2451.61213008418,62216.6318947196,,14088.7261048727
FAT2,ZNF536,76.9096428244293,315.141876086553,4003.36118637629,0.001,0.556368627151327,0.96809791466388,0.143287744858509,1.10705373240493,0.0924632276060575,11.9729081610861,150.999069542646,313.132526082641,1,7,1,195,204,4.38830097913942,338.655699213705,144.00293866899,586.694879035575,222.692253912365,19653.1116181944,,36063.6297291101
FBN2,FBXW7,143.633915304179,812.946797615486,11433.897936565,0.001,1,0.997616584685517,0.00934103965564176,2.12926151660636,0.130281617369327,16.3435299591826,214.318124042332,807.452602782919,4,3,2,266,275,44.5900063205673,333.688459940476,291.517745360482,1747.3108600987,1640.23688358308,59212.5204720359,,96091.5118538444
FBN2,FGFR2,,,,,,,,,,,,,6,0,0,269,275,,,,,,,,
FBN2,GLI3,217.009768806373,128.575808987731,0.001,2217.76499536614,0.987336730434665,0.889641940436839,0.309986564598125,1.05547834006551,0.165609999245732,6.3732766431536,214.318124041753,152.606366239221,5,5,1,264,275,86.2501163373537,439.788338346459,46.1070325220574,276.36960220183,,10053.9754236469,121.837915457836,11617.2291198681
FBN2,GNAS,222.355252414243,1332.51753946348,0.001,28517.8434771077,0.923064883122469,0.351205466272545,0.0667161943769137,2.26056012565432,0.34138610177043,6.62171105950431,214.318124041787,1563.50034087611,4,11,2,258,275,88.3669138560871,450.662246180806,691.849792667519,2282.49958721429,,3421.82255485007,4363.46670545303,116636.800021189
FBN2,HMCN1,109.378741791175,331.425381357882,4954.99503284829,0.001,1,0.980778075121473,0.00567354069248504,2.91962493899662,0.317011630346363,9.20983541142219,214.318124041356,329.446772607849,3,9,3,260,275,27.1999412090115,283.657628278899,177.460487231886,555.927106100758,1147.21998107357,15444.9032053174,,17345.474576942
FBN2,HYDIN,146.887573792113,624.54417280584,0.001,0.001,0.895013646130146,0.89474968455749,0.800846388870246,9.10721016342351e-07,0.202225457103871,4.50349342454233e-06,141.515648879146,617.469551566641,3,10,0,191,204,36.5258096896296,380.965233706212,312.885494508284,1095.73755426822,,2600.32945428097,,12734.8173707763
FBN2,IDH2,214.550838523977,730.805689730851,0.001,0.001,0.99356429987053,0.988628627503978,0.982266221912459,6.14324760292841e-08,0.0200218125433192,3.06827745471938e-06,214.318124041429,722.496365546888,6,1,0,268,275,85.2731149671108,434.778394852133,41.6992198019937,3217.83465786207,,112731.262746335,,129302.567967233
FBN2,KMT2C,144.521262003512,616.367496363608,5748.54553914894,0.001,0.726140365918352,0.989439905837961,0.0270950855776243,2.51792999216766,0.240702546814091,10.4607534298854,214.318124041205,612.180797460302,4,8,2,261,275,44.8654509446901,335.751315914033,308.831451185608,1081.15172266101,919.074425763653,19980.1248429421,,34620.0292533066
FBN2,KRAS,230.53297512912,12915.8743173271,0.001,82289.1082352037,0.95697137247228,0.841586718603164,0.415716278781058,1.93942916676861,0.76352196500028,2.54010919878108,214.318124042476,13582.1850225604,4,33,2,236,275,91.61264400499,467.252872652513,8992.48285033068,17844.8816507457,,2003.42605115515,12792.4302393077,322161.89961571
FBN2,LAMA1,145.596882615708,262.765682026655,3623.61119863417,0.001,0.770210618322731,0.977064169845281,0.0627440811521613,2.1768873765896,0.305195748210264,7.1327578754139,214.318124042206,260.121911257266,4,9,2,260,275,45.1986698767587,338.259195982897,136.433435089391,450.076424070506,580.615100468207,12496.2090181911,,9598.37543739009
FBN2,LAMA2,158.748860331532,467.203491312653,3666.31673954521,2337.29589136184,1,1,0.0462310409373611,1.86859199793631,0.218597742537317,8.54808460621369,214.318124042491,486.172800927753,4,6,2,263,275,49.616170318859,365.185240921908,202.851985337433,888.913217648719,,16206.0904371548,,33456.1406994533
FBN2,LRP1B,148.32648964674,286.644204696087,1893.70996846911,0.001,0.842819261640616,0.971113654861441,0.187678907810055,1.94230026021985,0.470989706940779,4.1238698672115,214.318124041274,283.626997192257,4,16,2,253,275,46.0445306169201,344.623305328106,173.750432535143,440.297873358992,307.778775775778,6234.34548848937,,5980.69422963744
FBN2,LRP2,165.718546260026,327.692068154256,3133.55377102926,2373.74090174139,1,1,0.0484664494945842,1.96191346557827,0.234435100119682,8.36868482823901,214.318124042332,346.8461496661,4,7,2,262,275,52.2647348572158,377.204923416702,148.580015970973,607.224659148833,,14260.6774645968,,24099.4079070724
FBN2,LRRIQ1,143.429015291743,626.890750068021,15024.9210937803,0.001,0.349250819337217,0.980040659488225,0.00490167320915588,2.54574545082153,0.135814134494298,18.7443336461303,214.318124042332,620.511997499144,4,3,2,266,275,44.5265972948203,333.209439728065,224.798803510587,1347.41400560987,2247.11494586542,68959.4759406936,,44613.4079896168
FBN2,MACF1,144.395685196037,612.21561958472,0.001,0.001,0.941689896988208,0.96466969958239,0.908425880017719,4.02650773677826e-07,0.0905301503427139,4.44769805588015e-06,141.515648879663,607.762164334857,3,5,0,196,204,35.907125046665,374.485281690714,219.529250668617,1315.94916200376,,5078.37735417398,,38443.6322374605
FBN2,MED12,145.178047116523,751.671811789008,4243.38344602581,0.001,1,0.995617499850212,0.0498715729496694,1.93352564446269,0.237154140022745,8.15303348394951,214.318124042021,745.308293672183,4,7,2,262,275,45.0652078113447,337.261611138775,361.151008069228,1355.10923196008,667.901314436578,15476.5208760234,,41018.8468853569
FBN2,NF1,219.677679375926,885.205938013311,0.001,9360.85056182209,0.955959368368534,0.749799738915427,0.433725757982676,1.17780199225414,0.276313082555505,4.262563253832,214.31812404116,965.004013574992,5,10,1,259,275,87.3020321934734,445.19061383697,443.549399221839,1552.83356393765,,4710.63475096223,514.373097750089,48973.2145547572
FBN2,NRAS,215.273876161724,1762.10945443999,0.001,0.001,0.973823735523329,0.981181520616695,0.955498399957477,1.10566076841974e-07,0.0415809095319334,2.65905864221323e-06,214.318124041306,1745.36273097283,6,2,0,267,275,85.5596022616438,436.2464331915,292.990939417188,5440.98401371862,,19789.4486011465,,187999.690840297
FBN2,PBRM1,143.832323477567,629.770545123127,9420.93143874877,0.001,0.889781893645818,0.994339740661108,0.0120465482048321,2.26662933352994,0.156182820436405,14.5126674444509,214.318124041205,625.128243826051,4,4,2,265,275,44.6487065148623,334.127859088705,250.337138397219,1276.36228831557,1423.78539165911,40524.9376191213,,57970.9278800052
FBN2,PEG3,143.828000367255,234.118286050695,9409.37484997352,0.001,0.438606492804889,0.974776394072444,0.0112290268038586,2.4173530769423,0.171166385105901,14.1228260177761,214.318124041097,231.468038011513,4,4,2,265,275,44.6503415493968,334.138309784685,93.049620498731,474.435791153201,1454.54978415905,37573.0185112285,,13033.579919886
FBN2,PIK3CA,150.072261996111,1092.70365624974,3833.22607925956,1781.39933299121,1,0.99848347809931,0.0515093634543185,2.15634000656291,0.268278792760081,8.0376834276696,214.318124041391,1098.47924323141,4,9,2,260,275,46.6267894383144,348.194344832277,561.283976162672,1880.97622729556,413.514896430911,13778.0370245865,,64603.4053944263
FBN2,PLEC,216.666522635601,179.03941079677,0.001,3327.57218576123,0.992403269031333,0.943286569532166,0.291863779405778,1.08128631929293,0.157182204799283,6.8791904317267,214.318124041401,212.660415979225,5,5,1,264,275,86.1115436013068,439.083780909756,64.200516742903,384.821359123911,,12675.6326598099,182.859630713095,17408.7371223233
FBN2,POLE,216.106043385703,154.433015465089,0.001,21469.7245999746,0.965012069177639,0.228278753934681,0.00363001273476508,2.32163625656072,0.0930910367943136,24.939417762533,214.318124041853,306.908387719662,4,2,2,267,275,85.8907037897756,437.954934140399,25.6786845064707,476.87243967712,,14301.5559128827,3305.718156269,87069.1982959556
FBN2,PREX2,144.709294468411,463.371869894304,5211.71314393758,0.001,0.726122851352879,0.983321734107255,0.0333879711384407,2.26431174417968,0.236845137488461,9.56030496632001,214.318124041801,459.216574031115,4,7,2,262,275,44.9234612481113,336.191667819741,222.645173029536,835.368887652418,821.88866080639,19001.2517966895,,22238.4768704298
FBN2,PTPRT,216.374339593838,86.4824180447737,0.001,9922.32608258161,0.967824996295598,0.647944971647537,0.000557770464348257,2.88389589227391,0.166866545150351,17.2826487758552,214.318124041356,171.695159064331,3,3,3,266,275,85.9956697652059,438.491425800063,21.5065892831785,224.269449612952,,13008.1560782879,2089.17420336579,44489.3994809946
FBN2,RASA1,216.637252970731,287.314288965272,0.001,14661.9770777226,0.978432625531141,0.709083754850404,0.0191709512947493,2.08566533085316,0.169726017679268,12.2884243639915,214.318124041381,427.203443257929,4,4,2,265,275,86.1002542098745,439.023594188424,89.1937949830278,667.494250126984,,12474.5842823764,2209.89590248759,63427.4683568449
FBN2,ROBO2,144.636172368303,305.909305220437,5411.18276791102,0.001,0.931414684156139,0.985486399395067,0.0340028900604133,1.9532559202656,0.202076537955039,9.66592133867709,214.318124042332,302.892005578043,4,5,2,264,275,44.9003822948193,336.027399946295,131.434531394435,591.669590449488,820.991371212325,22134.678450872,,16739.8492926905
FBN2,ROS1,216.618705962431,346.907222175027,0.001,17301.2904937138,0.98255443609924,0.76670438284915,0.0191647660432981,1.95440394988794,0.15254692300324,12.8118215130857,214.318124042332,515.737306274314,4,4,2,265,275,86.0937208999303,438.992621489686,107.694253328117,805.928078117216,,13945.9866999616,2664.22494113619,69967.3507448839
FBN2,RYR1,145.564199353141,242.625723597561,0.001,5048.56040093567,0.995470226987136,0.776141683011638,0.273740955598876,0.946355556451397,0.137919684099462,6.86164243074198,141.51564887899,281.27154644895,2,6,1,195,204,36.1970989457278,377.519287696091,96.4221708333504,491.760765817799,,6024.11495033083,260.460800537185,38402.1821519914
FBN2,SACS,212.745313427893,557.366171781906,263.636415828139,13224.0465795464,0.999913613526812,0.748644412613774,0.0146475722396116,3.19967643271797,0.489521557797267,6.5363340628261,214.318124041616,648.286431577398,3,16,3,253,275,79.4652079933987,440.222524735794,326.961813925488,876.594806713464,,5199.30655856046,2359.10657674252,54972.2317422088
FBN2,SF3B1,217.326668843106,1205.32218966847,0.001,49557.3043259289,0.973480435303896,0.57733648610621,0.0235384578177048,2.38815629717918,0.217936664195869,10.9580290493611,214.318124042332,1540.11705997095,4,7,2,262,275,86.3775050435927,440.440353732247,517.881139694446,2331.09316759196,,9183.73658896526,7582.61672671196,205337.885574501
FBN2,SMAD4,225.374557645808,2818.31509499675,0.001,0.001,0.741002688381688,0.770839200910529,0.571263935432915,1.48534200154066e-06,0.570061931921342,2.60558005782713e-06,214.318124042054,2788.3203522197,6,25,0,244,275,89.5684983748029,456.767334115516,1852.58540828632,4072.91815220377,,1425.29905941835,,21767.349473176
FBN2,SPHKAP,144.224091427908,643.017416265975,6883.8726319171,0.001,0.750526812010034,0.98715615948038,0.0214872260009036,2.1226156863081,0.179578756030116,11.8199709878385,214.318124041205,637.28902800939,4,5,2,264,275,44.7729339673215,335.063867784237,276.28468619435,1243.6378421857,1046.67735725814,28251.0126470118,,38178.0423655386
FBN2,SPTA1,144.63862928726,358.937570262936,5405.80758514254,0.001,0.614544632791526,0.977220376325843,0.0311042412323985,2.29814478371683,0.233284375998784,9.85125889326086,214.318124042332,355.577286106349,4,7,2,262,275,44.9015296008503,336.026961719111,172.465660174283,647.108201967489,850.590693586867,19826.7896673389,,15764.2515389072
FBN2,SYNE1,111.118880313214,401.232874383272,2899.37446741565,0.001,1,0.978042366289707,0.0214267873692262,3.38578205623427,0.559938301041771,6.04670559226791,214.318124041478,399.015338934112,3,20,3,249,275,27.6327734941442,288.177059687277,258.751109939752,588.382881265485,702.063595542065,8004.67778274479,,13555.1883850072
FBN2,SYNE2,143.331253058638,760.783115210951,0.001,0.001,0.962728295586492,0.967800199959541,0.931732038183597,3.02780473068753e-07,0.0708838268213022,4.27150291747174e-06,141.515648879123,754.531314202245,3,4,0,197,204,35.6431185108261,371.709109109896,236.177645934046,1767.4620822461,,8479.97494526328,,51595.5136623748
FBN2,TENM1,144.684822046288,331.962830817778,5282.52955130184,0.001,0.768874814314598,0.981218726409324,0.0339652982709645,2.12076801557645,0.221619951280761,9.56939121825605,214.318124042332,328.839835108408,4,6,2,263,275,44.9152419967837,336.135071226573,151.705352196916,618.043655594041,816.570273996929,20404.076542213,,16141.4615647704
FBN2,TP53,132.462783889084,1488.73334937116,841.329316205161,1032.54971439856,0.904284269047029,0.999134736214026,0.327574832029216,3.20486366222106,1.45310027756529,2.20553509740628,214.318124041228,1485.3259552241,3,59,3,210,275,33.0577941242557,341.325080775762,1145.95572048955,1894.02414915249,143.4584401409,2355.67550857476,,17623.6738054563
FBN2,TTN,143.986366526187,658.739206486571,0.001,0.001,0.949765571585072,0.953664274127836,0.905765446171618,4.34802327579513e-07,0.0988471185820236,4.3987354797673e-06,141.51564887912,652.43349325098,3,5,0,196,204,35.8056713321374,373.418019675263,236.207295210506,1416.00553569756,,6006.2331268849,,31380.5343034317
FBN2,XIRP2,218.191474526643,335.261733528118,0.001,9955.89020578485,0.977029444027523,0.7479817364755,0.04187207095605,1.95842119923834,0.215633837979823,9.08216084073777,214.318124042319,427.402901608697,4,7,2,262,275,86.7155557981615,442.192532640999,144.050238040704,648.421452086034,,8449.38559233289,1544.35482691193,39288.7036278766
FBN2,ZFHX3,144.12432878092,267.726169961101,0.001,0.001,0.947034129160739,0.962819091806606,0.911829059669488,4.19619141942777e-07,0.0757549924078402,5.53916156025313e-06,141.515648879622,265.168960251863,3,4,0,197,204,35.8395669986056,373.783230684685,83.1110187091903,622.011090117309,,5810.27817861341,,15862.1525074091
FBN2,ZNF521,143.848173194682,326.309185218798,9325.52736597805,0.001,0.599969107350983,0.985383542353235,0.0114937736548906,2.33223918104745,0.163319807034231,14.2801979955721,214.318124041518,323.217390461748,4,4,2,265,275,44.6526583043938,334.155566750907,129.684274738942,661.212693037411,1445.20269771775,36878.5095693755,,22902.1878628761
FBN2,ZNF536,144.613712507886,316.568928035317,0.001,0.001,0.937592353416589,0.917390767248035,0.860151701803347,8.05364935191431e-07,0.152463910586937,5.28233161599383e-06,141.515648879146,313.132526082908,3,8,0,193,204,35.9619075893474,375.037775310538,144.654476786101,589.355431235041,,4504.82445296457,,8114.37819450693
FBXW7,FGFR2,,,,,,,,,,,,,5,0,0,270,275,,,,,,,,
FBXW7,GLI3,816.184600581118,128.13973935988,0.001,3127.67215079909,0.990943794205757,0.885460180637287,0.231157262762902,1.08203819347146,0.126315807182549,8.56613449738495,807.452602793286,152.606366239153,4,5,1,265,275,292.752302659912,1754.74172000364,45.9517250421848,275.43382161733,,50301.1231051409,169.970748630456,17418.1485282147
FBXW7,GNAS,834.365575524602,1455.51828352956,0.001,13632.4220122523,0.955963885691305,0.783686258063733,0.476837532191162,1.05796005521235,0.280640229095413,3.76980897793045,807.452602774922,1563.50034085983,4,12,1,258,275,299.183664879385,1793.50804419077,779.325421591866,2441.58569330233,,15985.7832999726,743.420508281007,74806.6111213581
FBXW7,HMCN1,493.733510007099,331.431558825233,16468.5632141531,0.001,0.825751777246519,0.982913415572695,0.0418205178660109,2.22843198025375,0.25239784973786,8.82904502779324,807.452602792124,329.446772608449,3,10,2,260,275,122.778757108924,1280.33970418638,177.465004061094,555.940040970067,2629.49803615943,57362.1882785057,,17213.6323184225
FBXW7,HYDIN,637.492247263745,623.060128650762,0.001,0.001,0.905936705084477,0.915696656926594,0.829582328610125,3.04756680115283e-07,0.180884045870646,1.68481790999534e-06,616.739281861626,617.469551569448,3,10,0,191,204,158.527705902075,1653.27968618544,312.145373939329,1093.09950809739,,12621.1256770242,,16259.7493707868
FBXW7,IDH2,808.966084546991,728.139423481475,0.001,0.001,0.990719144934796,0.992259068072602,0.983050155156211,2.27554109614932e-08,0.0172024372153387,1.32280157030326e-06,807.452602793746,722.496365546888,5,1,0,269,275,290.091998241537,1738.73719664018,41.5467377626861,3206.04543868234,,293752.210393883,,192710.77557077
FBXW7,KMT2C,491.226377641604,616.333563893431,22071.8278106894,0.001,0.643883021620559,0.978741086802257,0.0238526748160655,2.2950727115893,0.202776523122272,11.3182368266833,807.452602793286,612.18079745758,3,8,2,262,275,122.160039233698,1273.84614545326,308.813604237278,1081.09721514788,3534.22501920309,76341.2013320807,,33496.3983082259
FBXW7,KRAS,525.530370196538,13663.9360848599,4452.55637805285,1398.21356710205,1,1,0.370067028382361,1.75522733217391,0.631109306475323,2.78117802124749,807.452602786919,13582.1850220651,3,33,2,237,275,130.68410781798,1362.86411383513,9616.01776182278,18714.3775808369,688.352345713402,14227.6240958853,,276105.516670121
FBXW7,LAMA1,822.35140681165,214.030229927081,0.001,7111.62129129195,0.990207350762075,0.942194573338386,0.0381259304679074,2.0495515842239,0.226512027673259,9.04831238003995,807.452602793286,260.121911256903,3,9,2,261,275,294.882778755938,1767.56017612489,102.838387205898,385.860197533247,,35104.2578253572,1028.46291580618,35644.6602178521
FBXW7,LAMA2,819.196196790666,366.722684871799,0.001,18199.7801192864,0.980277662026051,0.711078190383513,0.019037950984328,2.07925221361637,0.167582077709937,12.4073662412474,807.452602784296,486.17280092829,3,6,2,264,275,293.754229452055,1760.79183775646,145.751310364436,743.168630527123,,41996.4216588239,2664.75187011321,88458.7094911474
FBXW7,LRP1B,832.283764859282,253.415244347882,0.001,5056.86899584423,0.994554571938752,0.949619760379765,0.0888553811462424,2.04555360601135,0.342861332012668,5.96612512120722,807.452602782609,283.626997192257,3,16,2,254,275,298.44349193913,1788.96336550313,148.620654493063,398.719985295978,,21949.6431596807,726.395882844438,25899.1935003612
FBXW7,LRP2,818.679868794713,271.456554454991,0.001,10757.01010526,0.995321484698646,1,0.027134548358999,1.99353583024025,0.185738813888781,10.7330061418071,807.452602797531,346.846149665611,3,7,2,263,275,293.56972466381,1759.66325670032,116.636236802933,525.022345360222,,48107.4301537444,1608.63025487924,49864.700689963
FBXW7,LRRIQ1,486.61933483674,624.289466084784,61878.2927777756,0.001,0.645799501217392,0.99287905119322,0.0037586336641405,2.36655744128677,0.102936472622737,22.9904656822682,807.452602793286,620.511997494395,3,3,2,267,275,121.015297474787,1261.87913166233,223.86739522385,1341.80819135587,9339.25336764723,277640.383362213,,95678.0558525799
FBXW7,MACF1,629.053575240877,613.240217176292,0.001,0.001,0.942682776546944,0.95664665848765,0.901820221218088,1.58576938244026e-07,0.0946316837936801,1.67572774663677e-06,616.739281866173,607.762164336205,3,5,0,196,204,156.430972160999,1631.34270403359,219.895240083493,1318.15618146131,,21841.7604093653,,30309.0572934821
FBXW7,MED12,491.352270260911,750.143278395284,21696.4157336176,0.001,0.859465176555775,0.986735046324456,0.0255252787313717,2.08734561797524,0.188367039210217,11.0812678626104,807.452602793286,745.308293667765,3,7,2,263,275,122.190861350989,1274.18276125734,360.431271549664,1352.39597270654,3432.97221445803,78005.8202875746,,51253.3877386108
FBXW7,NF1,824.125424648231,794.033535359586,0.001,25794.5363712966,0.990548973795194,0.744561717252541,0.0362745750373024,2.09833785578311,0.230920953120181,9.08682312033871,807.452602770778,965.004013575927,3,9,2,261,275,295.52001904907,1771.39164651043,381.523284877016,1431.52240151733,,31914.6578964458,3884.1015002156,115648.946859168
FBXW7,NRAS,810.182196426141,1759.64919788875,0.001,0.001,0.983346057163622,0.983850145723111,0.9674654447485,3.37625075488325e-08,0.0368420258002627,9.16412895747763e-07,807.452602782338,1745.36273097273,5,2,0,268,275,290.527648007871,1741.35497869362,292.592215909289,5433.56983689893,,115197.588316731,,222134.485481907
FBXW7,PBRM1,487.927753418369,629.236578904032,40686.9872009816,0.001,0.755154981504997,0.989895152058793,0.00803117445796172,2.26959066101073,0.13028094892329,17.4207409430759,807.452602787559,625.128243837217,3,4,2,266,275,121.340278411554,1265.27766647846,250.09129755418,1275.105073964,6300.61340009777,161850.645061397,,64149.2404167999
FBXW7,PEG3,779.088076763904,163.219064940872,4608.29111684106,11574.8878010095,1,1,0.0088889755925769,2.11829863557011,0.122528868350858,17.288159631936,807.452602787481,231.468038012786,3,4,2,266,275,259.576116720189,1712.80921820576,50.7592719236521,377.870958154852,,100003.416893367,877.56881104405,65574.2204862572
FBXW7,PIK3CA,492.912572753639,1105.40106256478,17928.4339869026,0.001,0.876458015609468,0.987635593629656,0.0353856569499682,2.12697629176838,0.222981815769289,9.53878810444831,807.452602793286,1098.47924325818,3,9,2,261,275,122.578717168778,1278.22922688886,573.954464334685,1893.34096828396,2880.71016702574,61262.1364111914,,63458.1487141579
FBXW7,PLEC,816.720143811429,178.717685546365,0.001,3983.96171527356,0.992547478776526,0.938058237617859,0.250266198680222,1.01089751716893,0.125840355725942,8.03317434488573,807.452602782338,212.660415979208,4,5,1,265,275,292.866264148881,1755.44393747333,64.0862820260714,384.133753705953,,51141.7902455951,217.436510645713,21722.9001684618
FBXW7,POLE,814.53915414418,154.486495052656,0.001,20447.8043900038,0.972939210890795,0.425049347762282,0.0042728358471622,1.92516600046031,0.0811456193833547,23.7248296961699,807.452602792124,306.908387719662,3,2,2,268,275,292.084186900272,1750.7762623136,25.6875526699528,477.039880624515,,68488.8171172112,3070.86053894216,95013.1104881833
FBXW7,PREX2,625.418059178264,366.883687099245,17042.9942350336,24601.9065029233,0.94197411016751,0.766586040639926,0.00038420277392819,3.40443329558068,0.181915083889799,18.7144090681508,807.452602787204,459.216574030748,2,6,3,264,275,141.808640676953,1549.63985310975,149.728108898182,722.552279811446,,93641.6361124955,,152073.633211929
FBXW7,PTPRT,814.719855938041,115.092460893498,0.001,8779.59877420668,0.989431563610121,0.806838152799912,0.00966467787272469,2.02943057440666,0.121082358129594,16.7607453782373,807.452602797531,171.695159065076,3,4,2,266,275,292.151260375196,1751.14333453652,35.7294513837676,267.381961323865,,74075.6289344878,1281.96324402509,42946.284073617
FBXW7,RASA1,814.538492362232,286.3543927463,0.001,22344.0588563103,0.987810540556795,0.779948833799944,0.00946032045695697,2.13809366226742,0.128814258750688,16.5982685690531,807.452602790954,427.203443258768,3,4,2,266,275,292.086291768831,1750.73950131509,88.8975846949658,665.265806297747,,68786.6000776701,3228.74436229416,113411.263909319
FBXW7,ROBO2,816.666342742039,217.432312812344,0.001,14395.4562535325,0.983853225658912,0.707944536728085,0.0130198206254251,2.09368828050569,0.142693275472921,14.6726485432946,807.452602791925,302.892005579107,3,5,2,265,275,292.84956899489,1755.33948019084,77.9681223020883,467.354224854393,,52782.8936723114,2002.18569722054,79176.0172770075
FBXW7,ROS1,814.190238558358,345.776769680513,0.001,25807.8833668326,0.993119924930185,0.91137963286628,0.00953067259849738,2.04668855699034,0.119087996601936,17.1863547577479,807.452602790954,515.737306277438,3,4,2,266,275,291.965275504308,1750.01994082194,107.344470276087,803.298805930078,,83395.9036313175,3870.52786343932,117719.911160009
FBXW7,RYR1,631.030728401633,242.103159465812,0.001,7182.70515834584,0.99456471091437,0.70168045090239,0.204204236739686,1.07901912604041,0.1198378572555,9.003992150326,616.739281863407,281.271546449589,2,6,1,195,204,156.922952569025,1636.47810919745,96.2142626429867,490.693374814428,,31792.599461904,360.587426597303,57290.613919619
FBXW7,SACS,500.893196108893,652.479381480546,9599.68243864181,0.001,0.910084552358631,0.984333847968148,0.106266044395389,2.15538151098073,0.388685353991828,5.54531187976291,807.452602783884,648.286431570385,3,17,2,253,275,124.561666751827,1298.96285766257,401.27133910282,991.548035011254,1568.11538941909,31124.5966710738,,22508.7040140309
FBXW7,SF3B1,326.792858269256,1548.49211743853,37411.3467516304,0.001,0.665218548128885,0.979522333526449,0.000629343591484373,3.18907551659127,0.191581049574728,16.6460906424221,807.452602789606,1540.11705995879,2,6,3,264,275,54.3381747849124,1009.11906546756,744.044887513989,2791.61254982073,8564.00946187647,121081.379946062,,135510.166090768
FBXW7,SMAD4,848.761674410406,2821.40525287412,0.001,0.001,0.780372888093485,0.750091830631879,0.585411348349526,4.01309993895704e-07,0.481795582775469,8.32946602756063e-07,807.452602788831,2788.32035228248,5,25,0,245,275,304.343118237678,1824.44613202257,1854.60745185437,4077.48434180208,,6488.14826212046,,19918.6270865312
FBXW7,SPHKAP,488.391840073115,640.773790451463,36321.1654398964,0.001,0.728572897220595,0.993342830716428,0.00995553613674616,2.28515810336725,0.137544914852202,16.6139046712323,807.452602791925,637.289028011463,3,5,2,265,275,121.455695167327,1266.48582828296,275.322331103452,1239.28571494463,5640.38966437703,140105.830953035,,65447.2973269002
FBXW7,SPTA1,440.587746614885,328.847991698575,35497.6279603464,8451.22660558661,0.63960580338407,0.923637836606632,0.000335516343920187,3.5309581776082,0.177289895934893,19.9162967465721,807.452602781471,355.577286105981,2,6,3,264,275,76.1818298977384,1283.23272075836,146.056471128105,614.051080387128,2333.13617043223,126598.601834606,,80019.513023983
FBXW7,SYNE1,335.111263442742,400.896311512774,12771.783466873,0.001,0.664727586916889,0.971235889324059,0.01093527450343,3.46620062717114,0.483835367147723,7.16400838492828,807.452602788147,399.015338934148,2,20,3,250,275,55.7143118275557,1034.7277731096,258.533541971665,587.880981724552,3103.63531801212,34972.2791502745,,16210.2568913305
FBXW7,SYNE2,624.052421505289,761.522221046916,0.001,0.001,0.965438225255752,0.964056212407918,0.93073948502974,1.03427751611471e-07,0.0689229696506761,1.50062819602342e-06,616.739281867764,754.53131419982,3,4,0,197,204,155.18987773341,1618.32328396564,236.404851497205,1769.16865483114,,38221.4083602951,,45177.0672999189
FBXW7,TENM1,489.491482239532,330.559618670672,29184.9515034378,0.001,0.814859497844776,0.990859196534474,0.0151506687457324,2.28182310596015,0.162655713323917,14.0285456891149,807.452602792201,328.839835109357,3,6,2,264,275,121.721141982431,1269.26919235812,151.049989714156,615.358323491763,4531.58710851799,111185.974709562,,32938.4921858047
FBXW7,TP53,727.820278904671,1444.206950123,1410.43322372241,8934.05050055774,0.996375004884958,0.920394715471595,0.188092961719901,3.0841131578602,1.17438194249852,2.62615853177943,807.452602781476,1485.32595522552,2,59,3,211,275,174.49773997059,1768.34356429136,1106.3291989875,1844.74318956273,,7993.62927313696,55.4097442136785,52117.8791354342
FBXW7,TTN,628.014616146185,657.978010724935,0.001,0.001,0.947330208815054,0.959099486550622,0.908589615768927,1.48813655333511e-07,0.0921445892877135,1.61500155878771e-06,616.739281867718,652.433493252382,3,5,0,196,204,156.174362878891,1628.65700549904,235.935862896659,1414.3508691904,,24061.1173302877,,34755.0929747928
FBXW7,XIRP2,820.682748922742,334.214283999368,0.001,14820.2756410471,0.981779746955844,0.674990708586383,0.021212578588096,2.05749251373215,0.168967320551394,12.1768665503951,807.452602793286,427.402901605771,3,7,2,263,275,294.280993129258,1763.97359379847,143.603751833254,646.402046885398,,39414.74813848,2236.34543121659,66258.3360665735
FBXW7,ZFHX3,626.528648390525,267.456811653677,0.001,0.001,0.954066559301574,0.966611625908307,0.922215961413703,1.92075235635851e-07,0.0697066017263868,2.75548127263164e-06,616.739281871078,265.168960251495,3,4,0,197,204,155.804626297284,1624.78992601713,83.0274579567177,621.379052990392,,28306.0687363126,,17643.1706428106
FBXW7,ZNF521,487.240240082425,325.066685338168,49591.7543712378,0.001,0.628362330578162,0.992507908573839,0.00544292709033679,2.50663835946469,0.124465043106245,20.1392961180673,807.452602797531,323.217390463655,3,4,2,266,275,121.169178257094,1263.4855277052,129.198537853432,658.722792817778,7693.21536194842,195336.682766395,,40593.1593914118
FBXW7,ZNF536,629.788709157611,315.515837656599,0.001,0.001,0.939406051733979,0.941884303745805,0.884818996221643,3.26677732075901e-07,0.131767745561542,2.47919345272039e-06,616.739281861626,313.132526082936,3,8,0,193,204,156.615770789507,1633.2207713407,144.175157291161,587.382591368744,,20023.4336109393,,12289.3825420637
FGFR2,GLI3,,,,,,,,,,,,,0,6,0,269,275,,,,,,,,
FGFR2,GNAS,,,,,,,,,,,,,0,13,0,262,275,,,,,,,,
FGFR2,HMCN1,,,,,,,,,,,,,0,12,0,263,275,,,,,,,,
FGFR2,HYDIN,,,,,,,,,,,,,0,10,0,194,204,,,,,,,,
FGFR2,IDH2,,,,,,,,,,,,,0,1,0,274,275,,,,,,,,
FGFR2,KMT2C,,,,,,,,,,,,,0,10,0,265,275,,,,,,,,
FGFR2,KRAS,,,,,,,,,,,,,0,35,0,240,275,,,,,,,,
FGFR2,LAMA1,,,,,,,,,,,,,0,11,0,264,275,,,,,,,,
FGFR2,LAMA2,,,,,,,,,,,,,0,8,0,267,275,,,,,,,,
FGFR2,LRP1B,,,,,,,,,,,,,0,18,0,257,275,,,,,,,,
FGFR2,LRP2,,,,,,,,,,,,,0,9,0,266,275,,,,,,,,
FGFR2,LRRIQ1,,,,,,,,,,,,,0,5,0,270,275,,,,,,,,
FGFR2,MACF1,,,,,,,,,,,,,0,5,0,199,204,,,,,,,,
FGFR2,MED12,,,,,,,,,,,,,0,9,0,266,275,,,,,,,,
FGFR2,NF1,,,,,,,,,,,,,0,11,0,264,275,,,,,,,,
FGFR2,NRAS,,,,,,,,,,,,,0,2,0,273,275,,,,,,,,
FGFR2,PBRM1,,,,,,,,,,,,,0,6,0,269,275,,,,,,,,
FGFR2,PEG3,,,,,,,,,,,,,0,6,0,269,275,,,,,,,,
FGFR2,PIK3CA,,,,,,,,,,,,,0,11,0,264,275,,,,,,,,
FGFR2,PLEC,,,,,,,,,,,,,0,6,0,269,275,,,,,,,,
FGFR2,POLE,,,,,,,,,,,,,0,4,0,271,275,,,,,,,,
FGFR2,PREX2,,,,,,,,,,,,,0,9,0,266,275,,,,,,,,
FGFR2,PTPRT,,,,,,,,,,,,,0,6,0,269,275,,,,,,,,
FGFR2,RASA1,,,,,,,,,,,,,0,6,0,269,275,,,,,,,,
FGFR2,ROBO2,,,,,,,,,,,,,0,7,0,268,275,,,,,,,,
FGFR2,ROS1,,,,,,,,,,,,,0,6,0,269,275,,,,,,,,
FGFR2,RYR1,,,,,,,,,,,,,0,7,0,197,204,,,,,,,,
FGFR2,SACS,,,,,,,,,,,,,0,19,0,256,275,,,,,,,,
FGFR2,SF3B1,,,,,,,,,,,,,0,9,0,266,275,,,,,,,,
FGFR2,SMAD4,,,,,,,,,,,,,0,25,0,250,275,,,,,,,,
FGFR2,SPHKAP,,,,,,,,,,,,,0,7,0,268,275,,,,,,,,
FGFR2,SPTA1,,,,,,,,,,,,,0,9,0,266,275,,,,,,,,
FGFR2,SYNE1,,,,,,,,,,,,,0,23,0,252,275,,,,,,,,
FGFR2,SYNE2,,,,,,,,,,,,,0,4,0,200,204,,,,,,,,
FGFR2,TENM1,,,,,,,,,,,,,0,8,0,267,275,,,,,,,,
FGFR2,TP53,,,,,,,,,,,,,0,62,0,213,275,,,,,,,,
FGFR2,TTN,,,,,,,,,,,,,0,5,0,199,204,,,,,,,,
FGFR2,XIRP2,,,,,,,,,,,,,0,9,0,266,275,,,,,,,,
FGFR2,ZFHX3,,,,,,,,,,,,,0,4,0,200,204,,,,,,,,
FGFR2,ZNF521,,,,,,,,,,,,,0,6,0,269,275,,,,,,,,
FGFR2,ZNF536,,,,,,,,,,,,,0,8,0,196,204,,,,,,,,
GLI3,GNAS,158.421734582704,1587.39402880411,0.001,0.001,0.800377661257196,0.824540557985575,0.659997796118122,1.2372349791677e-06,0.332775105800425,3.71793129234166e-06,152.606366239387,1563.50034088917,6,13,0,256,275,62.9599716364771,321.074732289245,873.108827681308,2613.79975898076,,1376.70223607856,,16578.1817649372
GLI3,HMCN1,130.101327156295,333.310993911773,1105.6502980906,0.001,0.908718409982934,0.980817843691023,0.536291711869023,1.05284709406722,0.30461767952598,3.45629017890744,152.606366239344,329.446772608299,5,11,1,258,275,46.6520220897863,279.65051873854,178.467452003475,559.099276430457,61.9243355371849,5252.41014549168,,8121.11603513911
GLI3,HYDIN,104.934972254273,625.432703621655,0.001,0.001,0.903156789535838,0.881983777148203,0.796599670118721,1.14499941004887e-06,0.192718797075657,5.9412959577543e-06,101.406917198364,617.469551565402,3,10,0,191,204,26.0942255941963,272.146796692141,313.328199506944,1097.29280676756,,2017.46578107878,,10838.887533921
GLI3,IDH2,152.791244823535,729.147908316634,0.001,0.001,0.992806411306225,0.989670880505808,0.982550961089047,8.07266228736452e-08,0.0200887716972023,4.01849471388476e-06,152.606366239013,722.496365546888,6,1,0,268,275,60.7270651588688,309.623021653357,41.655324316048,3214.44300423126,,71753.6031094002,,142634.285845781
GLI3,KMT2C,129.053550327393,618.687333086809,1683.93040863562,0.001,0.806556678450647,0.976243899306709,0.381203105377861,1.20612446907843,0.237274053606248,5.08325478806871,152.606366239268,612.1807974598,5,9,1,260,275,46.2776455311596,277.390434742096,309.990977665683,1085.23613473904,94.3255323774605,7993.97250846877,,19360.6072938133
GLI3,KRAS,163.26673081525,12490.3555131646,0.001,162209.933992041,0.959193971000278,0.692546248686097,0.0682550235795367,2.99260278747424,0.748676710176751,3.99718963712352,152.60636623905,13582.1850230459,3,32,3,237,275,64.8832345778644,330.899119654394,8644.62216336467,17338.0364359526,,1711.04749782805,35747.218818585,638136.638876897
GLI3,LAMA1,129.800015389951,263.300940854959,1226.89534731204,0.001,0.876063633217543,0.978339407242891,0.493136419383945,1.10478109121165,0.291032446055424,3.79607533862825,152.606366239318,260.121911256933,5,10,1,259,275,46.5443116723423,278.998135933664,136.710654119585,450.995568669508,68.7987454617914,5797.5544016029,,6891.71188873362
GLI3,LAMA2,129.238420655681,491.804349367963,1539.96090188186,0.001,0.993641133273974,0.995346354571672,0.422722384133978,0.967627370342489,0.207690409629493,4.65898917561324,152.606366239294,486.172800929371,5,7,1,262,275,46.3432306134434,277.793442493409,224.731465546793,915.557853464538,85.3792221880333,7671.48323999903,,18789.9556519215
GLI3,LRP1B,158.373804918524,270.77740344043,0.001,1400.90808632659,0.992245072639205,0.977227997025977,0.732156078151326,1.01695745132037,0.451845559568283,2.25067488168307,152.606366239315,283.626997192803,5,17,1,252,275,62.9419735007239,320.968192215894,161.568923464442,420.74403804689,,2387.62921022709,76.8379786343505,7424.11408986187
GLI3,LRP2,129.346247593049,350.824879434734,1468.79723463434,0.001,0.945190521021861,0.990327382150543,0.434999278639119,1.01460788053898,0.226748973218739,4.47458643863499,152.606366239344,346.846149665271,5,8,1,261,275,46.3813201578911,278.019364955786,168.5622852523,632.475600031749,81.8956171659487,7123.53955589569,,11958.2181305427
GLI3,LRRIQ1,127.899121543724,627.209372289901,4096.90009037511,0.001,0.703402647743159,0.98444085497315,0.177785833724717,1.35898261778113,0.129069470293521,10.529078756507,152.60636623962,620.511997499585,5,4,1,265,275,45.8636670633064,274.901892584321,224.913402924621,1348.09724781486,223.962957176804,22103.3727301086,,38503.5160987823
GLI3,MACF1,103.239095882848,613.98839705984,0.001,0.001,0.947991861503806,0.950816194356816,0.90137249348043,5.14185364524798e-07,0.0874604311587037,5.87906276830226e-06,101.406917198508,607.762164336205,3,5,0,196,204,25.6730624085593,267.736674673006,220.163501964555,1319.77664846383,,4020.32360106756,,26368.6901649024
GLI3,MED12,129.37707721137,754.15830427657,1448.18020092544,0.001,0.924066965311035,0.987246812165153,0.438592284048258,1.00945045756696,0.228426153313978,4.4191544747481,152.606366239251,745.308293668601,5,8,1,261,275,46.3930683622288,278.09010094735,362.364169265176,1359.68245659134,80.7632563294526,7013.65811949188,,24398.8096377442
GLI3,NF1,153.194925768018,895.97731513886,129.150123786886,7137.7626979585,0.999963627973548,0.945880944655785,0.511633513717672,1.00290332930884,0.270077288385069,3.71339380406889,152.606366239461,965.00401357029,5,10,1,259,275,59.3740211121409,313.27925430532,449.057384547723,1570.99490150712,,4177.19728043288,,39279.4158646661
GLI3,NRAS,153.260465868337,1765.87111593296,0.001,0.001,0.97482116725713,0.976947387027458,0.952349621571434,1.50710296827083e-07,0.0416008762558006,3.62276736433091e-06,152.606366239289,1745.36273097283,6,2,0,267,275,60.9131609904204,310.576280402382,293.625217551576,5452.80809197283,,14509.578510463,,153533.141357384
GLI3,PBRM1,128.305067922969,632.525060816274,2716.81520692621,0.001,0.79392852785618,0.982746129522718,0.256985110202064,1.15600191120649,0.151386390209305,7.63610196139971,152.606366239414,625.128243837217,5,5,1,264,275,46.0089855239873,275.776764148731,251.396485363896,1281.79028351942,149.681396025535,14018.8144285175,,30059.8632070669
GLI3,PEG3,128.289263978754,234.239857223613,2755.75296149099,0.001,0.773201183285479,0.982392903951093,0.252733618374403,1.23639027305981,0.161566080169157,7.65253617445774,152.606366239391,231.468038011613,5,5,1,264,275,46.0033821216414,275.742344755361,93.0978406467976,474.681891567147,152.238719738353,14032.3734098155,,11439.226221267
GLI3,PIK3CA,132.417183267776,1098.80561047424,1139.31159214684,1058.24153524031,1,0.999969702533359,0.491116759627856,1.04514719833166,0.265454068995518,3.93720541669041,152.606366239251,1098.4792432407,5,10,1,259,275,47.5178075495038,284.29341179239,565.903033444841,1889.37342638435,,5839.48332157089,,37838.4974827138
GLI3,PLEC,154.441224652328,215.718804269052,0.001,0.001,0.931378281339157,0.918446267063423,0.855430108999467,8.80240840105758e-07,0.152814344801397,5.7601977173658e-06,152.606366239289,212.660415978887,6,6,0,263,275,61.381561684219,312.975897932109,85.736009025957,437.159048953576,,4478.94904677431,,5127.0751886839
GLI3,POLE,154.034612758519,232.559572071344,0.001,7197.14726553277,0.978934610786068,0.705558013895381,0.190575318543267,0.979153819869931,0.0934118802684899,10.4821123079376,152.606366239328,306.908387719662,5,3,1,266,275,61.2196542139919,312.150144810097,57.8344341792583,603.076751536138,,9537.06098896492,397.629383527868,36662.7900575024
GLI3,PREX2,129.010994672014,464.346740998458,1722.12613388825,0.001,0.839480373205985,0.981110982378502,0.377493170469239,1.17015789767148,0.22697965843503,5.15534257888765,152.606366239344,459.216574032117,5,8,1,261,275,46.2618743417447,277.298307534653,223.113569506132,837.137052270373,95.9918197660141,8368.6534497812,,15821.5705130507
GLI3,PTPRT,154.545398909001,144.729570772933,0.001,2392.37026642908,0.990010677533218,0.923560598753983,0.322969389492596,0.971064726977517,0.157340916662727,6.17172409805565,152.606366239344,171.695159064891,5,5,1,264,275,61.422748940426,313.190199056821,51.8979131727119,311.088248973787,,7218.48567609314,131.187295040047,12669.7255484842
GLI3,RASA1,128.682946053015,432.115288356489,2070.07108360133,0.001,1,0.997579865504716,0.332569433068382,0.964383095677275,0.160154396300733,6.02158365897358,152.606366239384,427.203443259191,5,5,1,264,275,46.1445548568186,276.596360326929,171.739041100387,875.685368043484,113.780053492989,10821.6513212519,,22376.1721799583
GLI3,ROBO2,128.967080391779,306.381029174781,1770.01235191711,0.001,0.994885489843153,0.995844701204821,0.378315968003657,0.992391965256419,0.188815004506729,5.25589567338147,152.60636623962,302.892005579656,5,6,1,263,275,46.242408823589,277.186837883384,131.644570447711,592.620329702103,97.592967162335,9061.23163902164,,13698.6989324387
GLI3,ROS1,132.836430680809,507.082607849098,1822.76833547883,1278.62652427492,1,1,0.320371691349339,0.934898757623714,0.147409999111471,6.34216649656681,152.606366239391,515.737306275814,5,5,1,264,275,47.7222350521207,284.741493958579,194.323368302388,1041.71269033861,,11049.9984542074,,30004.5301820368
GLI3,RYR1,104.431564788016,284.785290345319,0.001,0.001,0.916107997959896,0.918355399928883,0.841334226038832,8.93741626780895e-07,0.129321240404711,6.91101959727522e-06,101.406917198453,281.271546449844,3,7,0,194,204,25.9692232147001,270.844728538721,122.344757840426,550.922288749867,,2379.27372764719,,7308.52493185587
GLI3,SACS,130.016835136988,621.540874642884,771.947631448938,3622.86862970615,0.974097092192964,0.976155340532561,0.172440165609438,2.08764320995332,0.472836248303967,4.41515052503179,152.606366239242,648.286431570241,4,17,2,252,275,42.2897726556555,288.262477259666,373.74451432024,958.475254509045,,3873.6045747893,,22644.6292454321
GLI3,SF3B1,129.235299362686,1556.48276419189,1542.07835832166,0.001,0.982587650255191,0.994077994644023,0.42031113073755,1.01140075652109,0.215506080411118,4.69314255352634,152.606366239153,1540.11705997782,5,8,1,261,275,46.3419202229153,277.782188220797,747.862947168865,2805.99304166987,85.8864809024524,7515.40506167916,,58410.6964783368
GLI3,SMAD4,160.313112904444,2704.46569549988,0.001,10524.4390324486,0.984473130931521,0.966170171546181,0.836767326083128,1.01148622801113,0.56962111688426,1.77571757441825,152.60636623954,2788.32035232943,5,24,1,245,275,63.7122261466544,324.902030290235,1761.35624052642,3936.26995191848,,1782.18352532795,582.367371720819,53180.1743293048
GLI3,SPHKAP,128.69137507033,644.207007775587,2058.7791339303,0.001,0.918585479204582,0.991800832814678,0.33040339126167,1.04475177707413,0.173014783974303,6.03851158308701,152.606366239456,637.289028011308,5,6,1,263,275,46.147025904364,276.6099869807,276.82243137961,1246.07316088847,113.717782098926,10562.1579882164,,29138.6547717079
GLI3,SPTA1,129.034406035706,359.496585522937,1701.68129836778,0.000999999999976353,0.852912597494356,0.983105056491821,0.381986790439049,1.15489583574848,0.226283680229479,5.10375222188924,152.60636623962,355.577286105654,5,8,1,261,275,46.2701987729486,277.348564197727,172.733350341833,648.118327963278,94.8480336292767,8268.77465771178,,12467.3462551862
GLI3,SYNE1,132.333205496106,403.852016980549,645.651625270429,0.001,0.833831378410863,0.936242773828533,0.728346428543392,1.15706230983728,0.549858209883583,2.10429214120902,152.606366239433,399.015338934899,5,22,1,247,275,47.451482630371,284.453597065239,260.4347025253,592.244361532893,36.5313729567712,2935.54712814143,,4888.760201794
GLI3,SYNE2,102.642775310256,762.026473519113,0.001,0.001,0.964430101874201,0.9606169208939,0.926451248646839,3.90221193110121e-07,0.0685108809002685,5.69575500975046e-06,101.406917198416,754.53131419982,3,4,0,197,204,25.5260381774125,266.193717245208,236.616846827695,1770.76771777705,,6146.59384804618,,41038.3918072837
GLI3,TENM1,128.946910297513,332.470794202002,1780.51661064698,0.001,0.903829953377687,0.988506091220843,0.371619170783373,1.12274618076983,0.212342901681243,5.28742035585079,152.606366239318,328.839835107302,5,7,1,262,275,46.2388567248982,277.162339462835,151.92428325917,618.939191357449,98.7146659522891,8873.06855555355,,13111.4942599485
GLI3,TP53,115.2713267203,1499.6432771236,429.184408384415,0.001,0.950908996466554,0.981847911000258,0.821995061750809,2.08755918608821,1.43392295438357,1.45583776290522,152.606366239565,1485.32595521419,4,60,2,209,275,35.7803115792318,267.864155152635,1155.84250759348,1906.12390817435,71.0212629298126,1341.81657206298,,10619.4636961324
GLI3,TTN,103.066953431453,660.461302542565,0.001,0.001,0.952795388975762,0.941292528020595,0.896867407489681,5.42157926437602e-07,0.0929669737280029,5.83172609257794e-06,101.406917198508,652.433493251979,3,5,0,196,204,25.6303268335357,267.288654702998,236.822866313329,1419.72027396241,,4487.75611039113,,23623.5376082825
GLI3,XIRP2,111.057327626568,416.495002425396,2642.73510668679,1609.78440237398,1,1,0.0483078961869322,1.83055980579124,0.212567833723312,8.61165009647687,152.606366239266,427.402901607487,4,7,2,262,275,34.621523204898,256.376016109275,193.593810916327,762.038228265178,71.1880858671842,11000.8319305351,,27298.6308965204
GLI3,ZFHX3,102.93362281575,268.108516319996,0.001,0.001,0.95643473536728,0.957269373652473,0.915571207360651,5.03405509511608e-07,0.0723525353509017,6.95767614873685e-06,101.406917198418,265.168960251224,3,4,0,197,204,25.597222275469,266.943618520163,83.2294724831409,622.901247722276,,4983.27497476646,,13350.7469189054
GLI3,ZNF521,128.264909304308,326.891392238214,2810.76746296922,0.001,0.791899980949195,0.984596273825678,0.248809936392146,1.22513276640049,0.156764400716875,7.81512104022357,152.606366239318,323.217390461098,5,5,1,264,275,45.9947287961726,275.69010896309,129.922503132803,662.432442382104,155.335917415491,14282.7879246364,,16434.9898279431
GLI3,ZNF536,68.8205519905705,315.244254977666,1760.29336591919,0.001,0.792997164200906,0.998926766735149,0.24165837114412,1.14497116528803,0.146805774946859,7.79922428598254,101.406917198622,313.13252608263,2,7,1,194,204,11.4431695704467,212.519150774148,144.052867271378,586.865774832542,97.8453430116058,8646.5565355154,,25444.0460036438
GNAS,HMCN1,1220.41695870459,338.99820599494,21301.7139888041,0.001,0.268909829888321,0.924326870556579,0.0317538077491593,3.57144476789495,0.663769184604857,5.38055223220559,1563.50034084383,329.446772608092,10,9,3,253,275,611.460801171157,2140.85617299929,181.507797875583,568.672097827074,5025.17351394302,62817.4051334846,,3921.94509469747
GNAS,HYDIN,801.563496706864,637.493510718411,17704.4452911786,0.001,0.239155258460502,0.893127242439738,0.0231511035836033,2.86661305681994,0.499713893376419,5.73650861986463,1252.92721392468,617.469551568793,5,7,3,189,204,287.407478930478,1723.14630950789,319.340276101175,1118.61415661166,4149.78916426447,53722.8319426882,,7624.80601574292
GNAS,IDH2,1566.71836371911,738.311424656116,0.001,0.001,0.973970451791478,0.978609404165838,0.953137499578589,4.59148573229176e-08,0.044546082455083,1.03072716594584e-06,1563.50034086309,722.496365546888,13,1,0,261,275,861.768729632866,2579.61665489151,42.1267824283872,3250.86935785703,,199255.936984223,,66658.3038931671
GNAS,KMT2C,1339.98886283555,627.695472831969,17157.9863394845,0.001,0.567196461785968,0.948262011492273,0.151810188398823,2.39961968894537,0.524978806234615,4.57088869197696,1563.50034087467,612.180797458325,11,8,2,254,275,695.730665160892,2295.35276072532,314.497014458621,1101.08848331239,2741.71036337129,59594.8420205454,,9212.67473401949
GNAS,KRAS,1505.16809092659,13733.5745901859,2264.65864830574,8321.31805725957,0.997767449906776,0.998436117987616,0.996757942777006,1.70371957917788,1.65005461991753,1.03252314112064,1563.50034088946,13582.1850224315,11,33,2,229,275,784.474787012149,2566.93124303764,9611.36364853678,18884.7740058539,,9044.40798780544,,69489.72720919
GNAS,LAMA1,1350.54182152405,269.870893408299,11122.8204532284,0.001,0.554725705551025,0.889562578739888,0.281410476540642,1.94301589197922,0.601631109884408,3.22958015311498,1563.50034087913,260.121911257531,11,9,2,253,275,701.187866689148,2313.5464233932,140.105311779554,462.306659894142,1781.1334185513,38386.9251004869,,2396.78583926066
GNAS,LAMA2,1468.4709055211,504.937537782373,6901.04362379439,0.001,0.815683085231872,0.925004515110982,0.721870819714555,0.929318031354085,0.439324009211706,2.11533631640482,1563.5003408727,486.172800926779,12,7,1,255,275,786.23680892287,2463.41441147158,230.713676939086,940.136283331508,383.635547250116,33991.3146645622,,5263.78040302895
GNAS,LRP1B,1237.45737701417,292.678045586013,11904.4961311051,0.001,0.321839090036705,0.842457762856489,0.114229024342576,3.11138639576358,0.898437733335117,3.46310743674324,1563.50034085899,283.626997191653,10,15,3,247,275,619.976759708749,2170.85147066212,177.392441388946,449.619268493933,2875.44473195114,33080.6749277688,,1967.61356780831
GNAS,LRP2,1340.94517922677,358.025427523095,16235.8555141807,0.001,0.525426501744115,0.930865028276295,0.164829955511381,2.14163290628742,0.488822844075099,4.38120462708654,1563.50034085078,346.846149665143,11,7,2,255,275,696.214547098457,2296.9730907931,172.015198939594,645.519690873924,2577.52212563687,57683.4562467616,,4558.74290671618
GNAS,LRRIQ1,1452.07007766552,644.93861905534,18727.301639761,0.001,0.514099073168511,0.903486220408213,0.347443578242092,1.30342355074543,0.264301650732719,4.9315755203646,1563.50034087008,620.511997500249,12,4,1,258,275,777.486637184789,2435.75841066991,231.254590462506,1386.37937451389,1024.45374847441,100738.670978448,,9382.61849074481
GNAS,MACF1,1004.02039158255,449.687732382349,32285.4674992627,8346.36950255079,0.750962862141224,0.893904765105924,0.00223003430230994,2.79048581423378,0.259498038869141,10.7533984703482,1252.92721393225,607.762164336682,5,2,3,194,204,377.576415369713,2057.79139072889,95.2372442375835,1146.5268629315,,201614.780984223,,41275.1373998959
GNAS,MED12,1342.19097512435,770.879421261926,15297.9352146815,0.001,0.521254275652917,0.923714353025663,0.17921941727659,2.08500193610382,0.499067282862388,4.1777972784458,1563.50034085078,745.308293667306,11,7,2,255,275,696.859874774718,2299.11439206725,370.368586724502,1389.93772251826,2435.10706477672,53875.4429196574,,9153.27170809661
GNAS,NF1,1222.01470016534,990.555777759405,19887.970580781,0.001,0.569558617653534,0.964266555885436,0.041850360711193,3.06865087090892,0.60066164864836,5.10878441767367,1563.50034087375,965.004013569812,10,8,3,254,275,612.251224042047,2143.71290331708,514.294948622219,1696.77608465507,4643.33390304447,60961.549480052,,14640.9393392011
GNAS,NRAS,1569.61018618886,1780.29288413898,0.001,0.001,0.951181278127047,0.961205502135312,0.914282807341423,5.92278120089022e-08,0.0953876787837979,6.20916797264201e-07,1563.50034088917,1745.36273097283,13,2,0,260,275,863.35559181231,2584.39442030967,296.02284152711,5497.38893849886,,75484.2886389069,,88004.1559483439
GNAS,PBRM1,1456.84195702051,645.256504953238,12403.195135947,0.001,0.737245832653189,0.941932131596825,0.500190860478609,1.17936393250456,0.338856077936588,3.48042726483206,1563.50034085283,625.128243827686,12,5,1,257,275,780.03256995155,2443.79006887571,256.446197816282,1307.68117739935,684.289937160617,63604.6391526927,,10515.6323534904
GNAS,PEG3,1332.46678914146,240.975423855619,28977.1077242739,0.001,0.304972173048964,0.896924947240775,0.0623490724044698,2.18659499920052,0.320275254009597,6.82723679655563,1563.50034085588,231.468038011741,11,4,2,258,275,691.823611647775,2282.41083425346,95.7662580536807,488.406024836687,4472.57207933893,114804.935310776,,3259.14806529207
GNAS,PIK3CA,1473.10467487682,1130.12736540827,5858.80548263903,0.001,0.89398680084825,0.95278525028517,0.80615597602825,1.03945038974019,0.573897483121629,1.81121266482344,1563.500340866,1098.47924323305,12,10,1,252,275,788.717076209268,2471.18820703953,586.761882562818,1935.84826657904,328.149776579569,27828.1059811392,,11849.873047406
GNAS,PLEC,1334.55651746806,219.172204011168,23964.5563696542,0.001,0.689186455562405,0.9793812771849,0.0963141904927491,1.97077940011164,0.336962474771293,5.84866134262952,1563.50034085166,212.660415978886,11,4,2,258,275,692.824423895437,2285.74334184991,87.1062881239697,444.181147043811,3668.45213383701,98270.5830406451,,4692.46221283152
GNAS,POLE,1573.39020076484,157.154543187143,0.001,6196.81779810535,0.974510779510994,0.561289319089262,0.0357934409777473,1.94097560428825,0.211336296192538,9.18429838724871,1563.50034085111,306.908387719249,11,2,2,260,275,865.425553459088,2590.64998948262,26.130899033679,485.291021093747,,85195.0769609849,1002.86453899815,20679.6103326398
GNAS,PREX2,1465.91887255404,474.384930124748,7658.32254441953,0.001,0.768734840337235,0.916193765645272,0.671495787848693,1.094026099559,0.472121541864787,2.31725520347539,1563.50034083416,459.216574033356,12,8,1,254,275,784.852935271791,2458.99655963173,227.91996543208,855.29413813348,426.867980889221,37216.1593847475,,5038.63829057888
GNAS,PTPRT,1208.97369284035,177.003742294077,51860.2563380952,0.001,0.276105307861336,0.961299252381293,0.00416692198664539,3.09013825037319,0.31790243598738,9.72039814912226,1563.50034086152,171.695159064684,10,3,3,259,275,605.735039771647,2120.75986389908,70.3456545241629,358.729725720259,11074.6588514975,214684.885830225,,3904.67793696308
GNAS,RASA1,1210.873748323,441.337523618841,43031.7313341414,0.001,0.386138077483387,0.947325984857187,0.00664403294749201,2.89708031692116,0.339319487481623,8.53791315795872,1563.50034085797,427.203443258261,10,3,3,259,275,606.680662579603,2124.11144334166,175.395861796846,894.464710047209,9324.16390967757,176786.330841348,,8747.75953579177
GNAS,ROBO2,1465.32900112206,316.251982335389,7877.29860646904,0.001,0.741618286646535,0.901837545563972,0.652622562470608,0.907651785514793,0.37821595601226,2.3998241509551,1563.50034085158,302.892005580036,12,6,1,256,275,784.523181420516,2458.00430162058,135.85817979301,611.773738866352,436.368975798915,39531.4950323818,,3203.54788280664
GNAS,ROS1,1332.38136318106,530.840597867899,28537.6705292149,0.001,0.54269066220348,0.967803157903073,0.0707881589072829,2.08944045844826,0.311402730240173,6.70976923303387,1563.50034085078,515.737306275393,11,4,2,258,275,691.776654573116,2282.25977309176,210.973217539851,1075.80317381331,4341.13775713926,118664.818052938,,11387.5919096112
GNAS,RYR1,633.113285029955,287.803216662586,43314.2973070847,0.001,0.238205971422392,0.966317113390345,0.000356871460068433,3.46823528530027,0.334138276308083,10.3796407990759,1252.92721393263,281.27154644965,4,3,4,193,204,196.534963474119,1470.99064766282,123.639486488187,556.797133606632,11269.087679653,177127.255208945,,7970.01071958743
GNAS,SACS,1243.20798019429,667.569528476494,10363.08486363,0.001,0.489615360097682,0.887160145533061,0.165081413353201,3.07331817512653,1.01021270397596,3.04224859084693,1563.50034084622,648.286431572235,10,16,3,246,275,622.852006653997,2180.98547077316,410.514015149103,1014.60428294961,2512.02191732704,28541.1381604834,,4911.71069190425
GNAS,SF3B1,1214.94234682591,1578.24647842391,30372.7754103395,0.001,0.450191917015139,0.957318733783965,0.014001820434756,3.40279533833939,0.496179463039615,6.85799310897258,1563.50034086749,1540.11706000341,10,6,3,256,275,608.718177090984,2131.25164613709,758.312386837589,2845.42326699398,7032.66870634887,95146.9793777486,,29772.7717007396
GNAS,SMAD4,1522.90420330183,2869.840128877,2305.84708450295,0.001,0.981573581685977,0.964143611279538,0.915736657355109,0.938020001555835,1.24006522931344,0.756427951838603,1563.50034087312,2788.32035227868,12,24,1,238,275,815.30950858365,2555.020803715,1886.29658366312,4147.80292304951,130.67285977228,10420.7703006277,,13617.2430804272
GNAS,SPHKAP,1458.33801523416,658.335186645732,11260.0438202522,0.001,0.683649689105254,0.918285269161193,0.523772679227248,1.16052028031866,0.356175624979557,3.25828102466379,1563.50034085803,637.289028010435,12,6,1,256,275,780.83114261652,2446.32149497617,282.85099109612,1273.37640618479,620.602460609222,57827.931287221,,8657.18044800449
GNAS,SPTA1,1463.1158382661,368.264465836414,8702.12030230807,0.001,0.655347585783345,0.874499795753779,0.590956499124059,1.19884394457161,0.459282049348328,2.61025647806755,1563.50034085961,355.577286104727,12,8,1,254,275,783.38725264754,2454.35089654405,176.933244836315,664.000724529587,485.253815133002,42204.5970042517,,3425.78103004675
GNAS,SYNE1,1376.68993472835,410.439507796127,5980.85933014477,0.001,0.686526881879535,0.86831076808143,0.585492718296232,2.34468872286389,1.25974023626885,1.86124778375618,1563.50034085612,399.01533893363,11,21,2,241,275,714.734257380182,2358.40730169479,264.666516223292,601.953973336062,979.075705875098,19264.7834284504,,2347.54345303442
GNAS,SYNE2,1103.73348543359,775.831851837453,19570.4823160472,0.001,0.651717179350967,0.97382949526637,0.297531320506137,1.15006150553578,0.187961684958613,6.1185954243228,1252.9272139305,754.531314202356,7,3,1,193,204,474.197426435881,2134.94701299086,240.842287720286,1802.56451959667,1039.71454103462,123201.448895405,,22347.9404626941
GNAS,TENM1,1335.98565265559,340.960306459237,21737.9292070364,0.001,0.310296480332857,0.892015873920552,0.0975907537386413,2.36836997923366,0.427766146626426,5.53659984061803,1563.50034085078,328.839835109035,11,6,2,256,275,693.649151934015,2288.44456197452,155.791865972594,634.816858441109,3422.53145153727,79129.1719118902,,3899.51062116154
GNAS,TP53,1375.75043823258,1528.07305456682,2838.33965086987,0.001,0.870946332591482,0.838439075192522,0.834989391157091,2.91893038706238,3.07178630260831,0.950238753452301,1563.50034088651,1485.32595521295,10,59,3,203,275,689.072376027616,2414.48057158309,1177.59594304854,1942.57253356272,700.961032456335,7473.50732583369,,3863.53077484695
GNAS,TTN,1276.06737347415,678.154450245311,0.001,0.001,0.866724125706186,0.825927607312443,0.715916254370569,3.09043308280993e-07,0.254203210581777,1.21573330082538e-06,1252.9272139422,652.433493249264,8,5,0,191,204,583.036699042021,2376.00815399627,243.14579091138,1457.98355419594,,18472.6564824071,,6969.49830020901
GNAS,XIRP2,1342.09938770989,438.250407132907,15258.4307328817,0.001,0.875972436470676,0.994629474046016,0.198072937261121,1.85769624793565,0.441452120135449,4.20814888682756,1563.50034085078,427.402901607497,11,7,2,255,275,696.808586333435,2298.98749820092,210.567008127258,790.120228414432,2406.07001257812,55504.08084418,,7803.27354810063
GNAS,ZFHX3,944.724226032181,272.366121022782,41746.3530985704,0.001,0.509521768882424,0.994831378020443,0.0263542776919844,1.94539865196047,0.193761859691905,10.0401526649971,1252.92721392319,265.168960250893,6,2,2,194,204,375.454130950131,1914.66531560947,84.5491738193777,632.825181153039,5790.90775033104,264185.964485721,,10250.0079885174
GNAS,ZNF521,1454.54270828019,334.674417945247,14857.2421731177,0.001,0.580347367189333,0.9071712190178,0.417740742253566,1.3211250167086,0.323230176250188,4.08725766893131,1563.50034085803,323.217390462696,12,5,1,257,275,778.799583875489,2439.88599105624,133.009479314374,678.272175301612,821.237052535713,75369.2463167061,,4624.37259432825
GNAS,ZNF536,1283.06746070679,325.500287856127,0.001,0.001,0.830753923701345,0.736272762661451,0.611752314506071,7.47735216193642e-07,0.358188543037146,2.08754643533112e-06,1252.9272139232,313.132526082784,8,8,0,188,204,586.234553610244,2389.01856039596,148.717785474388,606.099371398265,,13701.4904816368,,2082.75523330178
HMCN1,HYDIN,201.340420197224,595.105243613088,604.36453721579,2032.31631692942,0.976747883309172,0.9683261336832,0.637567393463332,1.03018931860013,0.369367873557623,2.78906042552565,213.120648653232,617.469551569269,5,9,1,189,204,73.7169582215415,424.055397099748,288.300956373755,1064.12855535451,,4876.16109714261,,18745.5393115322
HMCN1,IDH2,329.994406922204,737.707975590503,0.001,0.001,0.980479871809276,0.979391599078914,0.960274295192011,9.41690626289572e-08,0.0416143944492983,2.26289638177218e-06,329.446772608078,722.496365546888,12,1,0,262,275,176.696580544023,553.515766653117,42.0929273388493,3248.25395828106,,56364.1219430247,,69278.7376304774
HMCN1,KMT2C,278.285238857271,623.700133819165,3824.54281020404,0.001,0.826816362623365,0.978753720889886,0.141835342331746,2.30854048772184,0.473032158391753,4.88030347782394,329.446772608359,612.180797458713,10,8,2,255,275,139.428087214446,488.14715788488,312.493313011806,1094.03575064771,613.329971138889,13160.9389504777,,12990.1487522403
HMCN1,KRAS,354.592442772198,13088.5525618073,0.001,34197.2747351415,0.974561163114444,0.95154429247329,0.921310570174742,1.8903840286148,1.52430506380227,1.2401612206807,329.446772608542,13582.1850227906,10,33,2,230,275,189.836427383235,594.916972805042,9112.20314926331,18084.5209553696,,1593.36675419371,5527.64745382191,114567.172758895
HMCN1,LAMA1,280.05719761659,266.658792889373,2675.95757024375,0.001,0.819521719936802,0.959365691001586,0.247546266154517,2.00139208201608,0.552630177532563,3.62157580853092,329.446772607792,260.121911256898,10,9,2,254,275,140.315030003957,491.280703658092,138.448083000642,456.779835773664,429.761315833812,9160.61464590405,,3879.5844143497
HMCN1,LAMA2,334.382105871189,372.896343584626,0.001,5249.10665616779,0.969755200742277,0.854236016257848,0.14975236684074,1.95385036083056,0.40418218671088,4.83408330468605,329.446772609369,486.172800927753,10,6,2,257,275,179.037908085696,560.909380643206,148.199894730989,755.72911026363,,7287.99269020585,838.717739256215,18245.5295099771
HMCN1,LRP1B,255.250163565702,290.625205431235,2482.05223632519,0.001,0.580457867524399,0.901126412388921,0.126910734107878,2.94473786093705,0.856028386625536,3.44000024642314,329.446772607449,283.626997192257,9,15,3,248,275,122.635263503143,460.229798682435,176.152050226545,446.452428273769,599.360089076003,6908.8747804283,,2656.57124325464
HMCN1,LRP2,292.583324506699,292.844196907117,3239.00247605527,3181.23884265907,0.921730537443626,0.922519005421342,0.0157933633640143,3.17987133630069,0.444088222072729,7.16044960944701,329.446772608276,346.846149665376,9,6,3,257,275,144.364871822536,514.166720012514,121.47775016057,569.353335682305,,14898.5543487472,,14106.1957857346
HMCN1,LRRIQ1,275.824035337234,636.429474980196,10008.0897631969,0.001,0.422732226169749,0.954904817722771,0.027802673654437,2.36245050654514,0.249032777412429,9.48650427101259,329.446772608034,620.511997493088,10,3,2,260,275,138.198918225207,483.825472033973,228.20841881225,1367.97952077568,1513.57341416379,44478.2209744923,,17722.8849810795
HMCN1,MACF1,216.254048514739,491.561684714971,0.001,9950.22003461838,0.979352298935612,0.640162839907859,0.272377081524078,1.23107801458119,0.180869813929882,6.80643158652466,213.120648652912,607.762164332159,5,4,1,194,204,85.9447561969823,438.275219534414,152.597914967451,1142.03926354919,,8056.3428023941,540.151879625937,55101.6753767081
HMCN1,MED12,285.295950914303,652.044534912801,3691.13446470441,5538.78785023993,0.894223791297383,0.948751245252695,0.0168087884536528,3.15081267865911,0.450857459596661,6.98848962480923,329.446772608276,745.308293669015,9,6,3,257,275,139.531793185767,504.905102524657,275.454425344277,1252.03753191967,,15372.6501332342,,28094.1284291919
HMCN1,NF1,337.670576694159,895.94312416635,0.001,4160.64571547252,0.929899541332493,0.823245484672935,0.73032879088119,1.12568064803294,0.539097344257758,2.08808420227482,329.446772609398,965.00401358045,11,10,1,253,275,180.794082186477,566.448648282035,448.892617274164,1571.65559512189,,3652.01378818189,232.994103645034,19778.9015359895
HMCN1,NRAS,330.77448122271,1777.82018727991,0.001,0.001,0.953356996311297,0.963874763923043,0.918918442162115,1.60065317716214e-07,0.0864317518180237,1.85192726456847e-06,329.446772608078,1745.36273096043,12,2,0,261,275,177.113167218617,554.828383978915,295.612393061043,5489.73813203657,,16462.4653779551,,94517.3435156473
HMCN1,PBRM1,276.468621001303,637.162347947774,6961.86715398423,0.001,0.866441871350478,0.987557772638464,0.0539402475209016,2.27638719323779,0.30574875822282,7.44528679844654,329.44677260933,625.128243831843,10,4,2,259,275,138.521690934439,484.962025414029,253.236339553699,1291.21012526969,1074.68861472389,27917.9463470536,,22399.2813575965
HMCN1,PEG3,276.609463326643,237.637623375005,6577.71788792872,0.001,0.547944009207994,0.953069113039896,0.0573636278147264,2.20315559127603,0.306101249021275,7.19747337954474,329.446772608985,231.468038011193,10,4,2,259,275,138.592048497159,485.209858377377,94.4447154347242,481.597668064489,1017.57298984395,26191.9168786413,,5543.57615670198
HMCN1,PIK3CA,250.83592067068,1116.4631974255,5027.7888716384,0.001,1,0.997047632511983,0.0257794177006748,3.14666982646303,0.52158359840678,6.03291559794977,329.446772608113,1098.479243237,9,8,3,255,275,120.521777053958,452.248539771933,579.666339793145,1912.27229557666,1186.8375049774,14944.5422381545,,28290.7829435146
HMCN1,PLEC,316.751256450714,164.28732925246,1977.7201112542,2654.72696167702,0.969508219527771,0.818430454842055,0.0622660922469609,2.25708500133582,0.300121704494474,7.52056571562413,329.446772608516,212.660415979862,10,4,2,259,275,163.998190828408,540.8056246767,51.7634152773942,374.350971259225,,17744.1484128292,,11051.2384975263
HMCN1,POLE,330.988203234932,77.8374317761368,0.001,14518.9633476306,0.970085588716483,0.16022819054396,0.000329031081458468,3.52401054640005,0.188419963280659,18.7029573992162,329.446772609222,306.908387720192,9,1,3,262,275,177.227979938728,555.185708041432,4.44129611694633,342.729731764689,,37437.6729650765,3444.50661043649,42448.3341609931
HMCN1,PREX2,249.979183945364,468.141214308311,6359.4594060398,0.001,0.782143868402085,0.975222717298252,0.0145420551372741,3.12040141652909,0.437796752950273,7.12751155759147,329.446772608336,459.216574031954,9,6,3,257,275,120.108448567264,450.693645236121,224.933626241741,843.999891144888,1464.50069487763,20407.0794640137,,11485.0994347673
HMCN1,PTPRT,330.849942416576,58.2362730483937,0.001,5761.76386718707,0.998070888386914,1,0.000155154790844869,3.72926717974276,0.296216456701269,12.5896691266673,329.446772606826,171.695159064965,8,2,4,261,275,177.155349970579,554.946959028719,9.68325826945095,179.834610507432,,31920.7908227397,1650.87284592921,16096.6799668755
HMCN1,RASA1,332.736238958904,291.093059266996,0.001,6304.55840516478,0.971659911317562,0.812290011756323,0.0812643311608129,2.00786694094073,0.309088187826076,6.49609729528247,329.446772607723,427.203443258102,10,4,2,259,275,178.1580534832,558.131392186997,90.3646956872102,676.304585240063,,10562.3937197348,1002.61510742743,22246.0663211614
HMCN1,ROBO2,277.850556307318,310.660111606771,4294.89791599938,0.001,0.855490243554128,0.969643605840243,0.124355695585032,1.8827993648186,0.355201172553035,5.30065638940842,329.446772608163,302.892005579892,10,5,2,258,275,139.209777728353,487.397845789493,133.470499344455,600.908498920949,663.578676667018,16832.200159499,,6754.63426965864
HMCN1,ROS1,284.961296211498,410.217653426362,6780.48128962171,5711.70309445861,0.876249887747144,0.935862026575016,0.00423944203903626,2.97230113865452,0.289924917664623,10.2519685530886,329.446772607816,515.737306277637,9,3,3,260,275,139.587397476505,503.673711103552,118.72155097572,939.038313671971,,35670.7855593254,,27599.7014716314
HMCN1,RYR1,214.159320450927,250.032515268949,175.333697080083,1898.04818509348,0.999893616739304,0.9062755816597,0.541922418801095,0.852196529078482,0.248113390296477,3.4347059143409,213.120648652773,281.271546450078,5,6,1,192,204,82.8456745512535,438.304593823072,99.4319136087048,506.282424088193,,5269.74178916697,,11475.9082887707
HMCN1,SACS,226.816819431289,660.472790705709,3282.00258078105,0.001,0.868138660732084,0.953411325139814,0.0255642216029862,4.00507084513059,0.92760977275968,4.31762467660871,329.446772608151,648.286431568654,8,15,4,248,275,103.639932723714,422.284041176008,406.164182888293,1003.76355668934,984.117371879737,8229.58034299337,,8811.43475967989
HMCN1,SF3B1,330.856258701215,873.932613784337,152.123232483693,47897.8814224009,0.999743512495163,0.517285451162063,0.000383015406034956,4.72911046991684,0.440439380300302,10.737256206955,329.446772608041,1540.11705997622,8,5,4,258,275,176.586435551394,555.810871794933,313.425421298832,1878.49876944536,,14560.805212186,13512.5748861694,133595.303723716
HMCN1,SMAD4,345.801706436415,2736.94936084766,0.001,5035.21996165715,0.983003768097602,0.985923380290894,0.977981991643654,1.03095282531506,1.12947888923747,0.912768565343501,329.446772608279,2788.32035227564,11,24,1,239,275,185.142823004653,580.116439502401,1782.43721183286,3983.76606424019,,1977.0994808759,282.945520446438,23568.3801824731
HMCN1,SPHKAP,220.739971295897,649.318954167735,16974.0995042777,0.001,0.336670976925905,0.953195464826088,0.000139088633652682,4.28330508568561,0.336053561670711,12.7458999821067,329.446772609211,637.289028005379,8,3,4,260,275,100.87017653456,410.94202591253,278.96272178212,1255.75233825524,4308.08953224193,69137.8625027282,,18190.7373498673
HMCN1,SPTA1,249.859389452982,363.559920717495,6656.96500713536,0.001,0.470598544198448,0.939707598834483,0.0123188129706876,3.18589241775536,0.428625025369949,7.43281943233623,329.446772608988,355.577286105752,9,6,3,257,275,120.063675979733,450.523907083257,174.666995494211,655.423922479469,1535.2116927815,21242.4362737067,,6888.36179104037
HMCN1,SYNE1,340.434745124412,316.042694517284,0.001,6148.37241206041,0.970921599347487,0.635763013269061,0.00310617821863929,5.54861512404813,1.11734177232277,4.96590681695672,329.446772608612,399.015338936449,7,18,5,245,275,182.283251420184,571.087475176474,191.579888408731,485.44057106947,,4100.71455171295,1993.22943525407,16546.9765546303
HMCN1,SYNE2,196.76995236037,669.339205901323,2304.94446921466,6786.54472216149,0.92325897360551,0.940717108482196,0.244165539509467,1.09643125200099,0.135595021344457,8.08607308092588,213.120648652913,754.53131419978,5,3,1,195,204,71.9931702885394,414.602623203374,173.464378594096,1666.44278145816,,21307.0283039387,,59085.8086380974
HMCN1,TENM1,221.152341739023,334.90532698806,12279.5511255376,0.001,0.452764315466507,0.997411016933499,0.000363962461265738,4.24677030273587,0.399607428795786,10.6273557414423,329.446772608041,328.83983510756,8,4,4,259,275,101.057251776119,411.699447347065,153.036666500322,623.486252310504,3314.99937704998,40665.9664313987,,11381.695275928
HMCN1,TP53,217.791359274329,1512.15391177064,1152.284671401,0.001,0.838008411330058,0.916386991774563,0.332836285776091,4.98949362896528,2.81976293055101,1.7694727364865,329.44677260762,1485.32595521065,7,57,5,206,275,93.5580672450378,421.398313613433,1165.41358151555,1922.14347323244,409.206874688233,2521.76195812489,,6751.92912252402
HMCN1,TTN,216.977824556408,665.170226819027,0.001,0.001,0.899295023619655,0.909027624807464,0.817512500288556,5.8716342678358e-07,0.182489822729444,3.21751327280369e-06,213.120648653172,652.433493251083,6,5,0,193,204,86.2303967333691,439.759959387999,238.506107680379,1429.90914883034,,4242.81756064907,,14491.6036600626
HMCN1,XIRP2,324.260779988407,307.147590352088,728.800708204397,6125.35162517566,0.998958019551351,0.877365953869823,0.0192096936909224,2.80661621641096,0.410682030976222,6.83403705231374,329.446772607945,427.402901608202,9,6,3,257,275,169.519374549971,550.258155214956,122.327796796975,620.507807281137,,11090.8027627732,969.721056150524,18912.8469512617
HMCN1,ZFHX3,201.3661826563,158.524286611981,2319.59281386865,10432.3254534099,0.944617763555545,0.419337290121961,0.0088046397607593,2.29318528645464,0.139622678520061,16.4241605358198,213.1206486525,265.168960250893,4,2,2,196,204,73.3328587469533,421.198607956056,26.7797345497246,476.435128630087,,31073.5253571934,469.246132588384,48442.800116903
HMCN1,ZNF521,276.334911835603,330.326001696862,7438.97326679696,0.001,0.59569044103393,0.968717411584713,0.0462222624330337,2.36225109475803,0.301094280953212,7.84555285234764,329.446772608647,323.217390461724,10,4,2,259,275,138.454879193984,484.725005144633,131.284703574164,669.411575391546,1155.0449776986,29207.1736593932,,9466.65063017993
HMCN1,ZNF536,217.586290822939,319.58149228387,0.001,0.001,0.884701257590693,0.851239202569401,0.753131853069963,1.10182897581192e-06,0.269320248376147,4.09114792688387e-06,213.120648653048,313.132526082908,6,8,0,190,204,86.4733710351147,440.98287359919,146.025683947995,594.997227631082,,3525.28526280367,,4064.3554312784
HYDIN,IDH2,,,,,,,,,,,,,10,0,0,194,204,,,,,,,,
HYDIN,KMT2C,559.385101470442,403.61347865393,8489.32818847019,0.001,0.591854593151392,0.95184493030136,0.321512096423437,1.46633647827491,0.281311049308176,5.21250936243369,617.469551568956,392.894804562061,9,4,1,190,204,268.753396689701,1008.6249216573,144.72551063588,867.592076365514,463.29306295962,45961.3900667435,,8880.68466624787
HYDIN,KRAS,673.706515668394,14491.3760371563,0.001,19663.7856191675,0.897567975944495,0.970331073385056,0.820345491251967,0.956394604729405,1.35103167157259,0.707899470347851,617.469551569602,14625.3454513174,9,27,1,167,204,337.42549447915,1182.45496255814,9684.41099352523,20680.2472155808,,2444.01044761596,1102.45003024712,93066.2234789801
HYDIN,LAMA1,628.072345295601,163.436206051054,0.001,0.001,0.84684968814806,0.837207118819393,0.709047504237595,1.34542797368908e-06,0.323879770733338,4.15409696827535e-06,617.469551568368,157.677425739514,10,5,0,189,204,314.647695140997,1101.94088816055,58.6015983609594,351.34294338798,,7799.30996580229,,1802.90855532253
HYDIN,LAMA2,626.925708869919,248.45570590525,0.001,2492.37926869228,0.945650564483604,0.783107005514518,0.478222904300426,0.942034628281517,0.253449333355703,3.7168558141734,617.469551569777,320.705660292446,9,3,1,191,204,314.064981638904,1099.97084831812,61.783163110894,644.388127926545,,15120.8553226205,139.329832307154,11950.3245158786
HYDIN,LRP1B,636.86721931141,176.36445680454,0.001,0.001,0.739114929890988,0.76644906263173,0.56663988240953,1.90915680450213e-06,0.482465853172215,3.95708171251793e-06,617.469551568368,170.482245201145,10,8,0,186,204,319.029124520194,1117.50007695435,80.5789990258258,328.400099634152,,4181.14412141891,,1301.97694672354
HYDIN,LRP2,627.06159564982,207.572104047375,0.001,0.001,0.860096938475434,0.873618803447508,0.75144209927109,8.3738027828917e-07,0.243882589988823,3.43353856594497e-06,617.469551568832,200.616709781949,10,4,0,190,204,314.137875071036,1100.18495027157,64.4351723938189,482.285432425933,,8982.39993501391,,3004.52044917313
HYDIN,LRRIQ1,557.67618535326,510.854598975113,16051.4081090307,0.001,0.512175652201187,0.949980430264726,0.191730528605816,1.39871989009137,0.184693289119108,7.57320364352462,617.469551569847,494.958277686195,9,2,1,192,204,267.938843697196,1005.56482723761,127.038903232319,1324.88553734628,833.698698309148,123572.686935079,,15248.3918511086
HYDIN,MACF1,627.520222605972,374.338352096916,0.001,8732.235819511,0.931206195461763,0.549633903288958,0.0752406085333918,1.90214935946301,0.307593463280011,6.1839719842532,617.469551569696,607.762164334143,8,3,2,191,204,314.358652207418,1101.03750998936,93.0875248923315,970.828778897555,,15477.3738416502,1394.10156908733,30504.8317622809
HYDIN,MED12,625.784420514042,336.213213355516,0.001,0.001,0.877358333999473,0.899052873835357,0.788827457145247,4.5558353585105e-07,0.186331380968464,2.4450177607397e-06,617.469551565402,324.398435913973,10,3,0,191,204,313.499522274336,1097.93601089339,83.6056078782847,871.981097567272,,10757.4157601109,,6178.15065660863
HYDIN,NF1,638.29641747264,1041.2287331357,0.001,3775.42275782105,0.955871481543694,0.921105618625773,0.847790735199261,0.973764422816357,0.589946150435053,1.65059882516101,617.469551569965,1122.93310348092,9,9,1,185,204,319.7407705004,1120.03086168495,500.243003034847,1877.48981424263,,6574.88441803205,211.494236178655,17930.6676651494
HYDIN,NRAS,607.009563278046,1395.36219180812,5710.69220193112,47151.986818037,0.985660450797624,0.866856248490197,0.151320481865082,1.10233635081177,0.0931083433370651,11.8392864839315,617.469551568787,2302.85604391016,9,1,1,193,204,299.21314805581,1073.21069461809,81.1518316227674,5902.60458168783,,207734.776333487,,263857.642720886
HYDIN,PBRM1,620.965667959901,273.878476278545,0.001,0.001,0.946291117201028,0.937209723153319,0.886880554076185,3.37897850990164e-07,0.121558460949818,2.77971478373402e-06,617.469551564078,265.117268424075,10,2,0,192,204,311.101031785167,1089.39895546417,45.5387274909755,845.766819239612,,28240.9089472022,,8264.01422344028
HYDIN,PEG3,556.701318518009,107.307328235385,26393.5511594076,0.001,0.535125739892136,0.974023475417277,0.132085389536027,1.23145152923826,0.130849058716084,9.41123720202121,617.469551569355,103.727858783918,9,1,1,193,204,267.46289483491,1003.76289512678,17.8419621853717,331.386054675873,1271.32991708361,412712.213269887,,4979.53186199962
HYDIN,PIK3CA,562.905234146649,788.567042495837,4470.57247160201,0.001,0.871646750786155,0.980022514406526,0.551621111010278,1.07716180535875,0.340387575521947,3.16451563693839,617.469551566764,766.753691218916,9,5,1,189,204,270.43938650216,1015.00353713432,313.392716932898,1598.19120684029,245.809878462729,23280.6336966606,,15568.4900296649
HYDIN,PLEC,580.442457099474,177.569023884744,5024.22789876041,527.09630564593,0.869717166280305,0.986973650396201,0.420023651753816,1.09906508150748,0.245379498102479,4.47904201453894,617.469551569269,187.897509857038,9,3,1,191,204,279.854301440617,1042.35198603461,47.9143181241955,432.34376051753,,41538.9020625723,,6010.33815918547
HYDIN,POLE,625.697422915396,201.976897416428,0.001,0.001,0.878034935157545,0.94180601627661,0.826955112958214,3.7824932911084e-07,0.108995906024844,3.47030767398386e-06,617.469551569448,195.973344264442,10,2,0,192,204,313.452899591321,1097.79835734167,33.5834017180394,623.727016698764,,11219.2312562754,,6592.85938026038
HYDIN,PREX2,561.171551828673,348.096833131209,5871.0299190799,0.001,0.817899519605282,0.97243969426316,0.454324111197559,1.17337779812394,0.301258640050661,3.89491832641419,617.469551568877,338.342873517878,9,4,1,190,204,269.607275097222,1011.88626694402,124.818383515672,748.252348817951,314.694708106244,35276.3997035609,,7952.89346127917
HYDIN,PTPRT,623.270890143069,79.6783599122295,0.001,1237.5703392794,0.979245404991193,0.785572928666536,0.364045739918504,0.946611982986978,0.187446179160809,5.0500468306419,617.469551568363,115.92900165125,9,2,1,192,204,312.245465005125,1093.49256811512,13.2481154790911,246.066216621088,,33331.9333886576,69.0612249250761,5978.43744431405
HYDIN,RASA1,626.094530733908,288.51492657822,0.001,0.001,0.873025365354954,0.901184246187739,0.786793227184587,5.26602903223698e-07,0.194373465915481,2.70923246001427e-06,617.469551568162,278.596733530488,10,3,0,191,204,313.656133453916,1098.48053696927,71.744717202054,748.279056477901,,10177.7434447645,,5443.42229930476
HYDIN,ROBO2,626.315109733335,181.394514801902,0.001,0.001,0.870289032523015,0.897459005650298,0.781093420905084,7.437532913272e-07,0.195062709942399,3.81289325646519e-06,617.469551565188,174.902509690722,10,3,0,191,204,313.763217275914,1098.88613648617,45.1060784979865,470.47885866339,,10163.0070999104,,3308.37783400317
HYDIN,ROS1,625.528701893639,356.24228973978,0.001,3945.56752279935,0.959186355864951,0.820687232917638,0.448513825362663,0.956582714108788,0.23361659734624,4.09466932133699,617.469551569847,461.369182635287,9,3,1,191,204,313.369463468076,1097.49445499472,88.5881879209749,923.888230090875,,19034.0118288528,220.867400801503,18797.3759109157
HYDIN,RYR1,637.491313572686,249.485591284724,0.001,1182.88626490048,0.907084613069766,0.785029657671725,0.716127818302749,0.894640443756578,0.43444163427897,2.05928799904592,617.469551568988,281.271546449168,9,6,1,188,204,319.33122403585,1118.65260233662,99.1372344408216,505.7507649417,,6445.79651540576,66.0265236479167,5710.51049649694
HYDIN,SACS,635.7477121879,363.24646820956,0.001,0.001,0.751639301356765,0.768313494272723,0.577612870252867,1.12869430332271e-06,0.478982152065662,2.35644334231474e-06,617.469551569133,351.295554499967,10,8,0,186,204,318.475283096682,1115.50696170271,165.972874051482,676.326386119633,,4416.91546963775,,2688.10017831822
HYDIN,SF3B1,625.548678788464,881.081397778845,0.001,0.001,0.880661407243213,0.880124776293696,0.775122560599439,3.3158395876102e-07,0.227799425283137,1.45559611640322e-06,617.469551569448,853.213216923293,10,4,0,190,204,313.382833858132,1097.51504227781,273.512991185117,2047.08539046718,,11037.4901349702,,13496.7148354419
HYDIN,SMAD4,382.375407503763,2348.25854627829,7079.81473003742,0.001,0.571104636372379,0.953057974808488,0.0140141663970002,3.90592303662679,0.836264461712548,4.67067921148776,617.469551567898,2300.95712461595,6,12,4,182,204,151.956190118778,775.029025288334,1377.05313086185,3695.21062214771,2106.20180155026,18089.698573976,,32590.4465943543
HYDIN,SPHKAP,622.944786898045,382.798002372809,0.001,0.001,0.917423488113779,0.909779543597119,0.834671773294053,3.88233107284381e-07,0.173755258139345,2.23436753190533e-06,617.469551568034,370.860199167692,10,3,0,191,204,312.086784529643,1092.90235670699,95.1922850725896,992.744764259626,,17172.7891453398,,7928.25262953461
HYDIN,SPTA1,562.71845286583,330.66466530951,4879.69117752049,0.001,0.749887566000858,0.938790932735638,0.502874040193928,1.21958443446685,0.361890734227475,3.37003498326722,617.469551567092,320.667901588087,9,5,1,189,204,270.346279539129,1014.68574084819,131.411372087192,670.173035503292,265.675218838162,26779.4236332066,,5537.854830665
HYDIN,SYNE1,510.599927725547,337.572480110296,3748.25823983229,0.001,0.567174281777604,0.857712449965591,0.3349077345442,2.36719271674104,0.859030510639314,2.75565615821877,617.469551569428,327.919160821525,8,13,2,181,204,233.280602167724,950.812403774152,194.207192415003,538.555000759428,601.15425462497,12864.9626865299,,2634.38655311603
HYDIN,SYNE2,626.201905178402,779.495076077524,0.001,0.001,0.871700692871487,0.878787062925265,0.766076950312981,3.55633016591028e-07,0.23152155354943,1.53606872076858e-06,617.469551569448,754.531314202347,10,4,0,190,204,313.709733215423,1098.67138993526,241.979666316913,1811.10017631129,,10043.6527383017,,11784.9824623011
HYDIN,TENM1,624.261974985719,170.961282836213,0.001,0.001,0.898941368638307,0.900571721470379,0.809595330596598,7.59132380955723e-07,0.19090902340146,3.97640911587166e-06,617.469551567324,165.045385430472,10,3,0,191,204,312.739552105262,1095.25056924358,42.5123182900813,443.40238619457,,14198.1541238029,,3213.93761914717
HYDIN,TP53,340.305996590645,1254.65502803046,3219.23415329144,0.001,0.607041051244945,0.889855211105518,0.0782607096147383,5.17942037201135,2.09126468179845,2.47669289167028,617.469551567218,1232.21687470482,5,34,5,160,204,121.997161101016,731.810502023315,900.349155941974,1692.06005237301,1131.87861647197,7188.75669877625,,8073.94511700107
HYDIN,TTN,627.413432915539,539.714982712061,0.001,3944.14084005653,0.975675719148361,0.961538511775232,0.605285016834286,0.92290218477227,0.31934048578759,2.89002561794228,617.469551567124,652.433493249183,9,4,1,190,204,314.309123609745,1100.82789829154,167.535270539144,1254.07155429431,,15615.835452932,220.689762539517,18830.7895331674
HYDIN,XIRP2,631.924552227823,398.242351836072,0.001,0.001,0.797454540011327,0.838787659984617,0.668967862664435,7.20550216428036e-07,0.327787621810116,2.19822277744656e-06,617.469551566641,386.593154322052,10,6,0,188,204,316.555292668635,1108.81644525384,158.270564595413,807.11192961946,,5819.43062133165,,4427.80581016021
HYDIN,ZFHX3,625.571994266388,204.620836199947,0.001,2227.01737409423,0.986849551425119,0.771567743160537,0.458276956326366,0.984667578916528,0.245732724704048,4.00706735377808,617.469551570652,265.168960251793,9,3,1,191,204,313.403019584053,1097.52513772637,50.8847307814244,530.67894465446,,19665.0985505516,124.642408715242,10606.2709621484
HYDIN,ZNF521,619.794826384614,146.318851336549,0.001,0.001,0.964178022674044,0.937372973619728,0.903799103940989,5.59209491870485e-07,0.125491055621686,4.45617011587118e-06,617.469551564078,141.653663350306,10,2,0,192,204,310.517817249716,1087.32722189351,24.3289306521886,451.849949992955,,40554.27846743,,4439.59529013946
HYDIN,ZNF536,566.042073074651,322.488077908036,3220.94660986858,0.001,0.853200631026081,0.965664012123138,0.67471406711023,1.16544586121907,0.488414048915629,2.38618414807392,617.469551566764,313.132526083115,9,7,1,187,204,271.941263154399,1020.68750262684,147.351904449255,600.422846453435,178.692839925654,15990.0151464127,,4538.11187219413
IDH2,KMT2C,732.868416640427,613.309962957318,0.001,0.001,0.985863581466541,0.981887662311905,0.968007638062365,5.21911458859631e-08,0.0340574573230107,1.53244399283738e-06,722.496365542688,612.180797457113,1,10,0,264,275,41.8165455693981,3226.8941976577,307.301718718067,1075.77664336313,,102199.970469396,,113056.301403216
IDH2,KRAS,774.11960365524,13612.2629461937,0.001,0.001,0.933389304355432,0.81668989056045,0.866364960492549,1.02710630485101e-07,0.136380234396261,7.53119621327739e-07,722.496365546851,13582.1850237663,1,35,0,239,275,44.1693351379309,3408.76629463678,9583.15944310428,18640.5617247953,,21027.8663845264,,597088.65477777
IDH2,LAMA1,738.439930166487,260.410142355988,0.001,0.001,0.977591801042113,0.988231234427204,0.966086761914258,9.92841259841743e-08,0.0370506843852612,2.67968399589589e-06,722.496365542688,260.121911257641,1,11,0,263,275,42.1701777029361,3254.24984590088,135.211982234741,446.017881027041,,63997.6867689106,,74399.9882610897
IDH2,LAMA2,733.714624149317,486.804036740046,0.001,0.001,0.984726796325727,0.98977913653573,0.974662267182324,4.81469257607257e-08,0.02754249041373,1.74809630637919e-06,722.496365544328,486.172800928638,1,8,0,266,275,41.8645704237376,3230.61436621325,222.452073037622,906.220217535086,,94856.3899599261,,160398.037715147
IDH2,LRP1B,747.156720183401,283.835849147837,0.001,0.001,0.966799630452074,0.899156518871422,0.95384759042525,1.58064927461947e-07,0.0619888757154355,2.54989182555199e-06,722.496365546888,283.626997191734,1,18,0,256,275,42.6409744248209,3290.6110995892,172.061505856053,435.979858750874,,42552.0292476299,,71129.08731071
IDH2,LRP2,733.599755779403,347.366500321296,0.001,0.001,0.984879369991228,0.986722843604135,0.971803252190648,6.62636089046251e-08,0.0305228797837555,2.17094878904221e-06,722.496365537236,346.846149665147,1,9,0,265,275,41.858181294377,3230.11674090013,166.907680075333,626.234074743144,,95618.1274538071,,87815.1682955098
IDH2,LRRIQ1,730.112343849221,621.253964198001,0.001,0.001,0.989587909879937,0.994041144701903,0.983691177101151,2.65982916646673e-08,0.0175763988827025,1.51329586010042e-06,722.496365546849,620.511997494592,1,5,0,269,275,41.6587827184683,3214.71534184236,222.782083770822,1335.27575342722,,143232.228545955,,352705.595332717
IDH2,MACF1,,,,,,,,,,,,,0,5,0,199,204,,,,,,,,
IDH2,MED12,736.027453922782,746.620189374349,0.001,0.001,0.981634983747015,0.984456030894537,0.966376893420439,4.33194630162885e-08,0.0312538900476748,1.38605027886797e-06,722.49636553808,745.308293669717,1,9,0,265,275,41.9966049005546,3240.83427409354,358.744284155605,1346.02574132835,,78819.7076004935,,160814.986317097
IDH2,NF1,735.002895599156,966.798071984141,0.001,0.001,0.983003850393699,0.979987897617002,0.963332381386277,4.74531282323998e-08,0.0385686446213241,1.23035509021138e-06,722.496365542688,965.004013580448,1,11,0,263,275,41.9382609935629,3236.30259006671,501.989605922429,1655.93501880821,,84556.6989541199,,160973.342975915
IDH2,NRAS,724.168609684678,1749.51088470817,0.001,0.001,0.997694916149665,0.995268874160356,0.992974708723734,7.6562640968867e-09,0.00778850931110342,9.83020471705903e-07,722.49636554199,1745.36273097283,1,2,0,272,275,41.3202277000812,3188.5436802053,290.907123516417,5402.23447903476,,745198.047499377,,1251880.0629453
IDH2,PBRM1,0.001,625.181726347575,81291.3940855056,25546.9968479268,0.815944007921133,0.999999550603339,0.018362441876156,1.01732960920715,0.0206365598355942,49.2974418852721,722.49636554199,625.128243830805,0,5,1,269,275,,1830.92211969854,248.481976424613,1266.86808513989,4481.72560063659,417992.008952882,,
IDH2,PEG3,730.961037474309,231.645315263804,0.001,0.001,0.988421841289435,0.995457458630061,0.983931960891958,5.78603098266633e-08,0.0200031307741288,2.89256269331085e-06,722.496365546888,231.468038012127,1,6,0,268,275,41.7078855950737,3218.51310234013,92.0686146932676,469.40684061276,,128157.594121944,,172809.508334225
IDH2,PIK3CA,734.542906046818,1100.31003218419,0.001,0.001,0.983618224309922,0.982023070096351,0.965936198866339,4.28785349657068e-08,0.0368113903143025,1.16481704710422e-06,722.496365546888,1098.47924323973,1,11,0,263,275,41.9119990699657,3234.26524912569,571.316971906272,1884.59511361067,,87471.5214391071,,204404.334245227
IDH2,PLEC,730.483234959647,213.055804349201,0.001,0.001,0.989081369943254,0.988988121799582,0.978189898554434,6.3699014538109e-08,0.0206482595226136,3.08495805510131e-06,722.496365542688,212.660415979687,1,6,0,268,275,41.680276988509,3216.37284118737,84.678976931317,431.745947354747,,135386.953015025,,65084.6943916089
IDH2,POLE,726.982098335443,307.573535621392,0.001,0.001,0.993834743676046,0.991408324341827,0.985296115500838,3.22845983948342e-08,0.0137948669935149,2.34033415545154e-06,722.496365546888,306.908387719029,1,4,0,270,275,41.4808448530752,3200.95554167086,95.4849641699214,714.53360771118,,248101.68210207,,120714.92653555
IDH2,PREX2,736.397667421195,459.788371187655,0.001,0.001,0.981192836283256,0.988988325265054,0.970388531134977,5.68026441321624e-08,0.0313050668686393,1.81448723206741e-06,722.496365537236,459.216574033248,1,9,0,265,275,42.0153843823335,3242.28125732453,220.928005671094,828.894224640711,,76733.7992276444,,140502.680585284
IDH2,PTPRT,729.820812172787,171.857039262872,0.001,0.001,0.989973048426946,0.994411711966775,0.984440876895425,7.27181124209227e-08,0.0199123967583396,3.65190154171005e-06,722.496365539613,171.695159064544,1,6,0,268,275,41.6425623003388,3213.45314248764,68.3042279956562,348.262436450437,,147154.965331159,,104091.687334741
IDH2,RASA1,731.874097704333,427.756051602317,0.001,0.001,0.987192326890392,0.992334820612471,0.979625467842727,3.89310176752283e-08,0.0206229843722062,1.88774897815935e-06,722.496365546849,427.2034432576,1,6,0,268,275,41.7599322972109,3222.54235057838,170.011190236798,866.832461584328,,115729.811609802,,188441.857025284
IDH2,ROBO2,732.63072181654,303.125306629845,0.001,0.001,0.986176563143652,0.994698818813143,0.980948768281845,5.66217223485314e-08,0.0237831146563717,2.38075303283971e-06,722.496365546849,302.892005579624,1,7,0,267,275,41.8028693530402,3225.84961587556,130.242586354398,586.271134096771,,105620.423085866,,193618.053944246
IDH2,ROS1,729.748347796045,516.457411503876,0.001,0.001,0.990054496851512,0.991672845139444,0.981810280313104,3.54273973707589e-08,0.0210906247462077,1.67976993555533e-06,722.496365546888,515.737306276239,1,6,0,268,275,41.6392225970332,3213.19413363562,205.26798909162,1046.57967266895,,148218.4343592,,209275.573258239
IDH2,RYR1,,,,,,,,,,,,,0,7,0,197,204,,,,,,,,
IDH2,SACS,750.769165838734,649.267111397447,0.001,0.001,0.962366015035312,0.882045698234908,0.935696009760158,9.86206361817954e-08,0.0651323306713544,1.51415794836848e-06,722.496365546849,648.286431568575,1,19,0,255,275,42.8378983932591,3305.85356390002,399.301915919753,986.645221424474,,37535.9128084416,,77435.3981238645
IDH2,SF3B1,734.288556555084,1543.49476240748,0.001,0.001,0.983960349252025,0.980615788662966,0.964887448974209,3.07719761950299e-08,0.0298564356806813,1.03066476267095e-06,722.496365539613,1540.11706001029,1,9,0,265,275,41.8974728311794,3233.15335168353,741.648779978935,2782.57397440957,,89931.0764461125,,265450.463613173
IDH2,SMAD4,754.444134319347,2793.60856643201,0.001,0.001,0.957701095744378,0.861969270525484,0.914398439251762,7.58085089425098e-08,0.0846842294366403,8.95190396686891e-07,722.496365539613,2788.32035227698,1,25,0,249,275,43.0471407478712,3321.99106230892,1836.38993973803,4037.08461338219,,33241.5337516661,,200370.713481632
IDH2,SPHKAP,730.664459115012,638.074704456832,0.001,0.001,0.988823626086849,0.991481657764657,0.980400623116246,3.60643260879923e-08,0.0241397478094237,1.49398106279774e-06,722.496365546849,637.289028011641,1,7,0,267,275,41.691061170232,3217.19820632919,274.163969205882,1234.05424593261,,130722.313992007,,252722.067209727
IDH2,SPTA1,733.185001181421,355.961712159691,0.001,0.001,0.985432852149207,0.990425134044333,0.975997659929744,6.48186042392224e-08,0.0303806146262545,2.13355144511155e-06,722.496365546888,355.577286105578,1,9,0,265,275,41.8345521266056,3228.28592127446,171.038402757841,641.724967538369,,99078.4865978227,,125298.455236401
IDH2,SYNE1,756.614365025636,399.960782809863,0.001,0.001,0.954964157801991,0.853534885764368,0.905451035938304,1.61655055418153e-07,0.0792216304941027,2.04054188748598e-06,722.496365544328,399.015338933528,1,23,0,251,275,43.1707470493704,3331.58335829352,257.934231088107,586.510528352212,,31270.7451947056,,24831.9815243989
IDH2,SYNE2,,,,,,,,,,,,,0,4,0,200,204,,,,,,,,
IDH2,TENM1,733.431493443378,329.136966971237,0.001,0.001,0.985096632701705,0.992887468619775,0.978090249690874,6.10880328906407e-08,0.0271435719219351,2.25055247210389e-06,722.496365546888,328.839835108494,1,8,0,266,275,41.8487542255266,3229.3921847705,150.403989217833,612.71019555862,,97328.934612249,,156383.980316017
IDH2,TP53,813.53795295211,1488.09990345901,0.001,0.001,0.888205697561422,0.751559916602265,0.797273476940129,2.4416102367697e-07,0.218319412981645,1.11836606897389e-06,722.496365540534,1485.325955198,1,62,0,212,275,46.417449935957,3582.53094183554,1146.99402913083,1891.35971552928,,12473.9460323054,,44258.5186746066
IDH2,TTN,,,,,,,,,,,,,0,5,0,199,204,,,,,,,,
IDH2,XIRP2,733.515717690665,427.918346815974,0.001,0.001,0.985010659066578,0.989388568037636,0.97455850281782,5.92967042689629e-08,0.0313335583344271,1.89243441922815e-06,722.496365546888,427.402901608765,1,9,0,265,275,41.8525168133675,3229.67598622754,205.611367443315,771.443242052396,,96299.3652675607,,135755.783538522
IDH2,ZFHX3,,,,,,,,,,,,,0,4,0,200,204,,,,,,,,
IDH2,ZNF521,730.199612209794,323.604683234961,0.001,0.001,0.989460862724225,0.992891509139528,0.982427387709032,4.62010292198202e-08,0.0203813196556261,2.26683207959337e-06,722.496365541951,323.217390462141,1,6,0,268,275,41.6641664926689,3215.1221631368,128.618254374078,655.75353516521,,139485.814040777,,153820.98123514
IDH2,ZNF536,,,,,,,,,,,,,0,8,0,196,204,,,,,,,,
KMT2C,KRAS,654.599051962029,12973.4727481118,0.001,57231.9343874774,0.861896786413266,0.673469847125874,0.556610994196418,2.35825959536846,1.23471370014361,1.90996471092381,612.180797459099,13582.1850249188,8,33,2,232,275,327.949906638462,1148.41117375062,9032.43155248716,17924.650592766,,3481.75758009445,9159.70611225058,198449.477183846
KMT2C,LAMA1,621.453737636729,191.330192594809,0.001,5519.61745995158,0.981973579106272,0.692716772098696,0.010149475926277,3.35119548282702,0.430261117736775,7.78874814543947,612.180797459982,260.121911256796,7,8,3,257,275,311.376236456588,1090.10156284835,87.4306810148773,356.178081442004,,17364.9561297697,1297.10832310765,16646.2469129362
KMT2C,LAMA2,619.839180274964,369.203998594788,0.001,9064.90360995159,0.969694970288866,0.618026378023457,0.0566526676565596,2.40160721397672,0.313570559575266,7.65890527870255,612.180797457454,486.172800929355,8,6,2,259,275,310.566953145898,1087.26378807928,146.736776721706,748.199878198704,,18348.5384173569,1453.65579682834,31193.1201418632
KMT2C,LRP1B,629.311426567043,239.44457986945,0.001,3315.47120190851,0.991052303776458,0.955483606413319,0.0580376049557537,3.0596085340618,0.676073705096069,4.52555470061808,612.180797460565,283.626997191675,7,15,3,250,275,315.306544105964,1103.9123401347,137.769254352409,381.943706355113,,10124.0517117619,776.764642426282,10114.1810615911
KMT2C,LRP2,619.331421444824,234.36450460418,0.001,7789.78178166421,0.989082969276811,0.945963360399245,0.00791854245316297,3.11366779910104,0.358283124462947,8.69052318265983,612.180797455444,346.846149665865,7,6,3,259,275,310.313442528654,1086.36773346664,93.1464475522128,474.942736763344,,22627.2371292019,1833.29504482954,23421.9449655881
KMT2C,LRRIQ1,614.933573729619,376.354487242894,0.001,20953.0686208204,0.996249137558925,0.780149470083545,0.0162393905208696,2.56690079344311,0.191439108405839,13.4084451960643,612.180797458713,620.511997495786,8,3,2,262,275,308.113710289053,1078.62492585617,93.5942033962028,975.946143562623,,52692.0176368237,3350.09398083389,72790.8378891578
KMT2C,MACF1,398.455219596944,489.472966617027,0.001,15627.2998128426,0.97547980383798,0.545316634856458,0.182474025322602,1.36961514970535,0.140678896260623,9.73575416150544,392.894804561503,607.762164332315,4,4,1,195,204,142.877245301348,856.468301881633,151.950154711898,1137.16288732709,,17817.9179628967,838.674529799977,91818.3937674698
KMT2C,MED12,618.671559449699,502.791890424441,0.001,18783.0612152852,0.990190055985643,0.852604293671677,0.00581390539771448,3.3504053075212,0.356857203576876,9.38864418019081,612.180797460424,745.308293664944,7,6,3,259,275,309.980606922809,1085.19217716058,199.829702643941,1018.9139198367,,24481.617151961,4403.02595825091,57040.5186032648
KMT2C,NF1,624.80937791281,800.662691927571,0.001,11953.5521003386,0.949437474304989,0.604310485794962,0.121727494578775,2.29069072366646,0.434833997178465,5.26796602503533,612.180797457052,965.004013573612,8,9,2,256,275,313.052610211849,1096.0058478285,384.701951433958,1443.50521946297,,10930.0004468375,1915.32067203802,41265.1561406893
KMT2C,NRAS,614.969773977368,1772.7193742162,0.001,0.001,0.955935988509773,0.969415196882745,0.926700268797864,8.09807699920888e-08,0.0718961420390249,1.12635765557675e-06,612.180797457113,1745.36273097283,10,2,0,263,275,308.131407448251,1078.69749871076,294.766271233029,5474.04893861312,,32155.6731987182,,113877.678987906
KMT2C,PBRM1,617.067653280197,422.494531049241,0.001,14382.4674978108,0.983284942182948,0.757089754610342,0.0358843697273847,2.30519041775044,0.242378311202845,9.51071243260391,612.180797459449,625.128243831843,8,4,2,261,275,309.180983340615,1082.3872204579,131.160852993886,981.522760766831,,29322.0663075741,2302.63870741871,49772.6185881101
KMT2C,PEG3,615.21990135984,117.047967180704,18.4786217153701,9452.92162234866,0.99954218042665,0.655660238995735,0.00106876109245332,3.36149141326805,0.234006296337268,14.3649613958387,612.180797455663,231.468038013056,7,3,3,262,275,308.208295926373,1079.17148392621,29.1084079303683,303.528165331456,,52993.6066655968,2209.08931003032,28941.6839086064
KMT2C,PIK3CA,499.344799440855,1118.03549963689,6090.96643627977,0.001,0.953175887369283,0.983360584912919,0.178712179727574,1.97496256486909,0.442435519320976,4.46384270390439,612.18079745758,1098.47924322749,8,9,2,256,275,228.17695959725,929.603220616514,580.502253697994,1915.06585142148,980.548766258681,20697.4479019317,,22960.8154893245
KMT2C,PLEC,618.632463756334,180.112161924761,0.001,2141.23931339364,0.983818927163334,0.883315992908601,0.414951631993628,1.11814341822267,0.237943030070174,4.69920643564515,612.180797457327,212.660415979196,9,5,1,260,275,309.962928664831,1085.14277015605,64.5860476395579,387.136330700965,,20338.3738604628,119.876532738346,10192.8204358721
KMT2C,POLE,615.877443117837,156.024796636559,0.001,8845.54883186648,0.974227310759744,0.636731673257141,0.0188787830660307,1.9903226500996,0.159549212331063,12.4746629646137,612.180797459449,306.908387719626,8,2,2,263,275,308.583961343695,1080.30175684459,25.943293480677,481.80011525847,,41094.2796498425,1414.77123693829,30720.9419680626
KMT2C,PREX2,619.639785791871,361.7850218499,0.001,7375.68483000229,0.992037394143683,0.873375331935548,0.0777816936407192,2.33550646188189,0.347010303572102,6.73036632584202,612.180797457454,459.216574031411,8,7,2,258,275,310.46848070929,1086.90540896967,155.447677779758,699.71701169635,,20161.537306401,1183.57798334818,25323.6312854815
KMT2C,PTPRT,616.948809016416,116.164977822979,0.001,3620.91065778819,0.994385685607736,0.953881982939415,0.0425555256617704,2.08396643377374,0.235392842009527,8.85314275482255,612.18079745758,171.695159064987,8,4,2,261,275,309.121396940994,1082.17768353584,36.0621614094851,269.877460905081,,33076.9409115048,580.275360537407,12489.6534638174
KMT2C,RASA1,616.802038020644,288.036473763727,0.001,11651.6604221976,0.980994138984723,0.606108018395719,0.0259883134195445,2.57597986842321,0.238589750559122,10.7966912341647,612.180797458713,427.203443258768,8,4,2,261,275,309.048410366219,1081.91751181493,89.4183809493279,669.165429468899,,30203.2036594618,1864.35400845952,40399.6145293081
KMT2C,ROBO2,618.455076081671,218.845133043418,0.001,6909.49279173072,0.973641381075228,0.572714317644808,0.038140684045582,2.44007410425069,0.270692644732681,9.01418694497721,612.1807974554,302.892005579355,8,5,2,260,275,309.872797355339,1084.82046064254,78.4744892019509,470.391772858239,,22453.4892180965,1103.33155122273,24113.6703395811
KMT2C,ROS1,617.015341224697,348.713615205807,0.001,11373.7309891395,0.989800014857632,0.848015624893562,0.0387783217455267,2.15571904852381,0.229306405343815,9.40104156833994,612.180797458713,515.737306272186,8,4,2,261,275,309.154768334202,1082.29431161265,108.255215428313,810.128581903531,,31354.441345682,1826.97329361309,38927.7406204013
KMT2C,RYR1,400.500385581471,242.874191638654,0.001,4971.20905372757,0.966990155601724,0.604263815155873,0.25728193674967,1.32251648035556,0.18913347247708,6.99250356393591,392.894804561503,281.271546449527,4,6,1,193,204,143.612178255619,860.889909062991,96.5195776583284,492.264053312658,,12648.9803328122,271.964513051722,26613.5994133196
KMT2C,SACS,629.895878820499,517.565837824345,0.001,10517.6314145976,0.976794924134756,0.829607088139415,0.00733882525993556,4.21764205377622,0.74375165264597,5.67076663126938,612.180797459888,648.286431570542,6,15,4,250,275,315.597983908931,1104.94728307456,297.804877748114,825.532068779209,,10186.586302865,3022.39118756358,29828.0262283379
KMT2C,SF3B1,496.169327114615,1567.805707006,8869.61351961077,0.001,0.748314027321708,0.966795262457518,0.0948131237185235,2.25339947582663,0.37064632180271,6.07964882766619,612.180797457454,1540.11705998674,8,7,2,258,275,226.72578304584,923.65862133935,753.298037739867,2826.52093055807,1411.11671185012,31303.7806654997,,37458.8673255933
KMT2C,SMAD4,579.913397349152,2856.13629628855,1224.33907640826,0.001,0.911186923152458,0.896513291959245,0.896439675473617,0.996092120657886,0.975714849655153,1.02088445308579,612.180797459183,2788.32035232943,9,24,1,241,275,278.624085571437,1045.63930564322,1877.31804525688,4128.00387622762,69.40208896507,5527.27445848036,,15774.3701419278
KMT2C,SPHKAP,616.766050898124,368.799674655485,0.001,19259.4449205695,0.995635658803657,0.909402700690215,0.00288536256217573,3.10616921951937,0.266094820548706,11.6731667798503,612.18079745862,637.289028010787,7,4,3,261,275,309.030780747196,1081.85284875541,114.491255075264,856.787882183568,,36312.6718443457,4535.74892158986,57757.3960698866
KMT2C,SPTA1,496.132733967713,361.111603201825,8882.87167071154,0.001,0.883533403039648,0.989479664807046,0.0956823442686473,2.1346091063305,0.347902383402752,6.13565531070063,612.180797458588,355.577286107295,8,7,2,258,275,226.712641339464,923.601028837639,173.509071004789,651.031182514992,1418.8818823133,31032.1189586272,,10140.3823525335
KMT2C,SYNE1,444.81945387071,404.766935578137,4845.84880747229,0.000999999999976353,0.862485334327035,0.960319551069715,0.111262125285717,3.37577443155608,0.916890114092991,3.68176554602235,612.180797457631,399.015338934574,7,20,3,245,275,191.114894738239,860.377768354575,261.023684073716,593.59170541444,1181.4247511418,13158.9199854868,,5337.60935095217
KMT2C,SYNE2,397.149957439636,765.255262873667,0.001,0.001,0.948004188275686,0.945435810255758,0.896283335529189,2.17276309453021e-07,0.109807184383371,1.97870759252365e-06,392.894804561503,754.53131419982,5,4,0,195,204,142.411355168067,853.662156061486,237.564943983876,1777.87981996705,,15661.9444665035,,27903.7706966554
KMT2C,TENM1,617.293825189152,207.670692809162,0.001,10306.1800116749,0.994039877644651,0.762189215951154,0.00292791100816264,3.45217665242423,0.309743400364909,11.1452791192878,612.180797456587,328.839835107912,7,5,3,260,275,309.294903732779,1082.78131945103,74.4681418680315,446.371667310669,,32010.2685033234,2413.27139714511,31403.8141434123
KMT2C,TP53,691.589421167967,1353.43987673857,0.001,12447.5776171104,0.946559353427016,0.659054620172308,0.0287184893767618,6.11552839643923,2.31519964738043,2.64146912917801,612.180797460866,1485.32595523475,4,56,6,209,275,346.444187177587,1213.51615016846,1028.54066201125,1740.86423134192,,3056.90691749367,4301.07626191024,36743.0590076816
KMT2C,TTN,399.208857796521,659.144200574325,0.001,0.001,0.923877464409007,0.950782276979539,0.878415821687151,2.94437956054961e-07,0.140976653240138,2.0885582774718e-06,392.89480456099,652.433493249715,5,5,0,194,204,143.147668721351,858.107579094683,236.354169289599,1416.85163484371,,10352.0228101162,,26968.7765097425
KMT2C,XIRP2,620.316869797173,288.865710804117,0.001,9322.33393219881,0.981092915608519,0.804691269391264,0.00850590946870181,2.95705137260676,0.338025297982175,8.74801794498438,612.180797459123,427.40290160828,7,6,3,259,275,310.801101111985,1088.09348625808,114.80776810405,585.387289909318,,20118.1101049742,2194.26650033859,28001.5492835106
KMT2C,ZFHX3,398.270234909682,267.948227363681,0.001,0.001,0.934736265310183,0.959591720297869,0.896971819124277,3.52046670991629e-07,0.109082857357979,3.2273326856145e-06,392.894804561503,265.168960251863,5,4,0,195,204,142.811660996002,856.084114672165,83.1805738758379,622.52017575866,,12353.424337841,,13413.3380647949
KMT2C,ZNF521,616.040477297085,218.153632795825,0.001,8078.26774931193,0.998030325115167,0.917087649485269,0.0310428509581996,2.39920177982535,0.234630956529132,10.2254272638038,612.18079745658,323.217390461926,8,4,2,261,275,308.668459222112,1080.57480751922,67.7247014668702,506.802441680465,,38273.1344805229,1295.19246510165,27818.2816270652
KMT2C,ZNF536,402.218799854365,315.981758686668,0.001,0.001,0.88999517970308,0.931095576401304,0.828684759092133,6.21926366308444e-07,0.210127955374019,2.95975071570768e-06,392.894804560955,313.132526082908,5,8,0,191,204,144.225336699937,864.590537139635,144.388405823102,588.240503578958,,6830.21450606019,,9147.90182534912
KRAS,LAMA1,13838.2750066547,229.880296065688,1152.03396534352,663.680049000913,0.995859068094921,1,0.910711299479366,1.83486685070389,1.38274407217698,1.32697502569299,13582.1850221709,260.121911257237,33,9,2,231,275,9734.37135572281,18959.5535850374,110.4444047678,414.487223113294,,83004.9497395522,93.4168121612369,2141.40142977802
KRAS,LAMA2,12132.8387536118,520.703815048235,146215.463827435,0.001,0.77158202690798,0.978213953390125,0.0381810622321001,3.83342864458099,1.02482671918248,3.7405627437573,13582.1850235018,486.172800925798,31,4,4,236,275,8345.00885029907,16925.6605479789,237.912825840287,969.521655462174,40617.6385174924,467555.879318591,,4586.69886913889
KRAS,LRP1B,14039.2949510937,271.694342127763,1308.74887313349,449.305372110871,0.931781447675117,0.960049123015146,0.907747570708836,1.97316395900207,2.28867159721114,0.862143769952171,13582.1850226445,283.626997192049,33,16,2,224,275,9870.096847138,19245.7541082287,159.331238581015,427.563134089763,,45871.6113885599,53.0121331287012,1477.14742602484
KRAS,LRP2,12752.1499193157,351.355246995205,73686.9469356952,284.727550178422,0.862596382542255,0.999691705824668,0.25880497961067,2.9427922121193,1.13059319538915,2.60287451235401,13582.1850228408,346.846149664926,32,6,3,234,275,8828.86683062162,17694.7103348643,159.805563775813,648.696986464938,9745.00315055759,246372.95338894,,3077.46285065146
KRAS,LRRIQ1,13662.3595076784,403.153476244149,1293.99763529698,3466.64407654951,1,1,0.362507664837747,1.82484613595142,0.648804733180237,2.81262765610016,13582.1850239809,620.511997496267,33,3,2,237,275,9615.17155858274,18711.5461149632,100.265950476357,1045.62963501929,,266004.832425234,539.433004288619,11052.1547769487
KRAS,MACF1,13707.3809820374,663.601902805987,96974.1273888675,0.001,0.789284425972502,0.954968328495854,0.375906792725534,1.88188763728015,0.704496243385571,2.67125290581598,14625.3454509175,607.762164336653,26,3,2,173,204,9086.9476991121,19683.5795518713,237.904819939955,1426.9514069387,14637.3755211326,434846.279090915,,5691.20654488002
KRAS,MED12,13271.7268059425,744.825729833091,31321.2056965532,755.203453067207,0.986240368557342,0.999998524026362,0.803772648135332,1.81246329990225,1.1563964376113,1.56733732563735,13582.1850229724,745.308293669948,33,7,2,233,275,9249.59242987652,18317.5066033272,335.4313036551,1385.57785811249,,139931.768315119,,5564.82946328227
KRAS,NF1,13911.5398384702,1044.86284713669,0.001,0.001,0.447721051153488,0.421751614310047,0.189034568932252,8.32099418241958e-07,1.41411898148321,5.88422494243874e-07,13582.1850223858,965.004013579991,35,11,0,229,275,9792.88345547801,19052.7640734045,542.422185217483,1790.14189442669,,33501.4471958049,,2245.55989014903
KRAS,NRAS,13621.5259277481,1871.14511525285,0.001,0.001,0.907907710043854,0.870232798584811,0.790103743983572,9.14164015919415e-08,0.272170991907665,3.35878562778487e-07,13582.1850229392,1745.36273094764,35,2,0,238,275,9589.68647711195,18653.2263025663,311.119478123602,5778.40192294558,,328439.785542396,,25186.3589065313
KRAS,PBRM1,13315.1475254617,675.362223822106,41244.5624137925,0.001,0.84272210901025,0.899385720798249,0.834464472694527,1.10622284795634,0.758835408512679,1.4577902342809,13582.1850218298,625.128243841321,34,5,1,235,275,9323.14831419218,18313.4524860247,268.390731326433,1368.86320355091,2278.24810024525,210324.569246632,,4461.82063831481
KRAS,PEG3,13706.4024128082,165.326944580076,0.001,1139.34867819709,0.994373054987304,1,0.458460937071423,1.84682946834055,0.755584551964794,2.44423931582259,13582.1850235219,231.468038012195,33,4,2,236,275,9644.42768416483,18760.8767629422,51.3335832655389,384.2294885996,,191887.505913048,187.510715360943,3610.41149853334
KRAS,PIK3CA,13431.8585870782,1177.11915841632,21818.9348366316,0.001,0.945033704955338,0.888843693172571,0.867916408094926,1.10181717024454,1.34132300997868,0.821440594135523,13582.1850231823,1098.47924323343,34,10,1,230,275,9404.28016135819,18474.0175674687,611.126637589732,2016.63142038588,1225.84271153312,102293.974903333,,4890.01424711472
KRAS,PLEC,13765.2572543713,230.336564766732,0.001,0.001,0.637913595123622,0.621533396276364,0.396620904768659,1.89857706167239e-06,0.762228257477699,2.49082481926739e-06,13582.1850217035,212.66041597897,35,6,0,234,275,9690.38080904163,18851.2516182254,91.5357026802231,466.865661421347,,61230.529321323,,900.308304275206
KRAS,POLE,13609.5662123798,82.3474544651663,754.032830773273,3478.19744975918,1,0.931119871624656,0.0185807717720372,2.74973090643901,0.497862547363184,5.52307242431137,13582.1850221782,306.908387720008,32,1,3,239,275,9581.77692330266,18638.9417451264,4.69575176528574,362.395152140369,,1468754.88839674,850.231814770953,9287.34771273444
KRAS,PREX2,13849.7529292837,438.759809624969,0.001,730.367846261201,0.943438073278279,0.967698934069765,0.918961008456285,0.938997578084578,1.14548416353597,0.819738594365203,13582.1850237989,459.21657403323,34,8,1,232,275,9749.61615489279,18967.7882673984,200.475498700439,816.913366455638,,69718.4377209769,41.4778877688441,3273.17692705467
KRAS,PTPRT,13685.5199996605,122.589817235721,940.545087862659,890.526763892454,1,0.963341568348406,0.420406034835778,1.92364155594705,0.740565963965309,2.59752898397739,13582.1850220801,171.695159064495,33,4,2,236,275,9632.4209003511,18744.2660000743,38.0577887844481,284.836791424085,,202483.575567181,139.699471512093,2834.63447356886
KRAS,RASA1,13758.825878291,384.314991789948,0.001,963.982323578293,0.963855397196929,0.95667154130763,0.953243967685402,0.892211143196602,0.77375575071712,1.15309145343307,13582.1850235645,427.203443260303,34,5,1,235,275,9685.81541490182,18842.5408952902,137.796870562841,826.202456882275,,108483.450749814,54.7220892632018,4326.85647320133
KRAS,ROBO2,13737.879107316,280.668891265189,1082.30216150292,597.887856209024,1,1,1,0.930798651449651,0.89166711249999,1.04388581613148,13582.1850219919,302.892005578977,34,6,1,234,275,9666.8769307584,18818.1839417551,111.547163983024,568.844514624102,,115906.929418086,13.1607059887984,2763.95481383362
KRAS,ROS1,13196.8146127199,485.093107009183,55706.2718652584,948.177197899865,0.956072395650403,0.995581111826176,0.431473592775664,1.95714316683985,0.77049952759831,2.54009651756748,13582.1850224589,515.737306274194,33,4,2,236,275,9199.7373631377,18207.3476048602,165.116258951372,1046.36852691431,,278843.37224849,,6358.72304976915
KRAS,RYR1,14882.4953165448,216.577031914743,0.001,1072.7798823766,0.963636437572351,0.866253686357567,0.615423156228736,1.82742733170521,0.96162818869401,1.90034709172476,14625.3454515961,281.271546449085,26,5,2,171,204,10023.3812373107,21109.5553331019,77.6462339196039,465.682939026288,,125065.969814781,176.274108928618,3418.40229702878
KRAS,SACS,13299.5351386779,698.218211623303,20768.6274968187,0.001,0.966248519806399,0.940141725037912,0.871650690372138,1.90178353040319,2.40106770613781,0.792057435757306,13582.1850236348,648.28643156584,33,17,2,223,275,9258.39375117491,18377.8048052068,429.30314610466,1061.34849856596,3398.37057542036,67010.3430011919,,1959.95479979791
KRAS,SF3B1,12562.6202989696,1652.10365621874,86626.7603904053,0.001,0.760298170943257,0.968330273612368,0.241326703475107,2.90712420049551,1.09427954332043,2.65665589587307,13582.1850232522,1540.11705995264,32,6,3,234,275,8694.72681276662,17439.0535365405,793.703518974606,2979.02065869585,20212.8366719508,266765.344134996,,11747.9671420545
KRAS,SMAD4,13792.2545686958,2990.80919751443,9073.53759622955,0.001,0.908612732109952,0.738765945930448,0.330646156081341,1.09932129339413,3.05251004901608,0.360136830261533,13582.1850232422,2788.32035228927,34,24,1,216,275,9656.1770371887,18973.1277982658,1965.60041196472,4323.48311752644,514.225638755978,40915.1859777575,,5493.53045277645
KRAS,SPHKAP,13324.740136851,682.475267631354,38454.4606191856,0.001,0.860744608717232,0.905196308013706,0.856791082890426,1.20105584175194,0.881454964162328,1.36258333163208,13582.1850214509,637.28902800617,34,6,1,234,275,9329.80242478686,18326.4692092055,293.210934269913,1320.14096083768,2136.56713548923,189996.276067656,,4397.27832884015
KRAS,SPTA1,12980.7279958905,379.701280293739,54260.9489179387,0.001,0.899993269919262,0.962187610872377,0.659914080671622,2.04115459252716,1.11902226551669,1.8240518132896,13582.1850218046,355.577286106736,33,7,2,233,275,9037.47749116012,17934.9963767364,182.423193004614,684.6398633269,8644.90054173641,191160.218362535,,2503.45897207546
KRAS,SYNE1,12113.85666803,429.288786209037,46583.5856889606,0.001,0.701775742979351,0.863167555263445,0.439146282831689,4.72223153579562,2.887856413274,1.6352030225914,13582.1850228747,399.01533893336,30,18,5,222,275,8276.44299372673,16989.6594839459,276.771406369989,629.745313008148,16213.9883638427,106313.250056182,,1289.36552189324
KRAS,SYNE2,14480.6887432521,715.365227935994,30615.1526421368,1244.01517345279,0.991365070384176,0.996197593426889,0.850663403284903,0.935066027185879,0.53503621777004,1.74766865518583,14625.3454501476,754.531314201846,27,3,1,173,204,9693.57900399102,20628.4423014645,185.828582765802,1778.60476515747,,303365.871178567,,9987.12211365646
KRAS,TENM1,13773.8677381605,263.530917267967,0.001,1240.34029728836,0.959487135174214,0.847261112059364,0.62716256617975,1.89917914366218,1.00759223847793,1.88486877045727,13582.1850224244,328.839835107678,33,6,2,234,275,9702.38658210247,18874.7985540906,104.728449570047,534.10270597361,,110050.446496842,204.203411260341,3924.00185421318
KRAS,TP53,9898.95301534957,1570.31952445058,45178.7316618934,0.001,0.385775340095367,0.697827619900873,0.104049048530279,12.5742007732115,7.78852161993422,1.61445283030718,13582.1850229906,1485.32595522702,23,50,12,190,275,6381.13712361417,14524.1096954391,1210.00548715909,1996.56948570755,23766.4097363147,77896.2954252266,,2795.9092234231
KRAS,TTN,14810.2191344205,714.299899847904,0.000999999999976353,0.001,0.715707004922073,0.638069104075757,0.456830036200656,5.75654827255734e-07,0.685736879799559,8.39468962824339e-07,14625.3454511969,652.43349324879,28,5,0,171,204,9975.05368081651,21006.0836000806,256.082041693687,1535.94468095563,,89427.0633467873,,2947.55746008974
KRAS,XIRP2,13102.2955929157,439.409486795852,46438.0325236643,248.34076765716,0.944496275311097,0.998031038221879,0.676305047127878,2.06694194757153,1.13138942207227,1.82690584448428,13582.1850236496,427.402901607707,33,7,2,233,275,9124.31511280478,18097.5110055303,203.726100496266,804.914351763852,1454.4745928019,178930.799367864,,3409.6131714416
KRAS,ZFHX3,14808.6614266872,215.418913357619,0.001,846.746665604413,0.935391006946014,0.854309754220612,0.81807853757063,0.881925807634437,0.54204224107706,1.62704258229398,14625.3454523232,265.168960252196,27,3,1,173,204,9973.52797791205,21003.9863574292,53.5687874076945,558.784052626788,,156928.892491137,48.0126124076114,3815.14095799232
KRAS,ZNF521,12908.420004859,346.87452015477,88281.621711136,0.001,0.801108018967901,0.950459525739489,0.375511997613262,2.0206619734922,0.757111833646188,2.66890818990487,13582.1850221405,323.217390461418,33,4,2,236,275,8986.8258686758,17833.4515932138,137.852801394349,703.028376022462,13735.102348007,344049.105509925,,3104.17358493105
KRAS,ZNF536,14317.8471561472,338.190475952443,34953.2587852289,0.001,0.833436255036001,0.833027207950469,0.820747330278437,1.26829383059647,1.07973434505705,1.17463507241632,14625.3454505416,313.132526083074,27,7,1,169,204,9569.25073036054,20430.3196699233,154.509409714522,629.768816301077,1951.63643397703,168627.661261656,,1636.12722522398
LAMA1,LAMA2,263.363902823981,309.009112169665,0.001,10021.0254482138,0.97221698679172,0.734928566279444,0.0091379166686012,3.11899838573233,0.384317401276781,8.1156834828982,260.121911256342,486.172800925577,8,5,3,259,275,136.743379085818,451.10839078319,110.805319015321,664.208380564268,,8473.04488490696,2362.13106759117,29908.1382854399
LAMA1,LRP1B,268.20293000801,206.969411576237,0.001,6006.9885185811,0.964136007751275,0.347040013020036,0.000646334975585619,5.47298883688298,0.850664025973014,6.4337842788436,260.121911256498,283.626997191209,6,13,5,251,275,139.250789775127,459.418674576773,113.842114937451,340.781130076616,,3937.86251031098,1942.39940470854,16505.7194383552
LAMA1,LRP2,262.792508389422,156.068300381398,0.001,13169.7874171672,0.966810343152511,0.593617943941944,1.7864950105513e-05,5.07453429533118,0.417543600626217,12.1533039608811,260.121911256694,346.846149665953,6,4,5,260,275,136.447491752076,450.121735418635,48.4498870142843,362.581050127411,,10401.2878956545,4257.22871255079,36396.2879437405
LAMA1,LRRIQ1,213.724649932224,631.927359276344,9116.6169693465,0.001,0.560521966655629,0.982079708775085,0.0217867673897852,2.44815316062775,0.238936226441116,10.2460526689161,260.121911257118,620.511997497461,9,3,2,261,275,102.694119046687,385.310932653843,226.623162925678,1358.37476216991,1370.22507244562,41361.2632929813,,26139.9921859739
LAMA1,MACF1,160.857781401096,621.569332670512,0.001,0.001,0.905916999369637,0.894840527990823,0.810673451474462,5.8847965213652e-07,0.142316767123414,4.13499873578635e-06,157.677425739852,607.762164336283,5,5,0,194,204,57.6786395524011,345.78282241254,222.872182274419,1336.18643107334,,3416.91468889297,,11508.1984177553
LAMA1,MED12,118.972377881092,752.831184557856,16626.9560563294,0.001,1,0.973794126688666,4.52831540121831e-07,5.84055797866344,0.417529301246971,13.988378686766,260.121911257025,745.308293665048,5,3,6,261,275,42.6622687855821,255.718915357947,361.726695428177,1357.23511364398,5059.79519402458,64812.2362400165,,31066.8416175712
LAMA1,NF1,266.00890297751,803.804877371357,0.001,9294.22857603548,0.960522356006559,0.69146269870767,0.185308206253745,2.07932923548029,0.486472436905568,4.27430020230297,260.121911257298,965.004013572119,9,9,2,255,275,138.112794475061,455.653558358252,386.20914782597,1449.19324343698,,4227.14208844416,1492.77353007225,31781.5147697661
LAMA1,NRAS,261.342796325718,1778.33683329893,0.001,0.001,0.950281740460244,0.963319400555978,0.915426677363594,1.71828407614948e-07,0.0757909950788153,2.26713486788587e-06,260.121911257288,1745.36273099967,11,2,0,262,275,135.696917448056,447.628080342068,295.697989619497,5491.34670007349,,12243.6999150107,,93307.3611581943
LAMA1,PBRM1,214.306766245228,637.256390099097,5955.76704190704,0.001,0.738191542169536,0.980331596880364,0.046598788440556,2.19398888705572,0.272210725279816,8.05989141243583,260.121911256786,625.128243838918,9,4,2,260,275,102.970318392107,386.354133147742,253.284121938627,1291.4577863169,909.539798811871,24748.0616390055,,21475.6165298071
LAMA1,PEG3,190.116114429221,235.248285294938,11209.5250402902,0.001,0.661506793980468,0.991606932286679,0.0018112824022569,3.38485088541535,0.30314347767502,11.1658377457952,260.121911256621,231.468038011513,8,3,3,261,275,86.876442497485,353.912985997995,93.4986921382186,476.724875790858,2440.84520464323,45655.2375717506,,10933.1810903272
LAMA1,PIK3CA,264.672290362365,913.342479892462,0.001,11841.5801444682,0.982063404405405,0.850309112850946,0.157952294153515,2.25486964024856,0.479416967248609,4.7033580250389,260.12191125671,1098.47924322737,9,9,2,255,275,137.423184530069,453.346063259464,438.845079786323,1646.65485038211,,5401.79483550161,1905.91471932375,40244.8850051606
LAMA1,PLEC,214.471396956463,216.803093222172,5405.9116094996,0.001,0.871959318630658,0.98495322101828,0.0625025976469805,2.09797303080533,0.277708057049316,7.55459907464178,260.121911257065,212.660415979192,9,4,2,260,275,103.048471772589,386.658711317561,86.164331217324,439.348262371051,782.211900177073,25084.9049621032,,6962.89879831351
LAMA1,POLE,262.240168543124,156.207996141725,0.001,8303.29914504472,0.953007746457363,0.396792027356073,0.0205589604119425,1.99068146465829,0.166495230158972,11.9563873557072,260.121911256898,306.908387719291,9,2,2,262,275,136.160058215967,449.17840407438,25.9737097329337,482.365000981386,,11829.075030533,1334.40741162311,28357.4214413301
LAMA1,PREX2,230.241264977258,435.508910040304,2366.10046127483,1806.75071112235,0.993228863320927,1,0.12397977376409,2.25351792101101,0.419165016336621,5.37620706209239,260.12191125671,459.21657403027,9,7,2,257,275,111.286216037629,412.215558940903,196.790005627845,808.501926832124,,10833.7583114107,,14496.7116285998
LAMA1,PTPRT,262.690809388302,87.2228558402078,0.001,4927.47150706174,0.954890118380612,0.415863844107962,0.00278361373823982,3.23493074848265,0.291786088850974,11.0866517359395,260.121911256508,171.695159064392,8,3,3,261,275,136.394001299877,449.954838426337,21.6904026235659,226.189718373356,,10118.700615971,1159.6796754521,14766.8959246374
LAMA1,RASA1,262.61278140353,217.21124035379,0.001,11814.7473270413,0.954973087190736,0.491750551992357,0.00311297624511304,3.13869784797632,0.29286264411333,10.7173035245893,260.121911256522,427.20344325745,8,3,3,261,275,136.353527703219,449.817352011325,54.0161414449427,563.287400432867,,9841.07690517235,2779.47808823895,35464.7014120204
LAMA1,ROBO2,262.155257179078,131.584694444948,0.001,11053.5368753287,0.972866863395931,0.613543084791274,0.000155981539518496,4.28338383907323,0.352740322205081,12.1431647289331,260.121911256866,302.892005579136,7,3,4,261,275,136.11547233792,449.023377923238,32.7224864107584,341.236209142217,,14559.8466485235,3148.07918041821,31671.8264900634
LAMA1,ROS1,263.12346929975,350.122705635141,0.001,9018.62815477521,0.961574218422213,0.608266885201279,0.0574069196638272,2.09450124995741,0.272594565174464,7.68357670160041,260.121911256231,515.737306275585,9,4,2,260,275,136.619233251555,450.700462791827,108.693294273404,813.422343425315,,8325.44600298206,1452.43449508482,30595.0045480411
LAMA1,RYR1,162.25707549892,243.955790720132,0.001,3012.74059796997,0.967614530844297,0.706496014787917,0.396319803604385,1.00979100430502,0.217817467543982,4.6359505309239,157.677425739426,281.271546449424,4,6,1,193,204,58.1790610739406,348.80177273957,96.9493787790483,494.464682068276,,3781.24897106793,163.908311744715,16512.6409433512
LAMA1,SACS,268.440687801819,483.338633461071,0.001,12076.4324407625,0.957892234631746,0.539140448539883,0.00115645322857636,5.23374759268467,0.86491047894051,6.05120150595916,260.121911257242,648.286431571685,6,14,5,250,275,139.374755796703,459.823894674728,272.266620027914,782.640721608504,,3717.11870070576,3932.22196322211,32776.188568022
LAMA1,SF3B1,219.398373990633,1542.87274775049,2847.3520837413,1354.48224399422,1,1,0.14618669287621,1.91017338145117,0.382667895703994,4.99172625374549,260.121911256898,1540.11705996763,9,7,2,257,275,105.451236479963,395.392119497017,728.993645411632,2801.54090773872,287.510989639092,10984.7757536392,,42773.7857811127
LAMA1,SMAD4,272.339044738173,2610.92614765333,0.001,12240.7167639942,0.967366814852916,0.913295005663207,0.5925779127883,2.09917398050229,1.03553136200177,2.02714669736744,260.121911256959,2788.32035233489,9,23,2,241,275,141.395623013426,466.5189492559,1683.7115140887,3829.10981092691,,2116.95701700899,1973.83958155192,41361.5601140425
LAMA1,SPHKAP,262.918817360552,463.341854823596,0.001,9725.46198455694,0.990009918535186,0.896264650081939,0.0795789801978999,2.14223365103281,0.321279793754108,6.66781320418915,260.121911256231,637.289028011463,9,5,2,259,275,136.513423439782,450.337701593062,166.148835769779,995.914446910925,,9355.64855752488,1564.370590197,33118.4865748628
LAMA1,SPTA1,234.786444592599,329.901376259836,1995.85565460218,1757.82677263438,1,0.999083771865801,0.130661064847124,2.20153368951049,0.419690463340844,5.24561285473518,260.121911256898,355.577286106378,9,7,2,257,275,113.988088088188,418.56293050306,147.070918453144,617.559042773309,,9950.39432262305,,11520.3487955215
LAMA1,SYNE1,146.570342138961,404.9055842476,3402.6428728763,0.001,0.453859799683535,0.908216023131122,0.00230875437361586,5.4188561036182,0.991867247843149,5.46328766818513,260.12191125697,399.015338934805,6,18,5,246,275,58.2511679812416,297.044736522001,261.109948338326,593.803076212984,1170.42472651121,7953.96019473406,,5145.57151574008
LAMA1,SYNE2,127.464837936327,763.988135571909,2916.45456008612,0.001,1,0.99564544797909,0.260047748845776,0.861053333451407,0.112804915590807,7.6331189021481,157.677425739766,754.531314207887,4,3,1,196,204,39.5684123730927,296.131762220738,237.172404926962,1774.94833657987,152.864722355216,19979.0033744371,,53700.4511517205
LAMA1,TENM1,263.146565486235,208.821179937291,0.001,7071.65388143569,0.978281289781882,0.766040981186046,0.00825979927901511,3.25324011641937,0.394878672786453,8.2385814697536,260.121911257141,328.839835107912,8,5,3,259,275,136.63046930029,450.732412962477,74.8797733381017,448.85454341296,,9287.58652222617,1661.16485293559,21287.5375374818
LAMA1,TP53,204.808747834708,1493.36763260902,676.485949165749,1004.92672053854,0.985542521072252,1,0.583844786878106,4.16021721378779,2.62152357132225,1.58694633124716,260.121911257509,1485.3259552163,7,58,4,206,275,88.4032572905035,393.692993849339,1147.62973775029,1902.32564040622,119.360741656293,1772.58930643802,,8684.18650272097
LAMA1,TTN,160.171124016008,663.980886480338,0.001,0.001,0.925281493965211,0.916948810726529,0.848452631442455,6.230119614593e-07,0.153435915530921,4.06040501862648e-06,157.677425739648,652.433493255097,5,5,0,194,204,57.4336281815685,344.293879148992,238.081855942529,1427.31904318697,,4375.4389138059,,15833.8130880066
LAMA1,XIRP2,264.266651623177,288.957621791849,0.001,9166.51598398839,0.946572239378791,0.424837126799747,0.0083847200421752,3.36341943108519,0.392303151690204,8.57352131022703,260.121911257465,427.402901608311,8,6,3,258,275,137.208747672697,452.667478691055,114.844504652496,585.57236353222,,6402.88692812449,2170.00754992552,27022.0437098647
LAMA1,ZFHX3,160.35055547213,201.589267873826,0.001,4705.56485297355,0.9619688728023,0.675826466817891,0.245149446775101,0.927598841773537,0.119350998393047,7.77202414946516,157.677425739652,265.168960252262,4,3,1,196,204,57.4965762477546,344.694525673288,50.1301576437244,522.7923067916,,6828.31775590123,256.670628975877,25817.8213826373
LAMA1,ZNF521,214.383524882765,329.046129344552,5632.13010839201,0.001,0.88714087591573,0.993952558352824,0.0505355693806476,2.19686725278299,0.287176477159668,7.64988579326274,260.121911257006,323.21739046141,9,4,2,260,275,103.016345018085,386.525762740298,130.785791275587,666.843724918186,873.997265075487,22147.2153645115,,12439.6739796617
LAMA1,ZNF536,161.167585291692,317.19340472432,0.001,0.001,0.897180666164316,0.903391483519446,0.810526301654106,1.2156221421266e-06,0.246718147678635,4.92716953967254e-06,157.677425739308,313.132526082908,5,8,0,191,204,57.7904671439356,346.432695336118,144.939129342892,590.510814025458,,2964.03062231672,,6504.14559980654
LAMA2,LRP1B,502.685918595292,238.848814712585,0.001,3905.06513851407,0.973355598714408,0.861361893658784,0.0439491593113107,2.96607048350863,0.593870109563901,4.99447679844792,486.172800927622,283.62699719104,5,15,3,252,275,229.694553978329,935.88140590699,137.426022555859,380.995450543091,,7935.76238932971,870.181594440415,13713.7467882053
LAMA2,LRP2,492.574640181647,233.857378870822,0.001,9126.92500572535,0.982840256588041,0.982911664116695,0.00585121684898874,2.87621604433142,0.299176752976327,9.61376850212358,486.172800929657,346.846149665156,5,6,3,261,275,225.083177628708,916.998185961869,92.9444543225038,473.917794817793,,19012.0000405835,2060.63151537057,31110.4095571088
LAMA2,LRRIQ1,366.26493373074,630.287807416089,22435.7908467735,0.001,0.415377281183264,0.971849383330531,0.011858812027415,2.39787107184664,0.17198711583093,13.9421552612339,486.172800929431,620.511997495815,6,3,2,264,275,145.574947101689,742.25900615193,226.014555075104,1354.74961587526,3378.62155367029,100952.249665956,,29485.4677712871
LAMA2,MACF1,244.479299690507,616.18852242139,4834.67423662661,0.001,0.895468523342595,0.983052454603199,0.292188311649763,0.781640982900152,0.116074475131388,6.73396095063442,320.705660292136,607.762164335407,3,4,1,196,204,60.7949296576248,634.043299286463,220.945754155937,1324.54279475869,261.478091559417,27891.1089617106,,32474.5138911507
LAMA2,MED12,370.435422574574,756.089787916039,7279.74740452627,0.001,0.901563401175116,0.981807401082489,0.0878082006901154,1.93412026433521,0.304546434695079,6.35082221951379,486.172800927753,745.308293672183,6,7,2,260,275,147.223844465972,750.716254927032,363.283609167251,1363.16057459326,1151.42358863856,26183.8125120206,,22850.329744858
LAMA2,NF1,372.863555583987,978.814558773407,5295.56025696581,0.001,1,0.991520213036771,0.151371428398285,1.74866041876237,0.357998599888873,4.88454541248255,486.172800926836,965.004013578887,6,9,2,258,275,148.19119388767,755.687101122121,508.190199078858,1676.52791411073,845.677209776173,18506.8333952041,,25964.1710272188
LAMA2,NRAS,488.261051513796,1772.02324652176,0.001,0.001,0.966556988162632,0.970189895018294,0.937744944953069,7.61743349646541e-08,0.0567913167394888,1.34130249724757e-06,486.17280092725,1745.36273097402,8,2,0,265,275,223.116985442398,908.943086643889,294.647126965295,5471.81657598704,,34271.5348501415,,116515.581361614
LAMA2,PBRM1,367.119641433708,634.708481291368,15659.3470162312,0.001,0.544072409447584,0.970526892533791,0.0226936286691505,2.25623827691476,0.200047193567969,11.2785300142098,486.172800930172,625.128243838918,6,4,2,263,275,145.90920263083,743.971917120067,252.260074239234,1286.22956315607,2398.62734928647,64399.3977759113,,25669.9497045775
LAMA2,PEG3,305.426889795955,234.624423470017,28233.468970008,0.001,0.413335125823579,0.975166054307241,0.000614176992646975,3.3178547554116,0.213353481506064,15.550975460962,486.172800925577,231.468038011974,5,3,3,264,275,109.522611496276,656.486141924247,93.2498396829747,475.468141944641,6186.81505261571,113106.459973651,,12935.5877284739
LAMA2,PIK3CA,370.742053426529,1112.29767652076,6940.62728288267,0.001,0.835137755425671,0.981449841312086,0.0922154036100084,2.13430628620909,0.346732748386293,6.15547938907483,486.172800927753,1098.47924323141,6,9,2,258,275,147.346910697428,751.328665971778,577.52771876737,1905.19433939309,1115.89539957208,23675.833862244,,31958.1012159356
LAMA2,PLEC,429.966926827288,216.054294318079,5465.30824065685,0.001,0.944939052469833,0.990128181642483,0.397295290839778,1.00405942516569,0.201048820924777,4.9941075035768,486.172800926724,212.660415979349,7,5,1,262,275,184.738184740074,831.623305428252,85.8688612473522,437.839511943564,297.174145177847,30024.5579050099,,7642.74462364866
LAMA2,POLE,490.039252593728,155.36100866392,0.001,11688.5601128456,0.963538061744216,0.402180879577853,0.011177467424053,1.94928369859617,0.123081740205847,15.8373101918783,486.172800927753,306.908387719625,6,2,2,265,275,223.925005563231,912.277219161195,25.832986950352,479.746050964531,,28576.2712188404,1848.84307165145,42358.1925187483
LAMA2,PREX2,369.462736165072,465.814684618907,8627.6618140353,0.001,0.695402935559868,0.971830081876742,0.0638065738925372,2.18197223607155,0.299329093125679,7.28954280149245,486.172800927753,459.21657403027,6,7,2,260,275,146.838769051566,748.733656065576,223.816807130359,839.798679010902,1366.23510093726,31000.9467458493,,14050.2965767122
LAMA2,PTPRT,491.481870939488,115.955219377066,0.001,4091.38945265739,0.974104760627084,0.698352611849419,0.0351858120908014,1.98709214044581,0.205918976713865,9.64987381035296,486.172800927753,171.695159064987,6,4,2,263,275,224.581782029123,914.961899505926,35.9968615285188,269.392460754638,,21542.579585627,638.544729761901,15411.3884872667
LAMA2,RASA1,491.076637430128,289.056685044142,0.001,9055.24817205391,0.985407292878648,0.964258416576205,0.0446622599135301,1.84190142757635,0.211053922882221,8.72716035041069,486.172800930023,427.203443260546,6,4,2,263,275,224.398136590748,914.200361706019,89.734329537015,671.563862341893,,23953.7528493525,1408.53308081487,34489.5960961899
LAMA2,ROBO2,398.358803645759,240.242734721385,10350.0928442787,6184.09386455195,0.818612477914052,0.814107944811696,0.00174062723655929,3.27282574611642,0.251617047156876,13.007170154397,486.172800926477,302.892005578317,5,4,3,263,275,151.418394742313,810.197773931773,80.7011501888848,518.474591249227,,51259.1630731207,,29651.230887415
LAMA2,ROS1,491.132237998505,348.433985712642,0.001,12015.3258328362,0.981371030884559,0.81025299099714,0.0363010080793233,1.92485456687496,0.197868094284262,9.72796839145608,486.172800927753,515.737306275984,6,4,2,263,275,224.424275389155,914.313010621671,108.167866547525,809.487225147664,,24183.9293991939,1891.43517852341,44133.1983380649
LAMA2,RYR1,330.89858969564,285.355929441747,0.001,0.001,0.883331540602981,0.90606452816114,0.800391708549003,5.94019370771942e-07,0.171469195177425,3.46429205640868e-06,320.705660292572,281.271546449635,4,7,0,193,204,102.715938574051,768.867024747989,122.589958887294,552.034877785743,,5314.61580413489,,6161.71380323531
LAMA2,SACS,378.230731825233,657.881187779134,3297.34096593922,0.001,0.866383645896265,0.964197624865786,0.300847776913042,2.01147813393457,0.625211025885326,3.21727872774833,486.172800927753,648.286431573099,6,17,2,250,275,150.317657557556,766.553012667052,404.579268985398,999.804319801631,538.185846609053,10716.2907344402,,9612.39012330387
LAMA2,SF3B1,369.893858567066,1560.62493894988,7959.6838409952,0.001,0.956498585678196,0.985530894246842,0.0759610777037393,1.9586381475119,0.285039277343483,6.87146755972046,486.172800930172,1540.11705998036,6,7,2,260,275,147.009203944576,749.615557105801,749.862529549404,2813.55499156884,1253.51270369253,28982.2582602402,,53508.7316844476
LAMA2,SMAD4,509.990273328354,2712.96407668076,0.001,8107.00276958022,0.97663184048799,0.958978887720571,0.917069411733274,1.05731241521732,0.749473151869629,1.41074088188451,486.172800927794,2788.32035227703,7,24,1,243,275,233.033108608232,949.515986194075,1766.89821981194,3948.71469803409,,4390.85318669552,452.380685210145,39196.5549590713
LAMA2,SPHKAP,368.001909435759,645.564935249665,11941.0975152626,0.001,0.760847455358842,0.985131513625937,0.0373297290697624,2.16420389763799,0.231577091456945,9.34550081798728,486.172800930172,637.289028003444,6,5,2,262,275,146.259020000517,745.766092356872,277.37699374012,1248.58194221195,1849.60832444952,46500.4185869906,,27493.9734094436
LAMA2,SPTA1,307.287069599994,359.580571748574,14580.4289877108,0.001,0.659133707795609,0.973322502677138,0.0034943953836434,3.20623617908393,0.297840830305577,10.7649316441752,486.172800929176,355.577286105619,5,6,3,261,275,110.188498916156,660.497019862916,172.773290627547,648.27149254988,3350.26216945263,46975.5426119546,,14162.7675913936
LAMA2,SYNE1,188.473943672886,402.06937023389,8611.36236747843,0.001,0.429929465733426,0.953714417073741,0.000324298265357946,5.3856294818458,0.726561395552967,7.41249055456206,486.172800926866,399.015338934183,3,18,5,249,275,46.8689436731,488.784567346742,259.292456637609,589.612387387692,2970.03482429629,20023.2884675171,,10372.5027108703
LAMA2,SYNE2,324.788441318148,765.133699072062,0.001,0.001,0.95113554116637,0.946094849748266,0.899871565406593,2.09131978793492e-07,0.0919960233370711,2.27327194380172e-06,320.705660292367,754.531314199714,4,4,0,196,204,100.824107757616,754.59948672851,237.52528829097,1777.61567730992,,14171.0358290457,,29106.1493448534
LAMA2,TENM1,369.286419851733,333.518774650101,8926.95391472425,0.001,0.814845955529953,0.978803480215403,0.0624949013309497,2.07023212547827,0.278811175251698,7.42521214800431,486.172800927753,328.839835108767,6,6,2,261,275,146.768021776449,748.381853768722,152.40093791659,620.902304327967,1391.58595924908,33698.4596010505,,11526.2236476739
LAMA2,TP53,343.853971517309,1504.31877884001,1551.83842968111,0.001,0.84486098556699,0.92967159334325,0.594293942764888,3.12272576024382,1.90529518964233,1.6389721536168,486.172800928136,1485.32595520426,5,59,3,208,275,123.281951074925,739.295640443355,1159.41576560817,1912.12139790925,383.393146368575,4082.55929806957,,8481.53941801778
LAMA2,TTN,254.868254899735,640.532918414402,5602.89861416546,1865.40531811402,0.775161412942107,0.996299733226555,0.229497360716603,1.05732476093204,0.125741911716913,8.40869004212718,320.705660292057,652.433493253522,3,4,1,196,204,63.5584002229138,657.830362021891,219.318579645687,1398.12112394473,,34552.5427335389,,46991.1989136213
LAMA2,XIRP2,466.033209258021,308.029234813643,2121.7293081378,11271.4305220121,0.992961815243619,0.717250554318735,0.00384632268842454,3.09370781489149,0.282587833823243,10.9477742655637,486.172800928574,427.402901609774,5,6,3,261,275,200.233824501113,889.707554439991,122.818383391041,621.336290277713,,26687.3400480391,1626.43395146268,39262.3181364446
LAMA2,ZFHX3,326.483924515099,269.09751880455,0.001,0.001,0.931675327102189,0.943485448194292,0.879034216678955,3.43320196544063e-07,0.097088119206711,3.53617105109533e-06,320.705660292054,265.168960251863,4,4,0,196,204,101.348358720784,758.569655315612,83.5358030743502,625.212400637629,,9873.53892485923,,9806.01788951494
LAMA2,ZNF521,367.184083481118,328.02102340711,15316.5428744918,0.001,0.582445109484116,0.976047725596809,0.0230940747342569,2.26652780658601,0.20555914606349,11.0261588938785,486.172800930172,323.217390460873,6,4,2,263,275,145.934893762004,744.100678813424,130.370326395556,664.734141266847,2377.11315323032,60230.0675154389,,14358.3128016813
LAMA2,ZNF536,327.355137258507,317.41630128885,0.001,0.001,0.922026151154591,0.898226384326135,0.828208577124435,6.25602990445527e-07,0.191975127774714,3.25877105902846e-06,320.705660293294,313.132526082908,4,8,0,192,204,101.620762349522,760.565399379278,145.039990072472,590.943579283649,,8036.50049477905,,6359.83562411666
LRP1B,LRP2,287.975030220174,238.776425873723,0.001,3502.74871340195,0.946718257906515,0.661481361729605,0.0586812339944124,3.00393432809457,0.65780977356546,4.56656992463436,283.626997191891,346.846149664663,15,6,3,251,275,174.554257281524,442.352717132572,94.8964564442616,483.909883248585,,4301.87595503072,846.510735243462,9729.67444079566
LRP1B,LRRIQ1,253.291536835614,643.763485984873,5541.93879850579,0.001,0.532302170549353,0.958837232146963,0.0666540141416425,2.32119442959788,0.37551805290304,6.18131248725137,283.626997192257,620.511997492183,16,3,2,254,275,148.549193339706,398.521240148143,230.84032056189,1383.77627918056,830.223305560946,25584.3676847282,,12886.9984042853
LRP1B,MACF1,171.09801201429,503.43148498081,128.653409682145,5912.64088287213,0.999885285938371,0.866975404472083,0.403758663304965,0.934044405225649,0.196105214198747,4.76297588027936,170.482245201145,607.762164334254,7,4,1,192,204,77.4453829980828,319.777578821065,156.339827918974,1168.80573632861,,7324.4420450538,,30392.0380260944
LRP1B,MED12,287.69334562063,513.521399573077,0.001,7341.95165286699,0.968475024129611,0.825634546371761,0.0641019100400139,2.88249176208185,0.645319371842177,4.46676775540346,283.626997192236,745.308293671689,15,6,3,251,275,174.382389243474,441.913322300831,204.087312371501,1040.73817285738,,4854.55857060155,1773.31492699791,20426.2135088311
LRP1B,NF1,288.91363233518,721.872290135433,0.001,8797.01358597087,0.977168139607537,0.584468156931403,0.0819561663266645,3.11249885829684,0.755567385131139,4.11941928615226,283.626997191482,965.00401355895,15,8,3,249,275,175.126096831033,443.790202828393,329.843826120842,1343.83639432003,,3817.90369818424,2128.46614363972,24339.852246132
LRP1B,NRAS,285.193313950472,1805.80178205339,0.001,0.001,0.906969421846109,0.934389316414127,0.847468916737955,2.61386781386368e-07,0.122022004758478,2.14212823255723e-06,283.626997191734,1745.36273097402,18,2,0,255,275,172.876797810525,438.064587503595,300.247090028812,5576.0507035651,,6833.57465153246,,51241.3453619346
LRP1B,PBRM1,253.845508028458,644.763039396381,3962.30992940958,0.001,0.864033357439583,0.989633332360147,0.119721153459738,2.09304576517118,0.41185235754231,5.08202934095421,283.626997191936,625.128243836196,16,4,2,253,275,148.873479126259,399.398924309365,256.253597028231,1306.63771258542,604.5142721811,16601.2236235059,,13977.9405784058
LRP1B,PEG3,237.466955241502,240.461980612126,7748.91691681486,0.001,0.318662871624058,0.940627119809743,0.00746083666133881,3.48758664621983,0.481009314775489,7.25055947793373,283.626997191905,231.468038012598,15,3,3,254,275,136.634769973163,378.776713490269,95.5659073277692,487.331173509793,1672.90315476379,31933.5591849401,,4134.49817985215
LRP1B,PIK3CA,287.858645848091,821.397488676791,0.001,10400.8699089923,0.990803326851433,0.886988085163897,0.0774429514419842,3.23287502775059,0.761117393109669,4.24753797116914,283.626997191936,1098.4792432278,15,8,3,249,275,174.490241157985,442.170398901495,375.359985768638,1529.27591180644,,4631.08801738787,2519.66844256088,28705.879296346
LRP1B,PLEC,270.523604812771,220.280135930966,1524.8598337123,0.000999999999976353,0.961724030731345,0.987559966994152,0.70067227183648,1.03509922716466,0.426430572253159,2.42735698262775,283.62699719249,212.660415979892,17,5,1,252,275,161.416090084694,420.354524157713,87.5460565901958,446.423479695486,82.0444058924305,8832.26342739793,,3444.78047120852
LRP1B,POLE,285.531984710407,157.869866734357,0.001,5326.7478406215,0.942498299475193,0.419602271338174,0.0450736242715922,2.10547173558306,0.258771778745302,8.13640399966253,283.626997192257,306.908387719625,16,2,2,255,275,173.077212478984,438.586551739699,26.2499728463532,487.501983011795,,10122.3104917462,870.097662609761,17273.3079220393
LRP1B,PREX2,255.425477150036,475.595997412296,2241.04015986866,0.001,0.77223478082513,0.958230698049228,0.273762321002231,2.21597795000805,0.666073042745755,3.3269293422732,283.626997192257,459.216574031758,16,7,2,250,275,149.795683659562,401.893154375401,228.51007451093,857.48413236587,353.658446273416,8160.05538515972,,5774.51863466158
LRP1B,PTPRT,287.098190048972,118.765993565525,0.001,1535.44865547245,0.944414342896211,0.68563061450963,0.17806083881139,1.96720780953549,0.466441865456099,4.21747693597765,283.626997192257,171.695159065121,16,4,2,253,275,174.023167762121,441.003949799708,36.8683129268255,275.939505905784,,5106.01479567699,250.076395938451,5022.73843140417
LRP1B,RASA1,275.853961050081,265.076925446665,1433.76554013353,5193.02325754472,0.980370204394639,0.784391719863232,0.0159836039891855,3.03486528925105,0.452124691656321,6.71245199666728,283.626997191315,427.203443259814,15,3,3,254,275,163.946465611251,428.556471960736,67.0498773819405,670.105747919874,,14097.2186700373,400.95630917849,16493.433836691
LRP1B,ROBO2,238.320625493819,314.114972930042,4803.60123619199,0.001,0.664864704524509,0.952673376343029,0.0276044181543048,3.14546401467172,0.560062120302713,5.61627701757727,283.626997192236,302.892005579587,15,4,3,253,275,137.123381427133,380.148722653181,134.956408348721,607.612681728414,1039.01114879185,18212.0745980753,,4900.6894044718
LRP1B,ROS1,287.055531414835,355.929340394514,0.001,4909.39652688357,0.938611119618668,0.62609984922496,0.158570659233595,1.96606775075469,0.434815370050132,4.52161511799368,283.626997192257,515.737306274078,16,4,2,253,275,173.997582326544,440.937298114597,110.49236925751,826.935014990835,,5082.72678030857,801.486148821372,15945.7802240018
LRP1B,RYR1,174.638198504749,205.410390099653,0.001,3395.35042835937,0.947946686789789,0.676868604861315,0.12217458934583,1.75022459394435,0.341290264687155,5.12825818676279,170.482245201159,281.271546449514,6,5,2,191,204,79.791740043647,325.175915649537,73.6481419090915,441.617097806436,,3374.0098087093,529.53882442768,12934.5720643077
LRP1B,SACS,292.906102417443,527.238460286011,0.001,4329.19288895996,0.992373003491627,0.899124067481564,0.112247324234523,4.02066701735968,1.36660584419856,2.94208241127316,283.626997191803,648.286431569583,14,15,4,242,275,177.533880409287,449.942383682014,303.369369853169,841.064842859503,,2456.1298742611,1296.15748544511,10913.0489840026
LRP1B,SF3B1,287.258275124658,1053.5186146677,0.001,19339.7381381339,0.947599564264173,0.54981865907809,0.0331755562689059,3.22004819656515,0.579584734435584,5.55578503926769,283.626997192257,1540.11705996112,15,6,3,251,275,174.121319131631,441.245870082116,418.711150702242,2134.98660342177,,5114.1595749554,4679.45105870611,53556.087724832
LRP1B,SMAD4,298.365724460971,2886.48031930621,0.001,0.001,0.409481954305143,0.430523422344242,0.176492371445363,3.46489043161896e-06,1.66957726372911,2.07531002421529e-06,283.626997191734,2788.32035232056,18,25,0,232,275,180.835295251635,458.372503982327,1897.25435321225,4171.82618704954,,630.58069834159,,6530.95298513279
LRP1B,SPHKAP,286.317639106995,376.411733530305,0.001,7957.56046678748,0.981999574801383,0.853186735066015,0.03004230119619,2.9224488630621,0.516186465270097,5.66161466774012,283.626997192257,637.289028013586,15,4,3,253,275,173.553699348574,439.78905896746,116.854050731965,874.539407428277,,7220.82518164563,1926.10058460664,22016.849553793
LRP1B,SPTA1,256.007611623109,368.6803623343,1931.65094700838,0.001,0.928817272191872,0.983691546351887,0.345553224026281,2.00343958120837,0.678429344369364,2.95305560974912,283.626997192257,355.577286105144,16,7,2,250,275,150.1361383,402.813757175987,177.137268860169,664.72677132525,307.057380576597,6858.11074148805,,4518.66113667728
LRP1B,SYNE1,255.519024211705,380.35090560431,1030.93540396883,1050.07431523197,1,1,0.149492182544955,4.12525470362336,1.50522501489099,2.74062327081517,283.626997191164,399.015338936239,14,19,4,238,275,145.63036474743,408.689831298602,237.594608259776,569.625420131698,,3496.13973907878,,4553.00732220012
LRP1B,SYNE2,172.826754133313,772.412540064569,0.001,0.001,0.898045135445498,0.911271162648682,0.818384326714696,6.35301357895801e-07,0.170554687097131,3.72491292211745e-06,170.48224520088,754.531314202245,8,4,0,192,204,78.967887754501,321.779053276204,239.781061818961,1794.55052584505,,3487.89906980309,,16500.9260126741
LRP1B,TENM1,286.469723961466,169.999138055834,0.001,4688.7610379333,0.972251919717879,0.94489690919042,0.00531116780565978,3.80252153170808,0.625910650595419,6.07518266080119,283.626997190968,328.839835108837,14,4,4,253,275,173.64491024566,440.031024098481,52.7720368231095,394.974959477674,,7314.22479821167,1394.68296605217,11990.9324730638
LRP1B,TP53,231.017275875791,1533.8045221289,684.252021890815,0.001,0.804419782611851,0.867552593515705,0.741277201780741,5.2786638001996,4.26990897568898,1.23624738378594,283.626997191829,1485.3259552241,13,57,5,200,275,127.032213724154,380.536283606804,1182.01385181986,1949.8563708156,242.945877742633,1498.26489404097,,3922.48659390523
LRP1B,TTN,172.835605953895,669.842769593462,0.001,0.001,0.898072506307798,0.877872239695066,0.788428903614229,8.66002579384733e-07,0.224854969642279,3.85138287475902e-06,170.482245201145,652.433493255438,8,5,0,191,204,78.9723267341325,321.792965170594,240.178917200963,1439.96864962986,,3434.75766620555,,10245.6028181073
LRP1B,XIRP2,288.585899389008,344.037228821582,0.001,2729.29126459589,0.959983019858598,0.830273302819922,0.331513946795392,1.98256190578471,0.646886899581885,3.06477362127156,283.626997191279,427.402901608189,16,7,2,250,275,174.91877765704,443.29919369197,147.819769463094,665.459580794317,,3840.11153129961,445.949627271057,8841.99521772832
LRP1B,ZFHX3,173.883215075945,272.321674196389,0.001,0.001,0.856025815670455,0.900183305813004,0.770619936926802,8.99470013680705e-07,0.179701997178998,5.00534233231007e-06,170.482245201145,265.168960251537,8,4,0,192,204,79.4473626119261,323.768859760373,84.5351625986398,632.729942207878,,2376.61861165448,,5153.57765942921
LRP1B,ZNF521,254.318076476157,334.863191546253,3214.66657407408,0.001,0.960379613337206,0.993707472739283,0.164992257333375,1.95362285808514,0.449201559585598,4.34910079093985,283.626997192257,323.217390463879,16,4,2,253,275,149.149108625357,400.142977219185,133.085127894905,678.627470927364,499.507540771511,12593.9555672134,,6465.27871451539
LRP1B,ZNF536,174.147249689471,322.070756024158,0.001,0.001,0.846416934152963,0.800655141005467,0.677754374425508,1.82819351306597e-06,0.385640455482658,4.74066837924941e-06,170.48224520088,313.132526083231,8,8,0,188,204,79.5710511051461,324.238762787969,147.159849519749,599.653813780884,,2081.48946069329,,2877.72340082494
LRP2,LRRIQ1,231.911568131071,629.558998194929,28575.0986014846,0.001,0.340843692662451,0.979137756404426,0.000291639942067203,3.31901933360152,0.184483012782424,17.9909211343806,346.846149665164,620.511997497909,6,2,3,264,275,92.1729812689397,469.960690318102,225.753991888417,1353.1745930651,5928.73319370335,152922.1093748,,36796.3313738945
LRP2,MACF1,203.507547708706,490.165966165499,0.001,12942.320003323,0.998026532159115,0.806041378187359,0.223144761010931,0.967105139786688,0.114849538009805,8.42062716616346,200.616709781916,607.762164332159,3,4,1,196,204,63.1759312291929,472.801755471236,152.16551960473,1138.78796123223,,12790.7750962716,690.984449270995,80967.5010400534
LRP2,MED12,221.998900419384,608.01745854289,13635.0090592404,16461.2939212821,0.718869899515743,0.886979283164226,3.64544891782497e-06,5.21677357430202,0.339278592148468,15.3760764605483,346.846149664278,745.308293670933,4,4,5,262,275,73.0178841857042,483.456009899647,234.451599008193,1203.77954505333,1679.38603390331,48907.1729180462,,80039.6854780645
LRP2,NF1,354.688241294392,800.876315479688,0.001,11770.4890323528,0.950697149109265,0.679588777663151,0.12814084208914,2.07340714078903,0.399588413463119,5.1888570111916,346.846149665466,965.004013576702,7,9,2,257,275,170.417866619993,639.484636771589,384.802365479894,1443.90781976478,,6419.70118137974,1867.13106847238,42032.2002693628
LRP2,NRAS,348.447762514161,1769.23579864095,0.001,0.001,0.95975256937386,0.973167188392851,0.934000824245347,1.11848155369626e-07,0.0634717542713699,1.76217211346366e-06,346.846149664319,1745.36273096563,9,2,0,264,275,167.424885349429,628.185873674891,294.196787266813,5463.4163640444,,20162.0917478341,,129255.896766238
LRP2,PBRM1,271.803013764327,633.916634018095,9124.92128020547,0.001,0.925427564551136,0.991819658593588,0.0341759896838088,2.14177963734956,0.223583306083148,9.57933610907901,346.846149664637,625.128243839246,7,4,2,262,275,116.785136641257,525.692242094028,251.948801035271,1284.61313843376,1411.66926475409,36335.9157927757,,30841.0411999349
LRP2,PEG3,232.489754027036,235.126574591153,17254.8877769403,0.001,0.459523011664622,0.972816801593239,0.0010762289409625,3.23029238789841,0.230019709067584,14.0435460986923,346.846149664637,231.468038012271,6,3,3,263,275,92.4022789861342,471.135191543884,93.4495847921165,476.484603039151,3743.17681436637,70867.6962397525,,10368.6358496986
LRP2,PIK3CA,352.370967981193,808.069779898718,0.001,23593.8771472692,0.981172460509351,0.817092060543012,0.0102603371963925,3.1894432848098,0.399064069398052,7.99230882805548,346.846149665164,1098.47924324091,6,8,3,258,275,169.308686701889,635.279424202789,369.255110330731,1504.31128586708,,10102.7115971003,5479.31508582571,73988.5276935085
LRP2,PLEC,349.974689801583,143.85430465111,0.001,4508.9067733154,0.992694284221624,0.950119127135035,0.0427694676070867,1.98873093320172,0.222357103849149,8.94386056831766,346.846149665534,212.660415979149,7,4,2,262,275,168.158145916481,630.959191693015,44.6578809672441,334.201768164485,,19552.0916229645,716.636792258512,15977.3709560008
LRP2,POLE,348.212648968192,77.5404778110841,0.001,19119.391245587,0.986685694193755,0.281049244101067,0.000159839990480537,3.22533841087945,0.141014497757532,22.872388741371,346.846149665376,306.908387720192,6,1,3,265,275,167.314088042854,627.759334918666,4.42433285302504,341.419082708273,,73125.6634927209,4454.4199383431,59339.760158266
LRP2,PREX2,233.776435560509,465.038548966609,9380.37741475634,0.001,0.716931109012338,0.981887362633365,0.00497460855955681,3.23279492986404,0.328126995434628,9.85226749046345,346.846149664637,459.2165740322,6,6,3,260,275,92.9129750638414,473.749758118882,223.44644211439,838.386416434946,2166.74605023528,29867.8724715221,,17202.4931597655
LRP2,PTPRT,270.133686699725,145.862789055006,11019.6330016356,2099.29863040171,0.808445246202204,0.949067082789085,0.00163382561876274,3.04348510211564,0.22755315500329,13.3748314852925,346.846149665376,171.695159064422,6,3,3,263,275,109.284533379869,536.171828741354,45.4502635822623,322.665169581779,68.2366269510667,53809.115973974,,12696.092657643
LRP2,RASA1,350.25494888369,289.099656481101,0.001,8978.84913710074,0.980645901502669,0.825141366096965,0.0441180597176753,1.99277620600161,0.228848957334373,8.70782296416561,346.846149665153,427.203443260987,7,4,2,262,275,168.292165956082,631.461335526588,89.7471883471477,671.653073373471,,15472.2557203896,1411.20932035913,32922.509022204
LRP2,ROBO2,233.25287763195,307.029870239435,11394.0484991285,0.001,0.821233648755584,0.979577406608156,0.00341908826033373,2.95355713904465,0.266635110315,11.0771501005826,346.846149665632,302.892005579913,6,4,3,262,275,92.7048806446612,472.688960431732,131.916740159458,593.849985691571,2503.72843433079,42007.7637558286,,12851.234879126
LRP2,ROS1,291.962538648675,389.070250074748,8360.57275307349,9919.9056766428,0.900761017477949,0.904845590160839,0.00156152594755384,2.9776856343844,0.21692716197414,13.7266610934567,346.846149665465,515.737306274785,6,3,3,263,275,121.611461903524,565.916108972762,108.319284191849,909.539629305064,,46770.559208284,,44324.5382299156
LRP2,RYR1,188.586816208447,256.829896035755,702.311215161217,2474.72309973826,0.988418884689582,0.910310428836219,0.372889009486587,0.85994260707826,0.166189834921821,5.17445972241801,200.616709781803,281.271546449491,3,6,1,194,204,50.9286197897252,458.955130511417,102.691207397236,516.696735607174,,8313.24289740188,,18558.6816073833
LRP2,SACS,239.247271248403,657.183992543245,3309.16668703247,0.001,0.93817177869886,0.974433675080284,0.0695528312361528,3.00390778731632,0.692034971590226,4.34068784184944,346.846149664806,648.286431568997,6,16,3,250,275,95.0837317483642,484.866477313097,404.153718559824,998.733000203131,801.87499736368,9127.18539192508,,11350.9149224296
LRP2,SF3B1,312.465854169455,1205.10072160737,3681.81323933183,31705.6700459272,0.947323310544479,0.822334249377887,0.00381676455824272,3.55128247492767,0.329879432005193,10.7653952637816,346.846149665376,1540.11705997389,6,6,3,260,275,135.279913792321,591.326858297414,487.601026374446,2391.50532638401,,22004.7526350404,,120792.187406668
LRP2,SMAD4,323.741199481355,2836.35438078567,802.041278774145,0.001,0.990530430102485,0.991507919689548,0.978814850418209,1.01584779213154,0.868976142894274,1.16901689469643,346.846149664105,2788.3203523164,8,24,1,242,275,147.928165576653,602.731264826247,1864.38606154903,4099.15155112785,45.4643510108938,3620.07910864385,,23441.2889318032
LRP2,SPHKAP,272.430184482786,647.543191612296,7177.91767793789,0.001,0.752563875367839,0.979724515404641,0.0518359392119083,2.04903010481853,0.251221393161037,8.15627235816286,346.846149665153,637.289028011463,7,5,2,261,275,117.053993555182,526.910603602035,278.230528593038,1252.43963394567,1117.2005258215,27503.6311535848,,21821.0857673604
LRP2,SPTA1,273.315544656005,361.537480538149,5533.59246250443,0.001,0.650973873495274,0.96524773518964,0.0778616331116827,2.18549259701894,0.329082429095804,6.64117073349633,346.846149665611,355.57728610644,7,7,2,259,275,117.433185083982,528.621106245283,173.712086398365,651.811978167971,880.905052673102,19533.6173165916,,8961.35528878476
LRP2,SYNE1,235.342502544533,350.009101953162,3829.20699104733,7712.42536769534,0.894088292163399,0.906389958980478,2.4490951885612e-05,6.69193834811,0.833984623554964,8.02405483159243,346.846149665574,399.015338934293,3,17,6,249,275,72.0820447323898,512.201122390342,213.187911866062,533.09699113525,,11714.8824001346,124.041880602578,34343.8653638802
LRP2,SYNE2,173.050681699945,680.150216101831,3583.45979808365,9453.05346669222,0.897348497585208,0.948649961107901,0.1626526379377,1.08120403556889,0.0911210749163802,11.8655759555195,200.616709781848,754.531314202268,3,3,1,197,204,44.272820482701,434.913513387341,179.103990331885,1676.80658298055,,29893.5939316529,,96632.6667493764
LRP2,TENM1,215.525510308637,309.186509461967,15771.0449386489,2331.08096658928,0.483689584269432,0.977319453217563,8.09313954164809e-05,4.40584178242248,0.30269343743828,14.5554585514291,346.846149664684,328.839835108182,5,4,4,262,275,77.6937751903366,459.619620357605,129.909864423096,594.93975768995,3280.92517373289,55021.1223157898,,22465.2394568519
LRP2,TP53,307.506687719843,1511.71979583255,626.191071839692,0.001,0.958856804483141,0.951831104280898,0.947299200043577,2.00271097777882,2.12019011246087,0.944590282733799,346.846149667024,1485.32595521308,7,60,2,206,275,132.09996784673,594.959089761655,1165.13977833703,1921.69454903488,103.675733599766,1956.9163636863,,5733.13860238826
LRP2,TTN,203.855463552443,661.421686752754,0.001,0.001,0.938458819264432,0.934614405741699,0.877108706777438,3.9945181081651e-07,0.119477005778418,3.34333630319908e-06,200.616709781727,652.433493252894,4,5,0,195,204,63.2834599092781,473.621456751491,237.166064372416,1421.79523917531,,6686.19989080825,,20898.1235846027
LRP2,XIRP2,318.707212253628,279.127428546202,2901.79379195417,12670.1973905829,0.992837587690289,0.897332795203207,0.000257490701629907,3.88214849797901,0.314264569044557,12.353121797286,346.846149665664,427.402901608467,5,5,4,261,275,138.830042898917,599.201496524775,101.26699015967,590.483447731935,,23834.9834110689,2069.0662275873,41674.3310635936
LRP2,ZFHX3,202.537903169398,133.387015459559,0.001,17427.8334869668,0.991482101354183,0.560244702675186,0.00509253403736306,1.88744230095025,0.0933847321290934,20.2114655995488,200.616709781749,265.168960250611,2,2,2,198,204,62.8752839705456,470.547840917051,22.1790300856612,411.901926523573,,25954.4990639641,2461.46872548173,108990.760391667
LRP2,ZNF521,271.624331831554,328.10775534265,9917.53470475655,0.001,0.686010624896354,0.982642073645791,0.0287136431907594,2.27566429944462,0.224112903107266,10.1540976351345,346.846149665164,323.21739046141,7,4,2,262,275,116.708131710437,525.342425989843,130.405301492009,664.902935762969,1539.50607443987,38995.2310005346,,14172.5543588714
LRP2,ZNF536,205.054599184041,317.360131136161,0.001,0.001,0.916885591115281,0.899438859996688,0.824700628901624,7.67744891260695e-07,0.182051538695601,4.2171843026518e-06,200.616709781717,313.132526083231,4,8,0,192,204,63.6557773624464,476.407347819647,145.014977323981,590.834896940117,,4687.37678926265,,6372.29555428511
LRRIQ1,MACF1,504.430294773611,611.778149343189,0.001,0.001,0.944933871812681,0.968075374205138,0.914770801783148,1.58603202009928e-07,0.0846063659726833,1.87460128072557e-06,494.958277692884,607.762164336205,3,5,0,196,204,125.440247583028,1308.16004991807,219.37299115096,1315.00045871206,,18843.6622457847,,41781.2547997051
LRRIQ1,MED12,630.93129566028,582.5381600859,0.001,28576.9543278437,0.97626347247941,0.539765355090047,0.0173620098884155,2.28193327030821,0.187609989017206,12.1631757576562,620.511997493088,745.308293668695,3,7,2,263,275,226.244943501979,1356.12877069971,250.296868958961,1126.67985964072,,28569.0543481155,4319.13328736263,127405.334171278
LRRIQ1,NF1,635.188901912786,882.930643037057,0.001,12921.3811233996,0.962876380419565,0.708331022445714,0.33521208080566,1.23123626389969,0.221250066844971,5.56490798605004,620.511997496132,965.004013569398,4,10,1,260,275,227.768649762592,1365.31242223876,442.389413294944,1548.74179556615,,17181.042042356,707.802148951616,69055.1111855129
LRRIQ1,NRAS,622.866414024581,1762.17207780375,0.001,0.001,0.98133025760287,0.981051601819552,0.962735941156508,3.91028308220544e-08,0.035341059975064,1.10644193608354e-06,620.511997494592,1745.36273096043,5,2,0,268,275,223.357629845744,1338.73720265831,293.009618131706,5441.3580072547,,78329.9477961632,,190533.50327267
LRRIQ1,PBRM1,624.554196032506,418.613922376415,0.001,39573.6892417523,0.998489032963444,0.853487779596613,0.00595728665511565,2.35441825091172,0.123568324510541,19.0535742896705,620.511997491626,625.128243840606,3,4,2,266,275,223.955538801973,1342.325959349,129.956054553646,972.481313111766,,82551.8237769778,5983.40183169041,178016.153023006
LRRIQ1,PEG3,619.480330975036,156.536689324062,796.349556545101,14972.5472865277,0.999994878430164,0.766472315368694,0.0056729863938902,2.46724876319922,0.134413242349024,18.3556971030625,620.511997495786,231.468038012786,3,4,2,266,275,218.898453698208,1337.36354742491,48.5999955847489,363.607627861139,,79339.8141368185,2070.79844632071,70083.6310489609
LRRIQ1,PIK3CA,630.119891128718,902.84769219001,0.001,37066.9673851092,0.99360978835973,0.798710416638355,0.0232238272686199,2.29987640182621,0.212297184791864,10.8332873282376,620.511997497461,1098.47924324634,3,9,2,261,275,225.956540550582,1354.35387761024,433.810161126189,1627.6803604409,,32595.3157098061,5627.3801673727,162943.566547053
LRRIQ1,PLEC,627.567898321644,178.349771797704,0.001,5185.77938386604,0.984563503221051,0.749498269321673,0.19413273323524,1.22798603957739,0.122960401812815,9.98684146662743,620.511997490589,212.660415979355,4,5,1,265,275,225.035083440476,1348.85931356659,63.9545500906058,383.338187909175,,40470.7874608141,284.045150089203,27703.0063771065
LRRIQ1,POLE,626.147287694622,154.224122636325,0.001,26497.3224311599,0.972229515908911,0.254497141722318,0.00252337603585595,2.15430740674968,0.0743312218661571,28.9825372523647,620.511997495786,306.908387719662,3,2,2,268,275,224.530105311641,1345.82947931614,25.6441388871508,476.22967885553,,52159.8806902503,4004.47230477195,119130.595633338
LRRIQ1,PREX2,628.393889316483,307.113657950115,0.001,36413.2633203112,0.983587984004471,0.526844791087609,0.000343116177002044,3.30692710296612,0.188070446078863,17.583449031537,620.511997496286,459.216574031387,2,6,3,264,275,225.337579256655,1350.64856557915,122.062681826259,622.346926535464,,40308.546425014,7461.35207355565,206801.500564163
LRRIQ1,PTPRT,628.569232187665,114.950450490637,0.001,10971.9272735902,0.969834312225196,0.291395200897364,0.00578162740286089,2.39946065028764,0.127115716487519,18.8761918399228,620.511997495786,171.695159065183,3,4,2,266,275,225.398856432844,1351.05398714204,35.6853938525624,267.049305492903,,35004.962777578,1644.53203265662,50433.9467889024
LRRIQ1,RASA1,627.318338034007,285.984537967129,0.001,28382.5596227634,0.976962107429656,0.350696721843059,0.005372261688793,2.48306278603461,0.13121617419775,18.9234505670962,620.511997497461,427.203443258768,3,4,2,266,275,224.950901755366,1348.33880199626,88.7820068097544,664.392351790668,,42072.5954805541,4264.91666937902,128235.258689375
LRRIQ1,ROBO2,628.426091544636,217.216061622395,0.001,17430.1243068771,0.977874419574256,0.387671559178865,0.00760305746100893,2.47934772990834,0.156120557709122,15.880981763643,620.511997496579,302.892005579355,3,5,2,265,275,225.345939358722,1350.72399871857,77.8914371044821,466.887182412978,,38009.0656114951,2605.52580070793,80638.7795156752
LRRIQ1,ROS1,626.671193011887,258.695950836264,0.001,58826.8155849586,0.977895404642716,0.294620241752876,8.24456456058408e-05,3.25379278071298,0.122577292964818,26.5448249183221,620.511997501518,515.737306271328,2,3,3,267,275,224.7163937118,1346.94266576414,64.3342797551337,670.847934404382,,54857.1339150132,12094.3063173993,322286.086386762
LRRIQ1,RYR1,510.556139671256,282.931388727276,0.001,0.001,0.911427140143889,0.961020443603941,0.875909053824372,3.62079822799691e-07,0.125417303314284,2.88700054323727e-06,494.958277682547,281.271546449483,3,7,0,194,204,126.960717916902,1324.11099256886,121.552757275065,547.311787209268,,11015.3564741372,,15665.8216378575
LRRIQ1,SACS,642.178708223645,547.713325254988,0.001,23824.0770961631,0.954518335722411,0.447554464153279,0.00394595787276399,3.29080979348747,0.387878439530503,8.48412661830533,620.511997497677,648.286431570739,2,16,3,254,275,230.27399955242,1380.34837765979,321.232690499695,861.709696235484,,14446.6904767056,4913.49280087421,133195.364388299
LRRIQ1,SF3B1,630.309328602097,1203.35482846469,0.001,64782.5153300674,0.973841240036603,0.503982625753106,0.0145268064996659,2.24763026269521,0.170698239453048,13.1672726672347,620.5119974939,1540.11705994987,3,7,2,263,275,226.022219925488,1354.78874436544,517.049635457563,2327.33175436239,,29588.3516387405,9793.85660666889,290849.503403179
LRRIQ1,SMAD4,650.286964222949,2812.86392852999,0.001,0.001,0.791859850486909,0.807743982370957,0.639658888844931,4.66793208774019e-07,0.456801518787082,1.02187315404175e-06,620.511997497444,2788.32035224221,5,25,0,245,275,233.179742481502,1397.79578666158,1849.01379362863,4065.00712448605,,5291.05777048648,,26809.7875001384
LRRIQ1,SPHKAP,626.405273186771,457.339192135221,0.001,31932.9704408546,0.997111771510793,0.788124275711797,0.00997608946634111,2.30421904366822,0.144003900991076,16.0010876636669,620.511997493088,637.289028009442,3,5,2,265,275,224.625597823781,1346.35947795752,163.99897736772,982.98196145535,,56170.4855127693,4808.33837846963,144176.475641684
LRRIQ1,SPTA1,628.792143010679,277.842896122693,0.001,14058.7898732913,0.994673294415633,0.756220051381173,0.0168039261236631,2.30940169875087,0.185586313083836,12.443814742457,620.511997495786,355.577286106692,3,7,2,263,275,225.47824754489,1351.49028002705,119.378549621381,537.353308924673,,39195.2069289298,2116.49210690676,63449.1757016751
LRRIQ1,SYNE1,645.85888199478,348.134109870898,0.001,12088.4741987401,0.949344779150267,0.550098202868043,0.00730062529966329,3.17826992323142,0.445053548655081,7.14132025873271,620.511997501518,399.015338934255,2,20,3,250,275,231.589789311246,1388.27215724383,216.96074499249,523.859999783956,,12526.6592814625,2461.75904746614,70284.2209250701
LRRIQ1,SYNE2,501.3920413103,759.036589376268,0.001,0.001,0.962139538969337,0.976702935493804,0.939726227016721,1.12627191180964e-07,0.0662067567900984,1.70114345788054e-06,494.958277682547,754.53131419982,3,4,0,197,204,124.686654302863,1300.23975608588,235.636919054168,1763.38087710567,,28860.1352180622,,70017.9999076155
LRRIQ1,TENM1,629.730351168733,247.674107334072,0.001,15826.4941521697,0.976403465955535,0.429015592571554,0.0110763843962042,2.44058599363069,0.174986156782641,13.9473089672017,620.5119974939,328.839835109357,3,6,2,264,275,225.814637154061,1353.54228530951,98.4369119453891,501.909217393694,,32212.4389293595,2373.88414752642,72391.9275517147
LRRIQ1,TP53,321.42484058308,1484.25172978078,2977.30000197893,1630.52890643654,1,1,0.184563930184772,3.20098540770232,1.18339078175316,2.70492677233816,620.51199749637,1485.32595523115,2,59,3,211,275,53.8012118671509,979.429466114236,1142.45099170178,1888.37596421808,491.536841106436,8364.55041909769,,32351.2394035959
LRRIQ1,TTN,502.122454497794,523.882832290481,0.001,32127.6935401791,0.977307370044115,0.546504127075629,0.102300223819041,1.34133815979819,0.0908865376092999,14.7583811099097,494.958277686287,652.433493252314,2,4,1,197,204,124.867993917369,1302.13967657467,162.631473445406,1217.13282175907,,37888.367120477,1676.95350659297,242420.364702699
LRRIQ1,XIRP2,631.990845239086,334.100170572375,0.001,15672.6227284994,0.972632166547758,0.512729544979314,0.0188552633952805,2.19618617594487,0.1756475426094,12.5033697785837,620.5119974939,427.402901606555,3,7,2,263,275,226.630737016017,1358.48845006999,143.557192215231,646.190831583273,,26975.4352388384,2365.99218147227,70106.4523645112
LRRIQ1,ZFHX3,504.185168982523,266.678581809701,0.001,0.001,0.946318862542481,0.977961834369293,0.925466557322937,2.04947875529979e-07,0.0692075775754423,2.96135022652061e-06,494.958277682547,265.168960251224,3,4,0,197,204,125.378512418988,1307.5429992197,82.786940224831,619.563175521504,,19911.289441042,,26264.0039164633
LRRIQ1,ZNF521,624.766055472887,216.383363478437,0.001,21012.7218547737,0.99808291963126,0.734420981565662,0.00568418366349017,2.45652763321322,0.128582437462716,19.1046902025442,620.511997495786,323.217390463655,3,4,2,266,275,224.038855684573,1342.82343450653,67.1756925850499,502.684547346966,,74254.7085109745,3167.36009573107,94072.329786198
LRRIQ1,ZNF536,504.281209751087,314.830902855177,0.001,0.001,0.945276340797317,0.958113114480333,0.90568554315259,3.82304901990968e-07,0.142651023313815,2.68000111818296e-06,494.95827769429,313.132526082908,3,8,0,193,204,125.425276765339,1307.91976467523,143.866327566452,586.104704984138,,17905.5068563735,,16201.8903463147
MACF1,MED12,573.938670931568,254.559292865275,4492.34358949736,4523.77200628171,0.989853118923205,0.946666046567831,0.22027183350138,0.792139145382338,0.0911238830685402,8.69299154851115,607.762164336184,324.398435914256,4,2,1,197,204,188.564110667736,1275.17977708658,43.4181417299468,759.224873016569,,68365.4158980736,,31866.4758909775
MACF1,NF1,372.087610666777,1136.31538258623,11037.7126889517,0.001,0.518708778528591,0.967065718602136,0.0510467661107171,2.21800899063164,0.298528717944349,7.42980107878638,607.762164331803,1122.93310347783,3,8,2,191,204,92.5291107357708,964.963529457828,569.316248827145,1993.36536932264,1752.03958745394,39326.2363967989,,37016.9342969729
MACF1,NRAS,609.648186111083,2321.60076410445,0.001,0.001,0.984750801145804,0.983959148348284,0.968954983286439,5.46591178099019e-08,0.0517700642449033,1.05580548541203e-06,607.762164336205,2302.8560438491,5,2,0,197,204,218.610584184084,1310.40761078848,386.029172128323,7168.75683522444,,95618.1125730759,,296437.76358054
MACF1,PBRM1,610.223938260034,270.007787444558,0.001,0.001,0.980274072017511,0.964182729189927,0.945164866413125,1.75102966811988e-07,0.063460909951753,2.75922559170854e-06,607.762164336205,265.117268424071,5,2,0,197,204,218.816718068851,1311.65037127942,44.8957011606415,833.788860444423,,73736.9455312068,,15190.9379045006
MACF1,PEG3,487.802784639482,105.558589210855,28512.4404826519,0.001,0.886794102925181,0.995427627379657,0.115801248426195,0.809299949760629,0.0538815587653702,15.0199802734877,607.762164336205,103.727858783918,4,1,1,198,204,151.432675426427,1133.28222341363,17.5515775875627,325.974268010416,1398.13724931623,447042.353233715,,13595.8210623912
MACF1,PIK3CA,618.008201832778,780.295061528434,0.001,0.001,0.920721524078271,0.901118745480047,0.829696777431847,2.53949764533051e-07,0.167087503795836,1.51986090380136e-06,607.762164336283,766.753691213482,5,6,0,193,204,221.600708123387,1328.4602162895,310.11080624661,1581.3788127802,,15507.3705102894,,15296.6108530486
MACF1,PLEC,491.063007829825,191.027832995263,11370.7302649494,0.001,0.823156793317461,0.983402638047228,0.248203618130852,0.918209292470635,0.120954214904576,7.59137904532746,607.762164331478,187.897509857219,4,3,1,196,204,152.443814944987,1140.90461419076,59.3012154681258,443.822226593373,609.561962565231,69788.8706229327,,9766.11573072039
MACF1,POLE,613.322937442171,99.4004496480362,0.001,6438.15660449786,0.974681568650057,0.511893438165118,0.118814933556198,0.848187743768415,0.0579496142548196,14.6366417563836,607.762164333536,195.973344263743,4,1,1,198,204,219.921164421873,1318.38565051616,5.6715960596574,437.681972745926,,74798.7154132772,352.880298678148,34302.0959074148
MACF1,PREX2,617.217216604817,343.713842321188,0.001,0.001,0.926460650948369,0.92482700276501,0.856827626160209,3.24701096602546e-07,0.137322760248634,2.36451041338411e-06,607.762164336205,338.342873519743,5,5,0,194,204,221.318378076328,1326.74732074,123.249609931036,738.804988983962,,16763.0668824333,,9152.9789334759
MACF1,PTPRT,506.372460211445,111.688145862854,18017.49834736,466.70153128953,0.796769184481331,0.996305944224244,0.152155844490783,0.970108974486822,0.0801723859651758,12.1002881828689,607.762164332159,115.929001651131,4,2,1,197,204,157.50081830618,1172.81847766228,24.2990796009016,298.546990143346,,155533.807015264,,12125.2548124773
MACF1,RASA1,560.464765803341,228.075683882246,6670.34903889288,3750.60581239529,0.977138751473734,0.955339890472691,0.198033934740662,0.872704206255992,0.0908267085681181,9.60845350463715,607.76216433654,278.59673352997,4,2,1,197,204,180.802433954023,1257.94548835465,39.7974415404521,667.065211344476,,83088.3343807152,,31537.732212985
MACF1,ROBO2,615.580768388107,178.46151246801,0.001,0.001,0.938725308303637,0.941839780255066,0.88413927251314,3.11522025038232e-07,0.0825444972163447,3.77398900645974e-06,607.762164333525,174.902509690668,5,3,0,196,204,220.731959122678,1323.22458718733,44.3775639228905,462.85034302446,,21041.832484851,,6402.017846089
MACF1,ROS1,488.946108913896,467.013845048369,17770.867346806,0.001,0.686899261883375,0.995674166112979,0.167328432154203,1.1789045240281,0.109349926013579,10.7810271758365,607.762164332093,461.369182636999,4,3,1,196,204,151.787627009598,1135.93819737055,144.97887056928,1084.98672512532,940.033854520248,111982.752285969,,33553.3497654025
MACF1,RYR1,394.709920642668,276.475139020523,11652.6468248186,706.288183928128,0.798959648555105,0.998749690293776,0.0415298766846518,1.64794882566427,0.19473240486395,8.4626327437162,607.762164336812,281.271546449862,3,5,2,194,204,98.3929488295596,1019.10569798223,114.668078113811,542.029817102709,1047.65972975302,45935.2317346144,,19195.4085964768
MACF1,SACS,624.432365140891,358.031262055828,0.001,0.001,0.874725743394331,0.860784583601107,0.752987797100149,5.3254984469335e-07,0.227906326802057,2.33670496192888e-06,607.762164334857,351.295554499967,5,8,0,191,204,223.901282316747,1342.31306015784,163.594739622816,666.582831598925,,9218.23215453591,,4909.13411189352
MACF1,SF3B1,490.125819888372,867.328283953891,13065.2117290519,0.001,0.734710169813701,0.987831165743942,0.218701005279571,1.02526721516334,0.122568093040591,8.36487857262985,607.762164334852,853.213216918742,4,3,1,196,204,152.153164395507,1138.69163656252,269.250267182064,2015.03510467603,699.93974392135,78770.4146355948,,45958.1849820723
MACF1,SMAD4,507.559181048162,2340.39193107451,2848.58279867145,0.001,0.774386062456171,0.920086687701793,0.668977448255539,0.950731893997914,0.413324913440734,2.30020466485681,607.762164332889,2300.95712461566,4,15,1,184,204,157.554739767663,1179.34173789298,1372.43171133676,3682.86224093579,160.495057131853,13182.4685567408,,28631.4601494812
MACF1,SPHKAP,610.699947868881,377.06855428068,0.001,0.001,0.976526937501133,0.951605816501171,0.92927163137775,1.75275016466459e-07,0.0792401319619854,2.21194755897864e-06,607.762164336205,370.860199167318,5,3,0,196,204,218.988952117456,1312.68922652724,93.7688069446875,977.848267887364,,60869.9483514388,,15796.6973708927
MACF1,SPTA1,490.465649912048,325.763516722847,12866.5229231533,0.001,0.513285080482817,0.949826687076642,0.210512356916528,1.32976897550633,0.154737332512845,8.59371784372686,607.762164334221,320.667901587365,4,5,1,194,204,152.258941822504,1139.48919143116,129.467325307189,660.207787534013,702.44728870297,69452.6873279116,,10707.1658739021
MACF1,SYNE1,251.130502642233,331.012146391406,10430.9453407113,0.001,0.363283019104806,0.952023126184943,0.0091009756323187,3.28821210176338,0.463472031466979,7.09473685252497,607.76216433536,327.91916082093,2,12,3,187,204,41.7556677430802,775.556056585546,190.449786742912,528.015935977997,2479.25330983111,30299.0254492523,,9910.48348606633
MACF1,SYNE2,489.766984144805,765.575007919088,14197.7990665228,0.001,0.744560772404521,0.993482967369851,0.206119509711948,1.05526935914682,0.117689726149949,8.96653763814772,607.762164333536,754.531314199714,4,3,1,196,204,152.041617713688,1137.85814316741,237.663684744565,1778.62007817366,750.349289932394,92981.0483529261,,45765.5845766928
MACF1,TENM1,488.056417002271,167.238216264993,24662.6934389981,0.001,0.647164262042056,0.99930370001068,0.127131819196085,1.11862102082151,0.0824154665172152,13.5729501766255,607.762164333492,165.045385430402,4,2,1,197,204,151.512622596767,1133.87308988057,41.5885072177818,433.70174469269,1261.31503305568,184809.987565346,,16364.9983748664
MACF1,TP53,688.147331965707,1217.91238864372,0.001,2162.76025632066,0.990775149731486,0.992343282651832,0.982510427672657,0.914186391112203,1.00834277314479,0.906622644064838,607.762164333723,1232.21687470706,4,38,1,161,204,246.681095589642,1479.97500312627,870.013238274881,1648.5692037092,,3548.54510452223,118.76707293533,11437.5614417999
MACF1,TTN,620.463747967781,665.461245090519,0.001,0.001,0.902760050331034,0.906964209559771,0.818795786770511,2.61161038765185e-07,0.158781291080423,1.64478470346299e-06,607.762164336205,652.433493247519,5,5,0,194,204,222.47768274776,1333.79365115458,238.610227647809,1430.53161667106,,12549.9410815066,,14077.5246130162
MACF1,XIRP2,597.419971502171,335.627221015259,1335.21778910554,4829.8904020696,0.998886241860347,0.909036659541163,0.314368490510127,0.94141575217138,0.147392579767925,6.38713124944059,607.76216433347,386.593154323928,4,5,1,194,204,203.943368519665,1305.45175533583,120.549483638671,719.65031464632,,32117.9238797816,,29171.7234461295
MACF1,ZFHX3,558.201391388139,232.270768218244,5036.66547680662,2530.58953682019,0.97707921408104,0.965078325807087,0.266087063828448,0.86242068263468,0.117067265135085,7.36688160981233,607.762164333536,265.16896025127,4,3,1,196,204,179.178400845874,1256.85771068606,59.7235491798859,581.518811389339,,54828.4842755781,,21108.3990556366
MACF1,ZNF521,609.255917191362,144.083869759426,0.001,0.001,0.988054455178441,0.966615967969463,0.955070029561554,2.50733101697653e-07,0.0567896059251861,4.41512311298595e-06,607.762164336205,141.653663350148,5,2,0,197,204,218.470265767637,1309.56197037663,23.9576364401646,444.933283563107,,120085.676752629,,8873.34130829548
MACF1,ZNF536,494.212091186292,317.886770335056,7179.41285517184,0.001,0.696524005935462,0.954517527579685,0.349624536424061,1.09936940926749,0.206996984272801,5.31104070491499,607.762164335477,313.132526083189,4,7,1,192,204,153.419292335246,1148.21153852161,145.253429223465,591.832147681212,399.118697568535,35341.6651656165,,9265.38380296373
MED12,NF1,763.996444086948,891.781823672788,0.001,5290.68488497038,0.955236047963906,0.849259952691819,0.650743228178032,1.04893840082235,0.403708774732554,2.59825514448439,745.308293672137,965.00401358045,8,10,1,256,275,367.070916755115,1377.47682763551,446.814718056624,1564.33126865852,,11181.7012566955,295.156307757462,25605.3689319044
MED12,NRAS,748.283049146154,1771.16802281156,0.001,0.001,0.965077701081623,0.971118449890061,0.937205852698284,6.30592694071067e-08,0.0646180922532982,9.75876371588301e-07,745.308293669717,1745.36273096043,9,2,0,264,275,359.541844460991,1349.0330982423,294.506313321022,5469.17355886386,,50308.1406245415,,119631.358852794
MED12,PBRM1,583.872436520174,633.924823040397,20378.6706628993,0.001,0.860216178060826,0.989403750510965,0.0319496019605778,2.21946938088479,0.227603755403552,9.75146203958527,745.308293674204,625.128243831843,7,4,2,262,275,250.86911038333,1129.26842600761,251.951841936416,1284.62809844481,3142.13816208042,82070.442113185,,30226.4380157331
MED12,PEG3,584.117540977701,235.48073828538,19444.1551735824,0.001,0.663880452854538,0.976153995492201,0.0343537820394137,2.16226085961805,0.229049733769341,9.44013696953477,745.308293674204,231.468038011513,7,4,2,262,275,250.971243396386,1129.73157033009,93.5909431995705,477.209505299791,2998.07992590436,78234.9137005749,,8938.83179308599
MED12,PIK3CA,758.452398182746,909.948100950771,0.001,15136.5464126517,0.977955646518912,0.802283605278469,0.10592194723718,2.2576381763827,0.39310872930361,5.74303750614262,745.308293668128,1098.47924324634,7,9,2,257,275,364.419117657444,1367.41327019464,437.21477916601,1640.51483900079,,18155.0013698162,2410.05119258872,53397.517651225
MED12,PLEC,752.665395802627,143.920968354518,0.001,4359.92932385919,0.98653030308576,0.833832398491994,0.0450902925741406,1.96508358067084,0.225835366597393,8.70139876795328,745.308293669023,212.660415979697,7,4,2,262,275,361.68183999838,1357.1306177695,44.6822573695316,334.3851028433,,36310.9820644392,693.712495622661,15412.5357003583
MED12,POLE,748.455212950005,77.5386214623951,0.001,19202.4119423106,0.984170079308733,0.235136946169789,0.00015773444566849,3.24666958969444,0.141594897862,22.9292837433922,745.308293669015,306.908387720192,6,1,3,265,275,359.613716504007,1349.2874396935,4.42412700593179,341.403222243833,,141404.762247602,4469.45005821201,59745.9327401716
MED12,PREX2,587.718332374335,465.884120353344,11308.0233993128,0.001,0.929119029478329,0.989986684485366,0.0883152504171345,2.08992972528602,0.329416303384823,6.34434211000349,745.308293667765,459.216574031115,7,7,2,259,275,252.518094928203,1136.73185468593,223.851791617261,839.915864188141,1791.38081294914,40566.0220058151,,14457.6908727641
MED12,PTPRT,642.868481325403,124.109153182471,15741.1890710227,3746.85705853356,0.899706277179901,0.840395009194302,0.00155798310084766,3.05894061594001,0.226052603987482,13.5319857501372,745.308293669015,171.695159064827,6,3,3,263,275,271.253428305094,1235.32464592535,33.5760653775865,295.468065081785,,97302.4671344461,,15709.5501743307
MED12,RASA1,751.288351753954,216.508086833253,0.001,14420.4936026863,0.974985703989594,0.68615011580297,0.00200279556698811,2.89293701105015,0.231222312286512,12.5114958951948,745.308293666469,427.20344325745,6,3,3,263,275,360.975779283175,1354.45197309109,53.8370627993612,561.419406480688,,40300.5725943113,3290.27956521005,46835.818520277
MED12,ROBO2,750.085206686725,131.25992983333,0.001,13120.0624072119,0.985112762404447,1,0.00010913765108047,3.69164369546575,0.26724403523884,13.8137552524474,745.308293668573,302.892005579331,5,3,4,263,275,360.407373540047,1352.28707432677,32.6415979239248,340.393330622181,,51585.4915584867,3537.58799281101,42122.0743363696
MED12,ROS1,676.510264559234,337.632667142888,11365.849190711,13869.5839239888,0.949700123909276,0.795137994327009,0.00146537477533154,3.05641732431588,0.218751802708019,13.9720783393747,745.308293669015,515.737306277965,6,3,3,263,275,295.299274683101,1274.56143273205,87.1679724416567,834.735613014569,,86688.0645543079,90.3952099950784,51175.9055862132
MED12,RYR1,289.089208830475,258.757836729342,1670.80437128487,3060.78091373031,0.976801560494435,0.907481719805102,0.299425629585722,0.805760480284926,0.125947061623175,6.3976123769819,324.398435915653,281.271546449231,2,6,1,195,204,53.8211884740617,814.385411163462,103.777084647726,519.140600945864,,16937.2493887751,,29035.4451675421
MED12,SACS,767.421311322701,481.650891471353,0.001,16643.725447452,0.95249442739883,0.783428757919055,0.000446235948921368,5.05046812595914,0.692467052981984,7.29344176623309,745.308293666193,648.286431569849,4,14,5,252,275,368.721861038049,1383.62632222289,271.302613230819,779.866849827764,,12596.6855425689,5015.60755792375,54572.8716553787
MED12,SF3B1,707.489498908581,1130.80540593595,4444.84466934181,38248.6922743096,0.982373258000914,0.718387329606534,0.00377582590807017,3.50914922745934,0.33016398392403,10.6285040111061,745.308293672666,1540.11705997909,6,6,3,260,275,319.489955300841,1310.55240388867,451.826453216338,2274.7659046615,,41045.9940533533,4186.48864317836,131515.731761983
MED12,SMAD4,781.898605326446,2718.41701474011,0.001,7189.79056938435,0.966581718192043,0.951880386618657,0.937651042632234,1.08028669998631,0.854087718621903,1.26484279826595,745.308293663103,2788.32035227892,8,24,1,242,275,375.665815797048,1409.79583908387,1770.42014104983,3956.66742795507,,5890.72666531135,402.118652221269,34400.9145986316
MED12,SPHKAP,584.801802966446,646.842918896232,17054.4773948223,0.001,0.701502100303071,0.980072707201064,0.0432354155303304,2.19906574393336,0.251224962860411,8.75337274964682,745.308293663682,637.289028009442,7,5,2,261,275,251.267771182155,1131.07298185328,277.925589089523,1251.05884249862,2650.10795170211,65762.6561856046,,23241.8111853018
MED12,SPTA1,587.206327242298,361.086696347196,12028.4463449213,0.001,0.730737124119731,0.974750166297195,0.0778842597167839,2.18062130012947,0.326294466334729,6.68298584595817,745.30829366602,355.57728610669,7,7,2,259,275,252.29864764645,1135.73547964392,173.495715182955,650.993919308733,1904.77920943567,43140.5468153826,,9944.6903140682
MED12,SYNE1,674.573097261963,334.132730798441,2790.18202545468,7525.02934866992,0.983922377021374,0.769140684584552,0.000677695444775788,5.41261128844123,0.847130038696298,6.38935115176772,745.30829367316,399.015338936437,4,18,5,248,275,281.012632207127,1290.40377787788,203.128544417264,511.477764838061,,16344.968829473,1534.1887338684,25756.7754201767
MED12,SYNE2,181.826740522299,629.354510803858,26510.2373952073,37743.6354886062,0.688008325141143,0.916292753989692,0.00149252830575535,2.13371422180684,0.0687386945789567,31.0409476769442,324.398435913802,754.531314194114,1,2,2,199,204,11.8734046480269,673.38439753087,136.218684642844,1621.99809972876,,190688.567222424,,795818.998519803
MED12,TENM1,481.067392139301,300.301341185815,31386.6652853622,3144.94714065058,0.538431717132339,0.956393382372872,8.97497150886989e-05,4.34962142362572,0.303250467671426,14.3433296476844,745.308293675274,328.839835109034,5,4,4,262,275,174.302459510608,1019.26559873547,122.129493946235,585.595405994386,5577.32681557928,111768.444897976,,23824.8809051258
MED12,TP53,565.759261256011,1507.6405310387,2025.2486759058,0.001,0.962993640729085,0.975362530646786,0.784623651396806,2.97752281715478,2.12346454538603,1.40220039163097,745.308293672414,1485.32595519979,6,59,3,207,275,224.812801637005,1146.90285593019,1161.96600331295,1916.37178153071,500.379155730906,5327.39348242852,,7497.1774259124
MED12,TTN,329.819444476174,659.926429808705,0.001,0.001,0.951865018869947,0.9451222577737,0.899637231676423,2.16812953580009e-07,0.0917666144168021,2.36265612453838e-06,324.398435914921,652.433493249002,3,5,0,196,204,82.0182345120797,855.343667720205,236.62984391406,1418.56761532133,,13878.4977796222,,26083.7502765718
MED12,XIRP2,753.545487235294,239.593552489913,0.001,16938.1055583705,0.997723428533275,0.595176776711366,0.000177557426266388,4.11149570886438,0.31193126687093,13.1807745664868,745.308293675274,427.402901609008,5,5,4,261,275,362.067044233319,1358.53737115094,85.9161549384572,514.978411059731,,39337.4844264072,4762.28313756395,51144.641725311
MED12,ZFHX3,327.510428955019,133.048649090391,0.001,26587.7260288952,0.99652920469127,0.659889242729169,0.00293497477823306,1.78482643490506,0.0712978882274145,25.0333702621333,324.398435913875,265.16896025121,1,2,2,199,204,81.4448840800512,849.33542625457,22.1227839856787,410.854260910931,,59275.0249254786,3318.62882490492,419435.808434416
MED12,ZNF521,583.54954731694,328.197380934237,21905.0668151589,0.001,0.629791775759394,0.979617327950913,0.0271886211223063,2.31474123924701,0.224619101772206,10.3051842919151,745.308293670149,323.21739046141,7,4,2,262,275,250.731020481968,1128.63973135596,130.440839147345,665.084865523122,3399.85434593252,86126.7522761499,,13654.4037469613
MED12,ZNF536,331.403350588756,316.415557659354,0.001,0.001,0.938409944853842,0.920899813405216,0.864194064185861,4.41014024251275e-07,0.13650717488979,3.23070215618579e-06,324.398435914936,313.132526082908,3,8,0,193,204,82.4122281197816,859.447357718902,144.584199930458,589.070844415721,,10355.2946402235,,8689.72540815704
NF1,NRAS,968.243353855563,1776.77466960546,0.001,0.001,0.964213172643299,0.965012508573403,0.930479163048609,6.81470251301213e-08,0.0828427089095124,8.22607396923211e-07,965.004013580448,1745.36273098723,11,2,0,262,275,502.738894509569,1658.41643577198,295.436914880231,5486.53616173112,,63483.6994499168,,98935.2760860588
NF1,PBRM1,885.097199619329,639.312738630229,9516.04519521242,0.001,0.805766621523627,0.968705283232895,0.431788433487273,1.19210892060865,0.276721714175091,4.30797028040366,965.004013579285,625.128243827686,10,5,1,259,275,443.472451259378,1552.55157651682,254.089681633601,1295.58359517048,526.010956576775,48329.3283024925,,15324.0093493521
NF1,PEG3,885.298858634922,237.554743353192,9308.65992172053,0.001,0.728660914899858,0.951853100700112,0.432021725631042,1.12341991604133,0.262785920924109,4.27503844989384,965.00401358045,231.468038011921,10,5,1,259,275,443.574052660624,1552.91233249389,94.4118495373255,481.428094136873,513.860851168845,47580.0766109113,,4862.98157340013
NF1,PIK3CA,893.963667391026,1123.75116442173,4621.63922637423,0.001,0.859340091342564,0.953304942165044,0.703988849750798,1.10121278733215,0.479118861200319,2.29841251620385,965.00401358045,1098.47924324461,10,10,1,254,275,447.908815808954,1568.15965734635,583.473238560148,1924.92157097572,259.315429574408,21771.029542322,,14577.6519182931
NF1,PLEC,963.144605463564,186.487234874167,1101.80933733549,1320.62757175378,0.999983987846391,1,0.548115663868941,0.935469770942346,0.270239822318058,3.4616281305919,965.00401358045,212.660415979892,10,5,1,259,275,494.717607787565,1658.39885602184,66.9637085406061,400.011960407215,,31024.0862459204,,7060.23214189749
NF1,POLE,974.523831647521,235.243610640532,0.001,3503.29267463352,0.961142720401736,0.737358224259734,0.351938765795472,0.956728886409568,0.175220640189973,5.46013806006124,965.00401358045,306.908387720695,10,3,1,261,275,505.983645752136,1669.23609410835,58.5007147336027,610.044213025944,,32361.3239261498,196.728494588467,16451.4719395217
NF1,PREX2,799.470865304171,468.182662137728,12844.4177135474,0.001,0.749326996673045,0.982312853871907,0.112289582909262,2.19294792737354,0.394395860393926,5.56027115797616,965.004013575927,459.216574028956,9,7,2,257,275,384.131586762261,1441.34732074762,224.953942251119,844.072147674239,2043.95547229205,45327.9656484437,,10684.5485798885
NF1,PTPRT,886.566911955153,176.117596942431,8086.75585540731,0.001,0.829518857217255,0.965739894200335,0.492867307503962,0.990049012402986,0.260974291143931,3.79366491643026,965.00401358045,171.695159064531,10,5,1,259,275,444.204258542083,1555.1583102236,69.9939083384092,356.928104771217,442.925891470768,43069.7816322586,,3708.08293779042
NF1,RASA1,813.11205917379,421.76445523679,17080.3075638735,713.299807636448,0.845061883489252,0.999605522856164,0.0630317180419997,2.03219602586582,0.277404103876323,7.32576049693861,965.004013570656,427.2034432593,9,4,2,260,275,390.90413441297,1464.78813251339,159.866268381877,868.912263701567,1528.45611947743,71900.8636109217,,15812.5490409139
NF1,ROBO2,889.192066352374,310.863368996196,6385.10810760476,0.001,0.867795816411287,0.966509191592901,0.582757074819153,0.957683603397147,0.310741262843691,3.081932520429,965.004013577446,302.892005580439,10,6,1,258,275,445.516937779076,1559.77689833716,133.558092323916,601.305883271945,353.30886048499,32183.4699230291,,5685.71037443747
NF1,ROS1,886.283179119185,527.45713016924,8315.84936590352,0.001,0.900365131399168,0.980658405074507,0.489483249815087,0.997846537716685,0.257139978828917,3.88055775014503,965.00401358045,515.737306275864,10,5,1,259,275,444.062457580766,1554.65398987239,209.630777852788,1068.92280282577,455.923898485033,43970.7183064359,,12827.6222061732
NF1,RYR1,1078.51032580962,229.750709217928,3435.46274056581,2078.16130388929,0.992417530241304,0.911456814459244,0.172072647073518,1.69735275226717,0.384514994952475,4.41426933812285,1122.93310348297,281.271546449484,8,5,2,189,204,514.951562301964,1937.58259449798,83.352541709779,486.643726050259,,30539.6788970028,,9086.21769637223
NF1,SACS,724.018545612504,660.657352132315,8066.46592659435,0.001,0.655178411288022,0.96307260601501,0.100525475859153,3.17880857258348,0.837004301127669,3.79784018827714,965.004013583633,648.2864315665,8,16,3,248,275,330.83573084361,1347.90784095031,406.287515139425,1004.01972751489,1955.97887491186,22203.3427589115,,7988.68106806806
NF1,SF3B1,890.745271872831,1575.31950328162,5672.87027290416,0.001,0.866687112798583,0.96343955773304,0.627501750371959,1.12220485360927,0.406679468680013,2.75943326387164,965.00401358045,1540.11705993782,10,8,1,256,275,446.29537861003,1562.49942517171,756.91080620491,2840.12018577416,316.195731910899,27554.3844309355,,25342.1264920362
NF1,SMAD4,825.197137796713,2853.41833502338,3971.17847374967,0.001,0.693581700858013,0.877744752549875,0.543496760314944,2.10881377140893,1.04187896053383,2.02404871514867,965.004013570868,2788.32035233124,9,23,2,241,275,396.468480534985,1487.84476627993,1875.53367163957,4123.94931278549,652.211638484211,12676.5214127295,,18411.2270767326
NF1,SPHKAP,885.874211116928,652.272699371488,8712.44149534149,0.001,0.725770173149614,0.949985822194921,0.453129513567491,1.20437442152318,0.297395125417739,4.04974499777507,965.004013569398,637.289028002479,10,6,1,258,275,443.861258315753,1553.92055152677,280.253031689974,1261.59675335512,482.376850721251,43762.2219156082,,12401.9968612699
NF1,SPTA1,708.297790173611,362.925614175718,24490.5418386618,0.001,0.289743788368886,0.942514430281695,0.00615202847489917,3.47398440092087,0.383691091265868,9.0541179610388,965.004013578688,355.577286107151,8,6,3,258,275,323.661370865052,1318.55119068028,174.376348664785,654.320648789907,5683.34277886719,76498.6951465803,,7449.5472334288
NF1,SYNE1,727.834995392659,406.434407344652,7033.96821486386,0.001,0.60105093890795,0.92503019286308,0.133443860475443,3.48272454760656,1.03231348191732,3.37370828591532,965.004013579393,399.0153389345,8,20,3,244,275,332.575159608075,1355.04101116223,262.095511615407,596.04595274653,1710.18866907681,19228.3412202635,,3930.83775126342
NF1,SYNE2,1136.36041482058,777.714639711562,0.001,0.001,0.889750379324192,0.886712427360165,0.788978236867871,2.55139565788834e-07,0.222487901391559,1.14675703349734e-06,1122.9331034799,754.53131419982,10,4,0,190,204,569.336315725141,1993.45633608459,241.426164597151,1806.92248601618,,20721.0634725333,,12657.8892301241
NF1,TENM1,888.627006343091,337.396406201473,6698.31788425553,0.001,0.746638809317867,0.937462639345435,0.544767793589279,1.13370401636251,0.352409816432381,3.21700464487499,965.00401358045,328.839835108523,10,7,1,257,275,445.237851518509,1558.77849740873,154.16871755532,628.157610316442,371.641974533087,33258.6132599448,,5148.81319835155
NF1,TP53,793.141257445758,1515.43765016148,2259.00297538651,0.001,0.85752586385835,0.902990340230403,0.835360024766934,3.10951634093762,2.5630765201002,1.21319684236975,965.004013576746,1485.32595521176,8,59,3,205,275,362.358451333034,1476.99070837687,1167.9390626933,1926.34536181974,558.102248348494,5942.73319229933,,5430.21628292615
NF1,TTN,1138.68640442665,536.441023124614,0.001,4686.63882151131,0.984411408323359,0.910782968934894,0.535515064614765,0.992651697346647,0.293503465469704,3.38207828571315,1122.93310347607,652.433493246093,9,4,1,190,204,570.495942049806,1997.57195622069,166.522219431558,1246.42331141613,,29873.8696228135,261.490904439967,22668.9652355063
NF1,XIRP2,982.050506847563,388.257240499341,0.001,2159.63279796599,0.996428614744601,1,0.708991992644511,0.906794082879491,0.369490920115748,2.45417149248329,965.00401358045,427.4029016058,10,8,1,256,275,509.887398473332,1682.1660516212,177.415190843173,722.796773722239,,18193.3617954523,121.201388951382,10169.1742814722
NF1,ZFHX3,1138.07053765417,204.806595202824,0.001,2266.93537629212,0.957261211947151,0.799550530744759,0.448494534872293,0.92114675677399,0.225642845213445,4.08232202489132,1122.93310348414,265.168960251059,9,3,1,191,204,570.18377051259,1996.51429781029,50.9292256394271,531.169694614015,,30269.2914701002,126.619392655218,10912.3770907798
NF1,ZNF521,883.968965693512,330.753493124809,11039.2921665105,0.001,0.687269316055779,0.953441858935036,0.375753487092488,1.30860726349708,0.266714566534249,4.90639592918163,965.004013580876,323.217390461461,10,5,1,259,275,442.910188506221,1550.56717347074,131.454773861545,670.286155664672,610.662183651391,55835.4139576839,,7421.29136316828
NF1,ZNF536,1027.98787571676,322.198951058234,6302.38474472219,0.001,0.818160145368493,0.962084959221742,0.638113541795588,1.12333490625038,0.428331426009462,2.62258344365694,1122.93310348054,313.132526083077,9,7,1,187,204,493.909971362028,1853.45919289771,147.221557451526,599.879649207724,351.1707688308,30663.2021860177,,4642.39910768719
NRAS,PBRM1,1762.69389572818,627.358044325929,0.001,0.001,0.980460444959124,0.978969917126662,0.959841678416629,4.84957608610712e-08,0.0440186972738226,1.10170822547061e-06,1745.36273097283,625.128243828402,2,6,0,267,275,293.098154034461,5442.98741565332,249.345806348936,1271.28854763424,,181788.57820633,,70333.8610317898
NRAS,PEG3,1763.43953867343,232.588739819084,0.001,0.001,0.979638732340769,0.971571266478854,0.951789364707352,1.00380860690264e-07,0.0403981668869295,2.48478751452314e-06,1745.36273097283,231.468038012127,2,6,0,267,275,293.221945671962,5445.29531112594,92.4429306208184,471.324417119075,,174491.064802159,,19277.1604643337
NRAS,PIK3CA,1774.73481306046,1103.69495422344,0.001,0.001,0.968539280674839,0.949777724234912,0.919898263447047,5.84816035736901e-08,0.0772328503566798,7.5721151431817e-07,1745.36273097283,1098.47924323973,2,11,0,262,275,294.90012601374,5476.49136127549,573.06471666511,1890.39685724314,,109118.641310549,,50480.0013918149
NRAS,PLEC,1761.77297663852,213.532634378173,0.001,0.001,0.98148388657716,0.975871644031441,0.957802769296953,1.15443367796654e-07,0.0431429154959946,2.6758360316973e-06,1745.36273097283,212.660415979687,2,6,0,267,275,292.945600198688,5440.14355116141,84.8682623623358,432.715157925609,,191720.402825628,,21059.3666910719
NRAS,POLE,1756.00814275989,308.043502194474,0.001,0.001,0.987937128112281,0.985393275772026,0.973506804362145,5.64354472494533e-08,0.0291712534534149,1.93462537835674e-06,1745.36273097283,306.908387719029,2,4,0,269,275,291.986087091603,5422.29186741189,95.6308422307316,715.627523130084,,304099.509453147,,49664.5831582013
NRAS,PREX2,1778.65202618333,461.194008409566,0.000999999999862666,0.001,0.962976031311106,0.962384233240036,0.926754286440398,9.05634096014241e-08,0.0643339126649521,1.40770871613349e-06,1745.3627309648,459.216574033248,2,9,0,264,275,295.749484244208,5492.36349155163,221.602195049949,831.43698079191,,93383.9787946808,,28478.4091462039
NRAS,PTPRT,1761.52425459528,172.603055151112,0.001,0.001,0.981768592109803,0.969026157028282,0.951360106934596,1.30004979228496e-07,0.0400643146518982,3.24490710394161e-06,1745.36273097283,171.695159064544,2,6,0,267,275,292.903931821551,5439.36254439522,68.600141078709,349.77933866954,,193995.034467565,,13112.9021931345
NRAS,RASA1,1762.94547800206,428.746063987314,0.001,0.001,0.980180599341812,0.978742736866858,0.959345120686924,6.37256614005599e-08,0.0431076024357759,1.47829287178525e-06,1745.36273096043,427.2034432576,2,6,0,267,275,293.139969427597,5443.76173012525,170.403757575108,868.8421093249,,178583.849153666,,48322.2495235389
NRAS,ROBO2,1768.66658390073,304.248461332418,0.001,0.001,0.973865441499199,0.969420530150708,0.944086009887334,9.4502635104507e-08,0.0478788780941882,1.97378549511122e-06,1745.36273096563,302.892005580373,2,7,0,266,275,294.090163391812,5461.46278543737,130.724295360503,588.450588341252,,134407.948297912,,23629.6919438131
NRAS,ROS1,1761.30265017896,518.158907463758,0.001,0.001,0.981984750350283,0.972414692537767,0.95489695974192,5.3886362933863e-08,0.0423375124850177,1.27278056198819e-06,1745.36273097492,515.737306276239,2,6,0,267,275,292.871357580309,5438.75840341569,205.942083387403,1050.03255226297,,196766.132859248,,43718.0565266569
NRAS,RYR1,2330.15997090301,283.150331100401,0.001,0.001,0.976780942193937,0.954915741593583,0.932745561895727,1.31402404745379e-07,0.0645645407535897,2.03521008918619e-06,2302.85604386828,281.271546449483,2,7,0,195,204,387.451387089099,7195.21893927114,121.645706389509,547.741606935329,,199585.011163259,,14635.4875514654
NRAS,SACS,1809.55788240909,651.125113122519,0.001,0.001,0.930416703508895,0.921709104712084,0.857578862120059,1.49259903173271e-07,0.135326416178427,1.10296206304963e-06,1745.36273097283,648.286431570156,2,19,0,254,275,300.885482224528,5587.92904269563,400.440805719503,989.481366048336,,48197.4854594581,,18801.6634293763
NRAS,SF3B1,1772.38981392994,1545.96660780211,0.001,0.001,0.969780915173536,0.966756862214986,0.937543300551174,4.02810986640731e-08,0.0647245533250936,6.22346491319179e-07,1745.36273096133,1540.11705999982,2,9,0,264,275,294.709260421384,5472.96859988373,742.830562244449,2787.02265513673,,114718.428331232,,108375.924924997
NRAS,SMAD4,907.897103688414,2794.92095513228,22314.4764579732,0.001,0.734274998061296,0.988497013315639,0.281006545441869,1.09420616998045,0.173544741169613,6.30503789746666,1745.36273096442,2788.32035226244,1,24,1,249,275,51.8030247232798,3997.65315746163,1837.25655446769,4038.96981075297,1264.74762260662,100771.319009603,,275255.929806894
NRAS,SPHKAP,1763.51593261266,640.658291048506,0.001,0.001,0.979562603302002,0.96397541673198,0.944275061087834,5.25238548713253e-08,0.0483183400240838,1.08703765164832e-06,1745.36273097283,637.289028011641,2,7,0,266,275,293.234296855891,5445.50448235333,275.271715888597,1239.0677267769,,171490.382256407,,41061.9051870432
NRAS,SPTA1,1769.03758107043,357.457481286023,0.001,0.001,0.97346128873059,0.953986208674033,0.928669907100692,1.05033506279592e-07,0.0608676343139973,1.7256051999287e-06,1745.36273097283,355.577286106046,2,9,0,264,275,294.153072398094,5462.59419605959,171.755314061213,644.431646021063,,130337.49179305,,17891.393180638
NRAS,SYNE1,1816.50429980306,400.508938810515,0.001,0.001,0.92329717824723,0.919429502180433,0.848912882223407,2.71423256169301e-07,0.167337336677088,1.62201252606923e-06,1745.3627309648,399.01533893461,2,23,0,250,275,302.043627280594,5609.44362312723,258.287188329022,587.316539357963,,43496.4192644235,,11224.2541789289
NRAS,SYNE2,2316.16279669124,758.433929819404,0.001,0.001,0.988562653079952,0.979645820983455,0.968441617356744,3.38885192963101e-08,0.038089042464701,8.89718331137262e-07,2302.85604364813,754.53131419982,2,4,0,198,204,385.130337870248,7152.04300152989,235.450422766942,1761.98963217538,,436885.597874302,,87580.1648246319
NRAS,TENM1,1767.4977826612,330.34859730513,0.001,0.001,0.975146676077685,0.964288494482787,0.940323664606574,1.00480236778786e-07,0.0545877968456507,1.84070877714479e-06,1745.36273097283,328.839835108011,2,8,0,265,275,293.897434261084,5457.8429080318,150.956610739421,614.973589128227,,139821.162761867,,21641.1091949336
NRAS,TP53,1956.6420950106,1492.92491531525,0.001,0.001,0.796012105173119,0.742614216238177,0.591176186070005,3.04574897663779e-07,0.438657832210806,6.94333658944927e-07,1745.36273097495,1485.325955198,2,62,0,211,275,325.327883838456,6042.7836967169,1150.68579888587,1897.54511790828,,15620.3784123611,,11353.0892898575
NRAS,TTN,2329.30970078096,655.52480675108,0.001,0.001,0.977456899372143,0.976834073301396,0.954814097794105,4.82231220699163e-08,0.0481900272943171,1.00068675569319e-06,2302.8560438491,652.433493249062,2,5,0,197,204,387.312901972871,7192.69371520266,235.0577521981,1409.05573536049,,210353.476765726,,67905.8458817338
NRAS,XIRP2,1770.06008544601,429.588270544209,0.001,0.001,0.972340723459045,0.95546320229866,0.929037036469421,9.30773814923277e-08,0.0626926888021328,1.48466086350345e-06,1745.36273096043,427.402901608765,2,9,0,264,275,294.322449136181,5465.75741031364,206.41355047612,774.471108947498,,125349.112410087,,22144.9965464152
NRAS,ZFHX3,2316.88656299039,266.586958944519,0.001,0.001,0.987956884474277,0.978996563907195,0.967206848989208,8.0845320284649e-08,0.0379995814685675,2.12753186114754e-06,2302.856043936,265.168960251224,2,4,0,198,204,385.248490471035,7154.24264660424,82.7583352089167,619.35239114215,,412849.762906225,,30115.2702943535
NRAS,ZNF521,1763.02005426438,324.556293807379,0.001,0.001,0.980103804182922,0.975627019703904,0.956216209101806,7.85654370536598e-08,0.0422278252428167,1.86051345533179e-06,1745.36273097283,323.217390460827,2,6,0,267,275,293.151847717838,5443.97982018779,128.995888818696,657.687109054793,,177496.150413351,,31428.3693554978
NRAS,ZNF536,1167.59968595165,314.356177422,80017.5369945378,0.001,0.608309258281292,0.983747004111376,0.111840440218642,1.13133761068624,0.0724568334096846,15.6139532663461,2302.8560438491,313.132526082641,1,7,1,195,204,66.6192576986015,5140.87650140803,143.647377394924,585.216436199916,4463.39127985006,387528.239910903,,56267.1764151267
PBRM1,PEG3,629.729569724258,155.328942193511,0.001,10073.5164765303,0.997005262655313,0.942069773932105,0.0123296355976451,2.15553068148367,0.147254543272203,14.6381268352388,625.128243837208,231.468038012786,4,4,2,265,275,250.287406259196,1276.10370537408,48.2213005044637,360.850869969241,,59519.3487398772,1521.19810589603,43595.532273438
PBRM1,PIK3CA,358.283295464589,1065.3526088808,16899.8656925544,7059.25108173501,0.92994712658318,0.996464544350443,0.0023482348073226,3.21356819937412,0.265419683716899,12.1074976594493,625.128243832892,1098.47924324392,3,8,3,261,275,89.697668652357,918.563414896739,536.201183740597,1851.62051685612,2372.69800949131,54735.3268493999,,95666.6503439486
PBRM1,PLEC,632.240363669699,178.879843902426,0.001,3622.49319061628,0.987099163434362,0.857018249848273,0.268174548646131,1.1236963616168,0.151588200643318,7.41282208541297,625.128243832919,212.660415979636,5,5,1,264,275,251.285664904934,1281.22827002318,64.1441485172894,384.479458474522,,32553.9186264321,199.93217871894,18524.3078706269
PBRM1,POLE,630.653696905708,154.724515384225,0.001,16959.7610236306,0.96909385105902,0.399365945307896,0.00583951505427317,2.01989621467877,0.0971512162561316,20.7912601871445,625.128243840606,306.908387719662,4,2,2,267,275,250.650642987874,1278.00815716815,25.7272089726231,477.777779770008,,45999.8774472293,2603.70719779325,69475.8216100222
PBRM1,PREX2,633.474539043297,359.594937645258,0.001,13125.8122509678,0.992682811487742,0.869820242815865,0.0296249841385961,2.22707898913745,0.217592403112373,10.2350953309124,625.128243839439,459.216574031115,4,7,2,262,275,251.773584731328,1283.71152094976,154.50752604811,695.474951776962,,32222.8517005597,2019.06529136851,53209.2669422017
PBRM1,PTPRT,630.967498460132,115.257902432857,0.001,7038.59779254915,0.988216733514994,0.750524139060838,0.0132913928366122,2.10171645707605,0.14489004232533,14.5055962669743,625.128243840606,171.695159064539,4,4,2,265,275,250.743305466815,1278.45237590869,35.7860951875905,267.806123047503,,48143.7227560402,1077.90797300226,28969.753903723
PBRM1,RASA1,629.600416860561,214.532824171199,0.001,36997.3387015633,0.990640150603216,0.454667277637837,0.000158804024466449,3.38301199512451,0.154247875862161,21.9323084756619,625.128243832213,427.203443259902,3,3,3,266,275,250.235698260721,1275.84427520658,53.350894518974,556.32441129508,,68207.065026365,7979.4284504027,151532.39367705
PBRM1,ROBO2,632.809087779734,217.7428252163,0.001,11604.0411474744,0.977486790762467,0.565207580259196,0.0164196875441888,2.19777703833212,0.171395017402402,12.8228759017666,625.128243826051,302.892005578922,4,5,2,264,275,251.517680027919,1282.42162138957,78.079084953865,468.018706058078,,32597.531273863,1746.62357676476,51049.1192949287
PBRM1,ROS1,629.251013673238,259.138290349136,0.001,40436.5555831798,0.995161208727572,0.72786861267135,0.000203292561275222,3.21661551906934,0.143264322764171,22.452313716404,625.128243838902,515.737306273958,3,3,3,266,275,250.096841409819,1275.1359934285,64.4437586756654,671.990695111764,,84983.3664841235,8840.97416320288,160984.671305801
PBRM1,RYR1,271.967307288257,282.833615266492,0.001,0.001,0.950388115646536,0.962781418352296,0.915020924484897,3.02521753470925e-07,0.080417580269391,3.76188580230226e-06,265.117268424075,281.271546449844,2,7,0,195,204,45.2211910623998,839.855259485445,121.510111865744,547.12739440831,,10655.9710556137,,19260.6028099735
PBRM1,SACS,646.414623647735,584.352449923383,0.001,8226.26164335619,0.981004441972475,0.86443803831392,0.136660986316655,2.1921169243921,0.464124835705557,4.7231192036075,625.128243837364,648.286431570433,4,17,2,252,275,256.909677343429,1309.9939124377,348.694602785921,907.916868877446,,12622.4727607066,1274.8295471993,32546.5364936772
PBRM1,SF3B1,422.370954666261,1553.83768310881,14674.6123132074,0.001,0.854876471307975,0.982549227741094,0.0353714863982203,2.19807347436995,0.229911598627286,9.56051581344225,625.128243830675,1540.11705997187,4,7,2,262,275,131.122085595342,981.240181678792,746.607669990947,2801.28637948809,2326.41890206922,52456.9350280017,,79332.5442877874
PBRM1,SMAD4,607.639418350399,2751.91039775345,976.41305897556,6415.14320957757,0.997306260508224,0.986973451753752,0.83726390596011,1.05029890376288,0.573632768812077,1.83096043473583,625.128243840397,2788.32035231746,5,24,1,245,275,223.57411421767,1275.23420800673,1795.17039913805,3998.95707973402,,8650.4726427819,,48845.7853761249
PBRM1,SPHKAP,420.12845607903,641.448454616009,23381.1525169639,0.001,0.860647037094461,0.997158987502862,0.0154991381537206,2.28413186904905,0.165138599070398,13.8316049785267,625.128243838375,637.289028009442,4,5,2,264,275,130.426817271906,976.016879624238,275.612369753039,1240.59070858533,3629.37560383823,90313.2724379657,,53848.0332250666
PBRM1,SPTA1,421.589792810381,358.041214629814,16843.9963629488,0.001,0.835986393138172,0.99505055359156,0.0272898322046174,2.29238972452716,0.21193109122984,10.8166749447869,625.128243831843,355.577286106349,4,7,2,262,275,130.880469389733,979.418376949662,172.036095495361,645.480865497395,2680.52316156166,59552.8939873768,,22433.1239400151
PBRM1,SYNE1,650.384396165663,367.25436550278,0.001,3969.96848751964,0.987228540199563,1,0.208667911582439,2.14816008186801,0.581910179580694,3.69156642596612,625.128243830675,399.015338934718,4,21,2,248,275,258.493875836356,1318.10905620312,231.693050469327,547.581641748413,,10910.7008903938,614.279608510444,15877.1785383136
PBRM1,SYNE2,267.975367966234,758.697083015825,0.001,0.001,0.978845149784688,0.978359909207811,0.957663759289271,1.19341226066313e-07,0.0461860020685212,2.58392631363199e-06,265.11726842377,754.53131419982,2,4,0,198,204,44.5581178645602,827.490050718738,235.531286997572,1762.597779996,,26930.3347291304,,81582.1399623346
PBRM1,TENM1,631.809122830242,248.261207705173,0.001,10754.9652359315,0.99817943613673,0.976719749390269,0.0229205400544637,2.19070859271735,0.194992384683082,11.2348417928109,625.12824382908,328.839835108705,4,6,2,263,275,251.113572471816,1280.33669627865,98.6693771129864,503.100974935595,,42377.3942659796,1638.76217205849,45116.7588615908
PBRM1,TP53,711.395315058028,1450.0483640685,0.001,4945.99442970675,0.964228079498618,0.913621960375686,0.782709167353264,2.08973027089989,1.4032204754146,1.48923872442957,625.128243832221,1485.32595522854,4,60,2,209,275,282.679704037938,1442.0170191204,1112.63869065216,1850.02393965789,,3523.46531724214,770.973314063612,19101.3769869251
PBRM1,TTN,269.996153666213,655.666606611757,0.001,0.001,0.9642840975384,0.975929321721624,0.941075231775747,1.6694712117539e-07,0.0618020169550295,2.70132156523095e-06,265.117268424075,652.433493251083,2,5,0,197,204,44.8935655003084,833.75649994061,235.108818433063,1409.36665853442,,15403.2364693822,,67176.2702502174
PBRM1,XIRP2,635.553834253326,334.789954246729,0.001,11669.6349216857,0.977599414509657,0.658889507389992,0.0313406361612958,2.08739606605048,0.202081257724942,10.3294886896027,625.128243830675,427.402901607137,4,7,2,262,275,252.595505120585,1287.9495572075,143.848457978404,647.506786505545,,25238.471879716,1806.31337880902,46288.7836100181
PBRM1,ZFHX3,268.907468631534,266.606940399049,0.001,0.001,0.972084238667985,0.978823042061823,0.95149989079253,1.78237197285235e-07,0.0464695453682397,3.83557006794074e-06,265.117268424075,265.168960251863,2,4,0,198,204,44.7128963351356,830.383997833451,82.7645223707476,619.399424824324,,20214.8745034612,,30194.4438215403
PBRM1,ZNF521,419.169900756812,325.445174861091,31505.4863127128,0.001,0.726844841218102,0.994683015888875,0.00870791114901223,2.48053906599952,0.149236161573205,16.6215683910011,625.128243834017,323.217390463336,4,4,2,265,275,130.12979525361,973.783171172804,129.349163281011,659.49038463847,4889.55374167555,123913.664581607,,31812.2883022345
PBRM1,ZNF536,270.564836412992,314.816050993551,0.001,0.001,0.960241246212979,0.958493867006455,0.920388291516401,3.13782269260269e-07,0.0879486173619767,3.56779081550324e-06,265.117268424502,313.132526082908,2,8,0,194,204,44.9886405925049,835.501824203405,143.85667412178,586.073892302527,,13267.4265627303,,18879.7798122745
PEG3,PIK3CA,156.898422829824,1106.99154804787,4361.08590490078,0.001,0.986920975764251,0.995117648341725,0.052316119955691,2.08587354414751,0.262140514446195,7.95708190530635,231.468038011353,1098.47924324634,4,9,2,260,275,48.7081115224864,364.504213195603,574.780480366573,1896.07953026836,699.702445998884,14977.4354115895,,55025.8323849564
PEG3,PLEC,233.955727829857,178.937266685197,0.001,3507.9188209897,0.993805735518948,0.94509416863643,0.278013245526104,1.08132589052211,0.149629720539923,7.2266785410028,231.468038011409,212.660415979636,5,5,1,264,275,92.9844917436372,474.10982730558,64.1651297218909,384.606562910541,,15185.6987165622,193.33345797583,18065.9964211066
PEG3,POLE,233.387369687789,154.645664467014,0.001,17872.3458244517,0.974561496957826,0.4090287155498,0.00535458734298451,1.98299333896914,0.0897364824809491,22.0979615441259,231.468038012786,306.908387716552,4,2,2,267,275,92.7565407371518,472.941149021503,25.7151306557138,477.552955429147,,20940.6353917779,2729.07479026204,74038.2917139706
PEG3,PREX2,234.518770683109,359.633243283972,0.001,12953.5210816898,0.997148054382022,0.892042366819974,0.0298988647737155,2.31979712213231,0.233449485988035,9.93704103615464,231.468038012786,459.21657403027,4,7,2,262,275,93.2090074991721,475.244032085306,154.524111480856,695.548116399781,,12755.3696310751,2009.24168035225,51016.6924100902
PEG3,PTPRT,234.564820480427,115.236932565827,0.001,7370.02286360314,0.965225487294165,0.361352663621521,0.0116785638500629,2.38106812045491,0.163657161858696,14.5491226501335,231.468038012786,171.695159064987,4,4,2,265,275,93.2260904823421,475.348257440884,35.7743628793569,267.717270552893,,10901.6984258976,1136.24880107157,29753.1420437155
PEG3,RASA1,234.259351912124,286.708735094932,0.001,18775.5961004797,0.970817735721116,0.407708159658898,0.0111046883178042,2.38411913007969,0.162645436348044,14.6583831899097,231.468038011946,427.203443259397,4,4,2,265,275,93.1052347709063,474.724952961219,89.0065249017016,666.077367862702,,12417.9298067557,2909.32785304778,74295.2860791257
PEG3,ROBO2,234.513177090465,217.70921815757,0.001,11887.6862713643,0.974408906354054,0.46889906603942,0.0148648924540239,2.50381431297026,0.200207966753409,12.5060673337447,231.468038011513,302.892005579107,4,5,2,264,275,93.2071299334926,475.249776880729,78.0674353669416,467.94578184159,,11976.0433890751,1828.42809279274,48329.5506362641
PEG3,ROS1,234.376558798254,346.288275020848,0.001,21175.5483177892,0.970800197353443,0.436414068630418,0.0126427209031398,2.24070255202124,0.15101459343033,14.8376557597724,231.468038012786,515.737306274832,4,4,2,265,275,93.1524261191204,474.96889264533,107.501370274588,804.473573082174,,12147.0369492346,3283.04698671095,83601.2989997786
PEG3,RYR1,107.110966966589,241.476796519374,0.001,18634.7659107139,0.96330831463846,0.363454909975389,0.0850716711251473,1.30687154853398,0.0914049145955176,14.2976070194596,103.72785878401,281.271546449527,1,6,1,196,204,17.8093357365214,330.788066331868,95.9651117568433,489.425760736477,,4840.09640712498,889.018300221532,294499.088518035
PEG3,SACS,240.586418096666,584.353825586393,0.001,8255.8316486983,0.953300386524976,0.66592524456938,0.131758637049835,2.2425623667454,0.475783222415658,4.71341203533703,231.468038011513,648.286431570385,4,17,2,252,275,95.6160493410044,487.580190590805,348.695392922599,907.918559299816,,3864.96405900599,1279.50234755409,32661.3683381072
PEG3,SF3B1,156.488071061565,1553.08199868345,5108.91439439337,0.001,1,0.992960004132045,0.0415613785980569,1.8670392146177,0.206159831663889,9.05627056225777,231.468038012602,1540.11705997712,4,7,2,262,275,48.5803182066831,363.553195476837,746.245111354339,2799.92503193875,796.516792662742,19175.6475441297,,92780.8542435834
PEG3,SMAD4,242.977490600825,2823.78571519986,0.001,0.001,0.748621222207942,0.734986645815961,0.550285898601277,1.37031039829094e-06,0.563854581999697,2.43025496650425e-06,231.468038012056,2788.32035228248,6,25,0,244,275,96.5661059734158,492.427195727058,1856.15202245848,4080.90025631121,,1593.10219109025,,18487.711165516
PEG3,SPHKAP,234.19089243222,458.433949344923,0.001,22354.5103316417,0.987245610898833,0.67716275303771,0.0184206427585807,2.25521677789061,0.179034921138529,12.596518955906,231.468038011193,637.289028009442,4,5,2,264,275,93.0732960275513,474.552376476549,164.392467481775,985.348374935859,,13741.7760360591,3459.62947541134,88761.2169461696
PEG3,SPTA1,234.756264964607,278.48575206267,0.001,9891.29927965028,0.992931052223702,0.804664810890449,0.0307689284367521,2.31468643634427,0.236244031435536,9.79786207625684,231.468038012786,355.577286105694,4,7,2,262,275,93.3044143412932,475.732183636767,119.655609350718,538.605461620925,,11420.1952895444,1529.04948804934,39474.0398016946
PEG3,SYNE1,79.8253408954957,400.825444686593,4352.98666328968,0.001,0.806008412593048,0.963234740818027,0.00110628324909948,4.23444897995958,0.52689116638911,8.03666724758189,231.468038011999,399.015338935238,2,19,4,250,275,13.2729144534405,246.505755045778,258.48987384235,587.78631729735,1303.85814526795,10920.4626440568,,18078.9699884076
PEG3,SYNE2,105.113636204747,758.705328751115,0.001,0.001,0.973874210846829,0.978360117265648,0.952800687483657,2.52304145124949e-07,0.0453866730563313,5.55899183911989e-06,103.727858785211,754.531314202347,2,4,0,198,204,17.4778660694126,324.59094630651,235.533605639717,1762.61968222423,,8891.2154704319,,84194.8893418729
PEG3,TENM1,234.910290238839,248.239541050092,0.001,10925.2882824533,0.975704162853122,0.52934215661499,0.0211112613302573,2.4496545482577,0.222970005021075,10.986475728097,231.468038011353,328.839835108874,4,6,2,263,275,93.3635796895483,476.04603175487,98.6611163367071,503.056574829554,,10360.4879134488,1685.70448597933,43870.8541898322
PEG3,TP53,261.625084645831,1449.93782883148,0.001,5009.00309738303,0.989029929365346,0.968291994907742,0.797374318985724,2.133543452233,1.4386318391957,1.48303644761944,231.468038012598,1485.32595522373,4,60,2,209,275,103.964530861257,530.329354744636,1112.56154873546,1849.90141009098,,1394.19484419927,780.37571935586,19412.8425100448
PEG3,TTN,105.316053763055,655.772202869687,0.001,0.001,0.970142111528956,0.975132665358731,0.946018983483007,3.52108061635065e-07,0.0619894103244468,5.68013245798217e-06,103.727858783855,652.433493252382,2,5,0,197,204,17.5114874410581,325.219728342492,235.146870668529,1409.59257242414,,7628.28840683514,,62300.4312704233
PEG3,XIRP2,235.820639992105,334.802953481471,0.001,11644.8445730343,0.967967324071796,0.546601935794069,0.0310357228963532,2.2239729249173,0.219278948804115,10.142208985615,231.468038012459,427.402901608339,4,7,2,262,275,93.7234015287383,477.907982715434,143.854187349986,647.532419574335,,8530.97625981844,1804.13096893012,46044.4031088547
PEG3,ZFHX3,105.777247622326,266.450440716604,0.001,0.001,0.961733618940577,0.981204913252278,0.943659322169852,3.30014622686951e-07,0.0483974873318983,6.81883793726294e-06,103.727858783918,265.168960252107,2,4,0,198,204,17.5878812187306,326.655424494507,82.7160727457762,619.034100729603,,5912.60251758949,,34261.2727813694
PEG3,ZNF521,232.857137839329,162.393378171309,0.001,26158.9672929361,0.997972116262403,0.660824443123264,0.000184564359413432,3.39035665935735,0.160490940536273,21.1249099047499,231.468038011898,323.217390461674,3,3,3,266,275,92.5498300689469,471.864704803342,40.3852952586533,421.111415637337,,30244.5794533861,5725.99337951394,104913.687105985
PEG3,ZNF536,105.931843089797,314.090186053722,0.001,0.001,0.958911973563561,0.976335214473302,0.936221059843001,6.78598906502567e-07,0.103514963124017,6.55556342796126e-06,103.727858783918,313.132526082908,2,8,0,194,204,17.6137120449856,327.114323988923,143.525612698419,584.710039854665,,5080.19243688039,,31633.0277395405
PIK3CA,PLEC,1008.43983380056,216.991750245132,9815.67884840245,0.001,0.955017109645049,0.990826121919309,0.479584285688537,1.05058922333433,0.262425514094419,4.00338064292153,1098.47924324506,212.660415979079,10,5,1,259,275,505.272864352196,1768.90742045725,86.2409339703407,439.74012740121,539.70636824505,51244.5830518158,,5987.65981269575
PIK3CA,POLE,1105.2216968171,156.439563774167,0.001,7680.55074115224,0.97274215616267,0.670748154143315,0.0244457983461766,1.94639463226977,0.175910900796402,11.0646618456153,1098.47924322345,306.908387719616,9,2,2,262,275,573.851137216621,1893.02553665503,26.0128678894706,483.095914014994,,67626.4009413114,1233.93413477565,26265.5145564976
PIK3CA,PREX2,807.005569858474,465.835803127239,26304.770818884,0.001,0.804186268451857,0.989754402884716,0.00761084957702724,3.34069542179373,0.384271295849141,8.69358564607762,1098.47924324342,459.216574031441,8,6,3,258,275,368.769548426478,1502.31648202635,223.827322069894,839.810547947084,6114.32051513967,82317.8295970235,,15482.7858883302
PIK3CA,PTPRT,1095.08051803916,120.05088196776,1475.25774362135,2826.63940412228,1,1,0.0601263711798814,2.00650086068926,0.264782140840072,7.57793125443905,1098.47924324634,171.695159064481,9,4,2,260,275,563.052019265222,1884.17454541643,37.2919416049023,278.594389753525,,57889.1209760775,322.447979425843,9991.60178696622
PIK3CA,RASA1,1106.55095376053,289.461672552896,0.001,8320.92009647224,0.995076753125947,0.980481507006948,0.0491797233597302,2.18083585357814,0.264643160343445,8.24066584886578,1098.47924322749,427.203443257959,9,4,2,260,275,574.551869281389,1895.31540010114,89.8603917418835,672.488783734072,,56194.4850719893,1335.64947772372,28536.3191386548
PIK3CA,ROBO2,1109.80477730111,219.938411183969,0.001,4956.69011165811,0.987153294095824,0.869821011309713,0.0706623481382059,2.10235502243435,0.305068407339223,6.89142163480935,1098.47924323141,302.892005579355,9,5,2,259,275,576.235696188754,1900.90801126089,78.8657890530892,472.750368036885,,39837.2501752058,794.343695590001,17088.2309164668
PIK3CA,ROS1,1106.69787076128,349.511651145857,0.001,9895.85905112781,0.995948630448736,0.990856979110297,0.0501921697106146,2.11864675711817,0.253662130051779,8.35223908545474,1098.47924322749,515.737306274832,9,4,2,260,275,574.623263273994,1895.55594950502,108.502505677242,811.986103631285,,56758.3855084337,1594.1715520278,33534.205049624
PIK3CA,RYR1,784.557364961253,285.916816660694,0.001,0.001,0.872374716392804,0.893559328473968,0.77955247774183,5.7939615506937e-07,0.230099680436208,2.51802242389467e-06,766.753691214327,281.271546449844,6,7,0,191,204,311.801940094338,1590.04232950571,122.831995184327,553.111708883899,,11436.9180805275,,5144.53277056529
PIK3CA,SACS,823.243877748883,658.732263984034,9696.88376152728,0.001,0.852295284509845,0.973332308220323,0.0904471401698254,3.28925443711354,0.824805613031259,3.98791471001893,1098.47924323172,648.286431573285,8,16,3,248,275,376.178135223262,1532.62373128367,405.107591885276,1001.07725671873,2353.26363026408,26644.2279236634,,9297.47147851142
PIK3CA,SF3B1,807.478277096815,1570.03996142306,25115.8510341868,0.001,0.490744579540934,0.946444201432272,0.00840650179862776,3.40721299019923,0.410268812705334,8.30483060053211,1098.47924323694,1540.1170599399,8,6,3,258,275,368.984784137611,1503.20231286052,754.374430925441,2830.59856231202,5820.3856135585,79146.4129773129,,34759.8882820895
PIK3CA,SMAD4,967.137651971165,2820.56459474942,3622.8752248111,1258.83760026117,0.9548174096972,0.997592742292881,0.688315027695872,1.99141997505064,1.09091305143274,1.82546168316093,1098.47924324249,2788.32035226399,9,23,2,241,275,465.006101641159,1742.04497154109,1846.04206159797,4087.12625105476,244.832828076451,12480.2335338284,,24276.1002504212
PIK3CA,SPHKAP,1107.84104192773,369.528432055922,0.001,16824.9112716538,0.984724236334225,0.793710783539848,0.00411756233053327,3.10239363143032,0.29462633557428,10.5299264079132,1098.47924324018,637.289028007556,8,4,3,260,275,575.21866975065,1897.53870441811,114.717430451656,858.485244584609,,51639.9153743966,3984.61040891087,49541.3741649712
PIK3CA,SPTA1,910.043205348944,361.976154413081,15016.7070718625,0.001,0.791246785193782,0.979735667873278,0.106702009713196,2.21894253591463,0.388356156648126,5.71367930681508,1098.47924323141,355.577286106196,9,7,2,257,275,437.261338449488,1640.6842161851,173.923956859985,652.59513783541,2399.15128093379,52418.4403412563,,8582.37902249851
PIK3CA,SYNE1,827.733598045592,406.005760363593,8302.7241570252,0.001,0.656030648665387,0.919862941623706,0.122783003400615,3.51500106912007,1.00447362966511,3.49934628974975,1098.47924324373,399.015338934185,8,20,3,244,275,378.226790279774,1541.00008141876,261.818318855242,595.419229277375,2023.20491585564,22573.8147620219,,4170.91026755102
PIK3CA,SYNE2,775.070715553208,767.738356603651,0.001,0.001,0.93794409711784,0.933340219341909,0.875429631218375,1.78005586300503e-07,0.132111447262837,1.34738957136969e-06,766.753691212549,754.531314199714,6,4,0,194,204,308.039973693602,1570.73905534705,238.334438317986,1783.66562453485,,25624.300653095,,22443.7371156127
PIK3CA,TENM1,805.355900927338,333.442817218691,32120.278269418,0.001,0.657030489743061,0.982971784024045,0.00469807901706224,3.43360280574573,0.347841318023762,9.87117581445909,1098.47924324091,328.839835107908,8,5,3,259,275,368.016543949245,1499.24100254054,152.369047257885,620.742569941732,7288.28206218276,108023.25999091,,11533.842508635
PIK3CA,TP53,1250.52187736328,1440.58580995841,0.001,3574.78437420977,0.982548717999525,0.974825779353508,0.935069674670697,2.98833293196547,2.55922390892297,1.16767154352786,1098.47924322624,1485.32595520042,8,59,3,205,275,649.128886394473,2142.77278530174,1102.75565548753,1841.7050367976,,3881.21549144221,851.34754004923,10368.3478636609
PIK3CA,TTN,779.125881171756,662.776031462594,0.001,0.001,0.909213761218531,0.925270732311661,0.841285359600456,2.44752936791169e-07,0.167687007403032,1.45958199494199e-06,766.753691216221,652.433493251083,6,5,0,193,204,309.646604908308,1578.99998354161,237.652721994578,1424.70003062567,,16880.5214618505,,17479.1728410052
PIK3CA,XIRP2,1112.2884376174,289.361175785121,0.001,8374.75221883519,0.988601638111997,0.878555444150061,0.01122597475654,3.00841936922679,0.374302665107089,8.03739767219149,1098.4792432329,427.402901606688,8,6,3,258,275,577.521069721994,1905.174220507,115.004651066343,586.393658843311,,36229.5626898459,1985.45066362772,24591.6932488088
PIK3CA,ZFHX3,776.647617243578,269.689520898249,0.001,0.001,0.926618043983334,0.935181578895597,0.866567685266541,3.46863974036004e-07,0.133370635116161,2.60075221006406e-06,766.753691212549,265.168960251863,6,4,0,194,204,308.664836665701,1573.95592530839,83.7200377409437,626.5812733901,,21429.8543735738,,8141.56668662725
PIK3CA,ZNF521,904.508014104576,328.72576716424,27517.6584834029,0.001,0.740548916175919,0.985262730466454,0.0384993027739473,2.32456250757015,0.260895511075704,8.90993677118357,1098.47924322345,323.21739046141,9,4,2,260,275,434.614063071048,1630.70948131331,130.650473125593,666.148728627102,4262.99106825222,109037.350279598,,12480.3694735131
PIK3CA,ZNF536,783.17598917298,277.227493506991,0.001,3047.93686118228,0.982202997628502,0.835842754482277,0.436746103266195,1.09880698881978,0.258052743544024,4.25807132964011,766.753691219878,313.132526083983,5,7,1,191,204,311.255129154999,1587.22371798475,119.112453087659,536.202761953222,,20534.8818416727,167.530027313069,15868.3751354552
PLEC,POLE,214.582943081837,232.688126201628,0.001,6850.96657042292,0.981828916004786,0.760223548122995,0.200569088114158,0.95633029983406,0.0955872732411797,10.0047869073648,212.660415979343,306.908387719029,5,3,1,266,275,85.2846432690186,434.852963418569,57.8657497664499,603.406257698855,,13912.0749629002,377.709856761024,35291.557591197
PLEC,PREX2,215.868987338931,411.947881798786,0.001,5289.09344335957,0.996042083465295,0.972601883146876,0.391412491058294,1.10976659855544,0.219123436673045,5.06457280610892,212.660415979892,459.216574030863,5,8,1,261,275,85.7954448294518,437.459733242584,188.245820311917,766.865964820648,,8142.88639047085,289.26326891229,28247.6285612686
PLEC,PTPRT,214.940161393269,144.533161880256,0.001,2695.309073975,0.993984352917039,0.956135755740022,0.29571934350205,1.02827273951079,0.149800846567984,6.86426520990405,212.660415979343,171.695159064963,5,5,1,264,275,85.426311866046,435.574461865192,51.8269657416576,310.663629357852,,11702.0902107617,145.819535937265,15171.8763063525
PLEC,RASA1,215.229650587033,359.865351062794,0.001,6345.00768673947,0.988175735400528,0.907688471490486,0.308656139859221,1.00051996057919,0.153202486960083,6.53070312650916,212.66041597936,427.203443259397,5,5,1,264,275,85.5416045134845,436.165009459304,129.042179135005,773.513260226783,,10042.4404150889,343.508741668591,35571.5881645016
PLEC,ROBO2,214.86926937543,217.853638162848,0.001,10822.3256281204,0.986938735776996,0.789776911081436,0.0225686852975559,2.15741890545202,0.175806385258082,12.271561708552,212.660415979549,302.892005579959,4,5,2,264,275,85.3989708324257,435.428692326598,78.1188293687373,468.267631752931,,12031.5616927518,1502.921928072,53635.7317431381
PLEC,ROS1,186.574676414707,503.046488856819,2507.22056215677,1671.20817341007,1,0.99861953754999,0.309122609795724,0.948818320638235,0.143475693746342,6.61309449610119,212.660415979343,515.737306275814,5,5,1,264,275,67.1058238448489,399.337045306564,191.259907081982,1037.02029419128,,15553.7867162635,,33290.8647503212
PLEC,RYR1,193.424530404438,285.648765770485,0.001,0.001,0.891342048860051,0.899551490891702,0.801841122131386,7.53995523574205e-07,0.164202713261088,4.5918578846826e-06,187.897509857925,281.271546449483,4,7,0,193,204,60.0440302354649,449.415358818523,122.714344775902,552.620655407666,,3342.8591240369,,5911.58513967787
PLEC,SACS,184.317573590731,655.658199978723,911.551101313402,0.000999999999976353,0.999385700404192,0.994671096444685,0.768535304643062,0.980449608700058,0.461545416430113,2.1242754749543,212.660415979892,648.286431565252,5,18,1,251,275,66.0910506584269,396.195155840773,403.214030358441,996.404545857595,51.530440449314,4159.34025072564,,11548.6068344354
PLEC,SF3B1,179.920386978218,1558.28436379079,2277.17692969171,0.001,0.856797703411464,0.978992600264898,0.393976385341226,1.09572581573738,0.220776282586117,4.96305945050948,212.660415979243,1540.11705994909,5,8,1,261,275,64.5209455293606,386.747249277104,748.699462640862,2809.17808163271,127.026308597637,11034.7886215158,,51552.3304967005
PLEC,SMAD4,186.277715281837,2820.705802166,719.191112650642,0.001,0.964654142785254,0.9811980782858,0.855623163189837,0.972512102123272,0.572786143947827,1.69786247869127,212.660415979827,2788.32035233163,5,24,1,245,275,66.7941622157002,400.418378354061,1854.12930649257,4076.45140423588,40.7633566445516,3247.53868300615,,35532.8758207027
PLEC,SPHKAP,179.114544660422,643.482249872734,3194.49848913326,0.001,0.921399771987734,0.993717458419814,0.301192675011901,1.11497352602133,0.16641086729977,6.70012448173131,212.660415979343,637.289028011308,5,6,1,263,275,64.2288663681576,384.990186744895,276.484012230389,1244.54575152389,176.512139588169,16199.9048174999,,33616.716982814
PLEC,SPTA1,179.737125733349,359.224077247342,2444.95674915967,0.001,0.885815293059845,0.987323954530775,0.373540808275884,1.14130927742441,0.215635169961953,5.29277889884929,212.66041597938,355.577286105809,5,8,1,261,275,64.4516572257539,386.328691047845,172.602302699107,647.630642939329,136.419991664501,11821.2462856569,,14220.9784553064
PLEC,SYNE1,110.362941696349,402.015766811151,2769.07602140487,0.001,0.585134110627425,0.96266245021778,0.0226008912389311,3.3783925981203,0.566288200668561,5.96585377221662,212.660415979475,399.015338933105,3,20,3,249,275,27.4447648015275,286.208149416228,259.255559184974,589.537561019458,673.622049144478,7559.42601537542,,10330.3066256578
PLEC,SYNE2,190.086661723408,764.117134523169,0.001,0.001,0.955086654478086,0.951090088888385,0.908378760906088,3.07539552751174e-07,0.0905889977033654,3.39488856867823e-06,187.897509857053,754.53131419982,4,4,0,196,204,59.0098048639392,441.622532240745,237.210282041529,1775.24240417955,,8881.04433089304,,32426.0017455695
PLEC,TENM1,143.446177417508,331.759519409721,5716.91948671855,0.001,0.835394064647885,0.978154975910018,0.0278709422175153,2.14027886667531,0.197743778999824,10.8234953205644,212.660415979464,328.83983510854,4,6,2,263,275,44.5315751575282,333.255065009456,151.598341211806,617.619603227473,897.974620290009,21153.9736450175,,19994.5652101846
PLEC,TP53,244.218900016941,1506.48978493162,0.001,0.001,0.438652345227008,0.442440132439539,0.194292840895261,4.092625339569e-06,1.40821183152504,2.90625689115027e-06,212.660415980356,1485.3259552314,6,62,0,207,275,97.0435647024482,495.082119382242,1161.07735244349,1914.91131936603,,532.362075463815,,3642.25330699727
PLEC,TTN,190.931992061718,661.083318134277,0.001,0.001,0.93842977007744,0.936992163425717,0.879312466777146,4.29673165047094e-07,0.122253666441667,3.51460350886171e-06,187.897509857219,652.433493251083,4,5,0,195,204,59.2716980456917,443.594017604402,237.044729757055,1421.07091823912,,6225.39647935356,,22023.853458745
PLEC,XIRP2,215.977175582736,334.731041756909,0.001,12237.603670841,0.972056323577376,0.636184005245469,0.0294145955356939,2.18360965096463,0.204652876357196,10.6698214549079,212.660415979301,427.402901608559,4,7,2,262,275,85.8380353075121,437.684664448256,143.823018390243,647.395792753129,,8267.51563036069,1869.53730193099,50525.4004221627
PLEC,ZFHX3,189.250736943456,201.393113812802,70.269733917966,7193.78912622865,0.999825149724747,0.768966014712343,0.17289517755764,1.04704456689965,0.0946214945500191,11.0656101119409,187.897509857472,265.168960251224,3,3,1,197,204,58.2666893644124,440.619064284284,50.0837443564531,522.240737574918,,16548.2436748881,312.605772216119,44792.3745691781
PLEC,ZNF521,178.695763465419,326.43802026288,4039.83925262345,0.001,0.865898769482122,0.991077464736568,0.243438002812318,1.21445507448116,0.149241413587271,8.13752058017726,212.660415979636,323.217390462869,5,5,1,264,275,64.0788790593766,384.08537930548,129.742642148726,661.513630963297,223.386125374802,20470.2059333363,,19930.7616237535
PLEC,ZNF536,143.762182860335,316.206808993472,2291.9656094084,0.001,0.951429816073903,0.986811714048702,0.343946151978261,1.00711307813371,0.179106194541151,5.62299411650062,187.897509857107,313.132526082908,3,7,1,193,204,35.7505038110555,372.823228925726,144.488711182004,588.682156572035,127.637494473476,11191.6805716274,,17500.423835464
POLE,PREX2,155.368107154784,462.393014300558,11643.9254692511,0.001,0.404669603568038,0.969202082316975,0.0111341416670556,2.13184334172103,0.134608275466084,15.8373869239426,306.908387716552,459.216574031115,2,7,2,264,275,25.8342051163433,479.766807565923,222.176167999184,833.610841984911,1854.60462692577,41056.4268154177,,29091.5091173063
POLE,PTPRT,77.0825677795881,172.114843708249,38634.5917072048,0.001,0.258457224680166,0.997995260068426,2.6428404190215e-05,3.26106806657467,0.0908535566920125,35.8936753310547,306.908387719662,171.695159064619,1,3,3,268,275,4.39830570316934,339.40782715338,68.4076459816082,348.785680866537,8354.06397702676,158908.427534585,,82098.9011985288
POLE,RASA1,154.66190901043,430.809347436777,17787.044655837,0.001,0.324848887183064,0.966839675537304,0.00523086140936456,2.0388529289477,0.0936058845843102,21.7812473863362,306.908387719662,427.20344325818,2,4,2,267,275,25.7164436762,477.576261504531,171.227711443419,873.090518361152,2746.77377695707,71575.4272190709,,29376.8367073225
POLE,ROBO2,155.014444128935,305.267470013189,14054.8387903516,0.001,0.400369932231431,0.968531409213345,0.00801255960599476,1.92325347764616,0.104102746254644,18.4745700458441,306.908387719646,302.892005579419,2,5,2,266,275,25.7754037180915,478.673899390008,131.159673128405,590.43917440384,2202.95430422039,52910.2157310124,,22405.6506572961
POLE,ROS1,77.0887710227696,517.308626098473,38240.5872461415,0.001,0.261226348599293,0.994166393849081,2.64510128625958e-05,3.213674295219,0.0897214395921222,35.8183541172378,306.908387719662,515.737306274832,1,3,3,268,275,4.39856261148275,339.427574503818,205.60510969219,1048.2954806586,8332.79539374216,153791.751933282,,193857.846817603
POLE,RYR1,102.041343997482,281.507210782399,4929.84216686525,285.840110695977,0.677964978621517,0.999997115863418,0.151044234407463,0.867957836249647,0.0731811111360774,11.8604080038593,195.973344262916,281.271546450078,1,6,1,196,204,5.82356662711497,448.951306708135,120.444133453749,545.376948212325,179.620475551525,24787.8663777037,,63066.7092839297
POLE,SACS,158.465929226025,653.610274723859,4733.44231584933,0.001,0.378190716872357,0.917467248126498,0.0548186723977063,2.12656154304052,0.292623532111384,7.26722669122547,306.908387719981,648.286431570447,2,17,2,254,275,26.3487179943534,489.342005476713,401.957284963088,993.294084332403,773.696921135267,15319.007749628,,15938.5313103236
POLE,SF3B1,77.4983504310616,1547.89172349323,20033.3950743425,0.001,0.288248400241289,0.973020137988603,0.000138828659234826,3.49605654683968,0.150972598951356,23.156894503526,306.908387719662,1540.11705995227,1,6,3,265,275,4.42197936943106,341.237064144862,743.780730862071,2790.64604846386,4660.02036299696,62422.1440714602,,235236.160857613
POLE,SMAD4,323.471129666344,2815.03902238324,0.001,0.001,0.811272074230019,0.792969484616315,0.643363654560341,7.28667118872484e-07,0.389095845911825,1.87271883400578e-06,306.908387720695,2788.32035226472,4,25,0,246,275,100.414731076626,751.54347870716,1850.42035386808,4068.20976894433,,2928.68374472032,,25218.7745302913
POLE,SPHKAP,154.707652557211,641.377232643945,16702.8719438251,0.001,0.386222082558339,0.977971553120377,0.00578777134772709,2.1694601833481,0.102969869046394,21.0688835815713,306.908387719662,637.289028009442,2,5,2,266,275,25.7306191177213,477.8389010145,275.548500536864,1240.32420336021,2614.9023068627,62895.7575949128,,55693.119101438
POLE,SPTA1,155.281334490082,357.924724960065,12135.8807097253,0.001,0.387573356365429,0.970367934593345,0.0102329477678715,2.19948140020326,0.134110668738807,16.4004953587023,306.908387719662,355.577286105694,2,7,2,264,275,25.8202526196909,479.506177008709,171.977811011673,645.276740924645,1936.6642317212,42521.9101734092,,24160.281429494
POLE,SYNE1,79.5605620738665,401.189263404588,6180.20018387162,0.001,0.271364436665712,0.923528244621501,0.00345188866414647,3.44165485518853,0.373192371399089,9.22220044929067,306.908387719221,399.015338934927,1,20,3,251,275,4.5395931567175,350.327880851638,258.720287036485,588.328362796213,1505.32939163329,16820.0461726428,,19984.1499324756
POLE,SYNE2,98.7000312815356,758.981700731952,11952.8351606237,0.001,0.499744592221643,0.990675273213887,0.0672046415820284,1.06897624717616,0.0434584988751245,24.5976339460735,195.973344262916,754.531314199418,1,3,1,199,204,5.63169385698494,434.591306371666,235.619901901776,1763.26428625471,644.726801496926,70092.6201921027,,186291.363311883
POLE,TENM1,77.2833823563411,330.014516058625,26609.5598911173,0.001,0.159460501145192,0.994048821878827,6.34255902205085e-05,3.47183665227838,0.119532768568727,29.0450618173559,306.908387719662,328.839835107653,1,5,3,266,275,4.40965290867525,340.284064129752,150.805858850852,614.338767504939,6111.33725794417,86345.677032796,,97642.2414330223
POLE,TP53,262.828972225204,1498.42657045393,617.477418307304,0.001,0.918547161462605,0.914453619545922,0.913106069702463,0.964321907384734,0.917009131154772,1.05159466206229,306.908387718428,1485.32595522732,3,61,1,210,275,65.3536602473679,681.736575171914,1154.89462551125,1904.59955916697,35.1408624322917,2744.91626487441,,10099.5526730277
POLE,TTN,199.104605444661,660.962538065981,0.001,0.001,0.968993575820272,0.937670097323962,0.908601428728422,1.87127448945403e-07,0.0551845474048531,3.39093927096241e-06,195.973344262916,652.433493249062,2,5,0,197,204,33.1062090321099,614.839613218203,236.998548404344,1420.84226641676,,13016.2344716226,,23895.782072207
POLE,XIRP2,80.6696556002015,426.441499975839,17707.8424866332,986.916303065516,0.655348378805249,0.99990480698865,0.000199812272578407,2.92219112431575,0.13157555912925,22.2092244460478,306.908387719662,427.402901606555,1,6,3,265,275,4.6040701552026,354.900610810341,203.934978952318,770.287933838801,3971.30858362316,56035.3924580348,,175520.128512444
POLE,ZFHX3,98.8703630728623,266.530857973113,9866.72414845549,0.001,0.613076926544576,0.994587260088941,0.0810959623848424,0.911289261083207,0.0431314919338102,21.1281646014396,195.973344263595,265.16896025127,1,3,1,199,204,5.64137987351181,435.341686966751,82.7413033332008,619.219076907058,533.917511085725,57028.8956187895,,75126.4708714569
POLE,ZNF521,154.360887278464,325.713523418187,22944.5929356514,0.001,0.253058242473484,0.972622329736833,0.00315874479390714,2.39241537331306,0.0914716016871764,26.154733591469,306.908387719662,323.21739046141,2,4,2,267,275,25.6668368559713,476.651158493492,129.454450268716,660.044664037619,3557.90521493472,90583.5469530004,,25973.7204771163
POLE,ZNF536,200.549318219505,315.941386338008,0.001,0.001,0.955104766798506,0.931805854809285,0.889978319377782,3.46743186539246e-07,0.0815225630850509,4.25334009895512e-06,195.973344263382,313.132526082908,2,8,0,194,204,33.3461809568751,619.307093591328,144.367829682428,588.186414124076,,8672.2311709492,,10847.3127701555
PREX2,PTPRT,464.048159758514,115.866119055049,0.001,4319.16985270929,0.969897707186533,0.546895111833094,0.0308072449220379,2.28475151188487,0.226238103820628,10.0988802208859,459.216574031411,171.695159064963,7,4,2,262,275,222.968308629362,836.596156072037,35.9701910438171,269.188815350417,,18501.6770029519,681.883781581641,15696.2681738545
PREX2,RASA1,463.475910934438,288.578819700322,0.001,10112.4059563159,0.982405558862643,0.740630448526947,0.034919582238976,2.20038949909467,0.230362097475649,9.55187299997244,459.216574031115,427.203443259927,7,4,2,262,275,222.69626200103,835.564693674297,89.5861404218929,670.434707542904,,22116.6651650993,1598.46022367977,36567.7955704763
PREX2,ROBO2,464.616103413474,219.162661897681,0.001,6202.67866281836,0.978092146388052,0.720356917598142,0.0485783331450908,2.21911934358738,0.272229793594261,8.15164025321498,459.216574032256,302.892005579656,7,5,2,261,275,223.242256628185,837.631114880434,78.5879452535423,471.083864821359,,17540.7540906078,973.659498025985,22948.2662549317
PREX2,ROS1,463.632898621333,348.274117419234,0.001,12406.9297768327,0.980255780895229,0.68219419803838,0.0332283643030082,2.16727922906609,0.216156620253936,10.026430032631,459.216574031411,515.737306275642,7,4,2,262,275,222.77142369125,835.849593340867,108.118932825152,809.10989698706,,21457.358404379,1975.9862236866,43747.0047725338
PREX2,RYR1,345.917086473379,243.115280433539,0.001,4054.63199737601,0.978106339209377,0.682651132204297,0.315116661905896,1.19680461574179,0.202195838231347,5.91903684175949,338.342873518213,281.271546449359,4,6,1,193,204,124.038313000671,743.558094632939,96.6158617669331,492.749983150544,,10486.1259152337,217.703729566113,23367.5895299987
PREX2,SACS,474.841934979788,552.368926373885,0.001,7939.12358018087,0.95623057922259,0.773301551560454,0.0523674974509599,3.18935354545428,0.686974909719716,4.64260557456971,459.21657403319,648.286431570739,6,16,3,250,275,228.148786674743,856.113040397403,323.953331655801,869.05926466615,,6573.42154588339,1839.04592184266,25119.5121203123
PREX2,SF3B1,465.675241872655,1212.4908920666,0.001,26669.2380769113,0.978285025512219,0.765788071410036,0.0687699750856478,2.18953213238994,0.309028484530601,7.08521137045256,459.216574031411,1540.11705998674,7,7,2,259,275,223.751637121478,839.537642378231,520.968325981177,2345.04801780495,,14222.0364900836,4230.92012596563,95228.476267846
PREX2,SMAD4,482.182518826383,2834.80037256519,0.001,0.001,0.646918356048793,0.668664677811415,0.432672714172602,1.10373301127203e-06,0.83251238741556,1.32578569154802e-06,459.216574030707,2788.32035231101,9,25,0,241,275,231.670030957127,869.373164651441,1863.38648551036,4096.82729314402,,2096.41078158633,,13821.3312860449
PREX2,SPHKAP,463.793021912125,461.0018612451,0.001,13260.9060282165,0.993623406201725,0.884122506028363,0.0466157800916683,2.18611318294587,0.253008301496723,8.64048005545059,459.216574032256,637.289028011463,7,5,2,261,275,222.84893177455,836.134566128206,165.310845697845,990.873364854192,,21452.6779275104,2108.05617970621,47049.6532968182
PREX2,SPTA1,392.629856549034,294.510760367975,6543.47763777052,6069.63947395064,0.909016381779385,0.866374420128112,0.00386489900568656,3.57010982777494,0.328915936798197,10.8541710156335,459.216574032591,355.577286106037,6,6,3,260,275,164.521490288574,757.926790485107,121.557658695677,574.665131598993,,31187.5380556448,,26272.4547568693
PREX2,SYNE1,317.038619549376,403.570499349475,4218.86953241639,0.001,0.891718184073638,0.990142855110176,0.0757336509739251,3.38854047505093,0.80190492820951,4.22561373031695,459.216574032446,399.015338933385,6,20,3,246,275,126.002647272619,642.500637203588,260.256194214517,591.823639481443,1027.34054005185,11487.0042952747,,6992.50134725367
PREX2,SYNE2,341.992238943265,764.201330435377,0.001,0.001,0.948140578224572,0.950682333824353,0.901385721756901,2.38449558029319e-07,0.108994587631873,2.18771925478243e-06,338.342873519743,754.53131419459,5,4,0,195,204,122.633985645884,735.087633724197,237.237718923886,1775.41941815991,,13873.6102884296,,31158.1665667646
PREX2,TENM1,464.948558924641,249.807174763492,0.001,5939.92794254097,0.987555883604802,0.84268711353523,0.0636187056218421,2.22673477745674,0.305850275674268,7.28047333796823,459.216574031115,328.839835108767,7,6,2,260,275,223.400791517059,838.217100561882,99.283273100085,506.247959603383,,16603.2828918681,934.538783066675,21791.7162798885
PREX2,TP53,478.137607704437,1392.89313478721,305.864288521857,9904.56769788084,0.999352651513212,0.901154949052569,0.0783687864514705,5.22438124822483,2.11738578652822,2.46737334380193,459.216574030584,1485.32595522252,4,57,5,209,275,211.676458335261,891.678258526849,1061.35392440294,1787.57115550375,,2941.12199404128,2563.39585806392,31650.1664723442
PREX2,TTN,343.659633716024,660.961349731771,0.001,0.001,0.92554898961032,0.937933460815252,0.868114901243538,3.33938796903509e-07,0.144950134796535,2.30381846399975e-06,338.342873519743,652.433493247812,5,5,0,194,204,123.229728517097,738.688480212621,237.002846818356,1420.77962030086,,9298.75854544635,,21453.8181610337
PREX2,XIRP2,466.569373150479,336.522747425774,0.001,7149.61437896747,0.970700280504009,0.67144559621087,0.0717130385764083,2.20777595622705,0.312675468137078,7.0609183681118,459.216574031115,427.402901607091,7,7,2,259,275,224.182057583237,841.182477463312,144.592516546745,650.867964630965,,12886.1273666179,1139.32981015945,25159.4351677947
PREX2,ZFHX3,343.091343846677,268.577110767441,0.001,0.001,0.933250819375233,0.950753884780855,0.887300063986169,3.92939757373149e-07,0.1141044717381,3.44368412024246e-06,338.342873519743,265.168960251863,5,4,0,195,204,123.024100572237,737.451977795283,83.3749470609645,623.988951699155,,10635.0808236301,,11083.3477028046
PREX2,ZNF521,430.583648837645,252.029319858812,4249.96589201375,5655.58124716185,0.999365210717628,0.990742228716731,0.0320730883619515,2.31163770955929,0.225838611802513,10.2357948940136,459.21657403027,323.21739046141,7,4,2,262,275,194.406085225996,799.760991563873,79.7516621182681,571.738771369528,,35865.2325140558,,25553.7336666417
PREX2,ZNF536,345.2925914289,316.834440348542,0.001,0.001,0.903977222213621,0.911404988004796,0.823905505598529,7.36519060344065e-07,0.232069013339747,3.17370703544039e-06,338.342873519743,313.132526082908,5,8,0,191,204,123.816260226126,742.197010330993,144.777075093523,589.847296180335,,6805.65449923291,,7208.16094495358
PTPRT,RASA1,115.601388192419,431.829437866714,5220.78696793217,0.001,0.90785872398041,0.984561399528347,0.0240235296811316,1.81944147426067,0.158168251011963,11.5032028401393,171.695159064891,427.203443260987,4,4,2,265,275,35.8871227914133,268.569245040542,171.625591122817,875.122801146174,790.804294251469,22404.4179731774,,27195.9246484012
PTPRT,ROBO2,115.74974931612,306.699869564876,4687.26106992091,0.001,0.580438495970763,0.966584704513426,0.0278407969028758,2.039122918478,0.192569531627103,10.5890215406797,171.695159064987,302.892005579937,4,5,2,264,275,35.9328976790444,268.912299925569,131.773144892978,593.217150310325,721.781921729964,18542.0221635618,,12850.742754088
PTPRT,ROS1,150.310508614485,327.329501009989,3154.48791201053,24133.5979125338,0.962216913938385,0.810366656892019,0.000439821478960103,2.84382911176768,0.14930937866537,19.0465537877646,171.695159064827,515.737306273529,3,3,3,266,275,48.8938676379519,326.754784827312,83.7985267733465,816.158202608625,,25816.0190163986,1344.86900019417,109756.75130881
PTPRT,RYR1,103.737488012017,258.296474487106,582.760984638939,3137.09921066658,0.978373490935914,0.90510475820202,0.298350721338045,0.850381415089223,0.132742637347581,6.40624167246679,115.929001651131,281.271546450078,2,6,1,195,204,19.4136922201686,291.560214405535,103.527427719396,518.445309854329,,6109.80059065115,,31388.3949872934
PTPRT,SACS,118.858841268038,655.188815385141,1503.82146899279,0.001,0.851828372393088,0.966148792436786,0.188715795830262,1.92338353521681,0.464580675022681,4.14004206077429,171.695159064435,648.286431571966,4,17,2,252,275,36.8976728290084,276.158365840525,402.918308151445,995.67297792748,245.243845659183,4899.11394106023,,13881.6949994118
PTPRT,SF3B1,156.898856421773,1129.26727807297,1653.86723904162,74613.2637153662,0.971164550122123,0.645480277796442,0.000755243990683395,3.37549228687983,0.208379957611966,16.1987377556026,171.695159064916,1540.11706000317,3,6,3,263,275,53.8717469662644,334.325938997468,451.509466753679,2270.24790285216,,14660.635577594,8251.31358146838,341610.642744395
PTPRT,SMAD4,180.250384692129,2702.69264021347,0.001,11204.0926915114,0.972297720894372,0.930526321371248,0.802657077806739,1.079558635607,0.57735532162059,1.86983404357783,171.695159065113,2788.32035232943,5,24,1,245,275,71.6352973829095,365.314230278124,1760.20973554312,3933.69657228837,,1996.47482904874,618.122384754216,57462.1565496592
PTPRT,SPHKAP,115.780294978173,644.202480169167,4573.54237340471,0.001,0.802821442026084,0.984930498672243,0.0291818601701284,1.84887051867912,0.17463358570804,10.5871417069231,171.695159065076,637.289028011463,4,5,2,264,275,35.9427211813345,268.985060009899,276.79218516813,1245.94622245397,710.129512904357,17646.1405020482,,33731.6159473884
PTPRT,SPTA1,116.102255791197,359.413570055795,3753.75033982639,0.001,0.664135195745008,0.975184207252647,0.0397538944802128,2.08072108295128,0.230364882110947,9.03228419142974,171.695159065076,355.577286105694,4,7,2,262,275,36.042593594124,269.732824726685,172.69275051092,647.972220371629,596.14575462421,13359.9298149108,,14553.2702172396
PTPRT,SYNE1,59.1245913679171,400.560314829499,3284.75819346398,0.001,0.906157368738257,0.996670879912704,0.00103007669097376,4.36952305966237,0.529460902027487,8.25277757607781,171.695159064824,399.015338935398,2,19,4,250,275,9.83091390184954,182.579653764002,258.322322422484,587.387398734702,989.198901796493,8138.89536607474,,24318.6810675434
PTPRT,SYNE2,96.5915809722036,667.63454543785,2437.53579778151,15662.2613556393,0.899362021442106,0.91413556832995,0.120397055921666,1.04251163439994,0.0675200774465399,15.4400242687128,115.929001651131,754.53131419982,2,3,1,198,204,17.1381902978809,279.254387873589,173.684837590154,1658.06827675468,,22504.0483991694,,180056.107682249
PTPRT,TENM1,86.6304195510864,331.539460744868,7684.14423501227,0.001,0.438276596758395,0.99723551149044,0.000918474658793264,3.22374205272438,0.214712924241705,15.0141965795006,171.695159064856,328.839835109389,3,5,3,264,275,21.5436285237857,224.651651215769,151.501107628028,617.189127870014,1738.89787715285,25700.049603411,,25418.9687815583
PTPRT,TP53,130.133645248937,1501.52659461609,472.937880286501,0.001,0.856825228402819,0.917734166081796,0.784276861354401,2.04704427391523,1.43377296630653,1.42773250857736,171.695159064348,1485.32595521222,4,60,2,209,275,40.3905358215416,302.393352806888,1157.33231322065,1908.66010457338,78.2664706753672,1478.78561220557,,9111.59487233558
PTPRT,TTN,117.62233417426,660.315624310217,0.001,0.001,0.957823928993714,0.942328450657865,0.902592978050247,4.69148203492974e-07,0.0902522223445248,5.19819004236891e-06,115.929001651131,652.433493251083,3,5,0,196,204,29.2498359367565,305.037495931442,236.769419414529,1419.42067838124,,5806.80967203737,,24961.6208559222
PTPRT,XIRP2,119.45456384485,376.408180972353,4030.639090574,7422.95491136193,0.899245763306087,0.958383293025769,0.00176096443975463,2.91535788359922,0.217789946194705,13.3860994712441,171.69515906525,427.402901607777,3,6,3,263,275,31.6372419099397,288.85233476707,160.864130432261,717.669971192963,,17319.1181100594,,47322.1883287201
PTPRT,ZFHX3,114.858553552995,204.384846934281,212.906915757672,8312.61303902374,0.999793082559633,0.803902371666262,0.150387145290522,0.9042219012693,0.0715674070349269,12.6345488642339,115.929001651131,265.168960251974,2,3,1,198,204,26.8404338481377,301.85248938526,50.8517041327819,529.495072613928,,12983.657526821,84.7837969415767,69201.4811066068
PTPRT,ZNF521,115.3531501996,326.869891503,6498.82104317713,0.001,0.603633205283504,0.980456235647345,0.0149153620944464,2.0999860586309,0.154852386558591,13.5612121020578,171.695159064874,323.217390464614,4,4,2,265,275,35.8103974153444,267.987998599935,129.913361010835,662.393401089013,1008.31438407062,25591.917133147,,19626.5838155694
PTPRT,ZNF536,118.62972350453,317.17220842609,0.001,0.001,0.933839740934012,0.903693208802255,0.843921214671411,8.96368860395149e-07,0.147259268876193,6.08701148142169e-06,115.92900165134,313.132526082908,3,8,0,193,204,29.5001885044616,307.654452511594,144.928611394533,590.492759745505,,3456.9320838075,,6921.39927869621
RASA1,ROBO2,288.239873161655,306.203919956391,11031.7443952628,0.001,0.787644523253497,0.977890622685645,0.031827155818338,1.93764350623155,0.192132599533254,10.0849283824747,427.203443257381,302.892005578043,4,5,2,264,275,89.480437573571,669.654547083277,131.561861004852,592.252101839787,1686.20015565021,44345.8971087189,,15188.5442283148
RASA1,ROS1,214.841480345778,518.837475033685,29173.4176712545,0.001,0.950246706354456,0.993257185675082,0.000430342588384138,2.9340172942488,0.148043842066481,19.8185703187251,427.203443261151,515.737306275309,3,3,3,266,275,53.4275112402945,557.130961718332,206.211239381838,1051.40034227443,5809.77493238853,130850.973932849,,54752.9797822372
RASA1,RYR1,287.553321917858,285.365034005563,0.001,0.001,0.910115204551241,0.90562497346258,0.824251551585759,4.80296410771547e-07,0.129681073964617,3.70367391391741e-06,278.596733529779,281.271546449424,3,7,0,194,204,71.504881104768,745.792116068413,122.592554367962,552.061893106577,,6098.0995322289,,6330.87620713768
RASA1,SACS,221.114373481389,653.420963049069,6025.69983724312,0.001,0.809128923546057,0.962340782916202,0.0188358586137839,2.99022472778822,0.475086180966666,6.29406799773456,427.203443260659,648.286431571084,3,16,3,253,275,54.9855816022848,573.431807673783,401.846690529257,992.994084428446,1457.0365979024,16708.8692022706,,19015.9590832399
RASA1,SF3B1,298.872884605303,1527.7559533126,8851.0657087148,2988.74475401695,1,1,0.0407773280359595,1.99920822762642,0.217603264045551,9.18739999785998,427.20344325818,1540.11705996763,4,7,2,262,275,92.8601355905603,693.319381467515,722.330313957495,2773.17399221075,907.949959169351,34159.9259323089,,103557.060422643
RASA1,SMAD4,380.062848133529,2804.38656030892,1415.82262944428,1114.15356298501,1,1,0.841128894205827,1.03218061944537,0.563786004947896,1.83080213128165,427.2034432594,2788.32035230697,5,24,1,245,275,136.36925901126,816.168667242827,1839.92035488772,4057.46811439316,,6920.79784367733,,43566.759802744
RASA1,SPHKAP,287.288441000543,643.002398560046,14779.0832120055,0.001,0.653930964467396,0.984224283868324,0.0181776367562689,2.2106389882371,0.172758471628956,12.7961249448017,427.203443258768,637.289028011463,4,5,2,264,275,89.1862650589207,667.432474077586,276.277589094054,1243.61141000826,2270.16371399926,59007.9288739034,,38615.9435465021
RASA1,SPTA1,288.221157504952,359.022415274414,11076.9124338083,0.001,0.569057147494269,0.973417538870321,0.0293567348845381,2.31209707060038,0.224585859571943,10.2949360881723,427.203443258102,355.577286106223,4,7,2,262,275,89.4765127005946,669.610546434701,172.503093570265,647.252956269229,1744.63682686785,40469.165135251,,15462.5064974624
RASA1,SYNE1,296.032339234123,402.655869630301,3665.0338745756,0.001,0.775326367054157,0.955332409012975,0.192584063563238,2.261592656283,0.555579477506975,4.07069149931768,427.203443257381,399.015338934718,4,21,2,248,275,91.897536476074,687.795893305465,259.664192590722,590.478171218379,598.743045877799,11876.0192594944,,7536.95787578525
RASA1,SYNE2,187.502162561284,759.682039549458,9197.94285013972,0.001,0.951737390683737,0.993411525798341,0.141838733728854,0.923022847599123,0.0694258919603864,13.2950808629983,278.596733530723,754.531314196668,2,3,1,198,204,31.1767727350071,579.021908593675,235.835863783498,1764.90339885805,479.322012742939,65174.8433512982,,107697.141227409
RASA1,TENM1,288.340034332512,332.280193985571,10750.7279549432,0.001,0.657870087616281,0.973027212255655,0.0322183395254681,2.11693858756991,0.212876268716836,9.94445552963832,427.203443260987,328.839835107912,4,6,2,263,275,89.5116215757039,669.883383252841,151.837895041292,618.592793884063,1666.0794202442,41198.2208742164,,14658.6427751259
RASA1,TP53,321.491182104014,1500.16222985498,1237.44955404507,0.001,0.875561835095399,0.942944445795376,0.770651950752367,2.14198035481419,1.43030864364936,1.49756513345891,427.203443260959,1485.32595522235,4,60,2,209,275,99.7910435172587,747.075515540912,1156.23722000643,1906.79641174122,204.731716201862,3870.73888716507,,9990.85124247672
RASA1,TTN,283.464142083959,660.040954435138,0.001,0.001,0.949761125452397,0.94433510316072,0.896901982691527,2.47906864456914e-07,0.0944741047244703,2.62407212198437e-06,278.596733529779,652.433493250754,3,5,0,196,204,70.4902288638987,735.138624447794,236.672081180581,1418.81846557796,,11646.9808010532,,25479.0553631324
RASA1,XIRP2,434.551654063309,335.089273921714,0.001,10516.4583401066,0.976851491520001,0.722361867560859,0.0383870359395209,1.99543542408825,0.209996850607145,9.50221595380614,427.203443258863,427.402901608774,4,7,2,262,275,172.704051632244,880.664910547,143.976970475083,648.09104936246,,16981.9030921621,1620.29643481323,42590.7696059223
RASA1,ZFHX3,282.698428505299,200.566673401439,0.001,7278.04482119209,0.985960240246274,0.87620130485485,0.174906231402725,0.811005638193651,0.0738404165361756,10.9832213337573,278.596733530723,265.168960251764,2,3,1,198,204,70.2993526902608,733.160525213121,49.8764263253772,520.138212345252,,24829.8583313636,380.674908992931,55354.5799201058
RASA1,ZNF521,286.617469676256,326.522442578811,19598.8711926818,0.001,0.479014869887563,0.978813724653596,0.0103098528649104,2.40674870892173,0.157933983390381,15.2389540063251,427.203443258768,323.21739046141,4,4,2,265,275,88.9772496391005,665.857228391117,129.781533246085,661.713240069923,3037.15024337538,77467.1305316543,,20188.7088912986
RASA1,ZNF536,284.249876374617,316.777532418924,0.001,0.001,0.942030876505436,0.912582978728085,0.859694376557946,5.10062289078416e-07,0.145987791219192,3.49386948606264e-06,278.596733529248,313.132526082908,3,8,0,193,204,70.6863463774716,737.159857111295,144.748964054577,589.748859938554,,9515.90610486371,,7694.70330618684
ROBO2,ROS1,306.353031721088,347.58867500722,0.001,14461.8190851176,0.973470327856434,0.643047948810552,0.0261457462893502,1.98608338885062,0.176972877630457,11.2225297765561,302.892005578854,515.737306274832,5,4,2,264,275,131.625307558845,592.544696278146,107.905779075727,807.518938803485,,14832.5394927382,2246.68822501467,55754.2146990592
ROBO2,RYR1,181.280472264137,284.687353870156,0.001,0.001,0.89887107433653,0.92085747771092,0.827761838985442,6.58424149778403e-07,0.137094765742115,4.80269356903783e-06,174.90250969099,281.271546449444,3,7,0,194,204,45.0769142535077,470.198685804078,122.303248860495,550.737429928317,,3400.75193126733,,7686.678083222
ROBO2,SACS,224.983312172303,656.045079189927,2195.32316360595,0.001,1,0.990105350260061,0.273312471621024,1.88766422946965,0.553014629951547,3.41340739870669,302.892005579437,648.286431571966,5,17,2,251,275,80.6714275299331,483.636284741671,403.453914510353,997.000486103597,357.495156844689,7183.83686135271,,12673.7129105494
ROBO2,SF3B1,219.532790751625,1556.60220560359,5524.92238303934,0.001,1,0.993699987590733,0.0623042189534823,1.79478223940384,0.237367793560325,7.56118685051393,302.892005579224,1540.11705996763,5,7,2,261,275,78.7202882756249,471.889170985439,747.934074162958,2806.27007951897,860.269692856276,20816.9741820199,,68276.6667270463
ROBO2,SMAD4,317.18791481923,2707.54697101171,0.001,9579.92543139715,0.979638417621103,0.958960939783807,0.866849613753933,1.06028412194124,0.648102646658526,1.63598178067599,302.892005580073,2788.32035230025,6,24,1,244,275,136.267488347411,613.508740397091,1763.36457087066,3940.77667727123,,3223.61243841558,532.667897157445,47191.8261069731
ROBO2,SPHKAP,218.594158280842,644.15166026394,7589.4834640067,0.001,0.968285729545965,0.994823227953983,0.0355680224938171,1.97805029293686,0.207635363128777,9.52655782295651,302.892005578043,637.28902800939,5,5,2,263,275,78.3845630265446,469.861395096381,276.77103742796,1245.84335743354,1166.8847918457,30189.8682394138,,35229.6986836817
ROBO2,SPTA1,219.251714889266,359.44217063594,6023.45491777652,0.001,0.828778549520285,0.987400560116228,0.0514992553739736,2.17032785753547,0.272710763001054,7.95835057499026,302.892005579355,355.577286105208,5,7,2,261,275,78.6199821856819,471.276607498927,172.707033868665,648.020817451375,947.499981312554,22097.5827999477,,14915.2434423315
ROBO2,SYNE1,179.486662250177,402.913820589376,3472.70701518984,0.001,0.606154968107086,0.944407397511393,0.0364701762368416,3.18183623393968,0.614751587844671,5.17580807736544,302.892005579558,399.015338935129,4,20,3,248,275,55.7174312338897,417.020954346318,259.831929610037,590.863003365514,839.411082531433,9628.02354184309,,7453.56772930159
ROBO2,SYNE2,177.342122609746,762.549206308456,0.001,0.001,0.959638632791044,0.958907840023985,0.920210107736586,2.45190315481536e-07,0.068255900039687,3.59222155650972e-06,174.902509691582,754.53131419982,3,4,0,197,204,44.1001055211527,459.926932629315,236.725183168424,1771.59743099841,,9693.14170209702,,40049.2362037327
ROBO2,TENM1,219.375400962347,332.729616398845,5806.16298489538,0.000999999999976353,0.978425072288445,0.988310640388366,0.0571380822480444,1.9939400557539,0.26116331730852,7.63483967160057,302.892005579107,328.839835107912,5,6,2,262,275,78.6629377532636,471.544418629328,152.0427519091,619.435143189883,898.971287391632,22333.001619735,,14625.4791014986
ROBO2,TP53,293.768723748702,1507.79141449364,372.866102592895,0.001,0.982983696423729,0.905551888514275,0.786863536059614,1.09454120446781,1.68868373312953,0.648162342654518,302.892005579482,1485.32595522219,6,61,1,207,275,116.731799034221,595.515755335803,1162.07161906678,1916.58111733279,21.2125284957226,1659.66329455238,,5668.79266083627
ROBO2,TTN,125.970612246908,638.2467987386,4996.50418196977,3031.10743869788,0.660116610878184,0.991366212142575,0.142899763715361,1.20265710449579,0.0942904694033749,12.7548108743719,174.902509691582,652.433493251083,2,4,1,197,204,21.0411088147764,385.654101711366,218.678701225574,1392.76565508253,,32558.9653299891,,81267.5206110958
ROBO2,XIRP2,299.004835622543,295.588787053187,648.546999900715,15516.1012517488,0.999149425808302,0.57980162020781,0.00208694912206183,3.24012195693901,0.255294924434054,12.6916818425663,302.892005578879,427.402901606004,4,6,3,262,275,124.139797454184,585.658287961032,117.544966888552,598.47926581222,,18325.2168453713,3017.64593046968,55640.7011674446
ROBO2,ZFHX3,178.465269187569,268.322744367828,0.001,0.001,0.941767095319413,0.954359727871384,0.898793965969195,3.62128172785164e-07,0.0744831900006275,4.86187786508759e-06,174.902509691582,265.168960251863,3,4,0,197,204,44.3782271563937,462.866346415841,83.2956698624385,623.40696074786,,6509.87311681171,,12725.0008855741
ROBO2,ZNF521,217.959167885346,327.266717570105,10227.9936908756,0.001,0.667385363145212,0.983239099377968,0.0196732645496223,2.17084068782075,0.187024733386306,11.6072385107311,302.892005580246,323.217390462067,5,4,2,264,275,78.1569212506047,468.484444201634,130.070316817398,663.197922753297,1585.38823132448,40388.3223224645,,18107.0237687097
ROBO2,ZNF536,178.695413018548,316.589309271989,0.001,0.001,0.938281882397534,0.916995529447371,0.860415814727659,7.06485022209519e-07,0.153924595965234,4.58981241938155e-06,174.902509691027,313.132526082908,3,8,0,193,204,44.4366912038219,463.436023946309,144.663035469457,589.397917779081,,5646.64905980281,,8269.56360003358
ROS1,RYR1,407.277567472148,265.631100944416,2843.88693343576,1756.25296487606,0.955208479255691,0.959423681976069,0.366201345988568,0.86225693694075,0.162379331675249,5.31013970832951,461.369182635109,281.271546448975,3,6,1,194,204,104.713818078273,1019.88280313967,107.558903540537,528.841308495024,,22140.054474362,,17419.4810157953
ROS1,SACS,356.150564519084,654.876780902073,4824.16006231737,0.001,0.807601086075596,0.964410827251586,0.168011422657785,1.99744286869187,0.449524876139948,4.44345346545408,515.737306275585,648.286431571966,4,17,2,252,275,110.560720030155,827.444301410224,402.737201445783,995.217095884682,788.417449466412,15617.3430618679,,14299.6509935445
ROS1,SF3B1,521.482260390292,1031.23137363372,0.001,90661.6844157558,0.997126579549924,0.486584527593017,0.000692583386860865,3.25361031428309,0.204616869023091,15.9009876840404,515.737306277489,1540.11705997909,3,6,3,263,275,207.262082415933,1056.76608820018,409.865093728836,2089.71878428835,,32337.4495834967,19527.2085084871,369108.105293393
ROS1,SMAD4,541.769571179623,2822.95692481954,0.001,0.001,0.74577281009913,0.740336352791318,0.552197183156491,6.70175138418883e-07,0.56071024249338,1.19522542595037e-06,515.737306273906,2788.3203522197,6,25,0,244,275,215.312596538174,1097.97752032613,1855.60938374761,4079.66173147788,,3499.80831811417,,18855.1999849024
ROS1,SPHKAP,347.176587185941,643.929421966142,16037.6535364987,0.001,0.628900096967445,0.980695720431721,0.0212190986526418,2.06710008365774,0.168260662947536,12.2851060220906,515.737306276271,637.28902800939,4,5,2,264,275,107.778359797817,806.554933507593,276.67501438625,1245.41384283004,2513.5394634061,60197.9143162018,,33778.6763716695
ROS1,SPTA1,348.582836920045,359.511377876257,11677.8106670577,0.001,0.59453938662728,0.970625433199365,0.0367324627425654,2.07007586413848,0.216651762829919,9.55485354515016,515.737306272669,355.577286105694,4,7,2,262,275,108.214285288528,809.826685048527,172.739822588713,648.149387920755,1862.25710072434,41003.4788131848,,13798.5240821189
ROS1,SYNE1,494.725892391108,338.334030150439,1113.59559561514,13280.8730486326,0.99817984909011,0.790025394926662,0.000975860189513037,4.16368637152156,0.531361561165624,7.83588177207977,515.737306276146,399.01533893407,2,19,4,250,275,174.78966668536,1041.82419668528,208.172452750347,513.846575254979,,13631.9824745461,2677.5376716002,75322.6374921826
ROS1,SYNE2,394.257060355224,685.296077860249,9396.2594221965,9671.10990318827,0.881575721113845,0.951621553237573,0.14959181714394,1.12539574225536,0.0872577327172444,12.8973754784824,461.369182636999,754.531314202268,3,3,1,197,204,100.438517172102,994.295225058985,181.762188372739,1682.82065935921,,75249.8472292947,,104821.388610492
ROS1,TENM1,302.957497097442,310.818706120795,19081.9407316964,3190.91636187189,0.638377999796376,0.97550059628992,0.000972219335359053,3.09078630365036,0.199459808506961,15.4957849743574,515.737306273833,328.839835108182,3,5,3,264,275,76.1626673533959,772.036478801383,132.345013847922,595.531781059946,2441.49870584173,67369.183494267,,36589.2036800568
ROS1,TP53,291.837540554209,1497.22147414227,2187.18940797157,0.001,0.799004570250739,0.942229757853778,0.325955877445909,3.04226897418747,1.40111612571141,2.17131822149487,515.737306274972,1485.32595522596,3,59,3,210,275,72.5678255199263,756.953172212147,1153.98206171747,1903.02870909683,540.616718004256,5748.1033891166,,13686.4210570172
ROS1,TTN,350.352391291194,659.291610474597,8874.2057545463,0.001,0.902110020448935,0.986062321774454,0.234546087860293,0.967770780626813,0.11590316922906,8.34982155418201,461.369182635125,652.433493253856,3,4,1,196,204,87.1252973738245,908.570148453126,236.403113505132,1417.20928043597,481.983442503454,49568.381281415,,46725.6426259803
ROS1,XIRP2,301.956071583794,407.739264674649,15734.6447993384,3293.45766739566,0.860094051006956,0.993834209468748,0.001729347236242,2.84538542304487,0.208581305718875,13.641612862851,515.737306276456,427.402901608202,3,6,3,263,275,75.8427217696568,770.432122455432,185.587119552796,752.496068734743,1999.49965109814,55006.7334380542,,38650.2613180874
ROS1,ZFHX3,466.656973321233,200.409012548881,0.001,7208.55276511931,0.997444750895907,0.755598367446345,0.17402478572791,0.989445436281643,0.0896629827013788,11.0351608486746,461.369182636999,265.168960251355,3,3,1,197,204,144.872212016834,1084.19647576192,49.8385659608228,519.723774255717,,38646.5580137864,383.659704514209,44467.7227832989
ROS1,ZNF521,259.327693221156,325.956644386946,36522.0799991557,0.001,0.577117676553148,0.983246883222656,0.000265786500144301,3.08601754563658,0.146187588503753,21.1099832565974,515.737306275304,323.217390460574,3,3,3,266,275,64.4908612547642,672.484621740651,129.551153086547,660.536508908986,8030.08200888126,145405.004821819,,29453.4687968409
ROS1,ZNF536,470.907212913299,317.745381357553,0.001,0.001,0.922110321195166,0.890800159451414,0.821434065447802,4.97005657876855e-07,0.179605380596004,2.76720917952228e-06,461.369182636999,313.132526082908,4,8,0,192,204,146.185694300811,1094.05538814328,145.190203570439,591.559037527802,,11530.6393009648,,5824.72723713432
RYR1,SACS,214.372811646654,347.619848431089,3378.97742710943,551.808906911165,0.778935112741802,0.999402072856271,0.106812422276035,1.80653986064677,0.324716121407718,5.56344370219442,281.271546449638,351.295554500063,5,6,2,191,204,77.0083382135374,459.524321354763,153.604597194493,656.154078809916,260.86269720691,13511.8823109267,,10400.3102542634
RYR1,SF3B1,245.926332100307,852.386108516984,4868.98409954589,914.850440123958,0.768388073809995,0.999992469481814,0.269114054732443,1.08747821303769,0.150850287409859,7.20898999736754,281.271546450078,853.213216915953,6,3,1,194,204,97.7616773786241,498.164253374423,253.320436819202,2004.08994557606,12.1630990626681,33530.6368738308,,39133.6139529688
RYR1,SMAD4,294.319013864778,2357.88391815647,0.001,0.001,0.732297222932861,0.682016566211775,0.499597627138001,1.21537128913371e-06,0.579858910248535,2.09597760360841e-06,281.271546449435,2300.95712460112,7,16,0,181,204,126.431425426823,569.427426912934,1382.67789318692,3710.53990039316,,1808.15500011852,,12158.5430930273
RYR1,SPHKAP,283.909493948524,381.215932766354,0.001,0.001,0.938133186413563,0.921088672539432,0.864118152864747,3.94169542956846e-07,0.12214771485626,3.22699072529267e-06,281.271546449085,370.860199167586,7,3,0,194,204,121.970113353994,549.218208944931,94.7981749889013,988.643194270215,,10154.7637649738,,9250.32259271391
RYR1,SPTA1,244.058458727957,328.740674704133,2918.03377256424,0.001,0.686582295783948,0.964080451705693,0.402905821789443,1.12109211758327,0.247477666356015,4.53007390157985,281.271546449589,320.667901587438,6,5,1,192,204,96.9900006639988,494.667451869893,130.648215741828,666.259307916036,159.838199840024,15300.8794256571,,7244.60210707226
RYR1,SYNE1,206.756015573253,334.065480757762,2511.2044170515,0.001,0.520832964819282,0.948653131388032,0.18510157159068,2.3013907324915,0.568683068073515,4.04687753459542,281.271546449282,327.919160821586,5,13,2,184,204,74.1331569912074,444.480895610594,192.20163506384,532.913499110714,404.905621990178,8431.41540893088,,4631.2606325764
RYR1,SYNE2,256.021326565299,709.391190471754,2930.63678242711,2853.5097917122,0.885741142431415,0.986722529764632,0.331547057905162,0.931687099093856,0.158699702718715,5.87075516294579,281.271546448865,754.531314202245,6,3,1,194,204,102.333912406556,515.300582653466,192.147041409457,1724.13505138352,,22243.267637178,,34488.7391969246
RYR1,TENM1,242.308215275593,169.598100774951,5990.12973606265,0.001,0.694906202979217,0.996926252281493,0.240541285819594,1.03618199526221,0.133254567383281,7.7759585701992,281.271546449875,165.045385431683,6,2,1,195,204,96.2958987125876,491.107679846707,42.1735658594965,439.844911735018,300.234236602284,48174.3051110578,,7233.39486406215
RYR1,TP53,132.714648932411,1248.17567825321,1675.25661451578,0.001,0.447629023336457,0.885081489370612,0.0699888676402744,4.18311721624427,1.4460138879223,2.89286102380025,281.271546449015,1232.21687471213,3,35,4,162,204,32.9979924441319,344.277293699426,895.731925894576,1683.25722849361,512.203829979453,4013.27577584316,,10843.7915641516
RYR1,TTN,285.506900803438,671.895268555323,0.001,0.001,0.902933083255875,0.86459817619569,0.780717551482262,5.67763843897675e-07,0.214223799879727,2.65033037513311e-06,281.271546449635,652.433493247812,7,5,0,192,204,122.654964719933,552.325535915464,240.911177740387,1444.42416166013,,5876.57341858215,,9191.92109731309
RYR1,XIRP2,270.934122279467,351.377341380704,968.931131260981,2229.48408448386,0.98581313359602,0.946671313767643,0.466819473273016,0.95477877936668,0.230781478371963,4.13715513958105,281.271546449355,386.593154321258,6,5,1,192,204,110.676476165985,536.369642940169,127.199929320873,746.899556460541,,11113.4518088924,,15186.1833020034
RYR1,ZFHX3,285.367624552527,203.705483320008,0.001,2613.42438517471,0.993394803252922,0.843759625677864,0.410940148741457,0.777554659767834,0.167889307831344,4.63135306120231,281.271546449683,265.168960251713,6,3,1,194,204,122.594836055445,552.058236827147,50.6559579670476,528.299323418557,,10802.6120247056,144.901458984841,13040.1387583699
RYR1,ZNF521,282.612721264287,145.657330292527,0.001,0.001,0.96807988216875,0.94590304800312,0.915714086086786,4.63715700090147e-07,0.0852761155838704,5.43781452655492e-06,281.271546449844,141.653663350146,7,2,0,195,204,121.416172286825,546.69526683998,24.2189107542068,449.808560077829,,20505.7670791657,,5239.11255359859
RYR1,ZNF536,287.829112152839,322.677449317822,0.001,0.001,0.854418375803601,0.788824268214686,0.674065083728419,1.18325329443413e-06,0.335192735825076,3.53006842920253e-06,281.271546449444,313.132526082908,7,8,0,189,204,123.651155212835,556.829560827767,147.434440496213,600.800881389627,,3638.24942689039,,2705.55341341003
SACS,SF3B1,656.460765787956,1057.95893286455,0.001,16762.1238436023,0.964028625707264,0.795263314795894,0.0491971500295471,3.27192487211265,0.676137638654535,4.83914026532163,648.286431568989,1540.1170599399,16,6,3,250,275,403.709883174667,997.625299079989,420.466799580643,2143.99226659067,,11928.1402212497,4060.80256968125,46271.676723411
SACS,SMAD4,678.058094547119,2534.27462126086,0.001,10180.2539473886,0.96457291442251,0.929506391538002,0.597137695380147,3.11902209476321,1.7982177809819,1.73450742604719,648.286431570236,2788.32035230759,16,22,3,234,275,416.960348708467,1030.55854866369,1616.94637061879,3746.7756701085,,3552.86290655755,2472.65351107678,27907.7487676814
SACS,SPHKAP,550.178124981523,658.619308351666,11266.6717160767,0.001,0.792718298162842,0.973520555896105,0.024288052531854,3.10011555117795,0.526066202431562,5.89301410516152,648.286431568989,637.289028005483,16,4,3,252,275,322.673669821147,865.603757109997,282.977449356228,1273.88298029176,2509.02820036497,40611.3299851301,,12017.714226111
SACS,SPTA1,587.887406128017,368.717722733809,4796.6889691812,0.001,0.797133017387919,0.957513850489898,0.298598923359647,2.17473319440194,0.684278060080097,3.17814251438571,648.286431573631,355.577286105965,17,7,2,249,275,350.797959753472,913.43062260338,177.155723056113,664.790384278156,764.163978093659,16895.8227505872,,4301.66068766648
SACS,SYNE1,530.994928145234,411.520248468106,3601.00976671506,0.001,0.8528617368008,0.941291081067269,0.17728356696943,4.36694969945037,1.72471533658874,2.53198287671496,648.286431570036,399.015338934566,15,19,4,237,275,305.510053365416,847.037592819511,265.365737227956,603.538957502278,1087.03478204146,8882.90992935946,,2732.25425980533
SACS,SYNE2,310.316660000358,770.811144207585,4390.98945533278,0.001,1,0.992662441291795,0.37248437832284,0.931861709267958,0.177014854931046,5.26431360594541,351.295554499967,754.53131420376,7,3,1,193,204,133.327168274732,600.221745429285,239.285707895308,1790.82913350015,232.925660727155,28301.6139301529,,30308.5458513161
SACS,TENM1,654.000368993929,169.894618372855,0.001,4766.25096631335,0.986140842542888,1,0.00500748260040931,3.86268573951504,0.62590267838445,6.17138394340349,648.286431568563,328.839835109796,15,4,4,252,275,402.201659542674,993.87577029073,52.7401811114341,394.729267427639,,19827.6578753286,1423.15867452208,12070.4595898917
SACS,TP53,382.382747620199,1521.28177377812,2739.78230239449,0.001,0.830492300524594,0.951600693028126,0.0475085938886056,9.13974659844653,4.43758139607747,2.05962342606842,648.286431571927,1485.32595523951,10,53,9,203,275,191.548402283661,670.968194260831,1172.44183608696,1933.77897786141,1297.45985646769,5057.84295980258,,5987.89422083332
SACS,TTN,357.20386930227,670.228098795522,0.001,0.001,0.876822927071647,0.875471499656416,0.767671892979517,5.38065029378028e-07,0.236280656577095,2.27722843322329e-06,351.295554500611,652.433493249264,8,5,0,191,204,163.218440417592,665.030599561339,240.317684234717,1440.79416754151,,5632.49124952421,,9999.85426701778
SACS,XIRP2,658.462754358674,294.046427649599,0.001,4366.68915032743,0.931271357106496,0.609023235256657,0.0553639617996118,3.06881765414266,0.654473680640363,4.68898558478318,648.286431569892,427.402901608653,16,6,3,250,275,404.931585295861,1000.70485133762,116.864103633371,595.909466609642,,9551.48518320107,1060.07563516998,11987.6837009435
SACS,ZFHX3,356.425376278863,203.560155157406,0.001,2796.96139229998,0.959911467846173,0.763230569282105,0.379338659529217,0.898274432708853,0.181801747198838,4.94095599491905,351.295554499967,265.168960250938,7,3,1,193,204,162.866957496319,663.613086944023,50.6252136536432,527.979771608655,,11072.3117135163,155.428721272309,13751.6593361593
SACS,ZNF521,548.813014592793,334.38594090204,15753.6576257568,0.001,0.563913797731311,0.963481295066947,0.0100878663328306,3.28148238432024,0.466828434224198,7.02931129243142,648.286431568989,323.217390461996,16,3,3,253,275,321.866500627716,863.416931764447,132.904590966424,677.693917644518,3466.23334472899,62429.4300460934,,6761.02910461469
SACS,ZNF536,312.824763393739,319.616492168349,2371.34765813776,0.001,0.890462805024529,0.992290613117996,0.57499730163296,1.12782299909743,0.361494803816928,3.11988716625813,351.295554499358,313.132526083077,7,7,1,189,204,134.405117988771,605.068633731973,146.04485268443,595.042945502013,132.201024019581,11504.1736080049,,6786.52299691904
SF3B1,SMAD4,1627.61021343147,2838.21527334328,0.001,0.001,0.610849569957483,0.650529914997025,0.397495487866164,4.78505870385448e-07,0.897065654562467,5.33412318208564e-07,1540.11705996893,2788.32035235757,9,25,0,241,275,781.980182918194,2934.71182284514,1865.6163363471,4101.82045013394,,6235.88328754375,,12965.881107441
SF3B1,SPHKAP,1033.65995151499,645.247613825011,65920.8705501078,0.001,0.511537649838493,0.975123835432845,0.00154710438246417,3.15402787212453,0.233592574351352,13.5022608526095,1540.11705995047,637.289028007556,6,4,3,262,275,410.827398931834,2094.66199170966,277.241604518279,1247.96212571952,14609.4460576252,241246.701492984,,27774.6163476465
SF3B1,SPTA1,1211.75402188056,360.641249632934,27992.0858060179,0.001,0.666280040232089,0.972116339428782,0.0618130016834669,2.25760975258088,0.305188164874438,7.39743545923453,1540.11705994987,355.57728610669,7,7,2,259,275,520.654416275489,2343.61252896888,173.281065742286,650.183357549515,4465.52601021574,98217.465921593,,10645.1818330911
SF3B1,SYNE1,1591.4753588296,314.496087380794,0.001,9501.3426628976,0.997250322276168,0.954415143145187,0.000634148156768337,5.34149242465646,0.873623106497861,6.11418400558243,1540.11705999737,399.015338934093,4,18,5,248,275,764.664932393144,2869.28576256396,190.641442358389,483.04542931693,,28421.0573286726,2921.35760689219,30685.3508316452
SF3B1,SYNE2,707.249751205224,704.613183603617,20060.763436902,7448.67929085918,0.872601338690404,0.977292785476206,0.147736955694032,1.17233230681044,0.0913749298419708,12.8299119773656,853.213216918742,754.53131419982,3,3,1,197,204,178.103119640495,1803.34575589748,192.415030105171,1706.2802442955,,146960.900189015,,101094.882856504
SF3B1,TENM1,870.816591628176,329.088560861222,102127.030020133,342.62033989438,0.251002296515894,0.99999451990484,2.77435910198686e-05,4.66965635287663,0.274035899483393,17.0403088123847,1540.11705995201,328.839835108556,5,4,4,262,275,312.317941316305,1871.66377140862,148.967362130279,614.874640106364,27088.510496754,339478.442613237,,22419.8906009754
SF3B1,TP53,1766.89137249943,1461.86482725732,0.001,2762.03285574987,0.940810431930643,0.949565101501875,0.936140386268757,1.97882178133681,2.08214297562417,0.950377473834913,1540.11705993054,1485.32595521283,7,60,2,206,275,848.709417479972,3186.74806051982,1121.67388749252,1865.29059711228,,5445.80386833464,442.224674478136,9574.7226012517
SF3B1,TTN,868.755274160933,660.632327061195,0.001,0.001,0.930777174677134,0.940196515551093,0.875123549338934,1.63508634203378e-07,0.117677146128319,1.38946804526584e-06,853.213216923293,652.433493252065,4,5,0,195,204,269.691067694099,2018.37949394557,236.88406677082,1420.09124797718,,25044.5345224894,,23138.8313633139
SF3B1,XIRP2,1559.53645972389,288.02267658671,0.001,11274.1915656577,0.998768397592233,0.83526078013985,0.00525614821716782,2.99841057654024,0.296046104828113,10.1281878992501,1540.11705995227,427.402901608013,6,6,3,260,275,749.346290729136,2811.56413216425,114.474072459031,583.675141591253,,66330.8142766582,2623.99690825089,34990.1312596366
SF3B1,ZFHX3,835.145943066288,208.316472839812,2925.40449691741,7538.11575445112,0.999180969194266,0.802115946517063,0.153282979332215,1.11694115270807,0.0899310101013836,12.4199778413351,853.213216922467,265.168960250893,3,3,1,197,204,243.692283874438,1973.85901660882,51.9018255672787,538.338744740058,,91281.3608089442,,49496.8879988222
SF3B1,ZNF521,1204.33825658724,327.882991470082,56008.4691911789,0.001,0.466396786945425,0.971480726459862,0.0181041532863809,2.52793853485935,0.211720725826538,11.9399672610724,1540.11705996763,323.21739046141,7,4,2,262,275,517.472352086698,2329.23481133557,130.316151259402,664.44647230985,8679.07961482754,221634.829258594,,13587.0453140323
SF3B1,ZNF536,874.403064062342,316.715773607675,0.001,0.001,0.907080530543177,0.914089149235964,0.829166242916935,3.72184319424526e-07,0.164787028710196,2.25857776754426e-06,853.213216923293,313.132526082908,4,8,0,192,204,271.443431695454,2031.5182280916,144.721228473641,589.630739076844,,17816.842567143,,7751.3733793563
SMAD4,SPHKAP,2829.8874946119,670.31782568807,0.001,0.001,0.697453216876425,0.703922955480177,0.491040931292785,6.53382868638468e-07,0.649056278907505,1.00666597007311e-06,2788.32035226116,637.289028003319,25,7,0,243,275,1860.14679027449,4089.72492055045,288.000022851117,1296.58492910641,,15605.4005616909,,3614.89835369516
SMAD4,SPTA1,2601.9286074264,372.417143290352,14732.9120353888,0.001,0.980157774776801,0.992819551648233,0.493567466808569,2.02306694183333,0.857396863111919,2.35954553704642,2788.32035227047,355.57728610671,23,7,2,243,275,1677.90304945612,3815.80655324244,178.929619628853,671.46642106023,2353.09409951674,51462.7310035883,,3610.08080760741
SMAD4,SYNE1,2553.19722396519,418.787906422999,8363.17630893462,0.001,0.806655212003128,0.890770000872253,0.69883759789311,3.21466461304531,2.19217964929719,1.4664238918904,2788.32035229451,399.015338934806,22,20,3,230,275,1629.01560956345,3774.92995067863,270.03340341383,614.243908362265,2040.24307002369,22674.9909906824,,1627.18641293037
SMAD4,SYNE2,2322.04497566648,590.182890022947,0.001,4514.57570120401,0.993036494130791,0.947057950452406,0.601505424065548,0.991442808171033,0.337319524976342,2.93918002001387,2300.95712458545,754.531314193001,15,3,1,185,204,1361.74347085614,3653.73074197151,146.762224943382,1530.6006256,,58606.298493712,254.902299328938,20708.0164214293
SMAD4,TENM1,2830.13773958722,345.525276986914,0.001,0.001,0.696082660308256,0.675568472922996,0.470357520367025,1.32516557795536e-06,0.747333383245271,1.77319200194279e-06,2788.32035224221,328.83983510894,25,8,0,242,275,1860.32392541343,4090.07008366687,157.880077818686,643.303213528415,,15442.5497614063,,1669.25848920583
SMAD4,TP53,3149.76396136938,1292.07712953036,0.001,5883.73442899603,0.881561699697605,0.751888973314375,0.131888682324625,9.81303867410826,5.70927426819097,1.71878915132546,2788.32035227604,1485.32595522439,15,52,10,198,275,2069.59966602846,4554.39515013041,971.213244342635,1677.32590926152,,6603.6873118368,2797.77252941842,11341.9822736151
SMAD4,TTN,2328.65119104751,543.800640771223,0.001,3183.88291159699,0.988754123811894,0.959693436043596,0.700153345405706,0.994284645254657,0.41718466017682,2.38332024200803,2300.95712463885,652.4334932556,15,4,1,184,204,1365.59995698517,3664.19455875161,168.804845061332,1263.5417446544,,43823.9092296754,179.591938082175,14663.150962194
SMAD4,XIRP2,2843.07827872771,449.153626144749,0.001,0.001,0.622321352342696,0.642605470780257,0.400028044344502,1.18028367698635e-06,0.835162955952323,1.41323758264696e-06,2788.32035228248,427.402901605901,25,9,0,241,275,1868.83046766936,4108.97881782241,215.798881815895,809.835311334253,,11739.4712097262,,1922.20246237337
SMAD4,ZFHX3,2337.44589038017,277.532989296474,0.001,0.001,0.7818200939616,0.834779122312242,0.65271569184441,7.27202954338511e-07,0.332831906702982,2.18489555746668e-06,2300.95712462503,265.168960251793,16,4,0,184,204,1370.71340834325,3678.18579078102,86.1513758021146,644.856549337693,,19618.8351411554,,2941.30525896957
SMAD4,ZNF521,2818.99840436312,339.515915309622,0.001,0.001,0.76612120825685,0.745554589492556,0.571241765034397,1.00684728266028e-06,0.562121484827028,1.79115602202982e-06,2788.32035235357,323.217390461204,25,6,0,244,275,1853.0382024798,4073.91767397976,134.933422810121,688.067869971652,,21225.2965340941,,2191.53355692583
SMAD4,ZNF536,2338.84415633751,202.375603861117,0.001,3303.72518999012,0.960160698031625,0.627949426339742,0.0502987953358411,2.98561996818286,0.644644463773724,4.63142109482358,2300.95712461384,313.132526083207,13,5,3,183,204,1371.56289760105,3680.29759236631,72.5658188195267,435.029533036385,,37882.464231656,794.622122140113,9292.65694044967
SPHKAP,SPTA1,368.836974307206,359.021694590197,19186.7566439907,0.001,0.777395461481684,0.983372035286716,0.003027556479835,2.93752698406714,0.255832801548603,11.4822140330941,637.289028010714,355.577286105437,4,6,3,262,275,114.50244228842,856.879956425353,172.505819348266,647.258676186053,4458.78785523408,60163.822816348,,17297.9158557487
SPHKAP,SYNE1,661.740861991508,349.187656984564,0.001,6973.23826213442,0.946985087813848,0.568531418424203,0.0242128051478922,3.35014583974299,0.605054812400152,5.53692949974817,637.289028009452,399.015338934185,4,20,3,248,275,284.319661802624,1279.93919024031,217.61358263428,525.44614312249,,9869.86857471138,1550.59850495233,25196.8361156028
SPHKAP,SYNE2,375.335374070719,760.643043809033,0.001,0.001,0.96482851252831,0.968475838553385,0.934415596284157,1.32613791916508e-07,0.0648533388965799,2.0448259746192e-06,370.860199167981,754.531314199714,3,4,0,197,204,93.3387755017526,973.336837963003,236.134485140744,1767.13495476178,,22458.9365060505,,52474.6703475065
SPHKAP,TENM1,644.124922006867,207.161234713775,0.001,13025.4435805044,0.991459610491995,0.886530477423421,0.00190503614079052,2.98064329774495,0.234189526368513,12.7274833506205,637.289028007556,328.839835107908,4,5,3,263,275,276.75935473707,1245.78357862598,74.2851374035507,445.277802701197,,36702.601616161,2851.31663029806,48404.2970943396
SPHKAP,TP53,413.347580608777,1500.49572866225,2272.46846546249,0.001,0.903736764560337,0.95385300734729,0.494232074104456,3.00686439453948,1.6420688975955,1.83114386914122,637.289028009741,1485.32595519282,4,59,3,209,275,128.304359176517,960.520642270348,1156.49118853078,1907.22717899667,561.668106600394,5972.68628994778,,10731.1328534406
SPHKAP,TTN,376.429662196965,657.278966120113,0.001,0.001,0.956468258584276,0.964129369937869,0.922163417479823,1.85853059418337e-07,0.0861480066894477,2.15736923650843e-06,370.860199169402,652.433493252877,3,5,0,196,204,93.6109306640046,976.186319586796,235.685306945501,1412.85032549264,,17592.9225451758,,42233.2240166365
SPHKAP,XIRP2,647.732394201513,336.106812048479,0.001,7861.15000026098,0.990782905075132,0.92502130402377,0.0636376638768364,1.86830129777651,0.245640361431502,7.60584004553948,637.289028011463,427.402901607292,5,7,2,261,275,278.303305439846,1252.78325135365,144.413902502039,650.066740342131,,23458.9219417036,1235.10714763163,29285.2743806848
SPHKAP,ZFHX3,376.76697429525,267.28002288932,0.001,0.001,0.953834813393723,0.969096358638669,0.924361670752338,2.22789851506491e-07,0.0675069070980497,3.30025268648292e-06,370.860199167176,265.168960252107,3,4,0,197,204,93.6965496511499,977.101371453004,82.9739902693643,620.978198680124,,16907.8257494238,,19591.460996103
SPHKAP,ZNF521,642.13977224924,217.535401480303,0.001,10251.7059255183,0.997743342076269,0.953336004151021,0.0213902759031456,2.09206137893329,0.171974108675574,12.1649787578194,637.289028011463,323.217390463655,5,4,2,264,275,275.908902293668,1241.93137820869,67.5326224939868,505.367933377164,,47096.5369126798,1586.52476506094,39966.044644593
SPHKAP,ZNF536,378.67674063623,316.159802324531,0.001,0.001,0.939670311668325,0.926780814578492,0.870877545747957,4.15286696055488e-07,0.137026243232437,3.03070920036128e-06,370.860199169402,313.132526082908,3,8,0,193,204,94.1696674420084,982.018982944872,144.468498544187,588.59113011224,,12103.8493877804,,9397.67675985472
SPTA1,SYNE1,367.368385320875,314.226327716783,0.001,10549.5047439942,0.97915272599451,0.480299749798935,0.000348141059823366,5.34828618898852,0.778515452014825,6.86985232617666,355.577286104765,399.015338935294,4,18,5,248,275,176.510651227083,662.338214046896,190.479398612358,482.630544764341,,6194.22692639728,3291.88565435302,32986.311083804
SPTA1,SYNE2,324.967512377996,765.79787206357,0.001,0.001,0.92384872230978,0.94289159134382,0.871098327579676,2.97984453462991e-07,0.130763017480173,2.27881291824864e-06,320.667901587352,754.531314202268,6,4,0,194,204,129.1527236536,658.578422649038,237.733477381562,1779.13568368032,,8776.25199809459,,26344.5992641346
SPTA1,TENM1,360.304111622315,250.026386335018,0.001,5593.52637736939,0.985168071158239,0.831685391909357,0.0702212359081016,2.14015176771992,0.308139240011619,6.94540483594113,355.57728610669,328.83983510841,7,6,2,260,275,173.120417339568,649.579645459947,99.3699510542432,506.691987950932,,12064.9918419059,883.000395021034,20280.906779915
SPTA1,TP53,338.781347373242,1439.99896497467,481.340880610563,4883.1733475204,0.999190022195359,0.979798058309052,0.35005331146358,4.07771947128707,2.1229915589764,1.92074219704064,355.577286105745,1485.32595520081,5,58,4,208,275,138.323152520524,658.114964529287,1100.76866831384,1842.41375505639,,2273.15093130322,125.700157400226,17324.9126031962
SPTA1,TTN,325.336009030338,661.222456421859,0.001,0.001,0.917639592642992,0.936106958927293,0.859022208224702,4.11071341348485e-07,0.171978909243727,2.39024275218492e-06,320.667901587352,652.433493251083,6,5,0,193,204,129.299218514083,659.325039205457,237.09736791037,1421.33548899888,,7924.42311455576,,20476.6549155285
SPTA1,XIRP2,361.587178012747,337.223222265903,0.001,6189.30578215058,0.977108439728956,0.785554509503598,0.0929540954253041,2.00722970083761,0.32080806465894,6.25679314817584,355.577286105694,427.402901606555,7,7,2,259,275,173.734612378792,651.907608705216,144.892651487404,652.227803485286,,9656.41712007928,988.231542322448,21647.854652503
SPTA1,ZFHX3,326.52479380386,269.012908336212,0.001,0.001,0.897959780778718,0.944812364506841,0.848417460126832,4.76427674883043e-07,0.134532169937232,3.54136616621384e-06,320.667901588281,265.168960251495,6,4,0,194,204,129.768320483229,661.763528031975,83.5103750377455,625.003975359051,,6417.62221193458,,9694.20836722679
SPTA1,ZNF521,358.391678860618,218.165640216075,0.001,8049.37490872947,0.991740927953765,0.798178296613159,0.031756705561971,2.25727122246038,0.223760043794925,10.087910174567,355.577286106349,323.217390461406,7,4,2,262,275,172.204520218955,646.116004457238,67.7280462509064,506.832101128018,,19293.7334655046,1276.95528428982,28748.0853645869
SPTA1,ZNF536,327.844486282399,318.183422611131,0.001,0.001,0.876727144333328,0.881311557477004,0.772697422630914,9.23249919474334e-07,0.282201338428456,3.27160007325195e-06,320.667901587722,313.132526082908,6,8,0,190,204,130.29524968633,664.416857471975,145.391485557505,592.365522662618,,4943.22793775666,,5133.89104571406
SYNE1,SYNE2,319.618593944488,680.018193046536,1434.688783602,2849.56754800534,0.969389574648279,0.973775827004589,0.516907833887277,1.19701698689108,0.336243768041523,3.55996779914524,327.919160820569,754.531314202268,14,3,1,186,204,180.913892159465,515.098737597501,175.659317233466,1696.86946687089,,13675.5383941677,,21890.1507205128
SYNE1,TENM1,328.755184675768,302.29703810821,11864.7453749957,1204.81279433493,0.557172468507376,0.982990823417414,0.000147637435192313,5.56210537513112,0.712148180653571,7.8103202763595,399.015338934789,328.839835108056,18,3,5,249,275,199.623780559273,503.911743681545,120.195741404265,593.520691748508,2746.05823420933,45575.1544912058,,8541.147793604
SYNE1,TP53,452.937576905166,1338.51241339488,0.001,5181.04782416517,0.75570956602443,0.548077501500369,0.264079109998487,8.27312667707233,5.28011586792317,1.56684566854523,399.015338933755,1485.3259552157,15,54,8,198,275,291.951327796897,664.602813122051,1011.73374675312,1729.54025339238,,868.190398572318,2259.11271810741,10527.4929294704
SYNE1,TTN,332.627258830032,405.194140714587,0.001,7553.17571801787,0.893557412116049,0.44386198945724,0.103893572651926,2.30822185352135,0.443218088165769,5.20786925252483,327.91916082155,652.433493253929,13,3,2,186,204,191.367292557139,530.624953293942,100.767910371768,1051.00252530004,,5282.56159001625,1220.2912566956,25344.8527446621
SYNE1,XIRP2,402.960835608442,196.225641548053,0.001,6808.40745420428,0.956377178651312,0.506138636618459,0.000657588869857907,5.18546869711208,0.752443690081079,6.89150399620378,399.015338933332,427.402901608315,18,4,5,248,275,259.863799333807,590.927085079615,60.9155322535971,455.885123079854,,8805.9815008273,2366.41117549185,15581.626577746
SYNE1,ZFHX3,331.408774171659,205.36467058659,0.001,1995.46452002052,0.963735499322341,0.729789841048997,0.488701718557724,1.20814509669795,0.331932489074923,3.63973138051349,327.919160820569,265.168960250893,14,3,1,186,204,190.678330618205,528.655205375672,51.0688497185166,532.595281946582,,7319.38765336969,112.251569301973,9289.55072302272
SYNE1,ZNF521,366.430782377844,335.691318513602,5334.45233146722,0.001,0.633746394580706,0.953390503927516,0.122443567901251,2.49275222656387,0.541123796040746,4.60662097065893,399.015338934802,323.217390461728,21,4,2,248,275,231.177586115613,546.34765992617,133.415800670087,680.30150142254,828.781461167674,20904.2093546928,,5409.31006007712
SYNE1,ZNF536,334.283680144591,282.8883705545,0.001,1236.49961805541,0.950945053709018,0.869839069795314,0.774632765625365,1.18364314998323,0.615082430856942,1.92436507791998,327.919160820996,313.132526083356,14,7,1,182,204,192.32715629603,533.26026621629,121.537925941619,547.202785182532,,3793.93890134585,69.4455665687162,5800.61834384905
SYNE2,TENM1,629.288506679948,148.397220086742,27993.319100635,2502.20179996355,0.759722542273339,0.94199321182134,0.0987855966476348,1.23138155360524,0.0675463673378725,18.2301669525138,754.53131419978,165.045385431519,3,2,1,198,204,158.93119107592,1599.70813579895,28.6379351643151,411.74815542674,,254796.865883235,,32433.088939156
SYNE2,TP53,849.648653113835,1248.29309844839,0.001,0.001,0.623919551629541,0.621475598394851,0.387940588342864,9.44168725258709e-07,0.803303427459918,1.17535752118501e-06,754.531314201846,1232.2168747106,4,39,0,161,204,263.718142558943,1974.59110475432,895.80318243919,1683.43605932665,,3278.70917647977,,5370.99748484527
SYNE2,TTN,767.349741646683,660.290737102153,0.001,0.001,0.935347957708754,0.942303602159335,0.881391855477538,1.7511893176002e-07,0.119407936231378,1.46656024119444e-06,754.531314202268,652.433493255183,4,5,0,195,204,238.207863896653,1782.75151732807,236.777012204531,1419.44580311985,,23692.3626674862,,24160.0610557474
SYNE2,XIRP2,750.293754812809,329.916308848217,1083.47569636784,6953.22999847311,0.999883045728509,0.86294531406653,0.246744531203099,0.998637207725787,0.124110133375183,8.04637929690173,754.53131419982,386.593154320787,3,5,1,195,204,223.123728132859,1763.63149979602,118.355585092746,708.622946677159,,46295.5621032071,,43340.8726090142
SYNE2,ZFHX3,761.170850935604,133.226857356259,0.001,20327.2663943944,0.993785026139399,0.514764958055859,0.00390746409873029,2.02391863957664,0.091110096712094,22.213988488808,754.531314203583,265.168960251227,2,2,2,198,204,236.294346744897,1768.34086281569,22.1524176838859,411.40454231499,,106500.710399998,2828.84772897417,124434.16224712
SYNE2,ZNF521,757.677735382255,143.320399383862,0.001,0.001,0.98363043579846,0.976928306327497,0.960937118225142,1.90050378232141e-07,0.0447876121649594,4.24336929444144e-06,754.531314199714,141.653663349249,4,2,0,198,204,235.215586270826,1760.21972681017,23.8308789111557,442.566595821518,,108146.12658535,,13334.2489219476
SYNE2,ZNF536,771.253580903669,317.208860417547,0.001,0.001,0.916715492286146,0.902873719637591,0.827694495608363,4.07526729331604e-07,0.174540175861994,2.33485916534098e-06,754.531314202268,313.132526083189,4,8,0,192,204,239.42104627231,1791.82391832208,144.945204588313,590.55050960155,,17572.2882163461,,6674.71480600202
TENM1,TP53,231.867848474703,1502.70834981317,1073.23933081421,0.001,0.930468462661889,0.974058225556216,0.601260633832645,3.20547842902156,1.91920401497485,1.67021244433129,328.83983510925,1485.32595521941,5,59,3,208,275,83.1343669835859,498.537586492922,1158.17404202786,1910.02368099116,265.051410389054,2825.39879377407,,9486.20085749788
TENM1,TTN,167.666565908342,658.439174075046,0.001,0.001,0.954203594909011,0.955814437838742,0.912049030636521,3.5146909066453e-07,0.0906293984431911,3.87809139972213e-06,165.045385431447,652.433493251083,3,5,0,196,204,41.6944092776612,434.827696329828,236.098608848959,1415.36209504286,,7690.06698083605,,34413.5064743142
TENM1,XIRP2,199.142662098852,343.285641717778,14695.9846102307,12032.9034673154,1,0.941344435036056,2.35706897184467e-06,5.01992611733968,0.288712983852542,17.3872544641206,328.839835108011,427.402901609105,3,4,5,263,275,54.5513577172364,466.103675321247,131.065503870529,683.125908165315,934.632843434198,63356.2679417572,,65218.4675292708
TENM1,ZFHX3,167.162314989639,199.677690399864,0.001,12459.8308852214,0.995474550087561,0.572720136291936,0.108780982462828,1.17386677787844,0.0726887780975041,16.1492159945766,165.045385430425,265.168960251652,2,3,1,198,204,41.5694411445135,433.509520999878,49.6561458882575,517.813821453172,,18081.087506462,627.797579220024,98587.0304165442
TENM1,ZNF521,248.437193562336,327.330033737403,9838.29893964022,0.001,0.831401606354452,0.992251617231623,0.0259518667135906,2.18922181974766,0.209791658775163,10.4352185998676,328.839835107912,323.21739046141,6,4,2,263,275,98.739694173219,503.459248348504,130.096587368127,663.323274414574,1524.75063235708,38880.4144425742,,18061.4980891132
TENM1,ZNF536,168.577917881366,316.155087495228,0.001,0.001,0.938960146303439,0.926908544733747,0.870342914095327,7.19307959432848e-07,0.151160994881647,4.75855534025849e-06,165.045385431018,313.132526082908,3,8,0,193,204,41.9210676063802,437.185688198,144.46738216849,588.591042308577,,5357.57997070002,,9626.41349006519
TP53,TTN,1240.88336258486,290.152228181358,0.001,3794.18908904407,0.978487677045105,0.9456026951943,0.148096108108292,2.97127962001074,1.03461238793416,2.87187709586927,1232.21687470895,652.433493252423,36,2,3,163,204,890.527387289234,1673.34613623165,48.2396830438983,896.25727890372,,23773.1361408706,932.006033642064,10115.1477280848
TP53,XIRP2,1508.71258042505,322.6948198471,0.001,1207.99003337083,0.897513545718218,0.826700090863936,0.691384627309042,3.0427043624544,2.0832023943766,1.46058989307419,1485.32595522348,427.402901608411,59,6,3,207,275,1162.77466099602,1917.76911240796,128.232741071267,654.117710141593,,6898.15949999403,298.607472352742,3173.97394188982
TP53,ZFHX3,1250.47434992607,297.07835910898,0.001,0.001,0.582039682834239,0.63745154448066,0.371256329946095,2.02209922302082e-06,0.819043538188553,2.46885437554763e-06,1232.21687470835,265.168960251278,39,4,0,161,204,897.349137129978,1686.42287209303,92.2072013974621,690.430224103317,,4703.47164743617,,1204.94484026034
TP53,ZNF521,1487.89561098713,200.49566178458,1096.83706192478,1273.77322820246,1,0.986273462293729,0.324822603408121,3.17573984851103,1.42236933849399,2.23271112682555,1485.32595522232,323.217390460371,59,3,3,210,275,1145.24998405019,1893.0449610273,50.0532978367809,516.319524158363,,18547.2504773854,210.721688725623,3575.77938500164
TP53,ZNF536,1255.4947300028,258.433356191946,0.001,846.094230343529,0.928447572885335,0.868411477972659,0.817380057224316,2.25501924330066,1.63669919303769,1.37778478347959,1232.21687469953,313.132526083083,37,6,2,159,204,900.916357948103,1693.11399192044,102.693568517145,523.889243505518,,6827.38650211125,139.472295938717,2672.79096028617
TTN,XIRP2,650.176353490897,331.187060772255,869.409836041334,5497.18273829559,0.999833929534806,0.810559887120135,0.296503174000074,1.07211112832299,0.160664086852034,6.67299798809656,652.433493251083,386.593154322886,4,5,1,194,204,226.159050418369,1411.20995212301,118.824181526474,711.239289701243,,32945.247515977,,31491.9251685807
TTN,ZFHX3,663.438755077598,269.591425366054,0.001,0.001,0.920636962586459,0.93668605660135,0.862363839784394,3.35049216667379e-07,0.122825946203037,2.72783745637527e-06,652.433493251979,265.168960251863,5,4,0,195,204,237.885230004932,1426.17821733659,83.6888749286989,626.363723113592,,17208.3793978156,,8592.41940511624
TTN,ZNF521,654.735438682325,143.973904268816,0.001,0.001,0.982864604507747,0.968099969709878,0.951512480380198,2.63128581519043e-07,0.0603291553658058,4.36154923641086e-06,652.433493252382,141.653663349249,5,2,0,197,204,234.774919759626,1407.34627019532,23.9393417876456,444.592884468515,,89267.6133410624,,9364.43789397561
TTN,ZNF536,666.00075200551,317.581543942629,0.001,0.001,0.903316863218246,0.894596263576617,0.808129779092487,5.68298478692553e-07,0.232250722919446,2.44691801837646e-06,652.433493251083,313.132526082908,5,8,0,191,204,238.808527372944,1431.65083802035,145.115922204341,591.249442749423,,13054.2015069436,,6026.31935847515
XIRP2,ZFHX3,378.292368624836,214.128493671781,1247.53038031469,3587.48445951543,0.99739568178294,0.9118407828452,0.274494124665177,0.923327862006461,0.127351001821321,7.25025990217125,386.593154322057,265.16896025093,5,3,1,195,204,144.396193666727,778.477606597673,53.5005086540658,551.160748175655,,27520.0633782452,,22381.107490845
XIRP2,ZNF521,335.199376135396,328.67825439246,10139.9410586352,0.001,0.840684012091037,0.986258630050265,0.0407840101642685,1.95198233701889,0.211322889075604,9.23696597920609,427.402901606555,323.217390461748,7,4,2,262,275,144.023560269896,648.300155785109,130.630476736289,666.073861036738,1574.29495386579,39875.16513751,,13957.1101002726
XIRP2,ZNF536,394.973850774266,319.229921489922,0.001,0.001,0.880595289826838,0.85878570055595,0.756275908065486,7.85922220108547e-07,0.262475783296432,2.99426564324584e-06,386.593154322355,313.132526082908,6,8,0,190,204,156.974563173584,800.45718831087,145.864987776151,594.341944546117,,6149.97282610533,,4341.76522594508
ZFHX3,ZNF521,266.193318937779,143.787511738319,0.001,0.001,0.984891518249849,0.970624841356053,0.955961205938831,2.58197739882787e-07,0.0469767978179942,5.49628224731584e-06,265.168960252107,141.653663350858,4,2,0,198,204,82.6369856303868,618.437671816747,23.9081601715937,444.013644562251,,41614.7947668881,,10402.6801337154
ZFHX3,ZNF536,271.074614773801,318.263815742795,0.001,0.001,0.916623458934921,0.879516420489079,0.806210143581211,6.69661509125705e-07,0.186046807111577,3.59942489485505e-06,265.168960250929,313.132526083259,4,8,0,192,204,84.1494230424911,629.808208556294,145.42465903096,592.538255854859,,6184.79744216114,,5299.33188861587
ZNF521,ZNF536,144.642106711298,314.604455904895,0.001,0.001,0.959195010443756,0.96364943184184,0.924330210573735,5.04164601377796e-07,0.0961674667853015,5.24256922045548e-06,141.653663350858,313.132526082908,2,8,0,194,204,24.0505119384286,446.652687503687,143.760437908981,585.673707933758,,6927.50294751969,,20123.2422345699
