variant_A,variant_B,ces_A0,ces_B0,ces_A_on_B,ces_B_on_A,p_A_change,p_B_change,p_epistasis,expected_nAB_epistasis,expected_nAB_null,AB_epistatic_ratio,ces_A_null,ces_B_null,nA0,nB0,nAB,n00,n_total,ci_low_95_ces_A0,ci_high_95_ces_A0,ci_low_95_ces_B0,ci_high_95_ces_B0,ci_low_95_ces_A_on_B,ci_high_95_ces_A_on_B,ci_low_95_ces_B_on_A,ci_high_95_ces_B_on_A
APC,ARID1A,1027.29305282817,509.353167476593,13038.8958286735,0.001,0.61358710814935,0.928964162790164,0.0679531991752357,3.3072386835971,0.765246591502061,4.32179472646262,1281.51260840628,497.143970421792,11,11,3,250,275,533.380166261316,1759.64809778323,286.915615759444,824.789322685715,3127.49653321524,36989.8987037338,,6060.27714226204
APC,ARID1B,1304.99143699835,587.634363870022,0.001,2621.17952800601,0.978558096997601,0.949040756249668,0.787708208011896,1.0253905888385,0.512826484159018,1.99948836597243,1281.51260838762,643.302004235072,13,8,1,253,275,735.086672025683,2113.13376600384,268.520282721218,1093.98944682601,,17724.2550479892,147.625802437636,12154.7115880628
APC,ARID2,1020.20970642521,955.938821642868,18807.3781186942,0.001,0.808752059691941,0.985509137502232,0.0297417933906048,3.07908095926072,0.53688949392096,5.7350367144901,1281.51260839956,935.095676308305,11,7,3,254,275,529.71027885703,1747.47458145768,478.963149856061,1676.84325787649,4426.93820441667,56475.38359204,,18833.2553520879
APC,ATM,1111.38579975092,600.469601296415,14710.905779631,0.001,0.635924818840478,0.943723927539857,0.143257688317279,2.4049129624291,0.514182036565667,4.67716254440166,1281.51260840883,585.099185755178,12,7,2,254,275,595.090327898104,1864.200074836,288.513485413485,1082.58218694147,2349.53457452822,51398.4028213764,,9457.0612821002
APC,BAP1,1285.32081291106,58.5601681732423,0.001,2205.50144483972,0.982982730589194,0.798267551499689,0.194198838489135,1.04909256959291,0.113091168072792,9.2765207705491,1281.51260839534,114.140560941398,13,1,1,260,275,724.04311245773,2081.1790370129,3.34131850225909,257.849741754662,,198129.510801249,124.144579623764,10248.8092912583
APC,BRAF,1279.05709653369,216.877087873146,2329.71048806794,7197.6817291572,1,1,0.201451611237391,0.994212547047354,0.109137754794579,9.10970313544273,1281.51260839534,401.384622451113,13,1,1,260,275,718.500258255838,2073.95322937235,12.3912382872137,950.96085557594,,347469.696049731,42.9369641428392,34756.7555496325
APC,BRCA2,1287.05224569272,270.725629031804,0.001,10423.8842489042,0.990266659934642,1,0.0381700441123145,1.94916414014569,0.215095845856166,9.06184000154561,1281.51260840883,528.276405532525,12,2,2,259,275,725.017737030245,2083.98868724591,45.0152897472356,835.994428581173,,101277.980302423,1691.02502006331,34525.3238903106
APC,ERBB2,1303.70823017283,1285.94162248449,0.001,0.001,0.789503724359561,0.768093833360962,0.606468325350951,4.25954398485667e-07,0.516536765922144,8.24635198474663e-07,1281.51260839352,1248.48717334073,14,9,0,252,275,734.383545248127,2111.05112132346,617.87418697059,2318.4982736211,,10901.3317759563,,9432.15580048813
APC,ERBB3,945.526760447449,2056.01901914727,0.001,0.001,0.867122452205005,0.866866986797566,0.751714035693822,2.14737573679333e-07,0.262774842870945,8.17192282690455e-07,928.595453562434,2007.17964561525,8,6,0,190,204,432.042806340263,1760.34031601941,817.119156387999,4166.83818650424,,13383.6956437285,,28494.738214585
APC,ERBB4,1104.95193923826,269.268465372812,27348.4589742951,0.001,0.504937910200661,0.953822981652491,0.0526352482305266,2.48065225438336,0.343484568804189,7.22201950154422,1281.51260840883,262.390441261343,12,4,2,257,275,591.651869679238,1853.38265904787,107.018269147616,545.682203210965,4204.27833824748,111035.847504668,,6130.93323540966
APC,FBXW7,1289.98761713369,496.539730128528,0.001,12823.0959065412,0.983715405484499,0.933235079633453,0.0646657374608797,2.12462117536468,0.298117378239667,7.12679411012604,1281.51260839638,807.452602795616,12,3,2,258,275,726.667995846441,2088.76345664171,123.480208321075,1287.66738472114,,57134.5556493283,2074.17912163226,42861.7041146513
APC,FGFR2,,,,,,,,,,,,,14,0,0,261,275,,,,,,,,
APC,GNAS,1327.00530456673,1485.31173375656,0.001,4237.98542562575,0.883982030843421,0.846370458127989,0.845623674411393,1.03246055293737,0.764855637475295,1.34987637189341,1281.51260840338,1563.50034086716,13,12,1,249,275,747.43792035129,2149.02032037917,795.233080579399,2491.7673848091,,8631.08725436059,238.32381339628,19773.3635776513
APC,IDH2,1283.84654267508,739.844160468864,0.001,0.001,0.897712788435127,0.976577198468501,0.952316037405573,5.2905113569142e-08,0.0479133050484063,1.10418418257084e-06,1281.51260839534,722.496365546888,14,1,0,260,275,723.217628100499,2078.77443977207,42.2144098982847,3257.64432328557,,171309.102801175,,60779.3820134768
APC,KMT2C,1019.82149992872,626.447332914431,19706.1840998506,0.001,0.627971545239218,0.959256226137342,0.0259638889725867,3.29367462839571,0.562996959766253,5.85025295654027,1281.512608395,612.180797458206,11,7,3,254,275,529.508824613547,1746.81997631693,313.872072836932,1098.88643264521,4622.97130474436,59771.8830589647,,10976.3653472645
APC,KRAS,1385.51845607802,13516.7821412862,0.001,16351.9555027736,0.786169025489737,0.984022045397972,0.677285381836585,1.12151483516972,1.76881132326475,0.634050008849845,1281.51260840891,13582.1850231856,13,34,1,227,275,780.424167689934,2244.42953800042,9463.96286499533,18592.319854696,,3899.0313122376,921.310940167176,75417.5123693664
APC,MED12,1300.25763182507,594.353911658703,0.001,6467.19569991045,0.991542607050061,1,0.218548394616572,2.07813596228873,0.525060714223572,3.95789649843019,1281.51260840883,745.308293669074,12,7,2,254,275,732.435819830683,2105.45537479234,255.364562822274,1149.60094520488,,26640.281458407,1047.71562744903,21513.2622676513
APC,NF1,1309.09034096156,808.337870060139,0.001,7189.50020851438,0.955872568693926,0.742750411195162,0.272737775293147,2.1953120296894,0.643219011344213,3.41300861910407,1281.51260840278,965.004013578116,12,9,2,252,275,737.397637206381,2119.80122038739,388.382611986378,1457.38634493922,,16864.2159898143,1164.40132848522,23926.6189064924
APC,NRAS,1286.38971592408,1787.41113355986,0.001,0.001,0.948854351879182,0.953577820696212,0.904808911786286,7.14966898119262e-08,0.102837395525718,6.95240184238682e-07,1281.51260837995,1745.36273097507,14,2,0,259,275,724.648285644349,2082.90925976353,297.204959051224,5519.39088440009,,58114.4745282185,,73122.1130144117
APC,PBRM1,1106.62158710992,641.223144798415,22285.0822180287,0.001,0.758084474759682,0.971695047057235,0.0764446323253529,2.22798735861705,0.357931434347427,6.22462054130304,1281.51260839638,625.128243837364,12,4,2,257,275,592.54331449794,1856.19498364863,254.847343987615,1299.45773355619,3452.66184315011,88487.3203701664,,15941.0561025078
APC,PIK3CA,1118.27559932562,1127.20356872996,9890.38822552003,0.001,0.849678560760785,0.96437295761958,0.273064718508478,2.13059754431793,0.625426118113476,3.40663346574752,1281.51260839294,1098.47924324036,12,9,2,252,275,598.765380589462,1875.79924361418,585.241365909587,1930.7890465783,1590.58940217991,33711.0459645075,,15382.1277426068
APC,POLE,1293.04251909113,157.279106652659,0.001,6104.78929023099,0.926847473412836,0.377597934277807,0.0353307987568289,2.04294172951163,0.224790518343371,9.08820240536571,1281.51260841416,306.908387719625,12,2,2,259,275,728.371083047485,2093.78990393219,26.1516171942886,485.678430430112,,38027.9045729256,988.601752954904,20332.7466736781
APC,PTPRT,1293.89291240542,117.393629213268,0.001,2194.55111409563,0.977996213147646,0.905625563062068,0.102123245537723,1.95687609486034,0.338264341163339,5.78504990543896,1281.51260840883,171.695159064796,12,4,2,257,275,728.855586965785,2095.12817920358,36.442926510166,272.741515523606,,41814.9411332153,354.612085301549,7358.19716018141
APC,RASA1,1293.54898770196,291.867343355263,0.001,5655.13746160656,0.975200837011874,0.851878008790512,0.0958632057614579,2.11302522268477,0.356743069600739,5.92310097306062,1281.51260840883,427.203443258388,12,4,2,257,275,728.665669665196,2094.55561483615,90.6056452889375,678.095083111523,,39688.9635509984,913.259234195711,18999.7040246714
APC,ROS1,1293.04160285264,352.343496433212,0.001,6801.55026055227,0.983276446616519,0.947894177572356,0.0963533666360078,2.00759644677162,0.332871935625467,6.03113759950758,1281.51260840883,515.737306274782,12,4,2,257,275,728.410043208947,2093.82995871897,109.383006978909,818.602119370595,,45498.6508608562,1103.31687304268,22529.2361692247
APC,SF3B1,1113.38181241921,1581.85003773251,12882.137368521,0.001,0.77899015096366,0.954943507604843,0.185116117175825,2.20691060882813,0.524419134006996,4.20829536093679,1281.51260840883,1540.11705992134,12,7,2,254,275,596.150584083401,1867.58805446853,760.036976667535,2851.97464680809,2032.32182808467,46696.9014959895,,25034.1880915652
APC,SMAD4,1150.39399062805,2861.91236085702,3954.38533358824,0.001,0.935046683393803,0.974930993144008,0.801924013121486,2.05724977762827,1.3486507352679,1.52541330667025,1281.51260838657,2788.32035236887,12,23,2,238,275,615.932325359332,1929.83710889418,1881.13771463499,4136.22563654783,649.421605668675,12622.285646347,,17843.4069630384
APC,TP53,615.927388442975,1506.62993805149,6472.10328766277,0.001,0.930801382730504,0.997201269366581,0.0180280549219319,8.04154756657246,3.27894359771779,2.45248121137842,1281.5126084281,1485.32595521608,6,54,8,207,275,244.745685381738,1248.48307863947,1161.19997567385,1914.98532370617,2915.34791874543,12341.605539245,,9561.7836941669
ARID1A,ARID1B,505.010635355503,585.773152988979,0.001,2951.8842772645,0.987381213560129,0.963564884756486,0.742845386043419,1.08263005197699,0.484381762651074,2.23507599883951,497.143970421492,643.302004234529,13,8,1,253,275,284.473598170668,817.710605285244,267.675162347246,1090.51004198511,,7901.56315829052,166.372584516715,13635.4136097392
ARID1A,ARID2,507.08804847283,766.991844889249,0.001,7315.97420926971,0.95003700100399,0.7761343103462,0.249561188082873,1.99233866535465,0.546367607314863,3.64651681154021,497.143970421792,935.095676305746,12,8,2,253,275,285.641652005345,821.113675723146,350.477217906415,1427.87642996178,,7070.80040254794,1187.65933838127,24180.309697689
ARID1A,ATM,431.280188271672,598.516760346551,5557.72128229969,0.001,0.836546159762735,0.975419914369612,0.154899996053775,2.3401829926321,0.502821875832858,4.65409940400047,497.143970419297,585.099185756413,12,7,2,254,275,230.928776112747,723.397525319963,287.580529759269,1079.04200988044,887.375684174537,19435.9606491745,,11462.2170167728
ARID1A,BAP1,462.413397155742,116.843626370953,17120.3154663945,0.001,0.913177723906846,0.994238831244675,0.165239050390667,1.09155852714242,0.110768911520141,9.85437621587482,497.143970422399,114.140560941468,13,1,1,260,275,254.363440165983,761.309541351749,19.4282933020795,360.805185868152,839.275097256308,284554.114707092,,8198.67716317153
ARID1A,BRAF,462.414994686065,411.75032810577,17128.5734784715,0.001,0.845343417694654,0.990475178601956,0.164540980646789,1.0927729152342,0.111012768723953,9.84366868600058,497.143970421909,401.384622452386,13,1,1,260,275,254.363891688646,761.31088933342,68.4641201447898,1271.45945789833,839.606663237006,284807.001495729,,26030.6819225756
ARID1A,BRCA2,427.507761951857,541.172562193051,17744.2409064464,0.001,0.643277575398164,0.978393545404538,0.0235316362110497,2.21280083050359,0.218827326166255,10.1120864074462,497.143970422399,528.276405522078,12,2,2,259,275,228.915331107206,717.062375445516,168.002095183114,1257.24992109554,2575.56910269874,103804.455104674,,20485.1635469078
ARID1A,ERBB2,506.197369587498,1280.15700045514,0.001,0.001,0.779334944829312,0.799792080579493,0.623350976586648,7.06435744641273e-07,0.482886285582931,1.46294431159601e-06,497.143970421157,1248.48717335897,14,9,0,252,275,285.144355927232,819.652247476263,615.093699261678,2307.95868692944,,4001.28801118465,,11104.247191374
ARID1A,ERBB3,321.965105676316,2041.55089136887,0.001,0.001,0.866375863021831,0.904154177782222,0.783360409682973,4.22210082964836e-07,0.223320241396591,1.89060373714642e-06,315.375332818463,2007.17964560697,7,6,0,191,204,138.330340013562,622.760997445381,811.388205515581,4137.36692087579,,4510.41978541308,,40485.3571314893
ARID1A,ERBB4,428.949065679432,268.436335537728,9563.5807304927,0.001,0.755503112438122,0.980223205990227,0.0644010981474682,2.21351933703311,0.310925320267677,7.11913502292926,497.143970420526,262.390441260177,12,4,2,257,275,229.684617312533,719.482970909732,106.68759398211,543.976792934592,1479.9678941707,38042.1734455299,,7504.42611739147
ARID1A,FBXW7,500.753933568314,494.512148855746,0.001,15248.2979809964,0.966518299468131,0.616065156374554,0.0458059959862442,2.30396199423306,0.274872054090925,8.3819433803588,497.143970419895,807.452602797531,12,3,2,258,275,282.084230176703,810.812910515761,122.976613319528,1282.37888184844,,18869.1793342934,2473.83627297548,50490.4003429581
ARID1A,FGFR2,,,,,,,,,,,,,14,0,0,261,275,,,,,,,,
ARID1A,GNAS,509.066969130987,1478.1336430018,0.001,5040.78792892492,0.974442724194562,0.949385531719325,0.87833717998561,1.11441372948368,0.708168162391574,1.57365692030007,497.143970420966,1563.50034087471,13,12,1,249,275,286.757613244711,824.312762221233,791.410067192382,2479.61667472444,,5159.48818059542,283.902874379272,23365.0100824179
ARID1A,IDH2,497.16453571809,0.001,29405.5835077334,32333.9040663634,0.999999177143349,0.848065716597115,0.0448745405389435,1.00882046762415,0.0472100666768808,21.368757526415,497.143970421642,722.49636553808,13,0,1,261,275,280.068010482135,804.978147007401,,2190.62782025211,,,1821.9624182238,149546.204286422
ARID1A,KMT2C,506.116436601402,437.990190468701,0.001,7958.16272412241,0.94138399764038,0.568187876388187,0.0326957564153881,3.11840552839878,0.553800244228543,5.63092118665061,497.14397042286,612.180797455687,11,7,3,254,275,285.095355335955,819.530023082558,188.186180483118,847.144952643561,,8177.54640805355,1909.65265738604,22547.2030490632
ARID1A,KRAS,530.850187318394,13097.9392813573,0.001,33812.7378043887,0.926695342751305,0.899940236227794,0.883443344213857,2.06027413194449,1.68665267431775,1.22151653586763,497.143970422193,13582.1850227213,12,33,2,228,275,298.997985097339,859.716707519087,9118.7453407839,18097.3849837345,,2250.45998306426,5495.093773035,111363.444364511
ARID1A,MED12,431.103958388316,761.205948637347,5726.49798044332,0.001,0.846044405034115,0.981703954469609,0.147723063833452,2.29778484433425,0.475985351122949,4.82742764858897,497.143970421776,745.308293672183,12,7,2,254,275,230.836924700487,723.106494639357,365.742064921053,1372.38256576005,915.319578119124,19956.9139762009,,15337.5123987233
ARID1A,NF1,508.502627494095,897.831798903406,0.001,3786.99072638651,0.933320815759065,0.84418574011641,0.768161757301581,1.13244102817758,0.590541036083138,1.91763308387285,497.143970421462,965.004013571107,13,10,1,251,275,286.434145694454,823.391738535866,449.840556311717,1574.94457037929,,5194.10095239806,213.322435178511,17538.8575340351
ARID1A,NRAS,499.323633111021,1791.44072411813,0.001,0.001,0.941361217879158,0.949299666080087,0.893636979291183,1.32679788103322e-07,0.0994451581829271,1.33420058379575e-06,497.143970423464,1745.36273097283,14,2,0,259,275,281.280989423296,808.486548942615,297.875197864838,5531.90894949224,,19372.4229562488,,67018.4593183664
ARID1A,PBRM1,499.872710632331,211.922165055503,0.001,22230.8681027966,0.965656417645159,0.492952178478959,0.000102480939010388,4.39964782916251,0.326469562182333,13.4764411106274,497.143970419871,625.128243831673,10,2,4,259,275,281.57731511067,809.354008376123,35.2359235766878,654.363915278518,,31115.9610491199,6566.1700461025,57919.7127881003
ARID1A,PIK3CA,507.621081748709,920.125430772899,0.001,8310.8014648801,0.948008191351658,0.767554998641599,0.265205914957153,2.15155000576914,0.618370656281469,3.47938567898313,497.143970420374,1098.47924324235,12,9,2,252,275,285.941679967068,821.976538881591,442.095874955016,1658.91036068633,,6675.02256403085,1349.75176569365,27430.8124995522
ARID1A,POLE,499.562219042069,156.899623938994,0.001,6720.39148356768,0.978424378987128,0.738781570987687,0.0309639802741922,2.20574288894953,0.223865269409363,9.85299280575801,497.143970422399,306.908387719662,12,2,2,259,275,281.414630406225,808.875975286621,26.0887055627366,484.503155690114,,31385.3374499941,1090.20932214571,22258.6520449196
ARID1A,PTPRT,428.943069848517,175.584112893673,9582.84056133366,0.001,0.718160911953643,0.977070882640486,0.0640047702874149,2.2355526711559,0.314416540704594,7.1101624174928,497.143970422399,171.695159064629,12,4,2,257,275,229.681655947557,719.473782666179,69.7836699083565,355.831440117755,1482.13920764696,38251.5797883655,,4743.7094484677
ARID1A,RASA1,425.946699576503,366.397165411107,12678.3992824857,3857.27755219678,0.976346018871568,0.990385398195368,0.00337742991974011,3.40758013125388,0.31557375673541,10.7980466009122,497.143970420898,427.203443259354,11,3,3,258,275,222.718878877576,723.724141856499,114.855796209626,808.346914444704,,59584.755992121,,23257.9804961419
ARID1A,ROS1,392.568609044634,526.085621637814,17394.6081095589,0.001,0.643273209608155,0.98172420414196,0.00351407963807065,3.18892666236096,0.307175387308183,10.381452401854,497.143970421738,515.737306273679,11,3,3,258,275,203.833149821436,672.390295715754,209.089398034651,1066.11649810699,3805.1241423853,70532.406004467,,17413.2157921518
ARID1A,SF3B1,431.512110347986,1574.68742002774,5328.70891816612,0.001,0.93421397930856,0.984725255863109,0.168079417253889,2.32407442489092,0.519701990873706,4.47193673625104,497.143970421909,1540.11705996763,12,7,2,254,275,231.055380091861,723.798650953997,756.599975199632,2838.90605504867,850.13076835773,18696.8221217102,,31497.0271570433
ARID1A,SMAD4,525.495201586727,2873.88457100605,0.001,0.001,0.465408248088028,0.480070456930128,0.223614740849163,1.73455538979295e-06,1.37574685458962,1.26080999858827e-06,497.143970423493,2788.32035226472,14,25,0,236,275,295.984766966281,851.024110206398,1888.97647628896,4153.62216755106,,1294.09368301561,,7521.27845463734
ARID1A,TP53,559.36528933066,1283.92682656325,0.001,14265.4060769825,0.906888519491764,0.54684338563525,0.00213178659943586,9.06737820217604,3.19631425590915,2.83682312695406,497.14397042234,1485.32595519841,5,53,9,208,275,315.014733299115,906.07430290482,967.960102438411,1662.54259208166,,2053.40927552495,5921.67964292055,36336.495186943
ARID1B,ARID2,655.713382467688,951.780379499503,0.001,0.001,0.843357624762279,0.839409152434154,0.707952781214513,4.59675395666007e-07,0.339647631993881,1.35338907846202e-06,643.302004235072,935.095676290377,9,10,0,256,275,315.060127682036,1182.17401361866,476.883271251635,1669.5372149294,,7550.88915347187,,10717.2574599672
ARID1B,ATM,579.849537440338,594.964920559475,5007.67217737382,0.001,0.863134341165982,0.974465341691807,0.514083115769837,1.16614264615739,0.321985214769605,3.62172731127364,643.30200423612,585.099185757845,8,8,1,258,275,264.969056883822,1079.43959953312,285.874270160793,1072.62143508413,280.213777392743,23899.6729731266,,13201.9490536326
ARID1B,BAP1,646.023480087671,116.291035976553,0.001,0.001,0.963082145007389,0.963430765719216,0.927864739876619,3.72403695022509e-07,0.0711600065790709,5.23332856368843e-06,643.302004233085,114.140560941284,9,2,0,264,275,310.409871887719,1164.65847736042,19.3365359018151,359.099301999754,,40698.9478548905,,6179.1183287002
ARID1B,BRAF,645.984631688819,408.217073428249,0.001,0.001,0.963573360644133,0.966865076250585,0.931646880798973,1.42089119004127e-07,0.0690634061068273,2.05737201528033e-06,643.302004233085,401.384622452386,9,2,0,264,275,310.391344184274,1164.58831715044,67.8773883377175,1260.53980847454,,41223.2946348242,,23980.0973474883
ARID1B,BRCA2,620.734691360703,451.326259407879,4375.28327532654,5396.51497555536,1,1,0.27485666660546,1.0124718094595,0.136653748111435,7.40903065925333,643.30200423625,528.276405527182,8,3,1,263,275,288.639886510662,1137.89518358266,114.5471690037,1141.96491606441,,54058.4687835838,,36944.849673738
ARID1B,ERBB2,580.175924022834,1269.85094478049,4762.1875727953,0.001,0.883884201139394,0.981831348629857,0.537047075626926,1.13305641498466,0.327591866665638,3.45874403573375,643.302004237191,1248.48717332728,8,8,1,258,275,265.117637253663,1080.04962019829,610.147199210449,2289.34829060308,266.156126312344,22847.4282658132,,27812.0281558609
ARID1B,ERBB3,570.533075662781,2042.05369841765,0.001,0.001,0.898819144864271,0.902658932514904,0.811345949750209,2.2696452850815e-07,0.193142390927153,1.17511504035255e-06,560.386021849765,2007.17964563282,6,6,0,192,204,226.747777524094,1156.24517538609,811.58662248855,4138.4344025639,,10782.683677846,,40159.4038713916
ARID1B,ERBB4,576.621941700935,267.068028293073,8145.84154359254,0.001,0.783003652684403,0.974745267423341,0.350918357149853,1.1941947658669,0.215831102911958,5.53300590023873,643.302004239096,262.390441261142,8,5,1,261,275,263.496007118505,1073.41927790443,106.144827029271,541.213455979103,449.36913713919,41768.0612560713,,8273.27647297566
ARID1B,FBXW7,576.466209980505,821.857086804658,8391.68522864495,0.001,0.913410217704199,0.988269775375872,0.349459370979882,1.04650999191776,0.185400969014458,5.6445767111182,643.302004236781,807.452602787155,8,4,1,262,275,263.42418421646,1073.13122702439,294.707815083782,1766.51693914337,459.685595396883,44894.4570122475,,31400.519896361
ARID1B,FGFR2,,,,,,,,,,,,,9,0,0,266,275,,,,,,,,
ARID1B,GNAS,613.543572720612,1422.50061344401,1748.307410686,9615.26764959543,0.997182495375526,0.976365149544903,0.233140564886692,1.87728880637597,0.490246049976058,3.82927880085448,643.302004234516,1563.50034087213,7,11,2,255,275,276.618251526911,1140.59339784798,742.180903889893,2423.0788420388,,13501.9185038592,,42755.7519214368
ARID1B,IDH2,644.533965297661,734.877111624864,0.001,0.001,0.983077291708689,0.983171644085053,0.966534115753177,4.63340279195065e-08,0.0310229174356686,1.49354192801461e-06,643.302004233085,722.496365537236,9,1,0,265,275,309.695621433139,1161.96557499027,41.9310077058921,3235.76028131513,,127320.035221029,,86236.552190048
ARID1B,KMT2C,507.807114832858,621.286063398566,9143.49421378497,0.001,0.790087719553805,0.975886345820373,0.095318033180922,2.17051650295809,0.3548096268871,6.11741153136398,643.302004235787,612.180797454275,7,8,2,258,275,218.186153716848,982.153535422399,311.290128277735,1089.80943438837,1466.45997836686,31461.9731883148,,16064.2013157762
ARID1B,KRAS,645.798331989308,13232.713940625,610.924697094976,34737.4540084042,0.999980911909855,0.984262388339808,0.769075202223779,1.8510561034181,1.12591464079759,1.64404657009063,643.302004233042,13582.1850213415,7,33,2,233,275,292.386271046148,1197.74417977942,9220.25222843265,18266.7617063207,,4972.59270681928,,151160.457039267
ARID1B,MED12,433.728561341984,755.252534980356,16558.7707041879,0.001,0.598816699365506,0.995293205864121,0.00555506543576721,3.17751729597904,0.330389667581025,9.61748386153689,643.302004237173,745.308293668585,6,6,3,260,275,172.383818172439,878.946270899659,362.889000706471,1361.61128996008,3857.25244700184,51339.2168966912,,27443.4762412975
ARID1B,NF1,609.821783958821,950.999540952079,2131.45546803289,1746.41684840733,1,1,0.712785918945972,0.973708582934961,0.400508069513549,2.43118343187845,643.302004236175,965.00401358045,8,10,1,256,275,279.95174796184,1129.18551339573,482.861040435875,1648.60638339609,,14052.2556993948,,20130.2999187037
ARID1B,NRAS,638.946717414391,950.882378584795,3337.57202692598,59631.0379333766,0.998962068459132,0.893040628717559,0.106766086930701,1.1038485329975,0.0652284575746106,16.9228059966753,643.302004236023,1745.36273096043,8,1,1,265,275,304.417973178958,1156.18496886482,54.4091903423112,4152.98663876527,,274466.739297796,,303210.978074941
ARID1B,PBRM1,577.182101054484,636.210590713633,7338.3652209247,0.001,0.865072880520277,0.982033369341331,0.385654087483976,1.12506079761701,0.223280275373418,5.03878273947591,643.302004236175,625.128243834428,8,5,1,261,275,263.751391993907,1074.46502902452,252.858437079777,1289.27475988682,405.712203738688,37231.9684688329,,20173.9484327307
ARID1B,PIK3CA,583.275909816192,1116.91501543799,3565.80141224706,0.001,0.962416487032601,0.988467954975093,0.662722347279931,1.0393881311481,0.390682452538137,2.6604423218794,643.302004236312,1098.47924323124,8,10,1,256,275,266.531201119524,1085.84094593295,579.920304608176,1913.12740320721,200.125539195732,16786.0248519606,,20956.7380767661
ARID1B,POLE,646.816505819226,155.690341378927,0.001,9848.1038561799,0.990107894702081,0.698057847537823,0.0156593789458249,1.93841527513002,0.141946014929241,13.6560034890469,643.302004235177,306.908387719538,7,2,2,264,275,310.790428301542,1166.09126657142,25.8877348235608,480.763653305828,,61561.57513717,1569.2760335437,34663.8095459624
ARID1B,PTPRT,535.865303026398,161.262033924136,13361.923989337,929.779991068297,0.83001092606757,0.987566517479271,0.0355731508937559,2.10912364205074,0.215046224742157,9.80776874636887,643.302004236164,171.695159064394,7,4,2,262,275,231.233934706852,1030.58717073944,57.8635999233152,339.365725661702,,61266.9787640717,,9550.16587831157
ARID1B,RASA1,504.600863113345,433.995827755303,15257.2053458431,0.001,0.842343170458483,0.983012205310278,0.0413233051997813,2.01173935046953,0.2225926793136,9.03776061581654,643.302004235953,427.203443259191,7,4,2,262,275,216.809994341197,975.942696035751,172.486014815406,879.517791968535,2353.62552600331,61500.246047959,,17509.1116120418
ARID1B,ROS1,516.137943204357,508.232942037954,15867.1134488939,1073.1084063107,0.79760858205892,0.999382382681097,0.033816565217935,2.09474279022968,0.209976821316746,9.97606677295967,643.302004235177,515.737306275814,7,4,2,262,275,221.910613020557,997.392593172071,193.719020344507,1044.84226603958,1569.9254166451,66244.9073373904,,25963.308224829
ARID1B,SF3B1,506.636715730409,1563.56578302149,10392.7487986863,0.001,0.763040576584007,0.989017545369766,0.0771886209785631,2.22997144148622,0.330323723497096,6.75086674937478,643.302004234152,1540.11705997513,7,7,2,259,275,217.684984285294,979.879291488878,751.277335787241,2818.84553228416,1658.83305191308,36300.0005623605,,46679.6077085963
ARID1B,SMAD4,639.818563628464,2656.3098355591,712.470063893143,11042.809133955,0.999989762285562,0.993121720422328,0.522781127167333,1.95610541034056,0.853589109707541,2.29162414104693,643.302004233682,2788.3203522798,7,23,2,243,275,292.630654302904,1180.06060020633,1714.45794394625,3891.62102623128,,7107.32335108434,,45503.5376320076
ARID1B,TP53,570.444966212225,1511.51517730586,1157.18904696742,0.001,0.971355748340226,0.967566632980167,0.962308327678408,1.97249582227489,2.0953878418008,0.941351182308905,643.302004241312,1485.32595523304,7,60,2,206,275,245.042501281737,1103.62630014092,1164.92972096426,1921.34909843312,191.78978492243,3620.2406181546,,5858.31514820075
ARID2,ATM,854.084017880602,596.504130254371,6205.77880219014,0.001,0.885717132847474,0.974441700152331,0.580017819093392,1.08601739484147,0.346822102915468,3.13133847500535,935.095676307047,585.099185757721,9,8,1,257,275,410.374957086612,1539.79193454212,286.612451696483,1075.40668266144,347.288046502797,29606.0961603151,,11497.0055336373
ARID2,BAP1,933.153210805819,60.4853609388611,1817.04797578199,2884.88789427796,1,1,0.148140082159567,0.942756273355971,0.0761948191229038,12.3729708162347,935.095676298627,114.140560941333,9,1,1,264,275,465.752463968298,1639.61294439912,3.45393719769182,265.661724670797,,324118.502159103,53.1030209641727,14179.8155210765
ARID2,BRAF,843.171678376985,409.309846569957,40409.048704435,0.001,0.862430224309224,0.993084170987795,0.13165961797089,1.02854701776552,0.0778142157838386,13.2179834674776,935.095676298627,401.384622452386,9,1,1,264,275,405.139468764571,1520.07340146081,68.0588935438297,1263.92419327538,1980.23672134377,672581.560602432,,34549.1458962988
ARID2,BRCA2,750.870566881333,537.453118899509,40665.8753971221,0.001,0.767702443104078,0.987858892744572,0.015531695939554,2.05138591251942,0.153798817149962,13.338112415515,935.095676305746,528.276405538739,8,2,2,263,275,343.12627045776,1397.79732561646,166.849216148735,1248.60267686778,5888.85596450962,240031.12841626,,29812.9488714937
ARID2,ERBB2,949.399136627377,1128.45265799862,0.001,8163.57322666863,0.994085325180186,0.976258989208763,0.595383889829844,1.03944631937644,0.335836439946614,3.09509688567945,935.095676303474,1248.48717333647,9,8,1,257,275,475.69161898409,1665.34294316254,515.661679545251,2100.70855830468,,21364.8692294459,457.53026808736,38676.1885081112
ARID2,ERBB3,494.90432513602,2032.82369923156,7541.39838903023,0.001,0.975527449104673,0.998001816095572,0.352148270905647,0.879029164146418,0.155334506245099,5.65894330496932,609.23722466765,2007.17964566746,4,5,1,194,204,153.6328369162,1149.77689114463,807.984344453273,4119.9762051612,416.858062503252,38690.2307819635,,94863.4620017852
ARID2,ERBB4,924.3364198118,185.155901683876,2470.70440928277,5722.70948799651,0.99930631198929,0.962102776925023,0.0341706202721499,2.27287170797573,0.228846862048331,9.93184563525154,935.09567630332,262.39044126127,8,4,2,261,275,455.326649288953,1633.76667748438,57.5627977594133,429.093647931623,,61670.4835582423,519.613176682209,20844.9791381925
ARID2,FBXW7,942.995245439403,656.940009887686,0.001,9433.31644870959,0.988511927763625,0.903556879918065,0.362944397161068,1.04059843918422,0.190564245450919,5.46061742443824,935.095676291865,807.452602789793,9,4,1,261,275,472.493138255,1654.10217360766,203.938269589757,1526.16943202447,,38735.0926627719,528.576866911372,44722.6525943848
ARID2,FGFR2,,,,,,,,,,,,,10,0,0,265,275,,,,,,,,
ARID2,GNAS,961.77988180584,1593.88937335693,0.001,0.001,0.756865800633704,0.782249109899624,0.592126296050388,4.37925724230612e-07,0.492743502472176,8.88749870943941e-07,935.095676297649,1563.50034085718,10,13,0,252,275,481.881077155356,1687.13311629776,876.682284901869,2624.49059700961,,6685.2819992124,,12725.4998856177
ARID2,IDH2,936.628606619994,734.44991576286,0.001,0.001,0.983868142371914,0.983732017703732,0.967862958397994,4.24075896343634e-08,0.0340598876546562,1.2450889463978e-06,935.095676298627,722.496365544472,10,1,0,264,275,469.305692651797,1642.8914296982,41.9070931155889,3233.89366426706,,194280.558489987,,88463.9659657412
ARID2,KMT2C,953.337750496646,498.281970538965,0.001,6812.25625378793,0.968519582283832,0.814168116874445,0.147164111909938,1.92365675259905,0.389496918887645,4.93882405563764,935.095676305746,612.180797458043,8,8,2,257,275,477.654367418221,1672.28295500753,227.68381930745,927.585145444491,,18930.0290029125,1092.21754536025,23490.6294999094
ARID2,KRAS,997.410410134045,13406.6793828506,0.001,24154.4974048575,0.940905770384342,0.91364648138718,0.934926695570363,1.10328528028003,1.23046889714109,0.896638088815934,935.095676307413,13582.1850234034,9,34,1,231,275,499.689325058257,1749.73112680384,9387.34491076668,18440.518890555,,4987.96184039564,1352.63999602571,114115.450416076
ARID2,MED12,947.335150347599,587.937997128634,0.001,11023.1571238398,0.991108790806035,0.896855984807757,0.0898923803869771,2.13891434291935,0.339912265026136,6.2925482925863,935.095676306653,745.308293668246,8,7,2,258,275,474.659934136783,1661.7090450746,252.613930033312,1137.14586919683,,28630.2250826262,1770.16851254685,37772.9210640206
ARID2,NF1,958.709181173657,982.913784437672,0.001,0.001,0.635426432214354,0.81912221548589,0.639929277780754,4.54186296556733e-07,0.41608562769021,1.0915692980746e-06,935.095676299614,965.004013582679,10,11,0,254,275,480.343861609055,1681.74008413152,510.342576211733,1683.61009755039,,7571.47775665894,,9667.54009737283
ARID2,NRAS,939.568193106059,1776.39517630604,0.001,0.001,0.953822138664751,0.965425480941684,0.920845877669602,5.97492301994819e-08,0.0712551821768862,8.38524699174278e-07,935.095676291865,1745.36273097283,10,2,0,263,275,470.773223302348,1648.05933263229,295.375032831258,5485.35780640767,,46679.2670083354,,99630.9518204108
ARID2,PBRM1,944.510680540863,529.435462541817,0.001,6320.67680885403,0.987864086785947,0.910545200277498,0.414852638947625,1.07110070756238,0.226996525132314,4.71857755063891,935.09567629613,625.128243837208,9,5,1,260,275,473.245155027039,1656.74946730871,189.851748861541,1137.95944733477,,32520.932444564,354.228434658769,29951.1279087475
ARID2,PIK3CA,762.997954003039,1118.32041708023,9114.87718399089,0.001,0.967898433323432,0.985459965241709,0.185147893273296,1.91037052634562,0.433468629461158,4.40717135336964,935.095676293579,1098.47924322683,8,9,2,256,275,348.656917283741,1420.43686653566,580.64507379521,1915.53779511373,1467.37884673391,30966.964306469,,22761.5738346903
ARID2,POLE,929.668122189321,244.109513821042,1754.01119180117,3439.16128087258,1,1,0.334134645129917,0.926790065977575,0.153906769543166,6.0217628420668,935.095676300141,306.908387719201,9,3,1,262,275,460.745118413144,1638.96817380984,60.8226921391847,630.890914466276,,59082.7150650112,,18064.6243052033
ARID2,PTPRT,943.572164468698,145.323812664079,0.001,1787.99704384523,0.997023088951383,0.967822752942958,0.408539024935955,1.12446221103609,0.233307463081911,4.81965812915857,935.095676295438,171.695159064891,9,5,1,260,275,472.777157618269,1655.09326263657,52.1109976926375,312.363218485095,,36610.4722889021,100.129378959584,8499.87970040245
ARID2,RASA1,943.890091085917,361.286383667775,0.001,4715.91841360745,0.988109631035323,0.887796228768737,0.385463810698327,1.15098090438052,0.22647190115492,5.08222388080358,935.095676291865,427.203443259193,9,5,1,260,275,472.938579858114,1655.66158097558,129.551867548242,776.550952767508,,34161.2178481058,264.302491027486,22343.0121098336
ARID2,ROS1,944.003949249392,436.297528684083,0.001,5557.16893307745,0.98935779673848,0.899223960149587,0.393683139489079,1.12634661760592,0.223658477399816,5.03601129141393,935.095676290377,515.737306275814,9,5,1,260,275,472.993288540037,1655.85438326264,156.45174817951,937.779019117376,,33953.0435499063,311.54918684376,26288.364741245
ARID2,SF3B1,853.643229081016,1572.77667087644,6429.69625380504,0.001,0.803151565035632,0.954519288113705,0.554342586722133,1.14285262448804,0.353176994421129,3.23592035308308,935.095676300141,1540.11706000838,9,8,1,257,275,410.163242175213,1538.99570636999,755.687160386127,2835.54528580697,359.443036326667,30822.7439263786,,27074.0129784038
ARID2,SMAD4,884.240599430276,2845.66307959697,1918.86868250969,0.001,0.970287057788886,0.971448334394378,0.970033930094491,1.01321793513625,0.970910335270419,1.04357518745955,935.095676290086,2788.32035222958,9,24,1,241,275,424.83867166768,1594.31032622764,1870.49198575319,4112.64116820727,108.778600672468,8658.97771638083,,19054.222976158
ARID2,TP53,1056.70450270033,1380.81385913043,0.001,8880.73137310377,0.951082319441743,0.795261257306857,0.137798774253875,5.0793102699137,2.29486613475473,2.2133361911572,935.095676287168,1485.32595522404,5,57,5,208,275,529.34543012815,1854.15345800515,1051.96655894186,1772.36439066817,,4410.30979281813,2881.64022784992,24696.5130304049
ATM,BAP1,586.293023156503,57.8285035378992,0.001,4207.67299156702,0.995783480278469,0.90071969293819,0.106878707825992,1.22180570516028,0.0730704303405615,16.7209321125629,585.099185757352,114.140560941284,8,1,1,265,275,281.71526296509,1056.94485811072,3.29961161337345,254.624541231864,,209167.652997591,235.169402630675,20188.6641757762
ATM,BRAF,574.588164026183,239.331890848288,6385.60782671038,12028.802295657,1,1,0.109447251092365,1.17282264991315,0.0710672994328735,16.5029860325696,585.09918575728,401.384622452386,8,1,1,265,275,271.034246140207,1044.64737705054,13.8833051655484,1016.3431272387,,308222.273713492,,66639.8995536109
ATM,BRCA2,456.592432002774,534.670977094916,31950.7962995046,0.001,0.895406577682038,0.994730461743311,0.0100213305697223,2.16384366031928,0.140169737268654,15.437309810833,585.099185756311,528.276405527182,7,2,2,264,275,196.187207691652,883.060772367032,165.986287260907,1242.11410390918,4597.85888590574,192487.846333388,,42704.6143008938
ATM,ERBB2,595.645134880079,1267.54775709021,0.001,0.001,0.852506390675249,0.873659368938955,0.744819572118622,4.19548171792013e-07,0.324439183685974,1.29314889473429e-06,585.09918575485,1248.487173327,9,9,0,257,275,286.200731549002,1073.85213422121,609.045285908434,2285.16643221522,,7386.48616061826,,18523.0470441858
ATM,ERBB3,334.237547171362,2025.14019711226,0.001,0.001,0.924978558183972,0.948582991266685,0.877425522136227,2.36615447891247e-07,0.130630067006135,1.81133986465868e-06,327.756680979456,2007.17964568271,4,6,0,194,204,103.75996180232,776.520149755812,804.867516879511,4103.96083700969,,8638.60984405849,,80206.2368958949
ATM,ERBB4,457.862073645052,265.768114119548,18860.5983774641,0.001,0.714337453536828,0.987542155790135,0.0234806125392648,2.35185937520412,0.20827567852402,11.2920499977288,585.099185756413,262.390441260707,7,4,2,262,275,196.731556945946,885.518304551278,105.629641464909,538.563501954642,2902.70913132314,76239.5141765153,,13168.0285474773
ATM,FBXW7,589.348366889842,489.849061446561,0.001,27249.543622426,0.976350350485382,0.549787610301636,0.0160285338589122,2.47764118482236,0.186650628907137,13.2742182511211,585.099185760944,807.452602792201,7,3,2,263,275,283.18027909356,1062.46930248024,121.818100082385,1270.26744974962,,34367.6673506639,4350.34821447575,95319.7771767925
ATM,FGFR2,,,,,,,,,,,,,9,0,0,266,275,,,,,,,,
ATM,GNAS,601.236442817655,1464.13315591105,0.001,8243.22047934772,0.947171680098283,0.826951904163155,0.662257779003033,1.18391131865285,0.482356455478337,2.45443241239262,585.099185757721,1563.50034086639,8,12,1,254,275,288.880561537063,1083.96506051017,783.930315798811,2456.04956023963,,7890.7238329934,460.999009611612,39448.3991065721
ATM,IDH2,586.303197731115,734.653694547843,0.001,0.001,0.981804455033852,0.983470275045142,0.965575880777133,4.82971998024169e-08,0.0307101537093596,1.57267854337366e-06,585.099185761367,722.496365546888,9,1,0,265,275,281.720027033516,1056.96373592634,41.9183131355567,3234.7636284678,,107562.370043527,,87148.8407322926
ATM,KMT2C,593.987001722028,432.969401406466,0.001,15675.2062611275,0.976741674975332,0.61112676735858,0.00585433276126404,3.37702172130158,0.360926160695931,9.35654460399896,585.099185755741,612.180797458826,6,7,3,259,275,285.407442159199,1070.85678655384,186.030842850641,837.398493230673,,18665.0898866613,3661.85805496287,48306.8988793906
ATM,KRAS,627.221232878,12569.4017686568,0.001,84548.5829530644,0.963874160156975,0.822711038155681,0.254697237762094,2.88536042200342,1.11020149681225,2.59895201933004,585.099185756741,13582.1850228529,6,32,3,234,275,301.339822508693,1130.96949846633,8699.29500451634,17448.4906948131,,4472.87655440906,19751.9222835797,260051.981212754
ATM,MED12,460.631769169711,754.085819361053,10041.2239735284,0.001,0.955766835693777,0.994733339260169,0.0699207271910663,2.27388652478448,0.322301631993791,7.05515051449781,585.099185756311,745.308293663682,7,7,2,259,275,197.918266444731,890.880297332133,362.326448167041,1359.51241462507,1606.47547112264,35545.5948321859,,27318.7591390183
ATM,NF1,598.169308529843,888.908761321645,0.001,6529.55882731934,0.948632785846858,0.783086585304512,0.558561606054551,1.24944131356465,0.399013774272691,3.13132376405324,585.09918575481,965.00401358045,8,10,1,256,275,287.410797326179,1078.41380666776,445.380657867571,1559.25418694975,,9542.8859413592,365.136780528561,31256.0633699993
ATM,NRAS,587.294973654211,1777.10010101611,0.001,0.001,0.967087842283639,0.96633798103447,0.934534051192335,7.66251491339065e-08,0.0656797178909793,1.16664857271609e-06,585.099185761367,1745.36273097283,9,2,0,264,275,282.196830732885,1058.75899198753,295.233895883255,5482.76406583902,,41537.3789389705,,103114.409255518
ATM,PBRM1,589.985317633474,421.540117368017,0.001,17012.2886579456,0.982262356313636,0.712554678789383,0.0263304943665224,2.40888126240564,0.223450166772608,10.7803959030248,585.099185752754,625.128243830675,7,4,2,262,275,283.486246031184,1063.61949849355,130.864974184628,979.299627845728,,31028.5978947147,2715.90799682293,59521.6093513875
ATM,PIK3CA,596.485701581515,909.417409653646,0.001,15855.4956985981,0.961263522580921,0.668447086956538,0.0953024934431488,2.36710840850468,0.398369198704232,5.94199656048744,585.099185755821,1098.47924323855,7,9,2,257,275,286.603681953532,1075.37272218288,436.961422899051,1639.5486355639,,12899.1021294819,2535.08016966452,55193.5521670576
ATM,POLE,589.326177038255,155.222078221939,0.001,12518.6557160873,0.963891565354908,0.368367098911923,0.00958763522276404,2.40413291356596,0.145481807884519,16.5253164538229,585.099185756897,306.908387719662,7,2,2,264,275,283.166230608047,1062.43523516994,25.8104246634377,479.322877772966,,35354.3334820754,1998.77956948462,43795.6026979198
ATM,PTPRT,575.394829876867,122.182539549526,1842.23290407026,3711.95127331372,1,1,0.0339979619926271,2.04832141937485,0.206328928026934,9.92745631435385,585.099185756311,171.695159064963,7,4,2,262,275,269.772632694424,1048.37817694645,38.0101514443764,282.871897414088,,42447.5565510659,278.281177674869,13932.8760430966
ATM,RASA1,589.489280668986,288.153713954093,0.001,11410.2895710722,0.991862596530487,0.867908398714286,0.0275892388333482,2.27560808211794,0.214421015084349,10.6128034195844,585.099185753071,427.203443258038,7,4,2,262,275,283.265331786767,1062.78208682173,89.4400302950467,669.329996352816,,35978.7110990553,1819.90041478792,40080.2679528317
ATM,ROS1,458.303623017279,522.241744737119,16533.654941361,0.001,0.862736695255068,0.990916722691034,0.0303857449566389,2.11966459648594,0.204177241401996,10.3814929711614,585.099185756311,515.737306274832,7,4,2,262,275,196.920723159933,886.376598443104,207.562922050867,1058.31483806309,2537.70148779397,67517.9495182454,,25511.569578646
ATM,SF3B1,592.77005620124,1211.01280501959,0.001,29448.5179805383,0.977237701700201,0.734019900689404,0.0568094951751522,2.56415114698813,0.343311442563771,7.46887761106838,585.099185756932,1540.11705998977,7,7,2,259,275,284.822412238474,1068.64912223862,520.333851507797,2342.1602387411,,19240.418704436,4698.34243577417,103236.983656874
ATM,SMAD4,614.063571396533,2598.38677946015,0.001,16279.5602990982,0.943089218631427,0.781350850940937,0.411154561801793,2.24071507868575,0.877514702014055,2.55347867510699,585.099185758095,2788.32035223032,7,23,2,243,275,295.027437022385,1107.12597563795,1675.64695768473,3810.59379818582,,5405.0413127848,2604.29305299789,56543.805616588
ATM,TP53,666.097749508143,1432.67823256466,0.001,4902.07167698253,0.91748406661946,0.847767521439575,0.67987215711853,3.08303386909926,2.06898935337311,1.49011586940887,585.099185759073,1485.32595521291,6,59,3,207,275,319.978990453275,1201.28734961947,1096.73873513265,1831.52348556806,,2425.74537356772,1150.18192222398,14927.3323862908
BAP1,BRAF,62.5331696987797,383.259126806566,22307.6933178905,10588.4030712075,1,0.999319362557575,0.0220088354582902,1.0107164979296,0.015642227732291,64.6146134187225,114.140560941327,401.384622451113,1,1,1,272,275,3.58371149102951,272.031990870028,50.3906860351314,1222.36701816125,,415825.191862874,,882944.022551917
BAP1,BRCA2,0.001,528.29321164516,28958.7685771272,8342.93516317286,0.772057609595862,0.999998551214867,8.51133829434353e-05,2.1796741335189,0.0307486269219136,70.8868769670334,114.140560941327,528.276405533599,0,2,2,271,275,,121.17497837481,164.020357911035,1227.36885856184,4200.22635904241,167295.733718594,,
BAP1,ERBB2,116.233942806149,1253.59670756492,0.001,0.001,0.96437408823929,0.964242871325824,0.929892412192039,3.46717618681085e-07,0.071531443064841,4.84706590312734e-06,114.140560941468,1248.48717333449,2,9,0,264,275,19.3270625648093,358.923274653989,602.349394937367,2259.96453984808,,6357.24461824372,,81688.2615832516
BAP1,ERBB3,74.3297703813589,2012.6828475528,0.001,0.001,0.981023168828433,0.983888055500756,0.965217563657281,2.33063636513251e-07,0.0324621203969291,7.17955677766811e-06,72.9179369232326,2007.17964560697,1,6,0,197,204,4.24115350334474,327.291682867016,799.927090619025,4078.68299786596,,7841.10374055739,,417706.204783207
BAP1,ERBB4,57.5101581835212,263.237736905412,7046.29409622553,0.001,0.595328578299791,0.990511291442368,0.0652714558959593,1.18477075744486,0.0447342104337904,26.4846690252508,114.14056094196,262.390441260458,1,5,1,268,275,3.28148345606044,253.223852505269,104.624931244873,533.429765488334,387.842005223239,36505.4383513302,,79945.5043500667
BAP1,FBXW7,0.001,807.587787381557,16149.8733819974,4576.48768013166,0.834296576420455,0.999999352200085,0.000252286939600136,1.98908390687849,0.0407816021970103,48.7740500549609,114.140560941858,807.452602798,0,3,2,270,275,,116.231805425674,289.591579978256,1735.71755469454,2423.30014713253,74385.4863983196,,
BAP1,FGFR2,,,,,,,,,,,,,2,0,0,273,275,,,,,,,,
BAP1,GNAS,117.29562186435,1571.18761704237,0.001,0.001,0.947072768662019,0.939101428465755,0.889402304463419,5.10236881860488e-07,0.106486372274941,4.7915697657827e-06,114.140560941446,1563.50034086458,2,13,0,260,275,19.5031485582315,362.200406172062,864.229076483163,2587.03813758617,,4195.24134713898,,59784.9235215138
BAP1,IDH2,114.407985983528,724.739220087824,0.001,0.001,0.995335123160202,0.996908179543009,0.992257744682158,3.57643647478018e-08,0.00701559336976284,5.09783889441854e-06,114.140560941327,722.496365546888,2,1,0,272,275,19.023661959322,353.276278259127,41.3528355355787,3191.0651842619,,83034.9202379524,,558119.472019354
BAP1,KMT2C,58.0784768909507,613.425953029628,3204.30117590083,0.001,0.973030449787279,0.996397573216522,0.138891769274424,1.03606431804641,0.0790938984287616,13.0991686922547,114.140560941393,612.180797459664,1,9,1,264,275,3.31386204036716,255.727170723422,307.359679618511,1075.98154656893,179.297810117194,15289.9220407737,,188009.430120375
BAP1,KRAS,61.3581415517981,13627.8372228864,812.123915644412,0.001,0.805447073143802,0.961157252961022,0.457880012967083,0.908957054663382,0.252682728639938,3.59722668642939,114.140560941429,13582.1850218298,1,34,1,239,275,3.5009201904607,270.190429350251,9594.02491480722,18662.0907400715,46.104150572603,3644.35027289354,,734988.574612256
BAP1,MED12,57.8907893662998,748.090076601536,3912.9263929304,0.001,0.595377809382553,0.980317873494134,0.112795980242024,1.11388760726874,0.0707382686194891,15.7466054655719,114.140560942063,745.308293668601,1,8,1,265,275,3.30306482221978,254.891721228369,359.448399311402,1348.69871015815,218.720250805016,18770.1081504252,,127112.16397557
BAP1,NF1,78.2896942764,936.545468677435,1830.17006188498,15230.5232000958,0.931312681740739,0.963302648654828,0.153570020384072,1.03423822777638,0.0879331989231276,11.7616354282815,114.140560941396,965.004013572362,1,10,1,263,275,4.79789800760129,311.776106758678,475.626278584807,1623.42350464626,,11914.1195946843,,378646.455059043
BAP1,NRAS,114.528770042955,1750.35208097353,0.001,0.001,0.993254461093293,0.99433915366893,0.987631837221297,7.03166394882475e-08,0.0149799487872314,4.69405072654081e-06,114.140560941327,1745.36273117031,2,2,0,271,275,19.0436059503639,353.646779524062,291.043582281538,5404.76064748651,,40122.0212913883,,731725.151886572
BAP1,PBRM1,57.6272164305226,626.812875382134,5641.544354633,0.001,0.860592270931504,0.994635220830014,0.0814125343808427,1.05572514245613,0.0488902797704566,21.5937635745355,114.140560941386,625.128243837217,1,5,1,268,275,3.28813721643665,253.738651017907,249.129432925445,1270.18569738501,311.135851919831,28988.8068884655,,263833.394202804
BAP1,PIK3CA,58.2247845190813,1100.67838489492,2835.86288196798,0.001,1,0.997539224027743,0.156804523618898,1.0194806808675,0.0870591060294317,11.7102130651657,114.140560941917,1098.47924323684,1,10,1,263,275,3.32206368711537,256.361269676851,571.490239350746,1885.17159092845,158.094636030172,13323.2684379216,,321793.988401172
BAP1,POLE,62.6932317015096,300.494110198373,6896.85667172151,3063.39618499653,1,1,0.0631146276771761,0.891470130050924,0.0322472399595696,27.6448505722851,114.140560941374,306.908387719662,1,3,1,270,275,3.59193107011517,272.907737246421,88.9909900088326,707.170089464909,,44938.5577206486,,298250.5382918
BAP1,PTPRT,57.5460915374958,172.282205282643,6554.78690082988,0.001,0.555593184856167,0.987439331118858,0.0697082208844286,1.11012656854806,0.0444468096320966,24.9765186238788,114.140560941359,171.695159064891,1,5,1,268,275,3.28349510712998,253.379357598911,68.4727356208233,349.128159281071,361.473193251074,33681.8813430196,,43355.5812069051
BAP1,RASA1,57.6018442220441,428.786594499086,5970.20806923231,0.001,0.614127867782124,0.987243009460613,0.0768235644888093,1.06534682905457,0.0465725108626987,22.8750138079378,114.140560941284,427.20344325924,1,5,1,268,275,3.28651475585744,253.612912304337,170.402492472678,868.84544022135,327.438975089941,30271.5594683253,,111734.445616056
BAP1,ROS1,57.5399529213314,517.133166594926,6632.06395617695,0.001,0.658937187003411,0.992111743809205,0.0692406269896947,1.12100005863233,0.0445809231849649,25.1452858878974,114.140560941359,515.737306277631,1,5,1,268,275,3.28314882725538,253.352550305408,205.534240800818,1047.94616378679,365.795616333294,34040.2961888928,,172566.33489372
BAP1,SF3B1,57.8713420884338,1544.01382307173,4029.24312587999,0.001,0.900066256692796,0.994511177535072,0.11135691864725,1.21131783175455,0.0754461386891891,16.055398630071,114.140560942077,1540.11705995864,1,8,1,265,275,3.30162007494929,254.779956395088,741.618114579945,2782.45925984344,225.199259016336,19337.6670290002,,523386.475523813
BAP1,SMAD4,120.140723066405,2800.50484696309,0.001,0.001,0.902537326148527,0.902511908575492,0.814562124218393,9.01054549834468e-07,0.192548058708565,4.67963455917401e-06,114.140560941398,2788.32035224221,2,25,0,248,275,19.9790722790518,371.058754497138,1840.64446132719,4046.51339382384,,2221.8563219342,,63897.9481931478
BAP1,TP53,0.001,1485.63694130845,941.975676904144,1071.12496875272,0.800171820860809,0.999999177107978,0.0537964814698203,1.92700405497804,0.455475018907032,4.23075684721882,114.140560941348,1485.32595522571,0,60,2,213,275,,136.861763329872,1145.11493696575,1888.18435412145,155.876500782397,2944.87685401709,,
BRAF,BRCA2,403.359383346493,396.780331273632,0.001,72016.8505326763,0.999465337650535,0.902975022005461,0.0400290912568233,1.15201934926111,0.0309994726933723,37.1625466231691,401.384622451113,528.276405538739,1,3,1,270,275,67.0709328955183,1245.53116546158,98.6728076398044,1028.88553270198,,151173.816007495,3538.55187477052,1151560.98201601
BRAF,ERBB2,408.324519990835,1253.69070518766,0.001,0.001,0.966356187422434,0.963562485844694,0.931145908587157,1.14564909383655e-07,0.0685336413935433,1.6716594515354e-06,401.384622450564,1248.48717333449,2,9,0,264,275,67.8952611304923,1260.8731104172,602.395273903582,2260.13845247561,,23615.8170189451,,80260.9153088462
BRAF,ERBB3,264.16225914857,2012.19972075094,0.001,0.001,0.981295829189148,0.985276530582354,0.966848199942609,6.96413449460115e-08,0.031620431118956,2.20241604815636e-06,259.216195856878,2007.17964560697,1,6,0,197,204,15.0726464256516,1163.15508853964,799.73817677108,4077.71156593114,,28236.1572710479,,457856.479162257
BRAF,ERBB4,202.338997546216,262.891892200765,23264.8368395704,0.001,0.891150272090549,0.998995011093014,0.0697257088552717,1.13681744921203,0.0451985229005753,25.1516504579745,401.384622452386,262.390441260458,1,5,1,268,275,11.5452096747364,890.912051355381,104.487848086697,532.725252704007,1286.0029743488,118109.986093833,,147914.8078016
BRAF,FBXW7,202.314480637434,808.99320083937,23595.8148546951,0.001,1,0.999052853239592,0.0695369809226809,0.988893922336896,0.0390620322455849,25.3159875584473,401.384622452386,807.452602778552,1,4,1,269,275,11.5437894974535,890.804989884623,290.101651688886,1738.79531461812,1291.98729460247,126504.740977394,,558991.678667575
BRAF,FGFR2,,,,,,,,,,,,,2,0,0,273,275,,,,,,,,
BRAF,GNAS,411.77072191306,1571.05110259212,0.001,0.001,0.950194085899051,0.940496273692884,0.893658101804105,1.6200810327798e-07,0.101312361028586,1.59909513146444e-06,401.384622451113,1563.50034086309,2,13,0,260,275,68.4711407136109,1271.59022258466,864.125852939859,2586.72473972976,,15678.833617383,,61104.7073967601
BRAF,IDH2,402.118014668225,725.578509362292,0.001,0.000999999999976353,0.996363304523374,0.995756751682752,0.992135506961363,1.32485755893264e-08,0.00680138022056077,1.94792456232274e-06,401.384622451113,722.49636554199,2,1,0,272,275,66.8638412944923,1241.68080415286,41.4006227968006,3194.76254309889,,374864.872889099,,404261.417950805
BRAF,KMT2C,409.538835272018,551.879663905982,0.001,29744.0618682709,0.98897251897541,0.748363265204383,0.117115634163355,1.09561539302784,0.0784604329857808,13.9639223406579,401.384622451649,612.180797461287,1,9,1,264,275,68.0960178074388,1264.61751269056,265.174831720819,994.935567803039,,32441.1709203369,1459.74237640343,489369.040430524
BRAF,KRAS,215.380583858728,13606.2423739965,3136.45960357134,1068.4385197579,1,1,0.438335546513322,0.969228152609102,0.244596898079287,3.96255291959967,401.384622442097,13582.1850219766,1,34,1,239,275,12.2896641313212,948.386493875152,9578.25157850224,18632.8601178391,162.21376652857,14117.666682925,,1292383.17818141
BRAF,MED12,0.001,745.1588629349,32819.9322000181,4090.98517766779,0.562349954756369,0.999999523423057,0.000650364341777643,2.29177588326503,0.068394621583304,33.5081301747341,401.384622452386,745.308293668601,0,7,2,266,275,,419.966911859172,358.044022479436,1343.38022310858,5240.70019642153,114744.502642451,,
BRAF,NF1,410.682973051018,968.597366784851,0.001,0.001,0.955299689761644,0.960442879967807,0.917512917181943,1.52027592676199e-07,0.0845674344460966,1.79770846392533e-06,401.384622451113,965.004013580448,2,11,0,262,275,68.2872088736592,1268.17120633033,502.922287788694,1659.02533745319,,17583.2964981999,,56715.8956130475
BRAF,NRAS,403.072196144668,1750.94164634315,0.001,0.001,0.991659007284385,0.993652778516676,0.985364775798993,2.20667941114956e-08,0.0143149279603742,1.54152323871833e-06,401.384622451113,1745.36273097283,2,2,0,271,275,67.0223441040785,1244.63114974722,291.144287944227,5406.63583798972,,114166.717360261,,649231.773761419
BRAF,PBRM1,202.714267929186,626.475197235577,19178.3615629736,0.001,1,0.998374101633363,0.0846061404011192,0.986297894527432,0.0465070327143057,21.2074999621303,401.384622451113,625.128243837217,1,5,1,268,275,11.5665691281845,892.56671071464,248.995040322296,1269.49484473328,1056.02453152495,99202.3423300433,,343306.445307476
BRAF,PIK3CA,410.082841010214,1000.21565852078,0.001,49972.0517543145,0.988981804204077,0.75330971618388,0.125050315656044,1.10956894327029,0.0874198726681386,12.6924108833058,401.38462245185,1098.47924323493,1,10,1,263,275,68.1867728044446,1266.30434330337,501.165036437486,1754.44740521527,,30477.9355179642,2455.158629511,814478.835501031
BRAF,POLE,403.987916365299,230.613029073612,0.001,33905.898138807,0.997119026514322,0.889622294398746,0.0497409010578613,1.02829795002234,0.0314935560963785,32.6510587396192,401.384622451113,306.908387719662,1,3,1,270,275,67.1745833601618,1247.46380275557,57.3502078385653,598.01418047315,,112997.726872736,1646.37333999403,594354.759887918
BRAF,PTPRT,202.368433402223,172.011355892129,22888.5796501224,0.001,0.80456916797649,0.997149948658373,0.070784555893026,1.13165712159514,0.0456669057850609,24.7806831257953,401.384622451113,171.695159064544,1,5,1,268,275,11.5468658402026,891.040514625155,68.3654777594412,348.575933761376,1263.86135406551,116855.182099777,,79919.0984126028
BRAF,RASA1,202.345865417918,428.01685812559,23167.0298121201,0.001,0.814546543907268,0.996507408933861,0.0698729444584502,1.13751137698312,0.0453639920573138,25.0752044825765,401.384622452708,427.203443257464,1,5,1,268,275,11.545643600462,890.94566624947,170.11395736145,867.359358046717,1280.41248007559,117714.499073568,,200530.021951672
BRAF,ROS1,202.428247117523,516.685124210435,22129.0533035011,0.001,0.875267954658612,0.998064664402046,0.0731765370155543,1.07032807495259,0.044296344655053,24.1628983900931,401.384622451113,515.737306272517,1,5,1,268,275,11.5503520519556,891.309941940656,205.356805323234,1047.03391963439,1223.12909122782,112408.2246413,,262592.460390847
BRAF,SF3B1,203.410900352279,1542.92451357728,14479.3433227679,0.001,0.980077541914529,0.997361085711396,0.109311297803091,1.20196210363869,0.0730076715222148,16.4635041575454,401.384622452386,1540.11705998021,1,8,1,265,275,11.6063441347774,895.636291434663,741.37560602041,2781.54069896813,809.534999392316,69371.0766530682,,617929.391677359
BRAF,SMAD4,421.519558831694,2681.23407643385,0.001,55586.5353487631,0.975159402653854,0.778561330909947,0.269318228903733,1.12786152280655,0.194728907595502,5.79195732535706,401.384622452084,2788.32035230582,1,24,1,249,275,70.0878886793475,1301.68423757548,1746.27863538713,3902.32933387588,,13219.4469722923,2727.14240515434,921489.80598134
BRAF,TP53,228.317036653585,1488.98306365635,1652.79674948419,0.001,0.981395537834607,0.993747494383067,0.71078397273212,0.976375266141595,0.456801197243916,2.13741836061836,401.384622450278,1485.32595524085,1,61,1,212,275,13.0268867655813,1005.45774615239,1147.67162864597,1892.48799979891,94.0727021372231,7344.04195617337,,62487.4377408849
BRCA2,ERBB2,537.374023996645,1257.66771092789,0.001,0.001,0.934208664836277,0.936720028446689,0.875096662974129,1.8752759510304e-07,0.136534789379061,1.37347848087572e-06,528.27640552863,1248.48717333449,4,9,0,262,275,166.824246092326,1248.41006752371,604.303814079747,2267.32159396052,,15611.7347494563,,40309.2026679086
BRCA2,ERBB3,174.625593204612,2012.67898397645,0.001,0.001,0.981499135039181,0.983888850733052,0.965686606113297,9.99744794918239e-08,0.031238840608142,3.20032618194437e-06,171.391097793126,2007.17964560697,1,6,0,197,204,9.96385280770033,768.911187749097,799.926233079485,4078.67862582707,,18880.6544620715,,417749.849439537
BRCA2,ERBB4,132.731269790889,263.326182884645,63323.619578694,0.001,0.421511619426618,0.99131344448445,2.9094134321214e-05,3.19886997750578,0.0905066254669136,35.3440420632541,528.276405539999,262.390441260885,1,3,3,268,275,7.57360341919852,584.434371449167,104.659996567206,533.606496623966,13871.4731843429,255218.626850889,,93674.0721417184
BRCA2,FBXW7,530.91749643706,323.554833877867,0.000999999996565748,179676.306488232,0.996208084843564,0.660636171798971,1.70135597471073e-05,2.97187631360356,0.0772579107353179,38.466951608167,528.276405538704,807.452602798,1,2,3,269,275,164.82398288462,1233.39987183285,53.7985068441342,999.067157265187,,132148.327962149,31003.7486820159,2781205.11644774
BRCA2,FGFR2,,,,,,,,,,,,,4,0,0,271,275,,,,,,,,
BRCA2,GNAS,405.947682062248,1573.22231747997,5398.38396685437,0.001,0.974201776925611,0.993758742150918,0.398400796642586,0.984424080137499,0.199348630570255,4.9382033742668,528.276405523116,1563.50034088645,3,12,1,259,275,100.950612121523,1052.69896350044,865.336685804302,2590.36729931886,303.913717093941,25065.806488727,,71416.0134772269
BRCA2,IDH2,529.202027792781,727.456868017768,0.001,0.001,0.993043827046483,0.993190758650222,0.98628201420505,2.25468545310127e-08,0.013654400754419,1.65125185180432e-06,528.27640552863,722.496365546888,4,1,0,270,275,164.289729888404,1229.39193201701,41.5076903068234,3203.03113692636,,257027.616865206,,223556.612427017
BRCA2,KMT2C,537.175539060544,429.272611436369,0.001,70536.5889418232,0.977629878077544,0.491901845385138,0.000236400650916124,3.07874841201053,0.155901593718434,19.7480239847381,528.276405526831,612.180797460424,1,7,3,264,275,166.762366579691,1247.95694492592,184.444976900921,830.239384256294,,29886.569121261,11898.860929214,1146037.43873767
BRCA2,KRAS,423.059592900108,13683.9420203601,2062.69088700453,0.001,0.886284112041184,0.957250162811241,0.762575088340719,0.971376465281621,0.489975726514073,1.98249915805518,528.276405523841,13582.1850214509,3,34,1,237,275,105.225639395463,1097.38787040671,9632.002543945,18736.597762014,117.107858408472,9236.93530229914,,195320.774411999
BRCA2,MED12,133.410086545248,747.63769721465,34579.4911643744,0.001,0.409091959160251,0.979679288291043,0.000138340711514161,3.28510058974257,0.135872615697604,24.1777975118537,528.276405539999,745.30829366819,1,6,3,265,275,7.61225069811725,587.420772232854,359.229439860006,1347.86663429623,8052.75555625032,107561.350129824,,142459.240078934
BRCA2,NF1,539.050950660348,792.290375285839,0.001,38948.4804407884,0.991854136280967,0.699290984377892,0.0185161370071495,2.03106185950946,0.167452023158122,12.1292166030838,528.276405528457,965.004013561175,2,9,2,262,275,167.343998458947,1252.31786015529,380.686945895719,1428.36982761126,,26532.7858231765,5599.76419095256,225081.220119986
BRCA2,NRAS,530.696901410274,1756.11328160625,0.001,0.001,0.98196717758448,0.987859241537603,0.970045561380317,3.50994029109874e-08,0.028194546530386,1.2449004233198e-06,528.27640552863,1745.36273117031,4,2,0,269,275,164.751843380642,1232.86234380062,291.998024434451,5422.51324800927,,68849.0825784575,,301545.831244876
BRCA2,PBRM1,266.203055577978,627.715067364418,30327.9326663795,0.001,1,0.996525286212486,0.00555860902141704,2.01197577230885,0.0923079185982124,21.7963507666807,528.276405538739,625.128243840606,2,4,2,267,275,44.2637565452035,822.006684738133,249.487175175564,1272.01238778684,4660.59870091558,123281.059337422,,123264.328225017
BRCA2,PIK3CA,538.577741643046,902.006091581904,0.001,45139.2736583277,0.983299121717106,0.712077390106274,0.0176768119182289,2.09057395052361,0.172364301411736,12.1288105100705,528.276405526766,1098.47924325818,2,9,2,262,275,167.201315952399,1251.24592552422,433.409795516264,1626.17844576353,,25867.7562230167,6514.98473864101,269511.114445016
BRCA2,POLE,530.949840778459,153.988842214708,0.001,36452.409323944,0.991909342844084,0.592261391733581,0.00154556336104057,2.12568691935187,0.0620852802403923,34.238178697451,528.276405539999,306.908387719662,2,2,2,269,275,164.83719652834,1233.50222224949,25.6042048809393,475.487006270681,,105488.455088616,5227.77662627005,221659.969969096
BRCA2,PTPRT,266.064010294406,172.567218691703,32269.5469748873,0.001,0.531124711331362,0.986777213693723,0.00480426143305185,2.09269027507944,0.0912904559471098,22.9234288882495,528.276405538739,171.695159065076,2,4,2,267,275,44.2410816134506,821.582783695712,68.5858241770279,349.705579363178,4985.60981168522,129243.361610093,,21093.0303761934
BRCA2,RASA1,265.903749794491,429.322267385282,34900.2632961015,0.001,0.511516604380129,0.985968206392096,0.00409690846034685,2.19926486728051,0.0904161060591107,24.3238175490848,528.276405522078,427.203443258768,2,4,2,267,275,44.2140744962047,821.078906268845,170.632047849198,870.01718297156,5404.9103738944,138395.792965292,,55398.6681359707
BRCA2,ROS1,266.139085657282,517.99416004128,31203.9748358881,0.001,0.729674366515814,0.992798209295052,0.00514854807199431,2.00529953932094,0.0892114951216824,22.4780398152251,528.276405539999,515.737306276735,2,4,2,267,275,44.2531701236147,821.807966732164,205.876292341464,1049.69303480653,4827.84236837852,124382.83139348,,78866.8293673371
BRCA2,SF3B1,285.279247993377,1522.53136680485,17848.6058599417,6034.6323426791,1,0.99986542502601,0.012695968014905,2.15954188984294,0.143002173915269,15.1014619618476,528.276405539999,1540.11705998674,2,7,2,264,275,47.5252517412649,877.282432846461,720.415931146048,2762.74034285639,1933.35491411583,65242.8561089348,,269161.032044133
BRCA2,SMAD4,556.070054772941,2809.93035090315,0.001,0.001,0.815131663301764,0.82895342261692,0.67574086891021,4.52227938471661e-07,0.387552929435634,1.16688045457483e-06,528.276405528344,2788.32035234541,4,25,0,246,275,172.623823501241,1291.94579650221,1847.08574145603,4060.7608450146,,5152.6217182279,,31119.2550348056
BRCA2,TP53,171.55146057207,1485.57901838908,3153.92566771257,1492.97422924277,0.895107941165944,0.999996530421293,0.0886755692754725,2.92113916873239,0.913652545078346,3.19721012595866,528.276405527409,1485.32595522812,1,59,3,212,275,9.82162088417454,747.50275078462,1144.28166597761,1889.06823489786,661.969782897089,8541.41975590994,,84069.844691362
ERBB2,ERBB3,1096.23698720123,2038.77335065259,0.001,0.001,0.895157450406219,0.911436663094134,0.815895641948248,1.41743038120992e-07,0.192958307161549,7.34578574024915e-07,1076.03139301588,2007.17964564974,6,6,0,192,204,435.68325879077,2221.60811997578,810.280622143028,4131.72885418035,,19988.1400168601,,44492.3370295926
ERBB2,ERBB4,1261.14211204329,266.062660077133,0.001,0.001,0.914010611876072,0.92043157917437,0.841291452334916,5.09147331859486e-07,0.215827932905272,2.35904280324527e-06,1248.48717334794,262.390441261035,9,6,0,260,275,605.960978200401,2273.55965935266,105.745797578323,539.157033699472,,28451.4120468707,,6353.60668016406
ERBB2,FBXW7,1260.97980061347,821.201578199587,0.001,0.001,0.915009577560103,0.919481557933536,0.841343216458995,1.96583488787502e-07,0.188173148520351,1.04469468855298e-06,1248.48717332107,807.452602793977,9,5,0,261,275,605.891940879818,2273.31014326151,294.474128731251,1765.09105919632,,29079.9007700568,,19417.2830073491
ERBB2,FGFR2,,,,,,,,,,,,,9,0,0,266,275,,,,,,,,
ERBB2,GNAS,1287.65034671511,1591.96285130726,0.001,0.001,0.759182747194306,0.794787868254064,0.603454446795109,3.71240508542864e-07,0.494182130176226,7.51222041174333e-07,1248.4871733399,1563.50034086949,9,13,0,253,275,618.678355429643,2321.55977546577,875.6203924879,2621.328153759,,9045.59698563186,,13705.7186024224
ERBB2,IDH2,1250.96854009595,736.038326030177,0.001,0.001,0.98244001373659,0.981621801345035,0.964384966654593,3.43831592399115e-08,0.0310124142610751,1.1086901829203e-06,1248.48717333449,722.49636553808,9,1,0,265,275,601.089645816448,2255.21668987261,41.99723263035,3240.87797988591,,237976.232628395,,78597.4605047406
ERBB2,KMT2C,1270.99214917743,622.934517069755,0.000999999999976353,0.001,0.852741340937266,0.841626129115694,0.71771691150134,4.46152957168933e-07,0.355073301947825,1.25650944388517e-06,1248.48717334761,612.18079745828,9,10,0,256,275,610.693636440237,2291.38751396108,312.118078080365,1092.71408223479,,15683.9245549477,,7131.8474477114
ERBB2,KRAS,1341.85665211639,12569.8293999394,0.001,85930.42834197,0.920327667513522,0.693410929446889,0.235899873737024,2.96777402604227,1.12525187436185,2.63743086651186,1248.48717333525,13582.1850250417,6,32,3,234,275,644.674729711586,2419.59634394278,8699.50418692488,17449.0662549463,,8688.05446239065,20088.7035920216,264168.693489953
ERBB2,MED12,1270.70256682902,758.165331571445,0.001,0.001,0.854402549107775,0.858756442369287,0.733750003801586,3.65511417928406e-07,0.330545125401776,1.10578371858949e-06,1248.48717332728,745.30829366749,9,9,0,257,275,610.556065945078,2290.88532197213,364.28243697927,1366.89404667001,,15941.8870114757,,9835.00684223474
ERBB2,NF1,1278.59239771776,981.322376664052,0.001,0.001,0.669317843636395,0.833705391338894,0.674060854944322,3.83298198812498e-07,0.402356832512583,9.52632508857697e-07,1248.48717332956,965.004013572697,9,11,0,255,275,614.339011864705,2305.17310846055,509.518999535468,1680.89231540385,,11753.9652027863,,10671.8049291831
ERBB2,NRAS,1253.23783850935,1773.38574217241,0.001,0.001,0.966669259499472,0.968691831842968,0.936405666724886,4.53417444395542e-08,0.0647925704878119,6.99798512363133e-07,1248.48717334616,1745.36273097283,9,2,0,264,275,602.178551303754,2259.31875744972,294.874916855122,5476.06097110409,,88004.2051345649,,110817.31156108
ERBB2,PBRM1,1261.92461049269,635.739956830016,0.001,0.001,0.908939788760666,0.904440201538953,0.822091659408268,2.79156643165183e-07,0.226777295892257,1.2309726247808e-06,1248.48717333354,625.128243828288,9,6,0,260,275,606.346620587539,2275.01187290726,252.672510447521,1288.3137236244,,26698.5844206314,,12565.4575122379
ERBB2,PIK3CA,1270.70887866987,910.631929261408,0.001,13963.2592979747,0.998001322414223,0.973039437178722,0.12366801899272,2.09123065895337,0.387763938806732,5.39305089944342,1248.48717334987,1098.47924323954,7,9,2,257,275,610.559039501644,2290.89769328043,437.543119487018,1641.74558157163,,33197.9556006826,2225.57124726878,49082.5630013813
ERBB2,POLE,1261.87272438608,312.530204108439,0.001,0.001,0.909318346239912,0.930428581822495,0.846064700468667,2.94141646799834e-07,0.141794757988149,2.07441834220992e-06,1248.48717334794,306.908387719625,9,4,0,262,275,606.311950999529,2274.94205491061,97.0207681896596,726.061874776387,,28064.3740160353,,8584.88571088127
ERBB2,PTPRT,1263.58541122294,174.197375847512,0.001,0.001,0.898121295829725,0.917455803356767,0.823998633268934,7.2455783595919e-07,0.213506070644,3.39361702350523e-06,1248.48717334616,171.695159064891,9,6,0,260,275,607.146651016686,2278.04701537424,69.234806657771,353.021311332096,,23857.7572009734,,4002.56740545635
ERBB2,RASA1,1264.0344462901,433.512807433078,0.001,0.001,0.895377935521562,0.91649902662375,0.820625420330162,3.60889178911521e-07,0.223969164243939,1.61133422152012e-06,1248.48717334616,427.203443258671,9,6,0,260,275,607.356384620735,2278.83494553224,172.296317207629,878.519787098936,,23126.1890574732,,9855.95272163039
ERBB2,ROS1,1262.86513267908,523.567965116784,0.001,0.001,0.902829979097715,0.914172590358633,0.825353611925816,2.95445758251474e-07,0.210627836538951,1.40269094107529e-06,1248.48717335271,515.737306274716,9,6,0,260,275,606.795842434085,2276.71839767838,208.089432615791,1061.00759866073,,25063.2069676981,,11533.6828503878
ERBB2,SF3B1,1270.02970944737,1569.30944731007,0.001,0.001,0.858563024951552,0.845761987413355,0.72616414200855,2.48662595180981e-07,0.331885703037548,7.49241660321983e-07,1248.4871733399,1540.1170599635,9,9,0,257,275,610.234031252175,2289.66641955887,754.02844420207,2829.25991062602,,16445.6802553022,,18567.3205003439
ERBB2,SMAD4,1202.25798825379,2809.689280658,2131.97234083135,1558.02693093814,1,1,0.993477308405473,0.96232343976663,0.84972925130704,1.13250595797002,1248.48717332062,2788.3203522474,8,24,1,242,275,550.511305092662,2232.37219877458,1839.12994872826,4071.65381014021,,11916.4474898949,,25145.1853401823
ERBB2,TP53,1413.60870304552,1377.4056217312,0.001,11097.292540361,0.900693955906618,0.62316383412644,0.0694745923482063,5.20309314991228,2.09584709437388,2.48257287656124,1248.487173341,1485.32595521324,4,57,5,209,275,679.077524577242,2549.33638364226,1049.37934987991,1767.95833361741,,6155.93361221561,3509.79765815387,33901.7718948274
ERBB3,ERBB4,2018.68957496937,177.40883951685,0.001,0.001,0.966620482486941,0.957717380987355,0.925751473547749,2.98329182079303e-07,0.094481717789637,3.15753342613363e-06,2007.17964559478,174.865644696994,6,3,0,195,204,802.312645936581,4090.87836133468,44.1188130737054,460.057165001296,,130713.026889518,,8355.88725754076
ERBB3,FBXW7,2024.48571105778,627.9551770678,0.001,0.001,0.950266993958573,0.947605283879587,0.900483269996337,1.07858379345201e-07,0.0997325388336569,1.08147632263826e-06,2007.17964559478,616.739281871078,6,3,0,195,204,804.611705240428,4102.69092595117,156.159809144282,1628.46545233895,,86151.5038702214,,23630.4466826805
ERBB3,FGFR2,,,,,,,,,,,,,6,0,0,198,204,,,,,,,,
ERBB3,GNAS,2058.90465596606,1277.33038007069,0.001,0.001,0.859695389030066,0.859258946848688,0.738745249566274,1.81190897870784e-07,0.268978842659155,6.73625092886529e-07,2007.17964564041,1252.92721393226,6,8,0,190,204,818.262510569391,4172.69132721486,583.617895882448,2378.33346905711,,26856.0979536334,,17067.3163856164
ERBB3,IDH2,,,,,,,,,,,,,6,0,0,198,204,,,,,,,,
ERBB3,KMT2C,1691.06188578976,399.105101674398,28750.1729758163,0.001,0.865937949299249,0.989806003513305,0.314474563364954,1.01096146146495,0.161583275830165,6.25659714021108,2007.17964563534,392.894804560671,5,4,1,194,204,606.376230135346,3634.78296750498,143.110454088394,857.872901598228,1575.15665530303,153478.982770032,,17016.7385114251
ERBB3,KRAS,2176.66092041197,14830.7771045183,0.001,0.001,0.617213323344954,0.689393404711311,0.425659253706955,2.41690495267517e-07,0.808588380734676,2.98904239815961e-07,2007.17964566569,14625.3454504723,6,28,0,170,204,864.964595371909,4412.18901385821,9988.8101799866,21035.4834396874,,8392.83322549967,,80140.9347234431
ERBB3,MED12,2024.18250941937,329.833544486185,0.001,0.001,0.951089970784683,0.951668804854441,0.905128525788457,1.77349148328598e-07,0.0972138950014701,1.82431892401715e-06,2007.17964560697,324.398435913973,6,3,0,195,204,804.491593094654,4102.07159125878,82.0221943208393,855.368696158939,,87550.6476635632,,13502.6897690119
ERBB3,NF1,1713.31622799434,1140.08738908979,13679.4182312809,0.001,0.914380523449893,0.980381959239269,0.560326886541144,1.05196954350985,0.32370652508349,3.24976317125065,2007.17964562727,1122.93310347216,5,9,1,189,204,614.356299945549,3682.81772439503,571.199535041049,2000.00924398745,766.79166894805,64762.1814646315,,26104.056472132
ERBB3,NRAS,2016.40268409738,2332.19052167051,0.001,0.001,0.973058312275722,0.975049392848457,0.948780921429408,2.77577594827569e-08,0.058576541629205,4.73871599632257e-07,2007.17964560697,2302.85604415322,6,2,0,196,204,801.409288332394,4086.26372769022,387.791811158216,7201.62263055808,,174581.141886347,,189245.367002894
ERBB3,PBRM1,2019.23721075712,269.800217045049,0.001,0.001,0.965027543251781,0.965677506417208,0.931907532439261,1.44175013799559e-07,0.0664736641237631,2.16890426757773e-06,2007.17964560697,265.117268424093,6,2,0,196,204,802.529214369736,4092.02494526979,44.861368018287,833.13947497276,,134002.531281433,,15695.6961814708
ERBB3,PIK3CA,2043.65986683472,781.908930853187,0.001,0.001,0.898518112621485,0.890215414023878,0.799896420044523,1.81876576235349e-07,0.195765176053788,9.29054798721589e-07,2007.17964561846,766.753691218217,6,6,0,192,204,812.217282255613,4141.68359704222,310.751340826722,1584.65783662483,,38450.9415064205,,13557.219693189
ERBB3,POLE,2023.91265722804,199.861192439116,0.001,0.001,0.951865906300351,0.961648736072947,0.915364870159167,1.85496028602943e-07,0.0651093359883205,2.84899278708998e-06,2007.17964566262,195.973344262916,6,2,0,196,204,804.376036193974,4101.55256235769,33.2318000869535,617.179054594351,,96410.1758439552,,10307.2279269455
ERBB3,PTPRT,2023.17672398511,117.693198470416,0.001,0.001,0.953882896735227,0.955988922972309,0.911906642078923,4.40633491813249e-07,0.0949014474738295,4.64306397365288e-06,2007.17964560697,115.929001651172,6,3,0,195,204,804.093121380415,4100.03254107467,29.2676491432692,305.217283057265,,94096.0908622155,,5347.45910788354
ERBB3,RASA1,2023.68626857924,282.672989953432,0.001,0.001,0.95244299922477,0.957626017569792,0.912089105266645,2.03170648748006e-07,0.0975855579268476,2.08197455713997e-06,2007.17964564974,278.596733530238,6,3,0,195,204,804.295263367568,4101.06005349206,70.2947518779758,733.05847719664,,89989.1892698656,,13304.5324409747
ERBB3,ROS1,2025.65327290316,467.911285973656,0.001,0.001,0.946974640338706,0.945581309891669,0.895447819252473,1.67592285961731e-07,0.123291261328248,1.3593200698591e-06,2007.17964560697,461.369182636999,6,4,0,194,204,805.077291615362,4105.05291427382,145.25737982321,1087.0753781248,,78468.433803609,,16901.4062231707
ERBB3,SF3B1,2028.31584955688,871.620313380239,0.001,0.001,0.939752471379391,0.918588651820378,0.863255232034079,1.15435872985242e-07,0.134899621198818,8.55716806017642e-07,2007.17964560697,853.213216910597,6,4,0,194,204,806.13228189421,4110.46830585546,270.580147778401,2025.04288476711,,68384.7947973089,,20692.9173708386
ERBB3,SMAD4,1746.34171933985,2342.04117660578,7734.89826604744,0.001,0.88614101772329,0.961832807403011,0.783357408945847,0.959411115461484,0.499896656371416,1.91921890901518,2007.17964564041,2300.95712457226,5,15,1,183,204,626.181008084863,3754.02610763448,1373.40766268953,3685.38327631575,436.727910967849,35477.7134462122,,28361.1814455566
ERBB3,TP53,2249.94683847892,1218.87288749382,0.001,2053.91053825222,0.956644895526144,0.973485078910888,0.942200267209972,1.01642468663928,1.18238754230784,0.859637513310882,2007.17964564275,1232.21687470544,5,38,1,160,204,893.989389311598,4561.13456211621,870.70167886745,1649.82183995124,,10435.0682945166,113.75362124107,10331.4953069447
ERBB4,FBXW7,263.893313267558,487.321392711991,0.001,48305.7664694153,0.99368269618466,0.670411928619684,0.00587204376929592,2.43881224301667,0.122635963573879,19.8865991014737,262.390441260849,807.452602790954,4,3,2,266,275,104.885278218599,534.758605014896,121.189673908895,1263.70221814406,,32969.5456646299,7416.52571078319,196794.78460386
ERBB4,FGFR2,,,,,,,,,,,,,6,0,0,269,275,,,,,,,,
ERBB4,GNAS,271.870473712397,1454.92457808909,0.001,14318.042833628,0.907173153121991,0.5941251197615,0.43250670553557,1.27149288432847,0.320269199682606,3.97007544149906,262.390441261904,1563.50034086793,5,12,1,257,275,108.051083300764,551.003727077825,779.038921181025,2440.65863168792,,3706.00045848194,786.259707144483,75230.3436062894
ERBB4,IDH2,262.666745244681,731.252599807866,0.001,0.001,0.993748255265023,0.988031483545846,0.98185465834068,5.27998649027517e-08,0.0200480790648042,2.63366204473154e-06,262.390441260622,722.496365546888,6,1,0,268,275,104.398365998937,532.268233321127,41.7244171470441,3219.78516618476,,142103.377533293,,122906.332145432
ERBB4,KMT2C,265.614947438666,430.606094877538,0.001,30400.9146362617,0.996485799908336,0.819248363224703,0.00115650010733938,3.30303459103597,0.23509712402864,14.0496597084428,262.390441260398,612.180797456587,3,7,3,262,275,105.569131067573,538.251421648899,185.017540894168,832.824542008252,,16022.8869703005,6624.67873616777,123464.130647611
ERBB4,KRAS,281.583773161728,13311.5411579093,0.001,42387.557601972,0.9282364261457,0.874452700198503,0.852317655331307,1.10789194384403,0.745753808758797,1.48560011471878,262.390441260314,13582.1850238568,5,34,1,235,275,111.905558464332,570.698911638269,9320.63727400199,18308.3914981221,,2079.62602524295,2344.62116098366,214477.43781756
ERBB4,MED12,265.964184700032,499.04632423452,0.001,44382.9240433162,0.978822191261032,0.391974998677341,0.000648617655470057,3.48169146070892,0.225466448234879,15.4421710545681,262.390441260226,745.30829367167,3,6,3,263,275,105.707492823351,538.971095046714,198.34448692057,1011.31433171906,,13582.6331234403,9601.23434671819,182250.085748404
ERBB4,NF1,268.744102878446,883.917018586979,0.001,11122.4991467789,0.948171062869054,0.663403180964469,0.372511483751064,1.29706215899752,0.262038727342156,4.94988726343449,262.390441261069,965.004013580876,5,10,1,259,275,106.809809783799,544.624703634075,442.884160086811,1550.48014257329,,5742.18829843052,612.97855591306,57307.4574633807
ERBB4,NRAS,263.694680906949,1762.654675153,0.001,0.001,0.970825272316662,0.980510303510077,0.95190470755229,9.06898996513037e-08,0.0407699566087721,2.22442963384932e-06,262.390441260951,1745.36273097283,6,2,0,267,275,104.806178209824,534.357855933598,293.09167611539,5442.87166576368,,21252.5897431985,,182923.18446074
ERBB4,PBRM1,264.278092673166,419.313488226563,0.001,29930.3982413164,0.994956732894853,0.777080521419776,0.00987673876682128,2.38295910358497,0.147818821795961,16.1208097496153,262.390441260613,625.128243835155,4,4,2,265,275,105.038097443324,535.539291913023,130.174435940434,974.121026238797,,25322.5262264317,4591.08445462555,122210.614114787
ERBB4,PIK3CA,266.982315490469,904.08677602425,0.001,29496.3923815323,0.979169929857146,0.620423277981809,0.0336075170303133,2.43905991938674,0.261539149970248,9.32579279111444,262.390441260919,1098.47924324634,4,9,2,260,275,106.111789780486,541.032251471193,434.406617232357,1629.92554294852,,9584.30007348767,4569.51302293734,116680.063450105
ERBB4,POLE,264.36451333559,154.389369873084,0.001,22305.929375138,0.974910123888905,0.285746037083478,0.00340509416802991,2.32845246095481,0.0904240976301598,25.750353301598,262.390441261077,306.908387719662,4,2,2,267,275,105.07155300259,535.721949755607,25.6716182339102,476.740769025703,,22715.8125902571,3432.69427660648,90189.1975165593
ERBB4,PTPRT,265.414696885794,115.198882094456,0.001,7687.01881461331,0.97468574980776,0.423099331311459,0.0107705960514772,2.37961780946718,0.157605602237778,15.0985610643273,262.39044126061,171.695159064987,4,4,2,265,275,105.488332200628,537.855607412781,35.7625832330635,267.628371956982,,14709.7701499238,1190.25965330035,30367.3686522452
ERBB4,RASA1,265.101387320317,286.388336467297,0.001,22038.9466950966,0.976086781986628,0.386479098431998,0.00829598628001338,2.56800770657981,0.156702176057276,16.3878241591309,262.390441260193,427.203443259814,4,4,2,265,275,105.364193615155,537.217384204973,88.9072443217402,665.33163354898,,16115.837658542,3395.05762358386,89059.8752810824
ERBB4,ROS1,265.317964670075,346.092413648042,0.001,22710.4146138689,0.976586488853969,0.458742732187949,0.0111249109473809,2.31497891434783,0.147850297601875,15.6575871127531,262.390441260977,515.737306274277,4,4,2,265,275,105.4500484989,537.658167188899,107.442250545668,804.028958143368,,15279.3327295367,3519.61150147024,89632.0763243627
ERBB4,SF3B1,266.27405103703,1204.69964378814,0.001,53429.8105159987,0.972166191661512,0.505913277430354,0.0203741085888287,2.43215523220159,0.208665946999493,11.6557362002507,262.390441261077,1540.11705997712,4,7,2,262,275,105.829017682506,539.593294827244,517.622800327629,2329.92226031573,,10932.8701684671,8175.98202024003,219553.669683998
ERBB4,SMAD4,275.691919920386,2818.48758443704,0.001,0.001,0.744368707209941,0.769556810176146,0.572888798329619,1.23297017356333e-06,0.570148372129155,2.16254265351832e-06,262.39044126082,2788.32035222684,6,25,0,244,275,109.568223910312,558.72469481968,1852.70525241673,4073.17900105894,,1770.18199772075,,21599.6544597943
ERBB4,TP53,297.403870701569,1449.63630221187,0.001,5141.17568389919,0.956631507280886,0.899179588583121,0.754860615743508,2.16655902384471,1.42615145471177,1.51916475398651,262.390441260752,1485.32595522988,4,60,2,209,275,118.18372095149,602.845886362354,1112.33227828153,1849.51065220721,,1509.57538772841,801.54720551206,19862.0964326918
FBXW7,FGFR2,,,,,,,,,,,,,5,0,0,270,275,,,,,,,,
FBXW7,GNAS,834.365575524602,1455.51828352956,0.001,13632.4220122523,0.955963885691305,0.783686258063733,0.476837532191162,1.05796005521235,0.280640229095413,3.76980897793045,807.452602774922,1563.50034085983,4,12,1,258,275,299.183664879385,1793.50804419077,779.325421591866,2441.58569330233,,15985.7832999726,743.420508281007,74806.6111213581
FBXW7,IDH2,808.966084546991,728.139423481475,0.001,0.001,0.990719144934796,0.992259068072602,0.983050155156211,2.27554109614932e-08,0.0172024372153387,1.32280157030326e-06,807.452602793746,722.496365546888,5,1,0,269,275,290.091998241537,1738.73719664018,41.5467377626861,3206.04543868234,,293752.210393883,,192710.77557077
FBXW7,KMT2C,491.226377641604,616.333563893431,22071.8278106894,0.001,0.643883021620559,0.978741086802257,0.0238526748160655,2.2950727115893,0.202776523122272,11.3182368266833,807.452602793286,612.18079745758,3,8,2,262,275,122.160039233698,1273.84614545326,308.813604237278,1081.09721514788,3534.22501920309,76341.2013320807,,33496.3983082259
FBXW7,KRAS,525.530370196538,13663.9360848599,4452.55637805285,1398.21356710205,1,1,0.370067028382361,1.75522733217391,0.631109306475323,2.78117802124749,807.452602786919,13582.1850220651,3,33,2,237,275,130.68410781798,1362.86411383513,9616.01776182278,18714.3775808369,688.352345713402,14227.6240958853,,276105.516670121
FBXW7,MED12,491.352270260911,750.143278395284,21696.4157336176,0.001,0.859465176555775,0.986735046324456,0.0255252787313717,2.08734561797524,0.188367039210217,11.0812678626104,807.452602793286,745.308293667765,3,7,2,263,275,122.190861350989,1274.18276125734,360.431271549664,1352.39597270654,3432.97221445803,78005.8202875746,,51253.3877386108
FBXW7,NF1,824.125424648231,794.033535359586,0.001,25794.5363712966,0.990548973795194,0.744561717252541,0.0362745750373024,2.09833785578311,0.230920953120181,9.08682312033871,807.452602770778,965.004013575927,3,9,2,261,275,295.52001904907,1771.39164651043,381.523284877016,1431.52240151733,,31914.6578964458,3884.1015002156,115648.946859168
FBXW7,NRAS,810.182196426141,1759.64919788875,0.001,0.001,0.983346057163622,0.983850145723111,0.9674654447485,3.37625075488325e-08,0.0368420258002627,9.16412895747763e-07,807.452602782338,1745.36273097273,5,2,0,268,275,290.527648007871,1741.35497869362,292.592215909289,5433.56983689893,,115197.588316731,,222134.485481907
FBXW7,PBRM1,487.927753418369,629.236578904032,40686.9872009816,0.001,0.755154981504997,0.989895152058793,0.00803117445796172,2.26959066101073,0.13028094892329,17.4207409430759,807.452602787559,625.128243837217,3,4,2,266,275,121.340278411554,1265.27766647846,250.09129755418,1275.105073964,6300.61340009777,161850.645061397,,64149.2404167999
FBXW7,PIK3CA,492.912572753639,1105.40106256478,17928.4339869026,0.001,0.876458015609468,0.987635593629656,0.0353856569499682,2.12697629176838,0.222981815769289,9.53878810444831,807.452602793286,1098.47924325818,3,9,2,261,275,122.578717168778,1278.22922688886,573.954464334685,1893.34096828396,2880.71016702574,61262.1364111914,,63458.1487141579
FBXW7,POLE,814.53915414418,154.486495052656,0.001,20447.8043900038,0.972939210890795,0.425049347762282,0.0042728358471622,1.92516600046031,0.0811456193833547,23.7248296961699,807.452602792124,306.908387719662,3,2,2,268,275,292.084186900272,1750.7762623136,25.6875526699528,477.039880624515,,68488.8171172112,3070.86053894216,95013.1104881833
FBXW7,PTPRT,814.719855938041,115.092460893498,0.001,8779.59877420668,0.989431563610121,0.806838152799912,0.00966467787272469,2.02943057440666,0.121082358129594,16.7607453782373,807.452602797531,171.695159065076,3,4,2,266,275,292.151260375196,1751.14333453652,35.7294513837676,267.381961323865,,74075.6289344878,1281.96324402509,42946.284073617
FBXW7,RASA1,814.538492362232,286.3543927463,0.001,22344.0588563103,0.987810540556795,0.779948833799944,0.00946032045695697,2.13809366226742,0.128814258750688,16.5982685690531,807.452602790954,427.203443258768,3,4,2,266,275,292.086291768831,1750.73950131509,88.8975846949658,665.265806297747,,68786.6000776701,3228.74436229416,113411.263909319
FBXW7,ROS1,814.190238558358,345.776769680513,0.001,25807.8833668326,0.993119924930185,0.91137963286628,0.00953067259849738,2.04668855699034,0.119087996601936,17.1863547577479,807.452602790954,515.737306277438,3,4,2,266,275,291.965275504308,1750.01994082194,107.344470276087,803.298805930078,,83395.9036313175,3870.52786343932,117719.911160009
FBXW7,SF3B1,326.792858269256,1548.49211743853,37411.3467516304,0.001,0.665218548128885,0.979522333526449,0.000629343591484373,3.18907551659127,0.191581049574728,16.6460906424221,807.452602789606,1540.11705995879,2,6,3,264,275,54.3381747849124,1009.11906546756,744.044887513989,2791.61254982073,8564.00946187647,121081.379946062,,135510.166090768
FBXW7,SMAD4,848.761674410406,2821.40525287412,0.001,0.001,0.780372888093485,0.750091830631879,0.585411348349526,4.01309993895704e-07,0.481795582775469,8.32946602756063e-07,807.452602788831,2788.32035228248,5,25,0,245,275,304.343118237678,1824.44613202257,1854.60745185437,4077.48434180208,,6488.14826212046,,19918.6270865312
FBXW7,TP53,727.820278904671,1444.206950123,1410.43322372241,8934.05050055774,0.996375004884958,0.920394715471595,0.188092961719901,3.0841131578602,1.17438194249852,2.62615853177943,807.452602781476,1485.32595522552,2,59,3,211,275,174.49773997059,1768.34356429136,1106.3291989875,1844.74318956273,,7993.62927313696,55.4097442136785,52117.8791354342
FGFR2,GNAS,,,,,,,,,,,,,0,13,0,262,275,,,,,,,,
FGFR2,IDH2,,,,,,,,,,,,,0,1,0,274,275,,,,,,,,
FGFR2,KMT2C,,,,,,,,,,,,,0,10,0,265,275,,,,,,,,
FGFR2,KRAS,,,,,,,,,,,,,0,35,0,240,275,,,,,,,,
FGFR2,MED12,,,,,,,,,,,,,0,9,0,266,275,,,,,,,,
FGFR2,NF1,,,,,,,,,,,,,0,11,0,264,275,,,,,,,,
FGFR2,NRAS,,,,,,,,,,,,,0,2,0,273,275,,,,,,,,
FGFR2,PBRM1,,,,,,,,,,,,,0,6,0,269,275,,,,,,,,
FGFR2,PIK3CA,,,,,,,,,,,,,0,11,0,264,275,,,,,,,,
FGFR2,POLE,,,,,,,,,,,,,0,4,0,271,275,,,,,,,,
FGFR2,PTPRT,,,,,,,,,,,,,0,6,0,269,275,,,,,,,,
FGFR2,RASA1,,,,,,,,,,,,,0,6,0,269,275,,,,,,,,
FGFR2,ROS1,,,,,,,,,,,,,0,6,0,269,275,,,,,,,,
FGFR2,SF3B1,,,,,,,,,,,,,0,9,0,266,275,,,,,,,,
FGFR2,SMAD4,,,,,,,,,,,,,0,25,0,250,275,,,,,,,,
FGFR2,TP53,,,,,,,,,,,,,0,62,0,213,275,,,,,,,,
GNAS,IDH2,1566.71836371911,738.311424656116,0.001,0.001,0.973970451791478,0.978609404165838,0.953137499578589,4.59148573229176e-08,0.044546082455083,1.03072716594584e-06,1563.50034086309,722.496365546888,13,1,0,261,275,861.768729632866,2579.61665489151,42.1267824283872,3250.86935785703,,199255.936984223,,66658.3038931671
GNAS,KMT2C,1339.98886283555,627.695472831969,17157.9863394845,0.001,0.567196461785968,0.948262011492273,0.151810188398823,2.39961968894537,0.524978806234615,4.57088869197696,1563.50034087467,612.180797458325,11,8,2,254,275,695.730665160892,2295.35276072532,314.497014458621,1101.08848331239,2741.71036337129,59594.8420205454,,9212.67473401949
GNAS,KRAS,1505.16809092659,13733.5745901859,2264.65864830574,8321.31805725957,0.997767449906776,0.998436117987616,0.996757942777006,1.70371957917788,1.65005461991753,1.03252314112064,1563.50034088946,13582.1850224315,11,33,2,229,275,784.474787012149,2566.93124303764,9611.36364853678,18884.7740058539,,9044.40798780544,,69489.72720919
GNAS,MED12,1342.19097512435,770.879421261926,15297.9352146815,0.001,0.521254275652917,0.923714353025663,0.17921941727659,2.08500193610382,0.499067282862388,4.1777972784458,1563.50034085078,745.308293667306,11,7,2,255,275,696.859874774718,2299.11439206725,370.368586724502,1389.93772251826,2435.10706477672,53875.4429196574,,9153.27170809661
GNAS,NF1,1222.01470016534,990.555777759405,19887.970580781,0.001,0.569558617653534,0.964266555885436,0.041850360711193,3.06865087090892,0.60066164864836,5.10878441767367,1563.50034087375,965.004013569812,10,8,3,254,275,612.251224042047,2143.71290331708,514.294948622219,1696.77608465507,4643.33390304447,60961.549480052,,14640.9393392011
GNAS,NRAS,1569.61018618886,1780.29288413898,0.001,0.001,0.951181278127047,0.961205502135312,0.914282807341423,5.92278120089022e-08,0.0953876787837979,6.20916797264201e-07,1563.50034088917,1745.36273097283,13,2,0,260,275,863.35559181231,2584.39442030967,296.02284152711,5497.38893849886,,75484.2886389069,,88004.1559483439
GNAS,PBRM1,1456.84195702051,645.256504953238,12403.195135947,0.001,0.737245832653189,0.941932131596825,0.500190860478609,1.17936393250456,0.338856077936588,3.48042726483206,1563.50034085283,625.128243827686,12,5,1,257,275,780.03256995155,2443.79006887571,256.446197816282,1307.68117739935,684.289937160617,63604.6391526927,,10515.6323534904
GNAS,PIK3CA,1473.10467487682,1130.12736540827,5858.80548263903,0.001,0.89398680084825,0.95278525028517,0.80615597602825,1.03945038974019,0.573897483121629,1.81121266482344,1563.500340866,1098.47924323305,12,10,1,252,275,788.717076209268,2471.18820703953,586.761882562818,1935.84826657904,328.149776579569,27828.1059811392,,11849.873047406
GNAS,POLE,1573.39020076484,157.154543187143,0.001,6196.81779810535,0.974510779510994,0.561289319089262,0.0357934409777473,1.94097560428825,0.211336296192538,9.18429838724871,1563.50034085111,306.908387719249,11,2,2,260,275,865.425553459088,2590.64998948262,26.130899033679,485.291021093747,,85195.0769609849,1002.86453899815,20679.6103326398
GNAS,PTPRT,1208.97369284035,177.003742294077,51860.2563380952,0.001,0.276105307861336,0.961299252381293,0.00416692198664539,3.09013825037319,0.31790243598738,9.72039814912226,1563.50034086152,171.695159064684,10,3,3,259,275,605.735039771647,2120.75986389908,70.3456545241629,358.729725720259,11074.6588514975,214684.885830225,,3904.67793696308
GNAS,RASA1,1210.873748323,441.337523618841,43031.7313341414,0.001,0.386138077483387,0.947325984857187,0.00664403294749201,2.89708031692116,0.339319487481623,8.53791315795872,1563.50034085797,427.203443258261,10,3,3,259,275,606.680662579603,2124.11144334166,175.395861796846,894.464710047209,9324.16390967757,176786.330841348,,8747.75953579177
GNAS,ROS1,1332.38136318106,530.840597867899,28537.6705292149,0.001,0.54269066220348,0.967803157903073,0.0707881589072829,2.08944045844826,0.311402730240173,6.70976923303387,1563.50034085078,515.737306275393,11,4,2,258,275,691.776654573116,2282.25977309176,210.973217539851,1075.80317381331,4341.13775713926,118664.818052938,,11387.5919096112
GNAS,SF3B1,1214.94234682591,1578.24647842391,30372.7754103395,0.001,0.450191917015139,0.957318733783965,0.014001820434756,3.40279533833939,0.496179463039615,6.85799310897258,1563.50034086749,1540.11706000341,10,6,3,256,275,608.718177090984,2131.25164613709,758.312386837589,2845.42326699398,7032.66870634887,95146.9793777486,,29772.7717007396
GNAS,SMAD4,1522.90420330183,2869.840128877,2305.84708450295,0.001,0.981573581685977,0.964143611279538,0.915736657355109,0.938020001555835,1.24006522931344,0.756427951838603,1563.50034087312,2788.32035227868,12,24,1,238,275,815.30950858365,2555.020803715,1886.29658366312,4147.80292304951,130.67285977228,10420.7703006277,,13617.2430804272
GNAS,TP53,1375.75043823258,1528.07305456682,2838.33965086987,0.001,0.870946332591482,0.838439075192522,0.834989391157091,2.91893038706238,3.07178630260831,0.950238753452301,1563.50034088651,1485.32595521295,10,59,3,203,275,689.072376027616,2414.48057158309,1177.59594304854,1942.57253356272,700.961032456335,7473.50732583369,,3863.53077484695
IDH2,KMT2C,732.868416640427,613.309962957318,0.001,0.001,0.985863581466541,0.981887662311905,0.968007638062365,5.21911458859631e-08,0.0340574573230107,1.53244399283738e-06,722.496365542688,612.180797457113,1,10,0,264,275,41.8165455693981,3226.8941976577,307.301718718067,1075.77664336313,,102199.970469396,,113056.301403216
IDH2,KRAS,774.11960365524,13612.2629461937,0.001,0.001,0.933389304355432,0.81668989056045,0.866364960492549,1.02710630485101e-07,0.136380234396261,7.53119621327739e-07,722.496365546851,13582.1850237663,1,35,0,239,275,44.1693351379309,3408.76629463678,9583.15944310428,18640.5617247953,,21027.8663845264,,597088.65477777
IDH2,MED12,736.027453922782,746.620189374349,0.001,0.001,0.981634983747015,0.984456030894537,0.966376893420439,4.33194630162885e-08,0.0312538900476748,1.38605027886797e-06,722.49636553808,745.308293669717,1,9,0,265,275,41.9966049005546,3240.83427409354,358.744284155605,1346.02574132835,,78819.7076004935,,160814.986317097
IDH2,NF1,735.002895599156,966.798071984141,0.001,0.001,0.983003850393699,0.979987897617002,0.963332381386277,4.74531282323998e-08,0.0385686446213241,1.23035509021138e-06,722.496365542688,965.004013580448,1,11,0,263,275,41.9382609935629,3236.30259006671,501.989605922429,1655.93501880821,,84556.6989541199,,160973.342975915
IDH2,NRAS,724.168609684678,1749.51088470817,0.001,0.001,0.997694916149665,0.995268874160356,0.992974708723734,7.6562640968867e-09,0.00778850931110342,9.83020471705903e-07,722.49636554199,1745.36273097283,1,2,0,272,275,41.3202277000812,3188.5436802053,290.907123516417,5402.23447903476,,745198.047499377,,1251880.0629453
IDH2,PBRM1,0.001,625.181726347575,81291.3940855056,25546.9968479268,0.815944007921133,0.999999550603339,0.018362441876156,1.01732960920715,0.0206365598355942,49.2974418852721,722.49636554199,625.128243830805,0,5,1,269,275,,1830.92211969854,248.481976424613,1266.86808513989,4481.72560063659,417992.008952882,,
IDH2,PIK3CA,734.542906046818,1100.31003218419,0.001,0.001,0.983618224309922,0.982023070096351,0.965936198866339,4.28785349657068e-08,0.0368113903143025,1.16481704710422e-06,722.496365546888,1098.47924323973,1,11,0,263,275,41.9119990699657,3234.26524912569,571.316971906272,1884.59511361067,,87471.5214391071,,204404.334245227
IDH2,POLE,726.982098335443,307.573535621392,0.001,0.001,0.993834743676046,0.991408324341827,0.985296115500838,3.22845983948342e-08,0.0137948669935149,2.34033415545154e-06,722.496365546888,306.908387719029,1,4,0,270,275,41.4808448530752,3200.95554167086,95.4849641699214,714.53360771118,,248101.68210207,,120714.92653555
IDH2,PTPRT,729.820812172787,171.857039262872,0.001,0.001,0.989973048426946,0.994411711966775,0.984440876895425,7.27181124209227e-08,0.0199123967583396,3.65190154171005e-06,722.496365539613,171.695159064544,1,6,0,268,275,41.6425623003388,3213.45314248764,68.3042279956562,348.262436450437,,147154.965331159,,104091.687334741
IDH2,RASA1,731.874097704333,427.756051602317,0.001,0.001,0.987192326890392,0.992334820612471,0.979625467842727,3.89310176752283e-08,0.0206229843722062,1.88774897815935e-06,722.496365546849,427.2034432576,1,6,0,268,275,41.7599322972109,3222.54235057838,170.011190236798,866.832461584328,,115729.811609802,,188441.857025284
IDH2,ROS1,729.748347796045,516.457411503876,0.001,0.001,0.990054496851512,0.991672845139444,0.981810280313104,3.54273973707589e-08,0.0210906247462077,1.67976993555533e-06,722.496365546888,515.737306276239,1,6,0,268,275,41.6392225970332,3213.19413363562,205.26798909162,1046.57967266895,,148218.4343592,,209275.573258239
IDH2,SF3B1,734.288556555084,1543.49476240748,0.001,0.001,0.983960349252025,0.980615788662966,0.964887448974209,3.07719761950299e-08,0.0298564356806813,1.03066476267095e-06,722.496365539613,1540.11706001029,1,9,0,265,275,41.8974728311794,3233.15335168353,741.648779978935,2782.57397440957,,89931.0764461125,,265450.463613173
IDH2,SMAD4,754.444134319347,2793.60856643201,0.001,0.001,0.957701095744378,0.861969270525484,0.914398439251762,7.58085089425098e-08,0.0846842294366403,8.95190396686891e-07,722.496365539613,2788.32035227698,1,25,0,249,275,43.0471407478712,3321.99106230892,1836.38993973803,4037.08461338219,,33241.5337516661,,200370.713481632
IDH2,TP53,813.53795295211,1488.09990345901,0.001,0.001,0.888205697561422,0.751559916602265,0.797273476940129,2.4416102367697e-07,0.218319412981645,1.11836606897389e-06,722.496365540534,1485.325955198,1,62,0,212,275,46.417449935957,3582.53094183554,1146.99402913083,1891.35971552928,,12473.9460323054,,44258.5186746066
KMT2C,KRAS,654.599051962029,12973.4727481118,0.001,57231.9343874774,0.861896786413266,0.673469847125874,0.556610994196418,2.35825959536846,1.23471370014361,1.90996471092381,612.180797459099,13582.1850249188,8,33,2,232,275,327.949906638462,1148.41117375062,9032.43155248716,17924.650592766,,3481.75758009445,9159.70611225058,198449.477183846
KMT2C,MED12,618.671559449699,502.791890424441,0.001,18783.0612152852,0.990190055985643,0.852604293671677,0.00581390539771448,3.3504053075212,0.356857203576876,9.38864418019081,612.180797460424,745.308293664944,7,6,3,259,275,309.980606922809,1085.19217716058,199.829702643941,1018.9139198367,,24481.617151961,4403.02595825091,57040.5186032648
KMT2C,NF1,624.80937791281,800.662691927571,0.001,11953.5521003386,0.949437474304989,0.604310485794962,0.121727494578775,2.29069072366646,0.434833997178465,5.26796602503533,612.180797457052,965.004013573612,8,9,2,256,275,313.052610211849,1096.0058478285,384.701951433958,1443.50521946297,,10930.0004468375,1915.32067203802,41265.1561406893
KMT2C,NRAS,614.969773977368,1772.7193742162,0.001,0.001,0.955935988509773,0.969415196882745,0.926700268797864,8.09807699920888e-08,0.0718961420390249,1.12635765557675e-06,612.180797457113,1745.36273097283,10,2,0,263,275,308.131407448251,1078.69749871076,294.766271233029,5474.04893861312,,32155.6731987182,,113877.678987906
KMT2C,PBRM1,617.067653280197,422.494531049241,0.001,14382.4674978108,0.983284942182948,0.757089754610342,0.0358843697273847,2.30519041775044,0.242378311202845,9.51071243260391,612.180797459449,625.128243831843,8,4,2,261,275,309.180983340615,1082.3872204579,131.160852993886,981.522760766831,,29322.0663075741,2302.63870741871,49772.6185881101
KMT2C,PIK3CA,499.344799440855,1118.03549963689,6090.96643627977,0.001,0.953175887369283,0.983360584912919,0.178712179727574,1.97496256486909,0.442435519320976,4.46384270390439,612.18079745758,1098.47924322749,8,9,2,256,275,228.17695959725,929.603220616514,580.502253697994,1915.06585142148,980.548766258681,20697.4479019317,,22960.8154893245
KMT2C,POLE,615.877443117837,156.024796636559,0.001,8845.54883186648,0.974227310759744,0.636731673257141,0.0188787830660307,1.9903226500996,0.159549212331063,12.4746629646137,612.180797459449,306.908387719626,8,2,2,263,275,308.583961343695,1080.30175684459,25.943293480677,481.80011525847,,41094.2796498425,1414.77123693829,30720.9419680626
KMT2C,PTPRT,616.948809016416,116.164977822979,0.001,3620.91065778819,0.994385685607736,0.953881982939415,0.0425555256617704,2.08396643377374,0.235392842009527,8.85314275482255,612.18079745758,171.695159064987,8,4,2,261,275,309.121396940994,1082.17768353584,36.0621614094851,269.877460905081,,33076.9409115048,580.275360537407,12489.6534638174
KMT2C,RASA1,616.802038020644,288.036473763727,0.001,11651.6604221976,0.980994138984723,0.606108018395719,0.0259883134195445,2.57597986842321,0.238589750559122,10.7966912341647,612.180797458713,427.203443258768,8,4,2,261,275,309.048410366219,1081.91751181493,89.4183809493279,669.165429468899,,30203.2036594618,1864.35400845952,40399.6145293081
KMT2C,ROS1,617.015341224697,348.713615205807,0.001,11373.7309891395,0.989800014857632,0.848015624893562,0.0387783217455267,2.15571904852381,0.229306405343815,9.40104156833994,612.180797458713,515.737306272186,8,4,2,261,275,309.154768334202,1082.29431161265,108.255215428313,810.128581903531,,31354.441345682,1826.97329361309,38927.7406204013
KMT2C,SF3B1,496.169327114615,1567.805707006,8869.61351961077,0.001,0.748314027321708,0.966795262457518,0.0948131237185235,2.25339947582663,0.37064632180271,6.07964882766619,612.180797457454,1540.11705998674,8,7,2,258,275,226.72578304584,923.65862133935,753.298037739867,2826.52093055807,1411.11671185012,31303.7806654997,,37458.8673255933
KMT2C,SMAD4,579.913397349152,2856.13629628855,1224.33907640826,0.001,0.911186923152458,0.896513291959245,0.896439675473617,0.996092120657886,0.975714849655153,1.02088445308579,612.180797459183,2788.32035232943,9,24,1,241,275,278.624085571437,1045.63930564322,1877.31804525688,4128.00387622762,69.40208896507,5527.27445848036,,15774.3701419278
KMT2C,TP53,691.589421167967,1353.43987673857,0.001,12447.5776171104,0.946559353427016,0.659054620172308,0.0287184893767618,6.11552839643923,2.31519964738043,2.64146912917801,612.180797460866,1485.32595523475,4,56,6,209,275,346.444187177587,1213.51615016846,1028.54066201125,1740.86423134192,,3056.90691749367,4301.07626191024,36743.0590076816
KRAS,MED12,13271.7268059425,744.825729833091,31321.2056965532,755.203453067207,0.986240368557342,0.999998524026362,0.803772648135332,1.81246329990225,1.1563964376113,1.56733732563735,13582.1850229724,745.308293669948,33,7,2,233,275,9249.59242987652,18317.5066033272,335.4313036551,1385.57785811249,,139931.768315119,,5564.82946328227
KRAS,NF1,13911.5398384702,1044.86284713669,0.001,0.001,0.447721051153488,0.421751614310047,0.189034568932252,8.32099418241958e-07,1.41411898148321,5.88422494243874e-07,13582.1850223858,965.004013579991,35,11,0,229,275,9792.88345547801,19052.7640734045,542.422185217483,1790.14189442669,,33501.4471958049,,2245.55989014903
KRAS,NRAS,13621.5259277481,1871.14511525285,0.001,0.001,0.907907710043854,0.870232798584811,0.790103743983572,9.14164015919415e-08,0.272170991907665,3.35878562778487e-07,13582.1850229392,1745.36273094764,35,2,0,238,275,9589.68647711195,18653.2263025663,311.119478123602,5778.40192294558,,328439.785542396,,25186.3589065313
KRAS,PBRM1,13315.1475254617,675.362223822106,41244.5624137925,0.001,0.84272210901025,0.899385720798249,0.834464472694527,1.10622284795634,0.758835408512679,1.4577902342809,13582.1850218298,625.128243841321,34,5,1,235,275,9323.14831419218,18313.4524860247,268.390731326433,1368.86320355091,2278.24810024525,210324.569246632,,4461.82063831481
KRAS,PIK3CA,13431.8585870782,1177.11915841632,21818.9348366316,0.001,0.945033704955338,0.888843693172571,0.867916408094926,1.10181717024454,1.34132300997868,0.821440594135523,13582.1850231823,1098.47924323343,34,10,1,230,275,9404.28016135819,18474.0175674687,611.126637589732,2016.63142038588,1225.84271153312,102293.974903333,,4890.01424711472
KRAS,POLE,13609.5662123798,82.3474544651663,754.032830773273,3478.19744975918,1,0.931119871624656,0.0185807717720372,2.74973090643901,0.497862547363184,5.52307242431137,13582.1850221782,306.908387720008,32,1,3,239,275,9581.77692330266,18638.9417451264,4.69575176528574,362.395152140369,,1468754.88839674,850.231814770953,9287.34771273444
KRAS,PTPRT,13685.5199996605,122.589817235721,940.545087862659,890.526763892454,1,0.963341568348406,0.420406034835778,1.92364155594705,0.740565963965309,2.59752898397739,13582.1850220801,171.695159064495,33,4,2,236,275,9632.4209003511,18744.2660000743,38.0577887844481,284.836791424085,,202483.575567181,139.699471512093,2834.63447356886
KRAS,RASA1,13758.825878291,384.314991789948,0.001,963.982323578293,0.963855397196929,0.95667154130763,0.953243967685402,0.892211143196602,0.77375575071712,1.15309145343307,13582.1850235645,427.203443260303,34,5,1,235,275,9685.81541490182,18842.5408952902,137.796870562841,826.202456882275,,108483.450749814,54.7220892632018,4326.85647320133
KRAS,ROS1,13196.8146127199,485.093107009183,55706.2718652584,948.177197899865,0.956072395650403,0.995581111826176,0.431473592775664,1.95714316683985,0.77049952759831,2.54009651756748,13582.1850224589,515.737306274194,33,4,2,236,275,9199.7373631377,18207.3476048602,165.116258951372,1046.36852691431,,278843.37224849,,6358.72304976915
KRAS,SF3B1,12562.6202989696,1652.10365621874,86626.7603904053,0.001,0.760298170943257,0.968330273612368,0.241326703475107,2.90712420049551,1.09427954332043,2.65665589587307,13582.1850232522,1540.11705995264,32,6,3,234,275,8694.72681276662,17439.0535365405,793.703518974606,2979.02065869585,20212.8366719508,266765.344134996,,11747.9671420545
KRAS,SMAD4,13792.2545686958,2990.80919751443,9073.53759622955,0.001,0.908612732109952,0.738765945930448,0.330646156081341,1.09932129339413,3.05251004901608,0.360136830261533,13582.1850232422,2788.32035228927,34,24,1,216,275,9656.1770371887,18973.1277982658,1965.60041196472,4323.48311752644,514.225638755978,40915.1859777575,,5493.53045277645
KRAS,TP53,9898.95301534957,1570.31952445058,45178.7316618934,0.001,0.385775340095367,0.697827619900873,0.104049048530279,12.5742007732115,7.78852161993422,1.61445283030718,13582.1850229906,1485.32595522702,23,50,12,190,275,6381.13712361417,14524.1096954391,1210.00548715909,1996.56948570755,23766.4097363147,77896.2954252266,,2795.9092234231
MED12,NF1,763.996444086948,891.781823672788,0.001,5290.68488497038,0.955236047963906,0.849259952691819,0.650743228178032,1.04893840082235,0.403708774732554,2.59825514448439,745.308293672137,965.00401358045,8,10,1,256,275,367.070916755115,1377.47682763551,446.814718056624,1564.33126865852,,11181.7012566955,295.156307757462,25605.3689319044
MED12,NRAS,748.283049146154,1771.16802281156,0.001,0.001,0.965077701081623,0.971118449890061,0.937205852698284,6.30592694071067e-08,0.0646180922532982,9.75876371588301e-07,745.308293669717,1745.36273096043,9,2,0,264,275,359.541844460991,1349.0330982423,294.506313321022,5469.17355886386,,50308.1406245415,,119631.358852794
MED12,PBRM1,583.872436520174,633.924823040397,20378.6706628993,0.001,0.860216178060826,0.989403750510965,0.0319496019605778,2.21946938088479,0.227603755403552,9.75146203958527,745.308293674204,625.128243831843,7,4,2,262,275,250.86911038333,1129.26842600761,251.951841936416,1284.62809844481,3142.13816208042,82070.442113185,,30226.4380157331
MED12,PIK3CA,758.452398182746,909.948100950771,0.001,15136.5464126517,0.977955646518912,0.802283605278469,0.10592194723718,2.2576381763827,0.39310872930361,5.74303750614262,745.308293668128,1098.47924324634,7,9,2,257,275,364.419117657444,1367.41327019464,437.21477916601,1640.51483900079,,18155.0013698162,2410.05119258872,53397.517651225
MED12,POLE,748.455212950005,77.5386214623951,0.001,19202.4119423106,0.984170079308733,0.235136946169789,0.00015773444566849,3.24666958969444,0.141594897862,22.9292837433922,745.308293669015,306.908387720192,6,1,3,265,275,359.613716504007,1349.2874396935,4.42412700593179,341.403222243833,,141404.762247602,4469.45005821201,59745.9327401716
MED12,PTPRT,642.868481325403,124.109153182471,15741.1890710227,3746.85705853356,0.899706277179901,0.840395009194302,0.00155798310084766,3.05894061594001,0.226052603987482,13.5319857501372,745.308293669015,171.695159064827,6,3,3,263,275,271.253428305094,1235.32464592535,33.5760653775865,295.468065081785,,97302.4671344461,,15709.5501743307
MED12,RASA1,751.288351753954,216.508086833253,0.001,14420.4936026863,0.974985703989594,0.68615011580297,0.00200279556698811,2.89293701105015,0.231222312286512,12.5114958951948,745.308293666469,427.20344325745,6,3,3,263,275,360.975779283175,1354.45197309109,53.8370627993612,561.419406480688,,40300.5725943113,3290.27956521005,46835.818520277
MED12,ROS1,676.510264559234,337.632667142888,11365.849190711,13869.5839239888,0.949700123909276,0.795137994327009,0.00146537477533154,3.05641732431588,0.218751802708019,13.9720783393747,745.308293669015,515.737306277965,6,3,3,263,275,295.299274683101,1274.56143273205,87.1679724416567,834.735613014569,,86688.0645543079,90.3952099950784,51175.9055862132
MED12,SF3B1,707.489498908581,1130.80540593595,4444.84466934181,38248.6922743096,0.982373258000914,0.718387329606534,0.00377582590807017,3.50914922745934,0.33016398392403,10.6285040111061,745.308293672666,1540.11705997909,6,6,3,260,275,319.489955300841,1310.55240388867,451.826453216338,2274.7659046615,,41045.9940533533,4186.48864317836,131515.731761983
MED12,SMAD4,781.898605326446,2718.41701474011,0.001,7189.79056938435,0.966581718192043,0.951880386618657,0.937651042632234,1.08028669998631,0.854087718621903,1.26484279826595,745.308293663103,2788.32035227892,8,24,1,242,275,375.665815797048,1409.79583908387,1770.42014104983,3956.66742795507,,5890.72666531135,402.118652221269,34400.9145986316
MED12,TP53,565.759261256011,1507.6405310387,2025.2486759058,0.001,0.962993640729085,0.975362530646786,0.784623651396806,2.97752281715478,2.12346454538603,1.40220039163097,745.308293672414,1485.32595519979,6,59,3,207,275,224.812801637005,1146.90285593019,1161.96600331295,1916.37178153071,500.379155730906,5327.39348242852,,7497.1774259124
NF1,NRAS,968.243353855563,1776.77466960546,0.001,0.001,0.964213172643299,0.965012508573403,0.930479163048609,6.81470251301213e-08,0.0828427089095124,8.22607396923211e-07,965.004013580448,1745.36273098723,11,2,0,262,275,502.738894509569,1658.41643577198,295.436914880231,5486.53616173112,,63483.6994499168,,98935.2760860588
NF1,PBRM1,885.097199619329,639.312738630229,9516.04519521242,0.001,0.805766621523627,0.968705283232895,0.431788433487273,1.19210892060865,0.276721714175091,4.30797028040366,965.004013579285,625.128243827686,10,5,1,259,275,443.472451259378,1552.55157651682,254.089681633601,1295.58359517048,526.010956576775,48329.3283024925,,15324.0093493521
NF1,PIK3CA,893.963667391026,1123.75116442173,4621.63922637423,0.001,0.859340091342564,0.953304942165044,0.703988849750798,1.10121278733215,0.479118861200319,2.29841251620385,965.00401358045,1098.47924324461,10,10,1,254,275,447.908815808954,1568.15965734635,583.473238560148,1924.92157097572,259.315429574408,21771.029542322,,14577.6519182931
NF1,POLE,974.523831647521,235.243610640532,0.001,3503.29267463352,0.961142720401736,0.737358224259734,0.351938765795472,0.956728886409568,0.175220640189973,5.46013806006124,965.00401358045,306.908387720695,10,3,1,261,275,505.983645752136,1669.23609410835,58.5007147336027,610.044213025944,,32361.3239261498,196.728494588467,16451.4719395217
NF1,PTPRT,886.566911955153,176.117596942431,8086.75585540731,0.001,0.829518857217255,0.965739894200335,0.492867307503962,0.990049012402986,0.260974291143931,3.79366491643026,965.00401358045,171.695159064531,10,5,1,259,275,444.204258542083,1555.1583102236,69.9939083384092,356.928104771217,442.925891470768,43069.7816322586,,3708.08293779042
NF1,RASA1,813.11205917379,421.76445523679,17080.3075638735,713.299807636448,0.845061883489252,0.999605522856164,0.0630317180419997,2.03219602586582,0.277404103876323,7.32576049693861,965.004013570656,427.2034432593,9,4,2,260,275,390.90413441297,1464.78813251339,159.866268381877,868.912263701567,1528.45611947743,71900.8636109217,,15812.5490409139
NF1,ROS1,886.283179119185,527.45713016924,8315.84936590352,0.001,0.900365131399168,0.980658405074507,0.489483249815087,0.997846537716685,0.257139978828917,3.88055775014503,965.00401358045,515.737306275864,10,5,1,259,275,444.062457580766,1554.65398987239,209.630777852788,1068.92280282577,455.923898485033,43970.7183064359,,12827.6222061732
NF1,SF3B1,890.745271872831,1575.31950328162,5672.87027290416,0.001,0.866687112798583,0.96343955773304,0.627501750371959,1.12220485360927,0.406679468680013,2.75943326387164,965.00401358045,1540.11705993782,10,8,1,256,275,446.29537861003,1562.49942517171,756.91080620491,2840.12018577416,316.195731910899,27554.3844309355,,25342.1264920362
NF1,SMAD4,825.197137796713,2853.41833502338,3971.17847374967,0.001,0.693581700858013,0.877744752549875,0.543496760314944,2.10881377140893,1.04187896053383,2.02404871514867,965.004013570868,2788.32035233124,9,23,2,241,275,396.468480534985,1487.84476627993,1875.53367163957,4123.94931278549,652.211638484211,12676.5214127295,,18411.2270767326
NF1,TP53,793.141257445758,1515.43765016148,2259.00297538651,0.001,0.85752586385835,0.902990340230403,0.835360024766934,3.10951634093762,2.5630765201002,1.21319684236975,965.004013576746,1485.32595521176,8,59,3,205,275,362.358451333034,1476.99070837687,1167.9390626933,1926.34536181974,558.102248348494,5942.73319229933,,5430.21628292615
NRAS,PBRM1,1762.69389572818,627.358044325929,0.001,0.001,0.980460444959124,0.978969917126662,0.959841678416629,4.84957608610712e-08,0.0440186972738226,1.10170822547061e-06,1745.36273097283,625.128243828402,2,6,0,267,275,293.098154034461,5442.98741565332,249.345806348936,1271.28854763424,,181788.57820633,,70333.8610317898
NRAS,PIK3CA,1774.73481306046,1103.69495422344,0.001,0.001,0.968539280674839,0.949777724234912,0.919898263447047,5.84816035736901e-08,0.0772328503566798,7.5721151431817e-07,1745.36273097283,1098.47924323973,2,11,0,262,275,294.90012601374,5476.49136127549,573.06471666511,1890.39685724314,,109118.641310549,,50480.0013918149
NRAS,POLE,1756.00814275989,308.043502194474,0.001,0.001,0.987937128112281,0.985393275772026,0.973506804362145,5.64354472494533e-08,0.0291712534534149,1.93462537835674e-06,1745.36273097283,306.908387719029,2,4,0,269,275,291.986087091603,5422.29186741189,95.6308422307316,715.627523130084,,304099.509453147,,49664.5831582013
NRAS,PTPRT,1761.52425459528,172.603055151112,0.001,0.001,0.981768592109803,0.969026157028282,0.951360106934596,1.30004979228496e-07,0.0400643146518982,3.24490710394161e-06,1745.36273097283,171.695159064544,2,6,0,267,275,292.903931821551,5439.36254439522,68.600141078709,349.77933866954,,193995.034467565,,13112.9021931345
NRAS,RASA1,1762.94547800206,428.746063987314,0.001,0.001,0.980180599341812,0.978742736866858,0.959345120686924,6.37256614005599e-08,0.0431076024357759,1.47829287178525e-06,1745.36273096043,427.2034432576,2,6,0,267,275,293.139969427597,5443.76173012525,170.403757575108,868.8421093249,,178583.849153666,,48322.2495235389
NRAS,ROS1,1761.30265017896,518.158907463758,0.001,0.001,0.981984750350283,0.972414692537767,0.95489695974192,5.3886362933863e-08,0.0423375124850177,1.27278056198819e-06,1745.36273097492,515.737306276239,2,6,0,267,275,292.871357580309,5438.75840341569,205.942083387403,1050.03255226297,,196766.132859248,,43718.0565266569
NRAS,SF3B1,1772.38981392994,1545.96660780211,0.001,0.001,0.969780915173536,0.966756862214986,0.937543300551174,4.02810986640731e-08,0.0647245533250936,6.22346491319179e-07,1745.36273096133,1540.11705999982,2,9,0,264,275,294.709260421384,5472.96859988373,742.830562244449,2787.02265513673,,114718.428331232,,108375.924924997
NRAS,SMAD4,907.897103688414,2794.92095513228,22314.4764579732,0.001,0.734274998061296,0.988497013315639,0.281006545441869,1.09420616998045,0.173544741169613,6.30503789746666,1745.36273096442,2788.32035226244,1,24,1,249,275,51.8030247232798,3997.65315746163,1837.25655446769,4038.96981075297,1264.74762260662,100771.319009603,,275255.929806894
NRAS,TP53,1956.6420950106,1492.92491531525,0.001,0.001,0.796012105173119,0.742614216238177,0.591176186070005,3.04574897663779e-07,0.438657832210806,6.94333658944927e-07,1745.36273097495,1485.325955198,2,62,0,211,275,325.327883838456,6042.7836967169,1150.68579888587,1897.54511790828,,15620.3784123611,,11353.0892898575
PBRM1,PIK3CA,358.283295464589,1065.3526088808,16899.8656925544,7059.25108173501,0.92994712658318,0.996464544350443,0.0023482348073226,3.21356819937412,0.265419683716899,12.1074976594493,625.128243832892,1098.47924324392,3,8,3,261,275,89.697668652357,918.563414896739,536.201183740597,1851.62051685612,2372.69800949131,54735.3268493999,,95666.6503439486
PBRM1,POLE,630.653696905708,154.724515384225,0.001,16959.7610236306,0.96909385105902,0.399365945307896,0.00583951505427317,2.01989621467877,0.0971512162561316,20.7912601871445,625.128243840606,306.908387719662,4,2,2,267,275,250.650642987874,1278.00815716815,25.7272089726231,477.777779770008,,45999.8774472293,2603.70719779325,69475.8216100222
PBRM1,PTPRT,630.967498460132,115.257902432857,0.001,7038.59779254915,0.988216733514994,0.750524139060838,0.0132913928366122,2.10171645707605,0.14489004232533,14.5055962669743,625.128243840606,171.695159064539,4,4,2,265,275,250.743305466815,1278.45237590869,35.7860951875905,267.806123047503,,48143.7227560402,1077.90797300226,28969.753903723
PBRM1,RASA1,629.600416860561,214.532824171199,0.001,36997.3387015633,0.990640150603216,0.454667277637837,0.000158804024466449,3.38301199512451,0.154247875862161,21.9323084756619,625.128243832213,427.203443259902,3,3,3,266,275,250.235698260721,1275.84427520658,53.350894518974,556.32441129508,,68207.065026365,7979.4284504027,151532.39367705
PBRM1,ROS1,629.251013673238,259.138290349136,0.001,40436.5555831798,0.995161208727572,0.72786861267135,0.000203292561275222,3.21661551906934,0.143264322764171,22.452313716404,625.128243838902,515.737306273958,3,3,3,266,275,250.096841409819,1275.1359934285,64.4437586756654,671.990695111764,,84983.3664841235,8840.97416320288,160984.671305801
PBRM1,SF3B1,422.370954666261,1553.83768310881,14674.6123132074,0.001,0.854876471307975,0.982549227741094,0.0353714863982203,2.19807347436995,0.229911598627286,9.56051581344225,625.128243830675,1540.11705997187,4,7,2,262,275,131.122085595342,981.240181678792,746.607669990947,2801.28637948809,2326.41890206922,52456.9350280017,,79332.5442877874
PBRM1,SMAD4,607.639418350399,2751.91039775345,976.41305897556,6415.14320957757,0.997306260508224,0.986973451753752,0.83726390596011,1.05029890376288,0.573632768812077,1.83096043473583,625.128243840397,2788.32035231746,5,24,1,245,275,223.57411421767,1275.23420800673,1795.17039913805,3998.95707973402,,8650.4726427819,,48845.7853761249
PBRM1,TP53,711.395315058028,1450.0483640685,0.001,4945.99442970675,0.964228079498618,0.913621960375686,0.782709167353264,2.08973027089989,1.4032204754146,1.48923872442957,625.128243832221,1485.32595522854,4,60,2,209,275,282.679704037938,1442.0170191204,1112.63869065216,1850.02393965789,,3523.46531724214,770.973314063612,19101.3769869251
PIK3CA,POLE,1105.2216968171,156.439563774167,0.001,7680.55074115224,0.97274215616267,0.670748154143315,0.0244457983461766,1.94639463226977,0.175910900796402,11.0646618456153,1098.47924322345,306.908387719616,9,2,2,262,275,573.851137216621,1893.02553665503,26.0128678894706,483.095914014994,,67626.4009413114,1233.93413477565,26265.5145564976
PIK3CA,PTPRT,1095.08051803916,120.05088196776,1475.25774362135,2826.63940412228,1,1,0.0601263711798814,2.00650086068926,0.264782140840072,7.57793125443905,1098.47924324634,171.695159064481,9,4,2,260,275,563.052019265222,1884.17454541643,37.2919416049023,278.594389753525,,57889.1209760775,322.447979425843,9991.60178696622
PIK3CA,RASA1,1106.55095376053,289.461672552896,0.001,8320.92009647224,0.995076753125947,0.980481507006948,0.0491797233597302,2.18083585357814,0.264643160343445,8.24066584886578,1098.47924322749,427.203443257959,9,4,2,260,275,574.551869281389,1895.31540010114,89.8603917418835,672.488783734072,,56194.4850719893,1335.64947772372,28536.3191386548
PIK3CA,ROS1,1106.69787076128,349.511651145857,0.001,9895.85905112781,0.995948630448736,0.990856979110297,0.0501921697106146,2.11864675711817,0.253662130051779,8.35223908545474,1098.47924322749,515.737306274832,9,4,2,260,275,574.623263273994,1895.55594950502,108.502505677242,811.986103631285,,56758.3855084337,1594.1715520278,33534.205049624
PIK3CA,SF3B1,807.478277096815,1570.03996142306,25115.8510341868,0.001,0.490744579540934,0.946444201432272,0.00840650179862776,3.40721299019923,0.410268812705334,8.30483060053211,1098.47924323694,1540.1170599399,8,6,3,258,275,368.984784137611,1503.20231286052,754.374430925441,2830.59856231202,5820.3856135585,79146.4129773129,,34759.8882820895
PIK3CA,SMAD4,967.137651971165,2820.56459474942,3622.8752248111,1258.83760026117,0.9548174096972,0.997592742292881,0.688315027695872,1.99141997505064,1.09091305143274,1.82546168316093,1098.47924324249,2788.32035226399,9,23,2,241,275,465.006101641159,1742.04497154109,1846.04206159797,4087.12625105476,244.832828076451,12480.2335338284,,24276.1002504212
PIK3CA,TP53,1250.52187736328,1440.58580995841,0.001,3574.78437420977,0.982548717999525,0.974825779353508,0.935069674670697,2.98833293196547,2.55922390892297,1.16767154352786,1098.47924322624,1485.32595520042,8,59,3,205,275,649.128886394473,2142.77278530174,1102.75565548753,1841.7050367976,,3881.21549144221,851.34754004923,10368.3478636609
POLE,PTPRT,77.0825677795881,172.114843708249,38634.5917072048,0.001,0.258457224680166,0.997995260068426,2.6428404190215e-05,3.26106806657467,0.0908535566920125,35.8936753310547,306.908387719662,171.695159064619,1,3,3,268,275,4.39830570316934,339.40782715338,68.4076459816082,348.785680866537,8354.06397702676,158908.427534585,,82098.9011985288
POLE,RASA1,154.66190901043,430.809347436777,17787.044655837,0.001,0.324848887183064,0.966839675537304,0.00523086140936456,2.0388529289477,0.0936058845843102,21.7812473863362,306.908387719662,427.20344325818,2,4,2,267,275,25.7164436762,477.576261504531,171.227711443419,873.090518361152,2746.77377695707,71575.4272190709,,29376.8367073225
POLE,ROS1,77.0887710227696,517.308626098473,38240.5872461415,0.001,0.261226348599293,0.994166393849081,2.64510128625958e-05,3.213674295219,0.0897214395921222,35.8183541172378,306.908387719662,515.737306274832,1,3,3,268,275,4.39856261148275,339.427574503818,205.60510969219,1048.2954806586,8332.79539374216,153791.751933282,,193857.846817603
POLE,SF3B1,77.4983504310616,1547.89172349323,20033.3950743425,0.001,0.288248400241289,0.973020137988603,0.000138828659234826,3.49605654683968,0.150972598951356,23.156894503526,306.908387719662,1540.11705995227,1,6,3,265,275,4.42197936943106,341.237064144862,743.780730862071,2790.64604846386,4660.02036299696,62422.1440714602,,235236.160857613
POLE,SMAD4,323.471129666344,2815.03902238324,0.001,0.001,0.811272074230019,0.792969484616315,0.643363654560341,7.28667118872484e-07,0.389095845911825,1.87271883400578e-06,306.908387720695,2788.32035226472,4,25,0,246,275,100.414731076626,751.54347870716,1850.42035386808,4068.20976894433,,2928.68374472032,,25218.7745302913
POLE,TP53,262.828972225204,1498.42657045393,617.477418307304,0.001,0.918547161462605,0.914453619545922,0.913106069702463,0.964321907384734,0.917009131154772,1.05159466206229,306.908387718428,1485.32595522732,3,61,1,210,275,65.3536602473679,681.736575171914,1154.89462551125,1904.59955916697,35.1408624322917,2744.91626487441,,10099.5526730277
PTPRT,RASA1,115.601388192419,431.829437866714,5220.78696793217,0.001,0.90785872398041,0.984561399528347,0.0240235296811316,1.81944147426067,0.158168251011963,11.5032028401393,171.695159064891,427.203443260987,4,4,2,265,275,35.8871227914133,268.569245040542,171.625591122817,875.122801146174,790.804294251469,22404.4179731774,,27195.9246484012
PTPRT,ROS1,150.310508614485,327.329501009989,3154.48791201053,24133.5979125338,0.962216913938385,0.810366656892019,0.000439821478960103,2.84382911176768,0.14930937866537,19.0465537877646,171.695159064827,515.737306273529,3,3,3,266,275,48.8938676379519,326.754784827312,83.7985267733465,816.158202608625,,25816.0190163986,1344.86900019417,109756.75130881
PTPRT,SF3B1,156.898856421773,1129.26727807297,1653.86723904162,74613.2637153662,0.971164550122123,0.645480277796442,0.000755243990683395,3.37549228687983,0.208379957611966,16.1987377556026,171.695159064916,1540.11706000317,3,6,3,263,275,53.8717469662644,334.325938997468,451.509466753679,2270.24790285216,,14660.635577594,8251.31358146838,341610.642744395
PTPRT,SMAD4,180.250384692129,2702.69264021347,0.001,11204.0926915114,0.972297720894372,0.930526321371248,0.802657077806739,1.079558635607,0.57735532162059,1.86983404357783,171.695159065113,2788.32035232943,5,24,1,245,275,71.6352973829095,365.314230278124,1760.20973554312,3933.69657228837,,1996.47482904874,618.122384754216,57462.1565496592
PTPRT,TP53,130.133645248937,1501.52659461609,472.937880286501,0.001,0.856825228402819,0.917734166081796,0.784276861354401,2.04704427391523,1.43377296630653,1.42773250857736,171.695159064348,1485.32595521222,4,60,2,209,275,40.3905358215416,302.393352806888,1157.33231322065,1908.66010457338,78.2664706753672,1478.78561220557,,9111.59487233558
RASA1,ROS1,214.841480345778,518.837475033685,29173.4176712545,0.001,0.950246706354456,0.993257185675082,0.000430342588384138,2.9340172942488,0.148043842066481,19.8185703187251,427.203443261151,515.737306275309,3,3,3,266,275,53.4275112402945,557.130961718332,206.211239381838,1051.40034227443,5809.77493238853,130850.973932849,,54752.9797822372
RASA1,SF3B1,298.872884605303,1527.7559533126,8851.0657087148,2988.74475401695,1,1,0.0407773280359595,1.99920822762642,0.217603264045551,9.18739999785998,427.20344325818,1540.11705996763,4,7,2,262,275,92.8601355905603,693.319381467515,722.330313957495,2773.17399221075,907.949959169351,34159.9259323089,,103557.060422643
RASA1,SMAD4,380.062848133529,2804.38656030892,1415.82262944428,1114.15356298501,1,1,0.841128894205827,1.03218061944537,0.563786004947896,1.83080213128165,427.2034432594,2788.32035230697,5,24,1,245,275,136.36925901126,816.168667242827,1839.92035488772,4057.46811439316,,6920.79784367733,,43566.759802744
RASA1,TP53,321.491182104014,1500.16222985498,1237.44955404507,0.001,0.875561835095399,0.942944445795376,0.770651950752367,2.14198035481419,1.43030864364936,1.49756513345891,427.203443260959,1485.32595522235,4,60,2,209,275,99.7910435172587,747.075515540912,1156.23722000643,1906.79641174122,204.731716201862,3870.73888716507,,9990.85124247672
ROS1,SF3B1,521.482260390292,1031.23137363372,0.001,90661.6844157558,0.997126579549924,0.486584527593017,0.000692583386860865,3.25361031428309,0.204616869023091,15.9009876840404,515.737306277489,1540.11705997909,3,6,3,263,275,207.262082415933,1056.76608820018,409.865093728836,2089.71878428835,,32337.4495834967,19527.2085084871,369108.105293393
ROS1,SMAD4,541.769571179623,2822.95692481954,0.001,0.001,0.74577281009913,0.740336352791318,0.552197183156491,6.70175138418883e-07,0.56071024249338,1.19522542595037e-06,515.737306273906,2788.3203522197,6,25,0,244,275,215.312596538174,1097.97752032613,1855.60938374761,4079.66173147788,,3499.80831811417,,18855.1999849024
ROS1,TP53,291.837540554209,1497.22147414227,2187.18940797157,0.001,0.799004570250739,0.942229757853778,0.325955877445909,3.04226897418747,1.40111612571141,2.17131822149487,515.737306274972,1485.32595522596,3,59,3,210,275,72.5678255199263,756.953172212147,1153.98206171747,1903.02870909683,540.616718004256,5748.1033891166,,13686.4210570172
SF3B1,SMAD4,1627.61021343147,2838.21527334328,0.001,0.001,0.610849569957483,0.650529914997025,0.397495487866164,4.78505870385448e-07,0.897065654562467,5.33412318208564e-07,1540.11705996893,2788.32035235757,9,25,0,241,275,781.980182918194,2934.71182284514,1865.6163363471,4101.82045013394,,6235.88328754375,,12965.881107441
SF3B1,TP53,1766.89137249943,1461.86482725732,0.001,2762.03285574987,0.940810431930643,0.949565101501875,0.936140386268757,1.97882178133681,2.08214297562417,0.950377473834913,1540.11705993054,1485.32595521283,7,60,2,206,275,848.709417479972,3186.74806051982,1121.67388749252,1865.29059711228,,5445.80386833464,442.224674478136,9574.7226012517
SMAD4,TP53,3149.76396136938,1292.07712953036,0.001,5883.73442899603,0.881561699697605,0.751888973314375,0.131888682324625,9.81303867410826,5.70927426819097,1.71878915132546,2788.32035227604,1485.32595522439,15,52,10,198,275,2069.59966602846,4554.39515013041,971.213244342635,1677.32590926152,,6603.6873118368,2797.77252941842,11341.9822736151
